solid OpenSCAD_Model
  facet normal -0.25676 -0.126216 0.958198
    outer loop
      vertex -2.79579 -31.4849 20.0365
      vertex -2.79579 -31.1 20.0872
      vertex -3.17402 -31.4587 19.9386
    endloop
  endfacet
  facet normal 0.49684 -0.688416 0.528425
    outer loop
      vertex 9.02743 -32.1306 19.195
      vertex 8.68831 -32.0799 19.5799
      vertex 8.68831 -32.3002 19.2929
    endloop
  endfacet
  facet normal 0.496785 -0.11328 -0.860449
    outer loop
      vertex 9.02743 -31.1 0.309971
      vertex 9.02743 -31.408 0.35052
      vertex 8.68831 -31.4587 0.161402
    endloop
  endfacet
  facet normal -0.25688 -0.126084 0.958183
    outer loop
      vertex -3.17402 -31.4587 19.9386
      vertex -2.79579 -31.1 20.0872
      vertex -3.17402 -31.1 19.9858
    endloop
  endfacet
  facet normal 0.256874 -0.958184 -0.126091
    outer loop
      vertex 8.68831 -32.4858 1.5
      vertex 8.31007 -32.5872 1.5
      vertex 8.68831 -32.4386 1.14132
    endloop
  endfacet
  facet normal 0 -0.130594 0.991436
    outer loop
      vertex -2.79579 -31.1 20.0872
      vertex 8.31007 -31.4849 20.0365
      vertex 8.31007 -31.1 20.0872
    endloop
  endfacet
  facet normal 0 -0.130594 0.991436
    outer loop
      vertex 8.31007 -31.4849 20.0365
      vertex -2.79579 -31.1 20.0872
      vertex -2.79579 -31.4849 20.0365
    endloop
  endfacet
  facet normal 0 0 -1
    outer loop
      vertex -2.5 30.3372 0.0128336
      vertex -2.79579 30.3372 0.0128336
      vertex -2.5 31 0.0128336
    endloop
  endfacet
  facet normal 0 0 -1
    outer loop
      vertex 0.599999 31 0.0128336
      vertex 8.31007 30.3372 0.0128336
      vertex 0.599999 30.3372 0.0128336
    endloop
  endfacet
  facet normal 0 0 -1
    outer loop
      vertex 8.31007 30.3372 0.0128336
      vertex 0.599999 31 0.0128336
      vertex 8.31007 31.1 0.0128336
    endloop
  endfacet
  facet normal 0 0 -1
    outer loop
      vertex -2.79579 31.1 0.0128336
      vertex 0.599999 31 0.0128336
      vertex -2.5 31 0.0128336
    endloop
  endfacet
  facet normal 0 0 -1
    outer loop
      vertex 0.599999 31 0.0128336
      vertex -2.79579 31.1 0.0128336
      vertex 8.31007 31.1 0.0128336
    endloop
  endfacet
  facet normal 0 0 -1
    outer loop
      vertex -2.79579 31.1 0.0128336
      vertex -2.5 31 0.0128336
      vertex -2.79579 30.3372 0.0128336
    endloop
  endfacet
  facet normal 0 0 -1
    outer loop
      vertex 8.31007 -31.1 0.0128336
      vertex 0.599999 -31 0.0128336
      vertex 8.31007 -30.3372 0.0128336
    endloop
  endfacet
  facet normal 0 0 -1
    outer loop
      vertex -2.79579 -31.1 0.0128336
      vertex 0.599999 -31 0.0128336
      vertex 8.31007 -31.1 0.0128336
    endloop
  endfacet
  facet normal -0 0 -1
    outer loop
      vertex 0.599999 -31 0.0128336
      vertex -2.79579 -31.1 0.0128336
      vertex -2.5 -31 0.0128336
    endloop
  endfacet
  facet normal 0 0 -1
    outer loop
      vertex -2.79579 -30.3372 0.0128336
      vertex -2.5 -31 0.0128336
      vertex -2.79579 -31.1 0.0128336
    endloop
  endfacet
  facet normal 0 0 -1
    outer loop
      vertex -2.5 -31 0.0128336
      vertex -2.79579 -30.3372 0.0128336
      vertex -2.5 -30.3372 0.0128336
    endloop
  endfacet
  facet normal -0 0 -1
    outer loop
      vertex 8.31007 -30.3372 0.0128336
      vertex 0.599999 -31 0.0128336
      vertex 0.599999 -30.3372 0.0128336
    endloop
  endfacet
  facet normal -0.258947 0 0.965892
    outer loop
      vertex -3.17402 31.1 19.9858
      vertex -2.79579 -31.1 20.0872
      vertex -2.79579 31.1 20.0872
    endloop
  endfacet
  facet normal -0.258947 0 0.965892
    outer loop
      vertex -2.79579 -31.1 20.0872
      vertex -3.17402 31.1 19.9858
      vertex -3.17402 -31.1 19.9858
    endloop
  endfacet
  facet normal 0 0.793401 -0.608699
    outer loop
      vertex 8.31007 32.1516 0.448415
      vertex -2.79579 32.3879 0.756417
      vertex 8.31007 32.3879 0.756417
    endloop
  endfacet
  facet normal 0 0.793401 -0.608699
    outer loop
      vertex -2.79579 32.3879 0.756417
      vertex 8.31007 32.1516 0.448415
      vertex -2.79579 32.1516 0.448415
    endloop
  endfacet
  facet normal 0.25894 0 0.965893
    outer loop
      vertex 8.31007 31.1 20.0872
      vertex 8.68831 -31.1 19.9858
      vertex 8.68831 31.1 19.9858
    endloop
  endfacet
  facet normal 0.25894 0 0.965893
    outer loop
      vertex 8.68831 -31.1 19.9858
      vertex 8.31007 31.1 20.0872
      vertex 8.31007 -31.1 20.0872
    endloop
  endfacet
  facet normal -0.256737 -0.369902 0.892893
    outer loop
      vertex -2.79579 -31.8436 19.8879
      vertex -2.79579 -31.4849 20.0365
      vertex -3.17402 -31.4587 19.9386
    endloop
  endfacet
  facet normal -0.864107 -0.0656751 0.499004
    outer loop
      vertex -3.79003 -31.3363 19.482
      vertex -3.79003 -31.1 19.5131
      vertex -3.98582 -31.2486 19.1545
    endloop
  endfacet
  facet normal -0.496654 -0.528293 0.688652
    outer loop
      vertex -3.17402 -32.0799 19.5799
      vertex -3.51314 -31.695 19.6306
      vertex -3.51314 -31.9415 19.4415
    endloop
  endfacet
  facet normal -0.49684 0.528425 0.688416
    outer loop
      vertex -3.51314 31.695 19.6306
      vertex -3.17402 31.7929 19.8002
      vertex -3.17402 32.0799 19.5799
    endloop
  endfacet
  facet normal -0.25676 0.126216 0.958198
    outer loop
      vertex -3.17402 31.4587 19.9386
      vertex -2.79579 31.1 20.0872
      vertex -2.79579 31.4849 20.0365
    endloop
  endfacet
  facet normal -0.70407 0.432327 -0.563363
    outer loop
      vertex -3.79003 31.5566 0.709196
      vertex -3.79003 31.7457 0.854312
      vertex -3.51314 31.9415 0.658523
    endloop
  endfacet
  facet normal -0.70712 0 0.707094
    outer loop
      vertex -3.79003 -31.1 19.5131
      vertex -3.51314 31.1 19.79
      vertex -3.79003 31.1 19.5131
    endloop
  endfacet
  facet normal -0.70712 0 0.707094
    outer loop
      vertex -3.51314 31.1 19.79
      vertex -3.79003 -31.1 19.5131
      vertex -3.51314 -31.1 19.79
    endloop
  endfacet
  facet normal -0.25688 0.126084 0.958183
    outer loop
      vertex -3.17402 31.1 19.9858
      vertex -2.79579 31.1 20.0872
      vertex -3.17402 31.4587 19.9386
    endloop
  endfacet
  facet normal 0.864119 0.0656726 0.498985
    outer loop
      vertex 9.30432 31.3363 19.482
      vertex 9.30432 31.1 19.5131
      vertex 9.5001 31.2486 19.1545
    endloop
  endfacet
  facet normal -0.496778 -0.113272 -0.860454
    outer loop
      vertex -3.17402 -31.4587 0.161402
      vertex -3.51314 -31.1 0.309971
      vertex -3.17402 -31.1 0.114182
    endloop
  endfacet
  facet normal 0.25675 -0.126152 -0.958209
    outer loop
      vertex 8.31007 -31.1 0.0128336
      vertex 8.68831 -31.1 0.114182
      vertex 8.31007 -31.4849 0.0635071
    endloop
  endfacet
  facet normal 0.965337 -0.206766 0.159286
    outer loop
      vertex 9.60145 -31.2384 18.7384
      vertex 9.5001 -31.5971 18.887
      vertex 9.60145 -31.2696 18.6979
    endloop
  endfacet
  facet normal -0.496802 0.113223 0.860447
    outer loop
      vertex -3.51314 31.1 19.79
      vertex -3.17402 31.1 19.9858
      vertex -3.17402 31.4587 19.9386
    endloop
  endfacet
  facet normal -0.704083 0.092579 0.704057
    outer loop
      vertex -3.79003 31.1 19.5131
      vertex -3.51314 31.1 19.79
      vertex -3.51314 31.408 19.7495
    endloop
  endfacet
  facet normal 0.256656 0.588312 0.766822
    outer loop
      vertex 8.31007 32.1516 19.6516
      vertex 8.31007 31.8436 19.8879
      vertex 8.68831 31.7929 19.8002
    endloop
  endfacet
  facet normal -0 0.130594 0.991436
    outer loop
      vertex -2.79579 31.4849 20.0365
      vertex 8.31007 31.1 20.0872
      vertex 8.31007 31.4849 20.0365
    endloop
  endfacet
  facet normal 0 0.130594 0.991436
    outer loop
      vertex 8.31007 31.1 20.0872
      vertex -2.79579 31.4849 20.0365
      vertex -2.79579 31.1 20.0872
    endloop
  endfacet
  facet normal -0.864179 0.399204 0.306317
    outer loop
      vertex -3.98582 31.5971 18.887
      vertex -3.79003 31.7457 19.2457
      vertex -3.79003 31.8908 19.0566
    endloop
  endfacet
  facet normal -0.256622 -0.369799 0.892969
    outer loop
      vertex -2.79579 -31.8436 19.8879
      vertex -3.17402 -31.4587 19.9386
      vertex -3.17402 -31.7929 19.8002
    endloop
  endfacet
  facet normal -0.704068 0.563408 -0.432272
    outer loop
      vertex -3.79003 31.7457 0.854312
      vertex -3.79003 31.8908 1.04343
      vertex -3.51314 31.9415 0.658523
    endloop
  endfacet
  facet normal -0.25677 0.958196 -0.126213
    outer loop
      vertex -3.17402 32.4386 1.14132
      vertex -2.79579 32.5872 1.5
      vertex -2.79579 32.5365 1.11509
    endloop
  endfacet
  facet normal -0.256778 -0.369832 -0.892911
    outer loop
      vertex -2.79579 -31.8436 0.212076
      vertex -3.17402 -31.7929 0.299846
      vertex -2.79579 -31.4849 0.0635071
    endloop
  endfacet
  facet normal -0.704029 -0.432286 -0.563447
    outer loop
      vertex -3.51314 -31.9415 0.658523
      vertex -3.79003 -31.5566 0.709196
      vertex -3.51314 -31.695 0.469404
    endloop
  endfacet
  facet normal 0.965374 -0.206991 0.158769
    outer loop
      vertex 9.60145 -31.2384 18.7384
      vertex 9.5001 -31.5059 19.0059
      vertex 9.5001 -31.5971 18.887
    endloop
  endfacet
  facet normal -0.256881 -0.588463 0.766631
    outer loop
      vertex -2.79579 -32.1516 19.6516
      vertex -3.17402 -31.7929 19.8002
      vertex -3.17402 -32.0799 19.5799
    endloop
  endfacet
  facet normal 0 -1 0
    outer loop
      vertex -2.79579 -32.5872 1.5
      vertex 8.31007 -32.5872 18.6
      vertex -2.79579 -32.5872 18.6
    endloop
  endfacet
  facet normal 0 -1 -0
    outer loop
      vertex 8.31007 -32.5872 18.6
      vertex -2.79579 -32.5872 1.5
      vertex 8.31007 -32.5872 1.5
    endloop
  endfacet
  facet normal 0.496723 0.528302 -0.688595
    outer loop
      vertex 8.68831 32.0799 0.520079
      vertex 9.02743 31.9415 0.658523
      vertex 9.02743 31.695 0.469404
    endloop
  endfacet
  facet normal 0.70407 0.432327 -0.563363
    outer loop
      vertex 9.02743 31.9415 0.658523
      vertex 9.30432 31.7457 0.854312
      vertex 9.30432 31.5566 0.709196
    endloop
  endfacet
  facet normal 0 -0.991436 -0.130591
    outer loop
      vertex -2.79579 -32.5365 1.11509
      vertex 8.31007 -32.5872 1.5
      vertex -2.79579 -32.5872 1.5
    endloop
  endfacet
  facet normal 0 -0.991436 -0.130591
    outer loop
      vertex 8.31007 -32.5872 1.5
      vertex -2.79579 -32.5365 1.11509
      vertex 8.31007 -32.5365 1.11509
    endloop
  endfacet
  facet normal 0.864164 -0.306302 -0.399248
    outer loop
      vertex 9.5001 -31.387 1.00288
      vertex 9.5001 -31.5059 1.0941
      vertex 9.30432 -31.7457 0.854312
    endloop
  endfacet
  facet normal 0.866036 0 -0.499982
    outer loop
      vertex 9.5001 -31.1 0.925976
      vertex 9.30432 31.1 0.586859
      vertex 9.5001 31.1 0.925976
    endloop
  endfacet
  facet normal 0.866036 0 -0.499982
    outer loop
      vertex 9.30432 31.1 0.586859
      vertex 9.5001 -31.1 0.925976
      vertex 9.30432 -31.1 0.586859
    endloop
  endfacet
  facet normal 0.70406 -0.092692 -0.704065
    outer loop
      vertex 9.02743 -31.1 0.309971
      vertex 9.30432 -31.1 0.586859
      vertex 9.02743 -31.408 0.35052
    endloop
  endfacet
  facet normal -0.704067 -0.0927043 -0.704057
    outer loop
      vertex -3.51314 -31.408 0.35052
      vertex -3.79003 -31.3363 0.617973
      vertex -3.79003 -31.1 0.586859
    endloop
  endfacet
  facet normal 0.704083 -0.704057 0.092579
    outer loop
      vertex 9.30432 -32.0131 18.6
      vertex 9.02743 -32.2495 18.908
      vertex 9.02743 -32.29 18.6
    endloop
  endfacet
  facet normal -0.965354 0.0341866 0.258695
    outer loop
      vertex -4.08717 31.1 18.7958
      vertex -3.98582 31.1 19.174
      vertex -4.08717 31.1507 18.7891
    endloop
  endfacet
  facet normal -0.704051 0.271803 0.656076
    outer loop
      vertex -3.79003 31.5566 19.3908
      vertex -3.51314 31.408 19.7495
      vertex -3.51314 31.695 19.6306
    endloop
  endfacet
  facet normal 0 -0.92386 0.382731
    outer loop
      vertex -2.79579 -32.5365 18.9849
      vertex 8.31007 -32.3879 19.3436
      vertex -2.79579 -32.3879 19.3436
    endloop
  endfacet
  facet normal 0 -0.92386 0.382731
    outer loop
      vertex 8.31007 -32.3879 19.3436
      vertex -2.79579 -32.5365 18.9849
      vertex 8.31007 -32.5365 18.9849
    endloop
  endfacet
  facet normal 0.256656 -0.588312 0.766822
    outer loop
      vertex 8.68831 -31.7929 19.8002
      vertex 8.31007 -31.8436 19.8879
      vertex 8.31007 -32.1516 19.6516
    endloop
  endfacet
  facet normal 0.866025 -0.500001 0
    outer loop
      vertex 9.30432 -32.0131 18.6
      vertex 9.5001 -31.674 1.5
      vertex 9.5001 -31.674 18.6
    endloop
  endfacet
  facet normal 0.866025 -0.500001 0
    outer loop
      vertex 9.5001 -31.674 1.5
      vertex 9.30432 -32.0131 18.6
      vertex 9.30432 -32.0131 1.5
    endloop
  endfacet
  facet normal 0.96537 0.258666 -0.0339502
    outer loop
      vertex 9.5001 31.6545 1.35143
      vertex 9.5001 31.674 1.5
      vertex 9.60145 31.2891 1.44933
    endloop
  endfacet
  facet normal 0.704116 0.704015 -0.0926414
    outer loop
      vertex 9.02743 32.2495 1.192
      vertex 9.30432 32.0131 1.5
      vertex 9.30432 31.982 1.26366
    endloop
  endfacet
  facet normal -0.256597 0.892986 -0.369774
    outer loop
      vertex -3.17402 32.3002 0.807091
      vertex -3.17402 32.4386 1.14132
      vertex -2.79579 32.3879 0.756417
    endloop
  endfacet
  facet normal -0 0 1
    outer loop
      vertex -2.79579 31.1 20.0872
      vertex 8.31007 -31.1 20.0872
      vertex 8.31007 31.1 20.0872
    endloop
  endfacet
  facet normal 0 0 1
    outer loop
      vertex 8.31007 -31.1 20.0872
      vertex -2.79579 31.1 20.0872
      vertex -2.79579 -31.1 20.0872
    endloop
  endfacet
  facet normal -0.496802 -0.113223 0.860447
    outer loop
      vertex -3.17402 -31.4587 19.9386
      vertex -3.17402 -31.1 19.9858
      vertex -3.51314 -31.1 19.79
    endloop
  endfacet
  facet normal -0.500017 0 0.866015
    outer loop
      vertex -3.51314 31.1 19.79
      vertex -3.17402 -31.1 19.9858
      vertex -3.17402 31.1 19.9858
    endloop
  endfacet
  facet normal -0.500017 0 0.866015
    outer loop
      vertex -3.17402 -31.1 19.9858
      vertex -3.51314 31.1 19.79
      vertex -3.51314 -31.1 19.79
    endloop
  endfacet
  facet normal -0.866014 0 0.50002
    outer loop
      vertex -3.98582 -31.1 19.174
      vertex -3.79003 31.1 19.5131
      vertex -3.98582 31.1 19.174
    endloop
  endfacet
  facet normal -0.866014 0 0.50002
    outer loop
      vertex -3.79003 31.1 19.5131
      vertex -3.98582 -31.1 19.174
      vertex -3.79003 -31.1 19.5131
    endloop
  endfacet
  facet normal -0.256881 0.766631 0.588463
    outer loop
      vertex -3.17402 32.0799 19.5799
      vertex -2.79579 32.1516 19.6516
      vertex -3.17402 32.3002 19.2929
    endloop
  endfacet
  facet normal 0.496852 0.332044 0.801801
    outer loop
      vertex 8.68831 31.7929 19.8002
      vertex 8.68831 31.4587 19.9386
      vertex 9.02743 31.695 19.6306
    endloop
  endfacet
  facet normal -0.49684 -0.688416 0.528425
    outer loop
      vertex -3.17402 -32.3002 19.2929
      vertex -3.17402 -32.0799 19.5799
      vertex -3.51314 -32.1306 19.195
    endloop
  endfacet
  facet normal -0.866025 0 -0.500001
    outer loop
      vertex -3.79003 -31.1 0.586859
      vertex -3.98582 31.1 0.925976
      vertex -3.79003 31.1 0.586859
    endloop
  endfacet
  facet normal -0.866025 -0 -0.500001
    outer loop
      vertex -3.98582 31.1 0.925976
      vertex -3.79003 -31.1 0.586859
      vertex -3.98582 -31.1 0.925976
    endloop
  endfacet
  facet normal -0.256622 -0.892969 0.369799
    outer loop
      vertex -3.17402 -32.4386 18.9587
      vertex -2.79579 -32.3879 19.3436
      vertex -3.17402 -32.3002 19.2929
    endloop
  endfacet
  facet normal -0.864153 -0.399283 -0.306289
    outer loop
      vertex -3.79003 -31.7457 0.854312
      vertex -3.98582 -31.5971 1.21299
      vertex -3.98582 -31.5059 1.0941
    endloop
  endfacet
  facet normal -0.496852 -0.332044 0.801801
    outer loop
      vertex -3.17402 -31.7929 19.8002
      vertex -3.17402 -31.4587 19.9386
      vertex -3.51314 -31.695 19.6306
    endloop
  endfacet
  facet normal -0.49684 -0.528425 0.688416
    outer loop
      vertex -3.17402 -32.0799 19.5799
      vertex -3.17402 -31.7929 19.8002
      vertex -3.51314 -31.695 19.6306
    endloop
  endfacet
  facet normal -0.96537 -0.0339436 0.258668
    outer loop
      vertex -3.98582 -31.2486 19.1545
      vertex -3.98582 -31.1 19.174
      vertex -4.08717 -31.1507 18.7891
    endloop
  endfacet
  facet normal -0.864156 -0.0654742 0.498947
    outer loop
      vertex -3.98582 -31.2486 19.1545
      vertex -3.79003 -31.1 19.5131
      vertex -3.98582 -31.1 19.174
    endloop
  endfacet
  facet normal 0 0.991436 -0.130591
    outer loop
      vertex 8.31007 32.5365 1.11509
      vertex -2.79579 32.5872 1.5
      vertex 8.31007 32.5872 1.5
    endloop
  endfacet
  facet normal 0 0.991436 -0.130591
    outer loop
      vertex -2.79579 32.5872 1.5
      vertex 8.31007 32.5365 1.11509
      vertex -2.79579 32.5365 1.11509
    endloop
  endfacet
  facet normal 0.864166 0.0656665 -0.498903
    outer loop
      vertex 9.30432 31.1 0.586859
      vertex 9.5001 31.2486 0.945535
      vertex 9.5001 31.1 0.925976
    endloop
  endfacet
  facet normal 0 0.382663 -0.923888
    outer loop
      vertex -2.79579 31.4849 0.0635071
      vertex 8.31007 31.8436 0.212076
      vertex 8.31007 31.4849 0.0635071
    endloop
  endfacet
  facet normal 0 0.382663 -0.923888
    outer loop
      vertex 8.31007 31.8436 0.212076
      vertex -2.79579 31.4849 0.0635071
      vertex -2.79579 31.8436 0.212076
    endloop
  endfacet
  facet normal 0 0.130527 -0.991445
    outer loop
      vertex -2.79579 31.1 0.0128336
      vertex 8.31007 31.4849 0.0635071
      vertex 8.31007 31.1 0.0128336
    endloop
  endfacet
  facet normal 0 0.130527 -0.991445
    outer loop
      vertex 8.31007 31.4849 0.0635071
      vertex -2.79579 31.1 0.0128336
      vertex -2.79579 31.4849 0.0635071
    endloop
  endfacet
  facet normal -0.70712 0.707094 0
    outer loop
      vertex -3.79003 32.0131 1.5
      vertex -3.51314 32.29 18.6
      vertex -3.51314 32.29 1.5
    endloop
  endfacet
  facet normal -0.70712 0.707094 0
    outer loop
      vertex -3.51314 32.29 18.6
      vertex -3.79003 32.0131 1.5
      vertex -3.79003 32.0131 18.6
    endloop
  endfacet
  facet normal -0.496749 0.801816 -0.332163
    outer loop
      vertex -3.51314 32.1306 0.904985
      vertex -3.51314 32.2495 1.192
      vertex -3.17402 32.4386 1.14132
    endloop
  endfacet
  facet normal 0 -0.608765 -0.79335
    outer loop
      vertex -2.79579 -32.1516 0.448415
      vertex 8.31007 -31.8436 0.212076
      vertex 8.31007 -32.1516 0.448415
    endloop
  endfacet
  facet normal -0 -0.608765 -0.79335
    outer loop
      vertex 8.31007 -31.8436 0.212076
      vertex -2.79579 -32.1516 0.448415
      vertex -2.79579 -31.8436 0.212076
    endloop
  endfacet
  facet normal 0.25894 -0.965893 0
    outer loop
      vertex 8.31007 -32.5872 1.5
      vertex 8.68831 -32.4858 18.6
      vertex 8.31007 -32.5872 18.6
    endloop
  endfacet
  facet normal 0.25894 -0.965893 0
    outer loop
      vertex 8.68831 -32.4858 18.6
      vertex 8.31007 -32.5872 1.5
      vertex 8.68831 -32.4858 1.5
    endloop
  endfacet
  facet normal -0.866014 -0.50002 0
    outer loop
      vertex -3.79003 -32.0131 1.5
      vertex -3.98582 -31.674 18.6
      vertex -3.98582 -31.674 1.5
    endloop
  endfacet
  facet normal -0.866014 -0.50002 0
    outer loop
      vertex -3.98582 -31.674 18.6
      vertex -3.79003 -32.0131 1.5
      vertex -3.79003 -32.0131 18.6
    endloop
  endfacet
  facet normal -0.496783 -0.33215 -0.8018
    outer loop
      vertex -3.17402 -31.7929 0.299846
      vertex -3.51314 -31.695 0.469404
      vertex -3.17402 -31.4587 0.161402
    endloop
  endfacet
  facet normal 0.864168 -0.306257 0.399276
    outer loop
      vertex 9.5001 -31.387 19.0971
      vertex 9.30432 -31.7457 19.2457
      vertex 9.5001 -31.5059 19.0059
    endloop
  endfacet
  facet normal -0.496762 0.332175 0.801802
    outer loop
      vertex -3.51314 31.408 19.7495
      vertex -3.17402 31.4587 19.9386
      vertex -3.51314 31.695 19.6306
    endloop
  endfacet
  facet normal -0.496743 0.113149 0.860491
    outer loop
      vertex -3.51314 31.1 19.79
      vertex -3.17402 31.4587 19.9386
      vertex -3.51314 31.408 19.7495
    endloop
  endfacet
  facet normal 0.256754 -0.126216 0.9582
    outer loop
      vertex 8.68831 -31.4587 19.9386
      vertex 8.31007 -31.1 20.0872
      vertex 8.31007 -31.4849 20.0365
    endloop
  endfacet
  facet normal 0 -0.382731 0.92386
    outer loop
      vertex -2.79579 -31.4849 20.0365
      vertex 8.31007 -31.8436 19.8879
      vertex 8.31007 -31.4849 20.0365
    endloop
  endfacet
  facet normal 0 -0.382731 0.92386
    outer loop
      vertex 8.31007 -31.8436 19.8879
      vertex -2.79579 -31.4849 20.0365
      vertex -2.79579 -31.8436 19.8879
    endloop
  endfacet
  facet normal -0.256663 -0.588311 0.766821
    outer loop
      vertex -2.79579 -32.1516 19.6516
      vertex -2.79579 -31.8436 19.8879
      vertex -3.17402 -31.7929 19.8002
    endloop
  endfacet
  facet normal 0 -0.608702 0.793399
    outer loop
      vertex -2.79579 -31.8436 19.8879
      vertex 8.31007 -32.1516 19.6516
      vertex 8.31007 -31.8436 19.8879
    endloop
  endfacet
  facet normal 0 -0.608702 0.793399
    outer loop
      vertex 8.31007 -32.1516 19.6516
      vertex -2.79579 -31.8436 19.8879
      vertex -2.79579 -32.1516 19.6516
    endloop
  endfacet
  facet normal 0.496852 -0.801801 0.332044
    outer loop
      vertex 9.02743 -32.1306 19.195
      vertex 8.68831 -32.3002 19.2929
      vertex 8.68831 -32.4386 18.9587
    endloop
  endfacet
  facet normal 0.965918 -0 0.258847
    outer loop
      vertex 9.5001 -31.1 19.174
      vertex 9.60145 31.1 18.7958
      vertex 9.5001 31.1 19.174
    endloop
  endfacet
  facet normal 0.965918 0 0.258847
    outer loop
      vertex 9.60145 31.1 18.7958
      vertex 9.5001 -31.1 19.174
      vertex 9.60145 -31.1 18.7958
    endloop
  endfacet
  facet normal 0.965345 0.0996496 0.241203
    outer loop
      vertex 9.60145 31.1979 18.7696
      vertex 9.5001 31.387 19.0971
      vertex 9.60145 31.1507 18.7891
    endloop
  endfacet
  facet normal 0 -0.793399 0.608702
    outer loop
      vertex -2.79579 -32.3879 19.3436
      vertex 8.31007 -32.1516 19.6516
      vertex -2.79579 -32.1516 19.6516
    endloop
  endfacet
  facet normal 0 -0.793399 0.608702
    outer loop
      vertex 8.31007 -32.1516 19.6516
      vertex -2.79579 -32.3879 19.3436
      vertex 8.31007 -32.3879 19.3436
    endloop
  endfacet
  facet normal 0.965354 -0.0341866 0.258695
    outer loop
      vertex 9.60145 -31.1 18.7958
      vertex 9.5001 -31.1 19.174
      vertex 9.60145 -31.1507 18.7891
    endloop
  endfacet
  facet normal 0.96537 -0.0339436 0.258668
    outer loop
      vertex 9.60145 -31.1507 18.7891
      vertex 9.5001 -31.1 19.174
      vertex 9.5001 -31.2486 19.1545
    endloop
  endfacet
  facet normal -0.864187 0.464782 0.192764
    outer loop
      vertex -3.98582 31.5971 18.887
      vertex -3.79003 31.8908 19.0566
      vertex -3.98582 31.6545 18.7486
    endloop
  endfacet
  facet normal 0 0.92386 0.382731
    outer loop
      vertex 8.31007 32.5365 18.9849
      vertex -2.79579 32.3879 19.3436
      vertex 8.31007 32.3879 19.3436
    endloop
  endfacet
  facet normal 0 0.92386 0.382731
    outer loop
      vertex -2.79579 32.3879 19.3436
      vertex 8.31007 32.5365 18.9849
      vertex -2.79579 32.5365 18.9849
    endloop
  endfacet
  facet normal 0.496802 0.860446 -0.113229
    outer loop
      vertex 8.68831 32.4858 1.5
      vertex 9.02743 32.29 1.5
      vertex 8.68831 32.4386 1.14132
    endloop
  endfacet
  facet normal -0.965337 0.159286 0.206766
    outer loop
      vertex -4.08717 31.1979 18.7696
      vertex -3.98582 31.387 19.0971
      vertex -4.08717 31.2384 18.7384
    endloop
  endfacet
  facet normal -0.704071 0.563402 -0.432275
    outer loop
      vertex -3.51314 31.9415 0.658523
      vertex -3.79003 31.8908 1.04343
      vertex -3.51314 32.1306 0.904985
    endloop
  endfacet
  facet normal -0.864156 0.0654742 0.498947
    outer loop
      vertex -3.98582 31.1 19.174
      vertex -3.79003 31.1 19.5131
      vertex -3.98582 31.2486 19.1545
    endloop
  endfacet
  facet normal 0.704124 0.0926558 0.704006
    outer loop
      vertex 9.30432 31.3363 19.482
      vertex 9.02743 31.408 19.7495
      vertex 9.30432 31.1 19.5131
    endloop
  endfacet
  facet normal -0.965345 0.241218 -0.0996134
    outer loop
      vertex -4.08717 31.2696 1.40211
      vertex -4.08717 31.2891 1.44933
      vertex -3.98582 31.5971 1.21299
    endloop
  endfacet
  facet normal -0.965363 -0.0998723 -0.241038
    outer loop
      vertex -3.98582 -31.387 1.00288
      vertex -4.08717 -31.1507 1.31088
      vertex -3.98582 -31.2486 0.945535
    endloop
  endfacet
  facet normal -0.70406 -0.092692 -0.704065
    outer loop
      vertex -3.51314 -31.408 0.35052
      vertex -3.79003 -31.1 0.586859
      vertex -3.51314 -31.1 0.309971
    endloop
  endfacet
  facet normal -0.258824 -0 -0.965925
    outer loop
      vertex -3.17402 31.1 0.114182
      vertex -2.79579 30.3372 0.0128336
      vertex -3.17402 30.2358 0.114182
    endloop
  endfacet
  facet normal -0.258824 0 -0.965925
    outer loop
      vertex -2.79579 30.3372 0.0128336
      vertex -3.17402 31.1 0.114182
      vertex -2.79579 31.1 0.0128336
    endloop
  endfacet
  facet normal -0.258824 0 -0.965925
    outer loop
      vertex -3.17402 -31.1 0.114182
      vertex -2.79579 -30.3372 0.0128336
      vertex -2.79579 -31.1 0.0128336
    endloop
  endfacet
  facet normal -0.258824 0 -0.965925
    outer loop
      vertex -2.79579 -30.3372 0.0128336
      vertex -3.17402 -31.1 0.114182
      vertex -3.17402 -30.2358 0.114182
    endloop
  endfacet
  facet normal -0.499996 0 -0.866028
    outer loop
      vertex -3.51314 -31.1 0.309971
      vertex -3.17402 -30.2358 0.114182
      vertex -3.17402 -31.1 0.114182
    endloop
  endfacet
  facet normal -0.500001 0 -0.866025
    outer loop
      vertex -3.1815 -30.2315 0.118498
      vertex -3.51314 -31.1 0.309971
      vertex -3.1815 30.2315 0.118498
    endloop
  endfacet
  facet normal -0.499816 -9.39989e-05 -0.866131
    outer loop
      vertex -3.17402 -30.2358 0.114182
      vertex -3.51314 -31.1 0.309971
      vertex -3.1815 -30.2315 0.118498
    endloop
  endfacet
  facet normal -0.499816 9.39989e-05 -0.866131
    outer loop
      vertex -3.51314 31.1 0.309971
      vertex -3.17402 30.2358 0.114182
      vertex -3.1815 30.2315 0.118498
    endloop
  endfacet
  facet normal -0.499996 0 -0.866028
    outer loop
      vertex -3.17402 30.2358 0.114182
      vertex -3.51314 31.1 0.309971
      vertex -3.17402 31.1 0.114182
    endloop
  endfacet
  facet normal -0.500001 -0 -0.866025
    outer loop
      vertex -3.51314 31.1 0.309971
      vertex -3.1815 30.2315 0.118498
      vertex -3.51314 -31.1 0.309971
    endloop
  endfacet
  facet normal 0 -0.382663 -0.923888
    outer loop
      vertex -2.79579 -31.8436 0.212076
      vertex 8.31007 -31.4849 0.0635071
      vertex 8.31007 -31.8436 0.212076
    endloop
  endfacet
  facet normal -0 -0.382663 -0.923888
    outer loop
      vertex 8.31007 -31.4849 0.0635071
      vertex -2.79579 -31.8436 0.212076
      vertex -2.79579 -31.4849 0.0635071
    endloop
  endfacet
  facet normal -0.496785 0.11328 -0.860449
    outer loop
      vertex -3.51314 31.1 0.309971
      vertex -3.51314 31.408 0.35052
      vertex -3.17402 31.4587 0.161402
    endloop
  endfacet
  facet normal -0.256756 0.126152 -0.958208
    outer loop
      vertex -2.79579 31.1 0.0128336
      vertex -3.17402 31.1 0.114182
      vertex -2.79579 31.4849 0.0635071
    endloop
  endfacet
  facet normal -0.704124 -0.0926558 0.704006
    outer loop
      vertex -3.79003 -31.3363 19.482
      vertex -3.51314 -31.408 19.7495
      vertex -3.79003 -31.1 19.5131
    endloop
  endfacet
  facet normal -0.496802 -0.860446 -0.113229
    outer loop
      vertex -3.17402 -32.4386 1.14132
      vertex -3.17402 -32.4858 1.5
      vertex -3.51314 -32.29 1.5
    endloop
  endfacet
  facet normal -0.965354 -0.0341866 0.258695
    outer loop
      vertex -4.08717 -31.1507 18.7891
      vertex -3.98582 -31.1 19.174
      vertex -4.08717 -31.1 18.7958
    endloop
  endfacet
  facet normal -0.496738 0.860493 -0.113149
    outer loop
      vertex -3.51314 32.2495 1.192
      vertex -3.51314 32.29 1.5
      vertex -3.17402 32.4386 1.14132
    endloop
  endfacet
  facet normal 0 0.92385 -0.382755
    outer loop
      vertex 8.31007 32.3879 0.756417
      vertex -2.79579 32.5365 1.11509
      vertex 8.31007 32.5365 1.11509
    endloop
  endfacet
  facet normal 0 0.92385 -0.382755
    outer loop
      vertex -2.79579 32.5365 1.11509
      vertex 8.31007 32.3879 0.756417
      vertex -2.79579 32.3879 0.756417
    endloop
  endfacet
  facet normal -0.965345 0.241203 0.0996496
    outer loop
      vertex -4.08717 31.2696 18.6979
      vertex -3.98582 31.5971 18.887
      vertex -4.08717 31.2891 18.6507
    endloop
  endfacet
  facet normal -0.256625 0.766831 -0.588315
    outer loop
      vertex -2.79579 32.1516 0.448415
      vertex -3.17402 32.3002 0.807091
      vertex -2.79579 32.3879 0.756417
    endloop
  endfacet
  facet normal 0.965353 0.258695 -0.0342068
    outer loop
      vertex 9.5001 31.674 1.5
      vertex 9.60145 31.2958 1.5
      vertex 9.60145 31.2891 1.44933
    endloop
  endfacet
  facet normal 0.496709 0.688588 -0.528325
    outer loop
      vertex 8.68831 32.0799 0.520079
      vertex 9.02743 32.1306 0.904985
      vertex 9.02743 31.9415 0.658523
    endloop
  endfacet
  facet normal 0.500001 0 -0.866025
    outer loop
      vertex 9.02743 -31.1 0.309971
      vertex 8.69579 -30.2315 0.118498
      vertex 9.02743 31.1 0.309971
    endloop
  endfacet
  facet normal 0.499996 0 -0.866028
    outer loop
      vertex 8.68831 -30.2358 0.114182
      vertex 9.02743 -31.1 0.309971
      vertex 8.68831 -31.1 0.114182
    endloop
  endfacet
  facet normal 0.499816 -9.39989e-05 -0.866131
    outer loop
      vertex 9.02743 -31.1 0.309971
      vertex 8.68831 -30.2358 0.114182
      vertex 8.69579 -30.2315 0.118498
    endloop
  endfacet
  facet normal 0.500001 0 -0.866025
    outer loop
      vertex 8.69579 30.2315 0.118498
      vertex 9.02743 31.1 0.309971
      vertex 8.69579 -30.2315 0.118498
    endloop
  endfacet
  facet normal 0.499816 9.39989e-05 -0.866131
    outer loop
      vertex 8.68831 30.2358 0.114182
      vertex 9.02743 31.1 0.309971
      vertex 8.69579 30.2315 0.118498
    endloop
  endfacet
  facet normal 0.499996 0 -0.866028
    outer loop
      vertex 9.02743 31.1 0.309971
      vertex 8.68831 30.2358 0.114182
      vertex 8.68831 31.1 0.114182
    endloop
  endfacet
  facet normal 0.965918 -0.258847 0
    outer loop
      vertex 9.5001 -31.674 18.6
      vertex 9.60145 -31.2958 1.5
      vertex 9.60145 -31.2958 18.6
    endloop
  endfacet
  facet normal 0.965918 -0.258847 0
    outer loop
      vertex 9.60145 -31.2958 1.5
      vertex 9.5001 -31.674 18.6
      vertex 9.5001 -31.674 1.5
    endloop
  endfacet
  facet normal 0.965365 -0.0340308 -0.258675
    outer loop
      vertex 9.60145 -31.1 1.30421
      vertex 9.60145 -31.1507 1.31088
      vertex 9.5001 -31.1 0.925976
    endloop
  endfacet
  facet normal 0 -0.991436 0.130594
    outer loop
      vertex -2.79579 -32.5872 18.6
      vertex 8.31007 -32.5365 18.9849
      vertex -2.79579 -32.5365 18.9849
    endloop
  endfacet
  facet normal 0 -0.991436 0.130594
    outer loop
      vertex 8.31007 -32.5365 18.9849
      vertex -2.79579 -32.5872 18.6
      vertex 8.31007 -32.5872 18.6
    endloop
  endfacet
  facet normal -0.496762 -0.801802 0.332175
    outer loop
      vertex -3.17402 -32.4386 18.9587
      vertex -3.51314 -32.1306 19.195
      vertex -3.51314 -32.2495 18.908
    endloop
  endfacet
  facet normal -0.256764 -0.892877 -0.369923
    outer loop
      vertex -2.79579 -32.5365 1.11509
      vertex -3.17402 -32.4386 1.14132
      vertex -2.79579 -32.3879 0.756417
    endloop
  endfacet
  facet normal -0.258947 -0.965892 0
    outer loop
      vertex -3.17402 -32.4858 1.5
      vertex -2.79579 -32.5872 18.6
      vertex -3.17402 -32.4858 18.6
    endloop
  endfacet
  facet normal -0.258947 -0.965892 -0
    outer loop
      vertex -2.79579 -32.5872 18.6
      vertex -3.17402 -32.4858 1.5
      vertex -2.79579 -32.5872 1.5
    endloop
  endfacet
  facet normal 0.704083 -0.092579 0.704057
    outer loop
      vertex 9.30432 -31.1 19.5131
      vertex 9.02743 -31.1 19.79
      vertex 9.02743 -31.408 19.7495
    endloop
  endfacet
  facet normal 0.496743 -0.113149 0.860491
    outer loop
      vertex 9.02743 -31.1 19.79
      vertex 8.68831 -31.4587 19.9386
      vertex 9.02743 -31.408 19.7495
    endloop
  endfacet
  facet normal 0.86419 0.399189 0.306305
    outer loop
      vertex 9.30432 31.8908 19.0566
      vertex 9.30432 31.7457 19.2457
      vertex 9.5001 31.5971 18.887
    endloop
  endfacet
  facet normal -0.256663 0.588311 0.766821
    outer loop
      vertex -3.17402 31.7929 19.8002
      vertex -2.79579 31.8436 19.8879
      vertex -2.79579 32.1516 19.6516
    endloop
  endfacet
  facet normal 0.864198 -0.464764 0.192756
    outer loop
      vertex 9.5001 -31.5971 18.887
      vertex 9.30432 -31.8908 19.0566
      vertex 9.5001 -31.6545 18.7486
    endloop
  endfacet
  facet normal 0.704079 -0.432292 0.56338
    outer loop
      vertex 9.30432 -31.5566 19.3908
      vertex 9.02743 -31.9415 19.4415
      vertex 9.30432 -31.7457 19.2457
    endloop
  endfacet
  facet normal 1 0 0
    outer loop
      vertex 9.60145 31.1 18.7958
      vertex 9.60145 31.2958 18.6
      vertex 9.60145 31.2891 18.6507
    endloop
  endfacet
  facet normal 1 0 0
    outer loop
      vertex 9.60145 31.2958 18.6
      vertex 9.60145 31.1 18.7958
      vertex 9.60145 31.2958 1.5
    endloop
  endfacet
  facet normal 1 0 0
    outer loop
      vertex 9.60145 31.1 18.7958
      vertex 9.60145 31.2891 18.6507
      vertex 9.60145 31.2696 18.6979
    endloop
  endfacet
  facet normal 1 0 0
    outer loop
      vertex 9.60145 31.1 1.30421
      vertex 9.60145 31.2958 1.5
      vertex 9.60145 31.1 18.7958
    endloop
  endfacet
  facet normal 1 0 0
    outer loop
      vertex 9.60145 31.1 18.7958
      vertex 9.60145 31.2696 18.6979
      vertex 9.60145 31.2384 18.7384
    endloop
  endfacet
  facet normal 1 0 0
    outer loop
      vertex 9.60145 31.2958 1.5
      vertex 9.60145 31.1 1.30421
      vertex 9.60145 31.2891 1.44933
    endloop
  endfacet
  facet normal 1 0 0
    outer loop
      vertex 9.60145 31.1 18.7958
      vertex 9.60145 31.2384 18.7384
      vertex 9.60145 31.1979 18.7696
    endloop
  endfacet
  facet normal 1 0 0
    outer loop
      vertex 9.60145 31.2891 1.44933
      vertex 9.60145 31.1 1.30421
      vertex 9.60145 31.2696 1.40211
    endloop
  endfacet
  facet normal 1 0 0
    outer loop
      vertex 9.60145 31.1 18.7958
      vertex 9.60145 31.1979 18.7696
      vertex 9.60145 31.1507 18.7891
    endloop
  endfacet
  facet normal 1 0 0
    outer loop
      vertex 9.60145 31.2696 1.40211
      vertex 9.60145 31.1 1.30421
      vertex 9.60145 31.2384 1.36156
    endloop
  endfacet
  facet normal 1 0 0
    outer loop
      vertex 9.60145 31.2384 1.36156
      vertex 9.60145 31.1 1.30421
      vertex 9.60145 31.1979 1.33044
    endloop
  endfacet
  facet normal 1 0 0
    outer loop
      vertex 9.60145 31.1979 1.33044
      vertex 9.60145 31.1 1.30421
      vertex 9.60145 31.1507 1.31088
    endloop
  endfacet
  facet normal 1 -0 0
    outer loop
      vertex 9.60145 -31.1 18.7958
      vertex 9.60145 31.1 1.30421
      vertex 9.60145 31.1 18.7958
    endloop
  endfacet
  facet normal 1 0 0
    outer loop
      vertex 9.60145 -31.1 18.7958
      vertex 9.60145 -31.1 1.30421
      vertex 9.60145 31.1 1.30421
    endloop
  endfacet
  facet normal 1 0 0
    outer loop
      vertex 9.60145 -31.2958 18.6
      vertex 9.60145 -31.1 18.7958
      vertex 9.60145 -31.1507 18.7891
    endloop
  endfacet
  facet normal 1 0 0
    outer loop
      vertex 9.60145 -31.1 18.7958
      vertex 9.60145 -31.2958 18.6
      vertex 9.60145 -31.1 1.30421
    endloop
  endfacet
  facet normal 1 0 0
    outer loop
      vertex 9.60145 -31.2958 18.6
      vertex 9.60145 -31.1507 18.7891
      vertex 9.60145 -31.1979 18.7696
    endloop
  endfacet
  facet normal 1 -0 0
    outer loop
      vertex 9.60145 -31.2958 1.5
      vertex 9.60145 -31.1 1.30421
      vertex 9.60145 -31.2958 18.6
    endloop
  endfacet
  facet normal 1 0 0
    outer loop
      vertex 9.60145 -31.2958 18.6
      vertex 9.60145 -31.1979 18.7696
      vertex 9.60145 -31.2384 18.7384
    endloop
  endfacet
  facet normal 1 0 0
    outer loop
      vertex 9.60145 -31.1 1.30421
      vertex 9.60145 -31.2958 1.5
      vertex 9.60145 -31.1507 1.31088
    endloop
  endfacet
  facet normal 1 0 0
    outer loop
      vertex 9.60145 -31.2958 18.6
      vertex 9.60145 -31.2384 18.7384
      vertex 9.60145 -31.2696 18.6979
    endloop
  endfacet
  facet normal 1 0 0
    outer loop
      vertex 9.60145 -31.1507 1.31088
      vertex 9.60145 -31.2958 1.5
      vertex 9.60145 -31.1979 1.33044
    endloop
  endfacet
  facet normal 1 0 0
    outer loop
      vertex 9.60145 -31.2958 18.6
      vertex 9.60145 -31.2696 18.6979
      vertex 9.60145 -31.2891 18.6507
    endloop
  endfacet
  facet normal 1 0 0
    outer loop
      vertex 9.60145 -31.1979 1.33044
      vertex 9.60145 -31.2958 1.5
      vertex 9.60145 -31.2384 1.36156
    endloop
  endfacet
  facet normal 1 0 0
    outer loop
      vertex 9.60145 -31.2384 1.36156
      vertex 9.60145 -31.2958 1.5
      vertex 9.60145 -31.2696 1.40211
    endloop
  endfacet
  facet normal 1 0 0
    outer loop
      vertex 9.60145 -31.2696 1.40211
      vertex 9.60145 -31.2958 1.5
      vertex 9.60145 -31.2891 1.44933
    endloop
  endfacet
  facet normal 0.496743 -0.860491 0.113149
    outer loop
      vertex 9.02743 -32.2495 18.908
      vertex 8.68831 -32.4386 18.9587
      vertex 9.02743 -32.29 18.6
    endloop
  endfacet
  facet normal 0.86419 -0.399189 0.306305
    outer loop
      vertex 9.5001 -31.5971 18.887
      vertex 9.30432 -31.7457 19.2457
      vertex 9.30432 -31.8908 19.0566
    endloop
  endfacet
  facet normal 0.864167 -0.498928 0.0654717
    outer loop
      vertex 9.5001 -31.674 18.6
      vertex 9.5001 -31.6545 18.7486
      vertex 9.30432 -32.0131 18.6
    endloop
  endfacet
  facet normal 0.704039 -0.432252 0.56346
    outer loop
      vertex 9.30432 -31.5566 19.3908
      vertex 9.02743 -31.695 19.6306
      vertex 9.02743 -31.9415 19.4415
    endloop
  endfacet
  facet normal 0.965354 -0.258695 0.0341866
    outer loop
      vertex 9.60145 -31.2958 18.6
      vertex 9.60145 -31.2891 18.6507
      vertex 9.5001 -31.674 18.6
    endloop
  endfacet
  facet normal 0.96537 0.258668 0.0339436
    outer loop
      vertex 9.5001 31.674 18.6
      vertex 9.5001 31.6545 18.7486
      vertex 9.60145 31.2891 18.6507
    endloop
  endfacet
  facet normal 0.256616 0.892971 0.3698
    outer loop
      vertex 8.68831 32.4386 18.9587
      vertex 8.31007 32.3879 19.3436
      vertex 8.68831 32.3002 19.2929
    endloop
  endfacet
  facet normal -0.704143 0.271597 0.656062
    outer loop
      vertex -3.79003 31.3363 19.482
      vertex -3.51314 31.408 19.7495
      vertex -3.79003 31.5566 19.3908
    endloop
  endfacet
  facet normal -0.864105 0.192516 0.465037
    outer loop
      vertex -3.98582 31.2486 19.1545
      vertex -3.79003 31.3363 19.482
      vertex -3.79003 31.5566 19.3908
    endloop
  endfacet
  facet normal -0.965374 0.206991 0.158769
    outer loop
      vertex -4.08717 31.2384 18.7384
      vertex -3.98582 31.5059 19.0059
      vertex -3.98582 31.5971 18.887
    endloop
  endfacet
  facet normal -0.864156 0.399291 0.306269
    outer loop
      vertex -3.98582 31.5059 19.0059
      vertex -3.79003 31.7457 19.2457
      vertex -3.98582 31.5971 18.887
    endloop
  endfacet
  facet normal -0.704083 0.704057 0.092579
    outer loop
      vertex -3.79003 32.0131 18.6
      vertex -3.51314 32.2495 18.908
      vertex -3.51314 32.29 18.6
    endloop
  endfacet
  facet normal -0.256764 0.892877 -0.369923
    outer loop
      vertex -2.79579 32.3879 0.756417
      vertex -3.17402 32.4386 1.14132
      vertex -2.79579 32.5365 1.11509
    endloop
  endfacet
  facet normal -0.496852 0.801801 0.332044
    outer loop
      vertex -3.51314 32.1306 19.195
      vertex -3.17402 32.3002 19.2929
      vertex -3.17402 32.4386 18.9587
    endloop
  endfacet
  facet normal 0 1 -0
    outer loop
      vertex 8.31007 32.5872 1.5
      vertex -2.79579 32.5872 18.6
      vertex 8.31007 32.5872 18.6
    endloop
  endfacet
  facet normal 0 1 0
    outer loop
      vertex -2.79579 32.5872 18.6
      vertex 8.31007 32.5872 1.5
      vertex -2.79579 32.5872 1.5
    endloop
  endfacet
  facet normal 0 0.991436 0.130594
    outer loop
      vertex 8.31007 32.5872 18.6
      vertex -2.79579 32.5365 18.9849
      vertex 8.31007 32.5365 18.9849
    endloop
  endfacet
  facet normal 0 0.991436 0.130594
    outer loop
      vertex -2.79579 32.5365 18.9849
      vertex 8.31007 32.5872 18.6
      vertex -2.79579 32.5872 18.6
    endloop
  endfacet
  facet normal -0.500017 0.866015 0
    outer loop
      vertex -3.17402 32.4858 1.5
      vertex -3.51314 32.29 18.6
      vertex -3.17402 32.4858 18.6
    endloop
  endfacet
  facet normal -0.500017 0.866015 0
    outer loop
      vertex -3.51314 32.29 18.6
      vertex -3.17402 32.4858 1.5
      vertex -3.51314 32.29 1.5
    endloop
  endfacet
  facet normal -0 0.382731 0.92386
    outer loop
      vertex -2.79579 31.8436 19.8879
      vertex 8.31007 31.4849 20.0365
      vertex 8.31007 31.8436 19.8879
    endloop
  endfacet
  facet normal 0 0.382731 0.92386
    outer loop
      vertex 8.31007 31.4849 20.0365
      vertex -2.79579 31.8436 19.8879
      vertex -2.79579 31.4849 20.0365
    endloop
  endfacet
  facet normal 0.496802 0.113223 0.860447
    outer loop
      vertex 8.68831 31.4587 19.9386
      vertex 8.68831 31.1 19.9858
      vertex 9.02743 31.1 19.79
    endloop
  endfacet
  facet normal -0.707104 0 -0.707109
    outer loop
      vertex -3.51314 -31.1 0.309971
      vertex -3.79003 31.1 0.586859
      vertex -3.51314 31.1 0.309971
    endloop
  endfacet
  facet normal -0.707104 -0 -0.707109
    outer loop
      vertex -3.79003 31.1 0.586859
      vertex -3.51314 -31.1 0.309971
      vertex -3.79003 -31.1 0.586859
    endloop
  endfacet
  facet normal -0.496785 -0.11328 -0.860449
    outer loop
      vertex -3.17402 -31.4587 0.161402
      vertex -3.51314 -31.408 0.35052
      vertex -3.51314 -31.1 0.309971
    endloop
  endfacet
  facet normal -0.704079 -0.432292 0.56338
    outer loop
      vertex -3.79003 -31.7457 19.2457
      vertex -3.51314 -31.9415 19.4415
      vertex -3.79003 -31.5566 19.3908
    endloop
  endfacet
  facet normal -0.496762 -0.332175 0.801802
    outer loop
      vertex -3.51314 -31.695 19.6306
      vertex -3.17402 -31.4587 19.9386
      vertex -3.51314 -31.408 19.7495
    endloop
  endfacet
  facet normal -0.496743 -0.113149 0.860491
    outer loop
      vertex -3.51314 -31.408 19.7495
      vertex -3.17402 -31.4587 19.9386
      vertex -3.51314 -31.1 19.79
    endloop
  endfacet
  facet normal -0.704083 -0.092579 0.704057
    outer loop
      vertex -3.51314 -31.408 19.7495
      vertex -3.51314 -31.1 19.79
      vertex -3.79003 -31.1 19.5131
    endloop
  endfacet
  facet normal -0.965918 0 0.258847
    outer loop
      vertex -4.08717 -31.1 18.7958
      vertex -3.98582 31.1 19.174
      vertex -4.08717 31.1 18.7958
    endloop
  endfacet
  facet normal -0.965918 0 0.258847
    outer loop
      vertex -3.98582 31.1 19.174
      vertex -4.08717 -31.1 18.7958
      vertex -3.98582 -31.1 19.174
    endloop
  endfacet
  facet normal -1 0 0
    outer loop
      vertex -4.08717 31.1 1.30421
      vertex -4.08717 31.2958 1.5
      vertex -4.08717 31.2891 1.44933
    endloop
  endfacet
  facet normal -1 -0 0
    outer loop
      vertex -4.08717 31.2958 1.5
      vertex -4.08717 31.1 1.30421
      vertex -4.08717 31.2958 18.6
    endloop
  endfacet
  facet normal -1 0 0
    outer loop
      vertex -4.08717 31.1 1.30421
      vertex -4.08717 31.2891 1.44933
      vertex -4.08717 31.2696 1.40211
    endloop
  endfacet
  facet normal -1 0 0
    outer loop
      vertex -4.08717 31.1 18.7958
      vertex -4.08717 31.2958 18.6
      vertex -4.08717 31.1 1.30421
    endloop
  endfacet
  facet normal -1 0 0
    outer loop
      vertex -4.08717 31.1 1.30421
      vertex -4.08717 31.2696 1.40211
      vertex -4.08717 31.2384 1.36156
    endloop
  endfacet
  facet normal -1 0 0
    outer loop
      vertex -4.08717 31.2958 18.6
      vertex -4.08717 31.1 18.7958
      vertex -4.08717 31.2891 18.6507
    endloop
  endfacet
  facet normal -1 0 0
    outer loop
      vertex -4.08717 31.1 1.30421
      vertex -4.08717 31.2384 1.36156
      vertex -4.08717 31.1979 1.33044
    endloop
  endfacet
  facet normal -1 0 0
    outer loop
      vertex -4.08717 31.2891 18.6507
      vertex -4.08717 31.1 18.7958
      vertex -4.08717 31.2696 18.6979
    endloop
  endfacet
  facet normal -1 0 0
    outer loop
      vertex -4.08717 31.1 1.30421
      vertex -4.08717 31.1979 1.33044
      vertex -4.08717 31.1507 1.31088
    endloop
  endfacet
  facet normal -1 0 0
    outer loop
      vertex -4.08717 31.2696 18.6979
      vertex -4.08717 31.1 18.7958
      vertex -4.08717 31.2384 18.7384
    endloop
  endfacet
  facet normal -1 0 0
    outer loop
      vertex -4.08717 31.2384 18.7384
      vertex -4.08717 31.1 18.7958
      vertex -4.08717 31.1979 18.7696
    endloop
  endfacet
  facet normal -1 0 0
    outer loop
      vertex -4.08717 31.1979 18.7696
      vertex -4.08717 31.1 18.7958
      vertex -4.08717 31.1507 18.7891
    endloop
  endfacet
  facet normal -1 0 0
    outer loop
      vertex -4.08717 -31.1 1.30421
      vertex -4.08717 31.1 18.7958
      vertex -4.08717 31.1 1.30421
    endloop
  endfacet
  facet normal -1 0 0
    outer loop
      vertex -4.08717 -31.1 1.30421
      vertex -4.08717 -31.1 18.7958
      vertex -4.08717 31.1 18.7958
    endloop
  endfacet
  facet normal -1 0 0
    outer loop
      vertex -4.08717 -31.2958 1.5
      vertex -4.08717 -31.1 1.30421
      vertex -4.08717 -31.1507 1.31088
    endloop
  endfacet
  facet normal -1 0 0
    outer loop
      vertex -4.08717 -31.1 1.30421
      vertex -4.08717 -31.2958 1.5
      vertex -4.08717 -31.1 18.7958
    endloop
  endfacet
  facet normal -1 0 0
    outer loop
      vertex -4.08717 -31.2958 1.5
      vertex -4.08717 -31.1507 1.31088
      vertex -4.08717 -31.1979 1.33044
    endloop
  endfacet
  facet normal -1 0 0
    outer loop
      vertex -4.08717 -31.2958 18.6
      vertex -4.08717 -31.1 18.7958
      vertex -4.08717 -31.2958 1.5
    endloop
  endfacet
  facet normal -1 0 0
    outer loop
      vertex -4.08717 -31.2958 1.5
      vertex -4.08717 -31.1979 1.33044
      vertex -4.08717 -31.2384 1.36156
    endloop
  endfacet
  facet normal -1 0 0
    outer loop
      vertex -4.08717 -31.1 18.7958
      vertex -4.08717 -31.2958 18.6
      vertex -4.08717 -31.1507 18.7891
    endloop
  endfacet
  facet normal -1 0 0
    outer loop
      vertex -4.08717 -31.2958 1.5
      vertex -4.08717 -31.2384 1.36156
      vertex -4.08717 -31.2696 1.40211
    endloop
  endfacet
  facet normal -1 0 0
    outer loop
      vertex -4.08717 -31.1507 18.7891
      vertex -4.08717 -31.2958 18.6
      vertex -4.08717 -31.1979 18.7696
    endloop
  endfacet
  facet normal -1 0 0
    outer loop
      vertex -4.08717 -31.2958 1.5
      vertex -4.08717 -31.2696 1.40211
      vertex -4.08717 -31.2891 1.44933
    endloop
  endfacet
  facet normal -1 0 0
    outer loop
      vertex -4.08717 -31.1979 18.7696
      vertex -4.08717 -31.2958 18.6
      vertex -4.08717 -31.2384 18.7384
    endloop
  endfacet
  facet normal -1 0 0
    outer loop
      vertex -4.08717 -31.2384 18.7384
      vertex -4.08717 -31.2958 18.6
      vertex -4.08717 -31.2696 18.6979
    endloop
  endfacet
  facet normal -1 0 0
    outer loop
      vertex -4.08717 -31.2696 18.6979
      vertex -4.08717 -31.2958 18.6
      vertex -4.08717 -31.2891 18.6507
    endloop
  endfacet
  facet normal -0.704083 0.704057 -0.092579
    outer loop
      vertex -3.51314 32.2495 1.192
      vertex -3.79003 32.0131 1.5
      vertex -3.51314 32.29 1.5
    endloop
  endfacet
  facet normal -0.704039 0.271776 -0.6561
    outer loop
      vertex -3.51314 31.408 0.35052
      vertex -3.79003 31.5566 0.709196
      vertex -3.51314 31.695 0.469404
    endloop
  endfacet
  facet normal -0.496709 0.688588 -0.528325
    outer loop
      vertex -3.51314 31.9415 0.658523
      vertex -3.51314 32.1306 0.904985
      vertex -3.17402 32.0799 0.520079
    endloop
  endfacet
  facet normal -0.496846 0.801814 -0.332021
    outer loop
      vertex -3.51314 32.1306 0.904985
      vertex -3.17402 32.4386 1.14132
      vertex -3.17402 32.3002 0.807091
    endloop
  endfacet
  facet normal -0.256809 0.588362 -0.766733
    outer loop
      vertex -3.17402 31.7929 0.299846
      vertex -3.17402 32.0799 0.520079
      vertex -2.79579 32.1516 0.448415
    endloop
  endfacet
  facet normal -0.704029 0.432286 -0.563447
    outer loop
      vertex -3.51314 31.695 0.469404
      vertex -3.79003 31.5566 0.709196
      vertex -3.51314 31.9415 0.658523
    endloop
  endfacet
  facet normal 0.496846 0.801814 -0.332021
    outer loop
      vertex 8.68831 32.3002 0.807091
      vertex 8.68831 32.4386 1.14132
      vertex 9.02743 32.1306 0.904985
    endloop
  endfacet
  facet normal 0.965924 0 -0.258825
    outer loop
      vertex 9.60145 -31.1 1.30421
      vertex 9.5001 31.1 0.925976
      vertex 9.60145 31.1 1.30421
    endloop
  endfacet
  facet normal 0.965924 0 -0.258825
    outer loop
      vertex 9.5001 31.1 0.925976
      vertex 9.60145 -31.1 1.30421
      vertex 9.5001 -31.1 0.925976
    endloop
  endfacet
  facet normal 0.258817 0 -0.965926
    outer loop
      vertex 8.31007 30.3372 0.0128336
      vertex 8.68831 31.1 0.114182
      vertex 8.68831 30.2358 0.114182
    endloop
  endfacet
  facet normal 0.258817 0 -0.965926
    outer loop
      vertex 8.68831 31.1 0.114182
      vertex 8.31007 30.3372 0.0128336
      vertex 8.31007 31.1 0.0128336
    endloop
  endfacet
  facet normal 0.258817 0 -0.965926
    outer loop
      vertex 8.31007 -30.3372 0.0128336
      vertex 8.68831 -31.1 0.114182
      vertex 8.31007 -31.1 0.0128336
    endloop
  endfacet
  facet normal 0.258817 0 -0.965926
    outer loop
      vertex 8.68831 -31.1 0.114182
      vertex 8.31007 -30.3372 0.0128336
      vertex 8.68831 -30.2358 0.114182
    endloop
  endfacet
  facet normal 0.25675 0.126152 -0.958209
    outer loop
      vertex 8.31007 31.4849 0.0635071
      vertex 8.68831 31.1 0.114182
      vertex 8.31007 31.1 0.0128336
    endloop
  endfacet
  facet normal 0.256619 -0.766832 -0.588316
    outer loop
      vertex 8.31007 -32.1516 0.448415
      vertex 8.68831 -32.3002 0.807091
      vertex 8.31007 -32.3879 0.756417
    endloop
  endfacet
  facet normal 0.496749 -0.801816 -0.332163
    outer loop
      vertex 9.02743 -32.1306 0.904985
      vertex 9.02743 -32.2495 1.192
      vertex 8.68831 -32.4386 1.14132
    endloop
  endfacet
  facet normal -0.256809 -0.588362 -0.766733
    outer loop
      vertex -2.79579 -32.1516 0.448415
      vertex -3.17402 -32.0799 0.520079
      vertex -3.17402 -31.7929 0.299846
    endloop
  endfacet
  facet normal -0.864105 -0.192516 0.465037
    outer loop
      vertex -3.79003 -31.5566 19.3908
      vertex -3.79003 -31.3363 19.482
      vertex -3.98582 -31.2486 19.1545
    endloop
  endfacet
  facet normal -0.256597 -0.892986 -0.369774
    outer loop
      vertex -2.79579 -32.3879 0.756417
      vertex -3.17402 -32.4386 1.14132
      vertex -3.17402 -32.3002 0.807091
    endloop
  endfacet
  facet normal -0.496846 -0.801814 -0.332021
    outer loop
      vertex -3.17402 -32.3002 0.807091
      vertex -3.17402 -32.4386 1.14132
      vertex -3.51314 -32.1306 0.904985
    endloop
  endfacet
  facet normal 0 -0.793401 -0.608699
    outer loop
      vertex -2.79579 -32.1516 0.448415
      vertex 8.31007 -32.3879 0.756417
      vertex -2.79579 -32.3879 0.756417
    endloop
  endfacet
  facet normal 0 -0.793401 -0.608699
    outer loop
      vertex 8.31007 -32.3879 0.756417
      vertex -2.79579 -32.1516 0.448415
      vertex 8.31007 -32.1516 0.448415
    endloop
  endfacet
  facet normal -0.864187 -0.464782 0.192764
    outer loop
      vertex -3.98582 -31.6545 18.7486
      vertex -3.79003 -31.8908 19.0566
      vertex -3.98582 -31.5971 18.887
    endloop
  endfacet
  facet normal -0.965918 -0.258847 0
    outer loop
      vertex -3.98582 -31.674 1.5
      vertex -4.08717 -31.2958 18.6
      vertex -4.08717 -31.2958 1.5
    endloop
  endfacet
  facet normal -0.965918 -0.258847 0
    outer loop
      vertex -4.08717 -31.2958 18.6
      vertex -3.98582 -31.674 1.5
      vertex -3.98582 -31.674 18.6
    endloop
  endfacet
  facet normal 0.500017 0 0.866015
    outer loop
      vertex 8.68831 31.1 19.9858
      vertex 9.02743 -31.1 19.79
      vertex 9.02743 31.1 19.79
    endloop
  endfacet
  facet normal 0.500017 0 0.866015
    outer loop
      vertex 9.02743 -31.1 19.79
      vertex 8.68831 31.1 19.9858
      vertex 8.68831 -31.1 19.9858
    endloop
  endfacet
  facet normal 0.70712 -0 0.707094
    outer loop
      vertex 9.02743 -31.1 19.79
      vertex 9.30432 31.1 19.5131
      vertex 9.02743 31.1 19.79
    endloop
  endfacet
  facet normal 0.70712 0 0.707094
    outer loop
      vertex 9.30432 31.1 19.5131
      vertex 9.02743 -31.1 19.79
      vertex 9.30432 -31.1 19.5131
    endloop
  endfacet
  facet normal 0.496762 -0.801802 0.332175
    outer loop
      vertex 9.02743 -32.2495 18.908
      vertex 9.02743 -32.1306 19.195
      vertex 8.68831 -32.4386 18.9587
    endloop
  endfacet
  facet normal 0.864167 0.0654717 0.498928
    outer loop
      vertex 9.5001 31.2486 19.1545
      vertex 9.30432 31.1 19.5131
      vertex 9.5001 31.1 19.174
    endloop
  endfacet
  facet normal 0.256731 -0.892895 0.369903
    outer loop
      vertex 8.68831 -32.4386 18.9587
      vertex 8.31007 -32.3879 19.3436
      vertex 8.31007 -32.5365 18.9849
    endloop
  endfacet
  facet normal 0.256616 -0.892971 0.3698
    outer loop
      vertex 8.68831 -32.3002 19.2929
      vertex 8.31007 -32.3879 19.3436
      vertex 8.68831 -32.4386 18.9587
    endloop
  endfacet
  facet normal 0.256754 -0.9582 0.126216
    outer loop
      vertex 8.68831 -32.4386 18.9587
      vertex 8.31007 -32.5365 18.9849
      vertex 8.31007 -32.5872 18.6
    endloop
  endfacet
  facet normal 0.704124 -0.0926558 0.704006
    outer loop
      vertex 9.30432 -31.1 19.5131
      vertex 9.02743 -31.408 19.7495
      vertex 9.30432 -31.3363 19.482
    endloop
  endfacet
  facet normal 0.49684 -0.528425 0.688416
    outer loop
      vertex 9.02743 -31.695 19.6306
      vertex 8.68831 -31.7929 19.8002
      vertex 8.68831 -32.0799 19.5799
    endloop
  endfacet
  facet normal 0.496654 -0.528293 0.688652
    outer loop
      vertex 9.02743 -31.9415 19.4415
      vertex 9.02743 -31.695 19.6306
      vertex 8.68831 -32.0799 19.5799
    endloop
  endfacet
  facet normal 0.965374 -0.158769 0.206991
    outer loop
      vertex 9.60145 -31.2384 18.7384
      vertex 9.5001 -31.387 19.0971
      vertex 9.5001 -31.5059 19.0059
    endloop
  endfacet
  facet normal 0.864168 -0.399276 0.306257
    outer loop
      vertex 9.5001 -31.5059 19.0059
      vertex 9.30432 -31.7457 19.2457
      vertex 9.5001 -31.5971 18.887
    endloop
  endfacet
  facet normal 0.704051 -0.656076 0.271803
    outer loop
      vertex 9.30432 -31.8908 19.0566
      vertex 9.02743 -32.1306 19.195
      vertex 9.02743 -32.2495 18.908
    endloop
  endfacet
  facet normal 0.256656 0.766822 0.588312
    outer loop
      vertex 8.31007 32.3879 19.3436
      vertex 8.31007 32.1516 19.6516
      vertex 8.68831 32.3002 19.2929
    endloop
  endfacet
  facet normal 0.96537 0.0339436 0.258668
    outer loop
      vertex 9.5001 31.2486 19.1545
      vertex 9.5001 31.1 19.174
      vertex 9.60145 31.1507 18.7891
    endloop
  endfacet
  facet normal 0.965369 0.240984 0.0999456
    outer loop
      vertex 9.5001 31.6545 18.7486
      vertex 9.5001 31.5971 18.887
      vertex 9.60145 31.2891 18.6507
    endloop
  endfacet
  facet normal 0.256874 0.958184 -0.126091
    outer loop
      vertex 8.31007 32.5872 1.5
      vertex 8.68831 32.4858 1.5
      vertex 8.68831 32.4386 1.14132
    endloop
  endfacet
  facet normal 0.707104 0 -0.707109
    outer loop
      vertex 9.30432 -31.1 0.586859
      vertex 9.02743 31.1 0.309971
      vertex 9.30432 31.1 0.586859
    endloop
  endfacet
  facet normal 0.707104 0 -0.707109
    outer loop
      vertex 9.02743 31.1 0.309971
      vertex 9.30432 -31.1 0.586859
      vertex 9.02743 -31.1 0.309971
    endloop
  endfacet
  facet normal 0.866025 0.500001 0
    outer loop
      vertex 9.5001 31.674 18.6
      vertex 9.30432 32.0131 1.5
      vertex 9.30432 32.0131 18.6
    endloop
  endfacet
  facet normal 0.866025 0.500001 0
    outer loop
      vertex 9.30432 32.0131 1.5
      vertex 9.5001 31.674 18.6
      vertex 9.5001 31.674 1.5
    endloop
  endfacet
  facet normal -0.864105 0.465037 0.192516
    outer loop
      vertex -3.98582 31.6545 18.7486
      vertex -3.79003 31.8908 19.0566
      vertex -3.79003 31.982 18.8363
    endloop
  endfacet
  facet normal -0.49684 0.688416 0.528425
    outer loop
      vertex -3.51314 32.1306 19.195
      vertex -3.17402 32.0799 19.5799
      vertex -3.17402 32.3002 19.2929
    endloop
  endfacet
  facet normal -0.864187 0.192764 0.464782
    outer loop
      vertex -3.98582 31.2486 19.1545
      vertex -3.79003 31.5566 19.3908
      vertex -3.98582 31.387 19.0971
    endloop
  endfacet
  facet normal -0.96537 0.0339436 0.258668
    outer loop
      vertex -4.08717 31.1507 18.7891
      vertex -3.98582 31.1 19.174
      vertex -3.98582 31.2486 19.1545
    endloop
  endfacet
  facet normal -0.496762 0.801802 0.332175
    outer loop
      vertex -3.51314 32.2495 18.908
      vertex -3.51314 32.1306 19.195
      vertex -3.17402 32.4386 18.9587
    endloop
  endfacet
  facet normal -0.965354 0.258695 0.0341866
    outer loop
      vertex -4.08717 31.2958 18.6
      vertex -4.08717 31.2891 18.6507
      vertex -3.98582 31.674 18.6
    endloop
  endfacet
  facet normal -0.864107 0.499004 0.0656751
    outer loop
      vertex -3.98582 31.6545 18.7486
      vertex -3.79003 31.982 18.8363
      vertex -3.79003 32.0131 18.6
    endloop
  endfacet
  facet normal -0.496797 0.33213 -0.8018
    outer loop
      vertex -3.51314 31.408 0.35052
      vertex -3.51314 31.695 0.469404
      vertex -3.17402 31.4587 0.161402
    endloop
  endfacet
  facet normal -0.704116 0.704015 -0.0926414
    outer loop
      vertex -3.79003 31.982 1.26366
      vertex -3.79003 32.0131 1.5
      vertex -3.51314 32.2495 1.192
    endloop
  endfacet
  facet normal -0.864168 0.192619 -0.464878
    outer loop
      vertex -3.98582 31.2486 0.945535
      vertex -3.98582 31.387 1.00288
      vertex -3.79003 31.5566 0.709196
    endloop
  endfacet
  facet normal -0.25676 0.958198 0.126216
    outer loop
      vertex -3.17402 32.4386 18.9587
      vertex -2.79579 32.5365 18.9849
      vertex -2.79579 32.5872 18.6
    endloop
  endfacet
  facet normal -0.258947 0.965892 0
    outer loop
      vertex -2.79579 32.5872 1.5
      vertex -3.17402 32.4858 18.6
      vertex -2.79579 32.5872 18.6
    endloop
  endfacet
  facet normal -0.258947 0.965892 0
    outer loop
      vertex -3.17402 32.4858 18.6
      vertex -2.79579 32.5872 1.5
      vertex -3.17402 32.4858 1.5
    endloop
  endfacet
  facet normal -0.496852 0.332044 0.801801
    outer loop
      vertex -3.51314 31.695 19.6306
      vertex -3.17402 31.4587 19.9386
      vertex -3.17402 31.7929 19.8002
    endloop
  endfacet
  facet normal -0.256881 0.588463 0.766631
    outer loop
      vertex -3.17402 32.0799 19.5799
      vertex -3.17402 31.7929 19.8002
      vertex -2.79579 32.1516 19.6516
    endloop
  endfacet
  facet normal -0.256737 0.892893 0.369902
    outer loop
      vertex -3.17402 32.4386 18.9587
      vertex -2.79579 32.3879 19.3436
      vertex -2.79579 32.5365 18.9849
    endloop
  endfacet
  facet normal 0.496654 0.528293 0.688652
    outer loop
      vertex 8.68831 32.0799 19.5799
      vertex 9.02743 31.695 19.6306
      vertex 9.02743 31.9415 19.4415
    endloop
  endfacet
  facet normal 0.256874 0.126084 0.958185
    outer loop
      vertex 8.68831 31.4587 19.9386
      vertex 8.31007 31.1 20.0872
      vertex 8.68831 31.1 19.9858
    endloop
  endfacet
  facet normal 0.256731 0.892895 0.369903
    outer loop
      vertex 8.31007 32.5365 18.9849
      vertex 8.31007 32.3879 19.3436
      vertex 8.68831 32.4386 18.9587
    endloop
  endfacet
  facet normal 0.256754 0.9582 0.126216
    outer loop
      vertex 8.31007 32.5872 18.6
      vertex 8.31007 32.5365 18.9849
      vertex 8.68831 32.4386 18.9587
    endloop
  endfacet
  facet normal -0.256726 0.369889 -0.892902
    outer loop
      vertex -3.17402 31.4587 0.161402
      vertex -3.17402 31.7929 0.299846
      vertex -2.79579 31.4849 0.0635071
    endloop
  endfacet
  facet normal -0.70406 0.092692 -0.704065
    outer loop
      vertex -3.51314 31.1 0.309971
      vertex -3.79003 31.1 0.586859
      vertex -3.51314 31.408 0.35052
    endloop
  endfacet
  facet normal -0.256778 0.369832 -0.892911
    outer loop
      vertex -2.79579 31.4849 0.0635071
      vertex -3.17402 31.7929 0.299846
      vertex -2.79579 31.8436 0.212076
    endloop
  endfacet
  facet normal -0.256793 0.588351 -0.766747
    outer loop
      vertex -3.17402 31.7929 0.299846
      vertex -2.79579 32.1516 0.448415
      vertex -2.79579 31.8436 0.212076
    endloop
  endfacet
  facet normal -0.256746 0.126141 -0.958212
    outer loop
      vertex -3.17402 31.1 0.114182
      vertex -3.17402 31.4587 0.161402
      vertex -2.79579 31.4849 0.0635071
    endloop
  endfacet
  facet normal -0.496778 0.113272 -0.860454
    outer loop
      vertex -3.17402 31.1 0.114182
      vertex -3.51314 31.1 0.309971
      vertex -3.17402 31.4587 0.161402
    endloop
  endfacet
  facet normal -0.496834 0.68843 -0.528414
    outer loop
      vertex -3.17402 32.0799 0.520079
      vertex -3.51314 32.1306 0.904985
      vertex -3.17402 32.3002 0.807091
    endloop
  endfacet
  facet normal -0.256828 0.766654 -0.588456
    outer loop
      vertex -3.17402 32.0799 0.520079
      vertex -3.17402 32.3002 0.807091
      vertex -2.79579 32.1516 0.448415
    endloop
  endfacet
  facet normal 0.965364 0.0340475 -0.258677
    outer loop
      vertex 9.5001 31.2486 0.945535
      vertex 9.60145 31.1507 1.31088
      vertex 9.5001 31.1 0.925976
    endloop
  endfacet
  facet normal 0.496797 0.33213 -0.8018
    outer loop
      vertex 8.68831 31.4587 0.161402
      vertex 9.02743 31.695 0.469404
      vertex 9.02743 31.408 0.35052
    endloop
  endfacet
  facet normal 0.496778 0.113272 -0.860454
    outer loop
      vertex 8.68831 31.4587 0.161402
      vertex 9.02743 31.1 0.309971
      vertex 8.68831 31.1 0.114182
    endloop
  endfacet
  facet normal 0.256739 0.126141 -0.958214
    outer loop
      vertex 8.31007 31.4849 0.0635071
      vertex 8.68831 31.4587 0.161402
      vertex 8.68831 31.1 0.114182
    endloop
  endfacet
  facet normal 0.496797 -0.33213 -0.8018
    outer loop
      vertex 9.02743 -31.408 0.35052
      vertex 9.02743 -31.695 0.469404
      vertex 8.68831 -31.4587 0.161402
    endloop
  endfacet
  facet normal 0.864176 -0.399223 -0.306302
    outer loop
      vertex 9.30432 -31.7457 0.854312
      vertex 9.5001 -31.5971 1.21299
      vertex 9.30432 -31.8908 1.04343
    endloop
  endfacet
  facet normal 0.256757 -0.892878 -0.369924
    outer loop
      vertex 8.31007 -32.3879 0.756417
      vertex 8.68831 -32.4386 1.14132
      vertex 8.31007 -32.5365 1.11509
    endloop
  endfacet
  facet normal 0.70712 -0.707094 0
    outer loop
      vertex 9.02743 -32.29 18.6
      vertex 9.30432 -32.0131 1.5
      vertex 9.30432 -32.0131 18.6
    endloop
  endfacet
  facet normal 0.70712 -0.707094 0
    outer loop
      vertex 9.30432 -32.0131 1.5
      vertex 9.02743 -32.29 18.6
      vertex 9.02743 -32.29 1.5
    endloop
  endfacet
  facet normal 0.25672 -0.36989 -0.892903
    outer loop
      vertex 8.68831 -31.4587 0.161402
      vertex 8.68831 -31.7929 0.299846
      vertex 8.31007 -31.4849 0.0635071
    endloop
  endfacet
  facet normal 0.496783 -0.33215 -0.8018
    outer loop
      vertex 8.68831 -31.4587 0.161402
      vertex 9.02743 -31.695 0.469404
      vertex 8.68831 -31.7929 0.299846
    endloop
  endfacet
  facet normal -0.965353 -0.258695 -0.0342068
    outer loop
      vertex -4.08717 -31.2891 1.44933
      vertex -3.98582 -31.674 1.5
      vertex -4.08717 -31.2958 1.5
    endloop
  endfacet
  facet normal -0.96537 -0.206996 -0.158786
    outer loop
      vertex -3.98582 -31.5971 1.21299
      vertex -4.08717 -31.2384 1.36156
      vertex -3.98582 -31.5059 1.0941
    endloop
  endfacet
  facet normal -0.965365 -0.0340308 -0.258675
    outer loop
      vertex -3.98582 -31.1 0.925976
      vertex -4.08717 -31.1507 1.31088
      vertex -4.08717 -31.1 1.30421
    endloop
  endfacet
  facet normal -0.704083 -0.271679 -0.656093
    outer loop
      vertex -3.51314 -31.408 0.35052
      vertex -3.79003 -31.5566 0.709196
      vertex -3.79003 -31.3363 0.617973
    endloop
  endfacet
  facet normal -0.496797 -0.33213 -0.8018
    outer loop
      vertex -3.17402 -31.4587 0.161402
      vertex -3.51314 -31.695 0.469404
      vertex -3.51314 -31.408 0.35052
    endloop
  endfacet
  facet normal -0.256756 -0.126152 -0.958208
    outer loop
      vertex -2.79579 -31.4849 0.0635071
      vertex -3.17402 -31.1 0.114182
      vertex -2.79579 -31.1 0.0128336
    endloop
  endfacet
  facet normal 0 -0.130527 -0.991445
    outer loop
      vertex -2.79579 -31.4849 0.0635071
      vertex 8.31007 -31.1 0.0128336
      vertex 8.31007 -31.4849 0.0635071
    endloop
  endfacet
  facet normal -0 -0.130527 -0.991445
    outer loop
      vertex 8.31007 -31.1 0.0128336
      vertex -2.79579 -31.4849 0.0635071
      vertex -2.79579 -31.1 0.0128336
    endloop
  endfacet
  facet normal -0.25677 -0.958196 -0.126213
    outer loop
      vertex -2.79579 -32.5365 1.11509
      vertex -2.79579 -32.5872 1.5
      vertex -3.17402 -32.4386 1.14132
    endloop
  endfacet
  facet normal 0 -0.92385 -0.382755
    outer loop
      vertex -2.79579 -32.3879 0.756417
      vertex 8.31007 -32.5365 1.11509
      vertex -2.79579 -32.5365 1.11509
    endloop
  endfacet
  facet normal 0 -0.92385 -0.382755
    outer loop
      vertex 8.31007 -32.5365 1.11509
      vertex -2.79579 -32.3879 0.756417
      vertex 8.31007 -32.3879 0.756417
    endloop
  endfacet
  facet normal -0.704079 -0.56338 0.432292
    outer loop
      vertex -3.79003 -31.8908 19.0566
      vertex -3.51314 -31.9415 19.4415
      vertex -3.79003 -31.7457 19.2457
    endloop
  endfacet
  facet normal -0.704039 -0.432252 0.56346
    outer loop
      vertex -3.51314 -31.9415 19.4415
      vertex -3.51314 -31.695 19.6306
      vertex -3.79003 -31.5566 19.3908
    endloop
  endfacet
  facet normal -0.704143 -0.656062 0.271597
    outer loop
      vertex -3.51314 -32.2495 18.908
      vertex -3.79003 -31.8908 19.0566
      vertex -3.79003 -31.982 18.8363
    endloop
  endfacet
  facet normal -0.500017 -0.866015 0
    outer loop
      vertex -3.51314 -32.29 1.5
      vertex -3.17402 -32.4858 18.6
      vertex -3.51314 -32.29 18.6
    endloop
  endfacet
  facet normal -0.500017 -0.866015 -0
    outer loop
      vertex -3.17402 -32.4858 18.6
      vertex -3.51314 -32.29 1.5
      vertex -3.17402 -32.4858 1.5
    endloop
  endfacet
  facet normal 0.256616 0.3698 0.892971
    outer loop
      vertex 8.31007 31.8436 19.8879
      vertex 8.68831 31.4587 19.9386
      vertex 8.68831 31.7929 19.8002
    endloop
  endfacet
  facet normal 0.86419 0.306305 0.399189
    outer loop
      vertex 9.30432 31.7457 19.2457
      vertex 9.30432 31.5566 19.3908
      vertex 9.5001 31.387 19.0971
    endloop
  endfacet
  facet normal 0.864117 -0.465019 0.192509
    outer loop
      vertex 9.5001 -31.6545 18.7486
      vertex 9.30432 -31.8908 19.0566
      vertex 9.30432 -31.982 18.8363
    endloop
  endfacet
  facet normal 0.704143 -0.656062 0.271597
    outer loop
      vertex 9.30432 -31.982 18.8363
      vertex 9.30432 -31.8908 19.0566
      vertex 9.02743 -32.2495 18.908
    endloop
  endfacet
  facet normal 0.704116 -0.704015 -0.0926414
    outer loop
      vertex 9.30432 -31.982 1.26366
      vertex 9.30432 -32.0131 1.5
      vertex 9.02743 -32.2495 1.192
    endloop
  endfacet
  facet normal 0.500017 -0.866015 0
    outer loop
      vertex 8.68831 -32.4858 1.5
      vertex 9.02743 -32.29 18.6
      vertex 8.68831 -32.4858 18.6
    endloop
  endfacet
  facet normal 0.500017 -0.866015 0
    outer loop
      vertex 9.02743 -32.29 18.6
      vertex 8.68831 -32.4858 1.5
      vertex 9.02743 -32.29 1.5
    endloop
  endfacet
  facet normal 0.256656 -0.766822 0.588312
    outer loop
      vertex 8.68831 -32.3002 19.2929
      vertex 8.31007 -32.1516 19.6516
      vertex 8.31007 -32.3879 19.3436
    endloop
  endfacet
  facet normal 0.864119 -0.0656726 0.498985
    outer loop
      vertex 9.5001 -31.2486 19.1545
      vertex 9.30432 -31.1 19.5131
      vertex 9.30432 -31.3363 19.482
    endloop
  endfacet
  facet normal 0.256874 -0.958185 0.126084
    outer loop
      vertex 8.68831 -32.4858 18.6
      vertex 8.68831 -32.4386 18.9587
      vertex 8.31007 -32.5872 18.6
    endloop
  endfacet
  facet normal 0.496802 -0.860447 0.113223
    outer loop
      vertex 9.02743 -32.29 18.6
      vertex 8.68831 -32.4386 18.9587
      vertex 8.68831 -32.4858 18.6
    endloop
  endfacet
  facet normal 0.256616 -0.3698 0.892971
    outer loop
      vertex 8.68831 -31.7929 19.8002
      vertex 8.68831 -31.4587 19.9386
      vertex 8.31007 -31.8436 19.8879
    endloop
  endfacet
  facet normal 0.704051 -0.271803 0.656076
    outer loop
      vertex 9.30432 -31.5566 19.3908
      vertex 9.02743 -31.408 19.7495
      vertex 9.02743 -31.695 19.6306
    endloop
  endfacet
  facet normal 0.965369 -0.0999456 0.240984
    outer loop
      vertex 9.60145 -31.1507 18.7891
      vertex 9.5001 -31.2486 19.1545
      vertex 9.5001 -31.387 19.0971
    endloop
  endfacet
  facet normal 0.864167 -0.0654717 0.498928
    outer loop
      vertex 9.5001 -31.1 19.174
      vertex 9.30432 -31.1 19.5131
      vertex 9.5001 -31.2486 19.1545
    endloop
  endfacet
  facet normal 0.866025 -0 0.500001
    outer loop
      vertex 9.30432 -31.1 19.5131
      vertex 9.5001 31.1 19.174
      vertex 9.30432 31.1 19.5131
    endloop
  endfacet
  facet normal 0.866025 0 0.500001
    outer loop
      vertex 9.5001 31.1 19.174
      vertex 9.30432 -31.1 19.5131
      vertex 9.5001 -31.1 19.174
    endloop
  endfacet
  facet normal 0.965369 -0.240984 0.0999456
    outer loop
      vertex 9.60145 -31.2891 18.6507
      vertex 9.5001 -31.5971 18.887
      vertex 9.5001 -31.6545 18.7486
    endloop
  endfacet
  facet normal 0.96537 -0.258668 0.0339436
    outer loop
      vertex 9.60145 -31.2891 18.6507
      vertex 9.5001 -31.6545 18.7486
      vertex 9.5001 -31.674 18.6
    endloop
  endfacet
  facet normal 0.864167 0.498928 0.0654717
    outer loop
      vertex 9.30432 32.0131 18.6
      vertex 9.5001 31.6545 18.7486
      vertex 9.5001 31.674 18.6
    endloop
  endfacet
  facet normal 0.704124 0.704006 0.0926558
    outer loop
      vertex 9.30432 32.0131 18.6
      vertex 9.02743 32.2495 18.908
      vertex 9.30432 31.982 18.8363
    endloop
  endfacet
  facet normal 0.965354 0.0341866 0.258695
    outer loop
      vertex 9.60145 31.1507 18.7891
      vertex 9.5001 31.1 19.174
      vertex 9.60145 31.1 18.7958
    endloop
  endfacet
  facet normal 0.496762 0.801802 0.332175
    outer loop
      vertex 8.68831 32.4386 18.9587
      vertex 9.02743 32.1306 19.195
      vertex 9.02743 32.2495 18.908
    endloop
  endfacet
  facet normal 0.25894 0.965893 -0
    outer loop
      vertex 8.68831 32.4858 1.5
      vertex 8.31007 32.5872 18.6
      vertex 8.68831 32.4858 18.6
    endloop
  endfacet
  facet normal 0.25894 0.965893 0
    outer loop
      vertex 8.31007 32.5872 18.6
      vertex 8.68831 32.4858 1.5
      vertex 8.31007 32.5872 1.5
    endloop
  endfacet
  facet normal 0.256591 0.892988 -0.369775
    outer loop
      vertex 8.31007 32.3879 0.756417
      vertex 8.68831 32.4386 1.14132
      vertex 8.68831 32.3002 0.807091
    endloop
  endfacet
  facet normal 0.704072 0.656062 -0.271783
    outer loop
      vertex 9.02743 32.1306 0.904985
      vertex 9.02743 32.2495 1.192
      vertex 9.30432 31.8908 1.04343
    endloop
  endfacet
  facet normal -0 0.608702 0.793399
    outer loop
      vertex -2.79579 32.1516 19.6516
      vertex 8.31007 31.8436 19.8879
      vertex 8.31007 32.1516 19.6516
    endloop
  endfacet
  facet normal 0 0.608702 0.793399
    outer loop
      vertex 8.31007 31.8436 19.8879
      vertex -2.79579 32.1516 19.6516
      vertex -2.79579 31.8436 19.8879
    endloop
  endfacet
  facet normal -0.256622 0.892969 0.369799
    outer loop
      vertex -3.17402 32.3002 19.2929
      vertex -2.79579 32.3879 19.3436
      vertex -3.17402 32.4386 18.9587
    endloop
  endfacet
  facet normal -0.965369 0.0999456 0.240984
    outer loop
      vertex -4.08717 31.1507 18.7891
      vertex -3.98582 31.2486 19.1545
      vertex -3.98582 31.387 19.0971
    endloop
  endfacet
  facet normal -0.965345 0.0996496 0.241203
    outer loop
      vertex -4.08717 31.1507 18.7891
      vertex -3.98582 31.387 19.0971
      vertex -4.08717 31.1979 18.7696
    endloop
  endfacet
  facet normal -0.864107 0.0656751 0.499004
    outer loop
      vertex -3.98582 31.2486 19.1545
      vertex -3.79003 31.1 19.5131
      vertex -3.79003 31.3363 19.482
    endloop
  endfacet
  facet normal -0.704124 0.0926558 0.704006
    outer loop
      vertex -3.79003 31.1 19.5131
      vertex -3.51314 31.408 19.7495
      vertex -3.79003 31.3363 19.482
    endloop
  endfacet
  facet normal -0.25688 0.958183 -0.126091
    outer loop
      vertex -3.17402 32.4386 1.14132
      vertex -3.17402 32.4858 1.5
      vertex -2.79579 32.5872 1.5
    endloop
  endfacet
  facet normal -0.496802 0.860446 -0.113229
    outer loop
      vertex -3.17402 32.4386 1.14132
      vertex -3.51314 32.29 1.5
      vertex -3.17402 32.4858 1.5
    endloop
  endfacet
  facet normal -0.864149 0.0656948 -0.498929
    outer loop
      vertex -3.79003 31.1 0.586859
      vertex -3.98582 31.2486 0.945535
      vertex -3.79003 31.3363 0.617973
    endloop
  endfacet
  facet normal -0.864156 0.498947 0.0654742
    outer loop
      vertex -3.98582 31.674 18.6
      vertex -3.98582 31.6545 18.7486
      vertex -3.79003 32.0131 18.6
    endloop
  endfacet
  facet normal -0.965374 0.158769 0.206991
    outer loop
      vertex -4.08717 31.2384 18.7384
      vertex -3.98582 31.387 19.0971
      vertex -3.98582 31.5059 19.0059
    endloop
  endfacet
  facet normal -0.25688 0.958183 0.126084
    outer loop
      vertex -3.17402 32.4858 18.6
      vertex -3.17402 32.4386 18.9587
      vertex -2.79579 32.5872 18.6
    endloop
  endfacet
  facet normal -0.496802 0.860447 0.113223
    outer loop
      vertex -3.51314 32.29 18.6
      vertex -3.17402 32.4386 18.9587
      vertex -3.17402 32.4858 18.6
    endloop
  endfacet
  facet normal -0.496654 0.528293 0.688652
    outer loop
      vertex -3.51314 31.9415 19.4415
      vertex -3.51314 31.695 19.6306
      vertex -3.17402 32.0799 19.5799
    endloop
  endfacet
  facet normal -0.864156 0.306269 0.399291
    outer loop
      vertex -3.98582 31.387 19.0971
      vertex -3.79003 31.7457 19.2457
      vertex -3.98582 31.5059 19.0059
    endloop
  endfacet
  facet normal -0.256622 0.369799 0.892969
    outer loop
      vertex -3.17402 31.7929 19.8002
      vertex -3.17402 31.4587 19.9386
      vertex -2.79579 31.8436 19.8879
    endloop
  endfacet
  facet normal -0.256737 0.369902 0.892893
    outer loop
      vertex -3.17402 31.4587 19.9386
      vertex -2.79579 31.4849 20.0365
      vertex -2.79579 31.8436 19.8879
    endloop
  endfacet
  facet normal 0.496852 0.801801 0.332044
    outer loop
      vertex 8.68831 32.4386 18.9587
      vertex 8.68831 32.3002 19.2929
      vertex 9.02743 32.1306 19.195
    endloop
  endfacet
  facet normal 0.70712 0.707094 0
    outer loop
      vertex 9.30432 32.0131 18.6
      vertex 9.02743 32.29 1.5
      vertex 9.02743 32.29 18.6
    endloop
  endfacet
  facet normal 0.70712 0.707094 0
    outer loop
      vertex 9.02743 32.29 1.5
      vertex 9.30432 32.0131 18.6
      vertex 9.30432 32.0131 1.5
    endloop
  endfacet
  facet normal 0.256875 0.766633 0.588464
    outer loop
      vertex 8.68831 32.3002 19.2929
      vertex 8.31007 32.1516 19.6516
      vertex 8.68831 32.0799 19.5799
    endloop
  endfacet
  facet normal 0.49684 0.688416 0.528425
    outer loop
      vertex 8.68831 32.3002 19.2929
      vertex 8.68831 32.0799 19.5799
      vertex 9.02743 32.1306 19.195
    endloop
  endfacet
  facet normal -0.496783 0.33215 -0.8018
    outer loop
      vertex -3.17402 31.4587 0.161402
      vertex -3.51314 31.695 0.469404
      vertex -3.17402 31.7929 0.299846
    endloop
  endfacet
  facet normal -0.86414 0.192535 -0.464964
    outer loop
      vertex -3.79003 31.3363 0.617973
      vertex -3.98582 31.2486 0.945535
      vertex -3.79003 31.5566 0.709196
    endloop
  endfacet
  facet normal 0.704071 0.563402 -0.432275
    outer loop
      vertex 9.02743 32.1306 0.904985
      vertex 9.30432 31.8908 1.04343
      vertex 9.02743 31.9415 0.658523
    endloop
  endfacet
  facet normal 0.864186 0.464805 -0.192717
    outer loop
      vertex 9.30432 31.8908 1.04343
      vertex 9.5001 31.6545 1.35143
      vertex 9.5001 31.5971 1.21299
    endloop
  endfacet
  facet normal 0.256822 0.766656 -0.588457
    outer loop
      vertex 8.31007 32.1516 0.448415
      vertex 8.68831 32.3002 0.807091
      vertex 8.68831 32.0799 0.520079
    endloop
  endfacet
  facet normal 0 0.608765 -0.79335
    outer loop
      vertex -2.79579 31.8436 0.212076
      vertex 8.31007 32.1516 0.448415
      vertex 8.31007 31.8436 0.212076
    endloop
  endfacet
  facet normal 0 0.608765 -0.79335
    outer loop
      vertex 8.31007 32.1516 0.448415
      vertex -2.79579 31.8436 0.212076
      vertex -2.79579 32.1516 0.448415
    endloop
  endfacet
  facet normal 0.965365 0.0340308 -0.258675
    outer loop
      vertex 9.5001 31.1 0.925976
      vertex 9.60145 31.1507 1.31088
      vertex 9.60145 31.1 1.30421
    endloop
  endfacet
  facet normal 0.704067 0.0927043 -0.704057
    outer loop
      vertex 9.02743 31.408 0.35052
      vertex 9.30432 31.3363 0.617973
      vertex 9.30432 31.1 0.586859
    endloop
  endfacet
  facet normal 0.704083 0.704057 -0.092579
    outer loop
      vertex 9.02743 32.29 1.5
      vertex 9.30432 32.0131 1.5
      vertex 9.02743 32.2495 1.192
    endloop
  endfacet
  facet normal 0.864181 0.306337 -0.399186
    outer loop
      vertex 9.30432 31.7457 0.854312
      vertex 9.5001 31.387 1.00288
      vertex 9.30432 31.5566 0.709196
    endloop
  endfacet
  facet normal 0.704029 -0.432286 -0.563447
    outer loop
      vertex 9.02743 -31.695 0.469404
      vertex 9.30432 -31.5566 0.709196
      vertex 9.02743 -31.9415 0.658523
    endloop
  endfacet
  facet normal 0.70407 -0.432327 -0.563363
    outer loop
      vertex 9.30432 -31.5566 0.709196
      vertex 9.30432 -31.7457 0.854312
      vertex 9.02743 -31.9415 0.658523
    endloop
  endfacet
  facet normal 0.704068 -0.563408 -0.432272
    outer loop
      vertex 9.30432 -31.7457 0.854312
      vertex 9.30432 -31.8908 1.04343
      vertex 9.02743 -31.9415 0.658523
    endloop
  endfacet
  facet normal 0.704039 -0.271776 -0.6561
    outer loop
      vertex 9.02743 -31.408 0.35052
      vertex 9.30432 -31.5566 0.709196
      vertex 9.02743 -31.695 0.469404
    endloop
  endfacet
  facet normal 0.256739 -0.126141 -0.958214
    outer loop
      vertex 8.68831 -31.1 0.114182
      vertex 8.68831 -31.4587 0.161402
      vertex 8.31007 -31.4849 0.0635071
    endloop
  endfacet
  facet normal 0.496778 -0.113272 -0.860454
    outer loop
      vertex 8.68831 -31.1 0.114182
      vertex 9.02743 -31.1 0.309971
      vertex 8.68831 -31.4587 0.161402
    endloop
  endfacet
  facet normal 0.864131 -0.464975 -0.192552
    outer loop
      vertex 9.30432 -31.8908 1.04343
      vertex 9.5001 -31.6545 1.35143
      vertex 9.30432 -31.982 1.26366
    endloop
  endfacet
  facet normal 0.496738 -0.860493 -0.113149
    outer loop
      vertex 9.02743 -32.2495 1.192
      vertex 9.02743 -32.29 1.5
      vertex 8.68831 -32.4386 1.14132
    endloop
  endfacet
  facet normal 0.256786 -0.588352 -0.766748
    outer loop
      vertex 8.68831 -31.7929 0.299846
      vertex 8.31007 -32.1516 0.448415
      vertex 8.31007 -31.8436 0.212076
    endloop
  endfacet
  facet normal 0.256772 -0.369833 -0.892912
    outer loop
      vertex 8.31007 -31.4849 0.0635071
      vertex 8.68831 -31.7929 0.299846
      vertex 8.31007 -31.8436 0.212076
    endloop
  endfacet
  facet normal -0.96537 -0.158801 -0.206988
    outer loop
      vertex -3.98582 -31.5059 1.0941
      vertex -4.08717 -31.2384 1.36156
      vertex -3.98582 -31.387 1.00288
    endloop
  endfacet
  facet normal -0.864153 -0.306314 -0.399263
    outer loop
      vertex -3.79003 -31.7457 0.854312
      vertex -3.98582 -31.5059 1.0941
      vertex -3.98582 -31.387 1.00288
    endloop
  endfacet
  facet normal -0.496783 -0.528344 -0.68852
    outer loop
      vertex -3.17402 -31.7929 0.299846
      vertex -3.17402 -32.0799 0.520079
      vertex -3.51314 -31.695 0.469404
    endloop
  endfacet
  facet normal -0.256746 -0.126141 -0.958212
    outer loop
      vertex -2.79579 -31.4849 0.0635071
      vertex -3.17402 -31.4587 0.161402
      vertex -3.17402 -31.1 0.114182
    endloop
  endfacet
  facet normal -0.256726 -0.369889 -0.892902
    outer loop
      vertex -2.79579 -31.4849 0.0635071
      vertex -3.17402 -31.7929 0.299846
      vertex -3.17402 -31.4587 0.161402
    endloop
  endfacet
  facet normal -0.70407 -0.432327 -0.563363
    outer loop
      vertex -3.51314 -31.9415 0.658523
      vertex -3.79003 -31.7457 0.854312
      vertex -3.79003 -31.5566 0.709196
    endloop
  endfacet
  facet normal -0.704039 -0.271776 -0.6561
    outer loop
      vertex -3.51314 -31.695 0.469404
      vertex -3.79003 -31.5566 0.709196
      vertex -3.51314 -31.408 0.35052
    endloop
  endfacet
  facet normal -0.256793 -0.588351 -0.766747
    outer loop
      vertex -2.79579 -31.8436 0.212076
      vertex -2.79579 -32.1516 0.448415
      vertex -3.17402 -31.7929 0.299846
    endloop
  endfacet
  facet normal -0.496723 -0.528302 -0.688595
    outer loop
      vertex -3.17402 -32.0799 0.520079
      vertex -3.51314 -31.9415 0.658523
      vertex -3.51314 -31.695 0.469404
    endloop
  endfacet
  facet normal -0.496834 -0.68843 -0.528414
    outer loop
      vertex -3.17402 -32.3002 0.807091
      vertex -3.51314 -32.1306 0.904985
      vertex -3.17402 -32.0799 0.520079
    endloop
  endfacet
  facet normal -0.25688 -0.958183 0.126084
    outer loop
      vertex -2.79579 -32.5872 18.6
      vertex -3.17402 -32.4386 18.9587
      vertex -3.17402 -32.4858 18.6
    endloop
  endfacet
  facet normal -0.25676 -0.958198 0.126216
    outer loop
      vertex -2.79579 -32.5872 18.6
      vertex -2.79579 -32.5365 18.9849
      vertex -3.17402 -32.4386 18.9587
    endloop
  endfacet
  facet normal -0.496802 -0.860447 0.113223
    outer loop
      vertex -3.17402 -32.4858 18.6
      vertex -3.17402 -32.4386 18.9587
      vertex -3.51314 -32.29 18.6
    endloop
  endfacet
  facet normal -0.704051 -0.271803 0.656076
    outer loop
      vertex -3.51314 -31.695 19.6306
      vertex -3.51314 -31.408 19.7495
      vertex -3.79003 -31.5566 19.3908
    endloop
  endfacet
  facet normal -0.704143 -0.271597 0.656062
    outer loop
      vertex -3.79003 -31.5566 19.3908
      vertex -3.51314 -31.408 19.7495
      vertex -3.79003 -31.3363 19.482
    endloop
  endfacet
  facet normal -0.965337 -0.206766 0.159286
    outer loop
      vertex -4.08717 -31.2696 18.6979
      vertex -3.98582 -31.5971 18.887
      vertex -4.08717 -31.2384 18.7384
    endloop
  endfacet
  facet normal -0.965374 -0.158769 0.206991
    outer loop
      vertex -3.98582 -31.5059 19.0059
      vertex -3.98582 -31.387 19.0971
      vertex -4.08717 -31.2384 18.7384
    endloop
  endfacet
  facet normal 0.496762 0.332175 0.801802
    outer loop
      vertex 9.02743 31.695 19.6306
      vertex 8.68831 31.4587 19.9386
      vertex 9.02743 31.408 19.7495
    endloop
  endfacet
  facet normal 0.864117 0.192509 0.465019
    outer loop
      vertex 9.30432 31.5566 19.3908
      vertex 9.30432 31.3363 19.482
      vertex 9.5001 31.2486 19.1545
    endloop
  endfacet
  facet normal 0.704039 0.432252 0.56346
    outer loop
      vertex 9.02743 31.9415 19.4415
      vertex 9.02743 31.695 19.6306
      vertex 9.30432 31.5566 19.3908
    endloop
  endfacet
  facet normal 0.704079 0.432292 0.56338
    outer loop
      vertex 9.30432 31.7457 19.2457
      vertex 9.02743 31.9415 19.4415
      vertex 9.30432 31.5566 19.3908
    endloop
  endfacet
  facet normal 0.49684 0.528425 0.688416
    outer loop
      vertex 8.68831 32.0799 19.5799
      vertex 8.68831 31.7929 19.8002
      vertex 9.02743 31.695 19.6306
    endloop
  endfacet
  facet normal 0.256875 0.588464 0.766633
    outer loop
      vertex 8.31007 32.1516 19.6516
      vertex 8.68831 31.7929 19.8002
      vertex 8.68831 32.0799 19.5799
    endloop
  endfacet
  facet normal 0.704124 -0.704006 0.0926558
    outer loop
      vertex 9.30432 -31.982 18.8363
      vertex 9.02743 -32.2495 18.908
      vertex 9.30432 -32.0131 18.6
    endloop
  endfacet
  facet normal 0.864119 -0.498985 0.0656726
    outer loop
      vertex 9.5001 -31.6545 18.7486
      vertex 9.30432 -31.982 18.8363
      vertex 9.30432 -32.0131 18.6
    endloop
  endfacet
  facet normal 0.256763 -0.958198 -0.126213
    outer loop
      vertex 8.68831 -32.4386 1.14132
      vertex 8.31007 -32.5872 1.5
      vertex 8.31007 -32.5365 1.11509
    endloop
  endfacet
  facet normal 0.496802 -0.860446 -0.113229
    outer loop
      vertex 9.02743 -32.29 1.5
      vertex 8.68831 -32.4858 1.5
      vertex 8.68831 -32.4386 1.14132
    endloop
  endfacet
  facet normal 0.256875 -0.588464 0.766633
    outer loop
      vertex 8.68831 -32.0799 19.5799
      vertex 8.68831 -31.7929 19.8002
      vertex 8.31007 -32.1516 19.6516
    endloop
  endfacet
  facet normal 0.256875 -0.766633 0.588464
    outer loop
      vertex 8.68831 -32.0799 19.5799
      vertex 8.31007 -32.1516 19.6516
      vertex 8.68831 -32.3002 19.2929
    endloop
  endfacet
  facet normal 0.256731 -0.369903 0.892895
    outer loop
      vertex 8.68831 -31.4587 19.9386
      vertex 8.31007 -31.4849 20.0365
      vertex 8.31007 -31.8436 19.8879
    endloop
  endfacet
  facet normal 0.496654 -0.688652 0.528293
    outer loop
      vertex 9.02743 -31.9415 19.4415
      vertex 8.68831 -32.0799 19.5799
      vertex 9.02743 -32.1306 19.195
    endloop
  endfacet
  facet normal 0.965345 -0.0996496 0.241203
    outer loop
      vertex 9.60145 -31.1507 18.7891
      vertex 9.5001 -31.387 19.0971
      vertex 9.60145 -31.1979 18.7696
    endloop
  endfacet
  facet normal 0.965337 -0.159286 0.206766
    outer loop
      vertex 9.60145 -31.1979 18.7696
      vertex 9.5001 -31.387 19.0971
      vertex 9.60145 -31.2384 18.7384
    endloop
  endfacet
  facet normal 0.965345 -0.241203 0.0996496
    outer loop
      vertex 9.60145 -31.2696 18.6979
      vertex 9.5001 -31.5971 18.887
      vertex 9.60145 -31.2891 18.6507
    endloop
  endfacet
  facet normal 0.965918 0.258847 0
    outer loop
      vertex 9.60145 31.2958 18.6
      vertex 9.5001 31.674 1.5
      vertex 9.5001 31.674 18.6
    endloop
  endfacet
  facet normal 0.965918 0.258847 0
    outer loop
      vertex 9.5001 31.674 1.5
      vertex 9.60145 31.2958 18.6
      vertex 9.60145 31.2958 1.5
    endloop
  endfacet
  facet normal 0.965354 0.258695 0.0341866
    outer loop
      vertex 9.5001 31.674 18.6
      vertex 9.60145 31.2891 18.6507
      vertex 9.60145 31.2958 18.6
    endloop
  endfacet
  facet normal 0.500017 0.866015 -0
    outer loop
      vertex 9.02743 32.29 1.5
      vertex 8.68831 32.4858 18.6
      vertex 9.02743 32.29 18.6
    endloop
  endfacet
  facet normal 0.500017 0.866015 0
    outer loop
      vertex 8.68831 32.4858 18.6
      vertex 9.02743 32.29 1.5
      vertex 8.68831 32.4858 1.5
    endloop
  endfacet
  facet normal 0.864198 0.192756 0.464764
    outer loop
      vertex 9.5001 31.387 19.0971
      vertex 9.30432 31.5566 19.3908
      vertex 9.5001 31.2486 19.1545
    endloop
  endfacet
  facet normal -0.704051 0.656076 0.271803
    outer loop
      vertex -3.79003 31.8908 19.0566
      vertex -3.51314 32.1306 19.195
      vertex -3.51314 32.2495 18.908
    endloop
  endfacet
  facet normal -0.496743 0.860491 0.113149
    outer loop
      vertex -3.51314 32.2495 18.908
      vertex -3.17402 32.4386 18.9587
      vertex -3.51314 32.29 18.6
    endloop
  endfacet
  facet normal -0.864179 0.306317 0.399204
    outer loop
      vertex -3.98582 31.387 19.0971
      vertex -3.79003 31.5566 19.3908
      vertex -3.79003 31.7457 19.2457
    endloop
  endfacet
  facet normal -0.704079 0.56338 0.432292
    outer loop
      vertex -3.79003 31.7457 19.2457
      vertex -3.51314 31.9415 19.4415
      vertex -3.79003 31.8908 19.0566
    endloop
  endfacet
  facet normal -0.704072 0.656062 -0.271783
    outer loop
      vertex -3.79003 31.8908 1.04343
      vertex -3.51314 32.2495 1.192
      vertex -3.51314 32.1306 0.904985
    endloop
  endfacet
  facet normal -0.704118 0.656055 -0.27168
    outer loop
      vertex -3.79003 31.8908 1.04343
      vertex -3.79003 31.982 1.26366
      vertex -3.51314 32.2495 1.192
    endloop
  endfacet
  facet normal -0.866014 0.50002 0
    outer loop
      vertex -3.98582 31.674 1.5
      vertex -3.79003 32.0131 18.6
      vertex -3.79003 32.0131 1.5
    endloop
  endfacet
  facet normal -0.866014 0.50002 0
    outer loop
      vertex -3.79003 32.0131 18.6
      vertex -3.98582 31.674 1.5
      vertex -3.98582 31.674 18.6
    endloop
  endfacet
  facet normal -0.704039 0.56346 0.432252
    outer loop
      vertex -3.79003 31.8908 19.0566
      vertex -3.51314 31.9415 19.4415
      vertex -3.51314 32.1306 19.195
    endloop
  endfacet
  facet normal -0.496654 0.688652 0.528293
    outer loop
      vertex -3.51314 31.9415 19.4415
      vertex -3.17402 32.0799 19.5799
      vertex -3.51314 32.1306 19.195
    endloop
  endfacet
  facet normal 0 0.793399 0.608702
    outer loop
      vertex 8.31007 32.3879 19.3436
      vertex -2.79579 32.1516 19.6516
      vertex 8.31007 32.1516 19.6516
    endloop
  endfacet
  facet normal 0 0.793399 0.608702
    outer loop
      vertex -2.79579 32.1516 19.6516
      vertex 8.31007 32.3879 19.3436
      vertex -2.79579 32.3879 19.3436
    endloop
  endfacet
  facet normal -0.256663 0.766821 0.588311
    outer loop
      vertex -3.17402 32.3002 19.2929
      vertex -2.79579 32.1516 19.6516
      vertex -2.79579 32.3879 19.3436
    endloop
  endfacet
  facet normal 0.496802 0.860447 0.113223
    outer loop
      vertex 8.68831 32.4858 18.6
      vertex 8.68831 32.4386 18.9587
      vertex 9.02743 32.29 18.6
    endloop
  endfacet
  facet normal 0.256874 0.958185 0.126084
    outer loop
      vertex 8.31007 32.5872 18.6
      vertex 8.68831 32.4386 18.9587
      vertex 8.68831 32.4858 18.6
    endloop
  endfacet
  facet normal -0.864153 0.306314 -0.399263
    outer loop
      vertex -3.98582 31.387 1.00288
      vertex -3.98582 31.5059 1.0941
      vertex -3.79003 31.7457 0.854312
    endloop
  endfacet
  facet normal -0.496723 0.528302 -0.688595
    outer loop
      vertex -3.51314 31.695 0.469404
      vertex -3.51314 31.9415 0.658523
      vertex -3.17402 32.0799 0.520079
    endloop
  endfacet
  facet normal -0.496783 0.528344 -0.68852
    outer loop
      vertex -3.51314 31.695 0.469404
      vertex -3.17402 32.0799 0.520079
      vertex -3.17402 31.7929 0.299846
    endloop
  endfacet
  facet normal 0.496783 0.528344 -0.68852
    outer loop
      vertex 8.68831 31.7929 0.299846
      vertex 8.68831 32.0799 0.520079
      vertex 9.02743 31.695 0.469404
    endloop
  endfacet
  facet normal 0.256619 0.766832 -0.588316
    outer loop
      vertex 8.31007 32.3879 0.756417
      vertex 8.68831 32.3002 0.807091
      vertex 8.31007 32.1516 0.448415
    endloop
  endfacet
  facet normal 0.256757 0.892878 -0.369924
    outer loop
      vertex 8.31007 32.5365 1.11509
      vertex 8.68831 32.4386 1.14132
      vertex 8.31007 32.3879 0.756417
    endloop
  endfacet
  facet normal 0.256763 0.958198 -0.126213
    outer loop
      vertex 8.31007 32.5365 1.11509
      vertex 8.31007 32.5872 1.5
      vertex 8.68831 32.4386 1.14132
    endloop
  endfacet
  facet normal 0.864131 0.464975 -0.192552
    outer loop
      vertex 9.30432 31.982 1.26366
      vertex 9.5001 31.6545 1.35143
      vertex 9.30432 31.8908 1.04343
    endloop
  endfacet
  facet normal 0.96537 0.240991 -0.0999197
    outer loop
      vertex 9.5001 31.6545 1.35143
      vertex 9.60145 31.2891 1.44933
      vertex 9.5001 31.5971 1.21299
    endloop
  endfacet
  facet normal 0.864151 0.192528 -0.464947
    outer loop
      vertex 9.30432 31.5566 0.709196
      vertex 9.5001 31.2486 0.945535
      vertex 9.30432 31.3363 0.617973
    endloop
  endfacet
  facet normal 0.864164 0.399268 -0.306277
    outer loop
      vertex 9.30432 31.7457 0.854312
      vertex 9.5001 31.5971 1.21299
      vertex 9.5001 31.5059 1.0941
    endloop
  endfacet
  facet normal 0.704039 0.271776 -0.6561
    outer loop
      vertex 9.02743 31.695 0.469404
      vertex 9.30432 31.5566 0.709196
      vertex 9.02743 31.408 0.35052
    endloop
  endfacet
  facet normal 0.704029 0.432286 -0.563447
    outer loop
      vertex 9.02743 31.9415 0.658523
      vertex 9.30432 31.5566 0.709196
      vertex 9.02743 31.695 0.469404
    endloop
  endfacet
  facet normal 0.864164 0.306302 -0.399248
    outer loop
      vertex 9.30432 31.7457 0.854312
      vertex 9.5001 31.5059 1.0941
      vertex 9.5001 31.387 1.00288
    endloop
  endfacet
  facet normal 0.96537 0.206996 -0.158786
    outer loop
      vertex 9.5001 31.5971 1.21299
      vertex 9.60145 31.2384 1.36156
      vertex 9.5001 31.5059 1.0941
    endloop
  endfacet
  facet normal 0.965345 0.241218 -0.0996134
    outer loop
      vertex 9.5001 31.5971 1.21299
      vertex 9.60145 31.2891 1.44933
      vertex 9.60145 31.2696 1.40211
    endloop
  endfacet
  facet normal 0.704118 0.656055 -0.27168
    outer loop
      vertex 9.02743 32.2495 1.192
      vertex 9.30432 31.982 1.26366
      vertex 9.30432 31.8908 1.04343
    endloop
  endfacet
  facet normal 0.965356 -0.158986 -0.206907
    outer loop
      vertex 9.60145 -31.1979 1.33044
      vertex 9.60145 -31.2384 1.36156
      vertex 9.5001 -31.387 1.00288
    endloop
  endfacet
  facet normal 0.864181 -0.306337 -0.399186
    outer loop
      vertex 9.30432 -31.5566 0.709196
      vertex 9.5001 -31.387 1.00288
      vertex 9.30432 -31.7457 0.854312
    endloop
  endfacet
  facet normal 0.96537 -0.158801 -0.206988
    outer loop
      vertex 9.5001 -31.387 1.00288
      vertex 9.60145 -31.2384 1.36156
      vertex 9.5001 -31.5059 1.0941
    endloop
  endfacet
  facet normal 0.96537 -0.258666 -0.0339502
    outer loop
      vertex 9.60145 -31.2891 1.44933
      vertex 9.5001 -31.674 1.5
      vertex 9.5001 -31.6545 1.35143
    endloop
  endfacet
  facet normal 0.864179 -0.192611 -0.46486
    outer loop
      vertex 9.5001 -31.2486 0.945535
      vertex 9.5001 -31.387 1.00288
      vertex 9.30432 -31.5566 0.709196
    endloop
  endfacet
  facet normal 0.704083 -0.271679 -0.656093
    outer loop
      vertex 9.30432 -31.3363 0.617973
      vertex 9.30432 -31.5566 0.709196
      vertex 9.02743 -31.408 0.35052
    endloop
  endfacet
  facet normal -0.86414 -0.192535 -0.464964
    outer loop
      vertex -3.79003 -31.5566 0.709196
      vertex -3.98582 -31.2486 0.945535
      vertex -3.79003 -31.3363 0.617973
    endloop
  endfacet
  facet normal -0.864168 -0.192619 -0.464878
    outer loop
      vertex -3.79003 -31.5566 0.709196
      vertex -3.98582 -31.387 1.00288
      vertex -3.98582 -31.2486 0.945535
    endloop
  endfacet
  facet normal -0.70712 -0.707094 0
    outer loop
      vertex -3.51314 -32.29 1.5
      vertex -3.79003 -32.0131 18.6
      vertex -3.79003 -32.0131 1.5
    endloop
  endfacet
  facet normal -0.70712 -0.707094 0
    outer loop
      vertex -3.79003 -32.0131 18.6
      vertex -3.51314 -32.29 1.5
      vertex -3.51314 -32.29 18.6
    endloop
  endfacet
  facet normal -0.965344 -0.206839 -0.159146
    outer loop
      vertex -3.98582 -31.5971 1.21299
      vertex -4.08717 -31.2696 1.40211
      vertex -4.08717 -31.2384 1.36156
    endloop
  endfacet
  facet normal -0.864169 -0.306348 -0.399201
    outer loop
      vertex -3.79003 -31.7457 0.854312
      vertex -3.98582 -31.387 1.00288
      vertex -3.79003 -31.5566 0.709196
    endloop
  endfacet
  facet normal -0.965364 -0.0340475 -0.258677
    outer loop
      vertex -3.98582 -31.2486 0.945535
      vertex -4.08717 -31.1507 1.31088
      vertex -3.98582 -31.1 0.925976
    endloop
  endfacet
  facet normal -0.704068 -0.563408 -0.432272
    outer loop
      vertex -3.51314 -31.9415 0.658523
      vertex -3.79003 -31.8908 1.04343
      vertex -3.79003 -31.7457 0.854312
    endloop
  endfacet
  facet normal -0.496709 -0.688588 -0.528325
    outer loop
      vertex -3.17402 -32.0799 0.520079
      vertex -3.51314 -32.1306 0.904985
      vertex -3.51314 -31.9415 0.658523
    endloop
  endfacet
  facet normal -0.25688 -0.958183 -0.126091
    outer loop
      vertex -3.17402 -32.4386 1.14132
      vertex -2.79579 -32.5872 1.5
      vertex -3.17402 -32.4858 1.5
    endloop
  endfacet
  facet normal -0.704039 -0.56346 0.432252
    outer loop
      vertex -3.51314 -32.1306 19.195
      vertex -3.51314 -31.9415 19.4415
      vertex -3.79003 -31.8908 19.0566
    endloop
  endfacet
  facet normal -0.496654 -0.688652 0.528293
    outer loop
      vertex -3.51314 -32.1306 19.195
      vertex -3.17402 -32.0799 19.5799
      vertex -3.51314 -31.9415 19.4415
    endloop
  endfacet
  facet normal -0.864179 -0.399204 0.306317
    outer loop
      vertex -3.79003 -31.8908 19.0566
      vertex -3.79003 -31.7457 19.2457
      vertex -3.98582 -31.5971 18.887
    endloop
  endfacet
  facet normal -0.965369 -0.240984 0.0999456
    outer loop
      vertex -3.98582 -31.6545 18.7486
      vertex -3.98582 -31.5971 18.887
      vertex -4.08717 -31.2891 18.6507
    endloop
  endfacet
  facet normal -0.704051 -0.656076 0.271803
    outer loop
      vertex -3.51314 -32.2495 18.908
      vertex -3.51314 -32.1306 19.195
      vertex -3.79003 -31.8908 19.0566
    endloop
  endfacet
  facet normal -0.704124 -0.704006 0.0926558
    outer loop
      vertex -3.79003 -32.0131 18.6
      vertex -3.51314 -32.2495 18.908
      vertex -3.79003 -31.982 18.8363
    endloop
  endfacet
  facet normal -0.96537 -0.258668 0.0339436
    outer loop
      vertex -3.98582 -31.674 18.6
      vertex -3.98582 -31.6545 18.7486
      vertex -4.08717 -31.2891 18.6507
    endloop
  endfacet
  facet normal -0.864179 -0.306317 0.399204
    outer loop
      vertex -3.79003 -31.7457 19.2457
      vertex -3.79003 -31.5566 19.3908
      vertex -3.98582 -31.387 19.0971
    endloop
  endfacet
  facet normal -0.965345 -0.241203 0.0996496
    outer loop
      vertex -4.08717 -31.2891 18.6507
      vertex -3.98582 -31.5971 18.887
      vertex -4.08717 -31.2696 18.6979
    endloop
  endfacet
  facet normal -0.864156 -0.498947 0.0654742
    outer loop
      vertex -3.79003 -32.0131 18.6
      vertex -3.98582 -31.6545 18.7486
      vertex -3.98582 -31.674 18.6
    endloop
  endfacet
  facet normal -0.864187 -0.192764 0.464782
    outer loop
      vertex -3.98582 -31.387 19.0971
      vertex -3.79003 -31.5566 19.3908
      vertex -3.98582 -31.2486 19.1545
    endloop
  endfacet
  facet normal -0.965369 -0.0999456 0.240984
    outer loop
      vertex -3.98582 -31.387 19.0971
      vertex -3.98582 -31.2486 19.1545
      vertex -4.08717 -31.1507 18.7891
    endloop
  endfacet
  facet normal 0.704143 0.271597 0.656062
    outer loop
      vertex 9.30432 31.5566 19.3908
      vertex 9.02743 31.408 19.7495
      vertex 9.30432 31.3363 19.482
    endloop
  endfacet
  facet normal 0.704051 0.271803 0.656076
    outer loop
      vertex 9.02743 31.695 19.6306
      vertex 9.02743 31.408 19.7495
      vertex 9.30432 31.5566 19.3908
    endloop
  endfacet
  facet normal 0.496654 0.688652 0.528293
    outer loop
      vertex 9.02743 32.1306 19.195
      vertex 8.68831 32.0799 19.5799
      vertex 9.02743 31.9415 19.4415
    endloop
  endfacet
  facet normal 0.864198 0.464764 0.192756
    outer loop
      vertex 9.5001 31.6545 18.7486
      vertex 9.30432 31.8908 19.0566
      vertex 9.5001 31.5971 18.887
    endloop
  endfacet
  facet normal 0.256731 0.369903 0.892895
    outer loop
      vertex 8.31007 31.8436 19.8879
      vertex 8.31007 31.4849 20.0365
      vertex 8.68831 31.4587 19.9386
    endloop
  endfacet
  facet normal 0.256754 0.126216 0.9582
    outer loop
      vertex 8.31007 31.4849 20.0365
      vertex 8.31007 31.1 20.0872
      vertex 8.68831 31.4587 19.9386
    endloop
  endfacet
  facet normal 0.704072 -0.656062 -0.271783
    outer loop
      vertex 9.30432 -31.8908 1.04343
      vertex 9.02743 -32.2495 1.192
      vertex 9.02743 -32.1306 0.904985
    endloop
  endfacet
  facet normal 0.704083 -0.704057 -0.092579
    outer loop
      vertex 9.30432 -32.0131 1.5
      vertex 9.02743 -32.29 1.5
      vertex 9.02743 -32.2495 1.192
    endloop
  endfacet
  facet normal 0.704039 -0.56346 0.432252
    outer loop
      vertex 9.30432 -31.8908 19.0566
      vertex 9.02743 -31.9415 19.4415
      vertex 9.02743 -32.1306 19.195
    endloop
  endfacet
  facet normal 0.704079 -0.56338 0.432292
    outer loop
      vertex 9.30432 -31.7457 19.2457
      vertex 9.02743 -31.9415 19.4415
      vertex 9.30432 -31.8908 19.0566
    endloop
  endfacet
  facet normal 0.86419 -0.306305 0.399189
    outer loop
      vertex 9.5001 -31.387 19.0971
      vertex 9.30432 -31.5566 19.3908
      vertex 9.30432 -31.7457 19.2457
    endloop
  endfacet
  facet normal 0.864198 -0.192756 0.464764
    outer loop
      vertex 9.5001 -31.2486 19.1545
      vertex 9.30432 -31.5566 19.3908
      vertex 9.5001 -31.387 19.0971
    endloop
  endfacet
  facet normal 0.496802 -0.113223 0.860447
    outer loop
      vertex 9.02743 -31.1 19.79
      vertex 8.68831 -31.1 19.9858
      vertex 8.68831 -31.4587 19.9386
    endloop
  endfacet
  facet normal 0.256874 -0.126084 0.958185
    outer loop
      vertex 8.68831 -31.1 19.9858
      vertex 8.31007 -31.1 20.0872
      vertex 8.68831 -31.4587 19.9386
    endloop
  endfacet
  facet normal 0.965369 0.0999456 0.240984
    outer loop
      vertex 9.5001 31.387 19.0971
      vertex 9.5001 31.2486 19.1545
      vertex 9.60145 31.1507 18.7891
    endloop
  endfacet
  facet normal 0.965345 0.241203 0.0996496
    outer loop
      vertex 9.60145 31.2891 18.6507
      vertex 9.5001 31.5971 18.887
      vertex 9.60145 31.2696 18.6979
    endloop
  endfacet
  facet normal -0.704143 0.656062 0.271597
    outer loop
      vertex -3.79003 31.982 18.8363
      vertex -3.79003 31.8908 19.0566
      vertex -3.51314 32.2495 18.908
    endloop
  endfacet
  facet normal -0.704124 0.704006 0.0926558
    outer loop
      vertex -3.79003 31.982 18.8363
      vertex -3.51314 32.2495 18.908
      vertex -3.79003 32.0131 18.6
    endloop
  endfacet
  facet normal -0.864113 0.498997 -0.065663
    outer loop
      vertex -3.98582 31.6545 1.35143
      vertex -3.79003 32.0131 1.5
      vertex -3.79003 31.982 1.26366
    endloop
  endfacet
  facet normal -0.86412 0.464993 -0.192559
    outer loop
      vertex -3.79003 31.8908 1.04343
      vertex -3.98582 31.6545 1.35143
      vertex -3.79003 31.982 1.26366
    endloop
  endfacet
  facet normal -0.965918 0.258847 0
    outer loop
      vertex -4.08717 31.2958 1.5
      vertex -3.98582 31.674 18.6
      vertex -3.98582 31.674 1.5
    endloop
  endfacet
  facet normal -0.965918 0.258847 0
    outer loop
      vertex -3.98582 31.674 18.6
      vertex -4.08717 31.2958 1.5
      vertex -4.08717 31.2958 18.6
    endloop
  endfacet
  facet normal -0.965353 0.258695 -0.0342068
    outer loop
      vertex -4.08717 31.2891 1.44933
      vertex -4.08717 31.2958 1.5
      vertex -3.98582 31.674 1.5
    endloop
  endfacet
  facet normal -0.704079 0.432292 0.56338
    outer loop
      vertex -3.79003 31.5566 19.3908
      vertex -3.51314 31.9415 19.4415
      vertex -3.79003 31.7457 19.2457
    endloop
  endfacet
  facet normal -0.704039 0.432252 0.56346
    outer loop
      vertex -3.79003 31.5566 19.3908
      vertex -3.51314 31.695 19.6306
      vertex -3.51314 31.9415 19.4415
    endloop
  endfacet
  facet normal -0.965924 0 -0.258825
    outer loop
      vertex -3.98582 -31.1 0.925976
      vertex -4.08717 31.1 1.30421
      vertex -3.98582 31.1 0.925976
    endloop
  endfacet
  facet normal -0.965924 -0 -0.258825
    outer loop
      vertex -4.08717 31.1 1.30421
      vertex -3.98582 -31.1 0.925976
      vertex -4.08717 -31.1 1.30421
    endloop
  endfacet
  facet normal -0.864153 0.399283 -0.306289
    outer loop
      vertex -3.98582 31.5059 1.0941
      vertex -3.98582 31.5971 1.21299
      vertex -3.79003 31.7457 0.854312
    endloop
  endfacet
  facet normal -0.864165 0.399238 -0.306314
    outer loop
      vertex -3.79003 31.7457 0.854312
      vertex -3.98582 31.5971 1.21299
      vertex -3.79003 31.8908 1.04343
    endloop
  endfacet
  facet normal -0.704083 0.271679 -0.656093
    outer loop
      vertex -3.79003 31.3363 0.617973
      vertex -3.79003 31.5566 0.709196
      vertex -3.51314 31.408 0.35052
    endloop
  endfacet
  facet normal -0.704067 0.0927043 -0.704057
    outer loop
      vertex -3.79003 31.1 0.586859
      vertex -3.79003 31.3363 0.617973
      vertex -3.51314 31.408 0.35052
    endloop
  endfacet
  facet normal 0.256772 0.369833 -0.892912
    outer loop
      vertex 8.31007 31.8436 0.212076
      vertex 8.68831 31.7929 0.299846
      vertex 8.31007 31.4849 0.0635071
    endloop
  endfacet
  facet normal 0.256786 0.588352 -0.766748
    outer loop
      vertex 8.31007 31.8436 0.212076
      vertex 8.31007 32.1516 0.448415
      vertex 8.68831 31.7929 0.299846
    endloop
  endfacet
  facet normal 0.496749 0.801816 -0.332163
    outer loop
      vertex 8.68831 32.4386 1.14132
      vertex 9.02743 32.2495 1.192
      vertex 9.02743 32.1306 0.904985
    endloop
  endfacet
  facet normal 0.496738 0.860493 -0.113149
    outer loop
      vertex 8.68831 32.4386 1.14132
      vertex 9.02743 32.29 1.5
      vertex 9.02743 32.2495 1.192
    endloop
  endfacet
  facet normal 0.496834 0.68843 -0.528414
    outer loop
      vertex 8.68831 32.3002 0.807091
      vertex 9.02743 32.1306 0.904985
      vertex 8.68831 32.0799 0.520079
    endloop
  endfacet
  facet normal 0.256802 0.588363 -0.766734
    outer loop
      vertex 8.31007 32.1516 0.448415
      vertex 8.68831 32.0799 0.520079
      vertex 8.68831 31.7929 0.299846
    endloop
  endfacet
  facet normal 0.864124 0.498978 -0.0656605
    outer loop
      vertex 9.30432 31.982 1.26366
      vertex 9.30432 32.0131 1.5
      vertex 9.5001 31.6545 1.35143
    endloop
  endfacet
  facet normal 0.864166 0.498928 -0.0654849
    outer loop
      vertex 9.30432 32.0131 1.5
      vertex 9.5001 31.674 1.5
      vertex 9.5001 31.6545 1.35143
    endloop
  endfacet
  facet normal 0.864176 0.399223 -0.306302
    outer loop
      vertex 9.30432 31.8908 1.04343
      vertex 9.5001 31.5971 1.21299
      vertex 9.30432 31.7457 0.854312
    endloop
  endfacet
  facet normal 0.704068 0.563408 -0.432272
    outer loop
      vertex 9.02743 31.9415 0.658523
      vertex 9.30432 31.8908 1.04343
      vertex 9.30432 31.7457 0.854312
    endloop
  endfacet
  facet normal 0.704083 0.271679 -0.656093
    outer loop
      vertex 9.02743 31.408 0.35052
      vertex 9.30432 31.5566 0.709196
      vertex 9.30432 31.3363 0.617973
    endloop
  endfacet
  facet normal 0.86416 0.0656923 -0.49891
    outer loop
      vertex 9.30432 31.3363 0.617973
      vertex 9.5001 31.2486 0.945535
      vertex 9.30432 31.1 0.586859
    endloop
  endfacet
  facet normal 0.965363 0.0998723 -0.241038
    outer loop
      vertex 9.5001 31.387 1.00288
      vertex 9.60145 31.1507 1.31088
      vertex 9.5001 31.2486 0.945535
    endloop
  endfacet
  facet normal 0.864179 0.192611 -0.46486
    outer loop
      vertex 9.30432 31.5566 0.709196
      vertex 9.5001 31.387 1.00288
      vertex 9.5001 31.2486 0.945535
    endloop
  endfacet
  facet normal 0.965344 0.206839 -0.159146
    outer loop
      vertex 9.5001 31.5971 1.21299
      vertex 9.60145 31.2696 1.40211
      vertex 9.60145 31.2384 1.36156
    endloop
  endfacet
  facet normal 0.704067 -0.0927043 -0.704057
    outer loop
      vertex 9.30432 -31.1 0.586859
      vertex 9.30432 -31.3363 0.617973
      vertex 9.02743 -31.408 0.35052
    endloop
  endfacet
  facet normal 0.864151 -0.192528 -0.464947
    outer loop
      vertex 9.30432 -31.3363 0.617973
      vertex 9.5001 -31.2486 0.945535
      vertex 9.30432 -31.5566 0.709196
    endloop
  endfacet
  facet normal 0.86416 -0.0656923 -0.49891
    outer loop
      vertex 9.30432 -31.1 0.586859
      vertex 9.5001 -31.2486 0.945535
      vertex 9.30432 -31.3363 0.617973
    endloop
  endfacet
  facet normal 0.864166 -0.0656665 -0.498903
    outer loop
      vertex 9.5001 -31.1 0.925976
      vertex 9.5001 -31.2486 0.945535
      vertex 9.30432 -31.1 0.586859
    endloop
  endfacet
  facet normal 0.965364 -0.0998842 -0.241029
    outer loop
      vertex 9.60145 -31.1507 1.31088
      vertex 9.60145 -31.1979 1.33044
      vertex 9.5001 -31.387 1.00288
    endloop
  endfacet
  facet normal 0.96537 -0.240991 -0.0999197
    outer loop
      vertex 9.5001 -31.5971 1.21299
      vertex 9.60145 -31.2891 1.44933
      vertex 9.5001 -31.6545 1.35143
    endloop
  endfacet
  facet normal 0.864186 -0.464805 -0.192717
    outer loop
      vertex 9.5001 -31.5971 1.21299
      vertex 9.5001 -31.6545 1.35143
      vertex 9.30432 -31.8908 1.04343
    endloop
  endfacet
  facet normal -0.864155 -0.065669 -0.498922
    outer loop
      vertex -3.79003 -31.1 0.586859
      vertex -3.98582 -31.2486 0.945535
      vertex -3.98582 -31.1 0.925976
    endloop
  endfacet
  facet normal -0.864149 -0.0656948 -0.498929
    outer loop
      vertex -3.79003 -31.3363 0.617973
      vertex -3.98582 -31.2486 0.945535
      vertex -3.79003 -31.1 0.586859
    endloop
  endfacet
  facet normal -0.864113 -0.498997 -0.065663
    outer loop
      vertex -3.79003 -31.982 1.26366
      vertex -3.79003 -32.0131 1.5
      vertex -3.98582 -31.6545 1.35143
    endloop
  endfacet
  facet normal -0.864155 -0.498947 -0.0654874
    outer loop
      vertex -3.98582 -31.6545 1.35143
      vertex -3.79003 -32.0131 1.5
      vertex -3.98582 -31.674 1.5
    endloop
  endfacet
  facet normal -0.965356 -0.158986 -0.206907
    outer loop
      vertex -3.98582 -31.387 1.00288
      vertex -4.08717 -31.2384 1.36156
      vertex -4.08717 -31.1979 1.33044
    endloop
  endfacet
  facet normal -0.965345 -0.241218 -0.0996134
    outer loop
      vertex -3.98582 -31.5971 1.21299
      vertex -4.08717 -31.2891 1.44933
      vertex -4.08717 -31.2696 1.40211
    endloop
  endfacet
  facet normal -0.256828 -0.766654 -0.588456
    outer loop
      vertex -2.79579 -32.1516 0.448415
      vertex -3.17402 -32.3002 0.807091
      vertex -3.17402 -32.0799 0.520079
    endloop
  endfacet
  facet normal -0.256625 -0.766831 -0.588315
    outer loop
      vertex -2.79579 -32.3879 0.756417
      vertex -3.17402 -32.3002 0.807091
      vertex -2.79579 -32.1516 0.448415
    endloop
  endfacet
  facet normal -0.86412 -0.464993 -0.192559
    outer loop
      vertex -3.79003 -31.982 1.26366
      vertex -3.98582 -31.6545 1.35143
      vertex -3.79003 -31.8908 1.04343
    endloop
  endfacet
  facet normal -0.704118 -0.656055 -0.27168
    outer loop
      vertex -3.51314 -32.2495 1.192
      vertex -3.79003 -31.982 1.26366
      vertex -3.79003 -31.8908 1.04343
    endloop
  endfacet
  facet normal -0.496743 -0.860491 0.113149
    outer loop
      vertex -3.51314 -32.29 18.6
      vertex -3.17402 -32.4386 18.9587
      vertex -3.51314 -32.2495 18.908
    endloop
  endfacet
  facet normal -0.704083 -0.704057 0.092579
    outer loop
      vertex -3.51314 -32.29 18.6
      vertex -3.51314 -32.2495 18.908
      vertex -3.79003 -32.0131 18.6
    endloop
  endfacet
  facet normal -0.256737 -0.892893 0.369902
    outer loop
      vertex -2.79579 -32.5365 18.9849
      vertex -2.79579 -32.3879 19.3436
      vertex -3.17402 -32.4386 18.9587
    endloop
  endfacet
  facet normal -0.496852 -0.801801 0.332044
    outer loop
      vertex -3.17402 -32.4386 18.9587
      vertex -3.17402 -32.3002 19.2929
      vertex -3.51314 -32.1306 19.195
    endloop
  endfacet
  facet normal -0.864105 -0.465037 0.192516
    outer loop
      vertex -3.79003 -31.982 18.8363
      vertex -3.79003 -31.8908 19.0566
      vertex -3.98582 -31.6545 18.7486
    endloop
  endfacet
  facet normal -0.864107 -0.499004 0.0656751
    outer loop
      vertex -3.79003 -32.0131 18.6
      vertex -3.79003 -31.982 18.8363
      vertex -3.98582 -31.6545 18.7486
    endloop
  endfacet
  facet normal -0.965354 -0.258695 0.0341866
    outer loop
      vertex -3.98582 -31.674 18.6
      vertex -4.08717 -31.2891 18.6507
      vertex -4.08717 -31.2958 18.6
    endloop
  endfacet
  facet normal -0.864156 -0.306269 0.399291
    outer loop
      vertex -3.98582 -31.5059 19.0059
      vertex -3.79003 -31.7457 19.2457
      vertex -3.98582 -31.387 19.0971
    endloop
  endfacet
  facet normal 0.704039 0.56346 0.432252
    outer loop
      vertex 9.02743 32.1306 19.195
      vertex 9.02743 31.9415 19.4415
      vertex 9.30432 31.8908 19.0566
    endloop
  endfacet
  facet normal 0.704079 0.56338 0.432292
    outer loop
      vertex 9.30432 31.8908 19.0566
      vertex 9.02743 31.9415 19.4415
      vertex 9.30432 31.7457 19.2457
    endloop
  endfacet
  facet normal 0.704051 0.656076 0.271803
    outer loop
      vertex 9.02743 32.2495 18.908
      vertex 9.02743 32.1306 19.195
      vertex 9.30432 31.8908 19.0566
    endloop
  endfacet
  facet normal 0.704143 0.656062 0.271597
    outer loop
      vertex 9.02743 32.2495 18.908
      vertex 9.30432 31.8908 19.0566
      vertex 9.30432 31.982 18.8363
    endloop
  endfacet
  facet normal 0.496743 0.113149 0.860491
    outer loop
      vertex 9.02743 31.408 19.7495
      vertex 8.68831 31.4587 19.9386
      vertex 9.02743 31.1 19.79
    endloop
  endfacet
  facet normal 0.704083 0.092579 0.704057
    outer loop
      vertex 9.02743 31.408 19.7495
      vertex 9.02743 31.1 19.79
      vertex 9.30432 31.1 19.5131
    endloop
  endfacet
  facet normal 0.256822 -0.766656 -0.588457
    outer loop
      vertex 8.68831 -32.0799 0.520079
      vertex 8.68831 -32.3002 0.807091
      vertex 8.31007 -32.1516 0.448415
    endloop
  endfacet
  facet normal 0.704118 -0.656055 -0.27168
    outer loop
      vertex 9.30432 -31.8908 1.04343
      vertex 9.30432 -31.982 1.26366
      vertex 9.02743 -32.2495 1.192
    endloop
  endfacet
  facet normal 0.496834 -0.68843 -0.528414
    outer loop
      vertex 8.68831 -32.0799 0.520079
      vertex 9.02743 -32.1306 0.904985
      vertex 8.68831 -32.3002 0.807091
    endloop
  endfacet
  facet normal 0.256591 -0.892988 -0.369775
    outer loop
      vertex 8.68831 -32.3002 0.807091
      vertex 8.68831 -32.4386 1.14132
      vertex 8.31007 -32.3879 0.756417
    endloop
  endfacet
  facet normal 0.704143 -0.271597 0.656062
    outer loop
      vertex 9.30432 -31.3363 19.482
      vertex 9.02743 -31.408 19.7495
      vertex 9.30432 -31.5566 19.3908
    endloop
  endfacet
  facet normal 0.864117 -0.192509 0.465019
    outer loop
      vertex 9.5001 -31.2486 19.1545
      vertex 9.30432 -31.3363 19.482
      vertex 9.30432 -31.5566 19.3908
    endloop
  endfacet
  facet normal 0.496762 -0.332175 0.801802
    outer loop
      vertex 9.02743 -31.408 19.7495
      vertex 8.68831 -31.4587 19.9386
      vertex 9.02743 -31.695 19.6306
    endloop
  endfacet
  facet normal 0.496852 -0.332044 0.801801
    outer loop
      vertex 9.02743 -31.695 19.6306
      vertex 8.68831 -31.4587 19.9386
      vertex 8.68831 -31.7929 19.8002
    endloop
  endfacet
  facet normal 0.864168 0.399276 0.306257
    outer loop
      vertex 9.5001 31.5971 18.887
      vertex 9.30432 31.7457 19.2457
      vertex 9.5001 31.5059 19.0059
    endloop
  endfacet
  facet normal 0.965374 0.206991 0.158769
    outer loop
      vertex 9.5001 31.5971 18.887
      vertex 9.5001 31.5059 19.0059
      vertex 9.60145 31.2384 18.7384
    endloop
  endfacet
  facet normal 0.965374 0.158769 0.206991
    outer loop
      vertex 9.5001 31.5059 19.0059
      vertex 9.5001 31.387 19.0971
      vertex 9.60145 31.2384 18.7384
    endloop
  endfacet
  facet normal 0.864168 0.306257 0.399276
    outer loop
      vertex 9.5001 31.5059 19.0059
      vertex 9.30432 31.7457 19.2457
      vertex 9.5001 31.387 19.0971
    endloop
  endfacet
  facet normal 0.965337 0.159286 0.206766
    outer loop
      vertex 9.60145 31.2384 18.7384
      vertex 9.5001 31.387 19.0971
      vertex 9.60145 31.1979 18.7696
    endloop
  endfacet
  facet normal -0.965337 0.206766 0.159286
    outer loop
      vertex -4.08717 31.2384 18.7384
      vertex -3.98582 31.5971 18.887
      vertex -4.08717 31.2696 18.6979
    endloop
  endfacet
  facet normal -0.965369 0.240984 0.0999456
    outer loop
      vertex -4.08717 31.2891 18.6507
      vertex -3.98582 31.5971 18.887
      vertex -3.98582 31.6545 18.7486
    endloop
  endfacet
  facet normal -0.96537 0.258668 0.0339436
    outer loop
      vertex -4.08717 31.2891 18.6507
      vertex -3.98582 31.6545 18.7486
      vertex -3.98582 31.674 18.6
    endloop
  endfacet
  facet normal -0.96537 0.258666 -0.0339502
    outer loop
      vertex -4.08717 31.2891 1.44933
      vertex -3.98582 31.674 1.5
      vertex -3.98582 31.6545 1.35143
    endloop
  endfacet
  facet normal -0.864155 0.498947 -0.0654874
    outer loop
      vertex -3.98582 31.6545 1.35143
      vertex -3.98582 31.674 1.5
      vertex -3.79003 32.0131 1.5
    endloop
  endfacet
  facet normal -0.864155 0.065669 -0.498922
    outer loop
      vertex -3.98582 31.1 0.925976
      vertex -3.98582 31.2486 0.945535
      vertex -3.79003 31.1 0.586859
    endloop
  endfacet
  facet normal -0.864169 0.306348 -0.399201
    outer loop
      vertex -3.79003 31.5566 0.709196
      vertex -3.98582 31.387 1.00288
      vertex -3.79003 31.7457 0.854312
    endloop
  endfacet
  facet normal -0.96537 0.158801 -0.206988
    outer loop
      vertex -3.98582 31.387 1.00288
      vertex -4.08717 31.2384 1.36156
      vertex -3.98582 31.5059 1.0941
    endloop
  endfacet
  facet normal -0.965365 0.0340308 -0.258675
    outer loop
      vertex -4.08717 31.1 1.30421
      vertex -4.08717 31.1507 1.31088
      vertex -3.98582 31.1 0.925976
    endloop
  endfacet
  facet normal -0.96537 0.206996 -0.158786
    outer loop
      vertex -3.98582 31.5059 1.0941
      vertex -4.08717 31.2384 1.36156
      vertex -3.98582 31.5971 1.21299
    endloop
  endfacet
  facet normal 0.496783 0.33215 -0.8018
    outer loop
      vertex 8.68831 31.7929 0.299846
      vertex 9.02743 31.695 0.469404
      vertex 8.68831 31.4587 0.161402
    endloop
  endfacet
  facet normal 0.25672 0.36989 -0.892903
    outer loop
      vertex 8.31007 31.4849 0.0635071
      vertex 8.68831 31.7929 0.299846
      vertex 8.68831 31.4587 0.161402
    endloop
  endfacet
  facet normal 0.70406 0.092692 -0.704065
    outer loop
      vertex 9.02743 31.408 0.35052
      vertex 9.30432 31.1 0.586859
      vertex 9.02743 31.1 0.309971
    endloop
  endfacet
  facet normal 0.496785 0.11328 -0.860449
    outer loop
      vertex 8.68831 31.4587 0.161402
      vertex 9.02743 31.408 0.35052
      vertex 9.02743 31.1 0.309971
    endloop
  endfacet
  facet normal 0.96537 0.158801 -0.206988
    outer loop
      vertex 9.5001 31.5059 1.0941
      vertex 9.60145 31.2384 1.36156
      vertex 9.5001 31.387 1.00288
    endloop
  endfacet
  facet normal 0.965364 0.0998842 -0.241029
    outer loop
      vertex 9.5001 31.387 1.00288
      vertex 9.60145 31.1979 1.33044
      vertex 9.60145 31.1507 1.31088
    endloop
  endfacet
  facet normal 0.965363 -0.0998723 -0.241038
    outer loop
      vertex 9.5001 -31.2486 0.945535
      vertex 9.60145 -31.1507 1.31088
      vertex 9.5001 -31.387 1.00288
    endloop
  endfacet
  facet normal 0.965364 -0.0340475 -0.258677
    outer loop
      vertex 9.5001 -31.1 0.925976
      vertex 9.60145 -31.1507 1.31088
      vertex 9.5001 -31.2486 0.945535
    endloop
  endfacet
  facet normal 0.864166 -0.498928 -0.0654849
    outer loop
      vertex 9.5001 -31.674 1.5
      vertex 9.30432 -32.0131 1.5
      vertex 9.5001 -31.6545 1.35143
    endloop
  endfacet
  facet normal 0.864124 -0.498978 -0.0656605
    outer loop
      vertex 9.5001 -31.6545 1.35143
      vertex 9.30432 -32.0131 1.5
      vertex 9.30432 -31.982 1.26366
    endloop
  endfacet
  facet normal 0.96537 -0.206996 -0.158786
    outer loop
      vertex 9.5001 -31.5059 1.0941
      vertex 9.60145 -31.2384 1.36156
      vertex 9.5001 -31.5971 1.21299
    endloop
  endfacet
  facet normal 0.864164 -0.399268 -0.306277
    outer loop
      vertex 9.5001 -31.5059 1.0941
      vertex 9.5001 -31.5971 1.21299
      vertex 9.30432 -31.7457 0.854312
    endloop
  endfacet
  facet normal 0.965353 -0.258695 -0.0342068
    outer loop
      vertex 9.60145 -31.2958 1.5
      vertex 9.5001 -31.674 1.5
      vertex 9.60145 -31.2891 1.44933
    endloop
  endfacet
  facet normal -0.96537 -0.240991 -0.0999197
    outer loop
      vertex -3.98582 -31.6545 1.35143
      vertex -4.08717 -31.2891 1.44933
      vertex -3.98582 -31.5971 1.21299
    endloop
  endfacet
  facet normal -0.96537 -0.258666 -0.0339502
    outer loop
      vertex -3.98582 -31.6545 1.35143
      vertex -3.98582 -31.674 1.5
      vertex -4.08717 -31.2891 1.44933
    endloop
  endfacet
  facet normal -0.965364 -0.0998842 -0.241029
    outer loop
      vertex -3.98582 -31.387 1.00288
      vertex -4.08717 -31.1979 1.33044
      vertex -4.08717 -31.1507 1.31088
    endloop
  endfacet
  facet normal -0.496738 -0.860493 -0.113149
    outer loop
      vertex -3.17402 -32.4386 1.14132
      vertex -3.51314 -32.29 1.5
      vertex -3.51314 -32.2495 1.192
    endloop
  endfacet
  facet normal -0.704071 -0.563402 -0.432275
    outer loop
      vertex -3.51314 -32.1306 0.904985
      vertex -3.79003 -31.8908 1.04343
      vertex -3.51314 -31.9415 0.658523
    endloop
  endfacet
  facet normal -0.704083 -0.704057 -0.092579
    outer loop
      vertex -3.51314 -32.2495 1.192
      vertex -3.51314 -32.29 1.5
      vertex -3.79003 -32.0131 1.5
    endloop
  endfacet
  facet normal -0.704116 -0.704015 -0.0926414
    outer loop
      vertex -3.51314 -32.2495 1.192
      vertex -3.79003 -32.0131 1.5
      vertex -3.79003 -31.982 1.26366
    endloop
  endfacet
  facet normal -0.256663 -0.766821 0.588311
    outer loop
      vertex -2.79579 -32.3879 19.3436
      vertex -2.79579 -32.1516 19.6516
      vertex -3.17402 -32.3002 19.2929
    endloop
  endfacet
  facet normal -0.256881 -0.766631 0.588463
    outer loop
      vertex -3.17402 -32.3002 19.2929
      vertex -2.79579 -32.1516 19.6516
      vertex -3.17402 -32.0799 19.5799
    endloop
  endfacet
  facet normal -0.965374 -0.206991 0.158769
    outer loop
      vertex -3.98582 -31.5971 18.887
      vertex -3.98582 -31.5059 19.0059
      vertex -4.08717 -31.2384 18.7384
    endloop
  endfacet
  facet normal -0.864156 -0.399291 0.306269
    outer loop
      vertex -3.98582 -31.5971 18.887
      vertex -3.79003 -31.7457 19.2457
      vertex -3.98582 -31.5059 19.0059
    endloop
  endfacet
  facet normal -0.965337 -0.159286 0.206766
    outer loop
      vertex -4.08717 -31.2384 18.7384
      vertex -3.98582 -31.387 19.0971
      vertex -4.08717 -31.1979 18.7696
    endloop
  endfacet
  facet normal -0.965345 -0.0996496 0.241203
    outer loop
      vertex -4.08717 -31.1979 18.7696
      vertex -3.98582 -31.387 19.0971
      vertex -4.08717 -31.1507 18.7891
    endloop
  endfacet
  facet normal 0.864117 0.465019 0.192509
    outer loop
      vertex 9.30432 31.982 18.8363
      vertex 9.30432 31.8908 19.0566
      vertex 9.5001 31.6545 18.7486
    endloop
  endfacet
  facet normal 0.864119 0.498985 0.0656726
    outer loop
      vertex 9.30432 32.0131 18.6
      vertex 9.30432 31.982 18.8363
      vertex 9.5001 31.6545 18.7486
    endloop
  endfacet
  facet normal 0.496743 0.860491 0.113149
    outer loop
      vertex 9.02743 32.29 18.6
      vertex 8.68831 32.4386 18.9587
      vertex 9.02743 32.2495 18.908
    endloop
  endfacet
  facet normal 0.704083 0.704057 0.092579
    outer loop
      vertex 9.02743 32.29 18.6
      vertex 9.02743 32.2495 18.908
      vertex 9.30432 32.0131 18.6
    endloop
  endfacet
  facet normal 0.256802 -0.588363 -0.766734
    outer loop
      vertex 8.68831 -31.7929 0.299846
      vertex 8.68831 -32.0799 0.520079
      vertex 8.31007 -32.1516 0.448415
    endloop
  endfacet
  facet normal 0.496783 -0.528344 -0.68852
    outer loop
      vertex 9.02743 -31.695 0.469404
      vertex 8.68831 -32.0799 0.520079
      vertex 8.68831 -31.7929 0.299846
    endloop
  endfacet
  facet normal 0.965337 0.206766 0.159286
    outer loop
      vertex 9.60145 31.2696 18.6979
      vertex 9.5001 31.5971 18.887
      vertex 9.60145 31.2384 18.7384
    endloop
  endfacet
  facet normal -0.96537 0.240991 -0.0999197
    outer loop
      vertex -3.98582 31.5971 1.21299
      vertex -4.08717 31.2891 1.44933
      vertex -3.98582 31.6545 1.35143
    endloop
  endfacet
  facet normal -0.864174 0.464822 -0.192725
    outer loop
      vertex -3.98582 31.5971 1.21299
      vertex -3.98582 31.6545 1.35143
      vertex -3.79003 31.8908 1.04343
    endloop
  endfacet
  facet normal -0.965364 0.0340475 -0.258677
    outer loop
      vertex -3.98582 31.1 0.925976
      vertex -4.08717 31.1507 1.31088
      vertex -3.98582 31.2486 0.945535
    endloop
  endfacet
  facet normal 0.965356 0.158986 -0.206907
    outer loop
      vertex 9.5001 31.387 1.00288
      vertex 9.60145 31.2384 1.36156
      vertex 9.60145 31.1979 1.33044
    endloop
  endfacet
  facet normal 0.965345 -0.241218 -0.0996134
    outer loop
      vertex 9.60145 -31.2696 1.40211
      vertex 9.60145 -31.2891 1.44933
      vertex 9.5001 -31.5971 1.21299
    endloop
  endfacet
  facet normal 0.965344 -0.206839 -0.159146
    outer loop
      vertex 9.60145 -31.2384 1.36156
      vertex 9.60145 -31.2696 1.40211
      vertex 9.5001 -31.5971 1.21299
    endloop
  endfacet
  facet normal -0.864174 -0.464822 -0.192725
    outer loop
      vertex -3.79003 -31.8908 1.04343
      vertex -3.98582 -31.6545 1.35143
      vertex -3.98582 -31.5971 1.21299
    endloop
  endfacet
  facet normal -0.864165 -0.399238 -0.306314
    outer loop
      vertex -3.79003 -31.8908 1.04343
      vertex -3.98582 -31.5971 1.21299
      vertex -3.79003 -31.7457 0.854312
    endloop
  endfacet
  facet normal -0.704072 -0.656062 -0.271783
    outer loop
      vertex -3.51314 -32.1306 0.904985
      vertex -3.51314 -32.2495 1.192
      vertex -3.79003 -31.8908 1.04343
    endloop
  endfacet
  facet normal -0.496749 -0.801816 -0.332163
    outer loop
      vertex -3.17402 -32.4386 1.14132
      vertex -3.51314 -32.2495 1.192
      vertex -3.51314 -32.1306 0.904985
    endloop
  endfacet
  facet normal 0.496846 -0.801814 -0.332021
    outer loop
      vertex 9.02743 -32.1306 0.904985
      vertex 8.68831 -32.4386 1.14132
      vertex 8.68831 -32.3002 0.807091
    endloop
  endfacet
  facet normal 0.496723 -0.528302 -0.688595
    outer loop
      vertex 9.02743 -31.695 0.469404
      vertex 9.02743 -31.9415 0.658523
      vertex 8.68831 -32.0799 0.520079
    endloop
  endfacet
  facet normal -0.965344 0.206839 -0.159146
    outer loop
      vertex -4.08717 31.2384 1.36156
      vertex -4.08717 31.2696 1.40211
      vertex -3.98582 31.5971 1.21299
    endloop
  endfacet
  facet normal -0.965364 0.0998842 -0.241029
    outer loop
      vertex -4.08717 31.1507 1.31088
      vertex -4.08717 31.1979 1.33044
      vertex -3.98582 31.387 1.00288
    endloop
  endfacet
  facet normal -0.965363 0.0998723 -0.241038
    outer loop
      vertex -3.98582 31.2486 0.945535
      vertex -4.08717 31.1507 1.31088
      vertex -3.98582 31.387 1.00288
    endloop
  endfacet
  facet normal 0.496709 -0.688588 -0.528325
    outer loop
      vertex 9.02743 -31.9415 0.658523
      vertex 9.02743 -32.1306 0.904985
      vertex 8.68831 -32.0799 0.520079
    endloop
  endfacet
  facet normal 0.704071 -0.563402 -0.432275
    outer loop
      vertex 9.02743 -31.9415 0.658523
      vertex 9.30432 -31.8908 1.04343
      vertex 9.02743 -32.1306 0.904985
    endloop
  endfacet
  facet normal -0.965356 0.158986 -0.206907
    outer loop
      vertex -4.08717 31.1979 1.33044
      vertex -4.08717 31.2384 1.36156
      vertex -3.98582 31.387 1.00288
    endloop
  endfacet
  facet normal -0.447213 0.894427 0
    outer loop
      vertex 3.5 -29.55 11.5
      vertex 0.599999 -31 14.5
      vertex 0.599999 -31 18.5
    endloop
  endfacet
  facet normal -0.447213 0.894427 0
    outer loop
      vertex 0.599999 -31 14.5
      vertex 3.5 -29.55 11.5
      vertex 3.5 -29.55 11.49
    endloop
  endfacet
  facet normal 0 -1 0
    outer loop
      vertex -2.5 31 11.5
      vertex -2.5 31 0.0128336
      vertex -1.2 31 11.5
    endloop
  endfacet
  facet normal 0 -1 0
    outer loop
      vertex -1.2 31 14.5
      vertex 0.599999 31 18.5
      vertex -1.2 31 18.5
    endloop
  endfacet
  facet normal 0 -1 0
    outer loop
      vertex -1.2 31 14.5
      vertex 0.599999 31 14.5
      vertex 0.599999 31 18.5
    endloop
  endfacet
  facet normal 0 -1 0
    outer loop
      vertex -1.2 31 11.5
      vertex 0.599999 31 14.5
      vertex -1.2 31 14.5
    endloop
  endfacet
  facet normal 0 -1 0
    outer loop
      vertex 0.599999 31 0.0128336
      vertex -1.2 31 11.5
      vertex -2.5 31 0.0128336
    endloop
  endfacet
  facet normal 0 -1 0
    outer loop
      vertex -1.2 31 11.5
      vertex 0.599999 31 0.0128336
      vertex 0.599999 31 14.5
    endloop
  endfacet
  facet normal -0.923856 0 -0.38274
    outer loop
      vertex 3.5 -29.55 11.5
      vertex 0.599999 31 18.5
      vertex 3.5 29.55 11.5
    endloop
  endfacet
  facet normal -0.923856 -0 -0.38274
    outer loop
      vertex 0.599999 31 18.5
      vertex 3.5 -29.55 11.5
      vertex 0.599999 -31 18.5
    endloop
  endfacet
  facet normal 0.744569 -0.667545 0
    outer loop
      vertex -2.5 29.55 11.5
      vertex -1.2 31 14.5
      vertex -1.2 31 18.5
    endloop
  endfacet
  facet normal 0.743294 -0.668964 0.00123882
    outer loop
      vertex -1.2 31 14.5
      vertex -2.5 29.55 11.5
      vertex -2.49568 29.5548 11.5
    endloop
  endfacet
  facet normal 0 0.900913 0.434
    outer loop
      vertex -1.2 -29.5548 11.5
      vertex -2.49568 -29.5548 11.5
      vertex -1.2 -31 14.5
    endloop
  endfacet
  facet normal 0 0.900915 0.433996
    outer loop
      vertex 3.5 -29.55 11.49
      vertex 0.599999 -29.55 11.49
      vertex 0.599999 -31 14.5
    endloop
  endfacet
  facet normal 0 0 -1
    outer loop
      vertex -1.2 -31 18.5
      vertex 0.599999 31 18.5
      vertex 0.599999 -31 18.5
    endloop
  endfacet
  facet normal -0 0 -1
    outer loop
      vertex 0.599999 31 18.5
      vertex -1.2 -31 18.5
      vertex -1.2 31 18.5
    endloop
  endfacet
  facet normal 0.983189 0 -0.182592
    outer loop
      vertex -1.2 31 18.5
      vertex -2.5 -29.55 11.5
      vertex -2.5 29.55 11.5
    endloop
  endfacet
  facet normal 0.983189 0 -0.182592
    outer loop
      vertex -2.5 -29.55 11.5
      vertex -1.2 31 18.5
      vertex -1.2 -31 18.5
    endloop
  endfacet
  facet normal -0.447213 -0.894427 0
    outer loop
      vertex 0.599999 31 14.5
      vertex 3.5 29.55 11.5
      vertex 0.599999 31 18.5
    endloop
  endfacet
  facet normal -0.447213 -0.894427 -0
    outer loop
      vertex 3.5 29.55 11.5
      vertex 0.599999 31 14.5
      vertex 3.5 29.55 11.49
    endloop
  endfacet
  facet normal 0 -0.900913 0.434
    outer loop
      vertex -2.49568 29.5548 11.5
      vertex -1.2 29.5548 11.5
      vertex -1.2 31 14.5
    endloop
  endfacet
  facet normal 0 -0.900915 0.433996
    outer loop
      vertex 0.599999 29.55 11.49
      vertex 3.5 29.55 11.49
      vertex 0.599999 31 14.5
    endloop
  endfacet
  facet normal 1 -0 0
    outer loop
      vertex -2.5 29.55 0.8
      vertex -2.5 31 0.0128336
      vertex -2.5 31 11.5
    endloop
  endfacet
  facet normal 1 0 0
    outer loop
      vertex -2.5 29.55 0.8
      vertex -2.5 31 11.5
      vertex -2.5 29.55 11.5
    endloop
  endfacet
  facet normal 1 0 0
    outer loop
      vertex -2.5 31 0.0128336
      vertex -2.5 29.55 0.8
      vertex -2.5 30.3372 0.0128336
    endloop
  endfacet
  facet normal 1 -0 0
    outer loop
      vertex -2.5 -29.55 11.5
      vertex -2.5 29.55 0.8
      vertex -2.5 29.55 11.5
    endloop
  endfacet
  facet normal 1 0 0
    outer loop
      vertex -2.5 -29.55 11.5
      vertex -2.5 -29.55 0.8
      vertex -2.5 29.55 0.8
    endloop
  endfacet
  facet normal 1 -0 0
    outer loop
      vertex -2.5 -31 11.5
      vertex -2.5 -29.55 0.8
      vertex -2.5 -29.55 11.5
    endloop
  endfacet
  facet normal 1 0 0
    outer loop
      vertex -2.5 -31 0.0128336
      vertex -2.5 -29.55 0.8
      vertex -2.5 -31 11.5
    endloop
  endfacet
  facet normal 1 0 0
    outer loop
      vertex -2.5 -29.55 0.8
      vertex -2.5 -31 0.0128336
      vertex -2.5 -30.3372 0.0128336
    endloop
  endfacet
  facet normal 0.744569 0.667545 -0
    outer loop
      vertex -1.2 -31 14.5
      vertex -2.5 -29.55 11.5
      vertex -1.2 -31 18.5
    endloop
  endfacet
  facet normal 0.743294 0.668964 0.00123882
    outer loop
      vertex -2.5 -29.55 11.5
      vertex -1.2 -31 14.5
      vertex -2.49568 -29.5548 11.5
    endloop
  endfacet
  facet normal 0 1 -0
    outer loop
      vertex 0.599999 -31 14.5
      vertex -1.2 -31 18.5
      vertex 0.599999 -31 18.5
    endloop
  endfacet
  facet normal 0 1 0
    outer loop
      vertex 0.599999 -31 14.5
      vertex -1.2 -31 14.5
      vertex -1.2 -31 18.5
    endloop
  endfacet
  facet normal 0 1 0
    outer loop
      vertex 0.599999 -31 14.5
      vertex -1.2 -31 11.5
      vertex -1.2 -31 14.5
    endloop
  endfacet
  facet normal 0 1 -0
    outer loop
      vertex 0.599999 -31 0.0128336
      vertex -1.2 -31 11.5
      vertex 0.599999 -31 14.5
    endloop
  endfacet
  facet normal 0 1 0
    outer loop
      vertex -2.5 -31 0.0128336
      vertex -1.2 -31 11.5
      vertex 0.599999 -31 0.0128336
    endloop
  endfacet
  facet normal 0 1 0
    outer loop
      vertex -1.2 -31 11.5
      vertex -2.5 -31 0.0128336
      vertex -2.5 -31 11.5
    endloop
  endfacet
  facet normal 0 1 0
    outer loop
      vertex 3.5 -29.55 11.49
      vertex 1.99789 -29.55 8.74358
      vertex 0.599999 -29.55 11.49
    endloop
  endfacet
  facet normal 0 1 0
    outer loop
      vertex 3.5 -29.55 11.49
      vertex 2.18701 -29.55 8.69291
      vertex 1.99789 -29.55 8.74358
    endloop
  endfacet
  facet normal 0 1 0
    outer loop
      vertex 3.5 -29.55 11.49
      vertex 2.35657 -29.55 8.59502
      vertex 2.18701 -29.55 8.69291
    endloop
  endfacet
  facet normal 0 1 0
    outer loop
      vertex 3.5 -29.55 11.49
      vertex 2.49501 -29.55 8.45657
      vertex 2.35657 -29.55 8.59502
    endloop
  endfacet
  facet normal 0 1 0
    outer loop
      vertex 3.5 -29.55 11.49
      vertex 2.59291 -29.55 8.28701
      vertex 2.49501 -29.55 8.45657
    endloop
  endfacet
  facet normal 0 1 0
    outer loop
      vertex 3.5 -29.55 11.49
      vertex 2.64358 -29.55 8.09789
      vertex 2.59291 -29.55 8.28701
    endloop
  endfacet
  facet normal 0 1 0
    outer loop
      vertex 3.5 -29.55 11.49
      vertex 2.64358 -29.55 7.90211
      vertex 2.64358 -29.55 8.09789
    endloop
  endfacet
  facet normal 0 1 0
    outer loop
      vertex 2.18701 -29.55 7.30709
      vertex 0.599999 -29.55 0.8
      vertex 1.99789 -29.55 7.25642
    endloop
  endfacet
  facet normal 0 1 0
    outer loop
      vertex 0.599999 -29.55 0.8
      vertex 2.18701 -29.55 7.30709
      vertex 7.70051 -29.55 0.8
    endloop
  endfacet
  facet normal 0 1 0
    outer loop
      vertex 2.35657 -29.55 7.40499
      vertex 7.70051 -29.55 0.8
      vertex 2.18701 -29.55 7.30709
    endloop
  endfacet
  facet normal 0 1 0
    outer loop
      vertex 2.49501 -29.55 7.54343
      vertex 7.70051 -29.55 0.8
      vertex 2.35657 -29.55 7.40499
    endloop
  endfacet
  facet normal 0 1 0
    outer loop
      vertex 2.59291 -29.55 7.71299
      vertex 7.70051 -29.55 0.8
      vertex 2.49501 -29.55 7.54343
    endloop
  endfacet
  facet normal 0 1 0
    outer loop
      vertex 2.64358 -29.55 7.90211
      vertex 7.70051 -29.55 0.8
      vertex 2.59291 -29.55 7.71299
    endloop
  endfacet
  facet normal 0 1 0
    outer loop
      vertex 3.5 -29.55 11.49
      vertex 7.70051 -29.55 0.8
      vertex 2.64358 -29.55 7.90211
    endloop
  endfacet
  facet normal 0 1 0
    outer loop
      vertex 7.70051 -29.55 0.8
      vertex 3.5 -29.55 11.49
      vertex 3.5 -29.55 11.5
    endloop
  endfacet
  facet normal 0 1 -0
    outer loop
      vertex 1.8021 -29.55 8.74358
      vertex 0.599999 -29.55 11.49
      vertex 1.99789 -29.55 8.74358
    endloop
  endfacet
  facet normal 0 1 -0
    outer loop
      vertex 1.61299 -29.55 8.69291
      vertex 0.599999 -29.55 11.49
      vertex 1.8021 -29.55 8.74358
    endloop
  endfacet
  facet normal 0 1 -0
    outer loop
      vertex 1.44343 -29.55 8.59502
      vertex 0.599999 -29.55 11.49
      vertex 1.61299 -29.55 8.69291
    endloop
  endfacet
  facet normal 0 1 -0
    outer loop
      vertex 1.30498 -29.55 8.45657
      vertex 0.599999 -29.55 11.49
      vertex 1.44343 -29.55 8.59502
    endloop
  endfacet
  facet normal 0 1 -0
    outer loop
      vertex 1.20709 -29.55 8.28701
      vertex 0.599999 -29.55 11.49
      vertex 1.30498 -29.55 8.45657
    endloop
  endfacet
  facet normal 0 1 -0
    outer loop
      vertex 1.15642 -29.55 8.09789
      vertex 0.599999 -29.55 11.49
      vertex 1.20709 -29.55 8.28701
    endloop
  endfacet
  facet normal 0 1 -0
    outer loop
      vertex 1.15642 -29.55 7.90211
      vertex 0.599999 -29.55 11.49
      vertex 1.15642 -29.55 8.09789
    endloop
  endfacet
  facet normal 0 1 0
    outer loop
      vertex 1.99789 -29.55 7.25642
      vertex 0.599999 -29.55 0.8
      vertex 1.8021 -29.55 7.25642
    endloop
  endfacet
  facet normal 0 1 0
    outer loop
      vertex 1.8021 -29.55 7.25642
      vertex 0.599999 -29.55 0.8
      vertex 1.61299 -29.55 7.30709
    endloop
  endfacet
  facet normal 0 1 0
    outer loop
      vertex 1.61299 -29.55 7.30709
      vertex 0.599999 -29.55 0.8
      vertex 1.44343 -29.55 7.40499
    endloop
  endfacet
  facet normal 0 1 0
    outer loop
      vertex 1.15642 -29.55 7.90211
      vertex 0.599999 -29.55 0.8
      vertex 0.599999 -29.55 11.49
    endloop
  endfacet
  facet normal 0 1 0
    outer loop
      vertex 1.20709 -29.55 7.71299
      vertex 0.599999 -29.55 0.8
      vertex 1.15642 -29.55 7.90211
    endloop
  endfacet
  facet normal 0 1 0
    outer loop
      vertex 1.30498 -29.55 7.54343
      vertex 0.599999 -29.55 0.8
      vertex 1.20709 -29.55 7.71299
    endloop
  endfacet
  facet normal 0 1 0
    outer loop
      vertex 1.44343 -29.55 7.40499
      vertex 0.599999 -29.55 0.8
      vertex 1.30498 -29.55 7.54343
    endloop
  endfacet
  facet normal -0.930842 0 -0.365422
    outer loop
      vertex 7.70051 -29.55 0.8
      vertex 3.5 29.55 11.5
      vertex 7.70051 29.55 0.8
    endloop
  endfacet
  facet normal -0.930842 -0 -0.365422
    outer loop
      vertex 3.5 29.55 11.5
      vertex 7.70051 -29.55 0.8
      vertex 3.5 -29.55 11.5
    endloop
  endfacet
  facet normal 0 -1 0
    outer loop
      vertex 1.99789 29.55 8.74358
      vertex 0.599999 29.55 11.49
      vertex 1.8021 29.55 8.74358
    endloop
  endfacet
  facet normal 0 -1 0
    outer loop
      vertex 0.599999 29.55 11.49
      vertex 1.61299 29.55 8.69291
      vertex 1.8021 29.55 8.74358
    endloop
  endfacet
  facet normal 0 -1 0
    outer loop
      vertex 0.599999 29.55 11.49
      vertex 1.44343 29.55 8.59502
      vertex 1.61299 29.55 8.69291
    endloop
  endfacet
  facet normal 0 -1 0
    outer loop
      vertex 0.599999 29.55 11.49
      vertex 1.30498 29.55 8.45657
      vertex 1.44343 29.55 8.59502
    endloop
  endfacet
  facet normal 0 -1 0
    outer loop
      vertex 0.599999 29.55 11.49
      vertex 1.20709 29.55 8.28701
      vertex 1.30498 29.55 8.45657
    endloop
  endfacet
  facet normal 0 -1 0
    outer loop
      vertex 0.599999 29.55 11.49
      vertex 1.15642 29.55 8.09789
      vertex 1.20709 29.55 8.28701
    endloop
  endfacet
  facet normal 0 -1 0
    outer loop
      vertex 0.599999 29.55 11.49
      vertex 1.15642 29.55 7.90211
      vertex 1.15642 29.55 8.09789
    endloop
  endfacet
  facet normal 0 -1 -0
    outer loop
      vertex 1.8021 29.55 7.25642
      vertex 0.599999 29.55 0.8
      vertex 1.99789 29.55 7.25642
    endloop
  endfacet
  facet normal 0 -1 -0
    outer loop
      vertex 1.61299 29.55 7.30709
      vertex 0.599999 29.55 0.8
      vertex 1.8021 29.55 7.25642
    endloop
  endfacet
  facet normal 0 -1 -0
    outer loop
      vertex 1.44343 29.55 7.40499
      vertex 0.599999 29.55 0.8
      vertex 1.61299 29.55 7.30709
    endloop
  endfacet
  facet normal 0 -1 -0
    outer loop
      vertex 1.30498 29.55 7.54343
      vertex 0.599999 29.55 0.8
      vertex 1.44343 29.55 7.40499
    endloop
  endfacet
  facet normal 0 -1 -0
    outer loop
      vertex 1.20709 29.55 7.71299
      vertex 0.599999 29.55 0.8
      vertex 1.30498 29.55 7.54343
    endloop
  endfacet
  facet normal 0 -1 -0
    outer loop
      vertex 1.15642 29.55 7.90211
      vertex 0.599999 29.55 0.8
      vertex 1.20709 29.55 7.71299
    endloop
  endfacet
  facet normal 0 -1 0
    outer loop
      vertex 0.599999 29.55 0.8
      vertex 1.15642 29.55 7.90211
      vertex 0.599999 29.55 11.49
    endloop
  endfacet
  facet normal 0 -1 0
    outer loop
      vertex 0.599999 29.55 11.49
      vertex 1.99789 29.55 8.74358
      vertex 3.5 29.55 11.49
    endloop
  endfacet
  facet normal 0 -1 0
    outer loop
      vertex 2.18701 29.55 8.69291
      vertex 3.5 29.55 11.49
      vertex 1.99789 29.55 8.74358
    endloop
  endfacet
  facet normal 0 -1 0
    outer loop
      vertex 2.35657 29.55 8.59502
      vertex 3.5 29.55 11.49
      vertex 2.18701 29.55 8.69291
    endloop
  endfacet
  facet normal 0 -1 0
    outer loop
      vertex 2.49501 29.55 8.45657
      vertex 3.5 29.55 11.49
      vertex 2.35657 29.55 8.59502
    endloop
  endfacet
  facet normal 0 -1 0
    outer loop
      vertex 2.59291 29.55 8.28701
      vertex 3.5 29.55 11.49
      vertex 2.49501 29.55 8.45657
    endloop
  endfacet
  facet normal 0 -1 0
    outer loop
      vertex 2.64358 29.55 8.09789
      vertex 3.5 29.55 11.49
      vertex 2.59291 29.55 8.28701
    endloop
  endfacet
  facet normal 0 -1 0
    outer loop
      vertex 2.64358 29.55 7.90211
      vertex 3.5 29.55 11.49
      vertex 2.64358 29.55 8.09789
    endloop
  endfacet
  facet normal 0 -1 0
    outer loop
      vertex 0.599999 29.55 0.8
      vertex 2.18701 29.55 7.30709
      vertex 1.99789 29.55 7.25642
    endloop
  endfacet
  facet normal 0 -1 0
    outer loop
      vertex 7.70051 29.55 0.8
      vertex 2.18701 29.55 7.30709
      vertex 0.599999 29.55 0.8
    endloop
  endfacet
  facet normal 0 -1 0
    outer loop
      vertex 2.18701 29.55 7.30709
      vertex 7.70051 29.55 0.8
      vertex 2.35657 29.55 7.40499
    endloop
  endfacet
  facet normal 0 -1 0
    outer loop
      vertex 2.35657 29.55 7.40499
      vertex 7.70051 29.55 0.8
      vertex 2.49501 29.55 7.54343
    endloop
  endfacet
  facet normal 0 -1 0
    outer loop
      vertex 3.5 29.55 11.49
      vertex 7.70051 29.55 0.8
      vertex 3.5 29.55 11.5
    endloop
  endfacet
  facet normal 0 -1 0
    outer loop
      vertex 2.64358 29.55 7.90211
      vertex 7.70051 29.55 0.8
      vertex 3.5 29.55 11.49
    endloop
  endfacet
  facet normal 0 -1 0
    outer loop
      vertex 2.59291 29.55 7.71299
      vertex 7.70051 29.55 0.8
      vertex 2.64358 29.55 7.90211
    endloop
  endfacet
  facet normal 0 -1 0
    outer loop
      vertex 2.49501 29.55 7.54343
      vertex 7.70051 29.55 0.8
      vertex 2.59291 29.55 7.71299
    endloop
  endfacet
  facet normal -1 0 0
    outer loop
      vertex 0.599999 -31 0.0128336
      vertex 0.599999 -29.55 0.8
      vertex 0.599999 -30.3372 0.0128336
    endloop
  endfacet
  facet normal -1 -0 0
    outer loop
      vertex 0.599999 -29.55 0.8
      vertex 0.599999 -31 0.0128336
      vertex 0.599999 -29.55 11.49
    endloop
  endfacet
  facet normal -1 -0 0
    outer loop
      vertex 0.599999 -29.55 11.49
      vertex 0.599999 -31 0.0128336
      vertex 0.599999 -31 14.5
    endloop
  endfacet
  facet normal -1 0 0
    outer loop
      vertex 0.599999 29.55 0.8
      vertex 0.599999 31 0.0128336
      vertex 0.599999 30.3372 0.0128336
    endloop
  endfacet
  facet normal -1 0 0
    outer loop
      vertex 0.599999 31 0.0128336
      vertex 0.599999 29.55 0.8
      vertex 0.599999 29.55 11.49
    endloop
  endfacet
  facet normal -1 0 0
    outer loop
      vertex 0.599999 31 0.0128336
      vertex 0.599999 29.55 11.49
      vertex 0.599999 31 14.5
    endloop
  endfacet
  facet normal 1 0 0
    outer loop
      vertex -1.2 -31 11.5
      vertex -1.2 -29.5548 11.5
      vertex -1.2 -31 14.5
    endloop
  endfacet
  facet normal 1 0 0
    outer loop
      vertex -1.2 29.5548 11.5
      vertex -1.2 31 11.5
      vertex -1.2 31 14.5
    endloop
  endfacet
  facet normal 0 0 -1
    outer loop
      vertex -1.2 -31 11.5
      vertex -2.49568 -29.5548 11.5
      vertex -1.2 -29.5548 11.5
    endloop
  endfacet
  facet normal 0 0 -1
    outer loop
      vertex -2.5 -31 11.5
      vertex -2.49568 -29.5548 11.5
      vertex -1.2 -31 11.5
    endloop
  endfacet
  facet normal -0 0 -1
    outer loop
      vertex -2.49568 -29.5548 11.5
      vertex -2.5 -31 11.5
      vertex -2.5 -29.55 11.5
    endloop
  endfacet
  facet normal 0 0 -1
    outer loop
      vertex -2.49568 29.5548 11.5
      vertex -1.2 31 11.5
      vertex -1.2 29.5548 11.5
    endloop
  endfacet
  facet normal 0 0 -1
    outer loop
      vertex -2.5 31 11.5
      vertex -2.49568 29.5548 11.5
      vertex -2.5 29.55 11.5
    endloop
  endfacet
  facet normal 0 0 -1
    outer loop
      vertex -2.49568 29.5548 11.5
      vertex -2.5 31 11.5
      vertex -1.2 31 11.5
    endloop
  endfacet
  facet normal 0 0.707092 -0.707122
    outer loop
      vertex 8.31007 -30.3372 0.0128336
      vertex 7.70051 -29.55 0.8
      vertex 8.01429 -29.55 0.8
    endloop
  endfacet
  facet normal 0.000959006 0.707587 -0.706626
    outer loop
      vertex 8.68831 -30.2358 0.114182
      vertex 8.01429 -29.55 0.8
      vertex 8.69579 -30.2315 0.118498
    endloop
  endfacet
  facet normal -8.02896e-05 0.707077 -0.707137
    outer loop
      vertex 8.01429 -29.55 0.8
      vertex 8.68831 -30.2358 0.114182
      vertex 8.31007 -30.3372 0.0128336
    endloop
  endfacet
  facet normal 0 0.707092 -0.707122
    outer loop
      vertex 7.70051 -29.55 0.8
      vertex 8.31007 -30.3372 0.0128336
      vertex 0.599999 -30.3372 0.0128336
    endloop
  endfacet
  facet normal 0 0.707092 -0.707122
    outer loop
      vertex 7.70051 -29.55 0.8
      vertex 0.599999 -30.3372 0.0128336
      vertex 0.599999 -29.55 0.8
    endloop
  endfacet
  facet normal 0 0.707092 -0.707122
    outer loop
      vertex -2.79579 -30.3372 0.0128336
      vertex -2.5 -29.55 0.8
      vertex -2.5 -30.3372 0.0128336
    endloop
  endfacet
  facet normal 8.02913e-05 0.707077 -0.707137
    outer loop
      vertex -3.17402 -30.2358 0.114182
      vertex -2.5 -29.55 0.8
      vertex -2.79579 -30.3372 0.0128336
    endloop
  endfacet
  facet normal -0.000959006 0.707587 -0.706626
    outer loop
      vertex -2.5 -29.55 0.8
      vertex -3.17402 -30.2358 0.114182
      vertex -3.1815 -30.2315 0.118498
    endloop
  endfacet
  facet normal 0.707108 0 -0.707106
    outer loop
      vertex -2.5 -29.55 0.8
      vertex -3.1815 30.2315 0.118498
      vertex -2.5 29.55 0.8
    endloop
  endfacet
  facet normal 0.707108 0 -0.707106
    outer loop
      vertex -3.1815 30.2315 0.118498
      vertex -2.5 -29.55 0.8
      vertex -3.1815 -30.2315 0.118498
    endloop
  endfacet
  facet normal 0 0 -1
    outer loop
      vertex 7.70051 -29.55 0.8
      vertex 8.01429 29.55 0.8
      vertex 8.01429 -29.55 0.8
    endloop
  endfacet
  facet normal -0 0 -1
    outer loop
      vertex 8.01429 29.55 0.8
      vertex 7.70051 -29.55 0.8
      vertex 7.70051 29.55 0.8
    endloop
  endfacet
  facet normal 0 -0.707092 -0.707122
    outer loop
      vertex -2.5 29.55 0.8
      vertex -2.79579 30.3372 0.0128336
      vertex -2.5 30.3372 0.0128336
    endloop
  endfacet
  facet normal 8.02913e-05 -0.707077 -0.707137
    outer loop
      vertex -2.5 29.55 0.8
      vertex -3.17402 30.2358 0.114182
      vertex -2.79579 30.3372 0.0128336
    endloop
  endfacet
  facet normal -0.000959006 -0.707587 -0.706626
    outer loop
      vertex -3.17402 30.2358 0.114182
      vertex -2.5 29.55 0.8
      vertex -3.1815 30.2315 0.118498
    endloop
  endfacet
  facet normal 0 -0.707092 -0.707122
    outer loop
      vertex 0.599999 30.3372 0.0128336
      vertex 7.70051 29.55 0.8
      vertex 0.599999 29.55 0.8
    endloop
  endfacet
  facet normal -0 -0.707092 -0.707122
    outer loop
      vertex 8.31007 30.3372 0.0128336
      vertex 7.70051 29.55 0.8
      vertex 0.599999 30.3372 0.0128336
    endloop
  endfacet
  facet normal -8.02896e-05 -0.707077 -0.707137
    outer loop
      vertex 8.68831 30.2358 0.114182
      vertex 8.01429 29.55 0.8
      vertex 8.31007 30.3372 0.0128336
    endloop
  endfacet
  facet normal 0 -0.707092 -0.707122
    outer loop
      vertex 7.70051 29.55 0.8
      vertex 8.31007 30.3372 0.0128336
      vertex 8.01429 29.55 0.8
    endloop
  endfacet
  facet normal 0.000959006 -0.707587 -0.706626
    outer loop
      vertex 8.01429 29.55 0.8
      vertex 8.68831 30.2358 0.114182
      vertex 8.69579 30.2315 0.118498
    endloop
  endfacet
  facet normal -0.707108 0 -0.707106
    outer loop
      vertex 8.01429 -29.55 0.8
      vertex 8.69579 30.2315 0.118498
      vertex 8.69579 -30.2315 0.118498
    endloop
  endfacet
  facet normal -0.707108 0 -0.707106
    outer loop
      vertex 8.69579 30.2315 0.118498
      vertex 8.01429 -29.55 0.8
      vertex 8.01429 29.55 0.8
    endloop
  endfacet
  facet normal 0.256815 0.126173 0.958189
    outer loop
      vertex 2.18701 -29.3707 8.6693
      vertex 1.99789 -29.3575 8.71825
      vertex 2.18701 -29.55 8.69291
    endloop
  endfacet
  facet normal -0.256828 0.126173 -0.958186
    outer loop
      vertex 1.61299 -29.55 7.30709
      vertex 1.61299 -29.3707 7.3307
      vertex 1.8021 -29.3575 7.28175
    endloop
  endfacet
  facet normal 0.965383 0.158686 -0.207011
    outer loop
      vertex 2.59291 -29.347 7.79705
      vertex 2.64358 -29.5011 7.91522
      vertex 2.59291 -29.4065 7.75144
    endloop
  endfacet
  facet normal 0.497023 0.688308 0.528394
    outer loop
      vertex 2.35657 -29.0347 8.29751
      vertex 2.18701 -29.06 8.48996
      vertex 2.35657 -29.1293 8.42074
    endloop
  endfacet
  facet normal -0.965362 0.258672 -0.0341274
    outer loop
      vertex 1.20709 -29.2728 7.92572
      vertex 1.15642 -29.4521 8
      vertex 1.20709 -29.263 8
    endloop
  endfacet
  facet normal 0.256649 0.588376 0.766776
    outer loop
      vertex 1.99789 -29.0242 8.52579
      vertex 1.99789 -29.1782 8.64396
      vertex 2.18701 -29.06 8.48996
    endloop
  endfacet
  facet normal 0.496759 0.113304 0.860461
    outer loop
      vertex 2.18701 -29.3707 8.6693
      vertex 2.18701 -29.55 8.69291
      vertex 2.35657 -29.55 8.59502
    endloop
  endfacet
  facet normal 0.256532 0.958226 0.126469
    outer loop
      vertex 1.99789 -28.8064 8
      vertex 1.99789 -28.8318 8.19245
      vertex 2.18701 -28.8807 8.17934
    endloop
  endfacet
  facet normal -0.965364 0.206764 0.159127
    outer loop
      vertex 1.15642 -29.4808 8.06922
      vertex 1.20709 -29.3014 8.14351
      vertex 1.15642 -29.4652 8.04895
    endloop
  endfacet
  facet normal -0.496791 0.860427 0.11342
    outer loop
      vertex 1.44343 -28.955 8
      vertex 1.44343 -28.9753 8.154
      vertex 1.61299 -28.8571 8
    endloop
  endfacet
  facet normal -0.704037 0.271794 -0.656095
    outer loop
      vertex 1.30498 -29.4318 7.55899
      vertex 1.30498 -29.3217 7.6046
      vertex 1.44343 -29.2525 7.4847
    endloop
  endfacet
  facet normal -0.497023 0.688308 -0.528394
    outer loop
      vertex 1.44343 -29.1293 7.57926
      vertex 1.44343 -29.0347 7.70249
      vertex 1.61299 -29.06 7.51004
    endloop
  endfacet
  facet normal 0.496762 0.113257 -0.860465
    outer loop
      vertex 2.18701 -29.3707 7.3307
      vertex 2.35657 -29.396 7.42526
      vertex 2.35657 -29.55 7.40499
    endloop
  endfacet
  facet normal -0.49685 0.688527 0.528271
    outer loop
      vertex 1.44343 -29.0347 8.29751
      vertex 1.61299 -29.06 8.48996
      vertex 1.61299 -28.9499 8.34646
    endloop
  endfacet
  facet normal 0.256732 0.126087 0.958223
    outer loop
      vertex 1.99789 -29.3575 8.71825
      vertex 1.99789 -29.55 8.74358
      vertex 2.18701 -29.55 8.69291
    endloop
  endfacet
  facet normal 0.256912 0.36993 -0.892831
    outer loop
      vertex 1.99789 -29.3575 7.28175
      vertex 1.99789 -29.1782 7.35604
      vertex 2.18701 -29.3707 7.3307
    endloop
  endfacet
  facet normal 0.496797 0.113302 -0.860439
    outer loop
      vertex 2.18701 -29.3707 7.3307
      vertex 2.35657 -29.55 7.40499
      vertex 2.18701 -29.55 7.30709
    endloop
  endfacet
  facet normal 0.25681 0.76667 -0.588444
    outer loop
      vertex 1.99789 -28.906 7.62821
      vertex 2.18701 -28.9499 7.65355
      vertex 1.99789 -29.0242 7.47421
    endloop
  endfacet
  facet normal -0.864166 0.0656699 0.498903
    outer loop
      vertex 1.20709 -29.55 8.28701
      vertex 1.30498 -29.4318 8.44101
      vertex 1.20709 -29.4757 8.27723
    endloop
  endfacet
  facet normal 0.496849 0.331957 -0.801839
    outer loop
      vertex 2.18701 -29.2035 7.39992
      vertex 2.35657 -29.2525 7.4847
      vertex 2.18701 -29.3707 7.3307
    endloop
  endfacet
  facet normal 0.496765 0.113312 0.860456
    outer loop
      vertex 2.35657 -29.396 8.57474
      vertex 2.18701 -29.3707 8.6693
      vertex 2.35657 -29.55 8.59502
    endloop
  endfacet
  facet normal 0.864196 0.465036 -0.192114
    outer loop
      vertex 2.49501 -29.109 7.88183
      vertex 2.59291 -29.2728 7.92572
      vertex 2.59291 -29.3014 7.85649
    endloop
  endfacet
  facet normal 0.704049 0.271764 0.656094
    outer loop
      vertex 2.35657 -29.2525 8.5153
      vertex 2.35657 -29.396 8.57474
      vertex 2.49501 -29.4318 8.44101
    endloop
  endfacet
  facet normal -0.496759 0.113304 0.860461
    outer loop
      vertex 1.44343 -29.55 8.59502
      vertex 1.61299 -29.55 8.69291
      vertex 1.61299 -29.3707 8.6693
    endloop
  endfacet
  facet normal -0.864168 0.0656758 -0.498899
    outer loop
      vertex 1.30498 -29.55 7.54343
      vertex 1.20709 -29.55 7.71299
      vertex 1.30498 -29.4318 7.55899
    endloop
  endfacet
  facet normal -0.256666 0.369697 -0.892999
    outer loop
      vertex 1.61299 -29.3707 7.3307
      vertex 1.61299 -29.2035 7.39992
      vertex 1.8021 -29.1782 7.35604
    endloop
  endfacet
  facet normal 0.864152 0.192596 -0.464917
    outer loop
      vertex 2.49501 -29.3217 7.6046
      vertex 2.59291 -29.4065 7.75144
      vertex 2.49501 -29.4318 7.55899
    endloop
  endfacet
  facet normal 0.864047 0.306263 -0.399532
    outer loop
      vertex 2.49501 -29.2272 7.67716
      vertex 2.59291 -29.347 7.79705
      vertex 2.59291 -29.4065 7.75144
    endloop
  endfacet
  facet normal -0.864171 0.306454 -0.399117
    outer loop
      vertex 1.30498 -29.3217 7.6046
      vertex 1.20709 -29.4065 7.75144
      vertex 1.30498 -29.2272 7.67716
    endloop
  endfacet
  facet normal -0.703995 0.704096 -0.09295
    outer loop
      vertex 1.30498 -29.109 7.88183
      vertex 1.30498 -29.0934 8
      vertex 1.44343 -28.9753 7.846
    endloop
  endfacet
  facet normal -0.496934 0.860371 0.113219
    outer loop
      vertex 1.44343 -28.9753 8.154
      vertex 1.61299 -28.8807 8.17934
      vertex 1.61299 -28.8571 8
    endloop
  endfacet
  facet normal 0.256874 0.958184 -0.126091
    outer loop
      vertex 1.99789 -28.8064 8
      vertex 2.18701 -28.8571 8
      vertex 2.18701 -28.8807 7.82066
    endloop
  endfacet
  facet normal -0.256886 0.958181 -0.12609
    outer loop
      vertex 1.61299 -28.8807 7.82066
      vertex 1.61299 -28.8571 8
      vertex 1.8021 -28.8064 8
    endloop
  endfacet
  facet normal -0.496836 0.801816 -0.332031
    outer loop
      vertex 1.44343 -29.0347 7.70249
      vertex 1.61299 -28.8807 7.82066
      vertex 1.61299 -28.9499 7.65355
    endloop
  endfacet
  facet normal 0 0.382778 -0.92384
    outer loop
      vertex 1.8021 -29.3575 7.28175
      vertex 1.99789 -29.1782 7.35604
      vertex 1.99789 -29.3575 7.28175
    endloop
  endfacet
  facet normal 0 0.382778 -0.92384
    outer loop
      vertex 1.99789 -29.1782 7.35604
      vertex 1.8021 -29.3575 7.28175
      vertex 1.8021 -29.1782 7.35604
    endloop
  endfacet
  facet normal -0.256662 0.588374 -0.766773
    outer loop
      vertex 1.8021 -29.1782 7.35604
      vertex 1.61299 -29.06 7.51004
      vertex 1.8021 -29.0242 7.47421
    endloop
  endfacet
  facet normal 0.496727 0.332135 -0.801841
    outer loop
      vertex 2.18701 -29.3707 7.3307
      vertex 2.35657 -29.2525 7.4847
      vertex 2.35657 -29.396 7.42526
    endloop
  endfacet
  facet normal 0.256874 0.958184 0.126091
    outer loop
      vertex 1.99789 -28.8064 8
      vertex 2.18701 -28.8807 8.17934
      vertex 2.18701 -28.8571 8
    endloop
  endfacet
  facet normal 0.864187 0.498844 -0.0658539
    outer loop
      vertex 2.49501 -29.0934 8
      vertex 2.59291 -29.263 8
      vertex 2.49501 -29.109 7.88183
    endloop
  endfacet
  facet normal -0.864171 0.306454 0.399117
    outer loop
      vertex 1.20709 -29.4065 8.24856
      vertex 1.30498 -29.3217 8.3954
      vertex 1.30498 -29.2272 8.32284
    endloop
  endfacet
  facet normal 0.704072 0.0927151 0.70405
    outer loop
      vertex 2.35657 -29.396 8.57474
      vertex 2.35657 -29.55 8.59502
      vertex 2.49501 -29.4318 8.44101
    endloop
  endfacet
  facet normal -0.864108 0.465007 -0.192574
    outer loop
      vertex 1.20709 -29.3014 7.85649
      vertex 1.30498 -29.109 7.88183
      vertex 1.30498 -29.1546 7.77172
    endloop
  endfacet
  facet normal -0.496829 0.688555 -0.528255
    outer loop
      vertex 1.61299 -29.06 7.51004
      vertex 1.44343 -29.0347 7.70249
      vertex 1.61299 -28.9499 7.65355
    endloop
  endfacet
  facet normal 0.965377 0.0998655 -0.240984
    outer loop
      vertex 2.59291 -29.4065 7.75144
      vertex 2.64358 -29.5011 7.91522
      vertex 2.64358 -29.5247 7.90544
    endloop
  endfacet
  facet normal 0.704069 0.0926706 -0.704059
    outer loop
      vertex 2.35657 -29.396 7.42526
      vertex 2.49501 -29.4318 7.55899
      vertex 2.35657 -29.55 7.40499
    endloop
  endfacet
  facet normal -0.864113 0.465007 0.192556
    outer loop
      vertex 1.20709 -29.3014 8.14351
      vertex 1.30498 -29.1546 8.22829
      vertex 1.30498 -29.109 8.11817
    endloop
  endfacet
  facet normal -0.704037 0.563269 0.432505
    outer loop
      vertex 1.30498 -29.1546 8.22829
      vertex 1.30498 -29.2272 8.32284
      vertex 1.44343 -29.0347 8.29751
    endloop
  endfacet
  facet normal -0.864113 0.399192 0.306519
    outer loop
      vertex 1.20709 -29.3014 8.14351
      vertex 1.30498 -29.2272 8.32284
      vertex 1.30498 -29.1546 8.22829
    endloop
  endfacet
  facet normal -0.496934 0.860371 -0.113219
    outer loop
      vertex 1.44343 -28.9753 7.846
      vertex 1.61299 -28.8571 8
      vertex 1.61299 -28.8807 7.82066
    endloop
  endfacet
  facet normal -0.703986 0.656179 0.27172
    outer loop
      vertex 1.30498 -29.109 8.11817
      vertex 1.30498 -29.1546 8.22829
      vertex 1.44343 -28.9753 8.154
    endloop
  endfacet
  facet normal -0.704043 0.656171 0.271595
    outer loop
      vertex 1.30498 -29.1546 8.22829
      vertex 1.44343 -29.0347 8.29751
      vertex 1.44343 -28.9753 8.154
    endloop
  endfacet
  facet normal -0.703927 0.704181 0.0928239
    outer loop
      vertex 1.30498 -29.0934 8
      vertex 1.44343 -28.9753 8.154
      vertex 1.44343 -28.955 8
    endloop
  endfacet
  facet normal -0.256632 0.766833 -0.588309
    outer loop
      vertex 1.61299 -29.06 7.51004
      vertex 1.61299 -28.9499 7.65355
      vertex 1.8021 -29.0242 7.47421
    endloop
  endfacet
  facet normal 0.704011 0.656149 -0.271732
    outer loop
      vertex 2.35657 -28.9753 7.846
      vertex 2.49501 -29.109 7.88183
      vertex 2.49501 -29.1546 7.77172
    endloop
  endfacet
  facet normal 0.704062 0.271784 -0.656071
    outer loop
      vertex 2.35657 -29.2525 7.4847
      vertex 2.49501 -29.3217 7.6046
      vertex 2.49501 -29.4318 7.55899
    endloop
  endfacet
  facet normal 0.864147 0.192618 -0.464917
    outer loop
      vertex 2.49501 -29.4318 7.55899
      vertex 2.59291 -29.4065 7.75144
      vertex 2.59291 -29.4757 7.72277
    endloop
  endfacet
  facet normal 0.704098 0.432356 -0.563306
    outer loop
      vertex 2.35657 -29.1293 7.57926
      vertex 2.49501 -29.2272 7.67716
      vertex 2.35657 -29.2525 7.4847
    endloop
  endfacet
  facet normal 0.496962 0.528355 -0.688382
    outer loop
      vertex 2.18701 -29.06 7.51004
      vertex 2.35657 -29.1293 7.57926
      vertex 2.35657 -29.2525 7.4847
    endloop
  endfacet
  facet normal 0.704032 0.432502 -0.563278
    outer loop
      vertex 2.35657 -29.2525 7.4847
      vertex 2.49501 -29.2272 7.67716
      vertex 2.49501 -29.3217 7.6046
    endloop
  endfacet
  facet normal 0.864149 0.306478 -0.399148
    outer loop
      vertex 2.49501 -29.2272 7.67716
      vertex 2.59291 -29.4065 7.75144
      vertex 2.49501 -29.3217 7.6046
    endloop
  endfacet
  facet normal 0.496829 0.688555 -0.528255
    outer loop
      vertex 2.18701 -28.9499 7.65355
      vertex 2.35657 -29.0347 7.70249
      vertex 2.18701 -29.06 7.51004
    endloop
  endfacet
  facet normal 0.25662 0.766835 -0.588311
    outer loop
      vertex 1.99789 -29.0242 7.47421
      vertex 2.18701 -28.9499 7.65355
      vertex 2.18701 -29.06 7.51004
    endloop
  endfacet
  facet normal 0.864047 0.306263 0.399532
    outer loop
      vertex 2.59291 -29.347 8.20295
      vertex 2.49501 -29.2272 8.32284
      vertex 2.59291 -29.4065 8.24856
    endloop
  endfacet
  facet normal -0 0.13046 0.991454
    outer loop
      vertex 1.8021 -29.3575 8.71825
      vertex 1.99789 -29.55 8.74358
      vertex 1.99789 -29.3575 8.71825
    endloop
  endfacet
  facet normal 0 0.13046 0.991454
    outer loop
      vertex 1.99789 -29.55 8.74358
      vertex 1.8021 -29.3575 8.71825
      vertex 1.8021 -29.55 8.74358
    endloop
  endfacet
  facet normal -0.256886 0.958181 0.12609
    outer loop
      vertex 1.61299 -28.8571 8
      vertex 1.61299 -28.8807 8.17934
      vertex 1.8021 -28.8064 8
    endloop
  endfacet
  facet normal -0.256828 0.126173 0.958186
    outer loop
      vertex 1.61299 -29.55 8.69291
      vertex 1.8021 -29.3575 8.71825
      vertex 1.61299 -29.3707 8.6693
    endloop
  endfacet
  facet normal 0.864187 0.498844 0.0658539
    outer loop
      vertex 2.49501 -29.0934 8
      vertex 2.49501 -29.109 8.11817
      vertex 2.59291 -29.263 8
    endloop
  endfacet
  facet normal -0.965391 0.206929 -0.158747
    outer loop
      vertex 1.20709 -29.347 7.79705
      vertex 1.15642 -29.4808 7.93078
      vertex 1.20709 -29.3014 7.85649
    endloop
  endfacet
  facet normal -0.704055 0.563277 -0.432465
    outer loop
      vertex 1.30498 -29.2272 7.67716
      vertex 1.30498 -29.1546 7.77172
      vertex 1.44343 -29.0347 7.70249
    endloop
  endfacet
  facet normal 0.704049 0.271764 -0.656094
    outer loop
      vertex 2.35657 -29.2525 7.4847
      vertex 2.49501 -29.4318 7.55899
      vertex 2.35657 -29.396 7.42526
    endloop
  endfacet
  facet normal 0.965376 0.099847 -0.240998
    outer loop
      vertex 2.59291 -29.4065 7.75144
      vertex 2.64358 -29.5247 7.90544
      vertex 2.59291 -29.4757 7.72277
    endloop
  endfacet
  facet normal 0.864144 0.0656749 -0.498941
    outer loop
      vertex 2.49501 -29.4318 7.55899
      vertex 2.59291 -29.4757 7.72277
      vertex 2.59291 -29.55 7.71299
    endloop
  endfacet
  facet normal 0.965372 0.0340433 0.258647
    outer loop
      vertex 2.64358 -29.5247 8.09456
      vertex 2.59291 -29.55 8.28701
      vertex 2.64358 -29.55 8.09789
    endloop
  endfacet
  facet normal 0.965383 0.15868 -0.207018
    outer loop
      vertex 2.59291 -29.347 7.79705
      vertex 2.64358 -29.4808 7.93078
      vertex 2.64358 -29.5011 7.91522
    endloop
  endfacet
  facet normal -0.703985 0.656172 -0.271741
    outer loop
      vertex 1.30498 -29.1546 7.77172
      vertex 1.30498 -29.109 7.88183
      vertex 1.44343 -28.9753 7.846
    endloop
  endfacet
  facet normal -0.704073 0.432371 0.563327
    outer loop
      vertex 1.30498 -29.2272 8.32284
      vertex 1.44343 -29.2525 8.5153
      vertex 1.44343 -29.1293 8.42074
    endloop
  endfacet
  facet normal -0.704077 0.563286 0.432418
    outer loop
      vertex 1.30498 -29.2272 8.32284
      vertex 1.44343 -29.1293 8.42074
      vertex 1.44343 -29.0347 8.29751
    endloop
  endfacet
  facet normal -0.704006 0.432517 0.563298
    outer loop
      vertex 1.30498 -29.3217 8.3954
      vertex 1.44343 -29.2525 8.5153
      vertex 1.30498 -29.2272 8.32284
    endloop
  endfacet
  facet normal -0.25682 0.893042 -0.369486
    outer loop
      vertex 1.61299 -28.9499 7.65355
      vertex 1.8021 -28.8318 7.80755
      vertex 1.8021 -28.906 7.62821
    endloop
  endfacet
  facet normal -0.256544 0.958223 -0.126468
    outer loop
      vertex 1.61299 -28.8807 7.82066
      vertex 1.8021 -28.8064 8
      vertex 1.8021 -28.8318 7.80755
    endloop
  endfacet
  facet normal -0.496942 0.801814 -0.331878
    outer loop
      vertex 1.44343 -29.0347 7.70249
      vertex 1.44343 -28.9753 7.846
      vertex 1.61299 -28.8807 7.82066
    endloop
  endfacet
  facet normal -0.496942 0.801814 0.331878
    outer loop
      vertex 1.44343 -28.9753 8.154
      vertex 1.44343 -29.0347 8.29751
      vertex 1.61299 -28.8807 8.17934
    endloop
  endfacet
  facet normal -0.256547 0.893003 0.369769
    outer loop
      vertex 1.61299 -28.8807 8.17934
      vertex 1.61299 -28.9499 8.34646
      vertex 1.8021 -28.8318 8.19245
    endloop
  endfacet
  facet normal -0.496727 0.332135 -0.801841
    outer loop
      vertex 1.44343 -29.396 7.42526
      vertex 1.44343 -29.2525 7.4847
      vertex 1.61299 -29.3707 7.3307
    endloop
  endfacet
  facet normal 0.256649 0.588376 -0.766776
    outer loop
      vertex 1.99789 -29.0242 7.47421
      vertex 2.18701 -29.06 7.51004
      vertex 1.99789 -29.1782 7.35604
    endloop
  endfacet
  facet normal 0.496902 0.528313 -0.688457
    outer loop
      vertex 2.18701 -29.2035 7.39992
      vertex 2.18701 -29.06 7.51004
      vertex 2.35657 -29.2525 7.4847
    endloop
  endfacet
  facet normal 0 0.608767 -0.793349
    outer loop
      vertex 1.8021 -29.1782 7.35604
      vertex 1.99789 -29.0242 7.47421
      vertex 1.99789 -29.1782 7.35604
    endloop
  endfacet
  facet normal 0 0.608767 -0.793349
    outer loop
      vertex 1.99789 -29.0242 7.47421
      vertex 1.8021 -29.1782 7.35604
      vertex 1.8021 -29.0242 7.47421
    endloop
  endfacet
  facet normal -0.496849 0.331957 -0.801839
    outer loop
      vertex 1.61299 -29.3707 7.3307
      vertex 1.44343 -29.2525 7.4847
      vertex 1.61299 -29.2035 7.39992
    endloop
  endfacet
  facet normal 0.256533 0.892999 -0.369789
    outer loop
      vertex 1.99789 -28.8318 7.80755
      vertex 2.18701 -28.8807 7.82066
      vertex 2.18701 -28.9499 7.65355
    endloop
  endfacet
  facet normal 0.256534 0.893006 0.36977
    outer loop
      vertex 1.99789 -28.8318 8.19245
      vertex 2.18701 -28.9499 8.34646
      vertex 2.18701 -28.8807 8.17934
    endloop
  endfacet
  facet normal -0.704047 0.0927184 0.704075
    outer loop
      vertex 1.30498 -29.4318 8.44101
      vertex 1.44343 -29.55 8.59502
      vertex 1.44343 -29.396 8.57474
    endloop
  endfacet
  facet normal 0.704098 0.432356 0.563306
    outer loop
      vertex 2.35657 -29.1293 8.42074
      vertex 2.35657 -29.2525 8.5153
      vertex 2.49501 -29.2272 8.32284
    endloop
  endfacet
  facet normal 0.49685 0.801816 0.332011
    outer loop
      vertex 2.18701 -28.8807 8.17934
      vertex 2.18701 -28.9499 8.34646
      vertex 2.35657 -29.0347 8.29751
    endloop
  endfacet
  facet normal 0.496962 0.528355 0.688382
    outer loop
      vertex 2.18701 -29.06 8.48996
      vertex 2.35657 -29.2525 8.5153
      vertex 2.35657 -29.1293 8.42074
    endloop
  endfacet
  facet normal 0.704063 0.563249 0.432489
    outer loop
      vertex 2.35657 -29.0347 8.29751
      vertex 2.49501 -29.2272 8.32284
      vertex 2.49501 -29.1546 8.22829
    endloop
  endfacet
  facet normal -0 0.382778 0.92384
    outer loop
      vertex 1.8021 -29.1782 8.64396
      vertex 1.99789 -29.3575 8.71825
      vertex 1.99789 -29.1782 8.64396
    endloop
  endfacet
  facet normal 0 0.382778 0.92384
    outer loop
      vertex 1.99789 -29.3575 8.71825
      vertex 1.8021 -29.1782 8.64396
      vertex 1.8021 -29.3575 8.71825
    endloop
  endfacet
  facet normal 0 0.991402 0.130848
    outer loop
      vertex 1.99789 -28.8064 8
      vertex 1.8021 -28.8318 8.19245
      vertex 1.99789 -28.8318 8.19245
    endloop
  endfacet
  facet normal 0 0.991402 0.130848
    outer loop
      vertex 1.8021 -28.8318 8.19245
      vertex 1.99789 -28.8064 8
      vertex 1.8021 -28.8064 8
    endloop
  endfacet
  facet normal 0.704089 0.0926805 0.704038
    outer loop
      vertex 2.49501 -29.4318 8.44101
      vertex 2.35657 -29.55 8.59502
      vertex 2.49501 -29.55 8.45657
    endloop
  endfacet
  facet normal 0.965383 0.158686 0.207011
    outer loop
      vertex 2.59291 -29.347 8.20295
      vertex 2.59291 -29.4065 8.24856
      vertex 2.64358 -29.5011 8.08478
    endloop
  endfacet
  facet normal 0.864091 0.399223 0.306542
    outer loop
      vertex 2.49501 -29.1546 8.22829
      vertex 2.49501 -29.2272 8.32284
      vertex 2.59291 -29.3014 8.14351
    endloop
  endfacet
  facet normal -0.703995 0.704096 0.09295
    outer loop
      vertex 1.30498 -29.109 8.11817
      vertex 1.44343 -28.9753 8.154
      vertex 1.30498 -29.0934 8
    endloop
  endfacet
  facet normal -0.86417 0.192603 -0.464881
    outer loop
      vertex 1.20709 -29.4757 7.72277
      vertex 1.20709 -29.4065 7.75144
      vertex 1.30498 -29.4318 7.55899
    endloop
  endfacet
  facet normal -0.704063 0.0926838 0.704063
    outer loop
      vertex 1.30498 -29.55 8.45657
      vertex 1.44343 -29.55 8.59502
      vertex 1.30498 -29.4318 8.44101
    endloop
  endfacet
  facet normal 0.864145 0.0656808 -0.498937
    outer loop
      vertex 2.49501 -29.4318 7.55899
      vertex 2.59291 -29.55 7.71299
      vertex 2.49501 -29.55 7.54343
    endloop
  endfacet
  facet normal 0.704063 0.0926838 -0.704063
    outer loop
      vertex 2.35657 -29.55 7.40499
      vertex 2.49501 -29.4318 7.55899
      vertex 2.49501 -29.55 7.54343
    endloop
  endfacet
  facet normal 0.704012 0.656156 0.27171
    outer loop
      vertex 2.35657 -28.9753 8.154
      vertex 2.49501 -29.1546 8.22829
      vertex 2.49501 -29.109 8.11817
    endloop
  endfacet
  facet normal 0.965391 0.206929 -0.158747
    outer loop
      vertex 2.59291 -29.3014 7.85649
      vertex 2.64358 -29.4808 7.93078
      vertex 2.59291 -29.347 7.79705
    endloop
  endfacet
  facet normal 0.864086 0.465043 -0.192589
    outer loop
      vertex 2.49501 -29.1546 7.77172
      vertex 2.49501 -29.109 7.88183
      vertex 2.59291 -29.3014 7.85649
    endloop
  endfacet
  facet normal 0.496727 0.332135 0.801841
    outer loop
      vertex 2.35657 -29.2525 8.5153
      vertex 2.18701 -29.3707 8.6693
      vertex 2.35657 -29.396 8.57474
    endloop
  endfacet
  facet normal 0.965364 0.206764 0.159127
    outer loop
      vertex 2.64358 -29.4652 8.04895
      vertex 2.59291 -29.3014 8.14351
      vertex 2.64358 -29.4808 8.06922
    endloop
  endfacet
  facet normal -0.864209 0.498805 0.0658489
    outer loop
      vertex 1.20709 -29.263 8
      vertex 1.30498 -29.109 8.11817
      vertex 1.30498 -29.0934 8
    endloop
  endfacet
  facet normal -0.965377 0.0998655 -0.240984
    outer loop
      vertex 1.15642 -29.5247 7.90544
      vertex 1.15642 -29.5011 7.91522
      vertex 1.20709 -29.4065 7.75144
    endloop
  endfacet
  facet normal -0.497023 0.688308 0.528394
    outer loop
      vertex 1.44343 -29.1293 8.42074
      vertex 1.61299 -29.06 8.48996
      vertex 1.44343 -29.0347 8.29751
    endloop
  endfacet
  facet normal -0.496962 0.528355 0.688382
    outer loop
      vertex 1.44343 -29.1293 8.42074
      vertex 1.44343 -29.2525 8.5153
      vertex 1.61299 -29.06 8.48996
    endloop
  endfacet
  facet normal -0.864059 0.399399 0.306403
    outer loop
      vertex 1.20709 -29.347 8.20295
      vertex 1.30498 -29.2272 8.32284
      vertex 1.20709 -29.3014 8.14351
    endloop
  endfacet
  facet normal -0.965391 0.206929 0.158747
    outer loop
      vertex 1.15642 -29.4808 8.06922
      vertex 1.20709 -29.347 8.20295
      vertex 1.20709 -29.3014 8.14351
    endloop
  endfacet
  facet normal -0.86417 0.192603 0.464881
    outer loop
      vertex 1.20709 -29.4757 8.27723
      vertex 1.30498 -29.4318 8.44101
      vertex 1.20709 -29.4065 8.24856
    endloop
  endfacet
  facet normal -0.704052 0.656162 -0.271591
    outer loop
      vertex 1.30498 -29.1546 7.77172
      vertex 1.44343 -28.9753 7.846
      vertex 1.44343 -29.0347 7.70249
    endloop
  endfacet
  facet normal -0.704077 0.563286 -0.432418
    outer loop
      vertex 1.30498 -29.2272 7.67716
      vertex 1.44343 -29.0347 7.70249
      vertex 1.44343 -29.1293 7.57926
    endloop
  endfacet
  facet normal -0.496791 0.860427 -0.11342
    outer loop
      vertex 1.44343 -28.9753 7.846
      vertex 1.44343 -28.955 8
      vertex 1.61299 -28.8571 8
    endloop
  endfacet
  facet normal -0.703927 0.704181 -0.0928239
    outer loop
      vertex 1.44343 -28.9753 7.846
      vertex 1.30498 -29.0934 8
      vertex 1.44343 -28.955 8
    endloop
  endfacet
  facet normal -0.256925 0.369929 -0.892828
    outer loop
      vertex 1.61299 -29.3707 7.3307
      vertex 1.8021 -29.1782 7.35604
      vertex 1.8021 -29.3575 7.28175
    endloop
  endfacet
  facet normal -0.496962 0.528355 -0.688382
    outer loop
      vertex 1.44343 -29.2525 7.4847
      vertex 1.44343 -29.1293 7.57926
      vertex 1.61299 -29.06 7.51004
    endloop
  endfacet
  facet normal -0.864175 0.192582 -0.464881
    outer loop
      vertex 1.30498 -29.4318 7.55899
      vertex 1.20709 -29.4065 7.75144
      vertex 1.30498 -29.3217 7.6046
    endloop
  endfacet
  facet normal -0.704024 0.271774 -0.656117
    outer loop
      vertex 1.44343 -29.396 7.42526
      vertex 1.30498 -29.4318 7.55899
      vertex 1.44343 -29.2525 7.4847
    endloop
  endfacet
  facet normal -0.256745 0.126087 -0.958219
    outer loop
      vertex 1.8021 -29.55 7.25642
      vertex 1.61299 -29.55 7.30709
      vertex 1.8021 -29.3575 7.28175
    endloop
  endfacet
  facet normal 0 0.13046 -0.991454
    outer loop
      vertex 1.8021 -29.55 7.25642
      vertex 1.99789 -29.3575 7.28175
      vertex 1.99789 -29.55 7.25642
    endloop
  endfacet
  facet normal 0 0.13046 -0.991454
    outer loop
      vertex 1.99789 -29.3575 7.28175
      vertex 1.8021 -29.55 7.25642
      vertex 1.8021 -29.3575 7.28175
    endloop
  endfacet
  facet normal 0.256815 0.126173 -0.958189
    outer loop
      vertex 1.99789 -29.3575 7.28175
      vertex 2.18701 -29.3707 7.3307
      vertex 2.18701 -29.55 7.30709
    endloop
  endfacet
  facet normal 0.256732 0.126087 -0.958223
    outer loop
      vertex 1.99789 -29.3575 7.28175
      vertex 2.18701 -29.55 7.30709
      vertex 1.99789 -29.55 7.25642
    endloop
  endfacet
  facet normal 0.256653 0.369698 -0.893002
    outer loop
      vertex 1.99789 -29.1782 7.35604
      vertex 2.18701 -29.2035 7.39992
      vertex 2.18701 -29.3707 7.3307
    endloop
  endfacet
  facet normal 0.256621 0.588404 -0.766763
    outer loop
      vertex 1.99789 -29.1782 7.35604
      vertex 2.18701 -29.06 7.51004
      vertex 2.18701 -29.2035 7.39992
    endloop
  endfacet
  facet normal -0.256634 0.588402 -0.766761
    outer loop
      vertex 1.61299 -29.2035 7.39992
      vertex 1.61299 -29.06 7.51004
      vertex 1.8021 -29.1782 7.35604
    endloop
  endfacet
  facet normal -0.496902 0.528313 -0.688457
    outer loop
      vertex 1.44343 -29.2525 7.4847
      vertex 1.61299 -29.06 7.51004
      vertex 1.61299 -29.2035 7.39992
    endloop
  endfacet
  facet normal 0.256808 0.893045 -0.369488
    outer loop
      vertex 1.99789 -28.906 7.62821
      vertex 1.99789 -28.8318 7.80755
      vertex 2.18701 -28.9499 7.65355
    endloop
  endfacet
  facet normal 0 0.991402 -0.130848
    outer loop
      vertex 1.99789 -28.8318 7.80755
      vertex 1.8021 -28.8064 8
      vertex 1.99789 -28.8064 8
    endloop
  endfacet
  facet normal 0 0.991402 -0.130848
    outer loop
      vertex 1.8021 -28.8064 8
      vertex 1.99789 -28.8318 7.80755
      vertex 1.8021 -28.8318 7.80755
    endloop
  endfacet
  facet normal 0.864085 0.399247 -0.306528
    outer loop
      vertex 2.49501 -29.1546 7.77172
      vertex 2.59291 -29.3014 7.85649
      vertex 2.49501 -29.2272 7.67716
    endloop
  endfacet
  facet normal 0.704081 0.563256 -0.432449
    outer loop
      vertex 2.35657 -29.0347 7.70249
      vertex 2.49501 -29.1546 7.77172
      vertex 2.49501 -29.2272 7.67716
    endloop
  endfacet
  facet normal 0.704068 0.656148 0.271585
    outer loop
      vertex 2.35657 -28.9753 8.154
      vertex 2.35657 -29.0347 8.29751
      vertex 2.49501 -29.1546 8.22829
    endloop
  endfacet
  facet normal 1 0 0
    outer loop
      vertex 2.64358 -29.4554 8.02534
      vertex 2.64358 -29.4554 7.97466
      vertex 2.64358 -29.4521 8
    endloop
  endfacet
  facet normal 1 0 0
    outer loop
      vertex 2.64358 -29.4652 8.04895
      vertex 2.64358 -29.4554 7.97466
      vertex 2.64358 -29.4554 8.02534
    endloop
  endfacet
  facet normal 1 0 0
    outer loop
      vertex 2.64358 -29.4652 8.04895
      vertex 2.64358 -29.4652 7.95105
      vertex 2.64358 -29.4554 7.97466
    endloop
  endfacet
  facet normal 1 0 0
    outer loop
      vertex 2.64358 -29.4808 8.06922
      vertex 2.64358 -29.4652 7.95105
      vertex 2.64358 -29.4652 8.04895
    endloop
  endfacet
  facet normal 1 0 0
    outer loop
      vertex 2.64358 -29.4808 8.06922
      vertex 2.64358 -29.4808 7.93078
      vertex 2.64358 -29.4652 7.95105
    endloop
  endfacet
  facet normal 1 0 0
    outer loop
      vertex 2.64358 -29.5011 8.08478
      vertex 2.64358 -29.4808 7.93078
      vertex 2.64358 -29.4808 8.06922
    endloop
  endfacet
  facet normal 1 0 0
    outer loop
      vertex 2.64358 -29.5011 8.08478
      vertex 2.64358 -29.5011 7.91522
      vertex 2.64358 -29.4808 7.93078
    endloop
  endfacet
  facet normal 1 0 0
    outer loop
      vertex 2.64358 -29.5247 8.09456
      vertex 2.64358 -29.5011 7.91522
      vertex 2.64358 -29.5011 8.08478
    endloop
  endfacet
  facet normal 1 0 0
    outer loop
      vertex 2.64358 -29.5247 8.09456
      vertex 2.64358 -29.5247 7.90544
      vertex 2.64358 -29.5011 7.91522
    endloop
  endfacet
  facet normal 1 0 0
    outer loop
      vertex 2.64358 -29.55 8.09789
      vertex 2.64358 -29.5247 7.90544
      vertex 2.64358 -29.5247 8.09456
    endloop
  endfacet
  facet normal 1 0 0
    outer loop
      vertex 2.64358 -29.5247 7.90544
      vertex 2.64358 -29.55 8.09789
      vertex 2.64358 -29.55 7.90211
    endloop
  endfacet
  facet normal -0.256745 0.126087 0.958219
    outer loop
      vertex 1.61299 -29.55 8.69291
      vertex 1.8021 -29.55 8.74358
      vertex 1.8021 -29.3575 8.71825
    endloop
  endfacet
  facet normal -0.256634 0.588402 0.766761
    outer loop
      vertex 1.61299 -29.2035 8.60008
      vertex 1.8021 -29.1782 8.64396
      vertex 1.61299 -29.06 8.48996
    endloop
  endfacet
  facet normal 0.496902 0.528313 0.688457
    outer loop
      vertex 2.18701 -29.06 8.48996
      vertex 2.18701 -29.2035 8.60008
      vertex 2.35657 -29.2525 8.5153
    endloop
  endfacet
  facet normal 0.256912 0.36993 0.892831
    outer loop
      vertex 1.99789 -29.1782 8.64396
      vertex 1.99789 -29.3575 8.71825
      vertex 2.18701 -29.3707 8.6693
    endloop
  endfacet
  facet normal -0.49685 0.801816 0.332011
    outer loop
      vertex 1.44343 -29.0347 8.29751
      vertex 1.61299 -28.9499 8.34646
      vertex 1.61299 -28.8807 8.17934
    endloop
  endfacet
  facet normal -0.256544 0.958223 0.126468
    outer loop
      vertex 1.61299 -28.8807 8.17934
      vertex 1.8021 -28.8318 8.19245
      vertex 1.8021 -28.8064 8
    endloop
  endfacet
  facet normal 0.864145 0.0656808 0.498937
    outer loop
      vertex 2.49501 -29.4318 8.44101
      vertex 2.49501 -29.55 8.45657
      vertex 2.59291 -29.55 8.28701
    endloop
  endfacet
  facet normal 0.496849 0.331957 0.801839
    outer loop
      vertex 2.18701 -29.2035 8.60008
      vertex 2.18701 -29.3707 8.6693
      vertex 2.35657 -29.2525 8.5153
    endloop
  endfacet
  facet normal 0.704102 0.563266 0.432402
    outer loop
      vertex 2.35657 -29.0347 8.29751
      vertex 2.35657 -29.1293 8.42074
      vertex 2.49501 -29.2272 8.32284
    endloop
  endfacet
  facet normal -0.864107 0.399217 -0.306505
    outer loop
      vertex 1.30498 -29.2272 7.67716
      vertex 1.20709 -29.3014 7.85649
      vertex 1.30498 -29.1546 7.77172
    endloop
  endfacet
  facet normal -0.965333 0.258837 -0.0337081
    outer loop
      vertex 1.15642 -29.4554 7.97466
      vertex 1.15642 -29.4521 8
      vertex 1.20709 -29.2728 7.92572
    endloop
  endfacet
  facet normal -0.965376 0.099847 0.240998
    outer loop
      vertex 1.15642 -29.5247 8.09456
      vertex 1.20709 -29.4757 8.27723
      vertex 1.20709 -29.4065 8.24856
    endloop
  endfacet
  facet normal 0.965372 0.0340454 -0.258648
    outer loop
      vertex 2.59291 -29.4757 7.72277
      vertex 2.64358 -29.5247 7.90544
      vertex 2.59291 -29.55 7.71299
    endloop
  endfacet
  facet normal 0.965372 0.0340433 -0.258647
    outer loop
      vertex 2.59291 -29.55 7.71299
      vertex 2.64358 -29.5247 7.90544
      vertex 2.64358 -29.55 7.90211
    endloop
  endfacet
  facet normal -0.704037 0.0926871 -0.704088
    outer loop
      vertex 1.30498 -29.55 7.54343
      vertex 1.30498 -29.4318 7.55899
      vertex 1.44343 -29.55 7.40499
    endloop
  endfacet
  facet normal -0.704044 0.0926739 -0.704084
    outer loop
      vertex 1.44343 -29.55 7.40499
      vertex 1.30498 -29.4318 7.55899
      vertex 1.44343 -29.396 7.42526
    endloop
  endfacet
  facet normal 0.864036 0.39943 -0.306427
    outer loop
      vertex 2.49501 -29.2272 7.67716
      vertex 2.59291 -29.3014 7.85649
      vertex 2.59291 -29.347 7.79705
    endloop
  endfacet
  facet normal 0.965354 0.241174 -0.0996329
    outer loop
      vertex 2.59291 -29.2728 7.92572
      vertex 2.64358 -29.4554 7.97466
      vertex 2.59291 -29.3014 7.85649
    endloop
  endfacet
  facet normal 0.965354 0.241174 0.0996329
    outer loop
      vertex 2.59291 -29.2728 8.07428
      vertex 2.59291 -29.3014 8.14351
      vertex 2.64358 -29.4554 8.02534
    endloop
  endfacet
  facet normal 0.496791 0.860427 -0.11342
    outer loop
      vertex 2.18701 -28.8571 8
      vertex 2.35657 -28.955 8
      vertex 2.35657 -28.9753 7.846
    endloop
  endfacet
  facet normal 0.70402 0.704071 -0.0929467
    outer loop
      vertex 2.35657 -28.9753 7.846
      vertex 2.49501 -29.0934 8
      vertex 2.49501 -29.109 7.88183
    endloop
  endfacet
  facet normal 0.496836 0.801816 -0.332031
    outer loop
      vertex 2.18701 -28.9499 7.65355
      vertex 2.18701 -28.8807 7.82066
      vertex 2.35657 -29.0347 7.70249
    endloop
  endfacet
  facet normal 0.86409 0.465043 0.192571
    outer loop
      vertex 2.49501 -29.109 8.11817
      vertex 2.49501 -29.1546 8.22829
      vertex 2.59291 -29.3014 8.14351
    endloop
  endfacet
  facet normal 0.70402 0.704071 0.0929467
    outer loop
      vertex 2.49501 -29.0934 8
      vertex 2.35657 -28.9753 8.154
      vertex 2.49501 -29.109 8.11817
    endloop
  endfacet
  facet normal 0.965333 0.258837 -0.0337081
    outer loop
      vertex 2.59291 -29.2728 7.92572
      vertex 2.64358 -29.4521 8
      vertex 2.64358 -29.4554 7.97466
    endloop
  endfacet
  facet normal 0.965362 0.258672 -0.0341274
    outer loop
      vertex 2.59291 -29.263 8
      vertex 2.64358 -29.4521 8
      vertex 2.59291 -29.2728 7.92572
    endloop
  endfacet
  facet normal 0.864177 0.498866 -0.0658169
    outer loop
      vertex 2.49501 -29.109 7.88183
      vertex 2.59291 -29.263 8
      vertex 2.59291 -29.2728 7.92572
    endloop
  endfacet
  facet normal 0.965362 0.258672 0.0341274
    outer loop
      vertex 2.59291 -29.263 8
      vertex 2.59291 -29.2728 8.07428
      vertex 2.64358 -29.4521 8
    endloop
  endfacet
  facet normal 0.965333 0.258837 0.0337081
    outer loop
      vertex 2.64358 -29.4521 8
      vertex 2.59291 -29.2728 8.07428
      vertex 2.64358 -29.4554 8.02534
    endloop
  endfacet
  facet normal -0.864218 0.465 -0.192099
    outer loop
      vertex 1.20709 -29.3014 7.85649
      vertex 1.20709 -29.2728 7.92572
      vertex 1.30498 -29.109 7.88183
    endloop
  endfacet
  facet normal -0.864218 0.465 0.192099
    outer loop
      vertex 1.20709 -29.2728 8.07428
      vertex 1.20709 -29.3014 8.14351
      vertex 1.30498 -29.109 8.11817
    endloop
  endfacet
  facet normal -0.864199 0.498828 0.0658119
    outer loop
      vertex 1.20709 -29.2728 8.07428
      vertex 1.30498 -29.109 8.11817
      vertex 1.20709 -29.263 8
    endloop
  endfacet
  facet normal -0.965333 0.258837 0.0337081
    outer loop
      vertex 1.15642 -29.4554 8.02534
      vertex 1.20709 -29.2728 8.07428
      vertex 1.15642 -29.4521 8
    endloop
  endfacet
  facet normal -0.965362 0.258672 0.0341274
    outer loop
      vertex 1.15642 -29.4521 8
      vertex 1.20709 -29.2728 8.07428
      vertex 1.20709 -29.263 8
    endloop
  endfacet
  facet normal -0.864059 0.399399 -0.306403
    outer loop
      vertex 1.20709 -29.347 7.79705
      vertex 1.20709 -29.3014 7.85649
      vertex 1.30498 -29.2272 7.67716
    endloop
  endfacet
  facet normal -0.864069 0.30624 -0.399501
    outer loop
      vertex 1.20709 -29.4065 7.75144
      vertex 1.20709 -29.347 7.79705
      vertex 1.30498 -29.2272 7.67716
    endloop
  endfacet
  facet normal -0.864166 0.0656699 -0.498903
    outer loop
      vertex 1.20709 -29.55 7.71299
      vertex 1.20709 -29.4757 7.72277
      vertex 1.30498 -29.4318 7.55899
    endloop
  endfacet
  facet normal -0.965372 0.0340433 -0.258647
    outer loop
      vertex 1.15642 -29.55 7.90211
      vertex 1.15642 -29.5247 7.90544
      vertex 1.20709 -29.55 7.71299
    endloop
  endfacet
  facet normal -0.256666 0.369697 0.892999
    outer loop
      vertex 1.61299 -29.2035 8.60008
      vertex 1.61299 -29.3707 8.6693
      vertex 1.8021 -29.1782 8.64396
    endloop
  endfacet
  facet normal -0.496902 0.528313 0.688457
    outer loop
      vertex 1.44343 -29.2525 8.5153
      vertex 1.61299 -29.2035 8.60008
      vertex 1.61299 -29.06 8.48996
    endloop
  endfacet
  facet normal 0.256789 0.893049 0.369489
    outer loop
      vertex 1.99789 -28.8318 8.19245
      vertex 1.99789 -28.906 8.37179
      vertex 2.18701 -28.9499 8.34646
    endloop
  endfacet
  facet normal 0 0.793275 0.608864
    outer loop
      vertex 1.99789 -28.906 8.37179
      vertex 1.8021 -29.0242 8.52579
      vertex 1.99789 -29.0242 8.52579
    endloop
  endfacet
  facet normal 0 0.793275 0.608864
    outer loop
      vertex 1.8021 -29.0242 8.52579
      vertex 1.99789 -28.906 8.37179
      vertex 1.8021 -28.906 8.37179
    endloop
  endfacet
  facet normal -0.864069 0.30624 0.399501
    outer loop
      vertex 1.20709 -29.4065 8.24856
      vertex 1.30498 -29.2272 8.32284
      vertex 1.20709 -29.347 8.20295
    endloop
  endfacet
  facet normal -0.864168 0.0656758 0.498899
    outer loop
      vertex 1.20709 -29.55 8.28701
      vertex 1.30498 -29.55 8.45657
      vertex 1.30498 -29.4318 8.44101
    endloop
  endfacet
  facet normal -0.704024 0.271774 0.656117
    outer loop
      vertex 1.30498 -29.4318 8.44101
      vertex 1.44343 -29.396 8.57474
      vertex 1.44343 -29.2525 8.5153
    endloop
  endfacet
  facet normal -0.496797 0.113302 -0.860439
    outer loop
      vertex 1.61299 -29.55 7.30709
      vertex 1.44343 -29.55 7.40499
      vertex 1.61299 -29.3707 7.3307
    endloop
  endfacet
  facet normal -0.496762 0.113257 -0.860465
    outer loop
      vertex 1.44343 -29.55 7.40499
      vertex 1.44343 -29.396 7.42526
      vertex 1.61299 -29.3707 7.3307
    endloop
  endfacet
  facet normal -0.704006 0.432517 -0.563298
    outer loop
      vertex 1.30498 -29.3217 7.6046
      vertex 1.30498 -29.2272 7.67716
      vertex 1.44343 -29.2525 7.4847
    endloop
  endfacet
  facet normal -0.704073 0.432371 -0.563327
    outer loop
      vertex 1.44343 -29.2525 7.4847
      vertex 1.30498 -29.2272 7.67716
      vertex 1.44343 -29.1293 7.57926
    endloop
  endfacet
  facet normal -0.965372 0.0340454 -0.258648
    outer loop
      vertex 1.20709 -29.55 7.71299
      vertex 1.15642 -29.5247 7.90544
      vertex 1.20709 -29.4757 7.72277
    endloop
  endfacet
  facet normal -0.965376 0.099847 -0.240998
    outer loop
      vertex 1.20709 -29.4757 7.72277
      vertex 1.15642 -29.5247 7.90544
      vertex 1.20709 -29.4065 7.75144
    endloop
  endfacet
  facet normal -0.256546 0.892995 -0.369788
    outer loop
      vertex 1.61299 -28.9499 7.65355
      vertex 1.61299 -28.8807 7.82066
      vertex 1.8021 -28.8318 7.80755
    endloop
  endfacet
  facet normal -0.256823 0.766667 -0.588442
    outer loop
      vertex 1.8021 -29.0242 7.47421
      vertex 1.61299 -28.9499 7.65355
      vertex 1.8021 -28.906 7.62821
    endloop
  endfacet
  facet normal 0.256532 0.958226 -0.126469
    outer loop
      vertex 1.99789 -28.8318 7.80755
      vertex 1.99789 -28.8064 8
      vertex 2.18701 -28.8807 7.82066
    endloop
  endfacet
  facet normal 0.703952 0.704156 -0.0928205
    outer loop
      vertex 2.35657 -28.955 8
      vertex 2.49501 -29.0934 8
      vertex 2.35657 -28.9753 7.846
    endloop
  endfacet
  facet normal 0.496934 0.860371 -0.113219
    outer loop
      vertex 2.18701 -28.8807 7.82066
      vertex 2.18701 -28.8571 8
      vertex 2.35657 -28.9753 7.846
    endloop
  endfacet
  facet normal 0.256621 0.766815 0.588337
    outer loop
      vertex 2.18701 -28.9499 8.34646
      vertex 1.99789 -29.0242 8.52579
      vertex 2.18701 -29.06 8.48996
    endloop
  endfacet
  facet normal 0.49685 0.688527 0.528271
    outer loop
      vertex 2.18701 -28.9499 8.34646
      vertex 2.18701 -29.06 8.48996
      vertex 2.35657 -29.0347 8.29751
    endloop
  endfacet
  facet normal 0.496934 0.860371 0.113219
    outer loop
      vertex 2.18701 -28.8571 8
      vertex 2.18701 -28.8807 8.17934
      vertex 2.35657 -28.9753 8.154
    endloop
  endfacet
  facet normal 0.496942 0.801814 0.331878
    outer loop
      vertex 2.18701 -28.8807 8.17934
      vertex 2.35657 -29.0347 8.29751
      vertex 2.35657 -28.9753 8.154
    endloop
  endfacet
  facet normal -0.256925 0.369929 0.892828
    outer loop
      vertex 1.61299 -29.3707 8.6693
      vertex 1.8021 -29.3575 8.71825
      vertex 1.8021 -29.1782 8.64396
    endloop
  endfacet
  facet normal -0.496849 0.331957 0.801839
    outer loop
      vertex 1.44343 -29.2525 8.5153
      vertex 1.61299 -29.3707 8.6693
      vertex 1.61299 -29.2035 8.60008
    endloop
  endfacet
  facet normal -0.256802 0.893046 0.369488
    outer loop
      vertex 1.61299 -28.9499 8.34646
      vertex 1.8021 -28.906 8.37179
      vertex 1.8021 -28.8318 8.19245
    endloop
  endfacet
  facet normal -0.256662 0.588374 0.766773
    outer loop
      vertex 1.61299 -29.06 8.48996
      vertex 1.8021 -29.1782 8.64396
      vertex 1.8021 -29.0242 8.52579
    endloop
  endfacet
  facet normal 0.965376 0.099847 0.240998
    outer loop
      vertex 2.59291 -29.4065 8.24856
      vertex 2.59291 -29.4757 8.27723
      vertex 2.64358 -29.5247 8.09456
    endloop
  endfacet
  facet normal 0.864147 0.192618 0.464917
    outer loop
      vertex 2.59291 -29.4065 8.24856
      vertex 2.49501 -29.4318 8.44101
      vertex 2.59291 -29.4757 8.27723
    endloop
  endfacet
  facet normal 0.256621 0.588404 0.766763
    outer loop
      vertex 2.18701 -29.06 8.48996
      vertex 1.99789 -29.1782 8.64396
      vertex 2.18701 -29.2035 8.60008
    endloop
  endfacet
  facet normal 0.256653 0.369698 0.893002
    outer loop
      vertex 1.99789 -29.1782 8.64396
      vertex 2.18701 -29.3707 8.6693
      vertex 2.18701 -29.2035 8.60008
    endloop
  endfacet
  facet normal 0.864152 0.192596 0.464917
    outer loop
      vertex 2.49501 -29.3217 8.3954
      vertex 2.49501 -29.4318 8.44101
      vertex 2.59291 -29.4065 8.24856
    endloop
  endfacet
  facet normal 0.864149 0.306478 0.399148
    outer loop
      vertex 2.49501 -29.2272 8.32284
      vertex 2.49501 -29.3217 8.3954
      vertex 2.59291 -29.4065 8.24856
    endloop
  endfacet
  facet normal -0.864199 0.498828 -0.0658119
    outer loop
      vertex 1.20709 -29.2728 7.92572
      vertex 1.20709 -29.263 8
      vertex 1.30498 -29.109 7.88183
    endloop
  endfacet
  facet normal -0.864209 0.498805 -0.0658489
    outer loop
      vertex 1.30498 -29.109 7.88183
      vertex 1.20709 -29.263 8
      vertex 1.30498 -29.0934 8
    endloop
  endfacet
  facet normal -0.965372 0.0340454 0.258648
    outer loop
      vertex 1.15642 -29.5247 8.09456
      vertex 1.20709 -29.55 8.28701
      vertex 1.20709 -29.4757 8.27723
    endloop
  endfacet
  facet normal 0.704102 0.563266 -0.432402
    outer loop
      vertex 2.35657 -29.1293 7.57926
      vertex 2.35657 -29.0347 7.70249
      vertex 2.49501 -29.2272 7.67716
    endloop
  endfacet
  facet normal 0.497023 0.688308 -0.528394
    outer loop
      vertex 2.18701 -29.06 7.51004
      vertex 2.35657 -29.0347 7.70249
      vertex 2.35657 -29.1293 7.57926
    endloop
  endfacet
  facet normal 0.965364 0.206764 -0.159127
    outer loop
      vertex 2.59291 -29.3014 7.85649
      vertex 2.64358 -29.4652 7.95105
      vertex 2.64358 -29.4808 7.93078
    endloop
  endfacet
  facet normal 0.965383 0.240906 -0.099995
    outer loop
      vertex 2.59291 -29.3014 7.85649
      vertex 2.64358 -29.4554 7.97466
      vertex 2.64358 -29.4652 7.95105
    endloop
  endfacet
  facet normal 0.864177 0.498866 0.0658169
    outer loop
      vertex 2.59291 -29.263 8
      vertex 2.49501 -29.109 8.11817
      vertex 2.59291 -29.2728 8.07428
    endloop
  endfacet
  facet normal 0.864196 0.465036 0.192114
    outer loop
      vertex 2.49501 -29.109 8.11817
      vertex 2.59291 -29.3014 8.14351
      vertex 2.59291 -29.2728 8.07428
    endloop
  endfacet
  facet normal 0.965383 0.240906 0.099995
    outer loop
      vertex 2.64358 -29.4554 8.02534
      vertex 2.59291 -29.3014 8.14351
      vertex 2.64358 -29.4652 8.04895
    endloop
  endfacet
  facet normal -0.965354 0.241174 -0.0996329
    outer loop
      vertex 1.20709 -29.3014 7.85649
      vertex 1.15642 -29.4554 7.97466
      vertex 1.20709 -29.2728 7.92572
    endloop
  endfacet
  facet normal -0.965383 0.240906 -0.099995
    outer loop
      vertex 1.15642 -29.4652 7.95105
      vertex 1.15642 -29.4554 7.97466
      vertex 1.20709 -29.3014 7.85649
    endloop
  endfacet
  facet normal -0.965383 0.240906 0.099995
    outer loop
      vertex 1.15642 -29.4652 8.04895
      vertex 1.20709 -29.3014 8.14351
      vertex 1.15642 -29.4554 8.02534
    endloop
  endfacet
  facet normal -0.965354 0.241174 0.0996329
    outer loop
      vertex 1.15642 -29.4554 8.02534
      vertex 1.20709 -29.3014 8.14351
      vertex 1.20709 -29.2728 8.07428
    endloop
  endfacet
  facet normal -0.965364 0.206764 -0.159127
    outer loop
      vertex 1.15642 -29.4808 7.93078
      vertex 1.15642 -29.4652 7.95105
      vertex 1.20709 -29.3014 7.85649
    endloop
  endfacet
  facet normal -0.965383 0.158686 -0.207011
    outer loop
      vertex 1.20709 -29.4065 7.75144
      vertex 1.15642 -29.5011 7.91522
      vertex 1.20709 -29.347 7.79705
    endloop
  endfacet
  facet normal -0 0.608767 0.793349
    outer loop
      vertex 1.8021 -29.0242 8.52579
      vertex 1.99789 -29.1782 8.64396
      vertex 1.99789 -29.0242 8.52579
    endloop
  endfacet
  facet normal 0 0.608767 0.793349
    outer loop
      vertex 1.99789 -29.1782 8.64396
      vertex 1.8021 -29.0242 8.52579
      vertex 1.8021 -29.1782 8.64396
    endloop
  endfacet
  facet normal -0.864175 0.192582 0.464881
    outer loop
      vertex 1.20709 -29.4065 8.24856
      vertex 1.30498 -29.4318 8.44101
      vertex 1.30498 -29.3217 8.3954
    endloop
  endfacet
  facet normal -0.704037 0.271794 0.656095
    outer loop
      vertex 1.30498 -29.4318 8.44101
      vertex 1.44343 -29.2525 8.5153
      vertex 1.30498 -29.3217 8.3954
    endloop
  endfacet
  facet normal -0.496765 0.113312 0.860456
    outer loop
      vertex 1.44343 -29.55 8.59502
      vertex 1.61299 -29.3707 8.6693
      vertex 1.44343 -29.396 8.57474
    endloop
  endfacet
  facet normal -0.496727 0.332135 0.801841
    outer loop
      vertex 1.44343 -29.396 8.57474
      vertex 1.61299 -29.3707 8.6693
      vertex 1.44343 -29.2525 8.5153
    endloop
  endfacet
  facet normal 0 0.924034 -0.382309
    outer loop
      vertex 1.99789 -28.906 7.62821
      vertex 1.8021 -28.8318 7.80755
      vertex 1.99789 -28.8318 7.80755
    endloop
  endfacet
  facet normal 0 0.924034 -0.382309
    outer loop
      vertex 1.8021 -28.8318 7.80755
      vertex 1.99789 -28.906 7.62821
      vertex 1.8021 -28.906 7.62821
    endloop
  endfacet
  facet normal 0 0.793275 -0.608864
    outer loop
      vertex 1.99789 -29.0242 7.47421
      vertex 1.8021 -28.906 7.62821
      vertex 1.99789 -28.906 7.62821
    endloop
  endfacet
  facet normal 0 0.793275 -0.608864
    outer loop
      vertex 1.8021 -28.906 7.62821
      vertex 1.99789 -29.0242 7.47421
      vertex 1.8021 -29.0242 7.47421
    endloop
  endfacet
  facet normal 0.704078 0.656138 -0.271581
    outer loop
      vertex 2.35657 -29.0347 7.70249
      vertex 2.35657 -28.9753 7.846
      vertex 2.49501 -29.1546 7.77172
    endloop
  endfacet
  facet normal 0.496942 0.801814 -0.331878
    outer loop
      vertex 2.18701 -28.8807 7.82066
      vertex 2.35657 -28.9753 7.846
      vertex 2.35657 -29.0347 7.70249
    endloop
  endfacet
  facet normal 0.256781 0.766676 0.588449
    outer loop
      vertex 1.99789 -28.906 8.37179
      vertex 1.99789 -29.0242 8.52579
      vertex 2.18701 -28.9499 8.34646
    endloop
  endfacet
  facet normal 0 0.924034 0.382309
    outer loop
      vertex 1.99789 -28.8318 8.19245
      vertex 1.8021 -28.906 8.37179
      vertex 1.99789 -28.906 8.37179
    endloop
  endfacet
  facet normal 0 0.924034 0.382309
    outer loop
      vertex 1.8021 -28.906 8.37179
      vertex 1.99789 -28.8318 8.19245
      vertex 1.8021 -28.8318 8.19245
    endloop
  endfacet
  facet normal 0.965383 0.15868 0.207018
    outer loop
      vertex 2.64358 -29.4808 8.06922
      vertex 2.59291 -29.347 8.20295
      vertex 2.64358 -29.5011 8.08478
    endloop
  endfacet
  facet normal 0.965377 0.0998655 0.240984
    outer loop
      vertex 2.64358 -29.5011 8.08478
      vertex 2.59291 -29.4065 8.24856
      vertex 2.64358 -29.5247 8.09456
    endloop
  endfacet
  facet normal 0.965391 0.206929 0.158747
    outer loop
      vertex 2.59291 -29.3014 8.14351
      vertex 2.59291 -29.347 8.20295
      vertex 2.64358 -29.4808 8.06922
    endloop
  endfacet
  facet normal 0.864036 0.39943 0.306427
    outer loop
      vertex 2.59291 -29.3014 8.14351
      vertex 2.49501 -29.2272 8.32284
      vertex 2.59291 -29.347 8.20295
    endloop
  endfacet
  facet normal 0.864144 0.0656749 0.498941
    outer loop
      vertex 2.59291 -29.4757 8.27723
      vertex 2.49501 -29.4318 8.44101
      vertex 2.59291 -29.55 8.28701
    endloop
  endfacet
  facet normal 0.965372 0.0340454 0.258648
    outer loop
      vertex 2.59291 -29.4757 8.27723
      vertex 2.59291 -29.55 8.28701
      vertex 2.64358 -29.5247 8.09456
    endloop
  endfacet
  facet normal 0.704062 0.271784 0.656071
    outer loop
      vertex 2.49501 -29.3217 8.3954
      vertex 2.35657 -29.2525 8.5153
      vertex 2.49501 -29.4318 8.44101
    endloop
  endfacet
  facet normal 0.704032 0.432502 0.563278
    outer loop
      vertex 2.49501 -29.2272 8.32284
      vertex 2.35657 -29.2525 8.5153
      vertex 2.49501 -29.3217 8.3954
    endloop
  endfacet
  facet normal -0.965377 0.0998655 0.240984
    outer loop
      vertex 1.15642 -29.5247 8.09456
      vertex 1.20709 -29.4065 8.24856
      vertex 1.15642 -29.5011 8.08478
    endloop
  endfacet
  facet normal -0.965383 0.158686 0.207011
    outer loop
      vertex 1.15642 -29.5011 8.08478
      vertex 1.20709 -29.4065 8.24856
      vertex 1.20709 -29.347 8.20295
    endloop
  endfacet
  facet normal -1 0 0
    outer loop
      vertex 1.15642 -29.4554 7.97466
      vertex 1.15642 -29.4554 8.02534
      vertex 1.15642 -29.4521 8
    endloop
  endfacet
  facet normal -1 0 0
    outer loop
      vertex 1.15642 -29.4652 7.95105
      vertex 1.15642 -29.4554 8.02534
      vertex 1.15642 -29.4554 7.97466
    endloop
  endfacet
  facet normal -1 0 0
    outer loop
      vertex 1.15642 -29.4652 7.95105
      vertex 1.15642 -29.4652 8.04895
      vertex 1.15642 -29.4554 8.02534
    endloop
  endfacet
  facet normal -1 0 0
    outer loop
      vertex 1.15642 -29.4808 7.93078
      vertex 1.15642 -29.4652 8.04895
      vertex 1.15642 -29.4652 7.95105
    endloop
  endfacet
  facet normal -1 0 0
    outer loop
      vertex 1.15642 -29.4808 7.93078
      vertex 1.15642 -29.4808 8.06922
      vertex 1.15642 -29.4652 8.04895
    endloop
  endfacet
  facet normal -1 0 0
    outer loop
      vertex 1.15642 -29.5011 7.91522
      vertex 1.15642 -29.4808 8.06922
      vertex 1.15642 -29.4808 7.93078
    endloop
  endfacet
  facet normal -1 0 0
    outer loop
      vertex 1.15642 -29.5011 7.91522
      vertex 1.15642 -29.5011 8.08478
      vertex 1.15642 -29.4808 8.06922
    endloop
  endfacet
  facet normal -1 0 0
    outer loop
      vertex 1.15642 -29.5247 7.90544
      vertex 1.15642 -29.5011 8.08478
      vertex 1.15642 -29.5011 7.91522
    endloop
  endfacet
  facet normal -1 0 0
    outer loop
      vertex 1.15642 -29.5247 7.90544
      vertex 1.15642 -29.5247 8.09456
      vertex 1.15642 -29.5011 8.08478
    endloop
  endfacet
  facet normal -1 0 0
    outer loop
      vertex 1.15642 -29.55 7.90211
      vertex 1.15642 -29.5247 8.09456
      vertex 1.15642 -29.5247 7.90544
    endloop
  endfacet
  facet normal -1 -0 0
    outer loop
      vertex 1.15642 -29.5247 8.09456
      vertex 1.15642 -29.55 7.90211
      vertex 1.15642 -29.55 8.09789
    endloop
  endfacet
  facet normal -0.965383 0.15868 -0.207018
    outer loop
      vertex 1.15642 -29.5011 7.91522
      vertex 1.15642 -29.4808 7.93078
      vertex 1.20709 -29.347 7.79705
    endloop
  endfacet
  facet normal 0.496791 0.860427 0.11342
    outer loop
      vertex 2.18701 -28.8571 8
      vertex 2.35657 -28.9753 8.154
      vertex 2.35657 -28.955 8
    endloop
  endfacet
  facet normal 0.703952 0.704156 0.0928205
    outer loop
      vertex 2.35657 -28.955 8
      vertex 2.35657 -28.9753 8.154
      vertex 2.49501 -29.0934 8
    endloop
  endfacet
  facet normal -0.256794 0.766673 0.588446
    outer loop
      vertex 1.61299 -28.9499 8.34646
      vertex 1.8021 -29.0242 8.52579
      vertex 1.8021 -28.906 8.37179
    endloop
  endfacet
  facet normal -0.256633 0.766812 0.588335
    outer loop
      vertex 1.61299 -29.06 8.48996
      vertex 1.8021 -29.0242 8.52579
      vertex 1.61299 -28.9499 8.34646
    endloop
  endfacet
  facet normal -0.965383 0.15868 0.207018
    outer loop
      vertex 1.15642 -29.5011 8.08478
      vertex 1.20709 -29.347 8.20295
      vertex 1.15642 -29.4808 8.06922
    endloop
  endfacet
  facet normal -0.965372 0.0340433 0.258647
    outer loop
      vertex 1.15642 -29.55 8.09789
      vertex 1.20709 -29.55 8.28701
      vertex 1.15642 -29.5247 8.09456
    endloop
  endfacet
  facet normal 0.704062 -0.271784 -0.656071
    outer loop
      vertex 2.49501 29.4318 7.55899
      vertex 2.49501 29.3217 7.6046
      vertex 2.35657 29.2525 7.4847
    endloop
  endfacet
  facet normal -0.496727 -0.332135 -0.801841
    outer loop
      vertex 1.61299 29.3707 7.3307
      vertex 1.44343 29.2525 7.4847
      vertex 1.44343 29.396 7.42526
    endloop
  endfacet
  facet normal 0 -0.13046 -0.991454
    outer loop
      vertex 1.8021 29.3575 7.28175
      vertex 1.99789 29.55 7.25642
      vertex 1.99789 29.3575 7.28175
    endloop
  endfacet
  facet normal -0 -0.13046 -0.991454
    outer loop
      vertex 1.99789 29.55 7.25642
      vertex 1.8021 29.3575 7.28175
      vertex 1.8021 29.55 7.25642
    endloop
  endfacet
  facet normal 0.704081 -0.563256 -0.432449
    outer loop
      vertex 2.49501 29.2272 7.67716
      vertex 2.49501 29.1546 7.77172
      vertex 2.35657 29.0347 7.70249
    endloop
  endfacet
  facet normal -0.496942 -0.801814 -0.331878
    outer loop
      vertex 1.61299 28.8807 7.82066
      vertex 1.44343 28.9753 7.846
      vertex 1.44343 29.0347 7.70249
    endloop
  endfacet
  facet normal -0.256925 -0.369929 -0.892828
    outer loop
      vertex 1.8021 29.3575 7.28175
      vertex 1.8021 29.1782 7.35604
      vertex 1.61299 29.3707 7.3307
    endloop
  endfacet
  facet normal -0.864209 -0.498805 -0.0658489
    outer loop
      vertex 1.30498 29.109 7.88183
      vertex 1.30498 29.0934 8
      vertex 1.20709 29.263 8
    endloop
  endfacet
  facet normal 0.864144 -0.0656749 0.498941
    outer loop
      vertex 2.59291 29.55 8.28701
      vertex 2.49501 29.4318 8.44101
      vertex 2.59291 29.4757 8.27723
    endloop
  endfacet
  facet normal 0.704032 -0.432502 0.563278
    outer loop
      vertex 2.49501 29.3217 8.3954
      vertex 2.35657 29.2525 8.5153
      vertex 2.49501 29.2272 8.32284
    endloop
  endfacet
  facet normal 0.256732 -0.126087 0.958223
    outer loop
      vertex 2.18701 29.55 8.69291
      vertex 1.99789 29.55 8.74358
      vertex 1.99789 29.3575 8.71825
    endloop
  endfacet
  facet normal 0.256781 -0.766676 0.588449
    outer loop
      vertex 2.18701 28.9499 8.34646
      vertex 1.99789 29.0242 8.52579
      vertex 1.99789 28.906 8.37179
    endloop
  endfacet
  facet normal -0.256886 -0.958181 0.12609
    outer loop
      vertex 1.8021 28.8064 8
      vertex 1.61299 28.8807 8.17934
      vertex 1.61299 28.8571 8
    endloop
  endfacet
  facet normal -0.496962 -0.528355 -0.688382
    outer loop
      vertex 1.61299 29.06 7.51004
      vertex 1.44343 29.1293 7.57926
      vertex 1.44343 29.2525 7.4847
    endloop
  endfacet
  facet normal 0.704049 -0.271764 0.656094
    outer loop
      vertex 2.49501 29.4318 8.44101
      vertex 2.35657 29.396 8.57474
      vertex 2.35657 29.2525 8.5153
    endloop
  endfacet
  facet normal -0.864199 -0.498828 -0.0658119
    outer loop
      vertex 1.30498 29.109 7.88183
      vertex 1.20709 29.263 8
      vertex 1.20709 29.2728 7.92572
    endloop
  endfacet
  facet normal 0.25662 -0.766835 -0.588311
    outer loop
      vertex 2.18701 29.06 7.51004
      vertex 2.18701 28.9499 7.65355
      vertex 1.99789 29.0242 7.47421
    endloop
  endfacet
  facet normal 0.703952 -0.704156 -0.0928205
    outer loop
      vertex 2.49501 29.0934 8
      vertex 2.35657 28.955 8
      vertex 2.35657 28.9753 7.846
    endloop
  endfacet
  facet normal -0.864113 -0.399192 0.306519
    outer loop
      vertex 1.30498 29.1546 8.22829
      vertex 1.30498 29.2272 8.32284
      vertex 1.20709 29.3014 8.14351
    endloop
  endfacet
  facet normal 0.256815 -0.126173 0.958189
    outer loop
      vertex 2.18701 29.55 8.69291
      vertex 1.99789 29.3575 8.71825
      vertex 2.18701 29.3707 8.6693
    endloop
  endfacet
  facet normal -0.864168 -0.0656758 0.498899
    outer loop
      vertex 1.30498 29.4318 8.44101
      vertex 1.30498 29.55 8.45657
      vertex 1.20709 29.55 8.28701
    endloop
  endfacet
  facet normal 0.256808 -0.893045 -0.369488
    outer loop
      vertex 2.18701 28.9499 7.65355
      vertex 1.99789 28.8318 7.80755
      vertex 1.99789 28.906 7.62821
    endloop
  endfacet
  facet normal 0.704063 -0.0926838 -0.704063
    outer loop
      vertex 2.49501 29.55 7.54343
      vertex 2.49501 29.4318 7.55899
      vertex 2.35657 29.55 7.40499
    endloop
  endfacet
  facet normal 0 -0.382778 -0.92384
    outer loop
      vertex 1.8021 29.1782 7.35604
      vertex 1.99789 29.3575 7.28175
      vertex 1.99789 29.1782 7.35604
    endloop
  endfacet
  facet normal -0 -0.382778 -0.92384
    outer loop
      vertex 1.99789 29.3575 7.28175
      vertex 1.8021 29.1782 7.35604
      vertex 1.8021 29.3575 7.28175
    endloop
  endfacet
  facet normal -0.25682 -0.893042 -0.369486
    outer loop
      vertex 1.8021 28.906 7.62821
      vertex 1.8021 28.8318 7.80755
      vertex 1.61299 28.9499 7.65355
    endloop
  endfacet
  facet normal 0.496829 -0.688555 -0.528255
    outer loop
      vertex 2.18701 29.06 7.51004
      vertex 2.35657 29.0347 7.70249
      vertex 2.18701 28.9499 7.65355
    endloop
  endfacet
  facet normal -0.496849 -0.331957 -0.801839
    outer loop
      vertex 1.61299 29.2035 7.39992
      vertex 1.44343 29.2525 7.4847
      vertex 1.61299 29.3707 7.3307
    endloop
  endfacet
  facet normal 0.496727 -0.332135 0.801841
    outer loop
      vertex 2.35657 29.396 8.57474
      vertex 2.18701 29.3707 8.6693
      vertex 2.35657 29.2525 8.5153
    endloop
  endfacet
  facet normal 0.256912 -0.36993 0.892831
    outer loop
      vertex 2.18701 29.3707 8.6693
      vertex 1.99789 29.3575 8.71825
      vertex 1.99789 29.1782 8.64396
    endloop
  endfacet
  facet normal 0.496902 -0.528313 0.688457
    outer loop
      vertex 2.35657 29.2525 8.5153
      vertex 2.18701 29.2035 8.60008
      vertex 2.18701 29.06 8.48996
    endloop
  endfacet
  facet normal 0.256649 -0.588376 0.766776
    outer loop
      vertex 2.18701 29.06 8.48996
      vertex 1.99789 29.1782 8.64396
      vertex 1.99789 29.0242 8.52579
    endloop
  endfacet
  facet normal 0.965372 -0.0340454 0.258648
    outer loop
      vertex 2.64358 29.5247 8.09456
      vertex 2.59291 29.55 8.28701
      vertex 2.59291 29.4757 8.27723
    endloop
  endfacet
  facet normal -0.965383 -0.15868 0.207018
    outer loop
      vertex 1.15642 29.4808 8.06922
      vertex 1.20709 29.347 8.20295
      vertex 1.15642 29.5011 8.08478
    endloop
  endfacet
  facet normal -0.497023 -0.688308 0.528394
    outer loop
      vertex 1.44343 29.0347 8.29751
      vertex 1.61299 29.06 8.48996
      vertex 1.44343 29.1293 8.42074
    endloop
  endfacet
  facet normal -0.704077 -0.563286 0.432418
    outer loop
      vertex 1.44343 29.0347 8.29751
      vertex 1.44343 29.1293 8.42074
      vertex 1.30498 29.2272 8.32284
    endloop
  endfacet
  facet normal -0.864175 -0.192582 -0.464881
    outer loop
      vertex 1.30498 29.3217 7.6046
      vertex 1.20709 29.4065 7.75144
      vertex 1.30498 29.4318 7.55899
    endloop
  endfacet
  facet normal -0.965372 -0.0340433 -0.258647
    outer loop
      vertex 1.20709 29.55 7.71299
      vertex 1.15642 29.5247 7.90544
      vertex 1.15642 29.55 7.90211
    endloop
  endfacet
  facet normal 0.496836 -0.801816 -0.332031
    outer loop
      vertex 2.35657 29.0347 7.70249
      vertex 2.18701 28.8807 7.82066
      vertex 2.18701 28.9499 7.65355
    endloop
  endfacet
  facet normal 0.256621 -0.766815 0.588337
    outer loop
      vertex 2.18701 29.06 8.48996
      vertex 1.99789 29.0242 8.52579
      vertex 2.18701 28.9499 8.34646
    endloop
  endfacet
  facet normal 0.256653 -0.369698 -0.893002
    outer loop
      vertex 2.18701 29.3707 7.3307
      vertex 2.18701 29.2035 7.39992
      vertex 1.99789 29.1782 7.35604
    endloop
  endfacet
  facet normal 0.256732 -0.126087 -0.958223
    outer loop
      vertex 1.99789 29.55 7.25642
      vertex 2.18701 29.55 7.30709
      vertex 1.99789 29.3575 7.28175
    endloop
  endfacet
  facet normal 0.256912 -0.36993 -0.892831
    outer loop
      vertex 2.18701 29.3707 7.3307
      vertex 1.99789 29.1782 7.35604
      vertex 1.99789 29.3575 7.28175
    endloop
  endfacet
  facet normal -0.704037 -0.271794 -0.656095
    outer loop
      vertex 1.44343 29.2525 7.4847
      vertex 1.30498 29.3217 7.6046
      vertex 1.30498 29.4318 7.55899
    endloop
  endfacet
  facet normal -0.864168 -0.0656758 -0.498899
    outer loop
      vertex 1.30498 29.4318 7.55899
      vertex 1.20709 29.55 7.71299
      vertex 1.30498 29.55 7.54343
    endloop
  endfacet
  facet normal -0.704024 -0.271774 -0.656117
    outer loop
      vertex 1.44343 29.2525 7.4847
      vertex 1.30498 29.4318 7.55899
      vertex 1.44343 29.396 7.42526
    endloop
  endfacet
  facet normal -0.256633 -0.766812 0.588335
    outer loop
      vertex 1.61299 28.9499 8.34646
      vertex 1.8021 29.0242 8.52579
      vertex 1.61299 29.06 8.48996
    endloop
  endfacet
  facet normal -0.256828 -0.126173 0.958186
    outer loop
      vertex 1.61299 29.3707 8.6693
      vertex 1.8021 29.3575 8.71825
      vertex 1.61299 29.55 8.69291
    endloop
  endfacet
  facet normal 0.70402 -0.704071 0.0929467
    outer loop
      vertex 2.49501 29.109 8.11817
      vertex 2.35657 28.9753 8.154
      vertex 2.49501 29.0934 8
    endloop
  endfacet
  facet normal 0.496849 -0.331957 0.801839
    outer loop
      vertex 2.35657 29.2525 8.5153
      vertex 2.18701 29.3707 8.6693
      vertex 2.18701 29.2035 8.60008
    endloop
  endfacet
  facet normal 0 -0.13046 0.991454
    outer loop
      vertex 1.8021 29.55 8.74358
      vertex 1.99789 29.3575 8.71825
      vertex 1.99789 29.55 8.74358
    endloop
  endfacet
  facet normal 0 -0.13046 0.991454
    outer loop
      vertex 1.99789 29.3575 8.71825
      vertex 1.8021 29.55 8.74358
      vertex 1.8021 29.3575 8.71825
    endloop
  endfacet
  facet normal 0.496759 -0.113304 0.860461
    outer loop
      vertex 2.35657 29.55 8.59502
      vertex 2.18701 29.55 8.69291
      vertex 2.18701 29.3707 8.6693
    endloop
  endfacet
  facet normal 0.496765 -0.113312 0.860456
    outer loop
      vertex 2.35657 29.55 8.59502
      vertex 2.18701 29.3707 8.6693
      vertex 2.35657 29.396 8.57474
    endloop
  endfacet
  facet normal 0.704072 -0.0927151 0.70405
    outer loop
      vertex 2.49501 29.4318 8.44101
      vertex 2.35657 29.55 8.59502
      vertex 2.35657 29.396 8.57474
    endloop
  endfacet
  facet normal -0.496836 -0.801816 -0.332031
    outer loop
      vertex 1.61299 28.9499 7.65355
      vertex 1.61299 28.8807 7.82066
      vertex 1.44343 29.0347 7.70249
    endloop
  endfacet
  facet normal -0.256544 -0.958223 -0.126468
    outer loop
      vertex 1.8021 28.8318 7.80755
      vertex 1.8021 28.8064 8
      vertex 1.61299 28.8807 7.82066
    endloop
  endfacet
  facet normal 0 -0.991402 0.130848
    outer loop
      vertex 1.8021 28.8064 8
      vertex 1.99789 28.8318 8.19245
      vertex 1.8021 28.8318 8.19245
    endloop
  endfacet
  facet normal 0 -0.991402 0.130848
    outer loop
      vertex 1.99789 28.8318 8.19245
      vertex 1.8021 28.8064 8
      vertex 1.99789 28.8064 8
    endloop
  endfacet
  facet normal -0.965362 -0.258672 0.0341274
    outer loop
      vertex 1.20709 29.263 8
      vertex 1.20709 29.2728 8.07428
      vertex 1.15642 29.4521 8
    endloop
  endfacet
  facet normal -0.703927 -0.704181 0.0928239
    outer loop
      vertex 1.44343 28.955 8
      vertex 1.44343 28.9753 8.154
      vertex 1.30498 29.0934 8
    endloop
  endfacet
  facet normal 0.864091 -0.399223 0.306542
    outer loop
      vertex 2.59291 29.3014 8.14351
      vertex 2.49501 29.2272 8.32284
      vertex 2.49501 29.1546 8.22829
    endloop
  endfacet
  facet normal 0.704063 -0.563249 0.432489
    outer loop
      vertex 2.49501 29.1546 8.22829
      vertex 2.49501 29.2272 8.32284
      vertex 2.35657 29.0347 8.29751
    endloop
  endfacet
  facet normal -0.965376 -0.099847 -0.240998
    outer loop
      vertex 1.20709 29.4065 7.75144
      vertex 1.15642 29.5247 7.90544
      vertex 1.20709 29.4757 7.72277
    endloop
  endfacet
  facet normal -0.864166 -0.0656699 -0.498903
    outer loop
      vertex 1.30498 29.4318 7.55899
      vertex 1.20709 29.4757 7.72277
      vertex 1.20709 29.55 7.71299
    endloop
  endfacet
  facet normal -0.704052 -0.656162 -0.271591
    outer loop
      vertex 1.44343 29.0347 7.70249
      vertex 1.44343 28.9753 7.846
      vertex 1.30498 29.1546 7.77172
    endloop
  endfacet
  facet normal -0.864171 -0.306454 0.399117
    outer loop
      vertex 1.30498 29.2272 8.32284
      vertex 1.30498 29.3217 8.3954
      vertex 1.20709 29.4065 8.24856
    endloop
  endfacet
  facet normal 0.256534 -0.893006 0.36977
    outer loop
      vertex 2.18701 28.8807 8.17934
      vertex 2.18701 28.9499 8.34646
      vertex 1.99789 28.8318 8.19245
    endloop
  endfacet
  facet normal 0.256874 -0.958184 0.126091
    outer loop
      vertex 2.18701 28.8571 8
      vertex 2.18701 28.8807 8.17934
      vertex 1.99789 28.8064 8
    endloop
  endfacet
  facet normal 0.256649 -0.588376 -0.766776
    outer loop
      vertex 1.99789 29.1782 7.35604
      vertex 2.18701 29.06 7.51004
      vertex 1.99789 29.0242 7.47421
    endloop
  endfacet
  facet normal 0.864147 -0.192618 -0.464917
    outer loop
      vertex 2.59291 29.4757 7.72277
      vertex 2.59291 29.4065 7.75144
      vertex 2.49501 29.4318 7.55899
    endloop
  endfacet
  facet normal 0.256815 -0.126173 -0.958189
    outer loop
      vertex 2.18701 29.55 7.30709
      vertex 2.18701 29.3707 7.3307
      vertex 1.99789 29.3575 7.28175
    endloop
  endfacet
  facet normal 0.496797 -0.113302 -0.860439
    outer loop
      vertex 2.18701 29.55 7.30709
      vertex 2.35657 29.55 7.40499
      vertex 2.18701 29.3707 7.3307
    endloop
  endfacet
  facet normal 0.704011 -0.656149 -0.271732
    outer loop
      vertex 2.49501 29.1546 7.77172
      vertex 2.49501 29.109 7.88183
      vertex 2.35657 28.9753 7.846
    endloop
  endfacet
  facet normal 0.704102 -0.563266 -0.432402
    outer loop
      vertex 2.49501 29.2272 7.67716
      vertex 2.35657 29.0347 7.70249
      vertex 2.35657 29.1293 7.57926
    endloop
  endfacet
  facet normal -0.496829 -0.688555 -0.528255
    outer loop
      vertex 1.61299 28.9499 7.65355
      vertex 1.44343 29.0347 7.70249
      vertex 1.61299 29.06 7.51004
    endloop
  endfacet
  facet normal -0.256666 -0.369697 -0.892999
    outer loop
      vertex 1.8021 29.1782 7.35604
      vertex 1.61299 29.2035 7.39992
      vertex 1.61299 29.3707 7.3307
    endloop
  endfacet
  facet normal -0.256745 -0.126087 -0.958219
    outer loop
      vertex 1.8021 29.3575 7.28175
      vertex 1.61299 29.55 7.30709
      vertex 1.8021 29.55 7.25642
    endloop
  endfacet
  facet normal -0.704037 -0.0926871 -0.704088
    outer loop
      vertex 1.44343 29.55 7.40499
      vertex 1.30498 29.4318 7.55899
      vertex 1.30498 29.55 7.54343
    endloop
  endfacet
  facet normal -0.496902 -0.528313 0.688457
    outer loop
      vertex 1.61299 29.06 8.48996
      vertex 1.61299 29.2035 8.60008
      vertex 1.44343 29.2525 8.5153
    endloop
  endfacet
  facet normal -0.496849 -0.331957 0.801839
    outer loop
      vertex 1.61299 29.2035 8.60008
      vertex 1.61299 29.3707 8.6693
      vertex 1.44343 29.2525 8.5153
    endloop
  endfacet
  facet normal -0.256794 -0.766673 0.588446
    outer loop
      vertex 1.8021 28.906 8.37179
      vertex 1.8021 29.0242 8.52579
      vertex 1.61299 28.9499 8.34646
    endloop
  endfacet
  facet normal -0.256662 -0.588374 0.766773
    outer loop
      vertex 1.8021 29.0242 8.52579
      vertex 1.8021 29.1782 8.64396
      vertex 1.61299 29.06 8.48996
    endloop
  endfacet
  facet normal 0.256653 -0.369698 0.893002
    outer loop
      vertex 2.18701 29.2035 8.60008
      vertex 2.18701 29.3707 8.6693
      vertex 1.99789 29.1782 8.64396
    endloop
  endfacet
  facet normal 0.256621 -0.588404 0.766763
    outer loop
      vertex 2.18701 29.2035 8.60008
      vertex 1.99789 29.1782 8.64396
      vertex 2.18701 29.06 8.48996
    endloop
  endfacet
  facet normal -0.496759 -0.113304 0.860461
    outer loop
      vertex 1.61299 29.3707 8.6693
      vertex 1.61299 29.55 8.69291
      vertex 1.44343 29.55 8.59502
    endloop
  endfacet
  facet normal 0.704089 -0.0926805 0.704038
    outer loop
      vertex 2.49501 29.55 8.45657
      vertex 2.35657 29.55 8.59502
      vertex 2.49501 29.4318 8.44101
    endloop
  endfacet
  facet normal -0.497023 -0.688308 -0.528394
    outer loop
      vertex 1.61299 29.06 7.51004
      vertex 1.44343 29.0347 7.70249
      vertex 1.44343 29.1293 7.57926
    endloop
  endfacet
  facet normal -0.256546 -0.892995 -0.369788
    outer loop
      vertex 1.8021 28.8318 7.80755
      vertex 1.61299 28.8807 7.82066
      vertex 1.61299 28.9499 7.65355
    endloop
  endfacet
  facet normal 0 -0.924034 -0.382309
    outer loop
      vertex 1.8021 28.906 7.62821
      vertex 1.99789 28.8318 7.80755
      vertex 1.8021 28.8318 7.80755
    endloop
  endfacet
  facet normal 0 -0.924034 -0.382309
    outer loop
      vertex 1.99789 28.8318 7.80755
      vertex 1.8021 28.906 7.62821
      vertex 1.99789 28.906 7.62821
    endloop
  endfacet
  facet normal 0.256532 -0.958226 -0.126469
    outer loop
      vertex 2.18701 28.8807 7.82066
      vertex 1.99789 28.8064 8
      vertex 1.99789 28.8318 7.80755
    endloop
  endfacet
  facet normal 0.704068 -0.656148 0.271585
    outer loop
      vertex 2.49501 29.1546 8.22829
      vertex 2.35657 29.0347 8.29751
      vertex 2.35657 28.9753 8.154
    endloop
  endfacet
  facet normal -0.256547 -0.893003 0.369769
    outer loop
      vertex 1.8021 28.8318 8.19245
      vertex 1.61299 28.9499 8.34646
      vertex 1.61299 28.8807 8.17934
    endloop
  endfacet
  facet normal -0.256544 -0.958223 0.126468
    outer loop
      vertex 1.8021 28.8064 8
      vertex 1.8021 28.8318 8.19245
      vertex 1.61299 28.8807 8.17934
    endloop
  endfacet
  facet normal -0.864175 -0.192582 0.464881
    outer loop
      vertex 1.30498 29.3217 8.3954
      vertex 1.30498 29.4318 8.44101
      vertex 1.20709 29.4065 8.24856
    endloop
  endfacet
  facet normal -0.496934 -0.860371 0.113219
    outer loop
      vertex 1.61299 28.8571 8
      vertex 1.61299 28.8807 8.17934
      vertex 1.44343 28.9753 8.154
    endloop
  endfacet
  facet normal 0.965362 -0.258672 0.0341274
    outer loop
      vertex 2.64358 29.4521 8
      vertex 2.59291 29.2728 8.07428
      vertex 2.59291 29.263 8
    endloop
  endfacet
  facet normal 0.965383 -0.240906 0.099995
    outer loop
      vertex 2.64358 29.4652 8.04895
      vertex 2.59291 29.3014 8.14351
      vertex 2.64358 29.4554 8.02534
    endloop
  endfacet
  facet normal 0.496934 -0.860371 0.113219
    outer loop
      vertex 2.35657 28.9753 8.154
      vertex 2.18701 28.8807 8.17934
      vertex 2.18701 28.8571 8
    endloop
  endfacet
  facet normal 0.704062 -0.271784 0.656071
    outer loop
      vertex 2.49501 29.4318 8.44101
      vertex 2.35657 29.2525 8.5153
      vertex 2.49501 29.3217 8.3954
    endloop
  endfacet
  facet normal 0.864196 -0.465036 -0.192114
    outer loop
      vertex 2.59291 29.3014 7.85649
      vertex 2.59291 29.2728 7.92572
      vertex 2.49501 29.109 7.88183
    endloop
  endfacet
  facet normal 0.965333 -0.258837 -0.0337081
    outer loop
      vertex 2.64358 29.4554 7.97466
      vertex 2.64358 29.4521 8
      vertex 2.59291 29.2728 7.92572
    endloop
  endfacet
  facet normal -0.86417 -0.192603 -0.464881
    outer loop
      vertex 1.30498 29.4318 7.55899
      vertex 1.20709 29.4065 7.75144
      vertex 1.20709 29.4757 7.72277
    endloop
  endfacet
  facet normal -0.965372 -0.0340454 -0.258648
    outer loop
      vertex 1.20709 29.4757 7.72277
      vertex 1.15642 29.5247 7.90544
      vertex 1.20709 29.55 7.71299
    endloop
  endfacet
  facet normal -0.256634 -0.588402 -0.766761
    outer loop
      vertex 1.8021 29.1782 7.35604
      vertex 1.61299 29.06 7.51004
      vertex 1.61299 29.2035 7.39992
    endloop
  endfacet
  facet normal -0.704077 -0.563286 -0.432418
    outer loop
      vertex 1.44343 29.1293 7.57926
      vertex 1.44343 29.0347 7.70249
      vertex 1.30498 29.2272 7.67716
    endloop
  endfacet
  facet normal -0.965383 -0.158686 -0.207011
    outer loop
      vertex 1.20709 29.347 7.79705
      vertex 1.15642 29.5011 7.91522
      vertex 1.20709 29.4065 7.75144
    endloop
  endfacet
  facet normal -0.496934 -0.860371 -0.113219
    outer loop
      vertex 1.61299 28.8807 7.82066
      vertex 1.61299 28.8571 8
      vertex 1.44343 28.9753 7.846
    endloop
  endfacet
  facet normal -0.965383 -0.240906 -0.099995
    outer loop
      vertex 1.20709 29.3014 7.85649
      vertex 1.15642 29.4554 7.97466
      vertex 1.15642 29.4652 7.95105
    endloop
  endfacet
  facet normal -0.496942 -0.801814 0.331878
    outer loop
      vertex 1.61299 28.8807 8.17934
      vertex 1.44343 29.0347 8.29751
      vertex 1.44343 28.9753 8.154
    endloop
  endfacet
  facet normal -0.86417 -0.192603 0.464881
    outer loop
      vertex 1.20709 29.4065 8.24856
      vertex 1.30498 29.4318 8.44101
      vertex 1.20709 29.4757 8.27723
    endloop
  endfacet
  facet normal 0 -0.991402 -0.130848
    outer loop
      vertex 1.8021 28.8318 7.80755
      vertex 1.99789 28.8064 8
      vertex 1.8021 28.8064 8
    endloop
  endfacet
  facet normal 0 -0.991402 -0.130848
    outer loop
      vertex 1.99789 28.8064 8
      vertex 1.8021 28.8318 7.80755
      vertex 1.99789 28.8318 7.80755
    endloop
  endfacet
  facet normal 0.256533 -0.892999 -0.369789
    outer loop
      vertex 2.18701 28.9499 7.65355
      vertex 2.18701 28.8807 7.82066
      vertex 1.99789 28.8318 7.80755
    endloop
  endfacet
  facet normal 0.496849 -0.331957 -0.801839
    outer loop
      vertex 2.18701 29.3707 7.3307
      vertex 2.35657 29.2525 7.4847
      vertex 2.18701 29.2035 7.39992
    endloop
  endfacet
  facet normal 0.864145 -0.0656808 -0.498937
    outer loop
      vertex 2.49501 29.55 7.54343
      vertex 2.59291 29.55 7.71299
      vertex 2.49501 29.4318 7.55899
    endloop
  endfacet
  facet normal 0.864047 -0.306263 -0.399532
    outer loop
      vertex 2.59291 29.4065 7.75144
      vertex 2.59291 29.347 7.79705
      vertex 2.49501 29.2272 7.67716
    endloop
  endfacet
  facet normal 0.703952 -0.704156 0.0928205
    outer loop
      vertex 2.49501 29.0934 8
      vertex 2.35657 28.9753 8.154
      vertex 2.35657 28.955 8
    endloop
  endfacet
  facet normal 0.704098 -0.432356 -0.563306
    outer loop
      vertex 2.35657 29.2525 7.4847
      vertex 2.49501 29.2272 7.67716
      vertex 2.35657 29.1293 7.57926
    endloop
  endfacet
  facet normal 0 -0.793275 -0.608864
    outer loop
      vertex 1.8021 29.0242 7.47421
      vertex 1.99789 28.906 7.62821
      vertex 1.8021 28.906 7.62821
    endloop
  endfacet
  facet normal 0 -0.793275 -0.608864
    outer loop
      vertex 1.99789 28.906 7.62821
      vertex 1.8021 29.0242 7.47421
      vertex 1.99789 29.0242 7.47421
    endloop
  endfacet
  facet normal 0.25681 -0.76667 -0.588444
    outer loop
      vertex 1.99789 29.0242 7.47421
      vertex 2.18701 28.9499 7.65355
      vertex 1.99789 28.906 7.62821
    endloop
  endfacet
  facet normal 0.256621 -0.588404 -0.766763
    outer loop
      vertex 2.18701 29.2035 7.39992
      vertex 2.18701 29.06 7.51004
      vertex 1.99789 29.1782 7.35604
    endloop
  endfacet
  facet normal 0.496902 -0.528313 -0.688457
    outer loop
      vertex 2.35657 29.2525 7.4847
      vertex 2.18701 29.06 7.51004
      vertex 2.18701 29.2035 7.39992
    endloop
  endfacet
  facet normal 0 -0.608767 -0.793349
    outer loop
      vertex 1.8021 29.0242 7.47421
      vertex 1.99789 29.1782 7.35604
      vertex 1.99789 29.0242 7.47421
    endloop
  endfacet
  facet normal -0 -0.608767 -0.793349
    outer loop
      vertex 1.99789 29.1782 7.35604
      vertex 1.8021 29.0242 7.47421
      vertex 1.8021 29.1782 7.35604
    endloop
  endfacet
  facet normal -0.496797 -0.113302 -0.860439
    outer loop
      vertex 1.61299 29.3707 7.3307
      vertex 1.44343 29.55 7.40499
      vertex 1.61299 29.55 7.30709
    endloop
  endfacet
  facet normal -0.256828 -0.126173 -0.958186
    outer loop
      vertex 1.8021 29.3575 7.28175
      vertex 1.61299 29.3707 7.3307
      vertex 1.61299 29.55 7.30709
    endloop
  endfacet
  facet normal 0.965372 -0.0340433 0.258647
    outer loop
      vertex 2.64358 29.55 8.09789
      vertex 2.59291 29.55 8.28701
      vertex 2.64358 29.5247 8.09456
    endloop
  endfacet
  facet normal -0.256745 -0.126087 0.958219
    outer loop
      vertex 1.8021 29.3575 8.71825
      vertex 1.8021 29.55 8.74358
      vertex 1.61299 29.55 8.69291
    endloop
  endfacet
  facet normal -0.704047 -0.0927184 0.704075
    outer loop
      vertex 1.44343 29.396 8.57474
      vertex 1.44343 29.55 8.59502
      vertex 1.30498 29.4318 8.44101
    endloop
  endfacet
  facet normal -0.704024 -0.271774 0.656117
    outer loop
      vertex 1.44343 29.2525 8.5153
      vertex 1.44343 29.396 8.57474
      vertex 1.30498 29.4318 8.44101
    endloop
  endfacet
  facet normal -0.256802 -0.893046 0.369488
    outer loop
      vertex 1.8021 28.8318 8.19245
      vertex 1.8021 28.906 8.37179
      vertex 1.61299 28.9499 8.34646
    endloop
  endfacet
  facet normal 0 -0.793275 0.608864
    outer loop
      vertex 1.8021 28.906 8.37179
      vertex 1.99789 29.0242 8.52579
      vertex 1.8021 29.0242 8.52579
    endloop
  endfacet
  facet normal 0 -0.793275 0.608864
    outer loop
      vertex 1.99789 29.0242 8.52579
      vertex 1.8021 28.906 8.37179
      vertex 1.99789 28.906 8.37179
    endloop
  endfacet
  facet normal 0 -0.608767 0.793349
    outer loop
      vertex 1.8021 29.1782 8.64396
      vertex 1.99789 29.0242 8.52579
      vertex 1.99789 29.1782 8.64396
    endloop
  endfacet
  facet normal 0 -0.608767 0.793349
    outer loop
      vertex 1.99789 29.0242 8.52579
      vertex 1.8021 29.1782 8.64396
      vertex 1.8021 29.0242 8.52579
    endloop
  endfacet
  facet normal -0.256925 -0.369929 0.892828
    outer loop
      vertex 1.8021 29.1782 8.64396
      vertex 1.8021 29.3575 8.71825
      vertex 1.61299 29.3707 8.6693
    endloop
  endfacet
  facet normal 1 -0 0
    outer loop
      vertex 2.64358 29.5247 8.09456
      vertex 2.64358 29.55 7.90211
      vertex 2.64358 29.55 8.09789
    endloop
  endfacet
  facet normal 1 0 0
    outer loop
      vertex 2.64358 29.5247 8.09456
      vertex 2.64358 29.5247 7.90544
      vertex 2.64358 29.55 7.90211
    endloop
  endfacet
  facet normal 1 -0 0
    outer loop
      vertex 2.64358 29.5011 8.08478
      vertex 2.64358 29.5247 7.90544
      vertex 2.64358 29.5247 8.09456
    endloop
  endfacet
  facet normal 1 0 0
    outer loop
      vertex 2.64358 29.5011 8.08478
      vertex 2.64358 29.5011 7.91522
      vertex 2.64358 29.5247 7.90544
    endloop
  endfacet
  facet normal 1 -0 0
    outer loop
      vertex 2.64358 29.4808 8.06922
      vertex 2.64358 29.5011 7.91522
      vertex 2.64358 29.5011 8.08478
    endloop
  endfacet
  facet normal 1 0 0
    outer loop
      vertex 2.64358 29.4808 8.06922
      vertex 2.64358 29.4808 7.93078
      vertex 2.64358 29.5011 7.91522
    endloop
  endfacet
  facet normal 1 -0 0
    outer loop
      vertex 2.64358 29.4652 8.04895
      vertex 2.64358 29.4808 7.93078
      vertex 2.64358 29.4808 8.06922
    endloop
  endfacet
  facet normal 1 0 0
    outer loop
      vertex 2.64358 29.4652 8.04895
      vertex 2.64358 29.4652 7.95105
      vertex 2.64358 29.4808 7.93078
    endloop
  endfacet
  facet normal 1 -0 0
    outer loop
      vertex 2.64358 29.4554 8.02534
      vertex 2.64358 29.4652 7.95105
      vertex 2.64358 29.4652 8.04895
    endloop
  endfacet
  facet normal 1 0 0
    outer loop
      vertex 2.64358 29.4554 8.02534
      vertex 2.64358 29.4554 7.97466
      vertex 2.64358 29.4652 7.95105
    endloop
  endfacet
  facet normal 1 0 -0
    outer loop
      vertex 2.64358 29.4554 7.97466
      vertex 2.64358 29.4554 8.02534
      vertex 2.64358 29.4521 8
    endloop
  endfacet
  facet normal 0 -0.382778 0.92384
    outer loop
      vertex 1.8021 29.3575 8.71825
      vertex 1.99789 29.1782 8.64396
      vertex 1.99789 29.3575 8.71825
    endloop
  endfacet
  facet normal 0 -0.382778 0.92384
    outer loop
      vertex 1.99789 29.1782 8.64396
      vertex 1.8021 29.3575 8.71825
      vertex 1.8021 29.1782 8.64396
    endloop
  endfacet
  facet normal 0.864145 -0.0656808 0.498937
    outer loop
      vertex 2.59291 29.55 8.28701
      vertex 2.49501 29.55 8.45657
      vertex 2.49501 29.4318 8.44101
    endloop
  endfacet
  facet normal -0.704055 -0.563277 -0.432465
    outer loop
      vertex 1.44343 29.0347 7.70249
      vertex 1.30498 29.1546 7.77172
      vertex 1.30498 29.2272 7.67716
    endloop
  endfacet
  facet normal -0.496902 -0.528313 -0.688457
    outer loop
      vertex 1.61299 29.2035 7.39992
      vertex 1.61299 29.06 7.51004
      vertex 1.44343 29.2525 7.4847
    endloop
  endfacet
  facet normal 0 -0.924034 0.382309
    outer loop
      vertex 1.8021 28.8318 8.19245
      vertex 1.99789 28.906 8.37179
      vertex 1.8021 28.906 8.37179
    endloop
  endfacet
  facet normal 0 -0.924034 0.382309
    outer loop
      vertex 1.99789 28.906 8.37179
      vertex 1.8021 28.8318 8.19245
      vertex 1.99789 28.8318 8.19245
    endloop
  endfacet
  facet normal 0.256789 -0.893049 0.369489
    outer loop
      vertex 2.18701 28.9499 8.34646
      vertex 1.99789 28.906 8.37179
      vertex 1.99789 28.8318 8.19245
    endloop
  endfacet
  facet normal 0.70402 -0.704071 -0.0929467
    outer loop
      vertex 2.49501 29.109 7.88183
      vertex 2.49501 29.0934 8
      vertex 2.35657 28.9753 7.846
    endloop
  endfacet
  facet normal 0.704098 -0.432356 0.563306
    outer loop
      vertex 2.49501 29.2272 8.32284
      vertex 2.35657 29.2525 8.5153
      vertex 2.35657 29.1293 8.42074
    endloop
  endfacet
  facet normal -0.703985 -0.656172 -0.271741
    outer loop
      vertex 1.44343 28.9753 7.846
      vertex 1.30498 29.109 7.88183
      vertex 1.30498 29.1546 7.77172
    endloop
  endfacet
  facet normal -0.256886 -0.958181 -0.12609
    outer loop
      vertex 1.61299 28.8807 7.82066
      vertex 1.8021 28.8064 8
      vertex 1.61299 28.8571 8
    endloop
  endfacet
  facet normal 0.965376 -0.099847 0.240998
    outer loop
      vertex 2.64358 29.5247 8.09456
      vertex 2.59291 29.4757 8.27723
      vertex 2.59291 29.4065 8.24856
    endloop
  endfacet
  facet normal 0.864147 -0.192618 0.464917
    outer loop
      vertex 2.59291 29.4757 8.27723
      vertex 2.49501 29.4318 8.44101
      vertex 2.59291 29.4065 8.24856
    endloop
  endfacet
  facet normal 0.965383 -0.158686 0.207011
    outer loop
      vertex 2.64358 29.5011 8.08478
      vertex 2.59291 29.4065 8.24856
      vertex 2.59291 29.347 8.20295
    endloop
  endfacet
  facet normal 0.496962 -0.528355 0.688382
    outer loop
      vertex 2.35657 29.1293 8.42074
      vertex 2.35657 29.2525 8.5153
      vertex 2.18701 29.06 8.48996
    endloop
  endfacet
  facet normal 0.704102 -0.563266 0.432402
    outer loop
      vertex 2.49501 29.2272 8.32284
      vertex 2.35657 29.1293 8.42074
      vertex 2.35657 29.0347 8.29751
    endloop
  endfacet
  facet normal 0.864149 -0.306478 0.399148
    outer loop
      vertex 2.59291 29.4065 8.24856
      vertex 2.49501 29.3217 8.3954
      vertex 2.49501 29.2272 8.32284
    endloop
  endfacet
  facet normal 0.864152 -0.192596 0.464917
    outer loop
      vertex 2.59291 29.4065 8.24856
      vertex 2.49501 29.4318 8.44101
      vertex 2.49501 29.3217 8.3954
    endloop
  endfacet
  facet normal 0.965391 -0.206929 -0.158747
    outer loop
      vertex 2.59291 29.347 7.79705
      vertex 2.64358 29.4808 7.93078
      vertex 2.59291 29.3014 7.85649
    endloop
  endfacet
  facet normal 0.864036 -0.39943 -0.306427
    outer loop
      vertex 2.59291 29.347 7.79705
      vertex 2.59291 29.3014 7.85649
      vertex 2.49501 29.2272 7.67716
    endloop
  endfacet
  facet normal -0.864069 -0.30624 -0.399501
    outer loop
      vertex 1.30498 29.2272 7.67716
      vertex 1.20709 29.347 7.79705
      vertex 1.20709 29.4065 7.75144
    endloop
  endfacet
  facet normal -0.864171 -0.306454 -0.399117
    outer loop
      vertex 1.30498 29.2272 7.67716
      vertex 1.20709 29.4065 7.75144
      vertex 1.30498 29.3217 7.6046
    endloop
  endfacet
  facet normal -0.965383 -0.240906 0.099995
    outer loop
      vertex 1.15642 29.4554 8.02534
      vertex 1.20709 29.3014 8.14351
      vertex 1.15642 29.4652 8.04895
    endloop
  endfacet
  facet normal -0.864107 -0.399217 -0.306505
    outer loop
      vertex 1.30498 29.1546 7.77172
      vertex 1.20709 29.3014 7.85649
      vertex 1.30498 29.2272 7.67716
    endloop
  endfacet
  facet normal -0.864108 -0.465007 -0.192574
    outer loop
      vertex 1.30498 29.1546 7.77172
      vertex 1.30498 29.109 7.88183
      vertex 1.20709 29.3014 7.85649
    endloop
  endfacet
  facet normal -0.965362 -0.258672 -0.0341274
    outer loop
      vertex 1.20709 29.2728 7.92572
      vertex 1.20709 29.263 8
      vertex 1.15642 29.4521 8
    endloop
  endfacet
  facet normal -0.965372 -0.0340454 0.258648
    outer loop
      vertex 1.20709 29.4757 8.27723
      vertex 1.20709 29.55 8.28701
      vertex 1.15642 29.5247 8.09456
    endloop
  endfacet
  facet normal -0.704037 -0.271794 0.656095
    outer loop
      vertex 1.30498 29.3217 8.3954
      vertex 1.44343 29.2525 8.5153
      vertex 1.30498 29.4318 8.44101
    endloop
  endfacet
  facet normal -0.864166 -0.0656699 0.498903
    outer loop
      vertex 1.20709 29.4757 8.27723
      vertex 1.30498 29.4318 8.44101
      vertex 1.20709 29.55 8.28701
    endloop
  endfacet
  facet normal -0.704043 -0.656171 0.271595
    outer loop
      vertex 1.44343 28.9753 8.154
      vertex 1.44343 29.0347 8.29751
      vertex 1.30498 29.1546 8.22829
    endloop
  endfacet
  facet normal -0.704037 -0.563269 0.432505
    outer loop
      vertex 1.44343 29.0347 8.29751
      vertex 1.30498 29.2272 8.32284
      vertex 1.30498 29.1546 8.22829
    endloop
  endfacet
  facet normal 0.496791 -0.860427 0.11342
    outer loop
      vertex 2.35657 28.955 8
      vertex 2.35657 28.9753 8.154
      vertex 2.18701 28.8571 8
    endloop
  endfacet
  facet normal 0.256874 -0.958184 -0.126091
    outer loop
      vertex 2.18701 28.8571 8
      vertex 1.99789 28.8064 8
      vertex 2.18701 28.8807 7.82066
    endloop
  endfacet
  facet normal 0.496727 -0.332135 -0.801841
    outer loop
      vertex 2.35657 29.396 7.42526
      vertex 2.35657 29.2525 7.4847
      vertex 2.18701 29.3707 7.3307
    endloop
  endfacet
  facet normal 0.496762 -0.113257 -0.860465
    outer loop
      vertex 2.35657 29.55 7.40499
      vertex 2.35657 29.396 7.42526
      vertex 2.18701 29.3707 7.3307
    endloop
  endfacet
  facet normal 0.864149 -0.306478 -0.399148
    outer loop
      vertex 2.49501 29.3217 7.6046
      vertex 2.59291 29.4065 7.75144
      vertex 2.49501 29.2272 7.67716
    endloop
  endfacet
  facet normal 0.704032 -0.432502 -0.563278
    outer loop
      vertex 2.49501 29.3217 7.6046
      vertex 2.49501 29.2272 7.67716
      vertex 2.35657 29.2525 7.4847
    endloop
  endfacet
  facet normal 0.965377 -0.0998655 -0.240984
    outer loop
      vertex 2.64358 29.5247 7.90544
      vertex 2.64358 29.5011 7.91522
      vertex 2.59291 29.4065 7.75144
    endloop
  endfacet
  facet normal 0.864144 -0.0656749 -0.498941
    outer loop
      vertex 2.59291 29.55 7.71299
      vertex 2.59291 29.4757 7.72277
      vertex 2.49501 29.4318 7.55899
    endloop
  endfacet
  facet normal 0.864152 -0.192596 -0.464917
    outer loop
      vertex 2.49501 29.4318 7.55899
      vertex 2.59291 29.4065 7.75144
      vertex 2.49501 29.3217 7.6046
    endloop
  endfacet
  facet normal 0.965376 -0.099847 -0.240998
    outer loop
      vertex 2.59291 29.4757 7.72277
      vertex 2.64358 29.5247 7.90544
      vertex 2.59291 29.4065 7.75144
    endloop
  endfacet
  facet normal 0.496942 -0.801814 -0.331878
    outer loop
      vertex 2.35657 29.0347 7.70249
      vertex 2.35657 28.9753 7.846
      vertex 2.18701 28.8807 7.82066
    endloop
  endfacet
  facet normal 0.704078 -0.656138 -0.271581
    outer loop
      vertex 2.49501 29.1546 7.77172
      vertex 2.35657 28.9753 7.846
      vertex 2.35657 29.0347 7.70249
    endloop
  endfacet
  facet normal -0.256823 -0.766667 -0.588442
    outer loop
      vertex 1.8021 28.906 7.62821
      vertex 1.61299 28.9499 7.65355
      vertex 1.8021 29.0242 7.47421
    endloop
  endfacet
  facet normal -0.704073 -0.432371 -0.563327
    outer loop
      vertex 1.44343 29.1293 7.57926
      vertex 1.30498 29.2272 7.67716
      vertex 1.44343 29.2525 7.4847
    endloop
  endfacet
  facet normal -0.704006 -0.432517 -0.563298
    outer loop
      vertex 1.44343 29.2525 7.4847
      vertex 1.30498 29.2272 7.67716
      vertex 1.30498 29.3217 7.6046
    endloop
  endfacet
  facet normal -0.965376 -0.099847 0.240998
    outer loop
      vertex 1.20709 29.4065 8.24856
      vertex 1.20709 29.4757 8.27723
      vertex 1.15642 29.5247 8.09456
    endloop
  endfacet
  facet normal -0.49685 -0.801816 0.332011
    outer loop
      vertex 1.61299 28.8807 8.17934
      vertex 1.61299 28.9499 8.34646
      vertex 1.44343 29.0347 8.29751
    endloop
  endfacet
  facet normal -0.49685 -0.688527 0.528271
    outer loop
      vertex 1.61299 28.9499 8.34646
      vertex 1.61299 29.06 8.48996
      vertex 1.44343 29.0347 8.29751
    endloop
  endfacet
  facet normal -0.256666 -0.369697 0.892999
    outer loop
      vertex 1.8021 29.1782 8.64396
      vertex 1.61299 29.3707 8.6693
      vertex 1.61299 29.2035 8.60008
    endloop
  endfacet
  facet normal -0.256634 -0.588402 0.766761
    outer loop
      vertex 1.61299 29.06 8.48996
      vertex 1.8021 29.1782 8.64396
      vertex 1.61299 29.2035 8.60008
    endloop
  endfacet
  facet normal 0.864187 -0.498844 -0.0658539
    outer loop
      vertex 2.59291 29.263 8
      vertex 2.49501 29.0934 8
      vertex 2.49501 29.109 7.88183
    endloop
  endfacet
  facet normal 0.864187 -0.498844 0.0658539
    outer loop
      vertex 2.59291 29.263 8
      vertex 2.49501 29.109 8.11817
      vertex 2.49501 29.0934 8
    endloop
  endfacet
  facet normal -0.496791 -0.860427 -0.11342
    outer loop
      vertex 1.44343 28.9753 7.846
      vertex 1.61299 28.8571 8
      vertex 1.44343 28.955 8
    endloop
  endfacet
  facet normal -0.496791 -0.860427 0.11342
    outer loop
      vertex 1.61299 28.8571 8
      vertex 1.44343 28.9753 8.154
      vertex 1.44343 28.955 8
    endloop
  endfacet
  facet normal 0.864047 -0.306263 0.399532
    outer loop
      vertex 2.59291 29.4065 8.24856
      vertex 2.49501 29.2272 8.32284
      vertex 2.59291 29.347 8.20295
    endloop
  endfacet
  facet normal 0.864036 -0.39943 0.306427
    outer loop
      vertex 2.59291 29.347 8.20295
      vertex 2.49501 29.2272 8.32284
      vertex 2.59291 29.3014 8.14351
    endloop
  endfacet
  facet normal 0.497023 -0.688308 0.528394
    outer loop
      vertex 2.35657 29.1293 8.42074
      vertex 2.18701 29.06 8.48996
      vertex 2.35657 29.0347 8.29751
    endloop
  endfacet
  facet normal 0.49685 -0.688527 0.528271
    outer loop
      vertex 2.35657 29.0347 8.29751
      vertex 2.18701 29.06 8.48996
      vertex 2.18701 28.9499 8.34646
    endloop
  endfacet
  facet normal 0.965354 -0.241174 -0.0996329
    outer loop
      vertex 2.59291 29.3014 7.85649
      vertex 2.64358 29.4554 7.97466
      vertex 2.59291 29.2728 7.92572
    endloop
  endfacet
  facet normal 0.965383 -0.158686 -0.207011
    outer loop
      vertex 2.59291 29.4065 7.75144
      vertex 2.64358 29.5011 7.91522
      vertex 2.59291 29.347 7.79705
    endloop
  endfacet
  facet normal 0.965383 -0.15868 -0.207018
    outer loop
      vertex 2.64358 29.5011 7.91522
      vertex 2.64358 29.4808 7.93078
      vertex 2.59291 29.347 7.79705
    endloop
  endfacet
  facet normal -0.965377 -0.0998655 -0.240984
    outer loop
      vertex 1.20709 29.4065 7.75144
      vertex 1.15642 29.5011 7.91522
      vertex 1.15642 29.5247 7.90544
    endloop
  endfacet
  facet normal -0.965354 -0.241174 -0.0996329
    outer loop
      vertex 1.20709 29.2728 7.92572
      vertex 1.15642 29.4554 7.97466
      vertex 1.20709 29.3014 7.85649
    endloop
  endfacet
  facet normal -0.864218 -0.465 -0.192099
    outer loop
      vertex 1.30498 29.109 7.88183
      vertex 1.20709 29.2728 7.92572
      vertex 1.20709 29.3014 7.85649
    endloop
  endfacet
  facet normal -0.864059 -0.399399 -0.306403
    outer loop
      vertex 1.30498 29.2272 7.67716
      vertex 1.20709 29.3014 7.85649
      vertex 1.20709 29.347 7.79705
    endloop
  endfacet
  facet normal -0.965383 -0.15868 -0.207018
    outer loop
      vertex 1.20709 29.347 7.79705
      vertex 1.15642 29.4808 7.93078
      vertex 1.15642 29.5011 7.91522
    endloop
  endfacet
  facet normal -0.704006 -0.432517 0.563298
    outer loop
      vertex 1.30498 29.2272 8.32284
      vertex 1.44343 29.2525 8.5153
      vertex 1.30498 29.3217 8.3954
    endloop
  endfacet
  facet normal -0.704063 -0.0926838 0.704063
    outer loop
      vertex 1.30498 29.4318 8.44101
      vertex 1.44343 29.55 8.59502
      vertex 1.30498 29.55 8.45657
    endloop
  endfacet
  facet normal -0.704073 -0.432371 0.563327
    outer loop
      vertex 1.44343 29.1293 8.42074
      vertex 1.44343 29.2525 8.5153
      vertex 1.30498 29.2272 8.32284
    endloop
  endfacet
  facet normal -0.496962 -0.528355 0.688382
    outer loop
      vertex 1.61299 29.06 8.48996
      vertex 1.44343 29.2525 8.5153
      vertex 1.44343 29.1293 8.42074
    endloop
  endfacet
  facet normal -0.864069 -0.30624 0.399501
    outer loop
      vertex 1.20709 29.347 8.20295
      vertex 1.30498 29.2272 8.32284
      vertex 1.20709 29.4065 8.24856
    endloop
  endfacet
  facet normal -0.965383 -0.158686 0.207011
    outer loop
      vertex 1.20709 29.347 8.20295
      vertex 1.20709 29.4065 8.24856
      vertex 1.15642 29.5011 8.08478
    endloop
  endfacet
  facet normal -0.864209 -0.498805 0.0658489
    outer loop
      vertex 1.30498 29.0934 8
      vertex 1.30498 29.109 8.11817
      vertex 1.20709 29.263 8
    endloop
  endfacet
  facet normal -0.703995 -0.704096 0.09295
    outer loop
      vertex 1.30498 29.0934 8
      vertex 1.44343 28.9753 8.154
      vertex 1.30498 29.109 8.11817
    endloop
  endfacet
  facet normal 0.496942 -0.801814 0.331878
    outer loop
      vertex 2.35657 28.9753 8.154
      vertex 2.35657 29.0347 8.29751
      vertex 2.18701 28.8807 8.17934
    endloop
  endfacet
  facet normal 0.49685 -0.801816 0.332011
    outer loop
      vertex 2.35657 29.0347 8.29751
      vertex 2.18701 28.9499 8.34646
      vertex 2.18701 28.8807 8.17934
    endloop
  endfacet
  facet normal 0.256532 -0.958226 0.126469
    outer loop
      vertex 2.18701 28.8807 8.17934
      vertex 1.99789 28.8318 8.19245
      vertex 1.99789 28.8064 8
    endloop
  endfacet
  facet normal 0.704049 -0.271764 -0.656094
    outer loop
      vertex 2.35657 29.396 7.42526
      vertex 2.49501 29.4318 7.55899
      vertex 2.35657 29.2525 7.4847
    endloop
  endfacet
  facet normal 0.704069 -0.0926706 -0.704059
    outer loop
      vertex 2.35657 29.55 7.40499
      vertex 2.49501 29.4318 7.55899
      vertex 2.35657 29.396 7.42526
    endloop
  endfacet
  facet normal 0.965372 -0.0340454 -0.258648
    outer loop
      vertex 2.59291 29.55 7.71299
      vertex 2.64358 29.5247 7.90544
      vertex 2.59291 29.4757 7.72277
    endloop
  endfacet
  facet normal 0.965372 -0.0340433 -0.258647
    outer loop
      vertex 2.64358 29.55 7.90211
      vertex 2.64358 29.5247 7.90544
      vertex 2.59291 29.55 7.71299
    endloop
  endfacet
  facet normal 0.497023 -0.688308 -0.528394
    outer loop
      vertex 2.35657 29.1293 7.57926
      vertex 2.35657 29.0347 7.70249
      vertex 2.18701 29.06 7.51004
    endloop
  endfacet
  facet normal 0.496962 -0.528355 -0.688382
    outer loop
      vertex 2.35657 29.2525 7.4847
      vertex 2.35657 29.1293 7.57926
      vertex 2.18701 29.06 7.51004
    endloop
  endfacet
  facet normal 0.864085 -0.399247 -0.306528
    outer loop
      vertex 2.49501 29.2272 7.67716
      vertex 2.59291 29.3014 7.85649
      vertex 2.49501 29.1546 7.77172
    endloop
  endfacet
  facet normal 0.864086 -0.465043 -0.192589
    outer loop
      vertex 2.59291 29.3014 7.85649
      vertex 2.49501 29.109 7.88183
      vertex 2.49501 29.1546 7.77172
    endloop
  endfacet
  facet normal 0.496791 -0.860427 -0.11342
    outer loop
      vertex 2.35657 28.955 8
      vertex 2.18701 28.8571 8
      vertex 2.35657 28.9753 7.846
    endloop
  endfacet
  facet normal 0.496934 -0.860371 -0.113219
    outer loop
      vertex 2.35657 28.9753 7.846
      vertex 2.18701 28.8571 8
      vertex 2.18701 28.8807 7.82066
    endloop
  endfacet
  facet normal -0.256662 -0.588374 -0.766773
    outer loop
      vertex 1.8021 29.0242 7.47421
      vertex 1.61299 29.06 7.51004
      vertex 1.8021 29.1782 7.35604
    endloop
  endfacet
  facet normal -0.256632 -0.766833 -0.588309
    outer loop
      vertex 1.8021 29.0242 7.47421
      vertex 1.61299 28.9499 7.65355
      vertex 1.61299 29.06 7.51004
    endloop
  endfacet
  facet normal -0.704044 -0.0926739 -0.704084
    outer loop
      vertex 1.44343 29.396 7.42526
      vertex 1.30498 29.4318 7.55899
      vertex 1.44343 29.55 7.40499
    endloop
  endfacet
  facet normal -0.496762 -0.113257 -0.860465
    outer loop
      vertex 1.61299 29.3707 7.3307
      vertex 1.44343 29.396 7.42526
      vertex 1.44343 29.55 7.40499
    endloop
  endfacet
  facet normal 0.86409 -0.465043 0.192571
    outer loop
      vertex 2.59291 29.3014 8.14351
      vertex 2.49501 29.1546 8.22829
      vertex 2.49501 29.109 8.11817
    endloop
  endfacet
  facet normal 0.704012 -0.656156 0.27171
    outer loop
      vertex 2.49501 29.109 8.11817
      vertex 2.49501 29.1546 8.22829
      vertex 2.35657 28.9753 8.154
    endloop
  endfacet
  facet normal 0.965333 -0.258837 0.0337081
    outer loop
      vertex 2.64358 29.4554 8.02534
      vertex 2.59291 29.2728 8.07428
      vertex 2.64358 29.4521 8
    endloop
  endfacet
  facet normal 0.965354 -0.241174 0.0996329
    outer loop
      vertex 2.64358 29.4554 8.02534
      vertex 2.59291 29.3014 8.14351
      vertex 2.59291 29.2728 8.07428
    endloop
  endfacet
  facet normal -0.703927 -0.704181 -0.0928239
    outer loop
      vertex 1.44343 28.9753 7.846
      vertex 1.44343 28.955 8
      vertex 1.30498 29.0934 8
    endloop
  endfacet
  facet normal -0.703995 -0.704096 -0.09295
    outer loop
      vertex 1.44343 28.9753 7.846
      vertex 1.30498 29.0934 8
      vertex 1.30498 29.109 7.88183
    endloop
  endfacet
  facet normal 0.965383 -0.15868 0.207018
    outer loop
      vertex 2.64358 29.5011 8.08478
      vertex 2.59291 29.347 8.20295
      vertex 2.64358 29.4808 8.06922
    endloop
  endfacet
  facet normal 0.965391 -0.206929 0.158747
    outer loop
      vertex 2.64358 29.4808 8.06922
      vertex 2.59291 29.347 8.20295
      vertex 2.59291 29.3014 8.14351
    endloop
  endfacet
  facet normal 0.965362 -0.258672 -0.0341274
    outer loop
      vertex 2.64358 29.4521 8
      vertex 2.59291 29.263 8
      vertex 2.59291 29.2728 7.92572
    endloop
  endfacet
  facet normal 0.864177 -0.498866 -0.0658169
    outer loop
      vertex 2.59291 29.2728 7.92572
      vertex 2.59291 29.263 8
      vertex 2.49501 29.109 7.88183
    endloop
  endfacet
  facet normal 0.965383 -0.240906 -0.099995
    outer loop
      vertex 2.64358 29.4652 7.95105
      vertex 2.64358 29.4554 7.97466
      vertex 2.59291 29.3014 7.85649
    endloop
  endfacet
  facet normal 0.965364 -0.206764 -0.159127
    outer loop
      vertex 2.64358 29.4808 7.93078
      vertex 2.64358 29.4652 7.95105
      vertex 2.59291 29.3014 7.85649
    endloop
  endfacet
  facet normal -0.965391 -0.206929 -0.158747
    outer loop
      vertex 1.20709 29.3014 7.85649
      vertex 1.15642 29.4808 7.93078
      vertex 1.20709 29.347 7.79705
    endloop
  endfacet
  facet normal -0.965364 -0.206764 -0.159127
    outer loop
      vertex 1.20709 29.3014 7.85649
      vertex 1.15642 29.4652 7.95105
      vertex 1.15642 29.4808 7.93078
    endloop
  endfacet
  facet normal -0.965333 -0.258837 -0.0337081
    outer loop
      vertex 1.20709 29.2728 7.92572
      vertex 1.15642 29.4521 8
      vertex 1.15642 29.4554 7.97466
    endloop
  endfacet
  facet normal -0.864199 -0.498828 0.0658119
    outer loop
      vertex 1.20709 29.263 8
      vertex 1.30498 29.109 8.11817
      vertex 1.20709 29.2728 8.07428
    endloop
  endfacet
  facet normal -0.864218 -0.465 0.192099
    outer loop
      vertex 1.30498 29.109 8.11817
      vertex 1.20709 29.3014 8.14351
      vertex 1.20709 29.2728 8.07428
    endloop
  endfacet
  facet normal -0.965364 -0.206764 0.159127
    outer loop
      vertex 1.15642 29.4652 8.04895
      vertex 1.20709 29.3014 8.14351
      vertex 1.15642 29.4808 8.06922
    endloop
  endfacet
  facet normal -0.496727 -0.332135 0.801841
    outer loop
      vertex 1.44343 29.2525 8.5153
      vertex 1.61299 29.3707 8.6693
      vertex 1.44343 29.396 8.57474
    endloop
  endfacet
  facet normal -0.496765 -0.113312 0.860456
    outer loop
      vertex 1.44343 29.396 8.57474
      vertex 1.61299 29.3707 8.6693
      vertex 1.44343 29.55 8.59502
    endloop
  endfacet
  facet normal -0.965391 -0.206929 0.158747
    outer loop
      vertex 1.20709 29.3014 8.14351
      vertex 1.20709 29.347 8.20295
      vertex 1.15642 29.4808 8.06922
    endloop
  endfacet
  facet normal -0.864059 -0.399399 0.306403
    outer loop
      vertex 1.20709 29.3014 8.14351
      vertex 1.30498 29.2272 8.32284
      vertex 1.20709 29.347 8.20295
    endloop
  endfacet
  facet normal -0.864113 -0.465007 0.192556
    outer loop
      vertex 1.30498 29.109 8.11817
      vertex 1.30498 29.1546 8.22829
      vertex 1.20709 29.3014 8.14351
    endloop
  endfacet
  facet normal -0.703986 -0.656179 0.27172
    outer loop
      vertex 1.44343 28.9753 8.154
      vertex 1.30498 29.1546 8.22829
      vertex 1.30498 29.109 8.11817
    endloop
  endfacet
  facet normal -0.965377 -0.0998655 0.240984
    outer loop
      vertex 1.15642 29.5011 8.08478
      vertex 1.20709 29.4065 8.24856
      vertex 1.15642 29.5247 8.09456
    endloop
  endfacet
  facet normal 0.864177 -0.498866 0.0658169
    outer loop
      vertex 2.59291 29.2728 8.07428
      vertex 2.49501 29.109 8.11817
      vertex 2.59291 29.263 8
    endloop
  endfacet
  facet normal 0.864196 -0.465036 0.192114
    outer loop
      vertex 2.59291 29.2728 8.07428
      vertex 2.59291 29.3014 8.14351
      vertex 2.49501 29.109 8.11817
    endloop
  endfacet
  facet normal 0.965364 -0.206764 0.159127
    outer loop
      vertex 2.64358 29.4808 8.06922
      vertex 2.59291 29.3014 8.14351
      vertex 2.64358 29.4652 8.04895
    endloop
  endfacet
  facet normal 0.965377 -0.0998655 0.240984
    outer loop
      vertex 2.64358 29.5247 8.09456
      vertex 2.59291 29.4065 8.24856
      vertex 2.64358 29.5011 8.08478
    endloop
  endfacet
  facet normal -0.965333 -0.258837 0.0337081
    outer loop
      vertex 1.15642 29.4521 8
      vertex 1.20709 29.2728 8.07428
      vertex 1.15642 29.4554 8.02534
    endloop
  endfacet
  facet normal -0.965354 -0.241174 0.0996329
    outer loop
      vertex 1.20709 29.2728 8.07428
      vertex 1.20709 29.3014 8.14351
      vertex 1.15642 29.4554 8.02534
    endloop
  endfacet
  facet normal -1 0 0
    outer loop
      vertex 1.15642 29.5247 7.90544
      vertex 1.15642 29.55 8.09789
      vertex 1.15642 29.55 7.90211
    endloop
  endfacet
  facet normal -1 0 0
    outer loop
      vertex 1.15642 29.5247 7.90544
      vertex 1.15642 29.5247 8.09456
      vertex 1.15642 29.55 8.09789
    endloop
  endfacet
  facet normal -1 0 0
    outer loop
      vertex 1.15642 29.5011 7.91522
      vertex 1.15642 29.5247 8.09456
      vertex 1.15642 29.5247 7.90544
    endloop
  endfacet
  facet normal -1 0 0
    outer loop
      vertex 1.15642 29.5011 7.91522
      vertex 1.15642 29.5011 8.08478
      vertex 1.15642 29.5247 8.09456
    endloop
  endfacet
  facet normal -1 0 0
    outer loop
      vertex 1.15642 29.4808 7.93078
      vertex 1.15642 29.5011 8.08478
      vertex 1.15642 29.5011 7.91522
    endloop
  endfacet
  facet normal -1 0 0
    outer loop
      vertex 1.15642 29.4808 7.93078
      vertex 1.15642 29.4808 8.06922
      vertex 1.15642 29.5011 8.08478
    endloop
  endfacet
  facet normal -1 0 0
    outer loop
      vertex 1.15642 29.4652 7.95105
      vertex 1.15642 29.4808 8.06922
      vertex 1.15642 29.4808 7.93078
    endloop
  endfacet
  facet normal -1 0 0
    outer loop
      vertex 1.15642 29.4652 7.95105
      vertex 1.15642 29.4652 8.04895
      vertex 1.15642 29.4808 8.06922
    endloop
  endfacet
  facet normal -1 0 0
    outer loop
      vertex 1.15642 29.4554 7.97466
      vertex 1.15642 29.4652 8.04895
      vertex 1.15642 29.4652 7.95105
    endloop
  endfacet
  facet normal -1 0 0
    outer loop
      vertex 1.15642 29.4554 7.97466
      vertex 1.15642 29.4554 8.02534
      vertex 1.15642 29.4652 8.04895
    endloop
  endfacet
  facet normal -1 0 -0
    outer loop
      vertex 1.15642 29.4554 8.02534
      vertex 1.15642 29.4554 7.97466
      vertex 1.15642 29.4521 8
    endloop
  endfacet
  facet normal -0.965372 -0.0340433 0.258647
    outer loop
      vertex 1.15642 29.5247 8.09456
      vertex 1.20709 29.55 8.28701
      vertex 1.15642 29.55 8.09789
    endloop
  endfacet
endsolid OpenSCAD_Model
