solid OpenSCAD_Model
  facet normal 1 0 0
    outer loop
      vertex 38 22.8 8.5
      vertex 38 22.3626 3.933
      vertex 38 22.8 3.31366
    endloop
  endfacet
  facet normal 1 0 0
    outer loop
      vertex 38 22.8 8.5
      vertex 38 22.3358 3.97048
      vertex 38 22.3626 3.933
    endloop
  endfacet
  facet normal 1 0 0
    outer loop
      vertex 38 22.8 8.5
      vertex 38 22.3061 4.00422
      vertex 38 22.3358 3.97048
    endloop
  endfacet
  facet normal 1 0 0
    outer loop
      vertex 38 22.8 8.5
      vertex 38 21.6805 4.64247
      vertex 38 22.3061 4.00422
    endloop
  endfacet
  facet normal 1 0 0
    outer loop
      vertex 38 22.8 8.5
      vertex 38 21.6478 4.67244
      vertex 38 21.6805 4.64247
    endloop
  endfacet
  facet normal 1 0 0
    outer loop
      vertex 38 22.8 8.5
      vertex 38 20.8868 5.26253
      vertex 38 21.6478 4.67244
    endloop
  endfacet
  facet normal 1 0 0
    outer loop
      vertex 38 22.8 8.5
      vertex 38 20.8817 5.26638
      vertex 38 20.8868 5.26253
    endloop
  endfacet
  facet normal 1 0 0
    outer loop
      vertex 38 22.8 8.5
      vertex 38 20.8457 5.29276
      vertex 38 20.8817 5.26638
    endloop
  endfacet
  facet normal 1 0 0
    outer loop
      vertex 38 22.8 8.5
      vertex 38 19.9516 5.83682
      vertex 38 20.8457 5.29276
    endloop
  endfacet
  facet normal 1 0 0
    outer loop
      vertex 38 22.8 8.5
      vertex 38 19.9126 5.85927
      vertex 38 19.9516 5.83682
    endloop
  endfacet
  facet normal 1 0 0
    outer loop
      vertex 38 22.8 8.5
      vertex 38 18.8871 6.35839
      vertex 38 19.9126 5.85927
    endloop
  endfacet
  facet normal 1 0 0
    outer loop
      vertex 38 22.8 8.5
      vertex 38 18.8449 6.37684
      vertex 38 18.8871 6.35839
    endloop
  endfacet
  facet normal 1 0 0
    outer loop
      vertex 38 22.8 8.5
      vertex 38 17.6899 6.83111
      vertex 38 18.8449 6.37684
    endloop
  endfacet
  facet normal 1 0 0
    outer loop
      vertex 38 22.8 8.5
      vertex 38 16.4073 7.24013
      vertex 38 17.6899 6.83111
    endloop
  endfacet
  facet normal 1 0 0
    outer loop
      vertex 38 22.8 8.5
      vertex 38 16.3616 7.25454
      vertex 38 16.4073 7.24013
    endloop
  endfacet
  facet normal 1 0 0
    outer loop
      vertex 38 22.8 8.5
      vertex 38 14.9523 7.61775
      vertex 38 16.3616 7.25454
    endloop
  endfacet
  facet normal 1 0 0
    outer loop
      vertex 38 22.8 8.5
      vertex 38 14.9022 7.62808
      vertex 38 14.9523 7.61775
    endloop
  endfacet
  facet normal 1 0 0
    outer loop
      vertex 38 22.8 8.5
      vertex 38 13.3661 7.94473
      vertex 38 14.9022 7.62808
    endloop
  endfacet
  facet normal 1 0 0
    outer loop
      vertex 38 22.8 8.5
      vertex 38 11.7006 8.21413
      vertex 38 13.3661 7.94473
    endloop
  endfacet
  facet normal 1 0 0
    outer loop
      vertex 38 22.8 8.5
      vertex 38 9.89924 8.4356
      vertex 38 11.7006 8.21413
    endloop
  endfacet
  facet normal 1 0 0
    outer loop
      vertex 38 22.8 8.5
      vertex 38 9.84283 8.44181
      vertex 38 9.89924 8.4356
    endloop
  endfacet
  facet normal 1 0 -0
    outer loop
      vertex 38 9.84283 8.44181
      vertex 38 22.8 8.5
      vertex 38 9.18585 8.5
    endloop
  endfacet
  facet normal 1 -0 0
    outer loop
      vertex 38 -22.8 8.5
      vertex 38 -9.84283 8.44181
      vertex 38 -9.18585 8.5
    endloop
  endfacet
  facet normal 1 0 0
    outer loop
      vertex 38 -22.8 8.5
      vertex 38 -9.89924 8.4356
      vertex 38 -9.84283 8.44181
    endloop
  endfacet
  facet normal 1 0 0
    outer loop
      vertex 38 -22.8 8.5
      vertex 38 -11.7006 8.21413
      vertex 38 -9.89924 8.4356
    endloop
  endfacet
  facet normal 1 0 0
    outer loop
      vertex 38 -22.8 8.5
      vertex 38 -13.3661 7.94473
      vertex 38 -11.7006 8.21413
    endloop
  endfacet
  facet normal 1 0 0
    outer loop
      vertex 38 -22.8 8.5
      vertex 38 -14.9022 7.62808
      vertex 38 -13.3661 7.94473
    endloop
  endfacet
  facet normal 1 0 0
    outer loop
      vertex 38 -22.8 8.5
      vertex 38 -14.9523 7.61775
      vertex 38 -14.9022 7.62808
    endloop
  endfacet
  facet normal 1 0 0
    outer loop
      vertex 38 -22.8 8.5
      vertex 38 -16.3616 7.25454
      vertex 38 -14.9523 7.61775
    endloop
  endfacet
  facet normal 1 0 0
    outer loop
      vertex 38 -22.8 8.5
      vertex 38 -16.4073 7.24013
      vertex 38 -16.3616 7.25454
    endloop
  endfacet
  facet normal 1 0 0
    outer loop
      vertex 38 -22.8 8.5
      vertex 38 -17.6899 6.83111
      vertex 38 -16.4073 7.24013
    endloop
  endfacet
  facet normal 1 0 0
    outer loop
      vertex 38 -22.8 8.5
      vertex 38 -18.8449 6.37684
      vertex 38 -17.6899 6.83111
    endloop
  endfacet
  facet normal 1 0 0
    outer loop
      vertex 38 -22.8 8.5
      vertex 38 -18.8871 6.35839
      vertex 38 -18.8449 6.37684
    endloop
  endfacet
  facet normal 1 0 0
    outer loop
      vertex 38 -22.8 8.5
      vertex 38 -19.9126 5.85927
      vertex 38 -18.8871 6.35839
    endloop
  endfacet
  facet normal 1 0 0
    outer loop
      vertex 38 -22.8 8.5
      vertex 38 -19.9516 5.83682
      vertex 38 -19.9126 5.85927
    endloop
  endfacet
  facet normal 1 0 0
    outer loop
      vertex 38 -22.8 8.5
      vertex 38 -20.8457 5.29276
      vertex 38 -19.9516 5.83682
    endloop
  endfacet
  facet normal 1 0 0
    outer loop
      vertex 38 -22.8 8.5
      vertex 38 -20.8817 5.26638
      vertex 38 -20.8457 5.29276
    endloop
  endfacet
  facet normal 1 0 0
    outer loop
      vertex 38 -22.8 8.5
      vertex 38 -20.8868 5.26253
      vertex 38 -20.8817 5.26638
    endloop
  endfacet
  facet normal 1 0 0
    outer loop
      vertex 38 -22.8 8.5
      vertex 38 -21.6478 4.67244
      vertex 38 -20.8868 5.26253
    endloop
  endfacet
  facet normal 1 0 0
    outer loop
      vertex 38 -22.8 8.5
      vertex 38 -21.6805 4.64247
      vertex 38 -21.6478 4.67244
    endloop
  endfacet
  facet normal 1 0 0
    outer loop
      vertex 38 -22.8 8.5
      vertex 38 -22.3061 4.00422
      vertex 38 -21.6805 4.64247
    endloop
  endfacet
  facet normal 1 0 0
    outer loop
      vertex 38 -22.8 8.5
      vertex 38 -22.3358 3.97048
      vertex 38 -22.3061 4.00422
    endloop
  endfacet
  facet normal 1 0 0
    outer loop
      vertex 38 -22.8 8.5
      vertex 38 -22.3626 3.933
      vertex 38 -22.3358 3.97048
    endloop
  endfacet
  facet normal 1 0 0
    outer loop
      vertex 38 -22.3626 3.933
      vertex 38 -22.8 8.5
      vertex 38 -22.8 3.31366
    endloop
  endfacet
  facet normal 0 0 -1
    outer loop
      vertex 20.9768 -2.83152 0
      vertex 33.3 -5.5 0
      vertex 21.0173 -2.99335 0
    endloop
  endfacet
  facet normal 0 0 -1
    outer loop
      vertex 33.3 5.5 0
      vertex 21.0418 3.15837 0
      vertex 21.05 3.325 0
    endloop
  endfacet
  facet normal 0 0 -1
    outer loop
      vertex 20.9206 -2.67444 0
      vertex 33.3 -5.5 0
      vertex 20.9768 -2.83152 0
    endloop
  endfacet
  facet normal 0 0 -1
    outer loop
      vertex 33.3 5.5 0
      vertex 21.0173 2.99335 0
      vertex 21.0418 3.15837 0
    endloop
  endfacet
  facet normal 0 0 -1
    outer loop
      vertex 33.3 -5.5 0
      vertex 20.9206 -2.67444 0
      vertex 33.3 5.5 0
    endloop
  endfacet
  facet normal 0 0 -1
    outer loop
      vertex 33.3 5.5 0
      vertex 20.9768 2.83152 0
      vertex 21.0173 2.99335 0
    endloop
  endfacet
  facet normal 0 0 -1
    outer loop
      vertex 20.9206 2.67444 0
      vertex 33.3 5.5 0
      vertex 20.9206 -2.67444 0
    endloop
  endfacet
  facet normal 0 0 -1
    outer loop
      vertex 33.3 5.5 0
      vertex 20.9206 2.67444 0
      vertex 20.9768 2.83152 0
    endloop
  endfacet
  facet normal 0 0 -1
    outer loop
      vertex 20.8493 -2.52363 0
      vertex 20.9206 2.67444 0
      vertex 20.9206 -2.67444 0
    endloop
  endfacet
  facet normal 0 0 -1
    outer loop
      vertex 20.8493 -2.52363 0
      vertex 20.8493 2.52363 0
      vertex 20.9206 2.67444 0
    endloop
  endfacet
  facet normal 0 0 -1
    outer loop
      vertex 20.7635 -2.38053 0
      vertex 20.8493 2.52363 0
      vertex 20.8493 -2.52363 0
    endloop
  endfacet
  facet normal 0 0 -1
    outer loop
      vertex 20.7635 -2.38053 0
      vertex 20.7635 2.38053 0
      vertex 20.8493 2.52363 0
    endloop
  endfacet
  facet normal 0 0 -1
    outer loop
      vertex 20.6641 -2.24653 0
      vertex 20.7635 2.38053 0
      vertex 20.7635 -2.38053 0
    endloop
  endfacet
  facet normal 0 0 -1
    outer loop
      vertex 20.6641 -2.24653 0
      vertex 20.6641 2.24653 0
      vertex 20.7635 2.38053 0
    endloop
  endfacet
  facet normal 0 0 -1
    outer loop
      vertex 20.5521 -2.12292 0
      vertex 20.6641 2.24653 0
      vertex 20.6641 -2.24653 0
    endloop
  endfacet
  facet normal 0 0 -1
    outer loop
      vertex 20.5521 -2.12292 0
      vertex 20.5521 2.12292 0
      vertex 20.6641 2.24653 0
    endloop
  endfacet
  facet normal 0 0 -1
    outer loop
      vertex 20.4285 -2.01088 0
      vertex 20.5521 2.12292 0
      vertex 20.5521 -2.12292 0
    endloop
  endfacet
  facet normal 0 0 -1
    outer loop
      vertex 20.4285 -2.01088 0
      vertex 20.4285 2.01088 0
      vertex 20.5521 2.12292 0
    endloop
  endfacet
  facet normal 0 0 -1
    outer loop
      vertex 20.2945 -1.9115 0
      vertex 20.4285 2.01088 0
      vertex 20.4285 -2.01088 0
    endloop
  endfacet
  facet normal 0 0 -1
    outer loop
      vertex 20.2945 -1.9115 0
      vertex 20.2945 1.9115 0
      vertex 20.4285 2.01088 0
    endloop
  endfacet
  facet normal 0 0 -1
    outer loop
      vertex 20.1514 -1.82573 0
      vertex 20.2945 1.9115 0
      vertex 20.2945 -1.9115 0
    endloop
  endfacet
  facet normal 0 0 -1
    outer loop
      vertex 20.1514 -1.82573 0
      vertex 20.1514 1.82573 0
      vertex 20.2945 1.9115 0
    endloop
  endfacet
  facet normal 0 0 -1
    outer loop
      vertex 20.0006 -1.7544 0
      vertex 20.1514 1.82573 0
      vertex 20.1514 -1.82573 0
    endloop
  endfacet
  facet normal 0 0 -1
    outer loop
      vertex 20.0006 -1.7544 0
      vertex 20.0006 1.7544 0
      vertex 20.1514 1.82573 0
    endloop
  endfacet
  facet normal 0 0 -1
    outer loop
      vertex 19.8435 -1.6982 0
      vertex 20.0006 1.7544 0
      vertex 20.0006 -1.7544 0
    endloop
  endfacet
  facet normal 0 0 -1
    outer loop
      vertex 19.8435 -1.6982 0
      vertex 19.8435 1.6982 0
      vertex 20.0006 1.7544 0
    endloop
  endfacet
  facet normal 0 0 -1
    outer loop
      vertex 19.6817 -1.65766 0
      vertex 19.8435 1.6982 0
      vertex 19.8435 -1.6982 0
    endloop
  endfacet
  facet normal 0 0 -1
    outer loop
      vertex 19.6817 -1.65766 0
      vertex 19.6817 1.65766 0
      vertex 19.8435 1.6982 0
    endloop
  endfacet
  facet normal 0 0 -1
    outer loop
      vertex 19.5166 -1.63319 0
      vertex 19.6817 1.65766 0
      vertex 19.6817 -1.65766 0
    endloop
  endfacet
  facet normal 0 0 -1
    outer loop
      vertex 19.5166 -1.63319 0
      vertex 19.5166 1.63319 0
      vertex 19.6817 1.65766 0
    endloop
  endfacet
  facet normal 0 0 -1
    outer loop
      vertex 19.35 -1.625 0
      vertex 19.5166 1.63319 0
      vertex 19.5166 -1.63319 0
    endloop
  endfacet
  facet normal 0 0 -1
    outer loop
      vertex 19.35 -1.625 0
      vertex 19.35 1.625 0
      vertex 19.5166 1.63319 0
    endloop
  endfacet
  facet normal 0 0 -1
    outer loop
      vertex 6.59999 -1.625 0
      vertex 19.35 1.625 0
      vertex 19.35 -1.625 0
    endloop
  endfacet
  facet normal -0 0 -1
    outer loop
      vertex 19.35 1.625 0
      vertex 6.59999 -1.625 0
      vertex 6.59999 1.625 0
    endloop
  endfacet
  facet normal 0 0 -1
    outer loop
      vertex 172.01 -9.39999 0
      vertex 177.01 3.89999 0
      vertex 177.01 -3.89999 0
    endloop
  endfacet
  facet normal 0 0 -1
    outer loop
      vertex 172.01 -9.39999 0
      vertex 172.01 9.39999 0
      vertex 177.01 3.89999 0
    endloop
  endfacet
  facet normal 0 0 -1
    outer loop
      vertex 160.01 -13.4 0
      vertex 172.01 9.39999 0
      vertex 172.01 -9.39999 0
    endloop
  endfacet
  facet normal 0 0 -1
    outer loop
      vertex 160.01 -13.4 0
      vertex 160.01 13.4 0
      vertex 172.01 9.39999 0
    endloop
  endfacet
  facet normal 0 0 -1
    outer loop
      vertex 140.01 -14.9 0
      vertex 160.01 13.4 0
      vertex 160.01 -13.4 0
    endloop
  endfacet
  facet normal 0 0 -1
    outer loop
      vertex 140.01 -14.9 0
      vertex 140.01 14.9 0
      vertex 160.01 13.4 0
    endloop
  endfacet
  facet normal 0 0 -1
    outer loop
      vertex 112.01 -15.9 0
      vertex 140.01 14.9 0
      vertex 140.01 -14.9 0
    endloop
  endfacet
  facet normal 0 0 -1
    outer loop
      vertex 112.01 -15.9 0
      vertex 112.01 15.9 0
      vertex 140.01 14.9 0
    endloop
  endfacet
  facet normal 0 0 -1
    outer loop
      vertex 112 -15.9 0
      vertex 112.01 15.9 0
      vertex 112.01 -15.9 0
    endloop
  endfacet
  facet normal 0 0 -1
    outer loop
      vertex 112 -15.9 0
      vertex 112 15.9 0
      vertex 112.01 15.9 0
    endloop
  endfacet
  facet normal 0 0 -1
    outer loop
      vertex 85 -14.4 0
      vertex 112 15.9 0
      vertex 112 -15.9 0
    endloop
  endfacet
  facet normal 0 0 -1
    outer loop
      vertex 85 -14.4 0
      vertex 85 14.4 0
      vertex 112 15.9 0
    endloop
  endfacet
  facet normal 0 0 -1
    outer loop
      vertex 62.0087 -12.9006 0
      vertex 85 14.4 0
      vertex 85 -14.4 0
    endloop
  endfacet
  facet normal 0 0 -1
    outer loop
      vertex 62.0087 -12.9006 0
      vertex 62.0087 12.9006 0
      vertex 85 14.4 0
    endloop
  endfacet
  facet normal 0 0 -1
    outer loop
      vertex 34.7 -5.5 0
      vertex 62.0087 -12.9006 0
      vertex 37.9368 -23.0107 0
    endloop
  endfacet
  facet normal 0 0 -1
    outer loop
      vertex 62.0087 -12.9006 0
      vertex 34.7 -5.5 0
      vertex 62.0087 12.9006 0
    endloop
  endfacet
  facet normal 0 0 -1
    outer loop
      vertex 19.6817 -4.99233 0
      vertex 37.9368 -23.0107 0
      vertex 36.8 -26.8 0
    endloop
  endfacet
  facet normal 0 0 -1
    outer loop
      vertex 34.7 5.5 0
      vertex 62.0087 12.9006 0
      vertex 34.7 -5.5 0
    endloop
  endfacet
  facet normal -0 0 -1
    outer loop
      vertex 62.0087 12.9006 0
      vertex 34.7 5.5 0
      vertex 37.9368 23.0107 0
    endloop
  endfacet
  facet normal 0 0 -1
    outer loop
      vertex 37.9368 -23.0107 0
      vertex 33.3 -5.5 0
      vertex 34.7 -5.5 0
    endloop
  endfacet
  facet normal 0 0 -1
    outer loop
      vertex 21.0418 -3.15837 0
      vertex 33.3 -5.5 0
      vertex 21.05 -3.325 0
    endloop
  endfacet
  facet normal 0 0 -1
    outer loop
      vertex 37.9368 -23.0107 0
      vertex 20.1514 -4.82427 0
      vertex 33.3 -5.5 0
    endloop
  endfacet
  facet normal 0 0 -1
    outer loop
      vertex 33.3 -5.5 0
      vertex 21.0418 -3.49163 0
      vertex 21.05 -3.325 0
    endloop
  endfacet
  facet normal 0 0 -1
    outer loop
      vertex 33.3 -5.5 0
      vertex 21.0173 -3.65665 0
      vertex 21.0418 -3.49163 0
    endloop
  endfacet
  facet normal 0 0 -1
    outer loop
      vertex 33.3 -5.5 0
      vertex 20.9768 -3.81848 0
      vertex 21.0173 -3.65665 0
    endloop
  endfacet
  facet normal 0 0 -1
    outer loop
      vertex 33.3 -5.5 0
      vertex 20.9206 -3.97556 0
      vertex 20.9768 -3.81848 0
    endloop
  endfacet
  facet normal 0 0 -1
    outer loop
      vertex 33.3 -5.5 0
      vertex 20.8493 -4.12637 0
      vertex 20.9206 -3.97556 0
    endloop
  endfacet
  facet normal 0 0 -1
    outer loop
      vertex 33.3 -5.5 0
      vertex 20.7635 -4.26947 0
      vertex 20.8493 -4.12637 0
    endloop
  endfacet
  facet normal 0 0 -1
    outer loop
      vertex 33.3 -5.5 0
      vertex 20.6641 -4.40347 0
      vertex 20.7635 -4.26947 0
    endloop
  endfacet
  facet normal 0 0 -1
    outer loop
      vertex 33.3 -5.5 0
      vertex 20.5521 -4.52708 0
      vertex 20.6641 -4.40347 0
    endloop
  endfacet
  facet normal 0 0 -1
    outer loop
      vertex 33.3 -5.5 0
      vertex 20.4285 -4.63912 0
      vertex 20.5521 -4.52708 0
    endloop
  endfacet
  facet normal 0 0 -1
    outer loop
      vertex 33.3 -5.5 0
      vertex 20.2945 -4.7385 0
      vertex 20.4285 -4.63912 0
    endloop
  endfacet
  facet normal 0 0 -1
    outer loop
      vertex 33.3 -5.5 0
      vertex 20.1514 -4.82427 0
      vertex 20.2945 -4.7385 0
    endloop
  endfacet
  facet normal 0 0 -1
    outer loop
      vertex 37.9368 -23.0107 0
      vertex 20.0006 -4.89559 0
      vertex 20.1514 -4.82427 0
    endloop
  endfacet
  facet normal 0 0 -1
    outer loop
      vertex 37.9368 -23.0107 0
      vertex 19.8435 -4.9518 0
      vertex 20.0006 -4.89559 0
    endloop
  endfacet
  facet normal 0 0 -1
    outer loop
      vertex 37.9368 -23.0107 0
      vertex 19.6817 -4.99233 0
      vertex 19.8435 -4.9518 0
    endloop
  endfacet
  facet normal 0 0 -1
    outer loop
      vertex 36.8 -26.8 0
      vertex 19.5166 -5.01681 0
      vertex 19.6817 -4.99233 0
    endloop
  endfacet
  facet normal 0 0 -1
    outer loop
      vertex 7.2 -26.8 0
      vertex 19.5166 -5.01681 0
      vertex 36.8 -26.8 0
    endloop
  endfacet
  facet normal 0 0 -1
    outer loop
      vertex 19.5166 -5.01681 0
      vertex 7.2 -26.8 0
      vertex 19.35 -5.025 0
    endloop
  endfacet
  facet normal 0 0 -1
    outer loop
      vertex 6.59999 -26.2 0
      vertex 19.35 -5.025 0
      vertex 7.2 -26.8 0
    endloop
  endfacet
  facet normal -0 0 -1
    outer loop
      vertex 19.35 -5.025 0
      vertex 6.59999 -26.2 0
      vertex 6.59999 -5.025 0
    endloop
  endfacet
  facet normal 0 0 -1
    outer loop
      vertex 33.3 5.5 0
      vertex 37.9368 23.0107 0
      vertex 34.7 5.5 0
    endloop
  endfacet
  facet normal 0 0 -1
    outer loop
      vertex 20.1514 4.82427 0
      vertex 37.9368 23.0107 0
      vertex 33.3 5.5 0
    endloop
  endfacet
  facet normal 0 0 -1
    outer loop
      vertex 21.0173 -2.99335 0
      vertex 33.3 -5.5 0
      vertex 21.0418 -3.15837 0
    endloop
  endfacet
  facet normal 0 0 -1
    outer loop
      vertex 21.0418 3.49163 0
      vertex 33.3 5.5 0
      vertex 21.05 3.325 0
    endloop
  endfacet
  facet normal 0 0 -1
    outer loop
      vertex 21.0173 3.65665 0
      vertex 33.3 5.5 0
      vertex 21.0418 3.49163 0
    endloop
  endfacet
  facet normal 0 0 -1
    outer loop
      vertex 20.9768 3.81848 0
      vertex 33.3 5.5 0
      vertex 21.0173 3.65665 0
    endloop
  endfacet
  facet normal 0 0 -1
    outer loop
      vertex 20.9206 3.97556 0
      vertex 33.3 5.5 0
      vertex 20.9768 3.81848 0
    endloop
  endfacet
  facet normal 0 0 -1
    outer loop
      vertex 20.8493 4.12637 0
      vertex 33.3 5.5 0
      vertex 20.9206 3.97556 0
    endloop
  endfacet
  facet normal 0 0 -1
    outer loop
      vertex 20.7635 4.26947 0
      vertex 33.3 5.5 0
      vertex 20.8493 4.12637 0
    endloop
  endfacet
  facet normal 0 0 -1
    outer loop
      vertex 20.6641 4.40347 0
      vertex 33.3 5.5 0
      vertex 20.7635 4.26947 0
    endloop
  endfacet
  facet normal 0 0 -1
    outer loop
      vertex 20.5521 4.52708 0
      vertex 33.3 5.5 0
      vertex 20.6641 4.40347 0
    endloop
  endfacet
  facet normal 0 0 -1
    outer loop
      vertex 20.4285 4.63912 0
      vertex 33.3 5.5 0
      vertex 20.5521 4.52708 0
    endloop
  endfacet
  facet normal 0 0 -1
    outer loop
      vertex 20.2945 4.7385 0
      vertex 33.3 5.5 0
      vertex 20.4285 4.63912 0
    endloop
  endfacet
  facet normal 0 0 -1
    outer loop
      vertex 20.1514 4.82427 0
      vertex 33.3 5.5 0
      vertex 20.2945 4.7385 0
    endloop
  endfacet
  facet normal 0 0 -1
    outer loop
      vertex 20.0006 4.89559 0
      vertex 37.9368 23.0107 0
      vertex 20.1514 4.82427 0
    endloop
  endfacet
  facet normal 0 0 -1
    outer loop
      vertex 19.8435 4.9518 0
      vertex 37.9368 23.0107 0
      vertex 20.0006 4.89559 0
    endloop
  endfacet
  facet normal 0 0 -1
    outer loop
      vertex 19.6817 4.99233 0
      vertex 37.9368 23.0107 0
      vertex 19.8435 4.9518 0
    endloop
  endfacet
  facet normal -0 0 -1
    outer loop
      vertex 37.9368 23.0107 0
      vertex 19.6817 4.99233 0
      vertex 36.8 26.8 0
    endloop
  endfacet
  facet normal 0 0 -1
    outer loop
      vertex 19.5166 5.01681 0
      vertex 36.8 26.8 0
      vertex 19.6817 4.99233 0
    endloop
  endfacet
  facet normal 0 0 -1
    outer loop
      vertex 7.2 26.8 0
      vertex 19.5166 5.01681 0
      vertex 19.35 5.025 0
    endloop
  endfacet
  facet normal 0 0 -1
    outer loop
      vertex 19.5166 5.01681 0
      vertex 7.2 26.8 0
      vertex 36.8 26.8 0
    endloop
  endfacet
  facet normal 0 0 -1
    outer loop
      vertex 6.59999 26.2 0
      vertex 19.35 5.025 0
      vertex 6.59999 5.025 0
    endloop
  endfacet
  facet normal 0 0 -1
    outer loop
      vertex 19.35 5.025 0
      vertex 6.59999 26.2 0
      vertex 7.2 26.8 0
    endloop
  endfacet
  facet normal -1 0 0
    outer loop
      vertex 6 -5.025 0.599991
      vertex 6 -24.8 2
      vertex 6 -5.025 1.8
    endloop
  endfacet
  facet normal -1 0 0
    outer loop
      vertex 6 -25.6 0.599991
      vertex 6 -24.8 2
      vertex 6 -5.025 0.599991
    endloop
  endfacet
  facet normal -1 0 0
    outer loop
      vertex 6 -24.8 2
      vertex 6 -25.6 0.599991
      vertex 6 -25.6 1.2
    endloop
  endfacet
  facet normal -1 0 0
    outer loop
      vertex 6 1.625 0.599991
      vertex 6 -1.625 0.599991
      vertex 6 1.625 1.8
    endloop
  endfacet
  facet normal -1 0 0
    outer loop
      vertex 6 25.6 0.599991
      vertex 6 24.8 2
      vertex 6 25.6 1.2
    endloop
  endfacet
  facet normal -1 0 0
    outer loop
      vertex 6 5.025 0.599991
      vertex 6 24.8 2
      vertex 6 25.6 0.599991
    endloop
  endfacet
  facet normal -1 0 0
    outer loop
      vertex 6 5.025 1.8
      vertex 6 24.8 2
      vertex 6 5.025 0.599991
    endloop
  endfacet
  facet normal -1 -0 0
    outer loop
      vertex 6 24.8 2
      vertex 6 5.025 1.8
      vertex 6 24.8 3
    endloop
  endfacet
  facet normal -1 0 0
    outer loop
      vertex 6 1.625 1.8
      vertex 6 24.8 3
      vertex 6 5.025 1.8
    endloop
  endfacet
  facet normal -1 0 0
    outer loop
      vertex 6 -1.625 1.8
      vertex 6 1.625 1.8
      vertex 6 -1.625 0.599991
    endloop
  endfacet
  facet normal -1 0 0
    outer loop
      vertex 6 -1.625 1.8
      vertex 6 24.8 3
      vertex 6 1.625 1.8
    endloop
  endfacet
  facet normal -1 0 0
    outer loop
      vertex 6 -24.8 3
      vertex 6 -1.625 1.8
      vertex 6 -5.025 1.8
    endloop
  endfacet
  facet normal -1 0 0
    outer loop
      vertex 6 -24.8 3
      vertex 6 -5.025 1.8
      vertex 6 -24.8 2
    endloop
  endfacet
  facet normal -1 0 0
    outer loop
      vertex 6 -1.625 1.8
      vertex 6 -24.8 3
      vertex 6 24.8 3
    endloop
  endfacet
  facet normal -0.365652 2.6118e-06 0.930752
    outer loop
      vertex 6 24.8 3
      vertex 20 22.8 8.5
      vertex 14.9091 24.8 6.5
    endloop
  endfacet
  facet normal -0.365652 0 0.930751
    outer loop
      vertex 20 22.8 8.5
      vertex 6 24.8 3
      vertex 20 -22.8 8.5
    endloop
  endfacet
  facet normal -0.365652 0 0.930751
    outer loop
      vertex 6 -24.8 3
      vertex 20 -22.8 8.5
      vertex 6 24.8 3
    endloop
  endfacet
  facet normal -0.365652 -2.6118e-06 0.930752
    outer loop
      vertex 20 -22.8 8.5
      vertex 6 -24.8 3
      vertex 14.9091 -24.8 6.5
    endloop
  endfacet
  facet normal -0 0 1
    outer loop
      vertex 20 22.8 8.5
      vertex 38 9.18585 8.5
      vertex 38 22.8 8.5
    endloop
  endfacet
  facet normal 0 0 1
    outer loop
      vertex 38 9.18585 8.5
      vertex 20 22.8 8.5
      vertex 37.6696 7.97301 8.5
    endloop
  endfacet
  facet normal 0 0 1
    outer loop
      vertex 37.6696 7.97301 8.5
      vertex 20 22.8 8.5
      vertex 37.3025 5.86651 8.5
    endloop
  endfacet
  facet normal 0 0 1
    outer loop
      vertex 37.3025 5.86651 8.5
      vertex 20 22.8 8.5
      vertex 37.0764 3.40304 8.5
    endloop
  endfacet
  facet normal 0 0 1
    outer loop
      vertex 37.0759 3.39724 8.5
      vertex 20 22.8 8.5
      vertex 37 0 8.5
    endloop
  endfacet
  facet normal 0 0 1
    outer loop
      vertex 37.0764 3.40304 8.5
      vertex 20 22.8 8.5
      vertex 37.0759 3.39724 8.5
    endloop
  endfacet
  facet normal 0 0 1
    outer loop
      vertex 20 -22.8 8.5
      vertex 38 -9.18585 8.5
      vertex 37.6696 -7.97301 8.5
    endloop
  endfacet
  facet normal 0 0 1
    outer loop
      vertex 20 -22.8 8.5
      vertex 37.6696 -7.97301 8.5
      vertex 37.3025 -5.86651 8.5
    endloop
  endfacet
  facet normal 0 0 1
    outer loop
      vertex 20 -22.8 8.5
      vertex 37.3025 -5.86651 8.5
      vertex 37.0764 -3.40304 8.5
    endloop
  endfacet
  facet normal 0 0 1
    outer loop
      vertex 20 -22.8 8.5
      vertex 37.0764 -3.40304 8.5
      vertex 37.0759 -3.39724 8.5
    endloop
  endfacet
  facet normal 0 0 1
    outer loop
      vertex 20 -22.8 8.5
      vertex 37 0 8.5
      vertex 20 22.8 8.5
    endloop
  endfacet
  facet normal 0 0 1
    outer loop
      vertex 37 0 8.5
      vertex 20 -22.8 8.5
      vertex 37.0759 -3.39724 8.5
    endloop
  endfacet
  facet normal 0 0 1
    outer loop
      vertex 38 -9.18585 8.5
      vertex 20 -22.8 8.5
      vertex 38 -22.8 8.5
    endloop
  endfacet
  facet normal 0 1 -0
    outer loop
      vertex 37.4 24.8 2
      vertex 14.9091 24.8 6.5
      vertex 37.4 24.8 6.5
    endloop
  endfacet
  facet normal 0 1 0
    outer loop
      vertex 6 24.8 2
      vertex 14.9091 24.8 6.5
      vertex 37.4 24.8 2
    endloop
  endfacet
  facet normal 0 1 0
    outer loop
      vertex 14.9091 24.8 6.5
      vertex 6 24.8 2
      vertex 6 24.8 3
    endloop
  endfacet
  facet normal 0 0.707107 0.707107
    outer loop
      vertex 37.4 24.8 6.5
      vertex 20 22.8 8.5
      vertex 38 22.8 8.5
    endloop
  endfacet
  facet normal 0 0.707107 0.707107
    outer loop
      vertex 20 22.8 8.5
      vertex 37.4 24.8 6.5
      vertex 14.9091 24.8 6.5
    endloop
  endfacet
  facet normal 0 -0.707107 0.707107
    outer loop
      vertex 37.4 -24.8 6.5
      vertex 20 -22.8 8.5
      vertex 14.9091 -24.8 6.5
    endloop
  endfacet
  facet normal 0 -0.707107 0.707107
    outer loop
      vertex 20 -22.8 8.5
      vertex 37.4 -24.8 6.5
      vertex 38 -22.8 8.5
    endloop
  endfacet
  facet normal 0 -1 0
    outer loop
      vertex 6 -24.8 2
      vertex 14.9091 -24.8 6.5
      vertex 6 -24.8 3
    endloop
  endfacet
  facet normal 0 -1 -0
    outer loop
      vertex 14.9091 -24.8 6.5
      vertex 6 -24.8 2
      vertex 37.4 -24.8 2
    endloop
  endfacet
  facet normal 0 -1 0
    outer loop
      vertex 14.9091 -24.8 6.5
      vertex 37.4 -24.8 2
      vertex 37.4 -24.8 6.5
    endloop
  endfacet
  facet normal 9.81308e-16 -0.707107 0.707107
    outer loop
      vertex 7.2 -26.8 0
      vertex 6 -24.8 2
      vertex 6 -25.6 1.2
    endloop
  endfacet
  facet normal 0 -0.707107 0.707107
    outer loop
      vertex 6 -24.8 2
      vertex 7.2 -26.8 0
      vertex 37.4 -24.8 2
    endloop
  endfacet
  facet normal 0 -0.707107 0.707107
    outer loop
      vertex 37.4 -24.8 2
      vertex 7.2 -26.8 0
      vertex 36.8 -26.8 0
    endloop
  endfacet
  facet normal 0 0.707107 0.707107
    outer loop
      vertex 7.2 26.8 0
      vertex 6 24.8 2
      vertex 37.4 24.8 2
    endloop
  endfacet
  facet normal -0 0.707107 0.707107
    outer loop
      vertex 7.2 26.8 0
      vertex 37.4 24.8 2
      vertex 36.8 26.8 0
    endloop
  endfacet
  facet normal 9.81308e-16 0.707107 0.707107
    outer loop
      vertex 6 24.8 2
      vertex 7.2 26.8 0
      vertex 6 25.6 1.2
    endloop
  endfacet
  facet normal 0.957832 0.28733 0
    outer loop
      vertex 37.9738 22.8872 3.19178
      vertex 37.4 24.8 2
      vertex 37.4 24.8 6.5
    endloop
  endfacet
  facet normal 0.957409 0.288734 -0.0012228
    outer loop
      vertex 37.4 24.8 2
      vertex 37.7427 23.6578 0.619892
      vertex 37.7423 23.6589 0.566444
    endloop
  endfacet
  facet normal 0.957832 0.287329 4.47104e-05
    outer loop
      vertex 37.4 24.8 2
      vertex 37.7556 23.6147 1.24284
      vertex 37.7427 23.6578 0.619892
    endloop
  endfacet
  facet normal 0.958005 0.286751 0.00103067
    outer loop
      vertex 37.4 24.8 2
      vertex 37.7568 23.6105 1.29596
      vertex 37.7556 23.6147 1.24284
    endloop
  endfacet
  facet normal 0.957532 0.288321 -0.00186103
    outer loop
      vertex 37.4 24.8 2
      vertex 37.759 23.6035 1.34342
      vertex 37.7568 23.6105 1.29596
    endloop
  endfacet
  facet normal 0.958021 0.286695 0.00136852
    outer loop
      vertex 37.4 24.8 2
      vertex 37.7619 23.5936 1.38728
      vertex 37.759 23.6035 1.34342
    endloop
  endfacet
  facet normal 0.957829 0.28734 -1.34527e-05
    outer loop
      vertex 37.4 24.8 2
      vertex 37.8352 23.3493 2.26356
      vertex 37.7619 23.5936 1.38728
    endloop
  endfacet
  facet normal 0.957828 0.287341 -2.17974e-06
    outer loop
      vertex 37.4 24.8 2
      vertex 37.8394 23.3353 2.30851
      vertex 37.8352 23.3493 2.26356
    endloop
  endfacet
  facet normal 0.957885 0.28715 -0.000992272
    outer loop
      vertex 37.4 24.8 2
      vertex 37.8446 23.3181 2.35086
      vertex 37.8394 23.3353 2.30851
    endloop
  endfacet
  facet normal 0.95773 0.287664 0.0013738
    outer loop
      vertex 37.4 24.8 2
      vertex 37.8507 23.2976 2.39086
      vertex 37.8446 23.3181 2.35086
    endloop
  endfacet
  facet normal 0.957828 0.287341 2.00586e-05
    outer loop
      vertex 37.4 24.8 2
      vertex 37.9738 22.8872 3.19178
      vertex 37.8507 23.2976 2.39086
    endloop
  endfacet
  facet normal 0.957626 0.288014 -0.000431219
    outer loop
      vertex 37.4 24.8 6.5
      vertex 37.982 22.86 3.23483
      vertex 37.9738 22.8872 3.19178
    endloop
  endfacet
  facet normal 0.957826 0.287348 -0
    outer loop
      vertex 38 22.8 3.31366
      vertex 37.4 24.8 6.5
      vertex 38 22.8 8.5
    endloop
  endfacet
  facet normal 0.957826 0.287348 -5.4871e-15
    outer loop
      vertex 37.4 24.8 6.5
      vertex 38 22.8 3.31366
      vertex 37.982 22.86 3.23483
    endloop
  endfacet
  facet normal 0.957829 0.287338 -1.11607e-05
    outer loop
      vertex 37.7423 23.6589 0.566444
      vertex 36.8 26.8 0
      vertex 37.4 24.8 2
    endloop
  endfacet
  facet normal 0.957826 0.28735 6.47453e-05
    outer loop
      vertex 36.8 26.8 0
      vertex 37.7423 23.6589 0.566444
      vertex 37.9368 23.0107 0
    endloop
  endfacet
  facet normal 0.957826 -0.287348 0
    outer loop
      vertex 37.4 -24.8 6.5
      vertex 38 -22.8 3.31366
      vertex 38 -22.8 8.5
    endloop
  endfacet
  facet normal 0.957826 -0.287348 -5.62046e-15
    outer loop
      vertex 38 -22.8 3.31366
      vertex 37.4 -24.8 6.5
      vertex 37.982 -22.86 3.23483
    endloop
  endfacet
  facet normal 0.957626 -0.288014 -0.000431219
    outer loop
      vertex 37.982 -22.86 3.23483
      vertex 37.4 -24.8 6.5
      vertex 37.9738 -22.8872 3.19178
    endloop
  endfacet
  facet normal 0.957832 -0.28733 0
    outer loop
      vertex 37.4 -24.8 2
      vertex 37.9738 -22.8872 3.19178
      vertex 37.4 -24.8 6.5
    endloop
  endfacet
  facet normal 0.957828 -0.287341 2.00586e-05
    outer loop
      vertex 37.9738 -22.8872 3.19178
      vertex 37.4 -24.8 2
      vertex 37.8507 -23.2976 2.39086
    endloop
  endfacet
  facet normal 0.95773 -0.287664 0.0013738
    outer loop
      vertex 37.8507 -23.2976 2.39086
      vertex 37.4 -24.8 2
      vertex 37.8446 -23.3181 2.35086
    endloop
  endfacet
  facet normal 0.957885 -0.28715 -0.000992272
    outer loop
      vertex 37.8446 -23.3181 2.35086
      vertex 37.4 -24.8 2
      vertex 37.8394 -23.3353 2.30851
    endloop
  endfacet
  facet normal 0.957828 -0.287341 -2.17974e-06
    outer loop
      vertex 37.8394 -23.3353 2.30851
      vertex 37.4 -24.8 2
      vertex 37.8352 -23.3493 2.26356
    endloop
  endfacet
  facet normal 0.957829 -0.28734 -1.34527e-05
    outer loop
      vertex 37.8352 -23.3493 2.26356
      vertex 37.4 -24.8 2
      vertex 37.7619 -23.5936 1.38728
    endloop
  endfacet
  facet normal 0.957832 -0.287329 4.47104e-05
    outer loop
      vertex 37.7556 -23.6147 1.24284
      vertex 37.4 -24.8 2
      vertex 37.7427 -23.6578 0.619892
    endloop
  endfacet
  facet normal 0.958005 -0.286751 0.00103067
    outer loop
      vertex 37.7568 -23.6105 1.29596
      vertex 37.4 -24.8 2
      vertex 37.7556 -23.6147 1.24284
    endloop
  endfacet
  facet normal 0.957532 -0.288321 -0.00186103
    outer loop
      vertex 37.759 -23.6035 1.34342
      vertex 37.4 -24.8 2
      vertex 37.7568 -23.6105 1.29596
    endloop
  endfacet
  facet normal 0.958021 -0.286695 0.00136852
    outer loop
      vertex 37.7619 -23.5936 1.38728
      vertex 37.4 -24.8 2
      vertex 37.759 -23.6035 1.34342
    endloop
  endfacet
  facet normal 0.957409 -0.288734 -0.0012228
    outer loop
      vertex 37.7427 -23.6578 0.619892
      vertex 37.4 -24.8 2
      vertex 37.7423 -23.6589 0.566444
    endloop
  endfacet
  facet normal 0.957826 -0.28735 6.47453e-05
    outer loop
      vertex 37.7423 -23.6589 0.566444
      vertex 36.8 -26.8 0
      vertex 37.9368 -23.0107 0
    endloop
  endfacet
  facet normal 0.957829 -0.287338 -1.11607e-05
    outer loop
      vertex 36.8 -26.8 0
      vertex 37.7423 -23.6589 0.566444
      vertex 37.4 -24.8 2
    endloop
  endfacet
  facet normal -0.707113 -0.707101 0
    outer loop
      vertex 6.59999 -26.2 0
      vertex 6 -25.6 1.2
      vertex 6 -25.6 0.599991
    endloop
  endfacet
  facet normal -0.707101 -0.707113 1.1785e-05
    outer loop
      vertex 6 -25.6 1.2
      vertex 6.59999 -26.2 0
      vertex 7.2 -26.8 0
    endloop
  endfacet
  facet normal -0.707101 0.707113 2.35704e-05
    outer loop
      vertex 6 25.6 0.599991
      vertex 7.2 26.8 0
      vertex 6.59999 26.2 0
    endloop
  endfacet
  facet normal -0.707107 0.707107 0
    outer loop
      vertex 7.2 26.8 0
      vertex 6 25.6 0.599991
      vertex 6 25.6 1.2
    endloop
  endfacet
  facet normal 0.284703 0.677872 -0.677815
    outer loop
      vertex 37.9368 23.0107 0
      vertex 62.0087 13.4905 0.589949
      vertex 62.0087 12.9006 0
    endloop
  endfacet
  facet normal 0.28468 0.677809 -0.677888
    outer loop
      vertex 62.0087 13.4905 0.589949
      vertex 37.9368 23.0107 0
      vertex 37.7423 23.6589 0.566444
    endloop
  endfacet
  facet normal -0.321888 0.00720616 0.94675
    outer loop
      vertex 37.0759 3.39724 8.5
      vertex 48.9383 0.917513 12.552
      vertex 48.989 1.15894 12.5674
    endloop
  endfacet
  facet normal -0.322106 0.00550004 0.946688
    outer loop
      vertex 37.0759 3.39724 8.5
      vertex 49.1516 1.72642 12.6184
      vertex 49.1617 1.74991 12.6217
    endloop
  endfacet
  facet normal -0.321893 0.00718626 0.946749
    outer loop
      vertex 37.0759 3.39724 8.5
      vertex 49.0779 1.49483 12.5951
      vertex 49.1516 1.72642 12.6184
    endloop
  endfacet
  facet normal -0.321584 0.00932158 0.946835
    outer loop
      vertex 37.0759 3.39724 8.5
      vertex 49.0703 1.46626 12.5928
      vertex 49.0779 1.49483 12.5951
    endloop
  endfacet
  facet normal -0.321937 0.0069191 0.946736
    outer loop
      vertex 37.0759 3.39724 8.5
      vertex 48.989 1.15894 12.5674
      vertex 49.0703 1.46626 12.5928
    endloop
  endfacet
  facet normal -0.321778 0.00778664 0.946783
    outer loop
      vertex 48.9383 0.917513 12.552
      vertex 37.0759 3.39724 8.5
      vertex 48.924 0.849415 12.5477
    endloop
  endfacet
  facet normal -0.32188 0.0072634 0.946753
    outer loop
      vertex 37.0759 3.39724 8.5
      vertex 48.8913 0.638588 12.5382
      vertex 48.924 0.849415 12.5477
    endloop
  endfacet
  facet normal -0.321813 0.00757994 0.946773
    outer loop
      vertex 37.0759 3.39724 8.5
      vertex 48.8788 0.557548 12.5346
      vertex 48.8913 0.638588 12.5382
    endloop
  endfacet
  facet normal -0.321898 0.00719173 0.946747
    outer loop
      vertex 37 0 8.5
      vertex 48.8788 0.557548 12.5346
      vertex 37.0759 3.39724 8.5
    endloop
  endfacet
  facet normal -0.321893 0.00708685 0.946749
    outer loop
      vertex 48.8788 0.557548 12.5346
      vertex 37 0 8.5
      vertex 48.8701 0.469646 12.5323
    endloop
  endfacet
  facet normal -0.321896 0.00716258 0.946748
    outer loop
      vertex 48.8701 0.469646 12.5323
      vertex 37 0 8.5
      vertex 48.8508 0.276395 12.5272
    endloop
  endfacet
  facet normal -0.321888 0.00674691 0.946754
    outer loop
      vertex 48.8508 0.276395 12.5272
      vertex 37 0 8.5
      vertex 48.8468 0.183786 12.5265
    endloop
  endfacet
  facet normal -0.321897 0.0074902 0.946745
    outer loop
      vertex 48.8468 0.183786 12.5265
      vertex 37 0 8.5
      vertex 48.8387 0 12.5252
    endloop
  endfacet
  facet normal 0.284703 -0.677872 -0.677815
    outer loop
      vertex 62.0087 -13.4905 0.589949
      vertex 37.9368 -23.0107 0
      vertex 62.0087 -12.9006 0
    endloop
  endfacet
  facet normal 0.28468 -0.677809 -0.677888
    outer loop
      vertex 37.9368 -23.0107 0
      vertex 62.0087 -13.4905 0.589949
      vertex 37.7423 -23.6589 0.566444
    endloop
  endfacet
  facet normal 0.39853 0.917155 -0
    outer loop
      vertex 62.0083 12.8454 7.20553
      vertex 37.8352 23.3493 2.26356
      vertex 62.0083 12.8454 7.20559
    endloop
  endfacet
  facet normal 0.349417 0.909702 0.224389
    outer loop
      vertex 37.8352 23.3493 2.26356
      vertex 62.0083 12.8454 7.20553
      vertex 37.7619 23.5936 1.38728
    endloop
  endfacet
  facet normal 0.131436 0.743505 0.655686
    outer loop
      vertex 62.0047 10.2311 12.8846
      vertex 38 22.3061 4.00422
      vertex 62.0047 9.48238 13.7336
    endloop
  endfacet
  facet normal 0.0769877 0.685498 0.723992
    outer loop
      vertex 62.0048 10.2313 12.8844
      vertex 38 22.3061 4.00422
      vertex 62.0047 10.2311 12.8846
    endloop
  endfacet
  facet normal 0.123341 0.735307 0.666417
    outer loop
      vertex 62.0059 10.2332 12.8821
      vertex 38 22.3061 4.00422
      vertex 62.0048 10.2313 12.8844
    endloop
  endfacet
  facet normal 0.131976 0.744051 0.654959
    outer loop
      vertex 38 22.3061 4.00422
      vertex 62.0059 10.2332 12.8821
      vertex 38 22.3358 3.97048
    endloop
  endfacet
  facet normal 0.242069 0.840088 0.485442
    outer loop
      vertex 62.0067 11.5088 10.8987
      vertex 37.982 22.86 3.23483
      vertex 62.0067 10.9094 11.936
    endloop
  endfacet
  facet normal 0.243959 0.841633 0.481806
    outer loop
      vertex 62.0068 11.509 10.8983
      vertex 37.982 22.86 3.23483
      vertex 62.0067 11.5088 10.8987
    endloop
  endfacet
  facet normal 0.241362 0.839507 0.486798
    outer loop
      vertex 62.0073 11.5099 10.8965
      vertex 37.982 22.86 3.23483
      vertex 62.0068 11.509 10.8983
    endloop
  endfacet
  facet normal 0.242409 0.840367 0.48479
    outer loop
      vertex 37.982 22.86 3.23483
      vertex 62.0073 11.5099 10.8965
      vertex 37.9738 22.8872 3.19178
    endloop
  endfacet
  facet normal 0.39853 -0.917155 0
    outer loop
      vertex 37.8352 -23.3493 2.26356
      vertex 62.0083 -12.8454 7.20553
      vertex 62.0083 -12.8454 7.20559
    endloop
  endfacet
  facet normal 0.349417 -0.909702 0.224389
    outer loop
      vertex 62.0083 -12.8454 7.20553
      vertex 37.8352 -23.3493 2.26356
      vertex 37.7619 -23.5936 1.38728
    endloop
  endfacet
  facet normal 0.37517 0.919219 0.119514
    outer loop
      vertex 62.0085 13.3361 4.19092
      vertex 37.759 23.6035 1.34342
      vertex 62.0085 13.1314 5.76533
    endloop
  endfacet
  facet normal 0.374724 0.919004 0.122534
    outer loop
      vertex 62.0085 13.3362 4.19017
      vertex 37.759 23.6035 1.34342
      vertex 62.0085 13.3361 4.19092
    endloop
  endfacet
  facet normal 0.361674 0.910184 0.201882
    outer loop
      vertex 62.0086 13.3363 4.18954
      vertex 37.759 23.6035 1.34342
      vertex 62.0085 13.3362 4.19017
    endloop
  endfacet
  facet normal 0.375362 0.919312 0.118192
    outer loop
      vertex 37.759 23.6035 1.34342
      vertex 62.0086 13.3363 4.18954
      vertex 37.7568 23.6105 1.29596
    endloop
  endfacet
  facet normal -0.301459 -0.104335 0.947753
    outer loop
      vertex 38 -9.89924 8.4356
      vertex 52.68 -4.99472 13.6449
      vertex 38 -9.84283 8.44181
    endloop
  endfacet
  facet normal -0.301475 -0.104288 0.947754
    outer loop
      vertex 52.68 -4.99472 13.6449
      vertex 38 -9.89924 8.4356
      vertex 53.0146 -5.13771 13.7356
    endloop
  endfacet
  facet normal -0.301564 -0.10401 0.947756
    outer loop
      vertex 53.0146 -5.13771 13.7356
      vertex 38 -9.89924 8.4356
      vertex 53.2062 -5.20664 13.789
    endloop
  endfacet
  facet normal -0.30145 -0.104374 0.947752
    outer loop
      vertex 53.2062 -5.20664 13.789
      vertex 38 -9.89924 8.4356
      vertex 54.1961 -5.46412 14.0755
    endloop
  endfacet
  facet normal -0.319653 -0.0276231 0.947132
    outer loop
      vertex 37.3025 -5.86651 8.5
      vertex 50.0737 -3.18929 12.8883
      vertex 50.0425 -3.15055 12.8789
    endloop
  endfacet
  facet normal -0.31929 -0.0294733 0.947199
    outer loop
      vertex 50.5291 -3.65969 13.0272
      vertex 37.3025 -5.86651 8.5
      vertex 50.6187 -3.73692 13.055
    endloop
  endfacet
  facet normal -0.319293 -0.0294547 0.947198
    outer loop
      vertex 50.1758 -3.31578 12.9188
      vertex 37.3025 -5.86651 8.5
      vertex 50.5291 -3.65969 13.0272
    endloop
  endfacet
  facet normal -0.319312 -0.0293489 0.947195
    outer loop
      vertex 50.0737 -3.18929 12.8883
      vertex 37.3025 -5.86651 8.5
      vertex 50.1758 -3.31578 12.9188
    endloop
  endfacet
  facet normal -0.319228 -0.029742 0.947211
    outer loop
      vertex 49.988 -3.07515 12.8629
      vertex 37.3025 -5.86651 8.5
      vertex 50.0425 -3.15055 12.8789
    endloop
  endfacet
  facet normal -0.319313 -0.0293287 0.947195
    outer loop
      vertex 49.6917 -2.66541 12.7757
      vertex 37.3025 -5.86651 8.5
      vertex 49.988 -3.07515 12.8629
    endloop
  endfacet
  facet normal -0.318889 -0.0310876 0.947282
    outer loop
      vertex 49.6826 -2.65129 12.7731
      vertex 37.3025 -5.86651 8.5
      vertex 49.6917 -2.66541 12.7757
    endloop
  endfacet
  facet normal -0.319321 -0.0293076 0.947193
    outer loop
      vertex 37.3025 -5.86651 8.5
      vertex 49.6826 -2.65129 12.7731
      vertex 37.0764 -3.40304 8.5
    endloop
  endfacet
  facet normal -0.215941 0.293627 0.93121
    outer loop
      vertex 38 16.3616 7.25454
      vertex 62 5.72235 16.1747
      vertex 38 16.4073 7.24013
    endloop
  endfacet
  facet normal -0.216081 0.293356 0.931263
    outer loop
      vertex 62 5.72235 16.1747
      vertex 38 16.3616 7.25454
      vertex 62 4.57857 16.535
    endloop
  endfacet
  facet normal -0.244289 0.242007 0.939018
    outer loop
      vertex 38 16.3616 7.25454
      vertex 38 14.9523 7.61775
      vertex 62 4.57857 16.535
    endloop
  endfacet
  facet normal -0.319312 0.0293489 0.947195
    outer loop
      vertex 37.3025 5.86651 8.5
      vertex 50.0737 3.18929 12.8883
      vertex 50.1758 3.31578 12.9188
    endloop
  endfacet
  facet normal -0.31929 0.0294733 0.947199
    outer loop
      vertex 37.3025 5.86651 8.5
      vertex 50.5291 3.65969 13.0272
      vertex 50.6187 3.73692 13.055
    endloop
  endfacet
  facet normal -0.319293 0.0294547 0.947198
    outer loop
      vertex 37.3025 5.86651 8.5
      vertex 50.1758 3.31578 12.9188
      vertex 50.5291 3.65969 13.0272
    endloop
  endfacet
  facet normal -0.319653 0.0276231 0.947132
    outer loop
      vertex 50.0737 3.18929 12.8883
      vertex 37.3025 5.86651 8.5
      vertex 50.0425 3.15055 12.8789
    endloop
  endfacet
  facet normal -0.319228 0.029742 0.947211
    outer loop
      vertex 37.3025 5.86651 8.5
      vertex 49.988 3.07515 12.8629
      vertex 50.0425 3.15055 12.8789
    endloop
  endfacet
  facet normal -0.319313 0.0293287 0.947195
    outer loop
      vertex 37.3025 5.86651 8.5
      vertex 49.6917 2.66541 12.7757
      vertex 49.988 3.07515 12.8629
    endloop
  endfacet
  facet normal -0.318889 0.0310876 0.947282
    outer loop
      vertex 37.3025 5.86651 8.5
      vertex 49.6826 2.65129 12.7731
      vertex 49.6917 2.66541 12.7757
    endloop
  endfacet
  facet normal -0.319321 0.0293076 0.947193
    outer loop
      vertex 49.6826 2.65129 12.7731
      vertex 37.3025 5.86651 8.5
      vertex 37.0764 3.40304 8.5
    endloop
  endfacet
  facet normal -0.321778 -0.00778664 0.946783
    outer loop
      vertex 37.0759 -3.39724 8.5
      vertex 48.9383 -0.917513 12.552
      vertex 48.924 -0.849415 12.5477
    endloop
  endfacet
  facet normal -0.322106 -0.00550004 0.946688
    outer loop
      vertex 49.1516 -1.72642 12.6184
      vertex 37.0759 -3.39724 8.5
      vertex 49.1617 -1.74991 12.6217
    endloop
  endfacet
  facet normal -0.321893 -0.00718626 0.946749
    outer loop
      vertex 49.0779 -1.49483 12.5951
      vertex 37.0759 -3.39724 8.5
      vertex 49.1516 -1.72642 12.6184
    endloop
  endfacet
  facet normal -0.321584 -0.00932158 0.946835
    outer loop
      vertex 49.0703 -1.46626 12.5928
      vertex 37.0759 -3.39724 8.5
      vertex 49.0779 -1.49483 12.5951
    endloop
  endfacet
  facet normal -0.321937 -0.0069191 0.946736
    outer loop
      vertex 48.989 -1.15894 12.5674
      vertex 37.0759 -3.39724 8.5
      vertex 49.0703 -1.46626 12.5928
    endloop
  endfacet
  facet normal -0.321888 -0.00720616 0.94675
    outer loop
      vertex 48.9383 -0.917513 12.552
      vertex 37.0759 -3.39724 8.5
      vertex 48.989 -1.15894 12.5674
    endloop
  endfacet
  facet normal -0.32188 -0.0072634 0.946753
    outer loop
      vertex 48.8913 -0.638588 12.5382
      vertex 37.0759 -3.39724 8.5
      vertex 48.924 -0.849415 12.5477
    endloop
  endfacet
  facet normal -0.321813 -0.00757994 0.946773
    outer loop
      vertex 48.8788 -0.557548 12.5346
      vertex 37.0759 -3.39724 8.5
      vertex 48.8913 -0.638588 12.5382
    endloop
  endfacet
  facet normal -0.321893 -0.00708685 0.946749
    outer loop
      vertex 37 0 8.5
      vertex 48.8788 -0.557548 12.5346
      vertex 48.8701 -0.469646 12.5323
    endloop
  endfacet
  facet normal -0.321896 -0.00716258 0.946748
    outer loop
      vertex 37 0 8.5
      vertex 48.8701 -0.469646 12.5323
      vertex 48.8508 -0.276395 12.5272
    endloop
  endfacet
  facet normal -0.321888 -0.00674691 0.946754
    outer loop
      vertex 37 0 8.5
      vertex 48.8508 -0.276395 12.5272
      vertex 48.8468 -0.183786 12.5265
    endloop
  endfacet
  facet normal -0.321897 -0.0074902 0.946745
    outer loop
      vertex 37 0 8.5
      vertex 48.8468 -0.183786 12.5265
      vertex 48.8387 0 12.5252
    endloop
  endfacet
  facet normal -0.321898 -0.00719173 0.946747
    outer loop
      vertex 48.8788 -0.557548 12.5346
      vertex 37 0 8.5
      vertex 37.0759 -3.39724 8.5
    endloop
  endfacet
  facet normal -0.176951 0.360239 0.915923
    outer loop
      vertex 38 18.8449 6.37684
      vertex 38 17.6899 6.83111
      vertex 62 5.72235 16.1747
    endloop
  endfacet
  facet normal 0.361773 -0.914409 0.181594
    outer loop
      vertex 37.7619 -23.5936 1.38728
      vertex 62.0083 -13.1311 5.7669
      vertex 62.0083 -12.8454 7.20553
    endloop
  endfacet
  facet normal 0.327543 -0.890848 0.314812
    outer loop
      vertex 37.7619 -23.5936 1.38728
      vertex 62.0084 -13.1313 5.76623
      vertex 62.0083 -13.1311 5.7669
    endloop
  endfacet
  facet normal 0.370206 -0.917859 0.143118
    outer loop
      vertex 37.7619 -23.5936 1.38728
      vertex 62.0085 -13.1314 5.76533
      vertex 62.0084 -13.1313 5.76623
    endloop
  endfacet
  facet normal 0.361571 -0.914314 0.18247
    outer loop
      vertex 62.0085 -13.1314 5.76533
      vertex 37.7619 -23.5936 1.38728
      vertex 37.759 -23.6035 1.34342
    endloop
  endfacet
  facet normal -0.15328 -0.395736 0.905482
    outer loop
      vertex 38 -18.8449 6.37684
      vertex 62 -6.77785 15.7134
      vertex 62 -5.72235 16.1747
    endloop
  endfacet
  facet normal -0.153201 -0.395862 0.905441
    outer loop
      vertex 62 -6.77785 15.7134
      vertex 38 -18.8449 6.37684
      vertex 38 -18.8871 6.35839
    endloop
  endfacet
  facet normal 0.107428 0.703015 0.703015
    outer loop
      vertex 62.0073 11.51 10.8964
      vertex 37.9738 22.8872 3.19178
      vertex 62.0073 11.5099 10.8965
    endloop
  endfacet
  facet normal 0.283046 0.870532 0.402566
    outer loop
      vertex 37.9738 22.8872 3.19178
      vertex 62.0073 11.51 10.8964
      vertex 37.8507 23.2976 2.39086
    endloop
  endfacet
  facet normal 0.361773 0.914409 0.181594
    outer loop
      vertex 62.0083 13.1311 5.7669
      vertex 37.7619 23.5936 1.38728
      vertex 62.0083 12.8454 7.20553
    endloop
  endfacet
  facet normal 0.327543 0.890848 0.314812
    outer loop
      vertex 62.0084 13.1313 5.76623
      vertex 37.7619 23.5936 1.38728
      vertex 62.0083 13.1311 5.7669
    endloop
  endfacet
  facet normal 0.370206 0.917859 0.143118
    outer loop
      vertex 62.0085 13.1314 5.76533
      vertex 37.7619 23.5936 1.38728
      vertex 62.0084 13.1313 5.76623
    endloop
  endfacet
  facet normal 0.361571 0.914314 0.18247
    outer loop
      vertex 37.7619 23.5936 1.38728
      vertex 62.0085 13.1314 5.76533
      vertex 37.759 23.6035 1.34342
    endloop
  endfacet
  facet normal 0.386413 0.922192 0.0157349
    outer loop
      vertex 62.0086 13.4905 0.590903
      vertex 37.7427 23.6578 0.619892
      vertex 62.0086 13.4594 2.41361
    endloop
  endfacet
  facet normal 0.386168 0.921536 0.0405639
    outer loop
      vertex 62.0087 13.4905 0.589951
      vertex 37.7427 23.6578 0.619892
      vertex 62.0086 13.4905 0.590903
    endloop
  endfacet
  facet normal 0.386473 0.922301 0
    outer loop
      vertex 37.7423 23.6589 0.566444
      vertex 62.0087 13.4905 0.589951
      vertex 62.0087 13.4905 0.589949
    endloop
  endfacet
  facet normal 0.38641 0.922187 0.0160874
    outer loop
      vertex 62.0087 13.4905 0.589951
      vertex 37.7423 23.6589 0.566444
      vertex 37.7427 23.6578 0.619892
    endloop
  endfacet
  facet normal 0.382811 0.921612 0.0639262
    outer loop
      vertex 62.0086 13.4594 2.41483
      vertex 37.7568 23.6105 1.29596
      vertex 62.0086 13.3363 4.18954
    endloop
  endfacet
  facet normal 0.386112 0.922452 -0
    outer loop
      vertex 62.0086 13.4594 2.41398
      vertex 37.7568 23.6105 1.29596
      vertex 62.0086 13.4594 2.41483
    endloop
  endfacet
  facet normal 0.386112 0.922452 -0
    outer loop
      vertex 62.0086 13.4594 2.41365
      vertex 37.7568 23.6105 1.29596
      vertex 62.0086 13.4594 2.41398
    endloop
  endfacet
  facet normal 0.382795 0.921599 0.0642199
    outer loop
      vertex 37.7568 23.6105 1.29596
      vertex 62.0086 13.4594 2.41365
      vertex 37.7556 23.6147 1.24284
    endloop
  endfacet
  facet normal -0.319571 0.0252918 0.947225
    outer loop
      vertex 37.0764 3.40304 8.5
      vertex 49.5589 2.45529 12.7366
      vertex 49.6826 2.65129 12.7731
    endloop
  endfacet
  facet normal -0.250063 0.240681 -0.937839
    outer loop
      vertex 49.2127 1.85823 12.6359
      vertex 49.1617 1.74991 12.6217
      vertex 49.2014 1.83441 12.6328
    endloop
  endfacet
  facet normal -0.319554 0.0255128 0.947225
    outer loop
      vertex 49.5589 2.45529 12.7366
      vertex 37.0764 3.40304 8.5
      vertex 49.4225 2.23937 12.6964
    endloop
  endfacet
  facet normal -0.319529 0.0257769 0.947226
    outer loop
      vertex 37.0764 3.40304 8.5
      vertex 49.2332 1.89553 12.6419
      vertex 49.4225 2.23937 12.6964
    endloop
  endfacet
  facet normal -0.319812 0.0234047 0.947192
    outer loop
      vertex 37.0764 3.40304 8.5
      vertex 49.2127 1.85823 12.6359
      vertex 49.2332 1.89553 12.6419
    endloop
  endfacet
  facet normal -0.319466 0.0262374 0.947234
    outer loop
      vertex 37.0764 3.40304 8.5
      vertex 49.1617 1.74991 12.6217
      vertex 49.2127 1.85823 12.6359
    endloop
  endfacet
  facet normal -0.319297 0.0275256 0.947255
    outer loop
      vertex 49.1617 1.74991 12.6217
      vertex 37.0764 3.40304 8.5
      vertex 37.0759 3.39724 8.5
    endloop
  endfacet
  facet normal -0.315169 -0.0554373 0.947415
    outer loop
      vertex 51.5079 -4.42306 13.3112
      vertex 37.6696 -7.97301 8.5
      vertex 51.6374 -4.4962 13.35
    endloop
  endfacet
  facet normal -0.315292 -0.0549397 0.947403
    outer loop
      vertex 51.2782 -4.25849 13.2443
      vertex 37.6696 -7.97301 8.5
      vertex 51.5079 -4.42306 13.3112
    endloop
  endfacet
  facet normal -0.315273 -0.0550138 0.947405
    outer loop
      vertex 51.1738 -4.18372 13.2139
      vertex 37.6696 -7.97301 8.5
      vertex 51.2782 -4.25849 13.2443
    endloop
  endfacet
  facet normal -0.315307 -0.0548867 0.947401
    outer loop
      vertex 50.8069 -3.8884 13.1089
      vertex 37.6696 -7.97301 8.5
      vertex 51.1738 -4.18372 13.2139
    endloop
  endfacet
  facet normal -0.315362 -0.0547037 0.947394
    outer loop
      vertex 50.6187 -3.73692 13.055
      vertex 37.6696 -7.97301 8.5
      vertex 50.8069 -3.8884 13.1089
    endloop
  endfacet
  facet normal -0.315286 -0.054945 0.947405
    outer loop
      vertex 37.6696 -7.97301 8.5
      vertex 50.6187 -3.73692 13.055
      vertex 37.3025 -5.86651 8.5
    endloop
  endfacet
  facet normal -0.266622 -0.194586 0.943954
    outer loop
      vertex 38 -14.9022 7.62808
      vertex 56.3734 -5.68069 14.7186
      vertex 38 -13.3661 7.94473
    endloop
  endfacet
  facet normal -0.266676 -0.194483 0.94396
    outer loop
      vertex 56.3734 -5.68069 14.7186
      vertex 38 -14.9022 7.62808
      vertex 56.9169 -5.6775 14.8728
    endloop
  endfacet
  facet normal -0.266715 -0.194407 0.943965
    outer loop
      vertex 56.9169 -5.6775 14.8728
      vertex 38 -14.9022 7.62808
      vertex 57.1676 -5.65776 14.9477
    endloop
  endfacet
  facet normal -0.214313 -0.296765 0.930591
    outer loop
      vertex 38 -16.4073 7.24013
      vertex 38 -17.6899 6.83111
      vertex 62 -5.72235 16.1747
    endloop
  endfacet
  facet normal -0.00892889 0.591049 0.806586
    outer loop
      vertex 38 20.8457 5.29276
      vertex 62 8.65379 14.4924
      vertex 38 20.8817 5.26638
    endloop
  endfacet
  facet normal -0.00886387 0.591131 0.806527
    outer loop
      vertex 62 8.65379 14.4924
      vertex 38 20.8457 5.29276
      vertex 62 7.75371 15.1521
    endloop
  endfacet
  facet normal -0.298146 0.116134 0.947429
    outer loop
      vertex 38 11.7006 8.21413
      vertex 55.1154 5.63318 14.3439
      vertex 55.3293 5.65449 14.4086
    endloop
  endfacet
  facet normal -0.29805 0.116403 0.947426
    outer loop
      vertex 38 11.7006 8.21413
      vertex 54.1962 5.46413 14.0755
      vertex 55.1154 5.63318 14.3439
    endloop
  endfacet
  facet normal -0.0596927 0.596927 0.800072
    outer loop
      vertex 38 11.7006 8.21413
      vertex 54.1961 5.46412 14.0755
      vertex 54.1962 5.46413 14.0755
    endloop
  endfacet
  facet normal -0.298021 0.116482 0.947426
    outer loop
      vertex 54.1961 5.46412 14.0755
      vertex 38 11.7006 8.21413
      vertex 38 9.89924 8.4356
    endloop
  endfacet
  facet normal -0.214313 0.296765 0.930591
    outer loop
      vertex 38 17.6899 6.83111
      vertex 38 16.4073 7.24013
      vertex 62 5.72235 16.1747
    endloop
  endfacet
  facet normal -0.308161 0.0839062 0.947627
    outer loop
      vertex 38 9.84283 8.44181
      vertex 52.4051 4.87054 13.5665
      vertex 52.68 4.99472 13.6449
    endloop
  endfacet
  facet normal -0.308133 0.0839896 0.947629
    outer loop
      vertex 52.4051 4.87054 13.5665
      vertex 38 9.84283 8.44181
      vertex 52 4.6875 13.451
    endloop
  endfacet
  facet normal -0.308187 0.083839 0.947624
    outer loop
      vertex 38 9.84283 8.44181
      vertex 51.6374 4.4962 13.35
      vertex 52 4.6875 13.451
    endloop
  endfacet
  facet normal -0.308151 0.0839332 0.947628
    outer loop
      vertex 38 9.18585 8.5
      vertex 51.6374 4.4962 13.35
      vertex 38 9.84283 8.44181
    endloop
  endfacet
  facet normal -0.308147 0.0839449 0.947628
    outer loop
      vertex 51.6374 4.4962 13.35
      vertex 38 9.18585 8.5
      vertex 37.6696 7.97301 8.5
    endloop
  endfacet
  facet normal -0.268854 0.194555 0.943327
    outer loop
      vertex 62 4.57857 16.535
      vertex 61.9851 3.84329 16.6824
      vertex 62 3.82897 16.6896
    endloop
  endfacet
  facet normal -0.26654 0.194636 0.943967
    outer loop
      vertex 62 4.57857 16.535
      vertex 61.2636 4.36357 16.3714
      vertex 61.9851 3.84329 16.6824
    endloop
  endfacet
  facet normal -0.266595 0.194874 0.943902
    outer loop
      vertex 62 4.57857 16.535
      vertex 60.9247 4.56546 16.234
      vertex 61.2636 4.36357 16.3714
    endloop
  endfacet
  facet normal -0.266613 0.194438 0.943987
    outer loop
      vertex 62 4.57857 16.535
      vertex 60.2943 4.84731 15.9979
      vertex 60.9247 4.56546 16.234
    endloop
  endfacet
  facet normal -0.266506 0.194961 0.943909
    outer loop
      vertex 62 4.57857 16.535
      vertex 59.6818 5.12117 15.7684
      vertex 60.2943 4.84731 15.9979
    endloop
  endfacet
  facet normal -0.266853 0.193708 0.944069
    outer loop
      vertex 62 4.57857 16.535
      vertex 59.3329 5.2356 15.6463
      vertex 59.6818 5.12117 15.7684
    endloop
  endfacet
  facet normal -0.266565 0.194706 0.943945
    outer loop
      vertex 38 14.9523 7.61775
      vertex 59.3329 5.2356 15.6463
      vertex 62 4.57857 16.535
    endloop
  endfacet
  facet normal -0.266771 0.194279 0.943975
    outer loop
      vertex 38 14.9523 7.61775
      vertex 58.3132 5.485 15.3068
      vertex 59.3329 5.2356 15.6463
    endloop
  endfacet
  facet normal -0.266508 0.194814 0.943939
    outer loop
      vertex 38 14.9523 7.61775
      vertex 57.8694 5.5538 15.1673
      vertex 58.3132 5.485 15.3068
    endloop
  endfacet
  facet normal -0.266445 0.194941 0.943931
    outer loop
      vertex 38 14.9523 7.61775
      vertex 57.2308 5.65278 14.9666
      vertex 57.8694 5.5538 15.1673
    endloop
  endfacet
  facet normal -0.267036 0.193777 0.944003
    outer loop
      vertex 38 14.9523 7.61775
      vertex 57.1676 5.65776 14.9477
      vertex 57.2308 5.65278 14.9666
    endloop
  endfacet
  facet normal -0.266601 0.194631 0.943951
    outer loop
      vertex 57.1676 5.65776 14.9477
      vertex 38 14.9523 7.61775
      vertex 38 14.9022 7.62808
    endloop
  endfacet
  facet normal -0.315169 0.0554373 0.947415
    outer loop
      vertex 37.6696 7.97301 8.5
      vertex 51.5079 4.42306 13.3112
      vertex 51.6374 4.4962 13.35
    endloop
  endfacet
  facet normal -0.315292 0.0549397 0.947403
    outer loop
      vertex 37.6696 7.97301 8.5
      vertex 51.2782 4.25849 13.2443
      vertex 51.5079 4.42306 13.3112
    endloop
  endfacet
  facet normal -0.315273 0.0550138 0.947405
    outer loop
      vertex 37.6696 7.97301 8.5
      vertex 51.1738 4.18372 13.2139
      vertex 51.2782 4.25849 13.2443
    endloop
  endfacet
  facet normal -0.315307 0.0548867 0.947401
    outer loop
      vertex 37.6696 7.97301 8.5
      vertex 50.8069 3.8884 13.1089
      vertex 51.1738 4.18372 13.2139
    endloop
  endfacet
  facet normal -0.315362 0.0547037 0.947394
    outer loop
      vertex 37.6696 7.97301 8.5
      vertex 50.6187 3.73692 13.055
      vertex 50.8069 3.8884 13.1089
    endloop
  endfacet
  facet normal -0.315286 0.054945 0.947405
    outer loop
      vertex 50.6187 3.73692 13.055
      vertex 37.6696 7.97301 8.5
      vertex 37.3025 5.86651 8.5
    endloop
  endfacet
  facet normal 0.386231 -0.922402 0
    outer loop
      vertex 37.7556 -23.6147 1.24284
      vertex 62.0086 -13.4594 2.41361
      vertex 62.0086 -13.4594 2.41365
    endloop
  endfacet
  facet normal 0.383334 -0.92192 0.055847
    outer loop
      vertex 62.0086 -13.4594 2.41361
      vertex 37.7556 -23.6147 1.24284
      vertex 37.7427 -23.6578 0.619892
    endloop
  endfacet
  facet normal 0.386413 -0.922192 0.0157349
    outer loop
      vertex 37.7427 -23.6578 0.619892
      vertex 62.0086 -13.4905 0.590903
      vertex 62.0086 -13.4594 2.41361
    endloop
  endfacet
  facet normal 0.386168 -0.921536 0.0405639
    outer loop
      vertex 37.7427 -23.6578 0.619892
      vertex 62.0087 -13.4905 0.589951
      vertex 62.0086 -13.4905 0.590903
    endloop
  endfacet
  facet normal 0.38641 -0.922187 0.0160874
    outer loop
      vertex 37.7423 -23.6589 0.566444
      vertex 62.0087 -13.4905 0.589951
      vertex 37.7427 -23.6578 0.619892
    endloop
  endfacet
  facet normal 0.386473 -0.922301 0
    outer loop
      vertex 62.0087 -13.4905 0.589951
      vertex 37.7423 -23.6589 0.566444
      vertex 62.0087 -13.4905 0.589949
    endloop
  endfacet
  facet normal 0.242069 -0.840088 0.485442
    outer loop
      vertex 37.982 -22.86 3.23483
      vertex 62.0067 -11.5088 10.8987
      vertex 62.0067 -10.9094 11.936
    endloop
  endfacet
  facet normal 0.243959 -0.841633 0.481806
    outer loop
      vertex 37.982 -22.86 3.23483
      vertex 62.0068 -11.509 10.8983
      vertex 62.0067 -11.5088 10.8987
    endloop
  endfacet
  facet normal 0.241362 -0.839507 0.486798
    outer loop
      vertex 37.982 -22.86 3.23483
      vertex 62.0073 -11.5099 10.8965
      vertex 62.0068 -11.509 10.8983
    endloop
  endfacet
  facet normal 0.242409 -0.840367 0.48479
    outer loop
      vertex 62.0073 -11.5099 10.8965
      vertex 37.982 -22.86 3.23483
      vertex 37.9738 -22.8872 3.19178
    endloop
  endfacet
  facet normal -0.0672234 -0.518649 0.85234
    outer loop
      vertex 38 -19.9516 5.83682
      vertex 38 -20.8457 5.29276
      vertex 62 -7.75371 15.1521
    endloop
  endfacet
  facet normal -0.0827588 -0.496881 0.863863
    outer loop
      vertex 38 -19.9126 5.85927
      vertex 62 -7.75371 15.1521
      vertex 62 -6.77785 15.7134
    endloop
  endfacet
  facet normal -0.0825444 -0.497186 0.863709
    outer loop
      vertex 62 -7.75371 15.1521
      vertex 38 -19.9126 5.85927
      vertex 38 -19.9516 5.83682
    endloop
  endfacet
  facet normal 0.283133 0.870584 0.402392
    outer loop
      vertex 62.0073 12.0328 9.76531
      vertex 37.8507 23.2976 2.39086
      vertex 62.0073 11.51 10.8964
    endloop
  endfacet
  facet normal 0.269178 0.860452 0.432627
    outer loop
      vertex 62.0074 12.033 9.76485
      vertex 37.8507 23.2976 2.39086
      vertex 62.0073 12.0328 9.76531
    endloop
  endfacet
  facet normal 0.292529 0.87694 0.381318
    outer loop
      vertex 62.0077 12.0336 9.76324
      vertex 37.8507 23.2976 2.39086
      vertex 62.0074 12.033 9.76485
    endloop
  endfacet
  facet normal 0.282884 0.870409 0.402945
    outer loop
      vertex 37.8507 23.2976 2.39086
      vertex 62.0077 12.0336 9.76324
      vertex 37.8446 23.3181 2.35086
    endloop
  endfacet
  facet normal 0.0244503 0.62789 0.777918
    outer loop
      vertex 62.0047 9.48238 13.7336
      vertex 38 21.6805 4.64247
      vertex 62.0046 9.48226 13.7337
    endloop
  endfacet
  facet normal 0.0973303 0.710758 0.696671
    outer loop
      vertex 38 21.6805 4.64247
      vertex 62.0047 9.48238 13.7336
      vertex 38 22.3061 4.00422
    endloop
  endfacet
  facet normal 0.317154 0.891534 0.323391
    outer loop
      vertex 62.0077 12.4786 8.53645
      vertex 37.8446 23.3181 2.35086
      vertex 62.0077 12.0336 9.76324
    endloop
  endfacet
  facet normal 0.346597 0.90767 0.236654
    outer loop
      vertex 62.0078 12.4787 8.53592
      vertex 37.8446 23.3181 2.35086
      vertex 62.0077 12.4786 8.53645
    endloop
  endfacet
  facet normal 0.313606 0.889191 0.333154
    outer loop
      vertex 62.0081 12.4791 8.53457
      vertex 37.8446 23.3181 2.35086
      vertex 62.0078 12.4787 8.53592
    endloop
  endfacet
  facet normal 0.31724 0.891588 0.323156
    outer loop
      vertex 37.8446 23.3181 2.35086
      vertex 62.0081 12.4791 8.53457
      vertex 37.8394 23.3353 2.30851
    endloop
  endfacet
  facet normal 0.342517 0.905726 0.249686
    outer loop
      vertex 62.0081 12.845 7.20728
      vertex 37.8394 23.3353 2.30851
      vertex 62.0081 12.4791 8.53457
    endloop
  endfacet
  facet normal 0.328393 0.89607 0.29869
    outer loop
      vertex 62.0081 12.8452 7.20668
      vertex 37.8394 23.3353 2.30851
      vertex 62.0081 12.845 7.20728
    endloop
  endfacet
  facet normal 0.347729 0.908806 0.230557
    outer loop
      vertex 62.0083 12.8454 7.20559
      vertex 37.8394 23.3353 2.30851
      vertex 62.0081 12.8452 7.20668
    endloop
  endfacet
  facet normal 0.342407 0.905658 0.25008
    outer loop
      vertex 37.8394 23.3353 2.30851
      vertex 62.0083 12.8454 7.20559
      vertex 37.8352 23.3493 2.26356
    endloop
  endfacet
  facet normal -0.319554 -0.0255128 0.947225
    outer loop
      vertex 37.0764 -3.40304 8.5
      vertex 49.5589 -2.45529 12.7366
      vertex 49.4225 -2.23937 12.6964
    endloop
  endfacet
  facet normal -0.250063 -0.240681 -0.937839
    outer loop
      vertex 49.1617 -1.74991 12.6217
      vertex 49.2127 -1.85823 12.6359
      vertex 49.2014 -1.83441 12.6328
    endloop
  endfacet
  facet normal -0.319571 -0.0252918 0.947225
    outer loop
      vertex 49.5589 -2.45529 12.7366
      vertex 37.0764 -3.40304 8.5
      vertex 49.6826 -2.65129 12.7731
    endloop
  endfacet
  facet normal -0.319529 -0.0257769 0.947226
    outer loop
      vertex 49.2332 -1.89553 12.6419
      vertex 37.0764 -3.40304 8.5
      vertex 49.4225 -2.23937 12.6964
    endloop
  endfacet
  facet normal -0.319812 -0.0234047 0.947192
    outer loop
      vertex 49.2127 -1.85823 12.6359
      vertex 37.0764 -3.40304 8.5
      vertex 49.2332 -1.89553 12.6419
    endloop
  endfacet
  facet normal -0.319466 -0.0262374 0.947234
    outer loop
      vertex 49.1617 -1.74991 12.6217
      vertex 37.0764 -3.40304 8.5
      vertex 49.2127 -1.85823 12.6359
    endloop
  endfacet
  facet normal -0.319297 -0.0275256 0.947255
    outer loop
      vertex 37.0764 -3.40304 8.5
      vertex 49.1617 -1.74991 12.6217
      vertex 37.0759 -3.39724 8.5
    endloop
  endfacet
  facet normal -0.298021 -0.116482 0.947426
    outer loop
      vertex 38 -11.7006 8.21413
      vertex 54.1961 -5.46412 14.0755
      vertex 38 -9.89924 8.4356
    endloop
  endfacet
  facet normal -0.0596927 -0.596927 0.800072
    outer loop
      vertex 54.1961 -5.46412 14.0755
      vertex 38 -11.7006 8.21413
      vertex 54.1962 -5.46413 14.0755
    endloop
  endfacet
  facet normal -0.29805 -0.116403 0.947426
    outer loop
      vertex 54.1962 -5.46413 14.0755
      vertex 38 -11.7006 8.21413
      vertex 55.1154 -5.63318 14.3439
    endloop
  endfacet
  facet normal -0.298146 -0.116134 0.947429
    outer loop
      vertex 55.1154 -5.63318 14.3439
      vertex 38 -11.7006 8.21413
      vertex 55.3293 -5.65449 14.4086
    endloop
  endfacet
  facet normal -0.308147 -0.0839449 0.947628
    outer loop
      vertex 51.6374 -4.4962 13.35
      vertex 37.6696 -7.97301 8.5
      vertex 38 -9.18585 8.5
    endloop
  endfacet
  facet normal -0.308133 -0.0839896 0.947629
    outer loop
      vertex 38 -9.84283 8.44181
      vertex 52.4051 -4.87054 13.5665
      vertex 52 -4.6875 13.451
    endloop
  endfacet
  facet normal -0.308151 -0.0839332 0.947628
    outer loop
      vertex 38 -9.84283 8.44181
      vertex 51.6374 -4.4962 13.35
      vertex 38 -9.18585 8.5
    endloop
  endfacet
  facet normal -0.308187 -0.083839 0.947624
    outer loop
      vertex 51.6374 -4.4962 13.35
      vertex 38 -9.84283 8.44181
      vertex 52 -4.6875 13.451
    endloop
  endfacet
  facet normal -0.308161 -0.0839062 0.947627
    outer loop
      vertex 52.4051 -4.87054 13.5665
      vertex 38 -9.84283 8.44181
      vertex 52.68 -4.99472 13.6449
    endloop
  endfacet
  facet normal -0.0672234 0.518649 0.85234
    outer loop
      vertex 38 20.8457 5.29276
      vertex 38 19.9516 5.83682
      vertex 62 7.75371 15.1521
    endloop
  endfacet
  facet normal -0.30145 0.104374 0.947752
    outer loop
      vertex 38 9.89924 8.4356
      vertex 53.2062 5.20664 13.789
      vertex 54.1961 5.46412 14.0755
    endloop
  endfacet
  facet normal -0.301564 0.10401 0.947756
    outer loop
      vertex 38 9.89924 8.4356
      vertex 53.0146 5.13771 13.7356
      vertex 53.2062 5.20664 13.789
    endloop
  endfacet
  facet normal -0.301475 0.104288 0.947754
    outer loop
      vertex 38 9.89924 8.4356
      vertex 52.68 4.99472 13.6449
      vertex 53.0146 5.13771 13.7356
    endloop
  endfacet
  facet normal -0.301459 0.104335 0.947753
    outer loop
      vertex 52.68 4.99472 13.6449
      vertex 38 9.89924 8.4356
      vertex 38 9.84283 8.44181
    endloop
  endfacet
  facet normal 0.382811 -0.921612 0.0639262
    outer loop
      vertex 37.7568 -23.6105 1.29596
      vertex 62.0086 -13.4594 2.41483
      vertex 62.0086 -13.3363 4.18954
    endloop
  endfacet
  facet normal 0.386112 -0.922452 0
    outer loop
      vertex 37.7568 -23.6105 1.29596
      vertex 62.0086 -13.4594 2.41398
      vertex 62.0086 -13.4594 2.41483
    endloop
  endfacet
  facet normal 0.386112 -0.922452 0
    outer loop
      vertex 37.7568 -23.6105 1.29596
      vertex 62.0086 -13.4594 2.41365
      vertex 62.0086 -13.4594 2.41398
    endloop
  endfacet
  facet normal 0.382795 -0.921599 0.0642199
    outer loop
      vertex 62.0086 -13.4594 2.41365
      vertex 37.7568 -23.6105 1.29596
      vertex 37.7556 -23.6147 1.24284
    endloop
  endfacet
  facet normal 0.317154 -0.891534 0.323391
    outer loop
      vertex 37.8446 -23.3181 2.35086
      vertex 62.0077 -12.4786 8.53645
      vertex 62.0077 -12.0336 9.76324
    endloop
  endfacet
  facet normal 0.346597 -0.90767 0.236654
    outer loop
      vertex 37.8446 -23.3181 2.35086
      vertex 62.0078 -12.4787 8.53592
      vertex 62.0077 -12.4786 8.53645
    endloop
  endfacet
  facet normal 0.313606 -0.889191 0.333154
    outer loop
      vertex 37.8446 -23.3181 2.35086
      vertex 62.0081 -12.4791 8.53457
      vertex 62.0078 -12.4787 8.53592
    endloop
  endfacet
  facet normal 0.31724 -0.891588 0.323156
    outer loop
      vertex 62.0081 -12.4791 8.53457
      vertex 37.8446 -23.3181 2.35086
      vertex 37.8394 -23.3353 2.30851
    endloop
  endfacet
  facet normal 0.342517 -0.905726 0.249686
    outer loop
      vertex 37.8394 -23.3353 2.30851
      vertex 62.0081 -12.845 7.20728
      vertex 62.0081 -12.4791 8.53457
    endloop
  endfacet
  facet normal 0.328393 -0.89607 0.29869
    outer loop
      vertex 37.8394 -23.3353 2.30851
      vertex 62.0081 -12.8452 7.20668
      vertex 62.0081 -12.845 7.20728
    endloop
  endfacet
  facet normal 0.347729 -0.908806 0.230557
    outer loop
      vertex 37.8394 -23.3353 2.30851
      vertex 62.0083 -12.8454 7.20559
      vertex 62.0081 -12.8452 7.20668
    endloop
  endfacet
  facet normal 0.342407 -0.905658 0.25008
    outer loop
      vertex 62.0083 -12.8454 7.20559
      vertex 37.8394 -23.3353 2.30851
      vertex 37.8352 -23.3493 2.26356
    endloop
  endfacet
  facet normal 0.283133 -0.870584 0.402392
    outer loop
      vertex 37.8507 -23.2976 2.39086
      vertex 62.0073 -12.0328 9.76531
      vertex 62.0073 -11.51 10.8964
    endloop
  endfacet
  facet normal 0.269178 -0.860452 0.432627
    outer loop
      vertex 37.8507 -23.2976 2.39086
      vertex 62.0074 -12.033 9.76485
      vertex 62.0073 -12.0328 9.76531
    endloop
  endfacet
  facet normal 0.292529 -0.87694 0.381318
    outer loop
      vertex 37.8507 -23.2976 2.39086
      vertex 62.0077 -12.0336 9.76324
      vertex 62.0074 -12.033 9.76485
    endloop
  endfacet
  facet normal 0.282884 -0.870409 0.402945
    outer loop
      vertex 62.0077 -12.0336 9.76324
      vertex 37.8507 -23.2976 2.39086
      vertex 37.8446 -23.3181 2.35086
    endloop
  endfacet
  facet normal -0.244289 -0.242007 0.939018
    outer loop
      vertex 38 -14.9523 7.61775
      vertex 38 -16.3616 7.25454
      vertex 62 -4.57857 16.535
    endloop
  endfacet
  facet normal -0.216081 -0.293356 0.931263
    outer loop
      vertex 38 -16.3616 7.25454
      vertex 62 -5.72235 16.1747
      vertex 62 -4.57857 16.535
    endloop
  endfacet
  facet normal -0.215941 -0.293627 0.93121
    outer loop
      vertex 62 -5.72235 16.1747
      vertex 38 -16.3616 7.25454
      vertex 38 -16.4073 7.24013
    endloop
  endfacet
  facet normal 0.43059 0.902547 -0
    outer loop
      vertex 62.0067 10.9094 11.936
      vertex 38 22.3626 3.933
      vertex 62.0067 10.9094 11.9361
    endloop
  endfacet
  facet normal 0.19365 0.80137 0.565956
    outer loop
      vertex 62.0067 10.9094 11.936
      vertex 38 22.8 3.31366
      vertex 38 22.3626 3.933
    endloop
  endfacet
  facet normal 0.193762 0.801468 0.565779
    outer loop
      vertex 38 22.8 3.31366
      vertex 62.0067 10.9094 11.936
      vertex 37.982 22.86 3.23483
    endloop
  endfacet
  facet normal 0.190649 0.798557 0.570929
    outer loop
      vertex 62.0059 10.9079 11.9384
      vertex 38 22.3358 3.97048
      vertex 62.0059 10.2332 12.8821
    endloop
  endfacet
  facet normal 0.181073 0.789371 0.586605
    outer loop
      vertex 62.006 10.9081 11.9381
      vertex 38 22.3358 3.97048
      vertex 62.0059 10.9079 11.9384
    endloop
  endfacet
  facet normal 0.184966 0.793137 0.580277
    outer loop
      vertex 62.0067 10.9094 11.9361
      vertex 38 22.3358 3.97048
      vertex 62.006 10.9081 11.9381
    endloop
  endfacet
  facet normal 0.190615 0.798526 0.570984
    outer loop
      vertex 38 22.3358 3.97048
      vertex 62.0067 10.9094 11.9361
      vertex 38 22.3626 3.933
    endloop
  endfacet
  facet normal 0.386231 0.922402 -0
    outer loop
      vertex 62.0086 13.4594 2.41361
      vertex 37.7556 23.6147 1.24284
      vertex 62.0086 13.4594 2.41365
    endloop
  endfacet
  facet normal 0.383334 0.92192 0.055847
    outer loop
      vertex 37.7556 23.6147 1.24284
      vertex 62.0086 13.4594 2.41361
      vertex 37.7427 23.6578 0.619892
    endloop
  endfacet
  facet normal -0.284849 -0.153063 0.946273
    outer loop
      vertex 38 -13.3661 7.94473
      vertex 55.3293 -5.65449 14.4086
      vertex 38 -11.7006 8.21413
    endloop
  endfacet
  facet normal -0.284962 -0.152814 0.946279
    outer loop
      vertex 55.3293 -5.65449 14.4086
      vertex 38 -13.3661 7.94473
      vertex 55.5233 -5.67072 14.4644
    endloop
  endfacet
  facet normal -0.28482 -0.15313 0.946271
    outer loop
      vertex 55.5233 -5.67072 14.4644
      vertex 38 -13.3661 7.94473
      vertex 56.1639 -5.67823 14.656
    endloop
  endfacet
  facet normal -0.284552 -0.153746 0.946252
    outer loop
      vertex 56.1639 -5.67823 14.656
      vertex 38 -13.3661 7.94473
      vertex 56.3734 -5.68069 14.7186
    endloop
  endfacet
  facet normal 0.0640126 0.674278 0.735698
    outer loop
      vertex 38 21.6478 4.67244
      vertex 62.0046 9.48226 13.7337
      vertex 38 21.6805 4.64247
    endloop
  endfacet
  facet normal 0.0618716 0.671844 0.738104
    outer loop
      vertex 62.0046 9.48226 13.7337
      vertex 38 21.6478 4.67244
      vertex 62.0029 9.47967 13.7362
    endloop
  endfacet
  facet normal 0.0245245 0.627852 0.777947
    outer loop
      vertex 62.0029 9.47967 13.7362
      vertex 38 21.6478 4.67244
      vertex 62.0028 9.47955 13.7363
    endloop
  endfacet
  facet normal 0.0639949 0.674256 0.73572
    outer loop
      vertex 62.0028 9.47955 13.7363
      vertex 38 21.6478 4.67244
      vertex 62.0028 8.65769 14.4895
    endloop
  endfacet
  facet normal -0.128601 0.433994 0.89169
    outer loop
      vertex 38 19.9126 5.85927
      vertex 38 18.8871 6.35839
      vertex 62 6.77785 15.7134
    endloop
  endfacet
  facet normal -0.153201 0.395862 0.905441
    outer loop
      vertex 38 18.8449 6.37684
      vertex 62 6.77785 15.7134
      vertex 38 18.8871 6.35839
    endloop
  endfacet
  facet normal -0.15328 0.395736 0.905482
    outer loop
      vertex 62 6.77785 15.7134
      vertex 38 18.8449 6.37684
      vertex 62 5.72235 16.1747
    endloop
  endfacet
  facet normal 0.37517 -0.919219 0.119514
    outer loop
      vertex 37.759 -23.6035 1.34342
      vertex 62.0085 -13.3361 4.19092
      vertex 62.0085 -13.1314 5.76533
    endloop
  endfacet
  facet normal 0.374724 -0.919004 0.122534
    outer loop
      vertex 37.759 -23.6035 1.34342
      vertex 62.0085 -13.3362 4.19017
      vertex 62.0085 -13.3361 4.19092
    endloop
  endfacet
  facet normal 0.361674 -0.910184 0.201882
    outer loop
      vertex 37.759 -23.6035 1.34342
      vertex 62.0086 -13.3363 4.18954
      vertex 62.0085 -13.3362 4.19017
    endloop
  endfacet
  facet normal 0.375362 -0.919312 0.118192
    outer loop
      vertex 62.0086 -13.3363 4.18954
      vertex 37.759 -23.6035 1.34342
      vertex 37.7568 -23.6105 1.29596
    endloop
  endfacet
  facet normal -0.176951 -0.360239 0.915923
    outer loop
      vertex 38 -17.6899 6.83111
      vertex 38 -18.8449 6.37684
      vertex 62 -5.72235 16.1747
    endloop
  endfacet
  facet normal -0.268854 -0.194555 0.943327
    outer loop
      vertex 61.9851 -3.84329 16.6824
      vertex 62 -4.57857 16.535
      vertex 62 -3.82897 16.6896
    endloop
  endfacet
  facet normal -0.26654 -0.194636 0.943967
    outer loop
      vertex 61.2636 -4.36357 16.3714
      vertex 62 -4.57857 16.535
      vertex 61.9851 -3.84329 16.6824
    endloop
  endfacet
  facet normal -0.266595 -0.194874 0.943902
    outer loop
      vertex 60.9247 -4.56546 16.234
      vertex 62 -4.57857 16.535
      vertex 61.2636 -4.36357 16.3714
    endloop
  endfacet
  facet normal -0.266613 -0.194438 0.943987
    outer loop
      vertex 60.2943 -4.84731 15.9979
      vertex 62 -4.57857 16.535
      vertex 60.9247 -4.56546 16.234
    endloop
  endfacet
  facet normal -0.266506 -0.194961 0.943909
    outer loop
      vertex 59.6818 -5.12117 15.7684
      vertex 62 -4.57857 16.535
      vertex 60.2943 -4.84731 15.9979
    endloop
  endfacet
  facet normal -0.266853 -0.193708 0.944069
    outer loop
      vertex 59.3329 -5.2356 15.6463
      vertex 62 -4.57857 16.535
      vertex 59.6818 -5.12117 15.7684
    endloop
  endfacet
  facet normal -0.266601 -0.194631 0.943951
    outer loop
      vertex 38 -14.9523 7.61775
      vertex 57.1676 -5.65776 14.9477
      vertex 38 -14.9022 7.62808
    endloop
  endfacet
  facet normal -0.267036 -0.193777 0.944003
    outer loop
      vertex 57.1676 -5.65776 14.9477
      vertex 38 -14.9523 7.61775
      vertex 57.2308 -5.65278 14.9666
    endloop
  endfacet
  facet normal -0.266445 -0.194941 0.943931
    outer loop
      vertex 57.2308 -5.65278 14.9666
      vertex 38 -14.9523 7.61775
      vertex 57.8694 -5.5538 15.1673
    endloop
  endfacet
  facet normal -0.266508 -0.194814 0.943939
    outer loop
      vertex 57.8694 -5.5538 15.1673
      vertex 38 -14.9523 7.61775
      vertex 58.3132 -5.485 15.3068
    endloop
  endfacet
  facet normal -0.266771 -0.194279 0.943975
    outer loop
      vertex 58.3132 -5.485 15.3068
      vertex 38 -14.9523 7.61775
      vertex 59.3329 -5.2356 15.6463
    endloop
  endfacet
  facet normal -0.266565 -0.194706 0.943945
    outer loop
      vertex 59.3329 -5.2356 15.6463
      vertex 38 -14.9523 7.61775
      vertex 62 -4.57857 16.535
    endloop
  endfacet
  facet normal -0.128601 -0.433994 0.89169
    outer loop
      vertex 38 -18.8871 6.35839
      vertex 38 -19.9126 5.85927
      vertex 62 -6.77785 15.7134
    endloop
  endfacet
  facet normal -0.0825444 0.497186 0.863709
    outer loop
      vertex 38 19.9126 5.85927
      vertex 62 7.75371 15.1521
      vertex 38 19.9516 5.83682
    endloop
  endfacet
  facet normal -0.0827588 0.496881 0.863863
    outer loop
      vertex 62 7.75371 15.1521
      vertex 38 19.9126 5.85927
      vertex 62 6.77785 15.7134
    endloop
  endfacet
  facet normal 0.000160851 0.602501 0.798118
    outer loop
      vertex 38 20.8817 5.26638
      vertex 62.0027 8.65752 14.4896
      vertex 38 20.8868 5.26253
    endloop
  endfacet
  facet normal -0.00114098 0.600871 0.799345
    outer loop
      vertex 62.0027 8.65752 14.4896
      vertex 38 20.8817 5.26638
      vertex 62 8.65379 14.4924
    endloop
  endfacet
  facet normal 0.00841667 0.612754 0.790229
    outer loop
      vertex 38 20.8868 5.26253
      vertex 62.0028 8.65769 14.4895
      vertex 38 21.6478 4.67244
    endloop
  endfacet
  facet normal -0.0551492 0.530151 0.846108
    outer loop
      vertex 62.0028 8.65769 14.4895
      vertex 38 20.8868 5.26253
      vertex 62.0027 8.65752 14.4896
    endloop
  endfacet
  facet normal -0.266715 0.194407 0.943965
    outer loop
      vertex 38 14.9022 7.62808
      vertex 56.9169 5.6775 14.8728
      vertex 57.1676 5.65776 14.9477
    endloop
  endfacet
  facet normal -0.266676 0.194483 0.94396
    outer loop
      vertex 38 14.9022 7.62808
      vertex 56.3734 5.68069 14.7186
      vertex 56.9169 5.6775 14.8728
    endloop
  endfacet
  facet normal -0.266622 0.194586 0.943954
    outer loop
      vertex 56.3734 5.68069 14.7186
      vertex 38 14.9022 7.62808
      vertex 38 13.3661 7.94473
    endloop
  endfacet
  facet normal -0.284552 0.153746 0.946252
    outer loop
      vertex 38 13.3661 7.94473
      vertex 56.1639 5.67823 14.656
      vertex 56.3734 5.68069 14.7186
    endloop
  endfacet
  facet normal -0.28482 0.15313 0.946271
    outer loop
      vertex 38 13.3661 7.94473
      vertex 55.5233 5.67072 14.4644
      vertex 56.1639 5.67823 14.656
    endloop
  endfacet
  facet normal -0.284962 0.152814 0.946279
    outer loop
      vertex 38 13.3661 7.94473
      vertex 55.3293 5.65449 14.4086
      vertex 55.5233 5.67072 14.4644
    endloop
  endfacet
  facet normal -0.284849 0.153063 0.946273
    outer loop
      vertex 55.3293 5.65449 14.4086
      vertex 38 13.3661 7.94473
      vertex 38 11.7006 8.21413
    endloop
  endfacet
  facet normal 0.107428 -0.703015 0.703015
    outer loop
      vertex 37.9738 -22.8872 3.19178
      vertex 62.0073 -11.51 10.8964
      vertex 62.0073 -11.5099 10.8965
    endloop
  endfacet
  facet normal 0.283046 -0.870532 0.402566
    outer loop
      vertex 62.0073 -11.51 10.8964
      vertex 37.9738 -22.8872 3.19178
      vertex 37.8507 -23.2976 2.39086
    endloop
  endfacet
  facet normal -0.00886387 -0.591131 0.806527
    outer loop
      vertex 38 -20.8457 5.29276
      vertex 62 -8.65379 14.4924
      vertex 62 -7.75371 15.1521
    endloop
  endfacet
  facet normal -0.00892889 -0.591049 0.806586
    outer loop
      vertex 62 -8.65379 14.4924
      vertex 38 -20.8457 5.29276
      vertex 38 -20.8817 5.26638
    endloop
  endfacet
  facet normal -0.00114098 -0.600871 0.799345
    outer loop
      vertex 38 -20.8817 5.26638
      vertex 62.0027 -8.65752 14.4896
      vertex 62 -8.65379 14.4924
    endloop
  endfacet
  facet normal 0.000160851 -0.602501 0.798118
    outer loop
      vertex 62.0027 -8.65752 14.4896
      vertex 38 -20.8817 5.26638
      vertex 38 -20.8868 5.26253
    endloop
  endfacet
  facet normal 0.0639949 -0.674256 0.73572
    outer loop
      vertex 62.0028 -8.65769 14.4895
      vertex 38 -21.6478 4.67244
      vertex 62.0028 -9.47955 13.7363
    endloop
  endfacet
  facet normal 0.0245245 -0.627852 0.777947
    outer loop
      vertex 38 -21.6478 4.67244
      vertex 62.0029 -9.47967 13.7362
      vertex 62.0028 -9.47955 13.7363
    endloop
  endfacet
  facet normal 0.0618716 -0.671844 0.738104
    outer loop
      vertex 38 -21.6478 4.67244
      vertex 62.0046 -9.48226 13.7337
      vertex 62.0029 -9.47967 13.7362
    endloop
  endfacet
  facet normal 0.0640126 -0.674278 0.735698
    outer loop
      vertex 62.0046 -9.48226 13.7337
      vertex 38 -21.6478 4.67244
      vertex 38 -21.6805 4.64247
    endloop
  endfacet
  facet normal 0.0244503 -0.62789 0.777918
    outer loop
      vertex 38 -21.6805 4.64247
      vertex 62.0047 -9.48238 13.7336
      vertex 62.0046 -9.48226 13.7337
    endloop
  endfacet
  facet normal 0.0973303 -0.710758 0.696671
    outer loop
      vertex 62.0047 -9.48238 13.7336
      vertex 38 -21.6805 4.64247
      vertex 38 -22.3061 4.00422
    endloop
  endfacet
  facet normal 0.190649 -0.798557 0.570929
    outer loop
      vertex 38 -22.3358 3.97048
      vertex 62.0059 -10.9079 11.9384
      vertex 62.0059 -10.2332 12.8821
    endloop
  endfacet
  facet normal 0.181073 -0.789371 0.586605
    outer loop
      vertex 38 -22.3358 3.97048
      vertex 62.006 -10.9081 11.9381
      vertex 62.0059 -10.9079 11.9384
    endloop
  endfacet
  facet normal 0.184966 -0.793137 0.580277
    outer loop
      vertex 38 -22.3358 3.97048
      vertex 62.0067 -10.9094 11.9361
      vertex 62.006 -10.9081 11.9381
    endloop
  endfacet
  facet normal 0.190615 -0.798526 0.570984
    outer loop
      vertex 62.0067 -10.9094 11.9361
      vertex 38 -22.3358 3.97048
      vertex 38 -22.3626 3.933
    endloop
  endfacet
  facet normal 0.43059 -0.902547 0
    outer loop
      vertex 38 -22.3626 3.933
      vertex 62.0067 -10.9094 11.936
      vertex 62.0067 -10.9094 11.9361
    endloop
  endfacet
  facet normal 0.19365 -0.80137 0.565956
    outer loop
      vertex 38 -22.8 3.31366
      vertex 62.0067 -10.9094 11.936
      vertex 38 -22.3626 3.933
    endloop
  endfacet
  facet normal 0.193762 -0.801468 0.565779
    outer loop
      vertex 62.0067 -10.9094 11.936
      vertex 38 -22.8 3.31366
      vertex 37.982 -22.86 3.23483
    endloop
  endfacet
  facet normal -0.0551492 -0.530151 0.846108
    outer loop
      vertex 38 -20.8868 5.26253
      vertex 62.0028 -8.65769 14.4895
      vertex 62.0027 -8.65752 14.4896
    endloop
  endfacet
  facet normal 0.00841667 -0.612754 0.790229
    outer loop
      vertex 62.0028 -8.65769 14.4895
      vertex 38 -20.8868 5.26253
      vertex 38 -21.6478 4.67244
    endloop
  endfacet
  facet normal 0.131436 -0.743505 0.655686
    outer loop
      vertex 38 -22.3061 4.00422
      vertex 62.0047 -10.2311 12.8846
      vertex 62.0047 -9.48238 13.7336
    endloop
  endfacet
  facet normal 0.0769877 -0.685498 0.723992
    outer loop
      vertex 38 -22.3061 4.00422
      vertex 62.0048 -10.2313 12.8844
      vertex 62.0047 -10.2311 12.8846
    endloop
  endfacet
  facet normal 0.123341 -0.735307 0.666417
    outer loop
      vertex 38 -22.3061 4.00422
      vertex 62.0059 -10.2332 12.8821
      vertex 62.0048 -10.2313 12.8844
    endloop
  endfacet
  facet normal 0.131976 -0.744051 0.654959
    outer loop
      vertex 62.0059 -10.2332 12.8821
      vertex 38 -22.3061 4.00422
      vertex 38 -22.3358 3.97048
    endloop
  endfacet
  facet normal -0.0651382 0.997876 0
    outer loop
      vertex 85 14.9913 0.591354
      vertex 62.0087 13.4905 0.589949
      vertex 62.0087 13.4905 0.589951
    endloop
  endfacet
  facet normal -0.0460677 0.706388 -0.706324
    outer loop
      vertex 85 14.4 0
      vertex 62.0087 13.4905 0.589949
      vertex 85 14.9913 0.591354
    endloop
  endfacet
  facet normal -0.0460676 0.706385 -0.706327
    outer loop
      vertex 62.0087 13.4905 0.589949
      vertex 85 14.4 0
      vertex 62.0087 12.9006 0
    endloop
  endfacet
  facet normal -0.064883 0.997893 0
    outer loop
      vertex 85 14.9543 3.12363
      vertex 62.0086 13.4594 2.41365
      vertex 62.0086 13.4594 2.41398
    endloop
  endfacet
  facet normal -0.064883 0.997893 0
    outer loop
      vertex 85 14.9543 3.12363
      vertex 62.0086 13.4594 2.41361
      vertex 62.0086 13.4594 2.41365
    endloop
  endfacet
  facet normal -0.0653971 0.997714 0.0170235
    outer loop
      vertex 62.0086 13.4594 2.41361
      vertex 85 14.9543 3.12363
      vertex 62.0086 13.4905 0.590903
    endloop
  endfacet
  facet normal -0.076331 0.983103 0.16638
    outer loop
      vertex 85 14.2718 9.32532
      vertex 62.0083 12.8454 7.20559
      vertex 62.0081 12.8452 7.20668
    endloop
  endfacet
  facet normal -0.0619207 0.998081 0
    outer loop
      vertex 85 14.2718 9.32532
      vertex 62.0083 12.8454 7.20553
      vertex 62.0083 12.8454 7.20559
    endloop
  endfacet
  facet normal -0.0785669 0.977813 0.194186
    outer loop
      vertex 62.0083 12.8454 7.20553
      vertex 85 14.2718 9.32532
      vertex 62.0083 13.1311 5.7669
    endloop
  endfacet
  facet normal -0.196681 0.392646 0.898413
    outer loop
      vertex 62 6.77785 15.7134
      vertex 62 5.72235 16.1747
      vertex 85 6.35817 20.932
    endloop
  endfacet
  facet normal -0.0959829 -0.938439 0.331844
    outer loop
      vertex 62.0077 -12.0336 9.76324
      vertex 85 -13.3695 12.6357
      vertex 62.0074 -12.033 9.76485
    endloop
  endfacet
  facet normal -0.0967645 -0.935654 0.339395
    outer loop
      vertex 85 -13.3695 12.6357
      vertex 62.0077 -12.0336 9.76324
      vertex 62.0077 -12.4786 8.53645
    endloop
  endfacet
  facet normal -0.187138 -0.489783 0.851523
    outer loop
      vertex 62 -6.77785 15.7134
      vertex 62 -7.75371 15.1521
      vertex 85 -7.53094 20.3349
    endloop
  endfacet
  facet normal -0.0651382 -0.997876 0
    outer loop
      vertex 62.0087 -13.4905 0.589949
      vertex 85 -14.9913 0.591354
      vertex 62.0087 -13.4905 0.589951
    endloop
  endfacet
  facet normal -0.0460675 -0.706385 -0.706327
    outer loop
      vertex 62.0087 -12.9006 0
      vertex 85 -14.9913 0.591354
      vertex 62.0087 -13.4905 0.589949
    endloop
  endfacet
  facet normal -0.0460678 -0.706388 -0.706324
    outer loop
      vertex 85 -14.9913 0.591354
      vertex 62.0087 -12.9006 0
      vertex 85 -14.4 0
    endloop
  endfacet
  facet normal -0.0651313 -0.99777 0.0145788
    outer loop
      vertex 62.0086 -13.4905 0.590903
      vertex 85 -14.9913 0.591354
      vertex 85 -14.9543 3.12363
    endloop
  endfacet
  facet normal -0.0651363 -0.997853 -0.00684205
    outer loop
      vertex 85 -14.9913 0.591354
      vertex 62.0086 -13.4905 0.590903
      vertex 62.0087 -13.4905 0.589951
    endloop
  endfacet
  facet normal -0.076331 -0.983103 0.16638
    outer loop
      vertex 62.0083 -12.8454 7.20559
      vertex 85 -14.2718 9.32532
      vertex 62.0081 -12.8452 7.20668
    endloop
  endfacet
  facet normal -0.0619207 -0.998081 0
    outer loop
      vertex 62.0083 -12.8454 7.20553
      vertex 85 -14.2718 9.32532
      vertex 62.0083 -12.8454 7.20559
    endloop
  endfacet
  facet normal -0.0785669 -0.977813 0.194186
    outer loop
      vertex 85 -14.2718 9.32532
      vertex 62.0083 -12.8454 7.20553
      vertex 62.0083 -13.1311 5.7669
    endloop
  endfacet
  facet normal -0.0713592 -0.986809 0.14531
    outer loop
      vertex 62.0086 -13.3363 4.18954
      vertex 85 -14.8174 5.42198
      vertex 62.0085 -13.3362 4.19017
    endloop
  endfacet
  facet normal -0.0678181 -0.995306 0.0690379
    outer loop
      vertex 85 -14.8174 5.42198
      vertex 62.0086 -13.3363 4.18954
      vertex 62.0086 -13.4594 2.41483
    endloop
  endfacet
  facet normal -0.0651313 0.99777 0.0145788
    outer loop
      vertex 85 14.9913 0.591354
      vertex 62.0086 13.4905 0.590903
      vertex 85 14.9543 3.12363
    endloop
  endfacet
  facet normal -0.0651363 0.997853 -0.00684205
    outer loop
      vertex 62.0086 13.4905 0.590903
      vertex 85 14.9913 0.591354
      vertex 62.0087 13.4905 0.589951
    endloop
  endfacet
  facet normal -0.175649 -0.581964 0.794019
    outer loop
      vertex 62 -7.75371 15.1521
      vertex 62 -8.65379 14.4924
      vertex 85 -8.61523 19.6086
    endloop
  endfacet
  facet normal -0.0995876 -0.924862 0.367032
    outer loop
      vertex 62.0073 -12.0328 9.76531
      vertex 85 -13.3695 12.6357
      vertex 85 -12.7874 14.1025
    endloop
  endfacet
  facet normal -0.100713 -0.920227 0.378205
    outer loop
      vertex 85 -13.3695 12.6357
      vertex 62.0073 -12.0328 9.76531
      vertex 62.0074 -12.033 9.76485
    endloop
  endfacet
  facet normal -0.137546 -0.789638 0.597957
    outer loop
      vertex 62.0047 -10.2311 12.8846
      vertex 85 -11.3679 16.6729
      vertex 85 -10.5328 17.7757
    endloop
  endfacet
  facet normal -0.145442 -0.735003 0.662282
    outer loop
      vertex 85 -11.3679 16.6729
      vertex 62.0047 -10.2311 12.8846
      vertex 62.0048 -10.2313 12.8844
    endloop
  endfacet
  facet normal -0.190372 0.445418 0.874849
    outer loop
      vertex 85 7.53094 20.3349
      vertex 62 6.77785 15.7134
      vertex 85 6.35817 20.932
    endloop
  endfacet
  facet normal -0.0704908 -0.992241 0.102417
    outer loop
      vertex 62.0085 -13.1314 5.76533
      vertex 85 -14.5897 7.46138
      vertex 62.0084 -13.1313 5.76623
    endloop
  endfacet
  facet normal -0.0722204 -0.989064 0.128595
    outer loop
      vertex 85 -14.5897 7.46138
      vertex 62.0085 -13.1314 5.76533
      vertex 62.0085 -13.3361 4.19092
    endloop
  endfacet
  facet normal -0.0868344 0.960268 0.265227
    outer loop
      vertex 85 13.8647 11.0454
      vertex 62.0081 12.4791 8.53457
      vertex 62.0078 12.4787 8.53592
    endloop
  endfacet
  facet normal -0.0867912 0.960401 0.264758
    outer loop
      vertex 62.0081 12.4791 8.53457
      vertex 85 13.8647 11.0454
      vertex 62.0081 12.845 7.20728
    endloop
  endfacet
  facet normal -0.0813346 0.969893 0.229549
    outer loop
      vertex 85 14.2718 9.32532
      vertex 62.0081 12.845 7.20728
      vertex 85 13.8647 11.0454
    endloop
  endfacet
  facet normal -0.0876645 0.945031 0.31501
    outer loop
      vertex 62.0081 12.845 7.20728
      vertex 85 14.2718 9.32532
      vertex 62.0081 12.8452 7.20668
    endloop
  endfacet
  facet normal -0.0665899 0.996015 0.0593271
    outer loop
      vertex 85 14.9543 3.12363
      vertex 62.0086 13.4594 2.41483
      vertex 85 14.8174 5.42198
    endloop
  endfacet
  facet normal -0.064883 0.997893 0
    outer loop
      vertex 62.0086 13.4594 2.41483
      vertex 85 14.9543 3.12363
      vertex 62.0086 13.4594 2.41398
    endloop
  endfacet
  facet normal -0.208269 -0.197728 0.957877
    outer loop
      vertex 62 -4.57857 16.535
      vertex 62.4898 -3.33499 16.8982
      vertex 62.3157 -3.51058 16.8241
    endloop
  endfacet
  facet normal -0.208834 -0.197538 0.957793
    outer loop
      vertex 62 -4.57857 16.535
      vertex 62.3157 -3.51058 16.8241
      vertex 62 -3.82897 16.6896
    endloop
  endfacet
  facet normal -0.208859 -0.197473 0.957801
    outer loop
      vertex 62.4898 -3.33499 16.8982
      vertex 62 -4.57857 16.535
      vertex 85 -3.69681 21.7322
    endloop
  endfacet
  facet normal -0.111046 -0.89028 0.441667
    outer loop
      vertex 62.0067 -11.5088 10.8987
      vertex 85 -12.7874 14.1025
      vertex 85 -12.1198 15.4482
    endloop
  endfacet
  facet normal -0.10892 -0.899731 0.422635
    outer loop
      vertex 85 -12.7874 14.1025
      vertex 62.0067 -11.5088 10.8987
      vertex 62.0068 -11.509 10.8983
    endloop
  endfacet
  facet normal -0.0896397 -0.950938 0.296111
    outer loop
      vertex 62.0077 -12.4786 8.53645
      vertex 85 -13.8647 11.0454
      vertex 85 -13.3695 12.6357
    endloop
  endfacet
  facet normal -0.0778365 -0.982253 0.170645
    outer loop
      vertex 85 -13.8647 11.0454
      vertex 62.0077 -12.4786 8.53645
      vertex 62.0078 -12.4787 8.53592
    endloop
  endfacet
  facet normal -0.0868344 -0.960268 0.265227
    outer loop
      vertex 62.0081 -12.4791 8.53457
      vertex 85 -13.8647 11.0454
      vertex 62.0078 -12.4787 8.53592
    endloop
  endfacet
  facet normal -0.0867912 -0.960401 0.264758
    outer loop
      vertex 85 -13.8647 11.0454
      vertex 62.0081 -12.4791 8.53457
      vertex 62.0081 -12.845 7.20728
    endloop
  endfacet
  facet normal -0.123817 0.845647 0.519182
    outer loop
      vertex 85 12.1198 15.4482
      vertex 62.0059 10.9079 11.9384
      vertex 85 11.3679 16.6729
    endloop
  endfacet
  facet normal -0.124087 0.844213 0.521446
    outer loop
      vertex 62.0059 10.9079 11.9384
      vertex 85 12.1198 15.4482
      vertex 62.006 10.9081 11.9381
    endloop
  endfacet
  facet normal -0.187138 0.489783 0.851523
    outer loop
      vertex 62 7.75371 15.1521
      vertex 62 6.77785 15.7134
      vertex 85 7.53094 20.3349
    endloop
  endfacet
  facet normal -0.0813346 -0.969893 0.229549
    outer loop
      vertex 62.0081 -12.845 7.20728
      vertex 85 -14.2718 9.32532
      vertex 85 -13.8647 11.0454
    endloop
  endfacet
  facet normal -0.0876645 -0.945031 0.31501
    outer loop
      vertex 85 -14.2718 9.32532
      vertex 62.0081 -12.845 7.20728
      vertex 62.0081 -12.8452 7.20668
    endloop
  endfacet
  facet normal -0.0698009 -0.991401 0.11069
    outer loop
      vertex 62.0085 -13.3361 4.19092
      vertex 85 -14.8174 5.42198
      vertex 85 -14.5897 7.46138
    endloop
  endfacet
  facet normal -0.0707618 -0.988743 0.131832
    outer loop
      vertex 85 -14.8174 5.42198
      vertex 62.0085 -13.3361 4.19092
      vertex 62.0085 -13.3362 4.19017
    endloop
  endfacet
  facet normal -0.064883 -0.997893 0
    outer loop
      vertex 62.0086 -13.4594 2.41365
      vertex 85 -14.9543 3.12363
      vertex 62.0086 -13.4594 2.41398
    endloop
  endfacet
  facet normal -0.064883 -0.997893 0
    outer loop
      vertex 62.0086 -13.4594 2.41361
      vertex 85 -14.9543 3.12363
      vertex 62.0086 -13.4594 2.41365
    endloop
  endfacet
  facet normal -0.0653971 -0.997714 0.0170235
    outer loop
      vertex 85 -14.9543 3.12363
      vertex 62.0086 -13.4594 2.41361
      vertex 62.0086 -13.4905 0.590903
    endloop
  endfacet
  facet normal -0.0665899 -0.996015 0.0593271
    outer loop
      vertex 62.0086 -13.4594 2.41483
      vertex 85 -14.9543 3.12363
      vertex 85 -14.8174 5.42198
    endloop
  endfacet
  facet normal -0.064883 -0.997893 0
    outer loop
      vertex 85 -14.9543 3.12363
      vertex 62.0086 -13.4594 2.41483
      vertex 62.0086 -13.4594 2.41398
    endloop
  endfacet
  facet normal -0.0896397 0.950938 0.296111
    outer loop
      vertex 85 13.8647 11.0454
      vertex 62.0077 12.4786 8.53645
      vertex 85 13.3695 12.6357
    endloop
  endfacet
  facet normal -0.0778365 0.982253 0.170645
    outer loop
      vertex 62.0077 12.4786 8.53645
      vertex 85 13.8647 11.0454
      vertex 62.0078 12.4787 8.53592
    endloop
  endfacet
  facet normal -0.0959829 0.938439 0.331844
    outer loop
      vertex 85 13.3695 12.6357
      vertex 62.0077 12.0336 9.76324
      vertex 62.0074 12.033 9.76485
    endloop
  endfacet
  facet normal -0.0967645 0.935654 0.339395
    outer loop
      vertex 62.0077 12.0336 9.76324
      vertex 85 13.3695 12.6357
      vertex 62.0077 12.4786 8.53645
    endloop
  endfacet
  facet normal -0.211981 0.0307289 0.97679
    outer loop
      vertex 85 2.12975 21.933
      vertex 63.4775 1.79363 17.2728
      vertex 85 0 22
    endloop
  endfacet
  facet normal -0.211986 0.0312512 0.976773
    outer loop
      vertex 63.4775 1.79363 17.2728
      vertex 85 2.12975 21.933
      vertex 63.4331 1.93003 17.2588
    endloop
  endfacet
  facet normal -0.212353 0.0264407 0.976835
    outer loop
      vertex 85 0 22
      vertex 63.7606 0.716245 17.3634
      vertex 63.8407 0 17.4002
    endloop
  endfacet
  facet normal -0.212351 0.0265097 0.976834
    outer loop
      vertex 85 0 22
      vertex 63.7256 1.02914 17.3473
      vertex 63.7606 0.716245 17.3634
    endloop
  endfacet
  facet normal -0.212366 0.0262201 0.976838
    outer loop
      vertex 85 0 22
      vertex 63.6433 1.28277 17.3226
      vertex 63.7256 1.02914 17.3473
    endloop
  endfacet
  facet normal -0.21236 0.026303 0.976837
    outer loop
      vertex 63.6433 1.28277 17.3226
      vertex 85 0 22
      vertex 63.4775 1.79363 17.2728
    endloop
  endfacet
  facet normal -0.210239 -0.124258 0.969721
    outer loop
      vertex 62.5227 -3.29991 16.9099
      vertex 85 -3.69681 21.7322
      vertex 85 -2.12975 21.933
    endloop
  endfacet
  facet normal -0.21022 -0.126186 0.969476
    outer loop
      vertex 85 -3.69681 21.7322
      vertex 62.5227 -3.29991 16.9099
      vertex 62.4898 -3.33499 16.8982
    endloop
  endfacet
  facet normal -0.21155 0.106482 0.971549
    outer loop
      vertex 85 2.12975 21.933
      vertex 63.3963 2.03575 17.2392
      vertex 63.4331 1.93003 17.2588
    endloop
  endfacet
  facet normal -0.211533 0.107415 0.97145
    outer loop
      vertex 85 2.12975 21.933
      vertex 63.3351 2.14223 17.2141
      vertex 63.3963 2.03575 17.2392
    endloop
  endfacet
  facet normal -0.21155 0.106662 0.97153
    outer loop
      vertex 85 2.12975 21.933
      vertex 63.1282 2.50245 17.1295
      vertex 63.3351 2.14223 17.2141
    endloop
  endfacet
  facet normal -0.211541 0.106907 0.971505
    outer loop
      vertex 85 2.12975 21.933
      vertex 62.8132 2.98599 17.0077
      vertex 63.1282 2.50245 17.1295
    endloop
  endfacet
  facet normal -0.211541 0.106908 0.971505
    outer loop
      vertex 62.8132 2.98599 17.0077
      vertex 85 2.12975 21.933
      vertex 62.5227 3.29991 16.9099
    endloop
  endfacet
  facet normal -0.21155 -0.106482 0.971549
    outer loop
      vertex 63.3963 -2.03575 17.2392
      vertex 85 -2.12975 21.933
      vertex 63.4331 -1.93003 17.2588
    endloop
  endfacet
  facet normal -0.211533 -0.107415 0.97145
    outer loop
      vertex 63.3351 -2.14223 17.2141
      vertex 85 -2.12975 21.933
      vertex 63.3963 -2.03575 17.2392
    endloop
  endfacet
  facet normal -0.21155 -0.106662 0.97153
    outer loop
      vertex 63.1282 -2.50245 17.1295
      vertex 85 -2.12975 21.933
      vertex 63.3351 -2.14223 17.2141
    endloop
  endfacet
  facet normal -0.211541 -0.106907 0.971505
    outer loop
      vertex 62.8132 -2.98599 17.0077
      vertex 85 -2.12975 21.933
      vertex 63.1282 -2.50245 17.1295
    endloop
  endfacet
  facet normal -0.211541 -0.106908 0.971505
    outer loop
      vertex 85 -2.12975 21.933
      vertex 62.8132 -2.98599 17.0077
      vertex 62.5227 -3.29991 16.9099
    endloop
  endfacet
  facet normal -0.122754 -0.851186 0.510307
    outer loop
      vertex 62.0067 -10.9094 11.9361
      vertex 85 -12.1198 15.4482
      vertex 62.006 -10.9081 11.9381
    endloop
  endfacet
  facet normal -0.0525686 -0.998617 0
    outer loop
      vertex 62.0067 -10.9094 11.936
      vertex 85 -12.1198 15.4482
      vertex 62.0067 -10.9094 11.9361
    endloop
  endfacet
  facet normal -0.121105 -0.859467 0.49664
    outer loop
      vertex 85 -12.1198 15.4482
      vertex 62.0067 -10.9094 11.936
      vertex 62.0067 -11.5088 10.8987
    endloop
  endfacet
  facet normal -0.172479 -0.572826 0.801325
    outer loop
      vertex 85 -9.61533 18.7549
      vertex 62.0027 -8.65752 14.4896
      vertex 62.0028 -8.65769 14.4895
    endloop
  endfacet
  facet normal -0.162876 -0.665023 0.728846
    outer loop
      vertex 62.0027 -8.65752 14.4896
      vertex 85 -9.61533 18.7549
      vertex 62 -8.65379 14.4924
    endloop
  endfacet
  facet normal -0.162676 -0.666641 0.727411
    outer loop
      vertex 85 -9.61533 18.7549
      vertex 62.0028 -8.65769 14.4895
      vertex 62.0028 -9.47955 13.7363
    endloop
  endfacet
  facet normal -0.136693 -0.794836 0.591229
    outer loop
      vertex 62.0059 -10.2332 12.8821
      vertex 85 -11.3679 16.6729
      vertex 62.0048 -10.2313 12.8844
    endloop
  endfacet
  facet normal -0.134784 -0.806054 0.57629
    outer loop
      vertex 85 -11.3679 16.6729
      vertex 62.0059 -10.2332 12.8821
      vertex 62.0059 -10.9079 11.9384
    endloop
  endfacet
  facet normal -0.178895 -0.547546 0.817429
    outer loop
      vertex 85 -7.53094 20.3349
      vertex 62 -7.75371 15.1521
      vertex 85 -8.61523 19.6086
    endloop
  endfacet
  facet normal -0.203941 0.294139 0.933751
    outer loop
      vertex 62 5.72235 16.1747
      vertex 62 4.57857 16.535
      vertex 85 5.0873 21.3982
    endloop
  endfacet
  facet normal -0.122754 0.851186 0.510307
    outer loop
      vertex 85 12.1198 15.4482
      vertex 62.0067 10.9094 11.9361
      vertex 62.006 10.9081 11.9381
    endloop
  endfacet
  facet normal -0.0525686 0.998617 0
    outer loop
      vertex 85 12.1198 15.4482
      vertex 62.0067 10.9094 11.936
      vertex 62.0067 10.9094 11.9361
    endloop
  endfacet
  facet normal -0.121105 0.859467 0.49664
    outer loop
      vertex 62.0067 10.9094 11.936
      vertex 85 12.1198 15.4482
      vertex 62.0067 11.5088 10.8987
    endloop
  endfacet
  facet normal -0.108652 0.900877 0.420257
    outer loop
      vertex 85 12.7874 14.1025
      vertex 62.0073 11.5099 10.8965
      vertex 62.0068 11.509 10.8983
    endloop
  endfacet
  facet normal -0.136591 0.700479 0.700479
    outer loop
      vertex 85 12.7874 14.1025
      vertex 62.0073 11.51 10.8964
      vertex 62.0073 11.5099 10.8965
    endloop
  endfacet
  facet normal -0.108293 0.902389 0.417092
    outer loop
      vertex 62.0073 11.51 10.8964
      vertex 85 12.7874 14.1025
      vertex 62.0073 12.0328 9.76531
    endloop
  endfacet
  facet normal -0.151739 0.721284 0.675814
    outer loop
      vertex 62.0029 9.47967 13.7362
      vertex 85 9.61533 18.7549
      vertex 85 10.5328 17.7757
    endloop
  endfacet
  facet normal -0.155076 0.705505 0.69153
    outer loop
      vertex 85 9.61533 18.7549
      vertex 62.0029 9.47967 13.7362
      vertex 62.0028 9.47955 13.7363
    endloop
  endfacet
  facet normal -0.162676 0.666641 0.727411
    outer loop
      vertex 62.0028 8.65769 14.4895
      vertex 85 9.61533 18.7549
      vertex 62.0028 9.47955 13.7363
    endloop
  endfacet
  facet normal -0.172479 0.572826 0.801325
    outer loop
      vertex 62.0027 8.65752 14.4896
      vertex 85 9.61533 18.7549
      vertex 62.0028 8.65769 14.4895
    endloop
  endfacet
  facet normal -0.162876 0.665023 0.728846
    outer loop
      vertex 85 9.61533 18.7549
      vertex 62.0027 8.65752 14.4896
      vertex 62 8.65379 14.4924
    endloop
  endfacet
  facet normal -0.0747186 -0.98301 0.167655
    outer loop
      vertex 62.0083 -13.1311 5.7669
      vertex 85 -14.5897 7.46138
      vertex 85 -14.2718 9.32532
    endloop
  endfacet
  facet normal -0.0809882 -0.95832 0.273978
    outer loop
      vertex 85 -14.5897 7.46138
      vertex 62.0083 -13.1311 5.7669
      vertex 62.0084 -13.1313 5.76623
    endloop
  endfacet
  facet normal -0.0713592 0.986809 0.14531
    outer loop
      vertex 85 14.8174 5.42198
      vertex 62.0086 13.3363 4.18954
      vertex 62.0085 13.3362 4.19017
    endloop
  endfacet
  facet normal -0.0678181 0.995306 0.0690379
    outer loop
      vertex 62.0086 13.3363 4.18954
      vertex 85 14.8174 5.42198
      vertex 62.0086 13.4594 2.41483
    endloop
  endfacet
  facet normal -0.0704908 0.992241 0.102417
    outer loop
      vertex 85 14.5897 7.46138
      vertex 62.0085 13.1314 5.76533
      vertex 62.0084 13.1313 5.76623
    endloop
  endfacet
  facet normal -0.0722204 0.989064 0.128595
    outer loop
      vertex 62.0085 13.1314 5.76533
      vertex 85 14.5897 7.46138
      vertex 62.0085 13.3361 4.19092
    endloop
  endfacet
  facet normal -0.206231 0.228539 0.95144
    outer loop
      vertex 85 5.0873 21.3982
      vertex 62 4.57857 16.535
      vertex 85 3.69681 21.7322
    endloop
  endfacet
  facet normal -0.212353 -0.0264407 0.976835
    outer loop
      vertex 63.7606 -0.716245 17.3634
      vertex 85 0 22
      vertex 63.8407 0 17.4002
    endloop
  endfacet
  facet normal -0.212351 -0.0265097 0.976834
    outer loop
      vertex 63.7256 -1.02914 17.3473
      vertex 85 0 22
      vertex 63.7606 -0.716245 17.3634
    endloop
  endfacet
  facet normal -0.212366 -0.0262201 0.976838
    outer loop
      vertex 63.6433 -1.28277 17.3226
      vertex 85 0 22
      vertex 63.7256 -1.02914 17.3473
    endloop
  endfacet
  facet normal -0.21236 -0.026303 0.976837
    outer loop
      vertex 85 0 22
      vertex 63.6433 -1.28277 17.3226
      vertex 63.4775 -1.79363 17.2728
    endloop
  endfacet
  facet normal -0.210239 0.124258 0.969721
    outer loop
      vertex 85 3.69681 21.7322
      vertex 62.5227 3.29991 16.9099
      vertex 85 2.12975 21.933
    endloop
  endfacet
  facet normal -0.21022 0.126186 0.969476
    outer loop
      vertex 62.5227 3.29991 16.9099
      vertex 85 3.69681 21.7322
      vertex 62.4898 3.33499 16.8982
    endloop
  endfacet
  facet normal -0.208859 0.197473 0.957801
    outer loop
      vertex 62 4.57857 16.535
      vertex 62.4898 3.33499 16.8982
      vertex 85 3.69681 21.7322
    endloop
  endfacet
  facet normal -0.208269 0.197728 0.957877
    outer loop
      vertex 62.4898 3.33499 16.8982
      vertex 62 4.57857 16.535
      vertex 62.3157 3.51058 16.8241
    endloop
  endfacet
  facet normal -0.208834 0.197538 0.957793
    outer loop
      vertex 62.3157 3.51058 16.8241
      vertex 62 4.57857 16.535
      vertex 62 3.82897 16.6896
    endloop
  endfacet
  facet normal -0.199607 -0.337464 0.919932
    outer loop
      vertex 85 -5.0873 21.3982
      vertex 62 -5.72235 16.1747
      vertex 85 -6.35817 20.932
    endloop
  endfacet
  facet normal -0.203941 -0.294139 0.933751
    outer loop
      vertex 62 -4.57857 16.535
      vertex 62 -5.72235 16.1747
      vertex 85 -5.0873 21.3982
    endloop
  endfacet
  facet normal -0.190372 -0.445418 0.874849
    outer loop
      vertex 85 -6.35817 20.932
      vertex 62 -6.77785 15.7134
      vertex 85 -7.53094 20.3349
    endloop
  endfacet
  facet normal -0.206231 -0.228539 0.95144
    outer loop
      vertex 85 -3.69681 21.7322
      vertex 62 -4.57857 16.535
      vertex 85 -5.0873 21.3982
    endloop
  endfacet
  facet normal -0.108652 -0.900877 0.420257
    outer loop
      vertex 62.0073 -11.5099 10.8965
      vertex 85 -12.7874 14.1025
      vertex 62.0068 -11.509 10.8983
    endloop
  endfacet
  facet normal -0.136591 -0.700479 0.700479
    outer loop
      vertex 62.0073 -11.51 10.8964
      vertex 85 -12.7874 14.1025
      vertex 62.0073 -11.5099 10.8965
    endloop
  endfacet
  facet normal -0.108293 -0.902389 0.417092
    outer loop
      vertex 85 -12.7874 14.1025
      vertex 62.0073 -11.51 10.8964
      vertex 62.0073 -12.0328 9.76531
    endloop
  endfacet
  facet normal -0.123817 -0.845647 0.519182
    outer loop
      vertex 62.0059 -10.9079 11.9384
      vertex 85 -12.1198 15.4482
      vertex 85 -11.3679 16.6729
    endloop
  endfacet
  facet normal -0.124087 -0.844213 0.521446
    outer loop
      vertex 85 -12.1198 15.4482
      vertex 62.0059 -10.9079 11.9384
      vertex 62.006 -10.9081 11.9381
    endloop
  endfacet
  facet normal -0.155076 -0.705505 0.69153
    outer loop
      vertex 62.0029 -9.47967 13.7362
      vertex 85 -9.61533 18.7549
      vertex 62.0028 -9.47955 13.7363
    endloop
  endfacet
  facet normal -0.151739 -0.721284 0.675814
    outer loop
      vertex 85 -9.61533 18.7549
      vertex 62.0029 -9.47967 13.7362
      vertex 85 -10.5328 17.7757
    endloop
  endfacet
  facet normal -0.165772 -0.64026 0.750058
    outer loop
      vertex 85 -8.61523 19.6086
      vertex 62 -8.65379 14.4924
      vertex 85 -9.61533 18.7549
    endloop
  endfacet
  facet normal -0.199607 0.337464 0.919932
    outer loop
      vertex 85 6.35817 20.932
      vertex 62 5.72235 16.1747
      vertex 85 5.0873 21.3982
    endloop
  endfacet
  facet normal -0.0995876 0.924862 0.367032
    outer loop
      vertex 85 13.3695 12.6357
      vertex 62.0073 12.0328 9.76531
      vertex 85 12.7874 14.1025
    endloop
  endfacet
  facet normal -0.100713 0.920227 0.378205
    outer loop
      vertex 62.0073 12.0328 9.76531
      vertex 85 13.3695 12.6357
      vertex 62.0074 12.033 9.76485
    endloop
  endfacet
  facet normal -0.136693 0.794836 0.591229
    outer loop
      vertex 85 11.3679 16.6729
      vertex 62.0059 10.2332 12.8821
      vertex 62.0048 10.2313 12.8844
    endloop
  endfacet
  facet normal -0.134784 0.806054 0.57629
    outer loop
      vertex 62.0059 10.2332 12.8821
      vertex 85 11.3679 16.6729
      vertex 62.0059 10.9079 11.9384
    endloop
  endfacet
  facet normal -0.0747186 0.98301 0.167655
    outer loop
      vertex 85 14.5897 7.46138
      vertex 62.0083 13.1311 5.7669
      vertex 85 14.2718 9.32532
    endloop
  endfacet
  facet normal -0.0809882 0.95832 0.273978
    outer loop
      vertex 62.0083 13.1311 5.7669
      vertex 85 14.5897 7.46138
      vertex 62.0084 13.1313 5.76623
    endloop
  endfacet
  facet normal -0.211981 -0.0307289 0.97679
    outer loop
      vertex 63.4775 -1.79363 17.2728
      vertex 85 -2.12975 21.933
      vertex 85 0 22
    endloop
  endfacet
  facet normal -0.211986 -0.0312512 0.976773
    outer loop
      vertex 85 -2.12975 21.933
      vertex 63.4775 -1.79363 17.2728
      vertex 63.4331 -1.93003 17.2588
    endloop
  endfacet
  facet normal -0.196681 -0.392646 0.898413
    outer loop
      vertex 62 -5.72235 16.1747
      vertex 62 -6.77785 15.7134
      vertex 85 -6.35817 20.932
    endloop
  endfacet
  facet normal -0.149707 -0.735779 0.660467
    outer loop
      vertex 62.0046 -9.48226 13.7337
      vertex 85 -10.5328 17.7757
      vertex 62.0029 -9.47967 13.7362
    endloop
  endfacet
  facet normal -0.153886 -0.705089 0.69222
    outer loop
      vertex 62.0047 -9.48238 13.7336
      vertex 85 -10.5328 17.7757
      vertex 62.0046 -9.48226 13.7337
    endloop
  endfacet
  facet normal -0.148848 -0.741657 0.654056
    outer loop
      vertex 85 -10.5328 17.7757
      vertex 62.0047 -9.48238 13.7336
      vertex 62.0047 -10.2311 12.8846
    endloop
  endfacet
  facet normal -0.165772 0.64026 0.750058
    outer loop
      vertex 85 9.61533 18.7549
      vertex 62 8.65379 14.4924
      vertex 85 8.61523 19.6086
    endloop
  endfacet
  facet normal -0.175649 0.581964 0.794019
    outer loop
      vertex 62 8.65379 14.4924
      vertex 62 7.75371 15.1521
      vertex 85 8.61523 19.6086
    endloop
  endfacet
  facet normal -0.111046 0.89028 0.441667
    outer loop
      vertex 85 12.7874 14.1025
      vertex 62.0067 11.5088 10.8987
      vertex 85 12.1198 15.4482
    endloop
  endfacet
  facet normal -0.10892 0.899731 0.422635
    outer loop
      vertex 62.0067 11.5088 10.8987
      vertex 85 12.7874 14.1025
      vertex 62.0068 11.509 10.8983
    endloop
  endfacet
  facet normal -0.149707 0.735779 0.660467
    outer loop
      vertex 85 10.5328 17.7757
      vertex 62.0046 9.48226 13.7337
      vertex 62.0029 9.47967 13.7362
    endloop
  endfacet
  facet normal -0.153886 0.705089 0.69222
    outer loop
      vertex 85 10.5328 17.7757
      vertex 62.0047 9.48238 13.7336
      vertex 62.0046 9.48226 13.7337
    endloop
  endfacet
  facet normal -0.148848 0.741657 0.654056
    outer loop
      vertex 62.0047 9.48238 13.7336
      vertex 85 10.5328 17.7757
      vertex 62.0047 10.2311 12.8846
    endloop
  endfacet
  facet normal -0.137546 0.789638 0.597957
    outer loop
      vertex 85 11.3679 16.6729
      vertex 62.0047 10.2311 12.8846
      vertex 85 10.5328 17.7757
    endloop
  endfacet
  facet normal -0.145442 0.735003 0.662282
    outer loop
      vertex 62.0047 10.2311 12.8846
      vertex 85 11.3679 16.6729
      vertex 62.0048 10.2313 12.8844
    endloop
  endfacet
  facet normal -0.0698009 0.991401 0.11069
    outer loop
      vertex 85 14.8174 5.42198
      vertex 62.0085 13.3361 4.19092
      vertex 85 14.5897 7.46138
    endloop
  endfacet
  facet normal -0.0707618 0.988743 0.131832
    outer loop
      vertex 62.0085 13.3361 4.19092
      vertex 85 14.8174 5.42198
      vertex 62.0085 13.3362 4.19017
    endloop
  endfacet
  facet normal -0.178895 0.547546 0.817429
    outer loop
      vertex 85 8.61523 19.6086
      vertex 62 7.75371 15.1521
      vertex 85 7.53094 20.3349
    endloop
  endfacet
  facet normal -0.0392552 0.706591 -0.706533
    outer loop
      vertex 112 15.9 0
      vertex 85 14.9913 0.591354
      vertex 112 16.4919 0.591949
    endloop
  endfacet
  facet normal -0.0392552 0.706594 -0.706529
    outer loop
      vertex 85 14.9913 0.591354
      vertex 112 15.9 0
      vertex 85 14.4 0
    endloop
  endfacet
  facet normal -0.0649931 -0.974521 0.214675
    outer loop
      vertex 112 -15.2512 13.0536
      vertex 85 -14.2718 9.32532
      vertex 112 -15.699 11.0208
    endloop
  endfacet
  facet normal -0.111639 0.725173 0.679457
    outer loop
      vertex 85 10.5328 17.7757
      vertex 85 9.61533 18.7549
      vertex 112 10.5769 22.1649
    endloop
  endfacet
  facet normal 0 0.938037 0.346535
    outer loop
      vertex 112.01 14.7065 14.9331
      vertex 112 14.0661 16.6666
      vertex 112.01 14.0661 16.6666
    endloop
  endfacet
  facet normal 0 0.938037 0.346535
    outer loop
      vertex 112 14.0661 16.6666
      vertex 112.01 14.7065 14.9331
      vertex 112 14.7065 14.9331
    endloop
  endfacet
  facet normal 0 0.707136 -0.707078
    outer loop
      vertex 112.01 15.9 0
      vertex 112 16.4919 0.591949
      vertex 112.01 16.4919 0.591949
    endloop
  endfacet
  facet normal 0 0.707136 -0.707078
    outer loop
      vertex 112 16.4919 0.591949
      vertex 112.01 15.9 0
      vertex 112 15.9 0
    endloop
  endfacet
  facet normal -0.0568595 -0.996616 0.0593629
    outer loop
      vertex 85 -14.8174 5.42198
      vertex 85 -14.9543 3.12363
      vertex 112 -16.2991 6.40781
    endloop
  endfacet
  facet normal -0.0556004 0.998347 0.0145872
    outer loop
      vertex 85 14.9913 0.591354
      vertex 85 14.9543 3.12363
      vertex 112 16.4497 3.69156
    endloop
  endfacet
  facet normal -0.0582579 0.992957 0.103161
    outer loop
      vertex 112 16.2991 6.40781
      vertex 85 14.8174 5.42198
      vertex 112 16.0487 8.81799
    endloop
  endfacet
  facet normal -0.135048 0.449559 0.882983
    outer loop
      vertex 85 7.53094 20.3349
      vertex 85 6.35817 20.932
      vertex 112 6.99399 24.7378
    endloop
  endfacet
  facet normal -0.0669509 -0.970933 0.229796
    outer loop
      vertex 85 -13.8647 11.0454
      vertex 85 -14.2718 9.32532
      vertex 112 -15.2512 13.0536
    endloop
  endfacet
  facet normal -0.0698548 -0.958131 0.277677
    outer loop
      vertex 112 -14.7065 14.9331
      vertex 85 -13.8647 11.0454
      vertex 112 -15.2512 13.0536
    endloop
  endfacet
  facet normal 0 -0.999907 0.0136134
    outer loop
      vertex 112 -16.4919 0.591949
      vertex 112.01 -16.4497 3.69156
      vertex 112 -16.4497 3.69156
    endloop
  endfacet
  facet normal 0 -0.999907 0.0136134
    outer loop
      vertex 112.01 -16.4497 3.69156
      vertex 112 -16.4919 0.591949
      vertex 112.01 -16.4919 0.591949
    endloop
  endfacet
  facet normal -0.0625417 -0.983836 0.167796
    outer loop
      vertex 85 -14.2718 9.32532
      vertex 85 -14.5897 7.46138
      vertex 112 -15.699 11.0208
    endloop
  endfacet
  facet normal -0.0563749 -0.996879 0.055271
    outer loop
      vertex 112 -16.2991 6.40781
      vertex 85 -14.9543 3.12363
      vertex 112 -16.4497 3.69156
    endloop
  endfacet
  facet normal 0 0.999907 0.0136134
    outer loop
      vertex 112.01 16.4919 0.591949
      vertex 112 16.4497 3.69156
      vertex 112.01 16.4497 3.69156
    endloop
  endfacet
  facet normal 0 0.999907 0.0136134
    outer loop
      vertex 112 16.4497 3.69156
      vertex 112.01 16.4919 0.591949
      vertex 112 16.4919 0.591949
    endloop
  endfacet
  facet normal -0.0554873 0.998367 0.0135924
    outer loop
      vertex 112 16.4919 0.591949
      vertex 85 14.9913 0.591354
      vertex 112 16.4497 3.69156
    endloop
  endfacet
  facet normal 0 -0.868265 0.4961
    outer loop
      vertex 112 -13.3317 18.2569
      vertex 112.01 -12.5047 19.7043
      vertex 112 -12.5047 19.7043
    endloop
  endfacet
  facet normal 0 -0.868265 0.4961
    outer loop
      vertex 112.01 -12.5047 19.7043
      vertex 112 -13.3317 18.2569
      vertex 112.01 -13.3317 18.2569
    endloop
  endfacet
  facet normal -0.132351 0.475645 0.869623
    outer loop
      vertex 112 8.28404 24.0322
      vertex 85 7.53094 20.3349
      vertex 112 6.99399 24.7378
    endloop
  endfacet
  facet normal -0 0.675884 0.737008
    outer loop
      vertex 112 10.5769 22.1649
      vertex 112.01 9.47676 23.1738
      vertex 112.01 10.5769 22.1649
    endloop
  endfacet
  facet normal 0 0.675884 0.737008
    outer loop
      vertex 112.01 9.47676 23.1738
      vertex 112 10.5769 22.1649
      vertex 112 9.47676 23.1738
    endloop
  endfacet
  facet normal -0.0669509 0.970933 0.229796
    outer loop
      vertex 85 14.2718 9.32532
      vertex 85 13.8647 11.0454
      vertex 112 15.2512 13.0536
    endloop
  endfacet
  facet normal -0.0591747 -0.992083 0.110767
    outer loop
      vertex 85 -14.5897 7.46138
      vertex 85 -14.8174 5.42198
      vertex 112 -16.0487 8.81799
    endloop
  endfacet
  facet normal 0 -0.998467 0.0553591
    outer loop
      vertex 112 -16.4497 3.69156
      vertex 112.01 -16.2991 6.40781
      vertex 112 -16.2991 6.40781
    endloop
  endfacet
  facet normal 0 -0.998467 0.0553591
    outer loop
      vertex 112.01 -16.2991 6.40781
      vertex 112 -16.4497 3.69156
      vertex 112.01 -16.4497 3.69156
    endloop
  endfacet
  facet normal 0 -0.707136 -0.707078
    outer loop
      vertex 112 -15.9 0
      vertex 112.01 -16.4919 0.591949
      vertex 112 -16.4919 0.591949
    endloop
  endfacet
  facet normal 0 -0.707136 -0.707078
    outer loop
      vertex 112.01 -16.4919 0.591949
      vertex 112 -15.9 0
      vertex 112.01 -15.9 0
    endloop
  endfacet
  facet normal -0.0392554 -0.706594 -0.706529
    outer loop
      vertex 85 -14.4 0
      vertex 112 -16.4919 0.591949
      vertex 85 -14.9913 0.591354
    endloop
  endfacet
  facet normal -0.0392551 -0.706591 -0.706533
    outer loop
      vertex 112 -16.4919 0.591949
      vertex 85 -14.4 0
      vertex 112 -15.9 0
    endloop
  endfacet
  facet normal -0.0554873 -0.998367 0.0135924
    outer loop
      vertex 112 -16.4497 3.69156
      vertex 85 -14.9913 0.591354
      vertex 112 -16.4919 0.591949
    endloop
  endfacet
  facet normal 0 0.994646 0.103336
    outer loop
      vertex 112.01 16.2991 6.40781
      vertex 112 16.0487 8.81799
      vertex 112.01 16.0487 8.81799
    endloop
  endfacet
  facet normal 0 0.994646 0.103336
    outer loop
      vertex 112 16.0487 8.81799
      vertex 112.01 16.2991 6.40781
      vertex 112 16.2991 6.40781
    endloop
  endfacet
  facet normal 0 0.960478 0.278357
    outer loop
      vertex 112.01 15.2512 13.0536
      vertex 112 14.7065 14.9331
      vertex 112.01 14.7065 14.9331
    endloop
  endfacet
  facet normal 0 0.960478 0.278357
    outer loop
      vertex 112 14.7065 14.9331
      vertex 112.01 15.2512 13.0536
      vertex 112 15.2512 13.0536
    endloop
  endfacet
  facet normal 0 0.998467 0.0553591
    outer loop
      vertex 112.01 16.4497 3.69156
      vertex 112 16.2991 6.40781
      vertex 112.01 16.2991 6.40781
    endloop
  endfacet
  facet normal 0 0.998467 0.0553591
    outer loop
      vertex 112 16.2991 6.40781
      vertex 112.01 16.4497 3.69156
      vertex 112 16.4497 3.69156
    endloop
  endfacet
  facet normal -0.0563749 0.996879 0.055271
    outer loop
      vertex 112 16.4497 3.69156
      vertex 85 14.9543 3.12363
      vertex 112 16.2991 6.40781
    endloop
  endfacet
  facet normal -0.135048 -0.449559 0.882983
    outer loop
      vertex 85 -6.35817 20.932
      vertex 85 -7.53094 20.3349
      vertex 112 -6.99399 24.7378
    endloop
  endfacet
  facet normal -0.138426 -0.363163 0.921385
    outer loop
      vertex 112 -5.59604 25.2888
      vertex 85 -6.35817 20.932
      vertex 112 -6.99399 24.7378
    endloop
  endfacet
  facet normal 0 -0.0337877 0.999429
    outer loop
      vertex 112 0 26
      vertex 112.01 -2.34271 25.9208
      vertex 112.01 0 26
    endloop
  endfacet
  facet normal 0 -0.0337877 0.999429
    outer loop
      vertex 112.01 -2.34271 25.9208
      vertex 112 0 26
      vertex 112 -2.34271 25.9208
    endloop
  endfacet
  facet normal 0 -0.675884 0.737008
    outer loop
      vertex 112 -9.47676 23.1738
      vertex 112.01 -10.5769 22.1649
      vertex 112.01 -9.47676 23.1738
    endloop
  endfacet
  facet normal 0 -0.675884 0.737008
    outer loop
      vertex 112.01 -10.5769 22.1649
      vertex 112 -9.47676 23.1738
      vertex 112 -10.5769 22.1649
    endloop
  endfacet
  facet normal 0 -0.584144 0.81165
    outer loop
      vertex 112 -8.28404 24.0322
      vertex 112.01 -9.47676 23.1738
      vertex 112.01 -8.28404 24.0322
    endloop
  endfacet
  facet normal 0 -0.584144 0.81165
    outer loop
      vertex 112.01 -9.47676 23.1738
      vertex 112 -8.28404 24.0322
      vertex 112 -9.47676 23.1738
    endloop
  endfacet
  facet normal 0 -0.753685 0.657236
    outer loop
      vertex 112 -11.5861 21.0076
      vertex 112.01 -10.5769 22.1649
      vertex 112 -10.5769 22.1649
    endloop
  endfacet
  facet normal 0 -0.753685 0.657236
    outer loop
      vertex 112.01 -10.5769 22.1649
      vertex 112 -11.5861 21.0076
      vertex 112.01 -11.5861 21.0076
    endloop
  endfacet
  facet normal 0 -0.938037 0.346535
    outer loop
      vertex 112 -14.7065 14.9331
      vertex 112.01 -14.0661 16.6666
      vertex 112 -14.0661 16.6666
    endloop
  endfacet
  facet normal 0 -0.938037 0.346535
    outer loop
      vertex 112.01 -14.0661 16.6666
      vertex 112 -14.7065 14.9331
      vertex 112.01 -14.7065 14.9331
    endloop
  endfacet
  facet normal 0 -0.960478 0.278357
    outer loop
      vertex 112 -15.2512 13.0536
      vertex 112.01 -14.7065 14.9331
      vertex 112 -14.7065 14.9331
    endloop
  endfacet
  facet normal 0 -0.960478 0.278357
    outer loop
      vertex 112.01 -14.7065 14.9331
      vertex 112 -15.2512 13.0536
      vertex 112.01 -15.2512 13.0536
    endloop
  endfacet
  facet normal 0 -0.907869 0.419254
    outer loop
      vertex 112 -14.0661 16.6666
      vertex 112.01 -13.3317 18.2569
      vertex 112 -13.3317 18.2569
    endloop
  endfacet
  facet normal 0 -0.907869 0.419254
    outer loop
      vertex 112.01 -13.3317 18.2569
      vertex 112 -14.0661 16.6666
      vertex 112.01 -14.0661 16.6666
    endloop
  endfacet
  facet normal -0.0757185 -0.935344 0.34554
    outer loop
      vertex 112 -14.0661 16.6666
      vertex 85 -13.3695 12.6357
      vertex 112 -14.7065 14.9331
    endloop
  endfacet
  facet normal 0 -0.976586 0.215129
    outer loop
      vertex 112 -15.699 11.0208
      vertex 112.01 -15.2512 13.0536
      vertex 112 -15.2512 13.0536
    endloop
  endfacet
  facet normal 0 -0.976586 0.215129
    outer loop
      vertex 112.01 -15.2512 13.0536
      vertex 112 -15.699 11.0208
      vertex 112.01 -15.699 11.0208
    endloop
  endfacet
  facet normal -0.0861187 -0.892493 0.442764
    outer loop
      vertex 85 -12.1198 15.4482
      vertex 85 -12.7874 14.1025
      vertex 112 -13.3317 18.2569
    endloop
  endfacet
  facet normal -0.111639 -0.725173 0.679457
    outer loop
      vertex 85 -9.61533 18.7549
      vertex 85 -10.5328 17.7757
      vertex 112 -10.5769 22.1649
    endloop
  endfacet
  facet normal -0.116356 -0.671293 0.732002
    outer loop
      vertex 112 -9.47676 23.1738
      vertex 85 -9.61533 18.7549
      vertex 112 -10.5769 22.1649
    endloop
  endfacet
  facet normal -0.128227 -0.55193 0.823973
    outer loop
      vertex 85 -7.53094 20.3349
      vertex 85 -8.61523 19.6086
      vertex 112 -8.28404 24.0322
    endloop
  endfacet
  facet normal -0 0.584144 0.81165
    outer loop
      vertex 112 9.47676 23.1738
      vertex 112.01 8.28404 24.0322
      vertex 112.01 9.47676 23.1738
    endloop
  endfacet
  facet normal 0 0.584144 0.81165
    outer loop
      vertex 112.01 8.28404 24.0322
      vertex 112 9.47676 23.1738
      vertex 112 8.28404 24.0322
    endloop
  endfacet
  facet normal -0.116356 0.671293 0.732002
    outer loop
      vertex 112 10.5769 22.1649
      vertex 85 9.61533 18.7549
      vertex 112 9.47676 23.1738
    endloop
  endfacet
  facet normal 0 0.753685 0.657236
    outer loop
      vertex 112.01 11.5861 21.0076
      vertex 112 10.5769 22.1649
      vertex 112.01 10.5769 22.1649
    endloop
  endfacet
  facet normal 0 0.753685 0.657236
    outer loop
      vertex 112 10.5769 22.1649
      vertex 112.01 11.5861 21.0076
      vertex 112 11.5861 21.0076
    endloop
  endfacet
  facet normal -0.0902102 0.864725 0.494077
    outer loop
      vertex 112 13.3317 18.2569
      vertex 85 12.1198 15.4482
      vertex 112 12.5047 19.7043
    endloop
  endfacet
  facet normal -0.0788037 0.926592 0.367718
    outer loop
      vertex 85 13.3695 12.6357
      vertex 85 12.7874 14.1025
      vertex 112 14.0661 16.6666
    endloop
  endfacet
  facet normal -0.061132 0.985785 0.156495
    outer loop
      vertex 112 16.0487 8.81799
      vertex 85 14.5897 7.46138
      vertex 112 15.699 11.0208
    endloop
  endfacet
  facet normal -0.0582579 -0.992957 0.103161
    outer loop
      vertex 112 -16.0487 8.81799
      vertex 85 -14.8174 5.42198
      vertex 112 -16.2991 6.40781
    endloop
  endfacet
  facet normal 0 -0.994646 0.103336
    outer loop
      vertex 112 -16.2991 6.40781
      vertex 112.01 -16.0487 8.81799
      vertex 112 -16.0487 8.81799
    endloop
  endfacet
  facet normal 0 -0.994646 0.103336
    outer loop
      vertex 112.01 -16.0487 8.81799
      vertex 112 -16.2991 6.40781
      vertex 112.01 -16.2991 6.40781
    endloop
  endfacet
  facet normal -0.0556004 -0.998347 0.0145872
    outer loop
      vertex 85 -14.9543 3.12363
      vertex 85 -14.9913 0.591354
      vertex 112 -16.4497 3.69156
    endloop
  endfacet
  facet normal -0.146288 0.0334242 0.988677
    outer loop
      vertex 112 2.34271 25.9208
      vertex 85 2.12975 21.933
      vertex 112 0 26
    endloop
  endfacet
  facet normal -0 0.136377 0.990657
    outer loop
      vertex 112 4.06648 25.6835
      vertex 112.01 2.34271 25.9208
      vertex 112.01 4.06648 25.6835
    endloop
  endfacet
  facet normal 0 0.136377 0.990657
    outer loop
      vertex 112.01 2.34271 25.9208
      vertex 112 4.06648 25.6835
      vertex 112 2.34271 25.9208
    endloop
  endfacet
  facet normal -0 0.0337877 0.999429
    outer loop
      vertex 112 2.34271 25.9208
      vertex 112.01 0 26
      vertex 112.01 2.34271 25.9208
    endloop
  endfacet
  facet normal 0 0.0337877 0.999429
    outer loop
      vertex 112.01 0 26
      vertex 112 2.34271 25.9208
      vertex 112 0 26
    endloop
  endfacet
  facet normal -0.146478 -0.0311044 0.988725
    outer loop
      vertex 85 0 22
      vertex 85 -2.12975 21.933
      vertex 112 0 26
    endloop
  endfacet
  facet normal -0.145922 -0.125738 0.981273
    outer loop
      vertex 85 -2.12975 21.933
      vertex 85 -3.69681 21.7322
      vertex 112 -2.34271 25.9208
    endloop
  endfacet
  facet normal -0.145922 0.125738 0.981273
    outer loop
      vertex 85 3.69681 21.7322
      vertex 85 2.12975 21.933
      vertex 112 2.34271 25.9208
    endloop
  endfacet
  facet normal 0 -0.479867 0.877341
    outer loop
      vertex 112 -6.99399 24.7378
      vertex 112.01 -8.28404 24.0322
      vertex 112.01 -6.99399 24.7378
    endloop
  endfacet
  facet normal 0 -0.479867 0.877341
    outer loop
      vertex 112.01 -8.28404 24.0322
      vertex 112 -6.99399 24.7378
      vertex 112 -8.28404 24.0322
    endloop
  endfacet
  facet normal 0 -0.366693 0.930342
    outer loop
      vertex 112 -5.59604 25.2888
      vertex 112.01 -6.99399 24.7378
      vertex 112.01 -5.59604 25.2888
    endloop
  endfacet
  facet normal 0 -0.366693 0.930342
    outer loop
      vertex 112.01 -6.99399 24.7378
      vertex 112 -5.59604 25.2888
      vertex 112 -6.99399 24.7378
    endloop
  endfacet
  facet normal -0.146288 -0.0334242 0.988677
    outer loop
      vertex 112 0 26
      vertex 85 -2.12975 21.933
      vertex 112 -2.34271 25.9208
    endloop
  endfacet
  facet normal -0.061132 -0.985785 0.156495
    outer loop
      vertex 112 -15.699 11.0208
      vertex 85 -14.5897 7.46138
      vertex 112 -16.0487 8.81799
    endloop
  endfacet
  facet normal 0 -0.987632 0.156788
    outer loop
      vertex 112 -16.0487 8.81799
      vertex 112.01 -15.699 11.0208
      vertex 112 -15.699 11.0208
    endloop
  endfacet
  facet normal 0 -0.987632 0.156788
    outer loop
      vertex 112.01 -15.699 11.0208
      vertex 112 -16.0487 8.81799
      vertex 112.01 -16.0487 8.81799
    endloop
  endfacet
  facet normal -0.0723865 -0.952277 0.296527
    outer loop
      vertex 85 -13.3695 12.6357
      vertex 85 -13.8647 11.0454
      vertex 112 -14.7065 14.9331
    endloop
  endfacet
  facet normal -0.0788037 -0.926592 0.367718
    outer loop
      vertex 85 -12.7874 14.1025
      vertex 85 -13.3695 12.6357
      vertex 112 -14.0661 16.6666
    endloop
  endfacet
  facet normal -0.0825286 -0.904772 0.417823
    outer loop
      vertex 112 -13.3317 18.2569
      vertex 85 -12.7874 14.1025
      vertex 112 -14.0661 16.6666
    endloop
  endfacet
  facet normal -0.0942029 -0.848415 0.520881
    outer loop
      vertex 85 -11.3679 16.6729
      vertex 85 -12.1198 15.4482
      vertex 112 -12.5047 19.7043
    endloop
  endfacet
  facet normal -0.0902102 -0.864725 0.494077
    outer loop
      vertex 112 -12.5047 19.7043
      vertex 85 -12.1198 15.4482
      vertex 112 -13.3317 18.2569
    endloop
  endfacet
  facet normal 0 -0.817374 0.576107
    outer loop
      vertex 112 -12.5047 19.7043
      vertex 112.01 -11.5861 21.0076
      vertex 112 -11.5861 21.0076
    endloop
  endfacet
  facet normal 0 -0.817374 0.576107
    outer loop
      vertex 112.01 -11.5861 21.0076
      vertex 112 -12.5047 19.7043
      vertex 112.01 -12.5047 19.7043
    endloop
  endfacet
  facet normal -0.0986133 -0.81339 0.573299
    outer loop
      vertex 112 -11.5861 21.0076
      vertex 85 -11.3679 16.6729
      vertex 112 -12.5047 19.7043
    endloop
  endfacet
  facet normal -0.107448 -0.749322 0.653431
    outer loop
      vertex 112 -10.5769 22.1649
      vertex 85 -10.5328 17.7757
      vertex 112 -11.5861 21.0076
    endloop
  endfacet
  facet normal -0.120268 -0.644531 0.75506
    outer loop
      vertex 85 -8.61523 19.6086
      vertex 85 -9.61533 18.7549
      vertex 112 -9.47676 23.1738
    endloop
  endfacet
  facet normal -0.124829 -0.579575 0.805301
    outer loop
      vertex 112 -8.28404 24.0322
      vertex 85 -8.61523 19.6086
      vertex 112 -9.47676 23.1738
    endloop
  endfacet
  facet normal 0 0.817374 0.576107
    outer loop
      vertex 112.01 12.5047 19.7043
      vertex 112 11.5861 21.0076
      vertex 112.01 11.5861 21.0076
    endloop
  endfacet
  facet normal 0 0.817374 0.576107
    outer loop
      vertex 112 11.5861 21.0076
      vertex 112.01 12.5047 19.7043
      vertex 112 12.5047 19.7043
    endloop
  endfacet
  facet normal -0.0757185 0.935344 0.34554
    outer loop
      vertex 112 14.7065 14.9331
      vertex 85 13.3695 12.6357
      vertex 112 14.0661 16.6666
    endloop
  endfacet
  facet normal -0.102815 0.792991 0.600496
    outer loop
      vertex 85 11.3679 16.6729
      vertex 85 10.5328 17.7757
      vertex 112 11.5861 21.0076
    endloop
  endfacet
  facet normal -0.107448 0.749322 0.653431
    outer loop
      vertex 112 11.5861 21.0076
      vertex 85 10.5328 17.7757
      vertex 112 10.5769 22.1649
    endloop
  endfacet
  facet normal -0.140367 0.340985 0.92953
    outer loop
      vertex 85 6.35817 20.932
      vertex 85 5.0873 21.3982
      vertex 112 5.59604 25.2888
    endloop
  endfacet
  facet normal -0 0.479867 0.877341
    outer loop
      vertex 112 8.28404 24.0322
      vertex 112.01 6.99399 24.7378
      vertex 112.01 8.28404 24.0322
    endloop
  endfacet
  facet normal 0 0.479867 0.877341
    outer loop
      vertex 112.01 6.99399 24.7378
      vertex 112 8.28404 24.0322
      vertex 112 6.99399 24.7378
    endloop
  endfacet
  facet normal -0.120268 0.644531 0.75506
    outer loop
      vertex 85 9.61533 18.7549
      vertex 85 8.61523 19.6086
      vertex 112 9.47676 23.1738
    endloop
  endfacet
  facet normal -0.0723865 0.952277 0.296527
    outer loop
      vertex 85 13.8647 11.0454
      vertex 85 13.3695 12.6357
      vertex 112 14.7065 14.9331
    endloop
  endfacet
  facet normal -0.0698548 0.958131 0.277677
    outer loop
      vertex 112 15.2512 13.0536
      vertex 85 13.8647 11.0454
      vertex 112 14.7065 14.9331
    endloop
  endfacet
  facet normal 0 0.976586 0.215129
    outer loop
      vertex 112.01 15.699 11.0208
      vertex 112 15.2512 13.0536
      vertex 112.01 15.2512 13.0536
    endloop
  endfacet
  facet normal 0 0.976586 0.215129
    outer loop
      vertex 112 15.2512 13.0536
      vertex 112.01 15.699 11.0208
      vertex 112 15.699 11.0208
    endloop
  endfacet
  facet normal -0.0568595 0.996616 0.0593629
    outer loop
      vertex 85 14.9543 3.12363
      vertex 85 14.8174 5.42198
      vertex 112 16.2991 6.40781
    endloop
  endfacet
  facet normal 0 0.987632 0.156788
    outer loop
      vertex 112.01 16.0487 8.81799
      vertex 112 15.699 11.0208
      vertex 112.01 15.699 11.0208
    endloop
  endfacet
  facet normal 0 0.987632 0.156788
    outer loop
      vertex 112 15.699 11.0208
      vertex 112.01 16.0487 8.81799
      vertex 112 16.0487 8.81799
    endloop
  endfacet
  facet normal -0.142756 0.247304 0.958364
    outer loop
      vertex 112 5.59604 25.2888
      vertex 85 5.0873 21.3982
      vertex 112 4.06648 25.6835
    endloop
  endfacet
  facet normal -0 0.249863 0.968281
    outer loop
      vertex 112 5.59604 25.2888
      vertex 112.01 4.06648 25.6835
      vertex 112.01 5.59604 25.2888
    endloop
  endfacet
  facet normal 0 0.249863 0.968281
    outer loop
      vertex 112.01 4.06648 25.6835
      vertex 112 5.59604 25.2888
      vertex 112 4.06648 25.6835
    endloop
  endfacet
  facet normal -0.146478 0.0311044 0.988725
    outer loop
      vertex 85 2.12975 21.933
      vertex 85 0 22
      vertex 112 0 26
    endloop
  endfacet
  facet normal -0.145286 0.13493 0.980146
    outer loop
      vertex 112 4.06648 25.6835
      vertex 85 3.69681 21.7322
      vertex 112 2.34271 25.9208
    endloop
  endfacet
  facet normal -0.143979 0.231126 0.962211
    outer loop
      vertex 85 5.0873 21.3982
      vertex 85 3.69681 21.7322
      vertex 112 4.06648 25.6835
    endloop
  endfacet
  facet normal -0.142756 -0.247304 0.958364
    outer loop
      vertex 112 -4.06648 25.6835
      vertex 85 -5.0873 21.3982
      vertex 112 -5.59604 25.2888
    endloop
  endfacet
  facet normal -0.132351 -0.475645 0.869623
    outer loop
      vertex 112 -6.99399 24.7378
      vertex 85 -7.53094 20.3349
      vertex 112 -8.28404 24.0322
    endloop
  endfacet
  facet normal -0.143979 -0.231126 0.962211
    outer loop
      vertex 85 -3.69681 21.7322
      vertex 85 -5.0873 21.3982
      vertex 112 -4.06648 25.6835
    endloop
  endfacet
  facet normal -0.102815 -0.792991 0.600496
    outer loop
      vertex 85 -10.5328 17.7757
      vertex 85 -11.3679 16.6729
      vertex 112 -11.5861 21.0076
    endloop
  endfacet
  facet normal -0.0861187 0.892493 0.442764
    outer loop
      vertex 85 12.7874 14.1025
      vertex 85 12.1198 15.4482
      vertex 112 13.3317 18.2569
    endloop
  endfacet
  facet normal 0 0.868265 0.4961
    outer loop
      vertex 112.01 13.3317 18.2569
      vertex 112 12.5047 19.7043
      vertex 112.01 12.5047 19.7043
    endloop
  endfacet
  facet normal 0 0.868265 0.4961
    outer loop
      vertex 112 12.5047 19.7043
      vertex 112.01 13.3317 18.2569
      vertex 112 13.3317 18.2569
    endloop
  endfacet
  facet normal -0.0986133 0.81339 0.573299
    outer loop
      vertex 112 12.5047 19.7043
      vertex 85 11.3679 16.6729
      vertex 112 11.5861 21.0076
    endloop
  endfacet
  facet normal -0.138426 0.363163 0.921385
    outer loop
      vertex 112 6.99399 24.7378
      vertex 85 6.35817 20.932
      vertex 112 5.59604 25.2888
    endloop
  endfacet
  facet normal -0 0.366693 0.930342
    outer loop
      vertex 112 6.99399 24.7378
      vertex 112.01 5.59604 25.2888
      vertex 112.01 6.99399 24.7378
    endloop
  endfacet
  facet normal 0 0.366693 0.930342
    outer loop
      vertex 112.01 5.59604 25.2888
      vertex 112 6.99399 24.7378
      vertex 112 5.59604 25.2888
    endloop
  endfacet
  facet normal -0.124829 0.579575 0.805301
    outer loop
      vertex 112 9.47676 23.1738
      vertex 85 8.61523 19.6086
      vertex 112 8.28404 24.0322
    endloop
  endfacet
  facet normal -0.128227 0.55193 0.823973
    outer loop
      vertex 85 8.61523 19.6086
      vertex 85 7.53094 20.3349
      vertex 112 8.28404 24.0322
    endloop
  endfacet
  facet normal -0.0591747 0.992083 0.110767
    outer loop
      vertex 85 14.8174 5.42198
      vertex 85 14.5897 7.46138
      vertex 112 16.0487 8.81799
    endloop
  endfacet
  facet normal 0 -0.249863 0.968281
    outer loop
      vertex 112 -4.06648 25.6835
      vertex 112.01 -5.59604 25.2888
      vertex 112.01 -4.06648 25.6835
    endloop
  endfacet
  facet normal 0 -0.249863 0.968281
    outer loop
      vertex 112.01 -5.59604 25.2888
      vertex 112 -4.06648 25.6835
      vertex 112 -5.59604 25.2888
    endloop
  endfacet
  facet normal 0 -0.136377 0.990657
    outer loop
      vertex 112 -2.34271 25.9208
      vertex 112.01 -4.06648 25.6835
      vertex 112.01 -2.34271 25.9208
    endloop
  endfacet
  facet normal 0 -0.136377 0.990657
    outer loop
      vertex 112.01 -4.06648 25.6835
      vertex 112 -2.34271 25.9208
      vertex 112 -4.06648 25.6835
    endloop
  endfacet
  facet normal -0.140367 -0.340985 0.92953
    outer loop
      vertex 85 -5.0873 21.3982
      vertex 85 -6.35817 20.932
      vertex 112 -5.59604 25.2888
    endloop
  endfacet
  facet normal -0.0825286 0.904772 0.417823
    outer loop
      vertex 112 14.0661 16.6666
      vertex 85 12.7874 14.1025
      vertex 112 13.3317 18.2569
    endloop
  endfacet
  facet normal 0 0.907869 0.419254
    outer loop
      vertex 112.01 14.0661 16.6666
      vertex 112 13.3317 18.2569
      vertex 112.01 13.3317 18.2569
    endloop
  endfacet
  facet normal 0 0.907869 0.419254
    outer loop
      vertex 112 13.3317 18.2569
      vertex 112.01 14.0661 16.6666
      vertex 112 14.0661 16.6666
    endloop
  endfacet
  facet normal -0.0942029 0.848415 0.520881
    outer loop
      vertex 85 12.1198 15.4482
      vertex 85 11.3679 16.6729
      vertex 112 12.5047 19.7043
    endloop
  endfacet
  facet normal -0.0625417 0.983836 0.167796
    outer loop
      vertex 85 14.5897 7.46138
      vertex 85 14.2718 9.32532
      vertex 112 15.699 11.0208
    endloop
  endfacet
  facet normal -0.0649931 0.974521 0.214675
    outer loop
      vertex 112 15.699 11.0208
      vertex 85 14.2718 9.32532
      vertex 112 15.2512 13.0536
    endloop
  endfacet
  facet normal -0.145286 -0.13493 0.980146
    outer loop
      vertex 112 -2.34271 25.9208
      vertex 85 -3.69681 21.7322
      vertex 112 -4.06648 25.6835
    endloop
  endfacet
  facet normal 0.035689 0.99783 0.0553238
    outer loop
      vertex 112.01 16.4497 3.69156
      vertex 112.01 16.2991 6.40781
      vertex 140.01 15.3113 6.16135
    endloop
  endfacet
  facet normal 0.0252461 0.706901 -0.706862
    outer loop
      vertex 140.01 14.9 0
      vertex 112.01 16.4919 0.591949
      vertex 140.01 15.4921 0.592133
    endloop
  endfacet
  facet normal 0.0252468 0.706911 -0.706852
    outer loop
      vertex 112.01 16.4919 0.591949
      vertex 140.01 14.9 0
      vertex 112.01 15.9 0
    endloop
  endfacet
  facet normal 0.0356812 0.999275 0.0132789
    outer loop
      vertex 140.01 15.4921 0.592133
      vertex 112.01 16.4919 0.591949
      vertex 140.01 15.4528 3.54958
    endloop
  endfacet
  facet normal 0.0369035 0.867674 0.495762
    outer loop
      vertex 112.01 13.3317 18.2569
      vertex 112.01 12.5047 19.7043
      vertex 140.01 11.7468 18.9465
    endloop
  endfacet
  facet normal 0.0359392 0.136289 0.990017
    outer loop
      vertex 112.01 4.06648 25.6835
      vertex 112.01 2.34271 25.9208
      vertex 140.01 2.20073 24.9239
    endloop
  endfacet
  facet normal 0.0371397 -0.9109 0.410953
    outer loop
      vertex 140.01 -12.5238 17.5547
      vertex 112.01 -14.0661 16.6666
      vertex 140.01 -13.2137 16.0255
    endloop
  endfacet
  facet normal 0.0252464 -0.706911 -0.706852
    outer loop
      vertex 112.01 -15.9 0
      vertex 140.01 -15.4921 0.592133
      vertex 112.01 -16.4919 0.591949
    endloop
  endfacet
  facet normal 0.0252465 -0.706901 -0.706862
    outer loop
      vertex 140.01 -15.4921 0.592133
      vertex 112.01 -15.9 0
      vertex 140.01 -14.9 0
    endloop
  endfacet
  facet normal 0.0359392 -0.136289 0.990017
    outer loop
      vertex 112.01 -2.34271 25.9208
      vertex 112.01 -4.06648 25.6835
      vertex 140.01 -2.20073 24.9239
    endloop
  endfacet
  facet normal 0.0358028 -0.997895 0.0540638
    outer loop
      vertex 140.01 -15.3113 6.16135
      vertex 112.01 -16.4497 3.69156
      vertex 140.01 -15.4528 3.54958
    endloop
  endfacet
  facet normal 0.036733 0.366446 0.929714
    outer loop
      vertex 112.01 6.99399 24.7378
      vertex 112.01 5.59604 25.2888
      vertex 140.01 5.25688 24.3162
    endloop
  endfacet
  facet normal 0.0364667 0.937413 0.346305
    outer loop
      vertex 112.01 14.7065 14.9331
      vertex 112.01 14.0661 16.6666
      vertex 140.01 13.2137 16.0255
    endloop
  endfacet
  facet normal 0.0358028 0.997895 0.0540638
    outer loop
      vertex 140.01 15.4528 3.54958
      vertex 112.01 16.4497 3.69156
      vertex 140.01 15.3113 6.16135
    endloop
  endfacet
  facet normal 0.0376164 0.823031 0.566749
    outer loop
      vertex 140.01 11.7468 18.9465
      vertex 112.01 12.5047 19.7043
      vertex 140.01 10.8839 20.1996
    endloop
  endfacet
  facet normal 0.0361612 -0.987547 0.15311
    outer loop
      vertex 140.01 -14.7476 10.597
      vertex 112.01 -16.0487 8.81799
      vertex 140.01 -15.076 8.47884
    endloop
  endfacet
  facet normal 0.0357347 0.0345367 0.998764
    outer loop
      vertex 140.01 2.20073 24.9239
      vertex 112.01 2.34271 25.9208
      vertex 140.01 0 25
    endloop
  endfacet
  facet normal 0.0372403 0.753162 0.65678
    outer loop
      vertex 112.01 11.5861 21.0076
      vertex 112.01 10.5769 22.1649
      vertex 140.01 9.93584 21.3124
    endloop
  endfacet
  facet normal 0.0371491 0.373875 0.926735
    outer loop
      vertex 140.01 6.57011 23.7864
      vertex 112.01 6.99399 24.7378
      vertex 140.01 5.25688 24.3162
    endloop
  endfacet
  facet normal 0.0363786 0.976965 0.210278
    outer loop
      vertex 140.01 14.7476 10.597
      vertex 112.01 15.699 11.0208
      vertex 140.01 14.3269 12.5516
    endloop
  endfacet
  facet normal 0.035782 0.99401 0.10327
    outer loop
      vertex 112.01 16.2991 6.40781
      vertex 112.01 16.0487 8.81799
      vertex 140.01 15.076 8.47884
    endloop
  endfacet
  facet normal 0.0356466 0.999272 0.0136047
    outer loop
      vertex 112.01 16.4919 0.591949
      vertex 112.01 16.4497 3.69156
      vertex 140.01 15.4528 3.54958
    endloop
  endfacet
  facet normal 0.035689 -0.99783 0.0553238
    outer loop
      vertex 112.01 -16.2991 6.40781
      vertex 112.01 -16.4497 3.69156
      vertex 140.01 -15.3113 6.16135
    endloop
  endfacet
  facet normal 0.0370978 0.816812 0.57571
    outer loop
      vertex 112.01 12.5047 19.7043
      vertex 112.01 11.5861 21.0076
      vertex 140.01 10.8839 20.1996
    endloop
  endfacet
  facet normal 0.036138 0.139454 0.989569
    outer loop
      vertex 140.01 3.82004 24.6957
      vertex 112.01 4.06648 25.6835
      vertex 140.01 2.20073 24.9239
    endloop
  endfacet
  facet normal 0.0377681 0.592695 0.804541
    outer loop
      vertex 140.01 8.9024 22.2825
      vertex 112.01 9.47676 23.1738
      vertex 140.01 7.78198 23.1079
    endloop
  endfacet
  facet normal 0.0360713 0.97595 0.214989
    outer loop
      vertex 112.01 15.699 11.0208
      vertex 112.01 15.2512 13.0536
      vertex 140.01 14.3269 12.5516
    endloop
  endfacet
  facet normal 0.0371397 0.9109 0.410953
    outer loop
      vertex 140.01 13.2137 16.0255
      vertex 112.01 14.0661 16.6666
      vertex 140.01 12.5238 17.5547
    endloop
  endfacet
  facet normal 0.0366848 0.907258 0.418971
    outer loop
      vertex 112.01 14.0661 16.6666
      vertex 112.01 13.3317 18.2569
      vertex 140.01 12.5238 17.5547
    endloop
  endfacet
  facet normal 0.0356466 -0.999272 0.0136047
    outer loop
      vertex 112.01 -16.4497 3.69156
      vertex 112.01 -16.4919 0.591949
      vertex 140.01 -15.4528 3.54958
    endloop
  endfacet
  facet normal 0.0356812 -0.999275 0.0132789
    outer loop
      vertex 140.01 -15.4528 3.54958
      vertex 112.01 -16.4919 0.591949
      vertex 140.01 -15.4921 0.592133
    endloop
  endfacet
  facet normal 0.035782 -0.99401 0.10327
    outer loop
      vertex 112.01 -16.0487 8.81799
      vertex 112.01 -16.2991 6.40781
      vertex 140.01 -15.076 8.47884
    endloop
  endfacet
  facet normal 0.0360713 -0.97595 0.214989
    outer loop
      vertex 112.01 -15.2512 13.0536
      vertex 112.01 -15.699 11.0208
      vertex 140.01 -14.3269 12.5516
    endloop
  endfacet
  facet normal 0.036138 -0.139454 0.989569
    outer loop
      vertex 140.01 -2.20073 24.9239
      vertex 112.01 -4.06648 25.6835
      vertex 140.01 -3.82004 24.6957
    endloop
  endfacet
  facet normal 0.0377772 -0.76066 0.648051
    outer loop
      vertex 140.01 -9.93584 21.3124
      vertex 112.01 -11.5861 21.0076
      vertex 140.01 -10.8839 20.1996
    endloop
  endfacet
  facet normal 0.0356712 0.0337662 0.998793
    outer loop
      vertex 112.01 2.34271 25.9208
      vertex 112.01 0 26
      vertex 140.01 0 25
    endloop
  endfacet
  facet normal 0.035964 -0.994242 0.100948
    outer loop
      vertex 140.01 -15.076 8.47884
      vertex 112.01 -16.2991 6.40781
      vertex 140.01 -15.3113 6.16135
    endloop
  endfacet
  facet normal 0.0366526 0.255193 0.966195
    outer loop
      vertex 140.01 5.25688 24.3162
      vertex 112.01 5.59604 25.2888
      vertex 140.01 3.82004 24.6957
    endloop
  endfacet
  facet normal 0.0363347 0.249698 0.967642
    outer loop
      vertex 112.01 5.59604 25.2888
      vertex 112.01 4.06648 25.6835
      vertex 140.01 3.82004 24.6957
    endloop
  endfacet
  facet normal 0.0372414 0.583739 0.811087
    outer loop
      vertex 112.01 9.47676 23.1738
      vertex 112.01 8.28404 24.0322
      vertex 140.01 7.78198 23.1079
    endloop
  endfacet
  facet normal 0.0375366 0.488178 0.871936
    outer loop
      vertex 140.01 7.78198 23.1079
      vertex 112.01 8.28404 24.0322
      vertex 140.01 6.57011 23.7864
    endloop
  endfacet
  facet normal 0.0370498 0.479537 0.876739
    outer loop
      vertex 112.01 8.28404 24.0322
      vertex 112.01 6.99399 24.7378
      vertex 140.01 6.57011 23.7864
    endloop
  endfacet
  facet normal 0.0377772 0.76066 0.648051
    outer loop
      vertex 140.01 10.8839 20.1996
      vertex 112.01 11.5861 21.0076
      vertex 140.01 9.93584 21.3124
    endloop
  endfacet
  facet normal 0.0372989 0.675414 0.736495
    outer loop
      vertex 112.01 10.5769 22.1649
      vertex 112.01 9.47676 23.1738
      vertex 140.01 8.9024 22.2825
    endloop
  endfacet
  facet normal 0.0373919 0.872539 0.487112
    outer loop
      vertex 140.01 12.5238 17.5547
      vertex 112.01 13.3317 18.2569
      vertex 140.01 11.7468 18.9465
    endloop
  endfacet
  facet normal 0.036622 0.961525 0.272266
    outer loop
      vertex 140.01 14.3269 12.5516
      vertex 112.01 15.2512 13.0536
      vertex 140.01 13.8152 14.3587
    endloop
  endfacet
  facet normal 0.0362605 0.959846 0.278174
    outer loop
      vertex 112.01 15.2512 13.0536
      vertex 112.01 14.7065 14.9331
      vertex 140.01 13.8152 14.3587
    endloop
  endfacet
  facet normal 0.035964 0.994242 0.100948
    outer loop
      vertex 140.01 15.3113 6.16135
      vertex 112.01 16.2991 6.40781
      vertex 140.01 15.076 8.47884
    endloop
  endfacet
  facet normal 0.0361612 0.987547 0.15311
    outer loop
      vertex 140.01 15.076 8.47884
      vertex 112.01 16.0487 8.81799
      vertex 140.01 14.7476 10.597
    endloop
  endfacet
  facet normal 0.0359083 0.986995 0.156687
    outer loop
      vertex 112.01 16.0487 8.81799
      vertex 112.01 15.699 11.0208
      vertex 140.01 14.7476 10.597
    endloop
  endfacet
  facet normal 0.0366848 -0.907258 0.418971
    outer loop
      vertex 112.01 -13.3317 18.2569
      vertex 112.01 -14.0661 16.6666
      vertex 140.01 -12.5238 17.5547
    endloop
  endfacet
  facet normal 0.0363786 -0.976965 0.210278
    outer loop
      vertex 140.01 -14.3269 12.5516
      vertex 112.01 -15.699 11.0208
      vertex 140.01 -14.7476 10.597
    endloop
  endfacet
  facet normal 0.0369035 -0.867674 0.495762
    outer loop
      vertex 112.01 -12.5047 19.7043
      vertex 112.01 -13.3317 18.2569
      vertex 140.01 -11.7468 18.9465
    endloop
  endfacet
  facet normal 0.0363347 -0.249698 0.967642
    outer loop
      vertex 112.01 -4.06648 25.6835
      vertex 112.01 -5.59604 25.2888
      vertex 140.01 -3.82004 24.6957
    endloop
  endfacet
  facet normal 0.0372989 -0.675414 0.736495
    outer loop
      vertex 112.01 -9.47676 23.1738
      vertex 112.01 -10.5769 22.1649
      vertex 140.01 -8.9024 22.2825
    endloop
  endfacet
  facet normal 0.0378409 -0.68392 0.728575
    outer loop
      vertex 140.01 -8.9024 22.2825
      vertex 112.01 -10.5769 22.1649
      vertex 140.01 -9.93584 21.3124
    endloop
  endfacet
  facet normal 0.0356712 -0.0337662 0.998793
    outer loop
      vertex 112.01 0 26
      vertex 112.01 -2.34271 25.9208
      vertex 140.01 0 25
    endloop
  endfacet
  facet normal 0.0357347 -0.0345367 0.998764
    outer loop
      vertex 140.01 0 25
      vertex 112.01 -2.34271 25.9208
      vertex 140.01 -2.20073 24.9239
    endloop
  endfacet
  facet normal 0.0359083 -0.986995 0.156687
    outer loop
      vertex 112.01 -15.699 11.0208
      vertex 112.01 -16.0487 8.81799
      vertex 140.01 -14.7476 10.597
    endloop
  endfacet
  facet normal 0.0378409 0.68392 0.728575
    outer loop
      vertex 140.01 9.93584 21.3124
      vertex 112.01 10.5769 22.1649
      vertex 140.01 8.9024 22.2825
    endloop
  endfacet
  facet normal 0.0368805 0.939986 0.339214
    outer loop
      vertex 140.01 13.8152 14.3587
      vertex 112.01 14.7065 14.9331
      vertex 140.01 13.2137 16.0255
    endloop
  endfacet
  facet normal 0.036622 -0.961525 0.272266
    outer loop
      vertex 140.01 -13.8152 14.3587
      vertex 112.01 -15.2512 13.0536
      vertex 140.01 -14.3269 12.5516
    endloop
  endfacet
  facet normal 0.0362605 -0.959846 0.278174
    outer loop
      vertex 112.01 -14.7065 14.9331
      vertex 112.01 -15.2512 13.0536
      vertex 140.01 -13.8152 14.3587
    endloop
  endfacet
  facet normal 0.0368805 -0.939986 0.339214
    outer loop
      vertex 140.01 -13.2137 16.0255
      vertex 112.01 -14.7065 14.9331
      vertex 140.01 -13.8152 14.3587
    endloop
  endfacet
  facet normal 0.0372403 -0.753162 0.65678
    outer loop
      vertex 112.01 -10.5769 22.1649
      vertex 112.01 -11.5861 21.0076
      vertex 140.01 -9.93584 21.3124
    endloop
  endfacet
  facet normal 0.0376164 -0.823031 0.566749
    outer loop
      vertex 140.01 -10.8839 20.1996
      vertex 112.01 -12.5047 19.7043
      vertex 140.01 -11.7468 18.9465
    endloop
  endfacet
  facet normal 0.0366526 -0.255193 0.966195
    outer loop
      vertex 140.01 -3.82004 24.6957
      vertex 112.01 -5.59604 25.2888
      vertex 140.01 -5.25688 24.3162
    endloop
  endfacet
  facet normal 0.036733 -0.366446 0.929714
    outer loop
      vertex 112.01 -5.59604 25.2888
      vertex 112.01 -6.99399 24.7378
      vertex 140.01 -5.25688 24.3162
    endloop
  endfacet
  facet normal 0.0377681 -0.592695 0.804541
    outer loop
      vertex 140.01 -7.78198 23.1079
      vertex 112.01 -9.47676 23.1738
      vertex 140.01 -8.9024 22.2825
    endloop
  endfacet
  facet normal 0.0371491 -0.373875 0.926735
    outer loop
      vertex 140.01 -5.25688 24.3162
      vertex 112.01 -6.99399 24.7378
      vertex 140.01 -6.57011 23.7864
    endloop
  endfacet
  facet normal 0.0364667 -0.937413 0.346305
    outer loop
      vertex 112.01 -14.0661 16.6666
      vertex 112.01 -14.7065 14.9331
      vertex 140.01 -13.2137 16.0255
    endloop
  endfacet
  facet normal 0.0370978 -0.816812 0.57571
    outer loop
      vertex 112.01 -11.5861 21.0076
      vertex 112.01 -12.5047 19.7043
      vertex 140.01 -10.8839 20.1996
    endloop
  endfacet
  facet normal 0.0373919 -0.872539 0.487112
    outer loop
      vertex 140.01 -11.7468 18.9465
      vertex 112.01 -13.3317 18.2569
      vertex 140.01 -12.5238 17.5547
    endloop
  endfacet
  facet normal 0.0372414 -0.583739 0.811087
    outer loop
      vertex 112.01 -8.28404 24.0322
      vertex 112.01 -9.47676 23.1738
      vertex 140.01 -7.78198 23.1079
    endloop
  endfacet
  facet normal 0.0375366 -0.488178 0.871936
    outer loop
      vertex 140.01 -6.57011 23.7864
      vertex 112.01 -8.28404 24.0322
      vertex 140.01 -7.78198 23.1079
    endloop
  endfacet
  facet normal 0.0370498 -0.479537 0.876739
    outer loop
      vertex 112.01 -6.99399 24.7378
      vertex 112.01 -8.28404 24.0322
      vertex 140.01 -6.57011 23.7864
    endloop
  endfacet
  facet normal 0.0529604 0.706137 -0.706092
    outer loop
      vertex 160.01 13.4 0
      vertex 140.01 15.4921 0.592133
      vertex 160.01 13.9915 0.591537
    endloop
  endfacet
  facet normal 0.0529601 0.706134 -0.706095
    outer loop
      vertex 140.01 15.4921 0.592133
      vertex 160.01 13.4 0
      vertex 140.01 14.9 0
    endloop
  endfacet
  facet normal 0.0748135 0.99711 0.0132501
    outer loop
      vertex 140.01 15.4921 0.592133
      vertex 140.01 15.4528 3.54958
      vertex 160.01 13.9915 0.591537
    endloop
  endfacet
  facet normal 0.074956 0.997085 0.0142256
    outer loop
      vertex 160.01 13.9915 0.591537
      vertex 140.01 15.4528 3.54958
      vertex 160.01 13.9574 2.98164
    endloop
  endfacet
  facet normal 0.0748135 -0.99711 0.0132501
    outer loop
      vertex 140.01 -15.4528 3.54958
      vertex 140.01 -15.4921 0.592133
      vertex 160.01 -13.9915 0.591537
    endloop
  endfacet
  facet normal 0.115047 0.893754 0.433552
    outer loop
      vertex 160.01 11.9349 13.4615
      vertex 140.01 12.5238 17.5547
      vertex 160.01 11.3118 14.746
    endloop
  endfacet
  facet normal 0.074956 -0.997085 0.0142256
    outer loop
      vertex 160.01 -13.9574 2.98164
      vertex 140.01 -15.4528 3.54958
      vertex 160.01 -13.9915 0.591537
    endloop
  endfacet
  facet normal 0.0759765 -0.995649 0.0539421
    outer loop
      vertex 140.01 -15.3113 6.16135
      vertex 140.01 -15.4528 3.54958
      vertex 160.01 -13.9574 2.98164
    endloop
  endfacet
  facet normal 0.160507 -0.649135 0.743546
    outer loop
      vertex 160.01 -8.04088 18.7173
      vertex 140.01 -8.9024 22.2825
      vertex 160.01 -8.9743 17.9024
    endloop
  endfacet
  facet normal 0.0840346 0.98289 0.163905
    outer loop
      vertex 160.01 13.6171 7.12222
      vertex 140.01 14.7476 10.597
      vertex 160.01 13.3204 8.90144
    endloop
  endfacet
  facet normal 0.0766003 0.995374 0.057983
    outer loop
      vertex 160.01 13.9574 2.98164
      vertex 140.01 15.3113 6.16135
      vertex 160.01 13.8296 5.17554
    endloop
  endfacet
  facet normal 0.0529602 -0.706134 -0.706095
    outer loop
      vertex 140.01 -14.9 0
      vertex 160.01 -13.9915 0.591537
      vertex 140.01 -15.4921 0.592133
    endloop
  endfacet
  facet normal 0.0529602 -0.706137 -0.706092
    outer loop
      vertex 160.01 -13.9915 0.591537
      vertex 140.01 -14.9 0
      vertex 160.01 -13.4 0
    endloop
  endfacet
  facet normal 0.0796214 -0.990939 0.108171
    outer loop
      vertex 160.01 -13.6171 7.12222
      vertex 140.01 -15.076 8.47884
      vertex 160.01 -13.8296 5.17554
    endloop
  endfacet
  facet normal 0.0821971 -0.98485 0.152691
    outer loop
      vertex 140.01 -14.7476 10.597
      vertex 140.01 -15.076 8.47884
      vertex 160.01 -13.6171 7.12222
    endloop
  endfacet
  facet normal 0.166703 -0.584819 0.793849
    outer loop
      vertex 140.01 -7.78198 23.1079
      vertex 140.01 -8.9024 22.2825
      vertex 160.01 -8.04088 18.7173
    endloop
  endfacet
  facet normal 0.196018 0.0315561 0.980092
    outer loop
      vertex 160.01 1.98776 20.936
      vertex 140.01 0 25
      vertex 160.01 0 21
    endloop
  endfacet
  facet normal 0.190994 -0.250663 0.949046
    outer loop
      vertex 140.01 -3.82004 24.6957
      vertex 140.01 -5.25688 24.3162
      vertex 160.01 -4.74815 20.4256
    endloop
  endfacet
  facet normal 0.166703 0.584819 0.793849
    outer loop
      vertex 140.01 8.9024 22.2825
      vertex 140.01 7.78198 23.1079
      vertex 160.01 8.04088 18.7173
    endloop
  endfacet
  facet normal 0.101348 0.935783 0.337697
    outer loop
      vertex 140.01 13.8152 14.3587
      vertex 140.01 13.2137 16.0255
      vertex 160.01 12.4782 12.0613
    endloop
  endfacet
  facet normal 0.0759765 0.995649 0.0539421
    outer loop
      vertex 140.01 15.4528 3.54958
      vertex 140.01 15.3113 6.16135
      vertex 160.01 13.9574 2.98164
    endloop
  endfacet
  facet normal 0.0872669 -0.973882 0.209614
    outer loop
      vertex 140.01 -14.3269 12.5516
      vertex 140.01 -14.7476 10.597
      vertex 160.01 -13.3204 8.90144
    endloop
  endfacet
  facet normal 0.0784426 -0.99182 0.100702
    outer loop
      vertex 140.01 -15.076 8.47884
      vertex 140.01 -15.3113 6.16135
      vertex 160.01 -13.8296 5.17554
    endloop
  endfacet
  facet normal 0.0766003 -0.995374 0.057983
    outer loop
      vertex 160.01 -13.8296 5.17554
      vertex 140.01 -15.3113 6.16135
      vertex 160.01 -13.9574 2.98164
    endloop
  endfacet
  facet normal 0.101348 -0.935783 0.337697
    outer loop
      vertex 140.01 -13.2137 16.0255
      vertex 140.01 -13.8152 14.3587
      vertex 160.01 -12.4782 12.0613
    endloop
  endfacet
  facet normal 0.185109 0.367668 0.911348
    outer loop
      vertex 140.01 6.57011 23.7864
      vertex 140.01 5.25688 24.3162
      vertex 160.01 5.9343 19.9806
    endloop
  endfacet
  facet normal 0.110326 0.905964 0.408727
    outer loop
      vertex 140.01 13.2137 16.0255
      vertex 140.01 12.5238 17.5547
      vertex 160.01 11.9349 13.4615
    endloop
  endfacet
  facet normal 0.0969514 0.952132 0.289905
    outer loop
      vertex 160.01 12.9404 10.5433
      vertex 140.01 13.8152 14.3587
      vertex 160.01 12.4782 12.0613
    endloop
  endfacet
  facet normal 0.0872669 0.973882 0.209614
    outer loop
      vertex 140.01 14.7476 10.597
      vertex 140.01 14.3269 12.5516
      vertex 160.01 13.3204 8.90144
    endloop
  endfacet
  facet normal 0.0821971 0.98485 0.152691
    outer loop
      vertex 140.01 15.076 8.47884
      vertex 140.01 14.7476 10.597
      vertex 160.01 13.6171 7.12222
    endloop
  endfacet
  facet normal 0.0840346 -0.98289 0.163905
    outer loop
      vertex 160.01 -13.3204 8.90144
      vertex 140.01 -14.7476 10.597
      vertex 160.01 -13.6171 7.12222
    endloop
  endfacet
  facet normal 0.110326 -0.905964 0.408727
    outer loop
      vertex 140.01 -12.5238 17.5547
      vertex 140.01 -13.2137 16.0255
      vertex 160.01 -11.9349 13.4615
    endloop
  endfacet
  facet normal 0.115047 -0.893754 0.433552
    outer loop
      vertex 160.01 -11.3118 14.746
      vertex 140.01 -12.5238 17.5547
      vertex 160.01 -11.9349 13.4615
    endloop
  endfacet
  facet normal 0.148946 -0.729113 0.667989
    outer loop
      vertex 160.01 -8.9743 17.9024
      vertex 140.01 -9.93584 21.3124
      vertex 160.01 -9.83064 16.9677
    endloop
  endfacet
  facet normal 0.120484 -0.866789 0.483902
    outer loop
      vertex 140.01 -11.7468 18.9465
      vertex 140.01 -12.5238 17.5547
      vertex 160.01 -11.3118 14.746
    endloop
  endfacet
  facet normal 0.105395 -0.927087 0.359725
    outer loop
      vertex 160.01 -11.9349 13.4615
      vertex 140.01 -13.2137 16.0255
      vertex 160.01 -12.4782 12.0613
    endloop
  endfacet
  facet normal 0.187674 -0.345016 0.919642
    outer loop
      vertex 160.01 -4.74815 20.4256
      vertex 140.01 -5.25688 24.3162
      vertex 160.01 -5.9343 19.9806
    endloop
  endfacet
  facet normal 0.171224 -0.556825 0.81279
    outer loop
      vertex 160.01 -7.02888 19.4106
      vertex 140.01 -7.78198 23.1079
      vertex 160.01 -8.04088 18.7173
    endloop
  endfacet
  facet normal 0.187674 0.345016 0.919642
    outer loop
      vertex 160.01 5.9343 19.9806
      vertex 140.01 5.25688 24.3162
      vertex 160.01 4.74815 20.4256
    endloop
  endfacet
  facet normal 0.192596 0.234088 0.952948
    outer loop
      vertex 160.01 4.74815 20.4256
      vertex 140.01 3.82004 24.6957
      vertex 160.01 3.45035 20.7444
    endloop
  endfacet
  facet normal 0.143387 0.753337 0.641812
    outer loop
      vertex 140.01 10.8839 20.1996
      vertex 140.01 9.93584 21.3124
      vertex 160.01 9.83064 16.9677
    endloop
  endfacet
  facet normal 0.0936471 0.957942 0.271252
    outer loop
      vertex 140.01 14.3269 12.5516
      vertex 140.01 13.8152 14.3587
      vertex 160.01 12.9404 10.5433
    endloop
  endfacet
  facet normal 0.0969514 -0.952132 0.289905
    outer loop
      vertex 160.01 -12.4782 12.0613
      vertex 140.01 -13.8152 14.3587
      vertex 160.01 -12.9404 10.5433
    endloop
  endfacet
  facet normal 0.155308 -0.676106 0.72025
    outer loop
      vertex 140.01 -8.9024 22.2825
      vertex 140.01 -9.93584 21.3124
      vertex 160.01 -8.9743 17.9024
    endloop
  endfacet
  facet normal 0.125744 -0.850558 0.510626
    outer loop
      vertex 160.01 -10.61 15.915
      vertex 140.01 -11.7468 18.9465
      vertex 160.01 -11.3118 14.746
    endloop
  endfacet
  facet normal 0.19578 0.03389 0.980062
    outer loop
      vertex 140.01 2.20073 24.9239
      vertex 140.01 0 25
      vertex 160.01 1.98776 20.936
    endloop
  endfacet
  facet normal 0.185109 -0.367668 0.911348
    outer loop
      vertex 140.01 -5.25688 24.3162
      vertex 140.01 -6.57011 23.7864
      vertex 160.01 -5.9343 19.9806
    endloop
  endfacet
  facet normal 0.180448 0.454293 0.872386
    outer loop
      vertex 160.01 7.02888 19.4106
      vertex 140.01 6.57011 23.7864
      vertex 160.01 5.9343 19.9806
    endloop
  endfacet
  facet normal 0.160507 0.649135 0.743546
    outer loop
      vertex 160.01 8.9743 17.9024
      vertex 140.01 8.9024 22.2825
      vertex 160.01 8.04088 18.7173
    endloop
  endfacet
  facet normal 0.137169 0.796113 0.589397
    outer loop
      vertex 160.01 10.61 15.915
      vertex 140.01 10.8839 20.1996
      vertex 160.01 9.83064 16.9677
    endloop
  endfacet
  facet normal 0.148946 0.729113 0.667989
    outer loop
      vertex 160.01 9.83064 16.9677
      vertex 140.01 9.93584 21.3124
      vertex 160.01 8.9743 17.9024
    endloop
  endfacet
  facet normal 0.0784426 0.99182 0.100702
    outer loop
      vertex 140.01 15.3113 6.16135
      vertex 140.01 15.076 8.47884
      vertex 160.01 13.8296 5.17554
    endloop
  endfacet
  facet normal 0.0796214 0.990939 0.108171
    outer loop
      vertex 160.01 13.8296 5.17554
      vertex 140.01 15.076 8.47884
      vertex 160.01 13.6171 7.12222
    endloop
  endfacet
  facet normal 0.0898172 0.970309 0.224573
    outer loop
      vertex 160.01 13.3204 8.90144
      vertex 140.01 14.3269 12.5516
      vertex 160.01 12.9404 10.5433
    endloop
  endfacet
  facet normal 0.0936471 -0.957942 0.271252
    outer loop
      vertex 140.01 -13.8152 14.3587
      vertex 140.01 -14.3269 12.5516
      vertex 160.01 -12.9404 10.5433
    endloop
  endfacet
  facet normal 0.0898172 -0.970309 0.224573
    outer loop
      vertex 160.01 -12.9404 10.5433
      vertex 140.01 -14.3269 12.5516
      vertex 160.01 -13.3204 8.90144
    endloop
  endfacet
  facet normal 0.194429 -0.136882 0.971319
    outer loop
      vertex 140.01 -2.20073 24.9239
      vertex 140.01 -3.82004 24.6957
      vertex 160.01 -3.45035 20.7444
    endloop
  endfacet
  facet normal 0.195257 0.127391 0.972444
    outer loop
      vertex 160.01 3.45035 20.7444
      vertex 140.01 2.20073 24.9239
      vertex 160.01 1.98776 20.936
    endloop
  endfacet
  facet normal 0.180448 -0.454293 0.872386
    outer loop
      vertex 160.01 -5.9343 19.9806
      vertex 140.01 -6.57011 23.7864
      vertex 160.01 -7.02888 19.4106
    endloop
  endfacet
  facet normal 0.176867 -0.480821 0.858795
    outer loop
      vertex 140.01 -6.57011 23.7864
      vertex 140.01 -7.78198 23.1079
      vertex 160.01 -7.02888 19.4106
    endloop
  endfacet
  facet normal 0.171224 0.556825 0.81279
    outer loop
      vertex 160.01 8.04088 18.7173
      vertex 140.01 7.78198 23.1079
      vertex 160.01 7.02888 19.4106
    endloop
  endfacet
  facet normal 0.176867 0.480821 0.858795
    outer loop
      vertex 140.01 7.78198 23.1079
      vertex 140.01 6.57011 23.7864
      vertex 160.01 7.02888 19.4106
    endloop
  endfacet
  facet normal 0.155308 0.676106 0.72025
    outer loop
      vertex 140.01 9.93584 21.3124
      vertex 140.01 8.9024 22.2825
      vertex 160.01 8.9743 17.9024
    endloop
  endfacet
  facet normal 0.120484 0.866789 0.483902
    outer loop
      vertex 140.01 12.5238 17.5547
      vertex 140.01 11.7468 18.9465
      vertex 160.01 11.3118 14.746
    endloop
  endfacet
  facet normal 0.105395 0.927087 0.359725
    outer loop
      vertex 160.01 12.4782 12.0613
      vertex 140.01 13.2137 16.0255
      vertex 160.01 11.9349 13.4615
    endloop
  endfacet
  facet normal 0.131625 -0.816448 0.562216
    outer loop
      vertex 140.01 -10.8839 20.1996
      vertex 140.01 -11.7468 18.9465
      vertex 160.01 -10.61 15.915
    endloop
  endfacet
  facet normal 0.143387 -0.753337 0.641812
    outer loop
      vertex 140.01 -9.93584 21.3124
      vertex 140.01 -10.8839 20.1996
      vertex 160.01 -9.83064 16.9677
    endloop
  endfacet
  facet normal 0.196018 -0.0315561 0.980092
    outer loop
      vertex 160.01 0 21
      vertex 140.01 0 25
      vertex 160.01 -1.98776 20.936
    endloop
  endfacet
  facet normal 0.195257 -0.127391 0.972444
    outer loop
      vertex 160.01 -1.98776 20.936
      vertex 140.01 -2.20073 24.9239
      vertex 160.01 -3.45035 20.7444
    endloop
  endfacet
  facet normal 0.192596 -0.234088 0.952948
    outer loop
      vertex 160.01 -3.45035 20.7444
      vertex 140.01 -3.82004 24.6957
      vertex 160.01 -4.74815 20.4256
    endloop
  endfacet
  facet normal 0.194429 0.136882 0.971319
    outer loop
      vertex 140.01 3.82004 24.6957
      vertex 140.01 2.20073 24.9239
      vertex 160.01 3.45035 20.7444
    endloop
  endfacet
  facet normal 0.125744 0.850558 0.510626
    outer loop
      vertex 160.01 11.3118 14.746
      vertex 140.01 11.7468 18.9465
      vertex 160.01 10.61 15.915
    endloop
  endfacet
  facet normal 0.131625 0.816448 0.562216
    outer loop
      vertex 140.01 11.7468 18.9465
      vertex 140.01 10.8839 20.1996
      vertex 160.01 10.61 15.915
    endloop
  endfacet
  facet normal 0.137169 -0.796113 0.589397
    outer loop
      vertex 160.01 -9.83064 16.9677
      vertex 140.01 -10.8839 20.1996
      vertex 160.01 -10.61 15.915
    endloop
  endfacet
  facet normal 0.19578 -0.03389 0.980062
    outer loop
      vertex 140.01 0 25
      vertex 140.01 -2.20073 24.9239
      vertex 160.01 -1.98776 20.936
    endloop
  endfacet
  facet normal 0.190994 0.250663 0.949046
    outer loop
      vertex 140.01 5.25688 24.3162
      vertex 140.01 3.82004 24.6957
      vertex 160.01 4.74815 20.4256
    endloop
  endfacet
  facet normal 0.318406 0.94635 0.0551272
    outer loop
      vertex 160.01 13.9574 2.98164
      vertex 160.01 13.8296 5.17554
      vertex 172.01 9.96954 2.12975
    endloop
  endfacet
  facet normal 0.229413 0.688244 -0.688252
    outer loop
      vertex 172.01 9.39999 0
      vertex 160.01 13.9915 0.591537
      vertex 172.01 9.99155 0.591553
    endloop
  endfacet
  facet normal 0.229423 0.688268 -0.688224
    outer loop
      vertex 160.01 13.9915 0.591537
      vertex 172.01 9.39999 0
      vertex 160.01 13.4 0
    endloop
  endfacet
  facet normal 0.318404 0.946351 0.0551182
    outer loop
      vertex 172.01 9.96954 2.12975
      vertex 160.01 13.8296 5.17554
      vertex 172.01 9.87827 3.69681
    endloop
  endfacet
  facet normal 0.316202 0.948595 0.0135734
    outer loop
      vertex 172.01 9.99155 0.591553
      vertex 160.01 13.9574 2.98164
      vertex 172.01 9.96954 2.12975
    endloop
  endfacet
  facet normal 0.44668 0.213433 0.868863
    outer loop
      vertex 160.01 4.74815 20.4256
      vertex 160.01 3.45035 20.7444
      vertex 172.01 2.46454 14.8174
    endloop
  endfacet
  facet normal 0.32841 -0.931673 0.155344
    outer loop
      vertex 172.01 -9.51456 6.35817
      vertex 160.01 -13.6171 7.12222
      vertex 172.01 -9.72646 5.0873
    endloop
  endfacet
  facet normal 0.447027 0.028786 0.894057
    outer loop
      vertex 160.01 1.98776 20.936
      vertex 160.01 0 21
      vertex 172.01 1.41983 14.9543
    endloop
  endfacet
  facet normal 0.443661 -0.314795 0.839088
    outer loop
      vertex 160.01 -4.74815 20.4256
      vertex 160.01 -5.9343 19.9806
      vertex 172.01 -4.23877 14.2718
    endloop
  endfacet
  facet normal 0.44668 -0.213433 0.868863
    outer loop
      vertex 160.01 -3.45035 20.7444
      vertex 160.01 -4.74815 20.4256
      vertex 172.01 -2.46454 14.8174
    endloop
  endfacet
  facet normal 0.229421 -0.688268 -0.688225
    outer loop
      vertex 160.01 -13.4 0
      vertex 172.01 -9.99155 0.591553
      vertex 160.01 -13.9915 0.591537
    endloop
  endfacet
  facet normal 0.229415 -0.688243 -0.688251
    outer loop
      vertex 172.01 -9.99155 0.591553
      vertex 160.01 -13.4 0
      vertex 172.01 -9.39999 0
    endloop
  endfacet
  facet normal 0.437991 0.415174 0.797367
    outer loop
      vertex 172.01 5.02063 13.8647
      vertex 160.01 7.02888 19.4106
      vertex 172.01 4.23877 14.2718
    endloop
  endfacet
  facet normal 0.345244 0.897819 0.273364
    outer loop
      vertex 172.01 9.24315 7.53094
      vertex 160.01 12.9404 10.5433
      vertex 172.01 8.91301 8.61523
    endloop
  endfacet
  facet normal 0.367837 0.836633 0.405883
    outer loop
      vertex 172.01 8.52493 9.61533
      vertex 160.01 11.3118 14.746
      vertex 172.01 8.07983 10.5328
    endloop
  endfacet
  facet normal 0.429685 0.510332 0.744938
    outer loop
      vertex 172.01 5.74348 13.3695
      vertex 160.01 7.02888 19.4106
      vertex 172.01 5.02063 13.8647
    endloop
  endfacet
  facet normal 0.446679 0.213423 0.868866
    outer loop
      vertex 172.01 3.39153 14.5897
      vertex 160.01 4.74815 20.4256
      vertex 172.01 2.46454 14.8174
    endloop
  endfacet
  facet normal 0.39387 -0.738726 0.546946
    outer loop
      vertex 172.01 -7.02188 12.1198
      vertex 160.01 -9.83064 16.9677
      vertex 172.01 -7.57858 11.3679
    endloop
  endfacet
  facet normal 0.406937 -0.673526 0.617061
    outer loop
      vertex 160.01 -8.9743 17.9024
      vertex 160.01 -9.83064 16.9677
      vertex 172.01 -6.41022 12.7874
    endloop
  endfacet
  facet normal 0.447502 -0.116159 0.886707
    outer loop
      vertex 160.01 -1.98776 20.936
      vertex 160.01 -3.45035 20.7444
      vertex 172.01 -2.46454 14.8174
    endloop
  endfacet
  facet normal 0.429684 -0.510338 0.744934
    outer loop
      vertex 160.01 -7.02888 19.4106
      vertex 160.01 -8.04088 18.7173
      vertex 172.01 -5.74348 13.3695
    endloop
  endfacet
  facet normal 0.316195 -0.948598 0.0135338
    outer loop
      vertex 160.01 -13.9574 2.98164
      vertex 160.01 -13.9915 0.591537
      vertex 172.01 -9.99155 0.591553
    endloop
  endfacet
  facet normal 0.322501 -0.940979 0.102718
    outer loop
      vertex 160.01 -13.6171 7.12222
      vertex 160.01 -13.8296 5.17554
      vertex 172.01 -9.87827 3.69681
    endloop
  endfacet
  facet normal 0.316202 -0.948595 0.0135734
    outer loop
      vertex 172.01 -9.96954 2.12975
      vertex 160.01 -13.9574 2.98164
      vertex 172.01 -9.99155 0.591553
    endloop
  endfacet
  facet normal 0.32841 -0.93167 0.155364
    outer loop
      vertex 160.01 -13.3204 8.90144
      vertex 160.01 -13.6171 7.12222
      vertex 172.01 -9.51456 6.35817
    endloop
  endfacet
  facet normal 0.336029 0.917596 0.212373
    outer loop
      vertex 160.01 13.3204 8.90144
      vertex 160.01 12.9404 10.5433
      vertex 172.01 9.51456 6.35817
    endloop
  endfacet
  facet normal 0.32841 0.93167 0.155364
    outer loop
      vertex 160.01 13.6171 7.12222
      vertex 160.01 13.3204 8.90144
      vertex 172.01 9.51456 6.35817
    endloop
  endfacet
  facet normal 0.322501 0.940979 0.102718
    outer loop
      vertex 160.01 13.8296 5.17554
      vertex 160.01 13.6171 7.12222
      vertex 172.01 9.87827 3.69681
    endloop
  endfacet
  facet normal 0.316195 0.948598 0.0135338
    outer loop
      vertex 160.01 13.9915 0.591537
      vertex 160.01 13.9574 2.98164
      vertex 172.01 9.99155 0.591553
    endloop
  endfacet
  facet normal 0.32841 0.931673 0.155344
    outer loop
      vertex 172.01 9.72646 5.0873
      vertex 160.01 13.6171 7.12222
      vertex 172.01 9.51456 6.35817
    endloop
  endfacet
  facet normal 0.345244 0.897818 0.273367
    outer loop
      vertex 160.01 12.9404 10.5433
      vertex 160.01 12.4782 12.0613
      vertex 172.01 8.91301 8.61523
    endloop
  endfacet
  facet normal 0.355921 0.87123 0.338051
    outer loop
      vertex 160.01 12.4782 12.0613
      vertex 160.01 11.9349 13.4615
      vertex 172.01 8.91301 8.61523
    endloop
  endfacet
  facet normal 0.406938 0.673512 0.617076
    outer loop
      vertex 172.01 7.02188 12.1198
      vertex 160.01 9.83064 16.9677
      vertex 172.01 6.41022 12.7874
    endloop
  endfacet
  facet normal 0.39387 0.738726 0.546946
    outer loop
      vertex 172.01 7.57858 11.3679
      vertex 160.01 9.83064 16.9677
      vertex 172.01 7.02188 12.1198
    endloop
  endfacet
  facet normal 0.419123 0.597111 0.683955
    outer loop
      vertex 160.01 8.9743 17.9024
      vertex 160.01 8.04088 18.7173
      vertex 172.01 6.41022 12.7874
    endloop
  endfacet
  facet normal 0.406938 -0.673512 0.617076
    outer loop
      vertex 172.01 -6.41022 12.7874
      vertex 160.01 -9.83064 16.9677
      vertex 172.01 -7.02188 12.1198
    endloop
  endfacet
  facet normal 0.345244 -0.897819 0.273364
    outer loop
      vertex 172.01 -8.91301 8.61523
      vertex 160.01 -12.9404 10.5433
      vertex 172.01 -9.24315 7.53094
    endloop
  endfacet
  facet normal 0.447499 -0.116195 0.886704
    outer loop
      vertex 172.01 -1.41983 14.9543
      vertex 160.01 -1.98776 20.936
      vertex 172.01 -2.46454 14.8174
    endloop
  endfacet
  facet normal 0.447502 0.116159 0.886707
    outer loop
      vertex 160.01 3.45035 20.7444
      vertex 160.01 1.98776 20.936
      vertex 172.01 2.46454 14.8174
    endloop
  endfacet
  facet normal 0.380638 -0.792825 0.475966
    outer loop
      vertex 160.01 -10.61 15.915
      vertex 160.01 -11.3118 14.746
      vertex 172.01 -7.57858 11.3679
    endloop
  endfacet
  facet normal 0.393864 -0.738745 0.546925
    outer loop
      vertex 160.01 -9.83064 16.9677
      vertex 160.01 -10.61 15.915
      vertex 172.01 -7.57858 11.3679
    endloop
  endfacet
  facet normal 0.429685 -0.510332 0.744938
    outer loop
      vertex 172.01 -5.02063 13.8647
      vertex 160.01 -7.02888 19.4106
      vertex 172.01 -5.74348 13.3695
    endloop
  endfacet
  facet normal 0.447027 -0.028786 0.894057
    outer loop
      vertex 160.01 0 21
      vertex 160.01 -1.98776 20.936
      vertex 172.01 -1.41983 14.9543
    endloop
  endfacet
  facet normal 0.322505 -0.940976 0.102733
    outer loop
      vertex 172.01 -9.72646 5.0873
      vertex 160.01 -13.6171 7.12222
      vertex 172.01 -9.87827 3.69681
    endloop
  endfacet
  facet normal 0.318404 -0.946351 0.0551182
    outer loop
      vertex 172.01 -9.87827 3.69681
      vertex 160.01 -13.8296 5.17554
      vertex 172.01 -9.96954 2.12975
    endloop
  endfacet
  facet normal 0.318406 -0.94635 0.0551272
    outer loop
      vertex 160.01 -13.8296 5.17554
      vertex 160.01 -13.9574 2.98164
      vertex 172.01 -9.96954 2.12975
    endloop
  endfacet
  facet normal 0.443656 0.314836 0.839075
    outer loop
      vertex 172.01 4.23877 14.2718
      vertex 160.01 4.74815 20.4256
      vertex 172.01 3.39153 14.5897
    endloop
  endfacet
  facet normal 0.322505 0.940976 0.102733
    outer loop
      vertex 172.01 9.87827 3.69681
      vertex 160.01 13.6171 7.12222
      vertex 172.01 9.72646 5.0873
    endloop
  endfacet
  facet normal 0.355926 0.871221 0.33807
    outer loop
      vertex 172.01 8.91301 8.61523
      vertex 160.01 11.9349 13.4615
      vertex 172.01 8.52493 9.61533
    endloop
  endfacet
  facet normal 0.367828 0.836652 0.405853
    outer loop
      vertex 160.01 11.9349 13.4615
      vertex 160.01 11.3118 14.746
      vertex 172.01 8.52493 9.61533
    endloop
  endfacet
  facet normal 0.336025 0.917601 0.212357
    outer loop
      vertex 172.01 9.51456 6.35817
      vertex 160.01 12.9404 10.5433
      vertex 172.01 9.24315 7.53094
    endloop
  endfacet
  facet normal 0.380638 0.792825 0.475966
    outer loop
      vertex 160.01 11.3118 14.746
      vertex 160.01 10.61 15.915
      vertex 172.01 7.57858 11.3679
    endloop
  endfacet
  facet normal 0.406937 0.673526 0.617061
    outer loop
      vertex 160.01 9.83064 16.9677
      vertex 160.01 8.9743 17.9024
      vertex 172.01 6.41022 12.7874
    endloop
  endfacet
  facet normal 0.336029 -0.917596 0.212373
    outer loop
      vertex 160.01 -12.9404 10.5433
      vertex 160.01 -13.3204 8.90144
      vertex 172.01 -9.51456 6.35817
    endloop
  endfacet
  facet normal 0.355926 -0.871221 0.33807
    outer loop
      vertex 172.01 -8.52493 9.61533
      vertex 160.01 -11.9349 13.4615
      vertex 172.01 -8.91301 8.61523
    endloop
  endfacet
  facet normal 0.336025 -0.917601 0.212357
    outer loop
      vertex 172.01 -9.24315 7.53094
      vertex 160.01 -12.9404 10.5433
      vertex 172.01 -9.51456 6.35817
    endloop
  endfacet
  facet normal 0.41912 -0.597122 0.683947
    outer loop
      vertex 172.01 -5.74348 13.3695
      vertex 160.01 -8.04088 18.7173
      vertex 172.01 -6.41022 12.7874
    endloop
  endfacet
  facet normal 0.419123 -0.597111 0.683955
    outer loop
      vertex 160.01 -8.04088 18.7173
      vertex 160.01 -8.9743 17.9024
      vertex 172.01 -6.41022 12.7874
    endloop
  endfacet
  facet normal 0.355921 -0.87123 0.338051
    outer loop
      vertex 160.01 -11.9349 13.4615
      vertex 160.01 -12.4782 12.0613
      vertex 172.01 -8.91301 8.61523
    endloop
  endfacet
  facet normal 0.345244 -0.897818 0.273367
    outer loop
      vertex 160.01 -12.4782 12.0613
      vertex 160.01 -12.9404 10.5433
      vertex 172.01 -8.91301 8.61523
    endloop
  endfacet
  facet normal 0.447499 0.116195 0.886704
    outer loop
      vertex 172.01 2.46454 14.8174
      vertex 160.01 1.98776 20.936
      vertex 172.01 1.41983 14.9543
    endloop
  endfacet
  facet normal 0.443656 -0.314836 0.839075
    outer loop
      vertex 172.01 -3.39153 14.5897
      vertex 160.01 -4.74815 20.4256
      vertex 172.01 -4.23877 14.2718
    endloop
  endfacet
  facet normal 0.437991 -0.415174 0.797367
    outer loop
      vertex 172.01 -4.23877 14.2718
      vertex 160.01 -7.02888 19.4106
      vertex 172.01 -5.02063 13.8647
    endloop
  endfacet
  facet normal 0.437991 -0.415216 0.797345
    outer loop
      vertex 160.01 -5.9343 19.9806
      vertex 160.01 -7.02888 19.4106
      vertex 172.01 -4.23877 14.2718
    endloop
  endfacet
  facet normal 0.380632 -0.792867 0.475901
    outer loop
      vertex 172.01 -7.57858 11.3679
      vertex 160.01 -11.3118 14.746
      vertex 172.01 -8.07983 10.5328
    endloop
  endfacet
  facet normal 0.437991 0.415216 0.797345
    outer loop
      vertex 160.01 7.02888 19.4106
      vertex 160.01 5.9343 19.9806
      vertex 172.01 4.23877 14.2718
    endloop
  endfacet
  facet normal 0.443661 0.314795 0.839088
    outer loop
      vertex 160.01 5.9343 19.9806
      vertex 160.01 4.74815 20.4256
      vertex 172.01 4.23877 14.2718
    endloop
  endfacet
  facet normal 0.41912 0.597122 0.683947
    outer loop
      vertex 172.01 6.41022 12.7874
      vertex 160.01 8.04088 18.7173
      vertex 172.01 5.74348 13.3695
    endloop
  endfacet
  facet normal 0.429684 0.510338 0.744934
    outer loop
      vertex 160.01 8.04088 18.7173
      vertex 160.01 7.02888 19.4106
      vertex 172.01 5.74348 13.3695
    endloop
  endfacet
  facet normal 0.393864 0.738745 0.546925
    outer loop
      vertex 160.01 10.61 15.915
      vertex 160.01 9.83064 16.9677
      vertex 172.01 7.57858 11.3679
    endloop
  endfacet
  facet normal 0.367837 -0.836633 0.405883
    outer loop
      vertex 172.01 -8.07983 10.5328
      vertex 160.01 -11.3118 14.746
      vertex 172.01 -8.52493 9.61533
    endloop
  endfacet
  facet normal 0.367828 -0.836652 0.405853
    outer loop
      vertex 160.01 -11.3118 14.746
      vertex 160.01 -11.9349 13.4615
      vertex 172.01 -8.52493 9.61533
    endloop
  endfacet
  facet normal 0.447028 0.028777 0.894057
    outer loop
      vertex 172.01 1.41983 14.9543
      vertex 160.01 0 21
      vertex 172.01 0 15
    endloop
  endfacet
  facet normal 0.447028 -0.028777 0.894057
    outer loop
      vertex 172.01 0 15
      vertex 160.01 0 21
      vertex 172.01 -1.41983 14.9543
    endloop
  endfacet
  facet normal 0.446679 -0.213423 0.868866
    outer loop
      vertex 172.01 -2.46454 14.8174
      vertex 160.01 -4.74815 20.4256
      vertex 172.01 -3.39153 14.5897
    endloop
  endfacet
  facet normal 0.380632 0.792867 0.475901
    outer loop
      vertex 172.01 8.07983 10.5328
      vertex 160.01 11.3118 14.746
      vertex 172.01 7.57858 11.3679
    endloop
  endfacet
  facet normal 0.747594 0.657677 0.0925399
    outer loop
      vertex 177.01 4.37691 2.71323
      vertex 172.01 9.72646 5.0873
      vertex 177.01 4.28154 3.39102
    endloop
  endfacet
  facet normal 0.613958 0.558143 -0.55815
    outer loop
      vertex 177.01 4.49284 0.59285
      vertex 172.01 9.39999 0
      vertex 172.01 9.99155 0.591553
    endloop
  endfacet
  facet normal 0.61396 0.558146 -0.558146
    outer loop
      vertex 172.01 9.39999 0
      vertex 177.01 4.49284 0.59285
      vertex 177.01 3.89999 0
    endloop
  endfacet
  facet normal 0.739836 0.672738 0.00812722
    outer loop
      vertex 177.01 4.49284 0.59285
      vertex 172.01 9.99155 0.591553
      vertex 177.01 4.48628 1.13586
    endloop
  endfacet
  facet normal 0.741482 0.670165 0.0329245
    outer loop
      vertex 177.01 4.48628 1.13586
      vertex 172.01 9.96954 2.12975
      vertex 177.01 4.44522 1.97162
    endloop
  endfacet
  facet normal 0.775603 0.567917 0.275518
    outer loop
      vertex 172.01 8.52493 9.61533
      vertex 172.01 8.07983 10.5328
      vertex 177.01 3.63593 5.61751
    endloop
  endfacet
  facet normal 0.783483 0.532804 0.319803
    outer loop
      vertex 172.01 8.07983 10.5328
      vertex 172.01 7.57858 11.3679
      vertex 177.01 3.41035 6.06287
    endloop
  endfacet
  facet normal 0.816014 0.161597 0.554985
    outer loop
      vertex 177.01 1.52618 7.78116
      vertex 172.01 3.39153 14.5897
      vertex 177.01 1.10904 7.90262
    endloop
  endfacet
  facet normal 0.61396 -0.558146 -0.558146
    outer loop
      vertex 177.01 -4.49284 0.59285
      vertex 172.01 -9.39999 0
      vertex 177.01 -3.89999 0
    endloop
  endfacet
  facet normal 0.613958 -0.558143 -0.55815
    outer loop
      vertex 172.01 -9.39999 0
      vertex 177.01 -4.49284 0.59285
      vertex 172.01 -9.99155 0.591553
    endloop
  endfacet
  facet normal 0.747594 -0.657677 0.0925399
    outer loop
      vertex 177.01 -4.28154 3.39102
      vertex 172.01 -9.72646 5.0873
      vertex 177.01 -4.37691 2.71323
    endloop
  endfacet
  facet normal 0.739752 -0.67281 0.00962722
    outer loop
      vertex 172.01 -9.96954 2.12975
      vertex 172.01 -9.99155 0.591553
      vertex 177.01 -4.48628 1.13586
    endloop
  endfacet
  facet normal 0.814555 -0.0753708 0.575169
    outer loop
      vertex 172.01 -1.41983 14.9543
      vertex 172.01 -2.46454 14.8174
      vertex 177.01 -0.638916 7.97563
    endloop
  endfacet
  facet normal 0.813105 0.268838 0.51632
    outer loop
      vertex 172.01 5.02063 13.8647
      vertex 172.01 4.23877 14.2718
      vertex 177.01 1.90744 7.61163
    endloop
  endfacet
  facet normal 0.760756 0.620895 0.189048
    outer loop
      vertex 172.01 9.24315 7.53094
      vertex 172.01 8.91301 8.61523
      vertex 177.01 4.01085 4.59479
    endloop
  endfacet
  facet normal 0.770257 0.590212 0.241566
    outer loop
      vertex 177.01 3.83621 5.12817
      vertex 172.01 8.52493 9.61533
      vertex 177.01 3.63593 5.61751
    endloop
  endfacet
  facet normal 0.744061 -0.665295 0.0612806
    outer loop
      vertex 177.01 -4.37691 2.71323
      vertex 172.01 -9.87827 3.69681
      vertex 177.01 -4.44522 1.97162
    endloop
  endfacet
  facet normal 0.744492 -0.663688 0.0724597
    outer loop
      vertex 172.01 -9.72646 5.0873
      vertex 172.01 -9.87827 3.69681
      vertex 177.01 -4.37691 2.71323
    endloop
  endfacet
  facet normal 0.748856 -0.653708 0.108997
    outer loop
      vertex 172.01 -9.51456 6.35817
      vertex 172.01 -9.72646 5.0873
      vertex 177.01 -4.28154 3.39102
    endloop
  endfacet
  facet normal 0.752026 -0.646916 0.126318
    outer loop
      vertex 177.01 -4.15941 4.01649
      vertex 172.01 -9.51456 6.35817
      vertex 177.01 -4.28154 3.39102
    endloop
  endfacet
  facet normal 0.770257 -0.590212 0.241566
    outer loop
      vertex 177.01 -3.63593 5.61751
      vertex 172.01 -8.52493 9.61533
      vertex 177.01 -3.83621 5.12817
    endloop
  endfacet
  facet normal 0.767929 -0.597153 0.23172
    outer loop
      vertex 172.01 -8.52493 9.61533
      vertex 172.01 -8.91301 8.61523
      vertex 177.01 -3.83621 5.12817
    endloop
  endfacet
  facet normal 0.752026 0.646916 0.126318
    outer loop
      vertex 177.01 4.28154 3.39102
      vertex 172.01 9.51456 6.35817
      vertex 177.01 4.15941 4.01649
    endloop
  endfacet
  facet normal 0.748856 0.653708 0.108997
    outer loop
      vertex 172.01 9.72646 5.0873
      vertex 172.01 9.51456 6.35817
      vertex 177.01 4.28154 3.39102
    endloop
  endfacet
  facet normal 0.741406 0.669921 0.0390181
    outer loop
      vertex 172.01 9.96954 2.12975
      vertex 172.01 9.87827 3.69681
      vertex 177.01 4.44522 1.97162
    endloop
  endfacet
  facet normal 0.739752 0.67281 0.00962722
    outer loop
      vertex 172.01 9.99155 0.591553
      vertex 172.01 9.96954 2.12975
      vertex 177.01 4.48628 1.13586
    endloop
  endfacet
  facet normal 0.804711 0.390439 0.447211
    outer loop
      vertex 172.01 6.41022 12.7874
      vertex 172.01 5.74348 13.3695
      vertex 177.01 2.58456 7.1304
    endloop
  endfacet
  facet normal 0.793285 0.481718 0.372354
    outer loop
      vertex 177.01 3.15984 6.46387
      vertex 172.01 7.02188 12.1198
      vertex 177.01 2.8846 6.81995
    endloop
  endfacet
  facet normal 0.812008 0.306495 0.496694
    outer loop
      vertex 177.01 2.25928 7.39452
      vertex 172.01 5.02063 13.8647
      vertex 177.01 1.90744 7.61163
    endloop
  endfacet
  facet normal 0.798441 0.443922 0.406724
    outer loop
      vertex 172.01 7.02188 12.1198
      vertex 172.01 6.41022 12.7874
      vertex 177.01 2.8846 6.81995
    endloop
  endfacet
  facet normal 0.815019 0.235425 0.529452
    outer loop
      vertex 177.01 1.90744 7.61163
      vertex 172.01 4.23877 14.2718
      vertex 177.01 1.52618 7.78116
    endloop
  endfacet
  facet normal 0.814902 0.203615 0.542656
    outer loop
      vertex 172.01 4.23877 14.2718
      vertex 172.01 3.39153 14.5897
      vertex 177.01 1.52618 7.78116
    endloop
  endfacet
  facet normal 0.791232 0.49147 0.36388
    outer loop
      vertex 172.01 7.57858 11.3679
      vertex 172.01 7.02188 12.1198
      vertex 177.01 3.15984 6.46387
    endloop
  endfacet
  facet normal 0.741406 -0.669921 0.0390181
    outer loop
      vertex 172.01 -9.87827 3.69681
      vertex 172.01 -9.96954 2.12975
      vertex 177.01 -4.44522 1.97162
    endloop
  endfacet
  facet normal 1 0 0
    outer loop
      vertex 177.01 3.89999 0
      vertex 177.01 4.48628 1.13586
      vertex 177.01 4.44522 1.97162
    endloop
  endfacet
  facet normal 1 0 0
    outer loop
      vertex 177.01 3.89999 0
      vertex 177.01 4.44522 1.97162
      vertex 177.01 4.37691 2.71323
    endloop
  endfacet
  facet normal 1 0 0
    outer loop
      vertex 177.01 -4.37691 2.71323
      vertex 177.01 4.37691 2.71323
      vertex 177.01 4.28154 3.39102
    endloop
  endfacet
  facet normal 1 0 0
    outer loop
      vertex 177.01 -4.28154 3.39102
      vertex 177.01 4.28154 3.39102
      vertex 177.01 4.15941 4.01649
    endloop
  endfacet
  facet normal 1 0 0
    outer loop
      vertex 177.01 -4.15941 4.01649
      vertex 177.01 4.15941 4.01649
      vertex 177.01 4.01085 4.59479
    endloop
  endfacet
  facet normal 1 0 0
    outer loop
      vertex 177.01 4.48628 1.13586
      vertex 177.01 3.89999 0
      vertex 177.01 4.49284 0.59285
    endloop
  endfacet
  facet normal 1 0 0
    outer loop
      vertex 177.01 -4.01085 4.59479
      vertex 177.01 4.01085 4.59479
      vertex 177.01 3.83621 5.12817
    endloop
  endfacet
  facet normal 1 0 0
    outer loop
      vertex 177.01 -3.83621 5.12817
      vertex 177.01 3.83621 5.12817
      vertex 177.01 3.63593 5.61751
    endloop
  endfacet
  facet normal 1 0 0
    outer loop
      vertex 177.01 -3.63593 5.61751
      vertex 177.01 3.63593 5.61751
      vertex 177.01 3.41035 6.06287
    endloop
  endfacet
  facet normal 1 0 0
    outer loop
      vertex 177.01 0 8
      vertex 177.01 3.41035 6.06287
      vertex 177.01 3.15984 6.46387
    endloop
  endfacet
  facet normal 1 0 0
    outer loop
      vertex 177.01 0.638916 7.97563
      vertex 177.01 3.15984 6.46387
      vertex 177.01 2.8846 6.81995
    endloop
  endfacet
  facet normal 1 0 0
    outer loop
      vertex 177.01 0.638916 7.97563
      vertex 177.01 2.8846 6.81995
      vertex 177.01 2.58456 7.1304
    endloop
  endfacet
  facet normal 1 0 0
    outer loop
      vertex 177.01 0.638916 7.97563
      vertex 177.01 2.58456 7.1304
      vertex 177.01 2.25928 7.39452
    endloop
  endfacet
  facet normal 1 0 0
    outer loop
      vertex 177.01 0.638916 7.97563
      vertex 177.01 2.25928 7.39452
      vertex 177.01 1.90744 7.61163
    endloop
  endfacet
  facet normal 1 0 0
    outer loop
      vertex 177.01 0.638916 7.97563
      vertex 177.01 1.90744 7.61163
      vertex 177.01 1.52618 7.78116
    endloop
  endfacet
  facet normal 1 0 0
    outer loop
      vertex 177.01 0.638916 7.97563
      vertex 177.01 1.52618 7.78116
      vertex 177.01 1.10904 7.90262
    endloop
  endfacet
  facet normal 1 0 0
    outer loop
      vertex 177.01 3.15984 6.46387
      vertex 177.01 0.638916 7.97563
      vertex 177.01 0 8
    endloop
  endfacet
  facet normal 1 0 0
    outer loop
      vertex 177.01 3.41035 6.06287
      vertex 177.01 0 8
      vertex 177.01 -3.63593 5.61751
    endloop
  endfacet
  facet normal 1 0 0
    outer loop
      vertex 177.01 -3.41035 6.06287
      vertex 177.01 0 8
      vertex 177.01 -0.638916 7.97563
    endloop
  endfacet
  facet normal 1 0 0
    outer loop
      vertex 177.01 -2.8846 6.81995
      vertex 177.01 -0.638916 7.97563
      vertex 177.01 -1.10904 7.90262
    endloop
  endfacet
  facet normal 1 0 0
    outer loop
      vertex 177.01 -2.58456 7.1304
      vertex 177.01 -1.10904 7.90262
      vertex 177.01 -1.52618 7.78116
    endloop
  endfacet
  facet normal 1 0 0
    outer loop
      vertex 177.01 -2.58456 7.1304
      vertex 177.01 -1.52618 7.78116
      vertex 177.01 -1.90744 7.61163
    endloop
  endfacet
  facet normal 1 0 0
    outer loop
      vertex 177.01 -2.58456 7.1304
      vertex 177.01 -1.90744 7.61163
      vertex 177.01 -2.25928 7.39452
    endloop
  endfacet
  facet normal 1 0 0
    outer loop
      vertex 177.01 -1.10904 7.90262
      vertex 177.01 -2.58456 7.1304
      vertex 177.01 -2.8846 6.81995
    endloop
  endfacet
  facet normal 1 0 0
    outer loop
      vertex 177.01 -0.638916 7.97563
      vertex 177.01 -2.8846 6.81995
      vertex 177.01 -3.15984 6.46387
    endloop
  endfacet
  facet normal 1 0 0
    outer loop
      vertex 177.01 -0.638916 7.97563
      vertex 177.01 -3.15984 6.46387
      vertex 177.01 -3.41035 6.06287
    endloop
  endfacet
  facet normal 1 0 0
    outer loop
      vertex 177.01 0 8
      vertex 177.01 -3.41035 6.06287
      vertex 177.01 -3.63593 5.61751
    endloop
  endfacet
  facet normal 1 0 0
    outer loop
      vertex 177.01 3.63593 5.61751
      vertex 177.01 -3.63593 5.61751
      vertex 177.01 -3.83621 5.12817
    endloop
  endfacet
  facet normal 1 0 0
    outer loop
      vertex 177.01 3.83621 5.12817
      vertex 177.01 -3.83621 5.12817
      vertex 177.01 -4.01085 4.59479
    endloop
  endfacet
  facet normal 1 0 0
    outer loop
      vertex 177.01 4.01085 4.59479
      vertex 177.01 -4.01085 4.59479
      vertex 177.01 -4.15941 4.01649
    endloop
  endfacet
  facet normal 1 0 0
    outer loop
      vertex 177.01 4.15941 4.01649
      vertex 177.01 -4.15941 4.01649
      vertex 177.01 -4.28154 3.39102
    endloop
  endfacet
  facet normal 1 0 0
    outer loop
      vertex 177.01 4.28154 3.39102
      vertex 177.01 -4.28154 3.39102
      vertex 177.01 -4.37691 2.71323
    endloop
  endfacet
  facet normal 1 0 0
    outer loop
      vertex 177.01 4.37691 2.71323
      vertex 177.01 -4.37691 2.71323
      vertex 177.01 3.89999 0
    endloop
  endfacet
  facet normal 1 0 0
    outer loop
      vertex 177.01 3.89999 0
      vertex 177.01 -4.37691 2.71323
      vertex 177.01 -3.89999 0
    endloop
  endfacet
  facet normal 1 -0 0
    outer loop
      vertex 177.01 -4.44522 1.97162
      vertex 177.01 -3.89999 0
      vertex 177.01 -4.37691 2.71323
    endloop
  endfacet
  facet normal 1 -0 0
    outer loop
      vertex 177.01 -4.48628 1.13586
      vertex 177.01 -3.89999 0
      vertex 177.01 -4.44522 1.97162
    endloop
  endfacet
  facet normal 1 0 0
    outer loop
      vertex 177.01 -3.89999 0
      vertex 177.01 -4.48628 1.13586
      vertex 177.01 -4.49284 0.59285
    endloop
  endfacet
  facet normal 0.754336 -0.639585 0.148017
    outer loop
      vertex 172.01 -9.24315 7.53094
      vertex 172.01 -9.51456 6.35817
      vertex 177.01 -4.15941 4.01649
    endloop
  endfacet
  facet normal 0.744061 0.665295 0.0612806
    outer loop
      vertex 177.01 4.44522 1.97162
      vertex 172.01 9.87827 3.69681
      vertex 177.01 4.37691 2.71323
    endloop
  endfacet
  facet normal 0.744492 0.663688 0.0724597
    outer loop
      vertex 172.01 9.87827 3.69681
      vertex 172.01 9.72646 5.0873
      vertex 177.01 4.37691 2.71323
    endloop
  endfacet
  facet normal 0.763426 0.61383 0.200981
    outer loop
      vertex 177.01 4.01085 4.59479
      vertex 172.01 8.91301 8.61523
      vertex 177.01 3.83621 5.12817
    endloop
  endfacet
  facet normal 0.767929 0.597153 0.23172
    outer loop
      vertex 172.01 8.91301 8.61523
      vertex 172.01 8.52493 9.61533
      vertex 177.01 3.83621 5.12817
    endloop
  endfacet
  facet normal 0.754336 0.639585 0.148017
    outer loop
      vertex 172.01 9.51456 6.35817
      vertex 172.01 9.24315 7.53094
      vertex 177.01 4.15941 4.01649
    endloop
  endfacet
  facet normal 0.757315 0.632512 0.162487
    outer loop
      vertex 177.01 4.15941 4.01649
      vertex 172.01 9.24315 7.53094
      vertex 177.01 4.01085 4.59479
    endloop
  endfacet
  facet normal 0.785477 0.524886 0.327903
    outer loop
      vertex 177.01 3.41035 6.06287
      vertex 172.01 7.57858 11.3679
      vertex 177.01 3.15984 6.46387
    endloop
  endfacet
  facet normal 0.80067 0.430793 0.416348
    outer loop
      vertex 177.01 2.8846 6.81995
      vertex 172.01 6.41022 12.7874
      vertex 177.01 2.58456 7.1304
    endloop
  endfacet
  facet normal 0.741482 -0.670165 0.0329245
    outer loop
      vertex 177.01 -4.44522 1.97162
      vertex 172.01 -9.96954 2.12975
      vertex 177.01 -4.48628 1.13586
    endloop
  endfacet
  facet normal 0.760756 -0.620895 0.189048
    outer loop
      vertex 172.01 -8.91301 8.61523
      vertex 172.01 -9.24315 7.53094
      vertex 177.01 -4.01085 4.59479
    endloop
  endfacet
  facet normal 0.813591 -0.018705 0.581137
    outer loop
      vertex 172.01 0 15
      vertex 172.01 -1.41983 14.9543
      vertex 177.01 0 8
    endloop
  endfacet
  facet normal 0.815019 -0.235425 0.529452
    outer loop
      vertex 177.01 -1.52618 7.78116
      vertex 172.01 -4.23877 14.2718
      vertex 177.01 -1.90744 7.61163
    endloop
  endfacet
  facet normal 0.814902 -0.203615 0.542656
    outer loop
      vertex 172.01 -3.39153 14.5897
      vertex 172.01 -4.23877 14.2718
      vertex 177.01 -1.52618 7.78116
    endloop
  endfacet
  facet normal 0.804711 -0.390439 0.447211
    outer loop
      vertex 172.01 -5.74348 13.3695
      vertex 172.01 -6.41022 12.7874
      vertex 177.01 -2.58456 7.1304
    endloop
  endfacet
  facet normal 0.775603 -0.567917 0.275518
    outer loop
      vertex 172.01 -8.07983 10.5328
      vertex 172.01 -8.52493 9.61533
      vertex 177.01 -3.63593 5.61751
    endloop
  endfacet
  facet normal 0.777687 -0.560815 0.284059
    outer loop
      vertex 177.01 -3.41035 6.06287
      vertex 172.01 -8.07983 10.5328
      vertex 177.01 -3.63593 5.61751
    endloop
  endfacet
  facet normal 0.81533 -0.0888528 0.572138
    outer loop
      vertex 177.01 -0.638916 7.97563
      vertex 172.01 -2.46454 14.8174
      vertex 177.01 -1.10904 7.90262
    endloop
  endfacet
  facet normal 0.815238 -0.138146 0.562408
    outer loop
      vertex 172.01 -2.46454 14.8174
      vertex 172.01 -3.39153 14.5897
      vertex 177.01 -1.10904 7.90262
    endloop
  endfacet
  facet normal 0.777687 0.560815 0.284059
    outer loop
      vertex 177.01 3.63593 5.61751
      vertex 172.01 8.07983 10.5328
      vertex 177.01 3.41035 6.06287
    endloop
  endfacet
  facet normal 0.807087 0.372178 0.45836
    outer loop
      vertex 177.01 2.58456 7.1304
      vertex 172.01 5.74348 13.3695
      vertex 177.01 2.25928 7.39452
    endloop
  endfacet
  facet normal 0.809684 0.331676 0.484152
    outer loop
      vertex 172.01 5.74348 13.3695
      vertex 172.01 5.02063 13.8647
      vertex 177.01 2.25928 7.39452
    endloop
  endfacet
  facet normal 0.739836 -0.672738 0.00812722
    outer loop
      vertex 177.01 -4.48628 1.13586
      vertex 172.01 -9.99155 0.591553
      vertex 177.01 -4.49284 0.59285
    endloop
  endfacet
  facet normal 0.763426 -0.61383 0.200981
    outer loop
      vertex 177.01 -3.83621 5.12817
      vertex 172.01 -8.91301 8.61523
      vertex 177.01 -4.01085 4.59479
    endloop
  endfacet
  facet normal 0.757315 -0.632512 0.162487
    outer loop
      vertex 177.01 -4.01085 4.59479
      vertex 172.01 -9.24315 7.53094
      vertex 177.01 -4.15941 4.01649
    endloop
  endfacet
  facet normal 0.81533 0.0888528 0.572138
    outer loop
      vertex 177.01 1.10904 7.90262
      vertex 172.01 2.46454 14.8174
      vertex 177.01 0.638916 7.97563
    endloop
  endfacet
  facet normal 0.815238 0.138146 0.562408
    outer loop
      vertex 172.01 3.39153 14.5897
      vertex 172.01 2.46454 14.8174
      vertex 177.01 1.10904 7.90262
    endloop
  endfacet
  facet normal 0.813105 -0.268838 0.51632
    outer loop
      vertex 172.01 -4.23877 14.2718
      vertex 172.01 -5.02063 13.8647
      vertex 177.01 -1.90744 7.61163
    endloop
  endfacet
  facet normal 0.793285 -0.481718 0.372354
    outer loop
      vertex 177.01 -2.8846 6.81995
      vertex 172.01 -7.02188 12.1198
      vertex 177.01 -3.15984 6.46387
    endloop
  endfacet
  facet normal 0.791232 -0.49147 0.36388
    outer loop
      vertex 172.01 -7.02188 12.1198
      vertex 172.01 -7.57858 11.3679
      vertex 177.01 -3.15984 6.46387
    endloop
  endfacet
  facet normal 0.807087 -0.372178 0.45836
    outer loop
      vertex 177.01 -2.25928 7.39452
      vertex 172.01 -5.74348 13.3695
      vertex 177.01 -2.58456 7.1304
    endloop
  endfacet
  facet normal 0.816014 -0.161597 0.554985
    outer loop
      vertex 177.01 -1.10904 7.90262
      vertex 172.01 -3.39153 14.5897
      vertex 177.01 -1.52618 7.78116
    endloop
  endfacet
  facet normal 0.813866 -0.0221469 0.580631
    outer loop
      vertex 177.01 0 8
      vertex 172.01 -1.41983 14.9543
      vertex 177.01 -0.638916 7.97563
    endloop
  endfacet
  facet normal 0.814555 0.0753708 0.575169
    outer loop
      vertex 172.01 2.46454 14.8174
      vertex 172.01 1.41983 14.9543
      vertex 177.01 0.638916 7.97563
    endloop
  endfacet
  facet normal 0.813866 0.0221469 0.580631
    outer loop
      vertex 177.01 0.638916 7.97563
      vertex 172.01 1.41983 14.9543
      vertex 177.01 0 8
    endloop
  endfacet
  facet normal 0.813591 0.018705 0.581137
    outer loop
      vertex 172.01 1.41983 14.9543
      vertex 172.01 0 15
      vertex 177.01 0 8
    endloop
  endfacet
  facet normal 0.809684 -0.331676 0.484152
    outer loop
      vertex 172.01 -5.02063 13.8647
      vertex 172.01 -5.74348 13.3695
      vertex 177.01 -2.25928 7.39452
    endloop
  endfacet
  facet normal 0.812008 -0.306495 0.496694
    outer loop
      vertex 177.01 -1.90744 7.61163
      vertex 172.01 -5.02063 13.8647
      vertex 177.01 -2.25928 7.39452
    endloop
  endfacet
  facet normal 0.80067 -0.430793 0.416348
    outer loop
      vertex 177.01 -2.58456 7.1304
      vertex 172.01 -6.41022 12.7874
      vertex 177.01 -2.8846 6.81995
    endloop
  endfacet
  facet normal 0.798441 -0.443922 0.406724
    outer loop
      vertex 172.01 -6.41022 12.7874
      vertex 172.01 -7.02188 12.1198
      vertex 177.01 -2.8846 6.81995
    endloop
  endfacet
  facet normal 0.785477 -0.524886 0.327903
    outer loop
      vertex 177.01 -3.15984 6.46387
      vertex 172.01 -7.57858 11.3679
      vertex 177.01 -3.41035 6.06287
    endloop
  endfacet
  facet normal 0.783483 -0.532804 0.319803
    outer loop
      vertex 172.01 -7.57858 11.3679
      vertex 172.01 -8.07983 10.5328
      vertex 177.01 -3.41035 6.06287
    endloop
  endfacet
  facet normal 0 -1 0
    outer loop
      vertex 6.59999 -1.625 0
      vertex 6 -1.625 1.8
      vertex 6 -1.625 0.599991
    endloop
  endfacet
  facet normal 0 -1 0
    outer loop
      vertex 6 -1.625 1.8
      vertex 6.59999 -1.625 0
      vertex 19.35 -1.625 1.8
    endloop
  endfacet
  facet normal 0 -1 -0
    outer loop
      vertex 19.35 -1.625 1.8
      vertex 6.59999 -1.625 0
      vertex 19.35 -1.625 0
    endloop
  endfacet
  facet normal -0.904054 0.427419 0
    outer loop
      vertex 20.8493 -4.12637 0
      vertex 20.9206 -3.97556 1.8
      vertex 20.9206 -3.97556 0
    endloop
  endfacet
  facet normal -0.904054 0.427419 0
    outer loop
      vertex 20.9206 -3.97556 1.8
      vertex 20.8493 -4.12637 0
      vertex 20.8493 -4.12637 1.8
    endloop
  endfacet
  facet normal -0.0491004 -0.998794 0
    outer loop
      vertex 19.35 -1.625 0
      vertex 19.5166 -1.63319 1.8
      vertex 19.35 -1.625 1.8
    endloop
  endfacet
  facet normal -0.0491004 -0.998794 -0
    outer loop
      vertex 19.5166 -1.63319 1.8
      vertex 19.35 -1.625 0
      vertex 19.5166 -1.63319 0
    endloop
  endfacet
  facet normal -0.989158 0.146857 0
    outer loop
      vertex 21.0173 -3.65665 0
      vertex 21.0418 -3.49163 1.8
      vertex 21.0418 -3.49163 0
    endloop
  endfacet
  facet normal -0.989158 0.146857 0
    outer loop
      vertex 21.0418 -3.49163 1.8
      vertex 21.0173 -3.65665 0
      vertex 21.0173 -3.65665 1.8
    endloop
  endfacet
  facet normal -0.741051 0.671448 0
    outer loop
      vertex 20.5521 -4.52708 0
      vertex 20.6641 -4.40347 1.8
      vertex 20.6641 -4.40347 0
    endloop
  endfacet
  facet normal -0.741051 0.671448 0
    outer loop
      vertex 20.6641 -4.40347 1.8
      vertex 20.5521 -4.52708 0
      vertex 20.5521 -4.52708 1.8
    endloop
  endfacet
  facet normal -0.0491004 0.998794 0
    outer loop
      vertex 19.5166 -5.01681 0
      vertex 19.35 -5.025 1.8
      vertex 19.5166 -5.01681 1.8
    endloop
  endfacet
  facet normal -0.0491004 0.998794 0
    outer loop
      vertex 19.35 -5.025 1.8
      vertex 19.5166 -5.01681 0
      vertex 19.35 -5.025 0
    endloop
  endfacet
  facet normal 0 1 -0
    outer loop
      vertex 6.59999 -5.025 0
      vertex 6 -5.025 1.8
      vertex 19.35 -5.025 1.8
    endloop
  endfacet
  facet normal 0 1 0
    outer loop
      vertex 6.59999 -5.025 0
      vertex 19.35 -5.025 1.8
      vertex 19.35 -5.025 0
    endloop
  endfacet
  facet normal 0 1 0
    outer loop
      vertex 6 -5.025 1.8
      vertex 6.59999 -5.025 0
      vertex 6 -5.025 0.599991
    endloop
  endfacet
  facet normal -0.427589 -0.903973 0
    outer loop
      vertex 20.0006 -1.7544 0
      vertex 20.1514 -1.82573 1.8
      vertex 20.0006 -1.7544 1.8
    endloop
  endfacet
  facet normal -0.427589 -0.903973 -0
    outer loop
      vertex 20.1514 -1.82573 1.8
      vertex 20.0006 -1.7544 0
      vertex 20.1514 -1.82573 0
    endloop
  endfacet
  facet normal -0.989158 -0.146857 0
    outer loop
      vertex 21.0418 -3.15837 0
      vertex 21.0173 -2.99335 1.8
      vertex 21.0173 -2.99335 0
    endloop
  endfacet
  facet normal -0.989158 -0.146857 0
    outer loop
      vertex 21.0173 -2.99335 1.8
      vertex 21.0418 -3.15837 0
      vertex 21.0418 -3.15837 1.8
    endloop
  endfacet
  facet normal -0.803154 0.595772 0
    outer loop
      vertex 20.6641 -4.40347 0
      vertex 20.7635 -4.26947 1.8
      vertex 20.7635 -4.26947 0
    endloop
  endfacet
  facet normal -0.803154 0.595772 0
    outer loop
      vertex 20.7635 -4.26947 1.8
      vertex 20.6641 -4.40347 0
      vertex 20.6641 -4.40347 1.8
    endloop
  endfacet
  facet normal -0.857652 0.514231 0
    outer loop
      vertex 20.7635 -4.26947 0
      vertex 20.8493 -4.12637 1.8
      vertex 20.8493 -4.12637 0
    endloop
  endfacet
  facet normal -0.857652 0.514231 0
    outer loop
      vertex 20.8493 -4.12637 1.8
      vertex 20.7635 -4.26947 0
      vertex 20.7635 -4.26947 1.8
    endloop
  endfacet
  facet normal -0.146612 -0.989194 0
    outer loop
      vertex 19.5166 -1.63319 0
      vertex 19.6817 -1.65766 1.8
      vertex 19.5166 -1.63319 1.8
    endloop
  endfacet
  facet normal -0.146612 -0.989194 -0
    outer loop
      vertex 19.6817 -1.65766 1.8
      vertex 19.5166 -1.63319 0
      vertex 19.6817 -1.65766 0
    endloop
  endfacet
  facet normal -0.595695 -0.803211 0
    outer loop
      vertex 20.2945 -1.9115 0
      vertex 20.4285 -2.01088 1.8
      vertex 20.2945 -1.9115 1.8
    endloop
  endfacet
  facet normal -0.595695 -0.803211 -0
    outer loop
      vertex 20.4285 -2.01088 1.8
      vertex 20.2945 -1.9115 0
      vertex 20.4285 -2.01088 0
    endloop
  endfacet
  facet normal -0.67161 -0.740905 0
    outer loop
      vertex 20.4285 -2.01088 0
      vertex 20.5521 -2.12292 1.8
      vertex 20.4285 -2.01088 1.8
    endloop
  endfacet
  facet normal -0.67161 -0.740905 -0
    outer loop
      vertex 20.5521 -2.12292 1.8
      vertex 20.4285 -2.01088 0
      vertex 20.5521 -2.12292 0
    endloop
  endfacet
  facet normal -0.857652 -0.514231 0
    outer loop
      vertex 20.8493 -2.52363 0
      vertex 20.7635 -2.38053 1.8
      vertex 20.7635 -2.38053 0
    endloop
  endfacet
  facet normal -0.857652 -0.514231 0
    outer loop
      vertex 20.7635 -2.38053 1.8
      vertex 20.8493 -2.52363 0
      vertex 20.8493 -2.52363 1.8
    endloop
  endfacet
  facet normal -0.595695 0.803211 0
    outer loop
      vertex 20.4285 -4.63912 0
      vertex 20.2945 -4.7385 1.8
      vertex 20.4285 -4.63912 1.8
    endloop
  endfacet
  facet normal -0.595695 0.803211 0
    outer loop
      vertex 20.2945 -4.7385 1.8
      vertex 20.4285 -4.63912 0
      vertex 20.2945 -4.7385 0
    endloop
  endfacet
  facet normal -0.941552 0.336868 0
    outer loop
      vertex 20.9206 -3.97556 0
      vertex 20.9768 -3.81848 1.8
      vertex 20.9768 -3.81848 0
    endloop
  endfacet
  facet normal -0.941552 0.336868 0
    outer loop
      vertex 20.9768 -3.81848 1.8
      vertex 20.9206 -3.97556 0
      vertex 20.9206 -3.97556 1.8
    endloop
  endfacet
  facet normal -0.970083 0.242775 0
    outer loop
      vertex 20.9768 -3.81848 0
      vertex 21.0173 -3.65665 1.8
      vertex 21.0173 -3.65665 0
    endloop
  endfacet
  facet normal -0.970083 0.242775 0
    outer loop
      vertex 21.0173 -3.65665 1.8
      vertex 20.9768 -3.81848 0
      vertex 20.9768 -3.81848 1.8
    endloop
  endfacet
  facet normal -0.998791 0.0491513 0
    outer loop
      vertex 21.0418 -3.49163 0
      vertex 21.05 -3.325 1.8
      vertex 21.05 -3.325 0
    endloop
  endfacet
  facet normal -0.998791 0.0491513 0
    outer loop
      vertex 21.05 -3.325 1.8
      vertex 21.0418 -3.49163 0
      vertex 21.0418 -3.49163 1.8
    endloop
  endfacet
  facet normal -0.998791 -0.0491513 0
    outer loop
      vertex 21.05 -3.325 0
      vertex 21.0418 -3.15837 1.8
      vertex 21.0418 -3.15837 0
    endloop
  endfacet
  facet normal -0.998791 -0.0491513 0
    outer loop
      vertex 21.0418 -3.15837 1.8
      vertex 21.05 -3.325 0
      vertex 21.05 -3.325 1.8
    endloop
  endfacet
  facet normal -0.42754 0.903996 0
    outer loop
      vertex 20.1514 -4.82427 0
      vertex 20.0006 -4.89559 1.8
      vertex 20.1514 -4.82427 1.8
    endloop
  endfacet
  facet normal -0.42754 0.903996 0
    outer loop
      vertex 20.0006 -4.89559 1.8
      vertex 20.1514 -4.82427 0
      vertex 20.0006 -4.89559 0
    endloop
  endfacet
  facet normal -0.242987 0.97003 0
    outer loop
      vertex 19.8435 -4.9518 0
      vertex 19.6817 -4.99233 1.8
      vertex 19.8435 -4.9518 1.8
    endloop
  endfacet
  facet normal -0.242987 0.97003 0
    outer loop
      vertex 19.6817 -4.99233 1.8
      vertex 19.8435 -4.9518 0
      vertex 19.6817 -4.99233 0
    endloop
  endfacet
  facet normal -0.336883 0.941546 0
    outer loop
      vertex 20.0006 -4.89559 0
      vertex 19.8435 -4.9518 1.8
      vertex 20.0006 -4.89559 1.8
    endloop
  endfacet
  facet normal -0.336883 0.941546 0
    outer loop
      vertex 19.8435 -4.9518 1.8
      vertex 20.0006 -4.89559 0
      vertex 19.8435 -4.9518 0
    endloop
  endfacet
  facet normal 0 0 -1
    outer loop
      vertex 21.0418 -3.49163 1.8
      vertex 21.0418 -3.15837 1.8
      vertex 21.05 -3.325 1.8
    endloop
  endfacet
  facet normal 0 0 -1
    outer loop
      vertex 21.0173 -3.65665 1.8
      vertex 21.0418 -3.15837 1.8
      vertex 21.0418 -3.49163 1.8
    endloop
  endfacet
  facet normal 0 0 -1
    outer loop
      vertex 21.0173 -3.65665 1.8
      vertex 21.0173 -2.99335 1.8
      vertex 21.0418 -3.15837 1.8
    endloop
  endfacet
  facet normal 0 0 -1
    outer loop
      vertex 20.9768 -3.81848 1.8
      vertex 21.0173 -2.99335 1.8
      vertex 21.0173 -3.65665 1.8
    endloop
  endfacet
  facet normal 0 0 -1
    outer loop
      vertex 20.9768 -3.81848 1.8
      vertex 20.9768 -2.83152 1.8
      vertex 21.0173 -2.99335 1.8
    endloop
  endfacet
  facet normal 0 0 -1
    outer loop
      vertex 20.9206 -3.97556 1.8
      vertex 20.9768 -2.83152 1.8
      vertex 20.9768 -3.81848 1.8
    endloop
  endfacet
  facet normal 0 0 -1
    outer loop
      vertex 20.9206 -3.97556 1.8
      vertex 20.9206 -2.67444 1.8
      vertex 20.9768 -2.83152 1.8
    endloop
  endfacet
  facet normal 0 0 -1
    outer loop
      vertex 20.8493 -4.12637 1.8
      vertex 20.9206 -2.67444 1.8
      vertex 20.9206 -3.97556 1.8
    endloop
  endfacet
  facet normal 0 0 -1
    outer loop
      vertex 20.8493 -4.12637 1.8
      vertex 20.8493 -2.52363 1.8
      vertex 20.9206 -2.67444 1.8
    endloop
  endfacet
  facet normal 0 0 -1
    outer loop
      vertex 20.7635 -4.26947 1.8
      vertex 20.8493 -2.52363 1.8
      vertex 20.8493 -4.12637 1.8
    endloop
  endfacet
  facet normal 0 0 -1
    outer loop
      vertex 20.7635 -4.26947 1.8
      vertex 20.7635 -2.38053 1.8
      vertex 20.8493 -2.52363 1.8
    endloop
  endfacet
  facet normal 0 0 -1
    outer loop
      vertex 20.6641 -4.40347 1.8
      vertex 20.7635 -2.38053 1.8
      vertex 20.7635 -4.26947 1.8
    endloop
  endfacet
  facet normal 0 0 -1
    outer loop
      vertex 20.6641 -4.40347 1.8
      vertex 20.6641 -2.24653 1.8
      vertex 20.7635 -2.38053 1.8
    endloop
  endfacet
  facet normal 0 0 -1
    outer loop
      vertex 20.5521 -4.52708 1.8
      vertex 20.6641 -2.24653 1.8
      vertex 20.6641 -4.40347 1.8
    endloop
  endfacet
  facet normal 0 0 -1
    outer loop
      vertex 20.5521 -4.52708 1.8
      vertex 20.5521 -2.12292 1.8
      vertex 20.6641 -2.24653 1.8
    endloop
  endfacet
  facet normal 0 0 -1
    outer loop
      vertex 20.4285 -4.63912 1.8
      vertex 20.5521 -2.12292 1.8
      vertex 20.5521 -4.52708 1.8
    endloop
  endfacet
  facet normal 0 0 -1
    outer loop
      vertex 20.4285 -4.63912 1.8
      vertex 20.4285 -2.01088 1.8
      vertex 20.5521 -2.12292 1.8
    endloop
  endfacet
  facet normal 0 0 -1
    outer loop
      vertex 20.2945 -4.7385 1.8
      vertex 20.4285 -2.01088 1.8
      vertex 20.4285 -4.63912 1.8
    endloop
  endfacet
  facet normal 0 0 -1
    outer loop
      vertex 20.2945 -4.7385 1.8
      vertex 20.2945 -1.9115 1.8
      vertex 20.4285 -2.01088 1.8
    endloop
  endfacet
  facet normal 0 0 -1
    outer loop
      vertex 20.1514 -4.82427 1.8
      vertex 20.2945 -1.9115 1.8
      vertex 20.2945 -4.7385 1.8
    endloop
  endfacet
  facet normal 0 0 -1
    outer loop
      vertex 20.1514 -4.82427 1.8
      vertex 20.1514 -1.82573 1.8
      vertex 20.2945 -1.9115 1.8
    endloop
  endfacet
  facet normal 0 0 -1
    outer loop
      vertex 20.0006 -4.89559 1.8
      vertex 20.1514 -1.82573 1.8
      vertex 20.1514 -4.82427 1.8
    endloop
  endfacet
  facet normal 0 0 -1
    outer loop
      vertex 20.0006 -4.89559 1.8
      vertex 20.0006 -1.7544 1.8
      vertex 20.1514 -1.82573 1.8
    endloop
  endfacet
  facet normal 0 0 -1
    outer loop
      vertex 19.8435 -4.9518 1.8
      vertex 20.0006 -1.7544 1.8
      vertex 20.0006 -4.89559 1.8
    endloop
  endfacet
  facet normal 0 0 -1
    outer loop
      vertex 19.8435 -4.9518 1.8
      vertex 19.8435 -1.6982 1.8
      vertex 20.0006 -1.7544 1.8
    endloop
  endfacet
  facet normal 0 0 -1
    outer loop
      vertex 19.6817 -4.99233 1.8
      vertex 19.8435 -1.6982 1.8
      vertex 19.8435 -4.9518 1.8
    endloop
  endfacet
  facet normal 0 0 -1
    outer loop
      vertex 19.6817 -4.99233 1.8
      vertex 19.6817 -1.65766 1.8
      vertex 19.8435 -1.6982 1.8
    endloop
  endfacet
  facet normal 0 0 -1
    outer loop
      vertex 19.5166 -5.01681 1.8
      vertex 19.6817 -1.65766 1.8
      vertex 19.6817 -4.99233 1.8
    endloop
  endfacet
  facet normal 0 0 -1
    outer loop
      vertex 19.5166 -5.01681 1.8
      vertex 19.5166 -1.63319 1.8
      vertex 19.6817 -1.65766 1.8
    endloop
  endfacet
  facet normal 0 0 -1
    outer loop
      vertex 19.35 -5.025 1.8
      vertex 19.5166 -1.63319 1.8
      vertex 19.5166 -5.01681 1.8
    endloop
  endfacet
  facet normal 0 0 -1
    outer loop
      vertex 19.35 -5.025 1.8
      vertex 19.35 -1.625 1.8
      vertex 19.5166 -1.63319 1.8
    endloop
  endfacet
  facet normal 0 0 -1
    outer loop
      vertex 6 -5.025 1.8
      vertex 19.35 -1.625 1.8
      vertex 19.35 -5.025 1.8
    endloop
  endfacet
  facet normal -0 0 -1
    outer loop
      vertex 19.35 -1.625 1.8
      vertex 6 -5.025 1.8
      vertex 6 -1.625 1.8
    endloop
  endfacet
  facet normal -0.243043 -0.970015 0
    outer loop
      vertex 19.6817 -1.65766 0
      vertex 19.8435 -1.6982 1.8
      vertex 19.6817 -1.65766 1.8
    endloop
  endfacet
  facet normal -0.243043 -0.970015 -0
    outer loop
      vertex 19.8435 -1.6982 1.8
      vertex 19.6817 -1.65766 0
      vertex 19.8435 -1.6982 0
    endloop
  endfacet
  facet normal -0.33683 -0.941566 0
    outer loop
      vertex 19.8435 -1.6982 0
      vertex 20.0006 -1.7544 1.8
      vertex 19.8435 -1.6982 1.8
    endloop
  endfacet
  facet normal -0.33683 -0.941566 -0
    outer loop
      vertex 20.0006 -1.7544 1.8
      vertex 19.8435 -1.6982 0
      vertex 20.0006 -1.7544 0
    endloop
  endfacet
  facet normal -0.514099 -0.857731 0
    outer loop
      vertex 20.1514 -1.82573 0
      vertex 20.2945 -1.9115 1.8
      vertex 20.1514 -1.82573 1.8
    endloop
  endfacet
  facet normal -0.514099 -0.857731 -0
    outer loop
      vertex 20.2945 -1.9115 1.8
      vertex 20.1514 -1.82573 0
      vertex 20.2945 -1.9115 0
    endloop
  endfacet
  facet normal -0.741051 -0.671448 0
    outer loop
      vertex 20.6641 -2.24653 0
      vertex 20.5521 -2.12292 1.8
      vertex 20.5521 -2.12292 0
    endloop
  endfacet
  facet normal -0.741051 -0.671448 0
    outer loop
      vertex 20.5521 -2.12292 1.8
      vertex 20.6641 -2.24653 0
      vertex 20.6641 -2.24653 1.8
    endloop
  endfacet
  facet normal -0.803154 -0.595772 0
    outer loop
      vertex 20.7635 -2.38053 0
      vertex 20.6641 -2.24653 1.8
      vertex 20.6641 -2.24653 0
    endloop
  endfacet
  facet normal -0.803154 -0.595772 0
    outer loop
      vertex 20.6641 -2.24653 1.8
      vertex 20.7635 -2.38053 0
      vertex 20.7635 -2.38053 1.8
    endloop
  endfacet
  facet normal -0.904054 -0.427419 0
    outer loop
      vertex 20.9206 -2.67444 0
      vertex 20.8493 -2.52363 1.8
      vertex 20.8493 -2.52363 0
    endloop
  endfacet
  facet normal -0.904054 -0.427419 0
    outer loop
      vertex 20.8493 -2.52363 1.8
      vertex 20.9206 -2.67444 0
      vertex 20.9206 -2.67444 1.8
    endloop
  endfacet
  facet normal -0.941552 -0.336868 0
    outer loop
      vertex 20.9768 -2.83152 0
      vertex 20.9206 -2.67444 1.8
      vertex 20.9206 -2.67444 0
    endloop
  endfacet
  facet normal -0.941552 -0.336868 0
    outer loop
      vertex 20.9206 -2.67444 1.8
      vertex 20.9768 -2.83152 0
      vertex 20.9768 -2.83152 1.8
    endloop
  endfacet
  facet normal -0.970083 -0.242775 0
    outer loop
      vertex 21.0173 -2.99335 0
      vertex 20.9768 -2.83152 1.8
      vertex 20.9768 -2.83152 0
    endloop
  endfacet
  facet normal -0.970083 -0.242775 0
    outer loop
      vertex 20.9768 -2.83152 1.8
      vertex 21.0173 -2.99335 0
      vertex 21.0173 -2.99335 1.8
    endloop
  endfacet
  facet normal -0.514099 0.857731 0
    outer loop
      vertex 20.2945 -4.7385 0
      vertex 20.1514 -4.82427 1.8
      vertex 20.2945 -4.7385 1.8
    endloop
  endfacet
  facet normal -0.514099 0.857731 0
    outer loop
      vertex 20.1514 -4.82427 1.8
      vertex 20.2945 -4.7385 0
      vertex 20.1514 -4.82427 0
    endloop
  endfacet
  facet normal -0.14667 0.989185 0
    outer loop
      vertex 19.6817 -4.99233 0
      vertex 19.5166 -5.01681 1.8
      vertex 19.6817 -4.99233 1.8
    endloop
  endfacet
  facet normal -0.14667 0.989185 0
    outer loop
      vertex 19.5166 -5.01681 1.8
      vertex 19.6817 -4.99233 0
      vertex 19.5166 -5.01681 0
    endloop
  endfacet
  facet normal -0.67161 0.740905 0
    outer loop
      vertex 20.5521 -4.52708 0
      vertex 20.4285 -4.63912 1.8
      vertex 20.5521 -4.52708 1.8
    endloop
  endfacet
  facet normal -0.67161 0.740905 0
    outer loop
      vertex 20.4285 -4.63912 1.8
      vertex 20.5521 -4.52708 0
      vertex 20.4285 -4.63912 0
    endloop
  endfacet
  facet normal 0 -1 0
    outer loop
      vertex 6.59999 5.025 0
      vertex 6 5.025 1.8
      vertex 6 5.025 0.599991
    endloop
  endfacet
  facet normal 0 -1 0
    outer loop
      vertex 6 5.025 1.8
      vertex 6.59999 5.025 0
      vertex 19.35 5.025 1.8
    endloop
  endfacet
  facet normal 0 -1 -0
    outer loop
      vertex 19.35 5.025 1.8
      vertex 6.59999 5.025 0
      vertex 19.35 5.025 0
    endloop
  endfacet
  facet normal -0.941552 0.336868 0
    outer loop
      vertex 20.9206 2.67444 0
      vertex 20.9768 2.83152 1.8
      vertex 20.9768 2.83152 0
    endloop
  endfacet
  facet normal -0.941552 0.336868 0
    outer loop
      vertex 20.9768 2.83152 1.8
      vertex 20.9206 2.67444 0
      vertex 20.9206 2.67444 1.8
    endloop
  endfacet
  facet normal -0.0491004 -0.998794 0
    outer loop
      vertex 19.35 5.025 0
      vertex 19.5166 5.01681 1.8
      vertex 19.35 5.025 1.8
    endloop
  endfacet
  facet normal -0.0491004 -0.998794 -0
    outer loop
      vertex 19.5166 5.01681 1.8
      vertex 19.35 5.025 0
      vertex 19.5166 5.01681 0
    endloop
  endfacet
  facet normal -0.989158 0.146857 0
    outer loop
      vertex 21.0173 2.99335 0
      vertex 21.0418 3.15837 1.8
      vertex 21.0418 3.15837 0
    endloop
  endfacet
  facet normal -0.989158 0.146857 0
    outer loop
      vertex 21.0418 3.15837 1.8
      vertex 21.0173 2.99335 0
      vertex 21.0173 2.99335 1.8
    endloop
  endfacet
  facet normal -0.741051 0.671448 0
    outer loop
      vertex 20.5521 2.12292 0
      vertex 20.6641 2.24653 1.8
      vertex 20.6641 2.24653 0
    endloop
  endfacet
  facet normal -0.741051 0.671448 0
    outer loop
      vertex 20.6641 2.24653 1.8
      vertex 20.5521 2.12292 0
      vertex 20.5521 2.12292 1.8
    endloop
  endfacet
  facet normal -0.0491004 0.998794 0
    outer loop
      vertex 19.5166 1.63319 0
      vertex 19.35 1.625 1.8
      vertex 19.5166 1.63319 1.8
    endloop
  endfacet
  facet normal -0.0491004 0.998794 0
    outer loop
      vertex 19.35 1.625 1.8
      vertex 19.5166 1.63319 0
      vertex 19.35 1.625 0
    endloop
  endfacet
  facet normal 0 1 -0
    outer loop
      vertex 6.59999 1.625 0
      vertex 6 1.625 1.8
      vertex 19.35 1.625 1.8
    endloop
  endfacet
  facet normal 0 1 0
    outer loop
      vertex 6.59999 1.625 0
      vertex 19.35 1.625 1.8
      vertex 19.35 1.625 0
    endloop
  endfacet
  facet normal 0 1 0
    outer loop
      vertex 6 1.625 1.8
      vertex 6.59999 1.625 0
      vertex 6 1.625 0.599991
    endloop
  endfacet
  facet normal -0.42754 -0.903996 0
    outer loop
      vertex 20.0006 4.89559 0
      vertex 20.1514 4.82427 1.8
      vertex 20.0006 4.89559 1.8
    endloop
  endfacet
  facet normal -0.42754 -0.903996 -0
    outer loop
      vertex 20.1514 4.82427 1.8
      vertex 20.0006 4.89559 0
      vertex 20.1514 4.82427 0
    endloop
  endfacet
  facet normal -0.857652 -0.514231 0
    outer loop
      vertex 20.8493 4.12637 0
      vertex 20.7635 4.26947 1.8
      vertex 20.7635 4.26947 0
    endloop
  endfacet
  facet normal -0.857652 -0.514231 0
    outer loop
      vertex 20.7635 4.26947 1.8
      vertex 20.8493 4.12637 0
      vertex 20.8493 4.12637 1.8
    endloop
  endfacet
  facet normal -0.989158 -0.146857 0
    outer loop
      vertex 21.0418 3.49163 0
      vertex 21.0173 3.65665 1.8
      vertex 21.0173 3.65665 0
    endloop
  endfacet
  facet normal -0.989158 -0.146857 0
    outer loop
      vertex 21.0173 3.65665 1.8
      vertex 21.0418 3.49163 0
      vertex 21.0418 3.49163 1.8
    endloop
  endfacet
  facet normal -0.803154 0.595772 0
    outer loop
      vertex 20.6641 2.24653 0
      vertex 20.7635 2.38053 1.8
      vertex 20.7635 2.38053 0
    endloop
  endfacet
  facet normal -0.803154 0.595772 0
    outer loop
      vertex 20.7635 2.38053 1.8
      vertex 20.6641 2.24653 0
      vertex 20.6641 2.24653 1.8
    endloop
  endfacet
  facet normal -0.904054 -0.427419 0
    outer loop
      vertex 20.9206 3.97556 0
      vertex 20.8493 4.12637 1.8
      vertex 20.8493 4.12637 0
    endloop
  endfacet
  facet normal -0.904054 -0.427419 0
    outer loop
      vertex 20.8493 4.12637 1.8
      vertex 20.9206 3.97556 0
      vertex 20.9206 3.97556 1.8
    endloop
  endfacet
  facet normal -0.242987 -0.97003 0
    outer loop
      vertex 19.6817 4.99233 0
      vertex 19.8435 4.9518 1.8
      vertex 19.6817 4.99233 1.8
    endloop
  endfacet
  facet normal -0.242987 -0.97003 -0
    outer loop
      vertex 19.8435 4.9518 1.8
      vertex 19.6817 4.99233 0
      vertex 19.8435 4.9518 0
    endloop
  endfacet
  facet normal -0.336883 -0.941546 0
    outer loop
      vertex 19.8435 4.9518 0
      vertex 20.0006 4.89559 1.8
      vertex 19.8435 4.9518 1.8
    endloop
  endfacet
  facet normal -0.336883 -0.941546 -0
    outer loop
      vertex 20.0006 4.89559 1.8
      vertex 19.8435 4.9518 0
      vertex 20.0006 4.89559 0
    endloop
  endfacet
  facet normal -0.67161 -0.740905 0
    outer loop
      vertex 20.4285 4.63912 0
      vertex 20.5521 4.52708 1.8
      vertex 20.4285 4.63912 1.8
    endloop
  endfacet
  facet normal -0.67161 -0.740905 -0
    outer loop
      vertex 20.5521 4.52708 1.8
      vertex 20.4285 4.63912 0
      vertex 20.5521 4.52708 0
    endloop
  endfacet
  facet normal -0.803154 -0.595772 0
    outer loop
      vertex 20.7635 4.26947 0
      vertex 20.6641 4.40347 1.8
      vertex 20.6641 4.40347 0
    endloop
  endfacet
  facet normal -0.803154 -0.595772 0
    outer loop
      vertex 20.6641 4.40347 1.8
      vertex 20.7635 4.26947 0
      vertex 20.7635 4.26947 1.8
    endloop
  endfacet
  facet normal -0.595695 0.803211 0
    outer loop
      vertex 20.4285 2.01088 0
      vertex 20.2945 1.9115 1.8
      vertex 20.4285 2.01088 1.8
    endloop
  endfacet
  facet normal -0.595695 0.803211 0
    outer loop
      vertex 20.2945 1.9115 1.8
      vertex 20.4285 2.01088 0
      vertex 20.2945 1.9115 0
    endloop
  endfacet
  facet normal -0.857652 0.514231 0
    outer loop
      vertex 20.7635 2.38053 0
      vertex 20.8493 2.52363 1.8
      vertex 20.8493 2.52363 0
    endloop
  endfacet
  facet normal -0.857652 0.514231 0
    outer loop
      vertex 20.8493 2.52363 1.8
      vertex 20.7635 2.38053 0
      vertex 20.7635 2.38053 1.8
    endloop
  endfacet
  facet normal -0.970083 0.242775 0
    outer loop
      vertex 20.9768 2.83152 0
      vertex 21.0173 2.99335 1.8
      vertex 21.0173 2.99335 0
    endloop
  endfacet
  facet normal -0.970083 0.242775 0
    outer loop
      vertex 21.0173 2.99335 1.8
      vertex 20.9768 2.83152 0
      vertex 20.9768 2.83152 1.8
    endloop
  endfacet
  facet normal -0.998791 0.0491513 0
    outer loop
      vertex 21.0418 3.15837 0
      vertex 21.05 3.325 1.8
      vertex 21.05 3.325 0
    endloop
  endfacet
  facet normal -0.998791 0.0491513 0
    outer loop
      vertex 21.05 3.325 1.8
      vertex 21.0418 3.15837 0
      vertex 21.0418 3.15837 1.8
    endloop
  endfacet
  facet normal -0.998791 -0.0491513 0
    outer loop
      vertex 21.05 3.325 0
      vertex 21.0418 3.49163 1.8
      vertex 21.0418 3.49163 0
    endloop
  endfacet
  facet normal -0.998791 -0.0491513 0
    outer loop
      vertex 21.0418 3.49163 1.8
      vertex 21.05 3.325 0
      vertex 21.05 3.325 1.8
    endloop
  endfacet
  facet normal -0.427589 0.903973 0
    outer loop
      vertex 20.1514 1.82573 0
      vertex 20.0006 1.7544 1.8
      vertex 20.1514 1.82573 1.8
    endloop
  endfacet
  facet normal -0.427589 0.903973 0
    outer loop
      vertex 20.0006 1.7544 1.8
      vertex 20.1514 1.82573 0
      vertex 20.0006 1.7544 0
    endloop
  endfacet
  facet normal -0.243043 0.970015 0
    outer loop
      vertex 19.8435 1.6982 0
      vertex 19.6817 1.65766 1.8
      vertex 19.8435 1.6982 1.8
    endloop
  endfacet
  facet normal -0.243043 0.970015 0
    outer loop
      vertex 19.6817 1.65766 1.8
      vertex 19.8435 1.6982 0
      vertex 19.6817 1.65766 0
    endloop
  endfacet
  facet normal -0.33683 0.941566 0
    outer loop
      vertex 20.0006 1.7544 0
      vertex 19.8435 1.6982 1.8
      vertex 20.0006 1.7544 1.8
    endloop
  endfacet
  facet normal -0.33683 0.941566 0
    outer loop
      vertex 19.8435 1.6982 1.8
      vertex 20.0006 1.7544 0
      vertex 19.8435 1.6982 0
    endloop
  endfacet
  facet normal 0 0 -1
    outer loop
      vertex 21.0418 3.15837 1.8
      vertex 21.0418 3.49163 1.8
      vertex 21.05 3.325 1.8
    endloop
  endfacet
  facet normal 0 0 -1
    outer loop
      vertex 21.0173 2.99335 1.8
      vertex 21.0418 3.49163 1.8
      vertex 21.0418 3.15837 1.8
    endloop
  endfacet
  facet normal 0 0 -1
    outer loop
      vertex 21.0173 2.99335 1.8
      vertex 21.0173 3.65665 1.8
      vertex 21.0418 3.49163 1.8
    endloop
  endfacet
  facet normal 0 0 -1
    outer loop
      vertex 20.9768 2.83152 1.8
      vertex 21.0173 3.65665 1.8
      vertex 21.0173 2.99335 1.8
    endloop
  endfacet
  facet normal 0 0 -1
    outer loop
      vertex 20.9768 2.83152 1.8
      vertex 20.9768 3.81848 1.8
      vertex 21.0173 3.65665 1.8
    endloop
  endfacet
  facet normal 0 0 -1
    outer loop
      vertex 20.9206 2.67444 1.8
      vertex 20.9768 3.81848 1.8
      vertex 20.9768 2.83152 1.8
    endloop
  endfacet
  facet normal 0 0 -1
    outer loop
      vertex 20.9206 2.67444 1.8
      vertex 20.9206 3.97556 1.8
      vertex 20.9768 3.81848 1.8
    endloop
  endfacet
  facet normal 0 0 -1
    outer loop
      vertex 20.8493 2.52363 1.8
      vertex 20.9206 3.97556 1.8
      vertex 20.9206 2.67444 1.8
    endloop
  endfacet
  facet normal 0 0 -1
    outer loop
      vertex 20.8493 2.52363 1.8
      vertex 20.8493 4.12637 1.8
      vertex 20.9206 3.97556 1.8
    endloop
  endfacet
  facet normal 0 0 -1
    outer loop
      vertex 20.7635 2.38053 1.8
      vertex 20.8493 4.12637 1.8
      vertex 20.8493 2.52363 1.8
    endloop
  endfacet
  facet normal 0 0 -1
    outer loop
      vertex 20.7635 2.38053 1.8
      vertex 20.7635 4.26947 1.8
      vertex 20.8493 4.12637 1.8
    endloop
  endfacet
  facet normal 0 0 -1
    outer loop
      vertex 20.6641 2.24653 1.8
      vertex 20.7635 4.26947 1.8
      vertex 20.7635 2.38053 1.8
    endloop
  endfacet
  facet normal 0 0 -1
    outer loop
      vertex 20.6641 2.24653 1.8
      vertex 20.6641 4.40347 1.8
      vertex 20.7635 4.26947 1.8
    endloop
  endfacet
  facet normal 0 0 -1
    outer loop
      vertex 20.5521 2.12292 1.8
      vertex 20.6641 4.40347 1.8
      vertex 20.6641 2.24653 1.8
    endloop
  endfacet
  facet normal 0 0 -1
    outer loop
      vertex 20.5521 2.12292 1.8
      vertex 20.5521 4.52708 1.8
      vertex 20.6641 4.40347 1.8
    endloop
  endfacet
  facet normal 0 0 -1
    outer loop
      vertex 20.4285 2.01088 1.8
      vertex 20.5521 4.52708 1.8
      vertex 20.5521 2.12292 1.8
    endloop
  endfacet
  facet normal 0 0 -1
    outer loop
      vertex 20.4285 2.01088 1.8
      vertex 20.4285 4.63912 1.8
      vertex 20.5521 4.52708 1.8
    endloop
  endfacet
  facet normal 0 0 -1
    outer loop
      vertex 20.2945 1.9115 1.8
      vertex 20.4285 4.63912 1.8
      vertex 20.4285 2.01088 1.8
    endloop
  endfacet
  facet normal 0 0 -1
    outer loop
      vertex 20.2945 1.9115 1.8
      vertex 20.2945 4.7385 1.8
      vertex 20.4285 4.63912 1.8
    endloop
  endfacet
  facet normal 0 0 -1
    outer loop
      vertex 20.1514 1.82573 1.8
      vertex 20.2945 4.7385 1.8
      vertex 20.2945 1.9115 1.8
    endloop
  endfacet
  facet normal 0 0 -1
    outer loop
      vertex 20.1514 1.82573 1.8
      vertex 20.1514 4.82427 1.8
      vertex 20.2945 4.7385 1.8
    endloop
  endfacet
  facet normal 0 0 -1
    outer loop
      vertex 20.0006 1.7544 1.8
      vertex 20.1514 4.82427 1.8
      vertex 20.1514 1.82573 1.8
    endloop
  endfacet
  facet normal 0 0 -1
    outer loop
      vertex 20.0006 1.7544 1.8
      vertex 20.0006 4.89559 1.8
      vertex 20.1514 4.82427 1.8
    endloop
  endfacet
  facet normal 0 0 -1
    outer loop
      vertex 19.8435 1.6982 1.8
      vertex 20.0006 4.89559 1.8
      vertex 20.0006 1.7544 1.8
    endloop
  endfacet
  facet normal 0 0 -1
    outer loop
      vertex 19.8435 1.6982 1.8
      vertex 19.8435 4.9518 1.8
      vertex 20.0006 4.89559 1.8
    endloop
  endfacet
  facet normal 0 0 -1
    outer loop
      vertex 19.6817 1.65766 1.8
      vertex 19.8435 4.9518 1.8
      vertex 19.8435 1.6982 1.8
    endloop
  endfacet
  facet normal 0 0 -1
    outer loop
      vertex 19.6817 1.65766 1.8
      vertex 19.6817 4.99233 1.8
      vertex 19.8435 4.9518 1.8
    endloop
  endfacet
  facet normal 0 0 -1
    outer loop
      vertex 19.5166 1.63319 1.8
      vertex 19.6817 4.99233 1.8
      vertex 19.6817 1.65766 1.8
    endloop
  endfacet
  facet normal 0 0 -1
    outer loop
      vertex 19.5166 1.63319 1.8
      vertex 19.5166 5.01681 1.8
      vertex 19.6817 4.99233 1.8
    endloop
  endfacet
  facet normal 0 0 -1
    outer loop
      vertex 19.35 1.625 1.8
      vertex 19.5166 5.01681 1.8
      vertex 19.5166 1.63319 1.8
    endloop
  endfacet
  facet normal 0 0 -1
    outer loop
      vertex 19.35 1.625 1.8
      vertex 19.35 5.025 1.8
      vertex 19.5166 5.01681 1.8
    endloop
  endfacet
  facet normal 0 0 -1
    outer loop
      vertex 6 1.625 1.8
      vertex 19.35 5.025 1.8
      vertex 19.35 1.625 1.8
    endloop
  endfacet
  facet normal -0 0 -1
    outer loop
      vertex 19.35 5.025 1.8
      vertex 6 1.625 1.8
      vertex 6 5.025 1.8
    endloop
  endfacet
  facet normal -0.14667 -0.989185 0
    outer loop
      vertex 19.5166 5.01681 0
      vertex 19.6817 4.99233 1.8
      vertex 19.5166 5.01681 1.8
    endloop
  endfacet
  facet normal -0.14667 -0.989185 -0
    outer loop
      vertex 19.6817 4.99233 1.8
      vertex 19.5166 5.01681 0
      vertex 19.6817 4.99233 0
    endloop
  endfacet
  facet normal -0.514099 -0.857731 0
    outer loop
      vertex 20.1514 4.82427 0
      vertex 20.2945 4.7385 1.8
      vertex 20.1514 4.82427 1.8
    endloop
  endfacet
  facet normal -0.514099 -0.857731 -0
    outer loop
      vertex 20.2945 4.7385 1.8
      vertex 20.1514 4.82427 0
      vertex 20.2945 4.7385 0
    endloop
  endfacet
  facet normal -0.595695 -0.803211 0
    outer loop
      vertex 20.2945 4.7385 0
      vertex 20.4285 4.63912 1.8
      vertex 20.2945 4.7385 1.8
    endloop
  endfacet
  facet normal -0.595695 -0.803211 -0
    outer loop
      vertex 20.4285 4.63912 1.8
      vertex 20.2945 4.7385 0
      vertex 20.4285 4.63912 0
    endloop
  endfacet
  facet normal -0.741051 -0.671448 0
    outer loop
      vertex 20.6641 4.40347 0
      vertex 20.5521 4.52708 1.8
      vertex 20.5521 4.52708 0
    endloop
  endfacet
  facet normal -0.741051 -0.671448 0
    outer loop
      vertex 20.5521 4.52708 1.8
      vertex 20.6641 4.40347 0
      vertex 20.6641 4.40347 1.8
    endloop
  endfacet
  facet normal -0.941552 -0.336868 0
    outer loop
      vertex 20.9768 3.81848 0
      vertex 20.9206 3.97556 1.8
      vertex 20.9206 3.97556 0
    endloop
  endfacet
  facet normal -0.941552 -0.336868 0
    outer loop
      vertex 20.9206 3.97556 1.8
      vertex 20.9768 3.81848 0
      vertex 20.9768 3.81848 1.8
    endloop
  endfacet
  facet normal -0.970083 -0.242775 0
    outer loop
      vertex 21.0173 3.65665 0
      vertex 20.9768 3.81848 1.8
      vertex 20.9768 3.81848 0
    endloop
  endfacet
  facet normal -0.970083 -0.242775 0
    outer loop
      vertex 20.9768 3.81848 1.8
      vertex 21.0173 3.65665 0
      vertex 21.0173 3.65665 1.8
    endloop
  endfacet
  facet normal -0.67161 0.740905 0
    outer loop
      vertex 20.5521 2.12292 0
      vertex 20.4285 2.01088 1.8
      vertex 20.5521 2.12292 1.8
    endloop
  endfacet
  facet normal -0.67161 0.740905 0
    outer loop
      vertex 20.4285 2.01088 1.8
      vertex 20.5521 2.12292 0
      vertex 20.4285 2.01088 0
    endloop
  endfacet
  facet normal -0.904054 0.427419 0
    outer loop
      vertex 20.8493 2.52363 0
      vertex 20.9206 2.67444 1.8
      vertex 20.9206 2.67444 0
    endloop
  endfacet
  facet normal -0.904054 0.427419 0
    outer loop
      vertex 20.9206 2.67444 1.8
      vertex 20.8493 2.52363 0
      vertex 20.8493 2.52363 1.8
    endloop
  endfacet
  facet normal -0.514099 0.857731 0
    outer loop
      vertex 20.2945 1.9115 0
      vertex 20.1514 1.82573 1.8
      vertex 20.2945 1.9115 1.8
    endloop
  endfacet
  facet normal -0.514099 0.857731 0
    outer loop
      vertex 20.1514 1.82573 1.8
      vertex 20.2945 1.9115 0
      vertex 20.1514 1.82573 0
    endloop
  endfacet
  facet normal -0.146612 0.989194 0
    outer loop
      vertex 19.6817 1.65766 0
      vertex 19.5166 1.63319 1.8
      vertex 19.6817 1.65766 1.8
    endloop
  endfacet
  facet normal -0.146612 0.989194 0
    outer loop
      vertex 19.5166 1.63319 1.8
      vertex 19.6817 1.65766 0
      vertex 19.5166 1.63319 0
    endloop
  endfacet
  facet normal 0 -1 0
    outer loop
      vertex 34.7 5.5 0
      vertex 34 5.5 0.699997
      vertex 33.3 5.5 0
    endloop
  endfacet
  facet normal -0.707105 0 -0.707108
    outer loop
      vertex 34.7 -5.5 0
      vertex 34 5.5 0.699997
      vertex 34.7 5.5 0
    endloop
  endfacet
  facet normal -0.707105 -0 -0.707108
    outer loop
      vertex 34 5.5 0.699997
      vertex 34.7 -5.5 0
      vertex 34 -5.5 0.699997
    endloop
  endfacet
  facet normal 0 1 0
    outer loop
      vertex 34 -5.5 0.699997
      vertex 34.7 -5.5 0
      vertex 33.3 -5.5 0
    endloop
  endfacet
  facet normal 0.707105 0 -0.707108
    outer loop
      vertex 33.3 -5.5 0
      vertex 34 5.5 0.699997
      vertex 34 -5.5 0.699997
    endloop
  endfacet
  facet normal 0.707105 0 -0.707108
    outer loop
      vertex 34 5.5 0.699997
      vertex 33.3 -5.5 0
      vertex 33.3 5.5 0
    endloop
  endfacet
  facet normal -0.707107 0 -0.707106
    outer loop
      vertex 6.59999 5.025 0
      vertex 6 25.6 0.599991
      vertex 6.59999 26.2 0
    endloop
  endfacet
  facet normal -0.707107 -0 -0.707106
    outer loop
      vertex 6 25.6 0.599991
      vertex 6.59999 5.025 0
      vertex 6 5.025 0.599991
    endloop
  endfacet
  facet normal -0.707107 0 -0.707106
    outer loop
      vertex 6.59999 -5.025 0
      vertex 6 -25.6 0.599991
      vertex 6 -5.025 0.599991
    endloop
  endfacet
  facet normal -0.707107 0 -0.707106
    outer loop
      vertex 6 -25.6 0.599991
      vertex 6.59999 -5.025 0
      vertex 6.59999 -26.2 0
    endloop
  endfacet
  facet normal -0.707107 0 -0.707106
    outer loop
      vertex 6.59999 -1.625 0
      vertex 6 1.625 0.599991
      vertex 6.59999 1.625 0
    endloop
  endfacet
  facet normal -0.707107 -0 -0.707106
    outer loop
      vertex 6 1.625 0.599991
      vertex 6.59999 -1.625 0
      vertex 6 -1.625 0.599991
    endloop
  endfacet
  facet normal -0.132111 -0.225943 0.965141
    outer loop
      vertex 54.7275 1.81834 12.6184
      vertex 55.231 2.80713 12.9188
      vertex 54.3482 2.04012 12.6184
    endloop
  endfacet
  facet normal 0.119029 0.0880859 0.988976
    outer loop
      vertex 49.8371 -0.597262 12.4153
      vertex 48.9383 -0.917513 12.552
      vertex 49.9726 -0.780361 12.4153
    endloop
  endfacet
  facet normal 0.119245 0.0874904 0.989003
    outer loop
      vertex 48.9383 -0.917513 12.552
      vertex 49.8371 -0.597262 12.4153
      vertex 48.924 -0.849415 12.5477
    endloop
  endfacet
  facet normal -0.381295 -0.501558 0.776566
    outer loop
      vertex 59.9158 4.04933 14.9666
      vertex 59.0553 4.7035 14.9666
      vertex 58.3796 4.25305 14.3439
    endloop
  endfacet
  facet normal -0.443739 -0.583703 0.67999
    outer loop
      vertex 60.5384 4.36785 15.6463
      vertex 59.6102 5.07348 15.6463
      vertex 59.0553 4.7035 14.9666
    endloop
  endfacet
  facet normal -0.316928 -0.234435 0.91902
    outer loop
      vertex 58.1594 1.70086 13.3112
      vertex 59.3099 2.01857 13.789
      vertex 57.7737 2.22228 13.3112
    endloop
  endfacet
  facet normal -0.202797 0.0199384 0.979018
    outer loop
      vertex 57.3075 0 12.9188
      vertex 55.8573 0 12.6184
      vertex 55.8243 -0.335649 12.6184
    endloop
  endfacet
  facet normal 0.111248 0.248859 0.96213
    outer loop
      vertex 50.0714 -2.227 12.6184
      vertex 49.6826 -2.65129 12.7731
      vertex 49.6917 -2.66541 12.7757
    endloop
  endfacet
  facet normal 0.110905 0.249159 0.962091
    outer loop
      vertex 49.6826 -2.65129 12.7731
      vertex 50.0714 -2.227 12.6184
      vertex 49.5589 -2.45529 12.7366
    endloop
  endfacet
  facet normal -0.503808 0.662763 0.554006
    outer loop
      vertex 60.9247 -4.56546 16.234
      vertex 60.5384 -4.36785 15.6463
      vertex 60.2943 -4.84731 15.9979
    endloop
  endfacet
  facet normal -0.276399 0.472746 0.836729
    outer loop
      vertex 58.3796 -4.25305 14.3439
      vertex 57.5947 -3.72982 13.789
      vertex 56.8166 -4.18475 13.789
    endloop
  endfacet
  facet normal -0.0256903 -0.193685 0.980727
    outer loop
      vertex 52.9983 2.48389 12.6184
      vertex 52.5035 2.54952 12.6184
      vertex 52.3056 1.54737 12.4153
    endloop
  endfacet
  facet normal -0.118401 -0.360122 0.925361
    outer loop
      vertex 55.3334 3.8491 13.3112
      vertex 54.5513 4.10624 13.3112
      vertex 54.0311 3.26897 12.9188
    endloop
  endfacet
  facet normal 0.0880823 0.267912 0.959409
    outer loop
      vertex 49.988 -3.07515 12.8629
      vertex 50.5239 -2.37577 12.6184
      vertex 50.0714 -2.227 12.6184
    endloop
  endfacet
  facet normal 0.0885279 0.267588 0.959458
    outer loop
      vertex 50.5239 -2.37577 12.6184
      vertex 49.988 -3.07515 12.8629
      vertex 50.0425 -3.15055 12.8789
    endloop
  endfacet
  facet normal -0.796025 -0.405345 0.449488
    outer loop
      vertex 62.4982 2.899 16.3714
      vertex 63.1282 2.50245 17.1295
      vertex 62.8132 2.98599 17.0077
    endloop
  endfacet
  facet normal -0.796022 -0.405369 0.449472
    outer loop
      vertex 63.1282 2.50245 17.1295
      vertex 62.4982 2.899 16.3714
      vertex 63.3684 2.03077 17.1295
    endloop
  endfacet
  facet normal -0.418744 0.213247 0.882711
    outer loop
      vertex 60.3353 -2.30173 14.3439
      vertex 60.7147 -1.55672 14.3439
      vertex 59.6425 -1.36521 13.789
    endloop
  endfacet
  facet normal -0.767873 0.0755147 0.636135
    outer loop
      vertex 63.3632 0 16.3714
      vertex 62.7625 0 15.6463
      vertex 62.6704 -0.936522 15.6463
    endloop
  endfacet
  facet normal -0.180735 -0.549715 0.815567
    outer loop
      vertex 55.9561 4.56808 13.789
      vertex 56.511 5.2089 14.3439
      vertex 55.4526 5.55688 14.3439
    endloop
  endfacet
  facet normal -0.0547212 -0.054835 0.996995
    outer loop
      vertex 54.0274 0.780361 12.4153
      vertex 53.8573 0.950108 12.4153
      vertex 52.6227 0.318519 12.3128
    endloop
  endfacet
  facet normal -0.178416 -0.305187 0.93543
    outer loop
      vertex 56.7142 3.14278 13.3112
      vertex 56.0585 3.52611 13.3112
      vertex 55.231 2.80713 12.9188
    endloop
  endfacet
  facet normal -0.532505 0.158859 0.831386
    outer loop
      vertex 61.8923 -0.868228 14.9666
      vertex 60.9449 -0.785078 14.3439
      vertex 60.7147 -1.55672 14.3439
    endloop
  endfacet
  facet normal -0.44374 -0.583698 0.679994
    outer loop
      vertex 59.9158 4.04933 14.9666
      vertex 60.5384 4.36785 15.6463
      vertex 59.0553 4.7035 14.9666
    endloop
  endfacet
  facet normal -0.152121 -0.672346 0.724438
    outer loop
      vertex 55.3293 5.65449 14.4086
      vertex 55.4526 5.55688 14.3439
      vertex 55.5233 5.67072 14.4644
    endloop
  endfacet
  facet normal -0.152138 -0.672357 0.724424
    outer loop
      vertex 55.4526 5.55688 14.3439
      vertex 55.3293 5.65449 14.4086
      vertex 55.1154 5.63318 14.3439
    endloop
  endfacet
  facet normal -0.532509 0.158872 0.831381
    outer loop
      vertex 61.6377 -1.7216 14.9666
      vertex 61.8923 -0.868228 14.9666
      vertex 60.7147 -1.55672 14.3439
    endloop
  endfacet
  facet normal -0.357999 0.0351746 0.933059
    outer loop
      vertex 59.9121 0 13.789
      vertex 58.6668 0 13.3112
      vertex 58.6098 -0.580132 13.3112
    endloop
  endfacet
  facet normal -0.246903 -0.182664 0.951669
    outer loop
      vertex 56.9035 1.35405 12.9188
      vertex 58.1594 1.70086 13.3112
      vertex 56.5964 1.76915 12.9188
    endloop
  endfacet
  facet normal -0.181375 0.13419 0.974216
    outer loop
      vertex 56.5964 -1.76915 12.9188
      vertex 55.5637 -0.984076 12.6184
      vertex 55.3405 -1.28576 12.6184
    endloop
  endfacet
  facet normal -0.508049 0.258726 0.821552
    outer loop
      vertex 61.2181 -2.54552 14.9666
      vertex 60.7147 -1.55672 14.3439
      vertex 60.3353 -2.30173 14.3439
    endloop
  endfacet
  facet normal -0.37852 -0.647461 0.661451
    outer loop
      vertex 59.0553 4.7035 14.9666
      vertex 59.6102 5.07348 15.6463
      vertex 58.074 5.27719 14.9666
    endloop
  endfacet
  facet normal -0.44675 -0.0439308 0.893579
    outer loop
      vertex 61.0221 0 14.3439
      vertex 60.9449 0.785078 14.3439
      vertex 59.8445 0.688495 13.789
    endloop
  endfacet
  facet normal -0.130098 0.574874 0.807833
    outer loop
      vertex 55.4526 -5.55688 14.3439
      vertex 55.0278 -4.87325 13.789
      vertex 54.0478 -5.09503 13.789
    endloop
  endfacet
  facet normal 0.0639114 -0.282386 0.957169
    outer loop
      vertex 50.0737 3.18929 12.8883
      vertex 50.6263 3.41774 12.9188
      vertex 50.1758 3.31578 12.9188
    endloop
  endfacet
  facet normal 0.0638518 -0.282248 0.957214
    outer loop
      vertex 50.6263 3.41774 12.9188
      vertex 50.0737 3.18929 12.8883
      vertex 51.0017 2.48389 12.6184
    endloop
  endfacet
  facet normal -0.110953 -0.249099 0.962101
    outer loop
      vertex 55.231 2.80713 12.9188
      vertex 54.6537 3.06427 12.9188
      vertex 53.9286 2.227 12.6184
    endloop
  endfacet
  facet normal -0.381294 -0.501564 0.776562
    outer loop
      vertex 59.1577 3.66153 14.3439
      vertex 59.9158 4.04933 14.9666
      vertex 58.3796 4.25305 14.3439
    endloop
  endfacet
  facet normal -0.503808 -0.662763 0.554006
    outer loop
      vertex 60.5384 4.36785 15.6463
      vertex 60.9247 4.56546 16.234
      vertex 60.2943 4.84731 15.9979
    endloop
  endfacet
  facet normal -0.578075 -0.579231 0.574736
    outer loop
      vertex 60.5384 4.36785 15.6463
      vertex 61.2636 4.36357 16.3714
      vertex 60.9247 4.56546 16.234
    endloop
  endfacet
  facet normal -0.578009 -0.579364 0.574669
    outer loop
      vertex 61.2636 4.36357 16.3714
      vertex 60.5384 4.36785 15.6463
      vertex 61.8408 3.78772 16.3714
    endloop
  endfacet
  facet normal -0.0880884 -0.26793 0.959403
    outer loop
      vertex 53.9286 2.227 12.6184
      vertex 54.0311 3.26897 12.9188
      vertex 53.4761 2.37577 12.6184
    endloop
  endfacet
  facet normal -0.27725 0.0272408 0.960412
    outer loop
      vertex 58.6098 -0.580132 13.3112
      vertex 58.6668 0 13.3112
      vertex 57.3075 0 12.9188
    endloop
  endfacet
  facet normal -0.149365 0.454297 0.878239
    outer loop
      vertex 55.0278 -4.87325 13.789
      vertex 55.3334 -3.8491 13.3112
      vertex 54.5513 -4.10624 13.3112
    endloop
  endfacet
  facet normal -0.149476 0.335569 0.930081
    outer loop
      vertex 55.3334 -3.8491 13.3112
      vertex 56.0585 -3.52611 13.3112
      vertex 54.6537 -3.06427 12.9188
    endloop
  endfacet
  facet normal -0.149473 0.335578 0.930078
    outer loop
      vertex 56.0585 -3.52611 13.3112
      vertex 55.231 -2.80713 12.9188
      vertex 54.6537 -3.06427 12.9188
    endloop
  endfacet
  facet normal 0.0433555 0.0741695 0.996303
    outer loop
      vertex 51.5222 -0.415102 12.3128
      vertex 51.445 -0.369975 12.3128
      vertex 50.3446 -1.1036 12.4153
    endloop
  endfacet
  facet normal -0.327567 0.560305 0.760762
    outer loop
      vertex 59.0553 -4.7035 14.9666
      vertex 58.3796 -4.25305 14.3439
      vertex 58.074 -5.27719 14.9666
    endloop
  endfacet
  facet normal -0.085692 -0.378663 0.921559
    outer loop
      vertex 54.0311 3.26897 12.9188
      vertex 54.5513 4.10624 13.3112
      vertex 53.7255 4.29312 13.3112
    endloop
  endfacet
  facet normal 0.0623514 -0.0317372 0.99755
    outer loop
      vertex 51.2419 0.13542 12.3128
      vertex 49.8371 0.597262 12.4153
      vertex 49.7387 0.403944 12.4153
    endloop
  endfacet
  facet normal -0.107839 0.476529 0.87252
    outer loop
      vertex 54.0478 -5.09503 13.789
      vertex 54.5513 -4.10624 13.3112
      vertex 53.7255 -4.29312 13.3112
    endloop
  endfacet
  facet normal -0.796022 0.405369 0.449472
    outer loop
      vertex 62.4982 -2.899 16.3714
      vertex 63.1282 -2.50245 17.1295
      vertex 63.3684 -2.03077 17.1295
    endloop
  endfacet
  facet normal -0.796025 0.405345 0.449488
    outer loop
      vertex 63.1282 -2.50245 17.1295
      vertex 62.4982 -2.899 16.3714
      vertex 62.8132 -2.98599 17.0077
    endloop
  endfacet
  facet normal 0.0128179 -0.0966411 0.995237
    outer loop
      vertex 51.8976 0.518748 12.3128
      vertex 51.6944 1.54737 12.4153
      vertex 51.3941 1.50754 12.4153
    endloop
  endfacet
  facet normal -0.0638712 -0.28224 0.957215
    outer loop
      vertex 54.0311 3.26897 12.9188
      vertex 53.3737 3.41774 12.9188
      vertex 52.9983 2.48389 12.6184
    endloop
  endfacet
  facet normal -0.132114 -0.225941 0.965141
    outer loop
      vertex 55.7529 2.50196 12.9188
      vertex 55.231 2.80713 12.9188
      vertex 54.7275 1.81834 12.6184
    endloop
  endfacet
  facet normal -0.0871861 -0.14911 0.984969
    outer loop
      vertex 54.7275 1.81834 12.6184
      vertex 54.3482 2.04012 12.6184
      vertex 53.4252 1.2382 12.4153
    endloop
  endfacet
  facet normal -0.132756 0.0130522 0.991063
    outer loop
      vertex 55.8243 -0.335649 12.6184
      vertex 55.8573 0 12.6184
      vertex 54.3411 0 12.4153
    endloop
  endfacet
  facet normal -0.724996 0.536252 0.432221
    outer loop
      vertex 62.4982 -2.899 16.3714
      vertex 62.5227 -3.29991 16.9099
      vertex 62.8132 -2.98599 17.0077
    endloop
  endfacet
  facet normal -0.725228 0.53605 0.432082
    outer loop
      vertex 62.4982 -2.899 16.3714
      vertex 62.4898 -3.33499 16.8982
      vertex 62.5227 -3.29991 16.9099
    endloop
  endfacet
  facet normal -0.7249 0.536314 0.432305
    outer loop
      vertex 62.4898 -3.33499 16.8982
      vertex 62.4982 -2.899 16.3714
      vertex 62.3157 -3.51058 16.8241
    endloop
  endfacet
  facet normal -0.724976 0.536276 0.432224
    outer loop
      vertex 61.8408 -3.78772 16.3714
      vertex 62.3157 -3.51058 16.8241
      vertex 62.4982 -2.899 16.3714
    endloop
  endfacet
  facet normal -0.72498 0.536262 0.432236
    outer loop
      vertex 61.8408 -3.78772 16.3714
      vertex 62 -3.82897 16.6896
      vertex 62.3157 -3.51058 16.8241
    endloop
  endfacet
  facet normal -0.724675 0.536746 0.432146
    outer loop
      vertex 62 -3.82897 16.6896
      vertex 61.8408 -3.78772 16.3714
      vertex 61.9851 -3.84329 16.6824
    endloop
  endfacet
  facet normal -0.578009 0.579364 0.574669
    outer loop
      vertex 60.5384 -4.36785 15.6463
      vertex 61.2636 -4.36357 16.3714
      vertex 61.8408 -3.78772 16.3714
    endloop
  endfacet
  facet normal -0.578075 0.579231 0.574736
    outer loop
      vertex 61.2636 -4.36357 16.3714
      vertex 60.5384 -4.36785 15.6463
      vertex 60.9247 -4.56546 16.234
    endloop
  endfacet
  facet normal -0.545206 -0.0535643 0.836589
    outer loop
      vertex 61.9776 0 14.9666
      vertex 61.8923 0.868228 14.9666
      vertex 61.0221 0 14.3439
    endloop
  endfacet
  facet normal -0.473413 -0.350164 0.808248
    outer loop
      vertex 61.2181 2.54552 14.9666
      vertex 60.6409 3.32588 14.9666
      vertex 60.3353 2.30173 14.3439
    endloop
  endfacet
  facet normal -0.74551 -0.222398 0.628294
    outer loop
      vertex 62.6704 0.936522 15.6463
      vertex 63.2659 0.988793 16.3714
      vertex 62.3958 1.85702 15.6463
    endloop
  endfacet
  facet normal -0.319789 0.420659 0.848988
    outer loop
      vertex 58.3796 -4.25305 14.3439
      vertex 59.1577 -3.66153 14.3439
      vertex 57.5947 -3.72982 13.789
    endloop
  endfacet
  facet normal -0.636412 -0.189852 0.74762
    outer loop
      vertex 62.6704 0.936522 15.6463
      vertex 62.3958 1.85702 15.6463
      vertex 61.8923 0.868228 14.9666
    endloop
  endfacet
  facet normal -0.532509 -0.158872 0.831381
    outer loop
      vertex 61.8923 0.868228 14.9666
      vertex 61.6377 1.7216 14.9666
      vertex 60.7147 1.55672 14.3439
    endloop
  endfacet
  facet normal -0.703326 0.35818 0.614035
    outer loop
      vertex 62.4982 -2.899 16.3714
      vertex 62.3958 -1.85702 15.6463
      vertex 61.9432 -2.74575 15.6463
    endloop
  endfacet
  facet normal -0.865087 0.44054 0.239896
    outer loop
      vertex 63.3351 -2.14223 17.2141
      vertex 63.3684 -2.03077 17.1295
      vertex 63.1282 -2.50245 17.1295
    endloop
  endfacet
  facet normal -0.378523 0.647449 0.661461
    outer loop
      vertex 58.074 -5.27719 14.9666
      vertex 59.3329 -5.2356 15.6463
      vertex 59.6102 -5.07348 15.6463
    endloop
  endfacet
  facet normal -0.378583 0.647289 0.661582
    outer loop
      vertex 59.3329 -5.2356 15.6463
      vertex 58.074 -5.27719 14.9666
      vertex 58.3132 -5.485 15.3068
    endloop
  endfacet
  facet normal 0.111248 -0.248859 0.96213
    outer loop
      vertex 49.6826 2.65129 12.7731
      vertex 50.0714 2.227 12.6184
      vertex 49.6917 2.66541 12.7757
    endloop
  endfacet
  facet normal 0.110905 -0.249159 0.962091
    outer loop
      vertex 50.0714 2.227 12.6184
      vertex 49.6826 2.65129 12.7731
      vertex 49.5589 2.45529 12.7366
    endloop
  endfacet
  facet normal 0.110106 -0.110764 0.987729
    outer loop
      vertex 49.9726 0.780361 12.4153
      vertex 49.0703 1.46626 12.5928
      vertex 48.989 1.15894 12.5674
    endloop
  endfacet
  facet normal 0.151311 -0.198298 0.968392
    outer loop
      vertex 49.1617 1.74991 12.6217
      vertex 49.2725 1.81834 12.6184
      vertex 49.2014 1.83441 12.6328
    endloop
  endfacet
  facet normal 0.153498 -0.201892 0.967305
    outer loop
      vertex 49.2725 1.81834 12.6184
      vertex 49.1617 1.74991 12.6217
      vertex 49.1516 1.72642 12.6184
    endloop
  endfacet
  facet normal -0.0387126 -0.291863 0.955676
    outer loop
      vertex 52.9983 2.48389 12.6184
      vertex 52.6928 3.50804 12.9188
      vertex 52.5035 2.54952 12.6184
    endloop
  endfacet
  facet normal 0.0518602 -0.391047 0.918908
    outer loop
      vertex 50.8069 3.8884 13.1089
      vertex 50.6263 3.41774 12.9188
      vertex 51.3072 3.50804 12.9188
    endloop
  endfacet
  facet normal 0.0514541 -0.390922 0.918984
    outer loop
      vertex 50.6187 3.73692 13.055
      vertex 50.6263 3.41774 12.9188
      vertex 50.8069 3.8884 13.1089
    endloop
  endfacet
  facet normal 0.051813 -0.390908 0.91897
    outer loop
      vertex 50.6263 3.41774 12.9188
      vertex 50.6187 3.73692 13.055
      vertex 50.5291 3.65969 13.0272
    endloop
  endfacet
  facet normal -0.276399 -0.472746 0.836729
    outer loop
      vertex 57.5947 3.72982 13.789
      vertex 58.3796 4.25305 14.3439
      vertex 56.8166 4.18475 13.789
    endloop
  endfacet
  facet normal -0.167674 -0.168045 0.971415
    outer loop
      vertex 55.3405 1.28576 12.6184
      vertex 56.5964 1.76915 12.9188
      vertex 55.0602 1.56544 12.6184
    endloop
  endfacet
  facet normal -0.202797 -0.0199353 0.979018
    outer loop
      vertex 57.3075 0 12.9188
      vertex 57.2621 0.461842 12.9188
      vertex 55.8243 0.335649 12.6184
    endloop
  endfacet
  facet normal -0.21196 -0.645267 0.733965
    outer loop
      vertex 55.4526 5.55688 14.3439
      vertex 56.1639 5.67823 14.656
      vertex 55.5233 5.67072 14.4644
    endloop
  endfacet
  facet normal -0.212074 -0.645035 0.734135
    outer loop
      vertex 56.1639 5.67823 14.656
      vertex 55.4526 5.55688 14.3439
      vertex 56.511 5.2089 14.3439
    endloop
  endfacet
  facet normal -0.310964 -0.698025 0.64503
    outer loop
      vertex 58.074 5.27719 14.9666
      vertex 58.3132 5.485 15.3068
      vertex 57.8694 5.5538 15.1673
    endloop
  endfacet
  facet normal -0.378583 -0.647289 0.661582
    outer loop
      vertex 58.074 5.27719 14.9666
      vertex 59.3329 5.2356 15.6463
      vertex 58.3132 5.485 15.3068
    endloop
  endfacet
  facet normal -0.378523 -0.647449 0.661461
    outer loop
      vertex 59.3329 5.2356 15.6463
      vertex 58.074 5.27719 14.9666
      vertex 59.6102 5.07348 15.6463
    endloop
  endfacet
  facet normal -0.643056 -0.644564 0.413541
    outer loop
      vertex 61.8408 3.78772 16.3714
      vertex 61.9851 3.84329 16.6824
      vertex 61.2636 4.36357 16.3714
    endloop
  endfacet
  facet normal -0.865087 -0.44054 0.239896
    outer loop
      vertex 63.3684 2.03077 17.1295
      vertex 63.3351 2.14223 17.2141
      vertex 63.1282 2.50245 17.1295
    endloop
  endfacet
  facet normal -0.7249 -0.536314 0.432305
    outer loop
      vertex 62.4982 2.899 16.3714
      vertex 62.4898 3.33499 16.8982
      vertex 62.3157 3.51058 16.8241
    endloop
  endfacet
  facet normal -0.725228 -0.53605 0.432082
    outer loop
      vertex 62.4898 3.33499 16.8982
      vertex 62.4982 2.899 16.3714
      vertex 62.5227 3.29991 16.9099
    endloop
  endfacet
  facet normal -0.724996 -0.536252 0.432221
    outer loop
      vertex 62.5227 3.29991 16.9099
      vertex 62.4982 2.899 16.3714
      vertex 62.8132 2.98599 17.0077
    endloop
  endfacet
  facet normal -0.7679 0.0755635 0.636097
    outer loop
      vertex 63.2659 -0.988793 16.3714
      vertex 63.3632 0 16.3714
      vertex 62.6704 -0.936522 15.6463
    endloop
  endfacet
  facet normal -0.130098 -0.574874 0.807833
    outer loop
      vertex 55.0278 4.87325 13.789
      vertex 55.4526 5.55688 14.3439
      vertex 54.0478 5.09503 13.789
    endloop
  endfacet
  facet normal -0.212089 -0.644962 0.734195
    outer loop
      vertex 56.3734 5.68069 14.7186
      vertex 56.511 5.2089 14.3439
      vertex 56.9169 5.6775 14.8728
    endloop
  endfacet
  facet normal -0.211834 -0.644952 0.734277
    outer loop
      vertex 56.511 5.2089 14.3439
      vertex 56.3734 5.68069 14.7186
      vertex 56.1639 5.67823 14.656
    endloop
  endfacet
  facet normal -0.392237 0.290163 0.872901
    outer loop
      vertex 59.8133 -3.00736 14.3439
      vertex 60.3353 -2.30173 14.3439
      vertex 58.8521 -2.63738 13.789
    endloop
  endfacet
  facet normal -0.358808 0.359627 0.861351
    outer loop
      vertex 59.1577 -3.66153 14.3439
      vertex 58.8521 -2.63738 13.789
      vertex 58.2771 -3.21107 13.789
    endloop
  endfacet
  facet normal -0.085692 0.378663 0.921559
    outer loop
      vertex 54.5513 -4.10624 13.3112
      vertex 54.0311 -3.26897 12.9188
      vertex 53.7255 -4.29312 13.3112
    endloop
  endfacet
  facet normal 0.0129635 0.2967 0.954883
    outer loop
      vertex 52 -3.53831 12.9188
      vertex 51.4965 -2.54952 12.6184
      vertex 51.3072 -3.50804 12.9188
    endloop
  endfacet
  facet normal 0.0657178 0.00645197 0.997817
    outer loop
      vertex 49.6789 -0.203714 12.4153
      vertex 51.2219 -0.0682945 12.3128
      vertex 49.6589 0 12.4153
    endloop
  endfacet
  facet normal -0.212089 0.644962 0.734195
    outer loop
      vertex 56.511 -5.2089 14.3439
      vertex 56.3734 -5.68069 14.7186
      vertex 56.9169 -5.6775 14.8728
    endloop
  endfacet
  facet normal -0.211834 0.644952 0.734277
    outer loop
      vertex 56.3734 -5.68069 14.7186
      vertex 56.511 -5.2089 14.3439
      vertex 56.1639 -5.67823 14.656
    endloop
  endfacet
  facet normal -0.12585 0.0640472 0.98998
    outer loop
      vertex 55.5637 -0.984076 12.6184
      vertex 55.7258 -0.665557 12.6184
      vertex 54.1629 -0.597262 12.4153
    endloop
  endfacet
  facet normal 0.125842 -0.0640544 0.98998
    outer loop
      vertex 48.8913 0.638588 12.5382
      vertex 49.7387 0.403944 12.4153
      vertex 49.8371 0.597262 12.4153
    endloop
  endfacet
  facet normal 0.126021 -0.0634164 0.989998
    outer loop
      vertex 49.7387 0.403944 12.4153
      vertex 48.8913 0.638588 12.5382
      vertex 48.8788 0.557548 12.5346
    endloop
  endfacet
  facet normal 0.0995337 -0.130914 0.986385
    outer loop
      vertex 49.0779 1.49483 12.5951
      vertex 49.2725 1.81834 12.6184
      vertex 49.1516 1.72642 12.6184
    endloop
  endfacet
  facet normal 0.0995737 -0.130938 0.986377
    outer loop
      vertex 49.2725 1.81834 12.6184
      vertex 49.0779 1.49483 12.5951
      vertex 50.1427 0.950108 12.4153
    endloop
  endfacet
  facet normal -0.00860711 -0.196985 0.980369
    outer loop
      vertex 52.5035 2.54952 12.6184
      vertex 52 2.57152 12.6184
      vertex 52 1.56072 12.4153
    endloop
  endfacet
  facet normal 0.0256903 -0.193685 0.980727
    outer loop
      vertex 51.6944 1.54737 12.4153
      vertex 51.4965 2.54952 12.6184
      vertex 51.0017 2.48389 12.6184
    endloop
  endfacet
  facet normal 0.0129635 -0.2967 0.954883
    outer loop
      vertex 51.4965 2.54952 12.6184
      vertex 52 3.53831 12.9188
      vertex 51.3072 3.50804 12.9188
    endloop
  endfacet
  facet normal -0.291265 -0.291931 0.911011
    outer loop
      vertex 58.8521 2.63738 13.789
      vertex 58.2771 3.21107 13.789
      vertex 57.7737 2.22228 13.3112
    endloop
  endfacet
  facet normal -0.199145 -0.0594584 0.978165
    outer loop
      vertex 55.8243 0.335649 12.6184
      vertex 57.1266 0.915781 12.9188
      vertex 55.7258 0.665557 12.6184
    endloop
  endfacet
  facet normal -0.0494617 -0.0650608 0.996655
    outer loop
      vertex 53.8573 0.950108 12.4153
      vertex 53.6554 1.1036 12.4153
      vertex 52.6227 0.318519 12.3128
    endloop
  endfacet
  facet normal -0.110249 -0.110493 0.987743
    outer loop
      vertex 55.3405 1.28576 12.6184
      vertex 55.0602 1.56544 12.6184
      vertex 54.0274 0.780361 12.4153
    endloop
  endfacet
  facet normal -0.0387063 -0.291862 0.955677
    outer loop
      vertex 52.9983 2.48389 12.6184
      vertex 53.3737 3.41774 12.9188
      vertex 52.6928 3.50804 12.9188
    endloop
  endfacet
  facet normal -0.204656 -0.269251 0.941074
    outer loop
      vertex 56.2107 2.15399 12.9188
      vertex 56.7142 3.14278 13.3112
      vertex 55.7529 2.50196 12.9188
    endloop
  endfacet
  facet normal -0.35094 -0.10469 0.930527
    outer loop
      vertex 58.6098 0.580132 13.3112
      vertex 59.6425 1.36521 13.789
      vertex 58.4397 1.15034 13.3112
    endloop
  endfacet
  facet normal -0.132756 -0.0130522 0.991063
    outer loop
      vertex 55.8573 0 12.6184
      vertex 55.8243 0.335649 12.6184
      vertex 54.3411 0 12.4153
    endloop
  endfacet
  facet normal -0.645944 0.477815 0.595356
    outer loop
      vertex 61.8408 -3.78772 16.3714
      vertex 62.4982 -2.899 16.3714
      vertex 61.3206 -3.58749 15.6463
    endloop
  endfacet
  facet normal -0.504744 0.505934 0.699474
    outer loop
      vertex 61.3206 -3.58749 15.6463
      vertex 60.6409 -3.32588 14.9666
      vertex 60.5384 -4.36785 15.6463
    endloop
  endfacet
  facet normal -0.653317 0.0642489 0.754353
    outer loop
      vertex 62.6704 -0.936522 15.6463
      vertex 62.7625 0 15.6463
      vertex 61.8923 -0.868228 14.9666
    endloop
  endfacet
  facet normal -0.636397 0.189866 0.74763
    outer loop
      vertex 62.3958 -1.85702 15.6463
      vertex 61.8923 -0.868228 14.9666
      vertex 61.6377 -1.7216 14.9666
    endloop
  endfacet
  facet normal -0.508041 0.258732 0.821554
    outer loop
      vertex 61.2181 -2.54552 14.9666
      vertex 61.6377 -1.7216 14.9666
      vertex 60.7147 -1.55672 14.3439
    endloop
  endfacet
  facet normal -0.446719 -0.0438612 0.893599
    outer loop
      vertex 59.9121 0 13.789
      vertex 61.0221 0 14.3439
      vertex 59.8445 0.688495 13.789
    endloop
  endfacet
  facet normal -0.437212 -0.130508 0.889839
    outer loop
      vertex 59.8445 0.688495 13.789
      vertex 60.7147 1.55672 14.3439
      vertex 59.6425 1.36521 13.789
    endloop
  endfacet
  facet normal -0.604124 -0.307664 0.735104
    outer loop
      vertex 61.6377 1.7216 14.9666
      vertex 62.3958 1.85702 15.6463
      vertex 61.2181 2.54552 14.9666
    endloop
  endfacet
  facet normal -0.745502 -0.222375 0.628312
    outer loop
      vertex 63.2659 0.988793 16.3714
      vertex 62.976 1.96067 16.3714
      vertex 62.3958 1.85702 15.6463
    endloop
  endfacet
  facet normal -0.392238 -0.290181 0.872894
    outer loop
      vertex 59.3099 2.01857 13.789
      vertex 60.3353 2.30173 14.3439
      vertex 58.8521 2.63738 13.789
    endloop
  endfacet
  facet normal -0.37852 0.647461 0.661451
    outer loop
      vertex 59.6102 -5.07348 15.6463
      vertex 59.0553 -4.7035 14.9666
      vertex 58.074 -5.27719 14.9666
    endloop
  endfacet
  facet normal -0.426425 0.729383 0.534941
    outer loop
      vertex 59.6818 -5.12117 15.7684
      vertex 59.6102 -5.07348 15.6463
      vertex 59.3329 -5.2356 15.6463
    endloop
  endfacet
  facet normal -0.0638682 -0.282244 0.957214
    outer loop
      vertex 53.4761 2.37577 12.6184
      vertex 54.0311 3.26897 12.9188
      vertex 52.9983 2.48389 12.6184
    endloop
  endfacet
  facet normal -0.0129641 -0.2967 0.954883
    outer loop
      vertex 52.5035 2.54952 12.6184
      vertex 52 3.53831 12.9188
      vertex 52 2.57152 12.6184
    endloop
  endfacet
  facet normal -0.504744 -0.505934 0.699474
    outer loop
      vertex 60.6409 3.32588 14.9666
      vertex 61.3206 3.58749 15.6463
      vertex 60.5384 4.36785 15.6463
    endloop
  endfacet
  facet normal -0.357989 -0.0351492 0.933064
    outer loop
      vertex 59.9121 0 13.789
      vertex 59.8445 0.688495 13.789
      vertex 58.6098 0.580132 13.3112
    endloop
  endfacet
  facet normal -0.350903 -0.104745 0.930535
    outer loop
      vertex 59.8445 0.688495 13.789
      vertex 59.6425 1.36521 13.789
      vertex 58.6098 0.580132 13.3112
    endloop
  endfacet
  facet normal -0.430484 -0.431425 0.792815
    outer loop
      vertex 59.8133 3.00736 14.3439
      vertex 60.6409 3.32588 14.9666
      vertex 59.1577 3.66153 14.3439
    endloop
  endfacet
  facet normal -0.202797 0.0199353 0.979018
    outer loop
      vertex 57.2621 -0.461842 12.9188
      vertex 57.3075 0 12.9188
      vertex 55.8243 -0.335649 12.6184
    endloop
  endfacet
  facet normal -0.181377 0.134187 0.974216
    outer loop
      vertex 56.5964 -1.76915 12.9188
      vertex 56.9035 -1.35405 12.9188
      vertex 55.5637 -0.984076 12.6184
    endloop
  endfacet
  facet normal -0.319789 -0.420659 0.848988
    outer loop
      vertex 59.1577 3.66153 14.3439
      vertex 58.3796 4.25305 14.3439
      vertex 57.5947 3.72982 13.789
    endloop
  endfacet
  facet normal -0.426425 -0.729383 0.534941
    outer loop
      vertex 59.6102 5.07348 15.6463
      vertex 59.6818 5.12117 15.7684
      vertex 59.3329 5.2356 15.6463
    endloop
  endfacet
  facet normal -0.503746 -0.662637 0.554213
    outer loop
      vertex 60.5384 4.36785 15.6463
      vertex 59.6818 5.12117 15.7684
      vertex 59.6102 5.07348 15.6463
    endloop
  endfacet
  facet normal -0.503889 -0.662756 0.553941
    outer loop
      vertex 59.6818 5.12117 15.7684
      vertex 60.5384 4.36785 15.6463
      vertex 60.2943 4.84731 15.9979
    endloop
  endfacet
  facet normal -0.271127 -0.607608 0.746527
    outer loop
      vertex 56.511 5.2089 14.3439
      vertex 57.2308 5.65278 14.9666
      vertex 57.1676 5.65776 14.9477
    endloop
  endfacet
  facet normal -0.270866 -0.607851 0.746424
    outer loop
      vertex 56.511 5.2089 14.3439
      vertex 57.1676 5.65776 14.9477
      vertex 56.9169 5.6775 14.8728
    endloop
  endfacet
  facet normal -0.270796 -0.607937 0.746379
    outer loop
      vertex 57.2308 5.65278 14.9666
      vertex 56.511 5.2089 14.3439
      vertex 58.074 5.27719 14.9666
    endloop
  endfacet
  facet normal -0.31092 -0.698015 0.645061
    outer loop
      vertex 58.074 5.27719 14.9666
      vertex 57.8694 5.5538 15.1673
      vertex 57.2308 5.65278 14.9666
    endloop
  endfacet
  facet normal 0.0518212 -0.391091 0.918892
    outer loop
      vertex 51.3072 3.50804 12.9188
      vertex 51.1738 4.18372 13.2139
      vertex 50.8069 3.8884 13.1089
    endloop
  endfacet
  facet normal -0.0173583 -0.397284 0.917531
    outer loop
      vertex 52.6928 3.50804 12.9188
      vertex 52.8702 4.40654 13.3112
      vertex 52 3.53831 12.9188
    endloop
  endfacet
  facet normal 0.0627585 -0.627585 0.776015
    outer loop
      vertex 54.1961 5.46412 14.0755
      vertex 54.0478 5.09503 13.789
      vertex 54.1962 5.46413 14.0755
    endloop
  endfacet
  facet normal -0.078434 -0.591435 0.802529
    outer loop
      vertex 54.0478 5.09503 13.789
      vertex 54.1961 5.46412 14.0755
      vertex 53.2062 5.20664 13.789
    endloop
  endfacet
  facet normal -0.0173583 0.397284 0.917531
    outer loop
      vertex 52.8702 -4.40654 13.3112
      vertex 52.6928 -3.50804 12.9188
      vertex 52 -3.53831 12.9188
    endloop
  endfacet
  facet normal -0.430484 0.431425 0.792815
    outer loop
      vertex 60.6409 -3.32588 14.9666
      vertex 59.8133 -3.00736 14.3439
      vertex 59.1577 -3.66153 14.3439
    endloop
  endfacet
  facet normal -0.26086 0.343154 0.902329
    outer loop
      vertex 57.5947 -3.72982 13.789
      vertex 58.2771 -3.21107 13.789
      vertex 56.7142 -3.14278 13.3112
    endloop
  endfacet
  facet normal -0.226545 0.387514 0.893594
    outer loop
      vertex 57.5947 -3.72982 13.789
      vertex 56.7142 -3.14278 13.3112
      vertex 56.0585 -3.52611 13.3112
    endloop
  endfacet
  facet normal -0.261831 0.133313 0.955862
    outer loop
      vertex 58.1594 -1.70086 13.3112
      vertex 58.4397 -1.15034 13.3112
      vertex 57.1266 -0.915781 12.9188
    endloop
  endfacet
  facet normal -0.204672 0.269243 0.941073
    outer loop
      vertex 56.7142 -3.14278 13.3112
      vertex 57.2892 -2.70568 13.3112
      vertex 56.2107 -2.15399 12.9188
    endloop
  endfacet
  facet normal -0.0638682 0.282244 0.957214
    outer loop
      vertex 54.0311 -3.26897 12.9188
      vertex 53.4761 -2.37577 12.6184
      vertex 52.9983 -2.48389 12.6184
    endloop
  endfacet
  facet normal -0.204656 0.269251 0.941074
    outer loop
      vertex 56.7142 -3.14278 13.3112
      vertex 56.2107 -2.15399 12.9188
      vertex 55.7529 -2.50196 12.9188
    endloop
  endfacet
  facet normal -0.130436 0.038944 0.990692
    outer loop
      vertex 55.7258 -0.665557 12.6184
      vertex 55.8243 -0.335649 12.6184
      vertex 54.3211 -0.203714 12.4153
    endloop
  endfacet
  facet normal -0.277244 0.0272537 0.960413
    outer loop
      vertex 58.6098 -0.580132 13.3112
      vertex 57.3075 0 12.9188
      vertex 57.2621 -0.461842 12.9188
    endloop
  endfacet
  facet normal -0.151126 0.198813 0.968315
    outer loop
      vertex 56.2107 -2.15399 12.9188
      vertex 55.0602 -1.56544 12.6184
      vertex 54.7275 -1.81834 12.6184
    endloop
  endfacet
  facet normal -0.132114 0.225941 0.965141
    outer loop
      vertex 55.231 -2.80713 12.9188
      vertex 55.7529 -2.50196 12.9188
      vertex 54.7275 -1.81834 12.6184
    endloop
  endfacet
  facet normal -0.167674 0.168045 0.971415
    outer loop
      vertex 56.5964 -1.76915 12.9188
      vertex 55.3405 -1.28576 12.6184
      vertex 55.0602 -1.56544 12.6184
    endloop
  endfacet
  facet normal -0.07335 0.164692 0.983614
    outer loop
      vertex 53.9286 -2.227 12.6184
      vertex 54.3482 -2.04012 12.6184
      vertex 53.4252 -1.2382 12.4153
    endloop
  endfacet
  facet normal 0.0387063 0.291862 0.955677
    outer loop
      vertex 51.3072 -3.50804 12.9188
      vertex 51.0017 -2.48389 12.6184
      vertex 50.6263 -3.41774 12.9188
    endloop
  endfacet
  facet normal 0 0 1
    outer loop
      vertex 52.7781 0.0682945 12.3128
      vertex 52.7781 -0.0682945 12.3128
      vertex 52.7848 0 12.3128
    endloop
  endfacet
  facet normal 0 0 1
    outer loop
      vertex 52.7581 0.13542 12.3128
      vertex 52.7781 -0.0682945 12.3128
      vertex 52.7781 0.0682945 12.3128
    endloop
  endfacet
  facet normal 0 0 1
    outer loop
      vertex 52.7581 0.13542 12.3128
      vertex 52.7581 -0.13542 12.3128
      vertex 52.7781 -0.0682945 12.3128
    endloop
  endfacet
  facet normal 0 0 1
    outer loop
      vertex 52.7251 0.200229 12.3128
      vertex 52.7581 -0.13542 12.3128
      vertex 52.7581 0.13542 12.3128
    endloop
  endfacet
  facet normal 0 0 1
    outer loop
      vertex 52.7251 0.200229 12.3128
      vertex 52.7251 -0.200229 12.3128
      vertex 52.7581 -0.13542 12.3128
    endloop
  endfacet
  facet normal 0 0 1
    outer loop
      vertex 52.6797 0.261612 12.3128
      vertex 52.7251 -0.200229 12.3128
      vertex 52.7251 0.200229 12.3128
    endloop
  endfacet
  facet normal 0 0 1
    outer loop
      vertex 52.6797 0.261612 12.3128
      vertex 52.6797 -0.261612 12.3128
      vertex 52.7251 -0.200229 12.3128
    endloop
  endfacet
  facet normal 0 0 1
    outer loop
      vertex 52.6227 0.318519 12.3128
      vertex 52.6797 -0.261612 12.3128
      vertex 52.6797 0.261612 12.3128
    endloop
  endfacet
  facet normal 0 0 1
    outer loop
      vertex 52.6227 0.318519 12.3128
      vertex 52.6227 -0.318519 12.3128
      vertex 52.6797 -0.261612 12.3128
    endloop
  endfacet
  facet normal 0 0 1
    outer loop
      vertex 52.555 0.369975 12.3128
      vertex 52.6227 -0.318519 12.3128
      vertex 52.6227 0.318519 12.3128
    endloop
  endfacet
  facet normal 0 0 1
    outer loop
      vertex 52.555 0.369975 12.3128
      vertex 52.555 -0.369975 12.3128
      vertex 52.6227 -0.318519 12.3128
    endloop
  endfacet
  facet normal 0 0 1
    outer loop
      vertex 52.4778 0.415102 12.3128
      vertex 52.555 -0.369975 12.3128
      vertex 52.555 0.369975 12.3128
    endloop
  endfacet
  facet normal 0 0 1
    outer loop
      vertex 52.4778 0.415102 12.3128
      vertex 52.4778 -0.415102 12.3128
      vertex 52.555 -0.369975 12.3128
    endloop
  endfacet
  facet normal 0 0 1
    outer loop
      vertex 52.3924 0.453126 12.3128
      vertex 52.4778 -0.415102 12.3128
      vertex 52.4778 0.415102 12.3128
    endloop
  endfacet
  facet normal 0 0 1
    outer loop
      vertex 52.3924 0.453126 12.3128
      vertex 52.3924 -0.453126 12.3128
      vertex 52.4778 -0.415102 12.3128
    endloop
  endfacet
  facet normal 0 0 1
    outer loop
      vertex 52.3003 0.483397 12.3128
      vertex 52.3924 -0.453126 12.3128
      vertex 52.3924 0.453126 12.3128
    endloop
  endfacet
  facet normal 0 0 1
    outer loop
      vertex 52.3003 0.483397 12.3128
      vertex 52.3003 -0.483397 12.3128
      vertex 52.3924 -0.453126 12.3128
    endloop
  endfacet
  facet normal 0 0 1
    outer loop
      vertex 52.2031 0.505396 12.3128
      vertex 52.3003 -0.483397 12.3128
      vertex 52.3003 0.483397 12.3128
    endloop
  endfacet
  facet normal 0 0 1
    outer loop
      vertex 52.2031 0.505396 12.3128
      vertex 52.2031 -0.505396 12.3128
      vertex 52.3003 -0.483397 12.3128
    endloop
  endfacet
  facet normal 0 0 1
    outer loop
      vertex 52.1024 0.518748 12.3128
      vertex 52.2031 -0.505396 12.3128
      vertex 52.2031 0.505396 12.3128
    endloop
  endfacet
  facet normal 0 0 1
    outer loop
      vertex 52.1024 0.518748 12.3128
      vertex 52.1024 -0.518748 12.3128
      vertex 52.2031 -0.505396 12.3128
    endloop
  endfacet
  facet normal 0 0 1
    outer loop
      vertex 52 0.523225 12.3128
      vertex 52.1024 -0.518748 12.3128
      vertex 52.1024 0.518748 12.3128
    endloop
  endfacet
  facet normal 0 0 1
    outer loop
      vertex 52 0.523225 12.3128
      vertex 52 -0.523225 12.3128
      vertex 52.1024 -0.518748 12.3128
    endloop
  endfacet
  facet normal -0 0 1
    outer loop
      vertex 51.8976 0.518748 12.3128
      vertex 52 -0.523225 12.3128
      vertex 52 0.523225 12.3128
    endloop
  endfacet
  facet normal 0 0 1
    outer loop
      vertex 51.8976 0.518748 12.3128
      vertex 51.8976 -0.518748 12.3128
      vertex 52 -0.523225 12.3128
    endloop
  endfacet
  facet normal -0 0 1
    outer loop
      vertex 51.7969 0.505396 12.3128
      vertex 51.8976 -0.518748 12.3128
      vertex 51.8976 0.518748 12.3128
    endloop
  endfacet
  facet normal 0 0 1
    outer loop
      vertex 51.7969 0.505396 12.3128
      vertex 51.7969 -0.505396 12.3128
      vertex 51.8976 -0.518748 12.3128
    endloop
  endfacet
  facet normal -0 0 1
    outer loop
      vertex 51.6997 0.483397 12.3128
      vertex 51.7969 -0.505396 12.3128
      vertex 51.7969 0.505396 12.3128
    endloop
  endfacet
  facet normal 0 0 1
    outer loop
      vertex 51.6997 0.483397 12.3128
      vertex 51.6997 -0.483397 12.3128
      vertex 51.7969 -0.505396 12.3128
    endloop
  endfacet
  facet normal -0 0 1
    outer loop
      vertex 51.6076 0.453126 12.3128
      vertex 51.6997 -0.483397 12.3128
      vertex 51.6997 0.483397 12.3128
    endloop
  endfacet
  facet normal 0 0 1
    outer loop
      vertex 51.6076 0.453126 12.3128
      vertex 51.6076 -0.453126 12.3128
      vertex 51.6997 -0.483397 12.3128
    endloop
  endfacet
  facet normal -0 0 1
    outer loop
      vertex 51.5222 0.415102 12.3128
      vertex 51.6076 -0.453126 12.3128
      vertex 51.6076 0.453126 12.3128
    endloop
  endfacet
  facet normal 0 0 1
    outer loop
      vertex 51.5222 0.415102 12.3128
      vertex 51.5222 -0.415102 12.3128
      vertex 51.6076 -0.453126 12.3128
    endloop
  endfacet
  facet normal -0 0 1
    outer loop
      vertex 51.445 0.369975 12.3128
      vertex 51.5222 -0.415102 12.3128
      vertex 51.5222 0.415102 12.3128
    endloop
  endfacet
  facet normal 0 0 1
    outer loop
      vertex 51.445 0.369975 12.3128
      vertex 51.445 -0.369975 12.3128
      vertex 51.5222 -0.415102 12.3128
    endloop
  endfacet
  facet normal -0 0 1
    outer loop
      vertex 51.3773 0.318519 12.3128
      vertex 51.445 -0.369975 12.3128
      vertex 51.445 0.369975 12.3128
    endloop
  endfacet
  facet normal 0 0 1
    outer loop
      vertex 51.3773 0.318519 12.3128
      vertex 51.3773 -0.318519 12.3128
      vertex 51.445 -0.369975 12.3128
    endloop
  endfacet
  facet normal -0 0 1
    outer loop
      vertex 51.3203 0.261612 12.3128
      vertex 51.3773 -0.318519 12.3128
      vertex 51.3773 0.318519 12.3128
    endloop
  endfacet
  facet normal 0 0 1
    outer loop
      vertex 51.3203 0.261612 12.3128
      vertex 51.3203 -0.261612 12.3128
      vertex 51.3773 -0.318519 12.3128
    endloop
  endfacet
  facet normal -0 0 1
    outer loop
      vertex 51.2749 0.200229 12.3128
      vertex 51.3203 -0.261612 12.3128
      vertex 51.3203 0.261612 12.3128
    endloop
  endfacet
  facet normal 0 0 1
    outer loop
      vertex 51.2749 0.200229 12.3128
      vertex 51.2749 -0.200229 12.3128
      vertex 51.3203 -0.261612 12.3128
    endloop
  endfacet
  facet normal -0 0 1
    outer loop
      vertex 51.2419 0.13542 12.3128
      vertex 51.2749 -0.200229 12.3128
      vertex 51.2749 0.200229 12.3128
    endloop
  endfacet
  facet normal 0 0 1
    outer loop
      vertex 51.2419 0.13542 12.3128
      vertex 51.2419 -0.13542 12.3128
      vertex 51.2749 -0.200229 12.3128
    endloop
  endfacet
  facet normal -0 0 1
    outer loop
      vertex 51.2219 0.0682945 12.3128
      vertex 51.2419 -0.13542 12.3128
      vertex 51.2419 0.13542 12.3128
    endloop
  endfacet
  facet normal 0 0 1
    outer loop
      vertex 51.2219 0.0682945 12.3128
      vertex 51.2219 -0.0682945 12.3128
      vertex 51.2419 -0.13542 12.3128
    endloop
  endfacet
  facet normal 0 -0 1
    outer loop
      vertex 51.2219 -0.0682945 12.3128
      vertex 51.2219 0.0682945 12.3128
      vertex 51.2152 0 12.3128
    endloop
  endfacet
  facet normal -0.0256903 0.193685 0.980727
    outer loop
      vertex 52.5035 -2.54952 12.6184
      vertex 52.9983 -2.48389 12.6184
      vertex 52.3056 -1.54737 12.4153
    endloop
  endfacet
  facet normal -0.0657176 0.00644719 0.997817
    outer loop
      vertex 54.3411 0 12.4153
      vertex 52.7848 0 12.3128
      vertex 52.7781 -0.0682945 12.3128
    endloop
  endfacet
  facet normal 0.0547273 -0.0548167 0.996996
    outer loop
      vertex 51.3203 0.261612 12.3128
      vertex 51.3773 0.318519 12.3128
      vertex 49.9726 0.780361 12.4153
    endloop
  endfacet
  facet normal 0.0733408 -0.164697 0.983614
    outer loop
      vertex 50.5748 1.2382 12.4153
      vertex 50.8295 1.35162 12.4153
      vertex 50.0714 2.227 12.6184
    endloop
  endfacet
  facet normal 0.111012 -0.109054 0.987818
    outer loop
      vertex 49.0703 1.46626 12.5928
      vertex 50.1427 0.950108 12.4153
      vertex 49.0779 1.49483 12.5951
    endloop
  endfacet
  facet normal 0.110292 -0.110521 0.987735
    outer loop
      vertex 50.1427 0.950108 12.4153
      vertex 49.0703 1.46626 12.5928
      vertex 49.9726 0.780361 12.4153
    endloop
  endfacet
  facet normal -0.0871861 -0.14911 0.984969
    outer loop
      vertex 53.6554 1.1036 12.4153
      vertex 54.7275 1.81834 12.6184
      vertex 53.4252 1.2382 12.4153
    endloop
  endfacet
  facet normal 0.110939 -0.24909 0.962105
    outer loop
      vertex 49.5589 2.45529 12.7366
      vertex 49.6518 2.04012 12.6184
      vertex 50.0714 2.227 12.6184
    endloop
  endfacet
  facet normal 0.110803 -0.249122 0.962113
    outer loop
      vertex 49.6518 2.04012 12.6184
      vertex 49.5589 2.45529 12.7366
      vertex 49.4225 2.23937 12.6964
    endloop
  endfacet
  facet normal 0.13216 -0.225745 0.96518
    outer loop
      vertex 49.2332 1.89553 12.6419
      vertex 49.6518 2.04012 12.6184
      vertex 49.4225 2.23937 12.6964
    endloop
  endfacet
  facet normal 0.132373 -0.226392 0.964999
    outer loop
      vertex 49.6518 2.04012 12.6184
      vertex 49.2332 1.89553 12.6419
      vertex 49.2725 1.81834 12.6184
    endloop
  endfacet
  facet normal -0.204672 -0.269243 0.941073
    outer loop
      vertex 57.2892 2.70568 13.3112
      vertex 56.7142 3.14278 13.3112
      vertex 56.2107 2.15399 12.9188
    endloop
  endfacet
  facet normal -0.26086 -0.343154 0.902329
    outer loop
      vertex 58.2771 3.21107 13.789
      vertex 57.5947 3.72982 13.789
      vertex 56.7142 3.14278 13.3112
    endloop
  endfacet
  facet normal -0.149345 -0.454294 0.878244
    outer loop
      vertex 55.3334 3.8491 13.3112
      vertex 55.9561 4.56808 13.789
      vertex 55.0278 4.87325 13.789
    endloop
  endfacet
  facet normal -0.227683 -0.228201 0.946617
    outer loop
      vertex 57.7737 2.22228 13.3112
      vertex 57.2892 2.70568 13.3112
      vertex 56.2107 2.15399 12.9188
    endloop
  endfacet
  facet normal -0.059039 -0.0436663 0.9973
    outer loop
      vertex 52.7251 0.200229 12.3128
      vertex 54.1629 0.597262 12.4153
      vertex 52.6797 0.261612 12.3128
    endloop
  endfacet
  facet normal -0.0623514 -0.0317372 0.99755
    outer loop
      vertex 54.2613 0.403944 12.4153
      vertex 54.1629 0.597262 12.4153
      vertex 52.7581 0.13542 12.3128
    endloop
  endfacet
  facet normal -0.0128179 -0.0966411 0.995237
    outer loop
      vertex 52.6059 1.50754 12.4153
      vertex 52.3056 1.54737 12.4153
      vertex 52.1024 0.518748 12.3128
    endloop
  endfacet
  facet normal -0.0256893 -0.193686 0.980727
    outer loop
      vertex 52.6059 1.50754 12.4153
      vertex 52.9983 2.48389 12.6184
      vertex 52.3056 1.54737 12.4153
    endloop
  endfacet
  facet normal -0.0590342 -0.0436875 0.9973
    outer loop
      vertex 54.1629 0.597262 12.4153
      vertex 54.0274 0.780361 12.4153
      vertex 52.6797 0.261612 12.3128
    endloop
  endfacet
  facet normal -0.151126 -0.198813 0.968315
    outer loop
      vertex 55.0602 1.56544 12.6184
      vertex 56.2107 2.15399 12.9188
      vertex 54.7275 1.81834 12.6184
    endloop
  endfacet
  facet normal -0.178428 -0.305147 0.935441
    outer loop
      vertex 55.7529 2.50196 12.9188
      vertex 56.7142 3.14278 13.3112
      vertex 55.231 2.80713 12.9188
    endloop
  endfacet
  facet normal -0.181377 -0.134187 0.974216
    outer loop
      vertex 56.9035 1.35405 12.9188
      vertex 56.5964 1.76915 12.9188
      vertex 55.5637 0.984076 12.6184
    endloop
  endfacet
  facet normal -0.199151 -0.0594461 0.978164
    outer loop
      vertex 57.2621 0.461842 12.9188
      vertex 57.1266 0.915781 12.9188
      vertex 55.8243 0.335649 12.6184
    endloop
  endfacet
  facet normal -0.202797 -0.0199384 0.979018
    outer loop
      vertex 55.8573 0 12.6184
      vertex 57.3075 0 12.9188
      vertex 55.8243 0.335649 12.6184
    endloop
  endfacet
  facet normal -0.125849 -0.064058 0.989979
    outer loop
      vertex 54.2613 0.403944 12.4153
      vertex 55.7258 0.665557 12.6184
      vertex 54.1629 0.597262 12.4153
    endloop
  endfacet
  facet normal -0.191965 -0.0977193 0.976525
    outer loop
      vertex 57.1266 0.915781 12.9188
      vertex 56.9035 1.35405 12.9188
      vertex 55.5637 0.984076 12.6184
    endloop
  endfacet
  facet normal -0.261846 -0.133292 0.955861
    outer loop
      vertex 57.1266 0.915781 12.9188
      vertex 58.1594 1.70086 13.3112
      vertex 56.9035 1.35405 12.9188
    endloop
  endfacet
  facet normal -0.473413 0.350164 0.808248
    outer loop
      vertex 60.6409 -3.32588 14.9666
      vertex 61.2181 -2.54552 14.9666
      vertex 60.3353 -2.30173 14.3439
    endloop
  endfacet
  facet normal -0.559234 0.413642 0.718441
    outer loop
      vertex 61.3206 -3.58749 15.6463
      vertex 61.2181 -2.54552 14.9666
      vertex 60.6409 -3.32588 14.9666
    endloop
  endfacet
  facet normal -0.643056 0.644564 0.413541
    outer loop
      vertex 61.9851 -3.84329 16.6824
      vertex 61.8408 -3.78772 16.3714
      vertex 61.2636 -4.36357 16.3714
    endloop
  endfacet
  facet normal -0.578008 0.579371 0.574662
    outer loop
      vertex 61.8408 -3.78772 16.3714
      vertex 61.3206 -3.58749 15.6463
      vertex 60.5384 -4.36785 15.6463
    endloop
  endfacet
  facet normal -0.503889 0.662756 0.553941
    outer loop
      vertex 60.5384 -4.36785 15.6463
      vertex 59.6818 -5.12117 15.7684
      vertex 60.2943 -4.84731 15.9979
    endloop
  endfacet
  facet normal -0.503746 0.662637 0.554213
    outer loop
      vertex 59.6818 -5.12117 15.7684
      vertex 60.5384 -4.36785 15.6463
      vertex 59.6102 -5.07348 15.6463
    endloop
  endfacet
  facet normal -0.443739 0.583703 0.67999
    outer loop
      vertex 59.6102 -5.07348 15.6463
      vertex 60.5384 -4.36785 15.6463
      vertex 59.0553 -4.7035 14.9666
    endloop
  endfacet
  facet normal -0.962679 0.0946318 0.253561
    outer loop
      vertex 63.7694 0 17.1295
      vertex 63.7606 -0.716245 17.3634
      vertex 63.8407 0 17.4002
    endloop
  endfacet
  facet normal -0.962659 0.0946539 0.25363
    outer loop
      vertex 63.7606 -0.716245 17.3634
      vertex 63.7694 0 17.1295
      vertex 63.6687 -1.02415 17.1295
    endloop
  endfacet
  facet normal -0.437212 0.130508 0.889839
    outer loop
      vertex 60.7147 -1.55672 14.3439
      vertex 59.8445 -0.688495 13.789
      vertex 59.6425 -1.36521 13.789
    endloop
  endfacet
  facet normal -0.437263 0.130446 0.889823
    outer loop
      vertex 60.7147 -1.55672 14.3439
      vertex 60.9449 -0.785078 14.3439
      vertex 59.8445 -0.688495 13.789
    endloop
  endfacet
  facet normal -0.9281 0.276957 0.24885
    outer loop
      vertex 63.6687 -1.02415 17.1295
      vertex 63.4775 -1.79363 17.2728
      vertex 63.6433 -1.28277 17.3226
    endloop
  endfacet
  facet normal -0.928222 0.276912 0.248445
    outer loop
      vertex 63.3684 -2.03077 17.1295
      vertex 63.4775 -1.79363 17.2728
      vertex 63.6687 -1.02415 17.1295
    endloop
  endfacet
  facet normal -0.928182 0.276582 0.248959
    outer loop
      vertex 63.4775 -1.79363 17.2728
      vertex 63.3684 -2.03077 17.1295
      vertex 63.4331 -1.93003 17.2588
    endloop
  endfacet
  facet normal -0.92815 0.276984 0.248631
    outer loop
      vertex 63.4331 -1.93003 17.2588
      vertex 63.3684 -2.03077 17.1295
      vertex 63.3963 -2.03575 17.2392
    endloop
  endfacet
  facet normal -0.796019 -0.405335 0.449508
    outer loop
      vertex 62.976 1.96067 16.3714
      vertex 63.3684 2.03077 17.1295
      vertex 62.4982 2.899 16.3714
    endloop
  endfacet
  facet normal -0.437263 -0.130446 0.889823
    outer loop
      vertex 60.9449 0.785078 14.3439
      vertex 60.7147 1.55672 14.3439
      vertex 59.8445 0.688495 13.789
    endloop
  endfacet
  facet normal -0.65328 0.0641822 0.754391
    outer loop
      vertex 62.7625 0 15.6463
      vertex 61.9776 0 14.9666
      vertex 61.8923 -0.868228 14.9666
    endloop
  endfacet
  facet normal -0.645942 -0.477776 0.59539
    outer loop
      vertex 61.9432 2.74575 15.6463
      vertex 62.4982 2.899 16.3714
      vertex 61.3206 3.58749 15.6463
    endloop
  endfacet
  facet normal -0.559234 -0.413642 0.718441
    outer loop
      vertex 61.2181 2.54552 14.9666
      vertex 61.3206 3.58749 15.6463
      vertex 60.6409 3.32588 14.9666
    endloop
  endfacet
  facet normal -0.508049 -0.258726 0.821552
    outer loop
      vertex 60.7147 1.55672 14.3439
      vertex 61.2181 2.54552 14.9666
      vertex 60.3353 2.30173 14.3439
    endloop
  endfacet
  facet normal -0.276396 -0.472763 0.83672
    outer loop
      vertex 58.3796 4.25305 14.3439
      vertex 57.4923 4.7718 14.3439
      vertex 56.8166 4.18475 13.789
    endloop
  endfacet
  facet normal -0.189137 -0.424604 0.885403
    outer loop
      vertex 56.0585 3.52611 13.3112
      vertex 56.8166 4.18475 13.789
      vertex 55.3334 3.8491 13.3112
    endloop
  endfacet
  facet normal -0.149473 -0.335578 0.930078
    outer loop
      vertex 55.231 2.80713 12.9188
      vertex 56.0585 3.52611 13.3112
      vertex 54.6537 3.06427 12.9188
    endloop
  endfacet
  facet normal -0.0583308 -0.177419 0.982405
    outer loop
      vertex 53.9286 2.227 12.6184
      vertex 53.4761 2.37577 12.6184
      vertex 52.8959 1.44192 12.4153
    endloop
  endfacet
  facet normal -0.430484 -0.431466 0.792793
    outer loop
      vertex 60.6409 3.32588 14.9666
      vertex 59.9158 4.04933 14.9666
      vertex 59.1577 3.66153 14.3439
    endloop
  endfacet
  facet normal -0.504775 -0.505927 0.699457
    outer loop
      vertex 60.6409 3.32588 14.9666
      vertex 60.5384 4.36785 15.6463
      vertex 59.9158 4.04933 14.9666
    endloop
  endfacet
  facet normal -0.545174 0.0536092 0.836607
    outer loop
      vertex 61.8923 -0.868228 14.9666
      vertex 61.0221 0 14.3439
      vertex 60.9449 -0.785078 14.3439
    endloop
  endfacet
  facet normal -0.545206 0.0535643 0.836589
    outer loop
      vertex 61.8923 -0.868228 14.9666
      vertex 61.9776 0 14.9666
      vertex 61.0221 0 14.3439
    endloop
  endfacet
  facet normal -0.272043 -0.0811538 0.958857
    outer loop
      vertex 58.6098 0.580132 13.3112
      vertex 58.4397 1.15034 13.3112
      vertex 57.1266 0.915781 12.9188
    endloop
  endfacet
  facet normal -0.261831 -0.133313 0.955862
    outer loop
      vertex 58.4397 1.15034 13.3112
      vertex 58.1594 1.70086 13.3112
      vertex 57.1266 0.915781 12.9188
    endloop
  endfacet
  facet normal -0.350903 0.104745 0.930535
    outer loop
      vertex 59.6425 -1.36521 13.789
      vertex 59.8445 -0.688495 13.789
      vertex 58.6098 -0.580132 13.3112
    endloop
  endfacet
  facet normal -0.357989 0.0351492 0.933064
    outer loop
      vertex 59.8445 -0.688495 13.789
      vertex 59.9121 0 13.789
      vertex 58.6098 -0.580132 13.3112
    endloop
  endfacet
  facet normal -0.327576 -0.560305 0.760757
    outer loop
      vertex 58.3796 4.25305 14.3439
      vertex 58.074 5.27719 14.9666
      vertex 57.4923 4.7718 14.3439
    endloop
  endfacet
  facet normal -0.327567 -0.560305 0.760762
    outer loop
      vertex 58.3796 4.25305 14.3439
      vertex 59.0553 4.7035 14.9666
      vertex 58.074 5.27719 14.9666
    endloop
  endfacet
  facet normal -0.180711 -0.549708 0.815576
    outer loop
      vertex 55.9561 4.56808 13.789
      vertex 55.4526 5.55688 14.3439
      vertex 55.0278 4.87325 13.789
    endloop
  endfacet
  facet normal -0.130198 -0.574756 0.807901
    outer loop
      vertex 54.0478 5.09503 13.789
      vertex 55.1154 5.63318 14.3439
      vertex 54.1962 5.46413 14.0755
    endloop
  endfacet
  facet normal -0.130085 -0.574896 0.807819
    outer loop
      vertex 55.1154 5.63318 14.3439
      vertex 54.0478 5.09503 13.789
      vertex 55.4526 5.55688 14.3439
    endloop
  endfacet
  facet normal -0.962659 -0.0946539 0.25363
    outer loop
      vertex 63.7694 0 17.1295
      vertex 63.7606 0.716245 17.3634
      vertex 63.6687 1.02415 17.1295
    endloop
  endfacet
  facet normal -0.962679 -0.0946318 0.253561
    outer loop
      vertex 63.7606 0.716245 17.3634
      vertex 63.7694 0 17.1295
      vertex 63.8407 0 17.4002
    endloop
  endfacet
  facet normal -0.865024 -0.440603 0.240004
    outer loop
      vertex 63.3684 2.03077 17.1295
      vertex 63.3963 2.03575 17.2392
      vertex 63.3351 2.14223 17.2141
    endloop
  endfacet
  facet normal -0.065344 -0.491246 0.868567
    outer loop
      vertex 52.8702 4.40654 13.3112
      vertex 53.2062 5.20664 13.789
      vertex 53.0146 5.13771 13.7356
    endloop
  endfacet
  facet normal -0.0651559 -0.491311 0.868544
    outer loop
      vertex 53.2062 5.20664 13.789
      vertex 52.8702 4.40654 13.3112
      vertex 54.0478 5.09503 13.789
    endloop
  endfacet
  facet normal -0.0651525 -0.491315 0.868542
    outer loop
      vertex 53.7255 4.29312 13.3112
      vertex 54.0478 5.09503 13.789
      vertex 52.8702 4.40654 13.3112
    endloop
  endfacet
  facet normal 0.0387126 -0.291863 0.955676
    outer loop
      vertex 51.4965 2.54952 12.6184
      vertex 51.3072 3.50804 12.9188
      vertex 51.0017 2.48389 12.6184
    endloop
  endfacet
  facet normal 0.0881264 -0.267907 0.959406
    outer loop
      vertex 50.0714 2.227 12.6184
      vertex 49.988 3.07515 12.8629
      vertex 49.6917 2.66541 12.7757
    endloop
  endfacet
  facet normal -0.107839 -0.476529 0.87252
    outer loop
      vertex 54.5513 4.10624 13.3112
      vertex 54.0478 5.09503 13.789
      vertex 53.7255 4.29312 13.3112
    endloop
  endfacet
  facet normal -0.0518591 -0.39107 0.918899
    outer loop
      vertex 53.7255 4.29312 13.3112
      vertex 52.8702 4.40654 13.3112
      vertex 52.6928 3.50804 12.9188
    endloop
  endfacet
  facet normal -0.276396 0.472763 0.83672
    outer loop
      vertex 57.4923 -4.7718 14.3439
      vertex 58.3796 -4.25305 14.3439
      vertex 56.8166 -4.18475 13.789
    endloop
  endfacet
  facet normal -0.229728 0.515746 0.825367
    outer loop
      vertex 57.4923 -4.7718 14.3439
      vertex 56.8166 -4.18475 13.789
      vertex 56.511 -5.2089 14.3439
    endloop
  endfacet
  facet normal -0.319788 0.420671 0.848983
    outer loop
      vertex 59.1577 -3.66153 14.3439
      vertex 58.2771 -3.21107 13.789
      vertex 57.5947 -3.72982 13.789
    endloop
  endfacet
  facet normal -0.229752 0.515749 0.825359
    outer loop
      vertex 56.511 -5.2089 14.3439
      vertex 56.8166 -4.18475 13.789
      vertex 55.9561 -4.56808 13.789
    endloop
  endfacet
  facet normal -0.227683 0.228201 0.946617
    outer loop
      vertex 57.2892 -2.70568 13.3112
      vertex 57.7737 -2.22228 13.3112
      vertex 56.2107 -2.15399 12.9188
    endloop
  endfacet
  facet normal -0.358832 0.359617 0.861345
    outer loop
      vertex 59.1577 -3.66153 14.3439
      vertex 59.8133 -3.00736 14.3439
      vertex 58.8521 -2.63738 13.789
    endloop
  endfacet
  facet normal -0.118401 0.360122 0.925361
    outer loop
      vertex 54.5513 -4.10624 13.3112
      vertex 55.3334 -3.8491 13.3112
      vertex 54.0311 -3.26897 12.9188
    endloop
  endfacet
  facet normal -0.0856915 0.378663 0.921559
    outer loop
      vertex 53.7255 -4.29312 13.3112
      vertex 54.0311 -3.26897 12.9188
      vertex 53.3737 -3.41774 12.9188
    endloop
  endfacet
  facet normal 0.0173575 0.397285 0.917531
    outer loop
      vertex 52 -3.53831 12.9188
      vertex 51.5079 -4.42306 13.3112
      vertex 52 -4.44456 13.3112
    endloop
  endfacet
  facet normal 0.0173928 0.397268 0.917538
    outer loop
      vertex 51.5079 -4.42306 13.3112
      vertex 52 -3.53831 12.9188
      vertex 51.2782 -4.25849 13.2443
    endloop
  endfacet
  facet normal 0.064587 0.0192893 0.997726
    outer loop
      vertex 49.7387 -0.403944 12.4153
      vertex 51.2419 -0.13542 12.3128
      vertex 49.6789 -0.203714 12.4153
    endloop
  endfacet
  facet normal -0.0638712 0.28224 0.957215
    outer loop
      vertex 53.3737 -3.41774 12.9188
      vertex 54.0311 -3.26897 12.9188
      vertex 52.9983 -2.48389 12.6184
    endloop
  endfacet
  facet normal -0.119059 0.0881083 0.98897
    outer loop
      vertex 55.5637 -0.984076 12.6184
      vertex 54.1629 -0.597262 12.4153
      vertex 54.0274 -0.780361 12.4153
    endloop
  endfacet
  facet normal -0.0423465 0.187136 0.981421
    outer loop
      vertex 52.9983 -2.48389 12.6184
      vertex 53.4761 -2.37577 12.6184
      vertex 52.8959 -1.44192 12.4153
    endloop
  endfacet
  facet normal -0.119062 0.0880878 0.988972
    outer loop
      vertex 55.3405 -1.28576 12.6184
      vertex 55.5637 -0.984076 12.6184
      vertex 54.0274 -0.780361 12.4153
    endloop
  endfacet
  facet normal -0.125849 0.064058 0.989979
    outer loop
      vertex 55.7258 -0.665557 12.6184
      vertex 54.2613 -0.403944 12.4153
      vertex 54.1629 -0.597262 12.4153
    endloop
  endfacet
  facet normal -0.0129635 0.2967 0.954883
    outer loop
      vertex 52.6928 -3.50804 12.9188
      vertex 52.5035 -2.54952 12.6184
      vertex 52 -3.53831 12.9188
    endloop
  endfacet
  facet normal -0.0880884 0.26793 0.959403
    outer loop
      vertex 54.0311 -3.26897 12.9188
      vertex 53.9286 -2.227 12.6184
      vertex 53.4761 -2.37577 12.6184
    endloop
  endfacet
  facet normal -0.167673 0.168048 0.971414
    outer loop
      vertex 56.2107 -2.15399 12.9188
      vertex 56.5964 -1.76915 12.9188
      vertex 55.0602 -1.56544 12.6184
    endloop
  endfacet
  facet normal -0.291267 0.29193 0.911011
    outer loop
      vertex 58.2771 -3.21107 13.789
      vertex 57.7737 -2.22228 13.3112
      vertex 57.2892 -2.70568 13.3112
    endloop
  endfacet
  facet normal -0.26086 0.343158 0.902327
    outer loop
      vertex 58.2771 -3.21107 13.789
      vertex 57.2892 -2.70568 13.3112
      vertex 56.7142 -3.14278 13.3112
    endloop
  endfacet
  facet normal -0.212074 0.645035 0.734135
    outer loop
      vertex 55.4526 -5.55688 14.3439
      vertex 56.1639 -5.67823 14.656
      vertex 56.511 -5.2089 14.3439
    endloop
  endfacet
  facet normal -0.21196 0.645267 0.733965
    outer loop
      vertex 56.1639 -5.67823 14.656
      vertex 55.4526 -5.55688 14.3439
      vertex 55.5233 -5.67072 14.4644
    endloop
  endfacet
  facet normal -0.0042949 0.0983161 0.995146
    outer loop
      vertex 52.3056 -1.54737 12.4153
      vertex 52 -0.523225 12.3128
      vertex 52 -1.56072 12.4153
    endloop
  endfacet
  facet normal -0.0129641 0.2967 0.954883
    outer loop
      vertex 52.5035 -2.54952 12.6184
      vertex 52 -2.57152 12.6184
      vertex 52 -3.53831 12.9188
    endloop
  endfacet
  facet normal -0.130433 0.0389545 0.990692
    outer loop
      vertex 55.7258 -0.665557 12.6184
      vertex 54.3211 -0.203714 12.4153
      vertex 54.2613 -0.403944 12.4153
    endloop
  endfacet
  facet normal -0.00860711 0.196985 0.980369
    outer loop
      vertex 52.5035 -2.54952 12.6184
      vertex 52 -1.56072 12.4153
      vertex 52 -2.57152 12.6184
    endloop
  endfacet
  facet normal 0.132373 0.226392 0.964999
    outer loop
      vertex 49.2332 -1.89553 12.6419
      vertex 49.6518 -2.04012 12.6184
      vertex 49.2725 -1.81834 12.6184
    endloop
  endfacet
  facet normal 0.13216 0.225745 0.96518
    outer loop
      vertex 49.6518 -2.04012 12.6184
      vertex 49.2332 -1.89553 12.6419
      vertex 49.4225 -2.23937 12.6964
    endloop
  endfacet
  facet normal 0.130507 -0.0388386 0.990686
    outer loop
      vertex 48.8701 0.469646 12.5323
      vertex 49.7387 0.403944 12.4153
      vertex 48.8788 0.557548 12.5346
    endloop
  endfacet
  facet normal 0.130496 -0.0389736 0.990682
    outer loop
      vertex 49.7387 0.403944 12.4153
      vertex 48.8701 0.469646 12.5323
      vertex 49.6789 0.203714 12.4153
    endloop
  endfacet
  facet normal 0.064587 -0.0192893 0.997726
    outer loop
      vertex 51.2419 0.13542 12.3128
      vertex 49.7387 0.403944 12.4153
      vertex 49.6789 0.203714 12.4153
    endloop
  endfacet
  facet normal 0.119029 -0.0880859 0.988976
    outer loop
      vertex 48.9383 0.917513 12.552
      vertex 49.8371 0.597262 12.4153
      vertex 49.9726 0.780361 12.4153
    endloop
  endfacet
  facet normal 0.119245 -0.0874904 0.989003
    outer loop
      vertex 49.8371 0.597262 12.4153
      vertex 48.9383 0.917513 12.552
      vertex 48.924 0.849415 12.5477
    endloop
  endfacet
  facet normal 0.11903 -0.0880806 0.988976
    outer loop
      vertex 49.9726 0.780361 12.4153
      vertex 48.989 1.15894 12.5674
      vertex 48.9383 0.917513 12.552
    endloop
  endfacet
  facet normal -0.0129635 -0.2967 0.954883
    outer loop
      vertex 52.5035 2.54952 12.6184
      vertex 52.6928 3.50804 12.9188
      vertex 52 3.53831 12.9188
    endloop
  endfacet
  facet normal 0.0129641 -0.2967 0.954883
    outer loop
      vertex 52 2.57152 12.6184
      vertex 52 3.53831 12.9188
      vertex 51.4965 2.54952 12.6184
    endloop
  endfacet
  facet normal 0.0583393 -0.177408 0.982407
    outer loop
      vertex 50.8295 1.35162 12.4153
      vertex 51.1041 1.44192 12.4153
      vertex 50.0714 2.227 12.6184
    endloop
  endfacet
  facet normal 0.0042984 -0.0983151 0.995146
    outer loop
      vertex 51.8976 0.518748 12.3128
      vertex 52 0.523225 12.3128
      vertex 51.6944 1.54737 12.4153
    endloop
  endfacet
  facet normal -0.227684 -0.228193 0.946619
    outer loop
      vertex 56.5964 1.76915 12.9188
      vertex 57.7737 2.22228 13.3112
      vertex 56.2107 2.15399 12.9188
    endloop
  endfacet
  facet normal -0.246903 -0.182637 0.951674
    outer loop
      vertex 58.1594 1.70086 13.3112
      vertex 57.7737 2.22228 13.3112
      vertex 56.5964 1.76915 12.9188
    endloop
  endfacet
  facet normal -0.358832 -0.359617 0.861345
    outer loop
      vertex 59.8133 3.00736 14.3439
      vertex 59.1577 3.66153 14.3439
      vertex 58.8521 2.63738 13.789
    endloop
  endfacet
  facet normal -0.316929 -0.234466 0.919011
    outer loop
      vertex 59.3099 2.01857 13.789
      vertex 58.8521 2.63738 13.789
      vertex 57.7737 2.22228 13.3112
    endloop
  endfacet
  facet normal -0.26086 -0.343158 0.902327
    outer loop
      vertex 57.2892 2.70568 13.3112
      vertex 58.2771 3.21107 13.789
      vertex 56.7142 3.14278 13.3112
    endloop
  endfacet
  facet normal -0.291267 -0.29193 0.911011
    outer loop
      vertex 57.7737 2.22228 13.3112
      vertex 58.2771 3.21107 13.789
      vertex 57.2892 2.70568 13.3112
    endloop
  endfacet
  facet normal -0.226552 -0.387488 0.893604
    outer loop
      vertex 57.5947 3.72982 13.789
      vertex 56.8166 4.18475 13.789
      vertex 56.0585 3.52611 13.3112
    endloop
  endfacet
  facet normal -0.226545 -0.387514 0.893594
    outer loop
      vertex 56.7142 3.14278 13.3112
      vertex 57.5947 3.72982 13.789
      vertex 56.0585 3.52611 13.3112
    endloop
  endfacet
  facet normal -0.13276 -0.013034 0.991062
    outer loop
      vertex 54.3411 0 12.4153
      vertex 55.8243 0.335649 12.6184
      vertex 54.3211 0.203714 12.4153
    endloop
  endfacet
  facet normal -0.0645891 -0.0192443 0.997726
    outer loop
      vertex 52.7781 0.0682945 12.3128
      vertex 54.3211 0.203714 12.4153
      vertex 52.7581 0.13542 12.3128
    endloop
  endfacet
  facet normal -0.0042949 -0.0983161 0.995146
    outer loop
      vertex 52.3056 1.54737 12.4153
      vertex 52 1.56072 12.4153
      vertex 52 0.523225 12.3128
    endloop
  endfacet
  facet normal -0.00860526 -0.196986 0.980368
    outer loop
      vertex 52.3056 1.54737 12.4153
      vertex 52.5035 2.54952 12.6184
      vertex 52 1.56072 12.4153
    endloop
  endfacet
  facet normal -0.0880908 -0.26793 0.959403
    outer loop
      vertex 54.6537 3.06427 12.9188
      vertex 54.0311 3.26897 12.9188
      vertex 53.9286 2.227 12.6184
    endloop
  endfacet
  facet normal -0.07335 -0.164692 0.983614
    outer loop
      vertex 54.3482 2.04012 12.6184
      vertex 53.9286 2.227 12.6184
      vertex 53.4252 1.2382 12.4153
    endloop
  endfacet
  facet normal -0.0211213 -0.093322 0.995412
    outer loop
      vertex 52.3003 0.483397 12.3128
      vertex 52.6059 1.50754 12.4153
      vertex 52.2031 0.505396 12.3128
    endloop
  endfacet
  facet normal -0.0433555 -0.0741695 0.996303
    outer loop
      vertex 52.555 0.369975 12.3128
      vertex 53.6554 1.1036 12.4153
      vertex 52.4778 0.415102 12.3128
    endloop
  endfacet
  facet normal -0.110255 -0.110485 0.987743
    outer loop
      vertex 54.0274 0.780361 12.4153
      vertex 55.0602 1.56544 12.6184
      vertex 53.8573 0.950108 12.4153
    endloop
  endfacet
  facet normal -0.119059 -0.0881083 0.98897
    outer loop
      vertex 54.1629 0.597262 12.4153
      vertex 55.5637 0.984076 12.6184
      vertex 54.0274 0.780361 12.4153
    endloop
  endfacet
  facet normal -0.064587 -0.0192893 0.997726
    outer loop
      vertex 54.3211 0.203714 12.4153
      vertex 54.2613 0.403944 12.4153
      vertex 52.7581 0.13542 12.3128
    endloop
  endfacet
  facet normal -0.151124 -0.198823 0.968314
    outer loop
      vertex 56.2107 2.15399 12.9188
      vertex 55.7529 2.50196 12.9188
      vertex 54.7275 1.81834 12.6184
    endloop
  endfacet
  facet normal -0.167673 -0.168048 0.971414
    outer loop
      vertex 56.5964 1.76915 12.9188
      vertex 56.2107 2.15399 12.9188
      vertex 55.0602 1.56544 12.6184
    endloop
  endfacet
  facet normal -0.261846 0.133292 0.955861
    outer loop
      vertex 58.1594 -1.70086 13.3112
      vertex 57.1266 -0.915781 12.9188
      vertex 56.9035 -1.35405 12.9188
    endloop
  endfacet
  facet normal -0.246903 0.182664 0.951669
    outer loop
      vertex 58.1594 -1.70086 13.3112
      vertex 56.9035 -1.35405 12.9188
      vertex 56.5964 -1.76915 12.9188
    endloop
  endfacet
  facet normal -0.119062 -0.0880878 0.988972
    outer loop
      vertex 55.5637 0.984076 12.6184
      vertex 55.3405 1.28576 12.6184
      vertex 54.0274 0.780361 12.4153
    endloop
  endfacet
  facet normal -0.181375 -0.13419 0.974216
    outer loop
      vertex 55.5637 0.984076 12.6184
      vertex 56.5964 1.76915 12.9188
      vertex 55.3405 1.28576 12.6184
    endloop
  endfacet
  facet normal -0.636412 0.189852 0.74762
    outer loop
      vertex 62.3958 -1.85702 15.6463
      vertex 62.6704 -0.936522 15.6463
      vertex 61.8923 -0.868228 14.9666
    endloop
  endfacet
  facet normal -0.74551 0.222398 0.628294
    outer loop
      vertex 63.2659 -0.988793 16.3714
      vertex 62.6704 -0.936522 15.6463
      vertex 62.3958 -1.85702 15.6463
    endloop
  endfacet
  facet normal -0.430484 0.431466 0.792793
    outer loop
      vertex 59.9158 -4.04933 14.9666
      vertex 60.6409 -3.32588 14.9666
      vertex 59.1577 -3.66153 14.3439
    endloop
  endfacet
  facet normal -0.473374 0.350185 0.808262
    outer loop
      vertex 60.6409 -3.32588 14.9666
      vertex 60.3353 -2.30173 14.3439
      vertex 59.8133 -3.00736 14.3439
    endloop
  endfacet
  facet normal -0.7679 -0.0755635 0.636097
    outer loop
      vertex 63.3632 0 16.3714
      vertex 63.2659 0.988793 16.3714
      vertex 62.6704 0.936522 15.6463
    endloop
  endfacet
  facet normal -0.878109 -0.0864084 0.470594
    outer loop
      vertex 63.3632 0 16.3714
      vertex 63.6687 1.02415 17.1295
      vertex 63.2659 0.988793 16.3714
    endloop
  endfacet
  facet normal -0.849324 -0.253375 0.463087
    outer loop
      vertex 63.6687 1.02415 17.1295
      vertex 63.3684 2.03077 17.1295
      vertex 63.2659 0.988793 16.3714
    endloop
  endfacet
  facet normal -0.878152 -0.0863447 0.470525
    outer loop
      vertex 63.7694 0 17.1295
      vertex 63.6687 1.02415 17.1295
      vertex 63.3632 0 16.3714
    endloop
  endfacet
  facet normal -0.865024 0.440603 0.240004
    outer loop
      vertex 63.3963 -2.03575 17.2392
      vertex 63.3684 -2.03077 17.1295
      vertex 63.3351 -2.14223 17.2141
    endloop
  endfacet
  facet normal -0.44675 0.0439308 0.893579
    outer loop
      vertex 60.9449 -0.785078 14.3439
      vertex 61.0221 0 14.3439
      vertex 59.8445 -0.688495 13.789
    endloop
  endfacet
  facet normal -0.446719 0.0438612 0.893599
    outer loop
      vertex 61.0221 0 14.3439
      vertex 59.9121 0 13.789
      vertex 59.8445 -0.688495 13.789
    endloop
  endfacet
  facet normal -0.604123 -0.307659 0.735107
    outer loop
      vertex 62.3958 1.85702 15.6463
      vertex 61.9432 2.74575 15.6463
      vertex 61.2181 2.54552 14.9666
    endloop
  endfacet
  facet normal -0.636397 -0.189866 0.74763
    outer loop
      vertex 61.8923 0.868228 14.9666
      vertex 62.3958 1.85702 15.6463
      vertex 61.6377 1.7216 14.9666
    endloop
  endfacet
  facet normal -0.703365 -0.358155 0.614005
    outer loop
      vertex 62.976 1.96067 16.3714
      vertex 62.4982 2.899 16.3714
      vertex 62.3958 1.85702 15.6463
    endloop
  endfacet
  facet normal -0.849347 -0.253351 0.463057
    outer loop
      vertex 63.2659 0.988793 16.3714
      vertex 63.3684 2.03077 17.1295
      vertex 62.976 1.96067 16.3714
    endloop
  endfacet
  facet normal -0.703326 -0.35818 0.614035
    outer loop
      vertex 62.3958 1.85702 15.6463
      vertex 62.4982 2.899 16.3714
      vertex 61.9432 2.74575 15.6463
    endloop
  endfacet
  facet normal -0.578008 -0.579371 0.574662
    outer loop
      vertex 61.3206 3.58749 15.6463
      vertex 61.8408 3.78772 16.3714
      vertex 60.5384 4.36785 15.6463
    endloop
  endfacet
  facet normal -0.270795 -0.607941 0.746377
    outer loop
      vertex 57.4923 4.7718 14.3439
      vertex 58.074 5.27719 14.9666
      vertex 56.511 5.2089 14.3439
    endloop
  endfacet
  facet normal -0.189142 -0.424587 0.88541
    outer loop
      vertex 56.8166 4.18475 13.789
      vertex 55.9561 4.56808 13.789
      vertex 55.3334 3.8491 13.3112
    endloop
  endfacet
  facet normal -0.0518626 -0.391066 0.9189
    outer loop
      vertex 53.3737 3.41774 12.9188
      vertex 53.7255 4.29312 13.3112
      vertex 52.6928 3.50804 12.9188
    endloop
  endfacet
  facet normal -0.0856915 -0.378663 0.921559
    outer loop
      vertex 54.0311 3.26897 12.9188
      vertex 53.7255 4.29312 13.3112
      vertex 53.3737 3.41774 12.9188
    endloop
  endfacet
  facet normal -0.118402 -0.360122 0.925361
    outer loop
      vertex 54.6537 3.06427 12.9188
      vertex 55.3334 3.8491 13.3112
      vertex 54.0311 3.26897 12.9188
    endloop
  endfacet
  facet normal -0.149476 -0.335569 0.930081
    outer loop
      vertex 56.0585 3.52611 13.3112
      vertex 55.3334 3.8491 13.3112
      vertex 54.6537 3.06427 12.9188
    endloop
  endfacet
  facet normal -0.229728 -0.515746 0.825367
    outer loop
      vertex 56.8166 4.18475 13.789
      vertex 57.4923 4.7718 14.3439
      vertex 56.511 5.2089 14.3439
    endloop
  endfacet
  facet normal -0.229752 -0.515749 0.825359
    outer loop
      vertex 56.8166 4.18475 13.789
      vertex 56.511 5.2089 14.3439
      vertex 55.9561 4.56808 13.789
    endloop
  endfacet
  facet normal -0.107842 -0.47653 0.872519
    outer loop
      vertex 54.5513 4.10624 13.3112
      vertex 55.0278 4.87325 13.789
      vertex 54.0478 5.09503 13.789
    endloop
  endfacet
  facet normal -0.149365 -0.454297 0.878239
    outer loop
      vertex 55.3334 3.8491 13.3112
      vertex 55.0278 4.87325 13.789
      vertex 54.5513 4.10624 13.3112
    endloop
  endfacet
  facet normal 0.0173575 -0.397285 0.917531
    outer loop
      vertex 51.5079 4.42306 13.3112
      vertex 52 3.53831 12.9188
      vertex 52 4.44456 13.3112
    endloop
  endfacet
  facet normal 0.0173928 -0.397268 0.917538
    outer loop
      vertex 52 3.53831 12.9188
      vertex 51.5079 4.42306 13.3112
      vertex 51.2782 4.25849 13.2443
    endloop
  endfacet
  facet normal -0.0217873 -0.498661 0.866523
    outer loop
      vertex 52.68 4.99472 13.6449
      vertex 52.8702 4.40654 13.3112
      vertex 53.0146 5.13771 13.7356
    endloop
  endfacet
  facet normal -0.0218578 -0.498678 0.866512
    outer loop
      vertex 52.8702 4.40654 13.3112
      vertex 52.68 4.99472 13.6449
      vertex 52.4051 4.87054 13.5665
    endloop
  endfacet
  facet normal 0.0173588 -0.397297 0.917526
    outer loop
      vertex 51.2782 4.25849 13.2443
      vertex 51.3072 3.50804 12.9188
      vertex 52 3.53831 12.9188
    endloop
  endfacet
  facet normal 0.0173665 -0.397296 0.917526
    outer loop
      vertex 51.3072 3.50804 12.9188
      vertex 51.2782 4.25849 13.2443
      vertex 51.1738 4.18372 13.2139
    endloop
  endfacet
  facet normal -0.0173578 -0.397285 0.917531
    outer loop
      vertex 52.8702 4.40654 13.3112
      vertex 52 4.44456 13.3112
      vertex 52 3.53831 12.9188
    endloop
  endfacet
  facet normal -0.180711 0.549708 0.815576
    outer loop
      vertex 55.4526 -5.55688 14.3439
      vertex 55.9561 -4.56808 13.789
      vertex 55.0278 -4.87325 13.789
    endloop
  endfacet
  facet normal -0.189137 0.424604 0.885403
    outer loop
      vertex 56.8166 -4.18475 13.789
      vertex 56.0585 -3.52611 13.3112
      vertex 55.3334 -3.8491 13.3112
    endloop
  endfacet
  facet normal -0.310964 0.698025 0.64503
    outer loop
      vertex 58.3132 -5.485 15.3068
      vertex 58.074 -5.27719 14.9666
      vertex 57.8694 -5.5538 15.1673
    endloop
  endfacet
  facet normal -0.31092 0.698015 0.645061
    outer loop
      vertex 57.8694 -5.5538 15.1673
      vertex 58.074 -5.27719 14.9666
      vertex 57.2308 -5.65278 14.9666
    endloop
  endfacet
  facet normal -0.180735 0.549715 0.815567
    outer loop
      vertex 56.511 -5.2089 14.3439
      vertex 55.9561 -4.56808 13.789
      vertex 55.4526 -5.55688 14.3439
    endloop
  endfacet
  facet normal -0.107842 0.47653 0.872519
    outer loop
      vertex 55.0278 -4.87325 13.789
      vertex 54.5513 -4.10624 13.3112
      vertex 54.0478 -5.09503 13.789
    endloop
  endfacet
  facet normal -0.227684 0.228193 0.946619
    outer loop
      vertex 57.7737 -2.22228 13.3112
      vertex 56.5964 -1.76915 12.9188
      vertex 56.2107 -2.15399 12.9188
    endloop
  endfacet
  facet normal -0.246903 0.182637 0.951674
    outer loop
      vertex 57.7737 -2.22228 13.3112
      vertex 58.1594 -1.70086 13.3112
      vertex 56.5964 -1.76915 12.9188
    endloop
  endfacet
  facet normal -0.191965 0.0977193 0.976525
    outer loop
      vertex 56.9035 -1.35405 12.9188
      vertex 57.1266 -0.915781 12.9188
      vertex 55.5637 -0.984076 12.6184
    endloop
  endfacet
  facet normal -0.337055 0.171613 0.925712
    outer loop
      vertex 59.3099 -2.01857 13.789
      vertex 58.4397 -1.15034 13.3112
      vertex 58.1594 -1.70086 13.3112
    endloop
  endfacet
  facet normal -0.0871861 0.14911 0.984969
    outer loop
      vertex 54.3482 -2.04012 12.6184
      vertex 54.7275 -1.81834 12.6184
      vertex 53.4252 -1.2382 12.4153
    endloop
  endfacet
  facet normal -0.118402 0.360122 0.925361
    outer loop
      vertex 55.3334 -3.8491 13.3112
      vertex 54.6537 -3.06427 12.9188
      vertex 54.0311 -3.26897 12.9188
    endloop
  endfacet
  facet normal 0.0518212 0.391091 0.918892
    outer loop
      vertex 51.1738 -4.18372 13.2139
      vertex 51.3072 -3.50804 12.9188
      vertex 50.8069 -3.8884 13.1089
    endloop
  endfacet
  facet normal -0.0518591 0.39107 0.918899
    outer loop
      vertex 52.8702 -4.40654 13.3112
      vertex 53.7255 -4.29312 13.3112
      vertex 52.6928 -3.50804 12.9188
    endloop
  endfacet
  facet normal -0.0387126 0.291863 0.955676
    outer loop
      vertex 52.6928 -3.50804 12.9188
      vertex 52.9983 -2.48389 12.6184
      vertex 52.5035 -2.54952 12.6184
    endloop
  endfacet
  facet normal -0.110249 0.110493 0.987743
    outer loop
      vertex 55.0602 -1.56544 12.6184
      vertex 55.3405 -1.28576 12.6184
      vertex 54.0274 -0.780361 12.4153
    endloop
  endfacet
  facet normal 0.0128179 0.0966411 0.995237
    outer loop
      vertex 51.6944 -1.54737 12.4153
      vertex 51.8976 -0.518748 12.3128
      vertex 51.3941 -1.50754 12.4153
    endloop
  endfacet
  facet normal 0.110292 0.110521 0.987735
    outer loop
      vertex 49.0703 -1.46626 12.5928
      vertex 50.1427 -0.950108 12.4153
      vertex 49.9726 -0.780361 12.4153
    endloop
  endfacet
  facet normal 0.111012 0.109054 0.987818
    outer loop
      vertex 50.1427 -0.950108 12.4153
      vertex 49.0703 -1.46626 12.5928
      vertex 49.0779 -1.49483 12.5951
    endloop
  endfacet
  facet normal -0.110255 0.110485 0.987743
    outer loop
      vertex 55.0602 -1.56544 12.6184
      vertex 54.0274 -0.780361 12.4153
      vertex 53.8573 -0.950108 12.4153
    endloop
  endfacet
  facet normal -0.0880908 0.26793 0.959403
    outer loop
      vertex 54.0311 -3.26897 12.9188
      vertex 54.6537 -3.06427 12.9188
      vertex 53.9286 -2.227 12.6184
    endloop
  endfacet
  facet normal 0.0256903 0.193685 0.980727
    outer loop
      vertex 51.4965 -2.54952 12.6184
      vertex 51.6944 -1.54737 12.4153
      vertex 51.0017 -2.48389 12.6184
    endloop
  endfacet
  facet normal -0.0645891 0.0192443 0.997726
    outer loop
      vertex 54.3211 -0.203714 12.4153
      vertex 52.7781 -0.0682945 12.3128
      vertex 52.7581 -0.13542 12.3128
    endloop
  endfacet
  facet normal -0.13276 0.013034 0.991062
    outer loop
      vertex 55.8243 -0.335649 12.6184
      vertex 54.3411 0 12.4153
      vertex 54.3211 -0.203714 12.4153
    endloop
  endfacet
  facet normal -0.0590342 0.0436875 0.9973
    outer loop
      vertex 54.0274 -0.780361 12.4153
      vertex 54.1629 -0.597262 12.4153
      vertex 52.6797 -0.261612 12.3128
    endloop
  endfacet
  facet normal -0.059039 0.0436663 0.9973
    outer loop
      vertex 54.1629 -0.597262 12.4153
      vertex 52.7251 -0.200229 12.3128
      vertex 52.6797 -0.261612 12.3128
    endloop
  endfacet
  facet normal 0.0856644 0.3785 0.921629
    outer loop
      vertex 50.5291 -3.65969 13.0272
      vertex 50.6263 -3.41774 12.9188
      vertex 50.1758 -3.31578 12.9188
    endloop
  endfacet
  facet normal 0.0583308 0.177419 0.982405
    outer loop
      vertex 50.5239 -2.37577 12.6184
      vertex 51.1041 -1.44192 12.4153
      vertex 50.0714 -2.227 12.6184
    endloop
  endfacet
  facet normal 0.0871861 0.14911 0.984969
    outer loop
      vertex 49.6518 -2.04012 12.6184
      vertex 50.5748 -1.2382 12.4153
      vertex 49.2725 -1.81834 12.6184
    endloop
  endfacet
  facet normal 0.11903 0.0880806 0.988976
    outer loop
      vertex 48.989 -1.15894 12.5674
      vertex 49.9726 -0.780361 12.4153
      vertex 48.9383 -0.917513 12.552
    endloop
  endfacet
  facet normal 0.125838 -0.0641269 0.989976
    outer loop
      vertex 49.8371 0.597262 12.4153
      vertex 48.924 0.849415 12.5477
      vertex 48.8913 0.638588 12.5382
    endloop
  endfacet
  facet normal 0.130432 -0.0391709 0.990683
    outer loop
      vertex 49.6789 0.203714 12.4153
      vertex 48.8701 0.469646 12.5323
      vertex 48.8508 0.276395 12.5272
    endloop
  endfacet
  facet normal 0.132756 0.0130335 0.991063
    outer loop
      vertex 48.8468 -0.183786 12.5265
      vertex 49.6789 -0.203714 12.4153
      vertex 49.6589 0 12.4153
    endloop
  endfacet
  facet normal 0.13276 0.0132253 0.99106
    outer loop
      vertex 49.6789 -0.203714 12.4153
      vertex 48.8468 -0.183786 12.5265
      vertex 48.8508 -0.276395 12.5272
    endloop
  endfacet
  facet normal 0.151421 -0.197871 0.968462
    outer loop
      vertex 49.2725 1.81834 12.6184
      vertex 49.2127 1.85823 12.6359
      vertex 49.2014 1.83441 12.6328
    endloop
  endfacet
  facet normal 0.0547212 -0.054835 0.996995
    outer loop
      vertex 51.3773 0.318519 12.3128
      vertex 50.1427 0.950108 12.4153
      vertex 49.9726 0.780361 12.4153
    endloop
  endfacet
  facet normal 0.0871861 -0.14911 0.984969
    outer loop
      vertex 50.3446 1.1036 12.4153
      vertex 50.5748 1.2382 12.4153
      vertex 49.2725 1.81834 12.6184
    endloop
  endfacet
  facet normal 0.0995566 -0.130955 0.986377
    outer loop
      vertex 50.1427 0.950108 12.4153
      vertex 50.3446 1.1036 12.4153
      vertex 49.2725 1.81834 12.6184
    endloop
  endfacet
  facet normal -0.337075 -0.171592 0.925709
    outer loop
      vertex 59.6425 1.36521 13.789
      vertex 59.3099 2.01857 13.789
      vertex 58.4397 1.15034 13.3112
    endloop
  endfacet
  facet normal -0.337055 -0.171613 0.925712
    outer loop
      vertex 58.4397 1.15034 13.3112
      vertex 59.3099 2.01857 13.789
      vertex 58.1594 1.70086 13.3112
    endloop
  endfacet
  facet normal -0.559234 -0.413642 0.718441
    outer loop
      vertex 61.9432 2.74575 15.6463
      vertex 61.3206 3.58749 15.6463
      vertex 61.2181 2.54552 14.9666
    endloop
  endfacet
  facet normal -0.473374 -0.350185 0.808262
    outer loop
      vertex 60.3353 2.30173 14.3439
      vertex 60.6409 3.32588 14.9666
      vertex 59.8133 3.00736 14.3439
    endloop
  endfacet
  facet normal -0.319788 -0.420671 0.848983
    outer loop
      vertex 58.2771 3.21107 13.789
      vertex 59.1577 3.66153 14.3439
      vertex 57.5947 3.72982 13.789
    endloop
  endfacet
  facet normal -0.358808 -0.359627 0.861351
    outer loop
      vertex 58.8521 2.63738 13.789
      vertex 59.1577 3.66153 14.3439
      vertex 58.2771 3.21107 13.789
    endloop
  endfacet
  facet normal 0.0290723 -0.088408 0.99566
    outer loop
      vertex 51.6076 0.453126 12.3128
      vertex 51.1041 1.44192 12.4153
      vertex 50.8295 1.35162 12.4153
    endloop
  endfacet
  facet normal 0.00860711 -0.196985 0.980369
    outer loop
      vertex 52 1.56072 12.4153
      vertex 52 2.57152 12.6184
      vertex 51.4965 2.54952 12.6184
    endloop
  endfacet
  facet normal -0.0423444 -0.187136 0.981421
    outer loop
      vertex 52.8959 1.44192 12.4153
      vertex 52.9983 2.48389 12.6184
      vertex 52.6059 1.50754 12.4153
    endloop
  endfacet
  facet normal -0.0423465 -0.187136 0.981421
    outer loop
      vertex 53.4761 2.37577 12.6184
      vertex 52.9983 2.48389 12.6184
      vertex 52.8959 1.44192 12.4153
    endloop
  endfacet
  facet normal -0.0547273 -0.0548167 0.996996
    outer loop
      vertex 52.6797 0.261612 12.3128
      vertex 54.0274 0.780361 12.4153
      vertex 52.6227 0.318519 12.3128
    endloop
  endfacet
  facet normal -0.12585 -0.0640472 0.98998
    outer loop
      vertex 55.7258 0.665557 12.6184
      vertex 55.5637 0.984076 12.6184
      vertex 54.1629 0.597262 12.4153
    endloop
  endfacet
  facet normal -0.191964 -0.097694 0.976527
    outer loop
      vertex 55.7258 0.665557 12.6184
      vertex 57.1266 0.915781 12.9188
      vertex 55.5637 0.984076 12.6184
    endloop
  endfacet
  facet normal -0.0657178 -0.00645197 0.997817
    outer loop
      vertex 54.3411 0 12.4153
      vertex 54.3211 0.203714 12.4153
      vertex 52.7781 0.0682945 12.3128
    endloop
  endfacet
  facet normal -0.0657176 -0.00644719 0.997817
    outer loop
      vertex 52.7848 0 12.3128
      vertex 54.3411 0 12.4153
      vertex 52.7781 0.0682945 12.3128
    endloop
  endfacet
  facet normal -0.0995497 -0.130962 0.986377
    outer loop
      vertex 55.0602 1.56544 12.6184
      vertex 54.7275 1.81834 12.6184
      vertex 53.8573 0.950108 12.4153
    endloop
  endfacet
  facet normal -0.0995566 -0.130955 0.986377
    outer loop
      vertex 53.8573 0.950108 12.4153
      vertex 54.7275 1.81834 12.6184
      vertex 53.6554 1.1036 12.4153
    endloop
  endfacet
  facet normal -0.272053 -0.0812075 0.958849
    outer loop
      vertex 57.2621 0.461842 12.9188
      vertex 58.6098 0.580132 13.3112
      vertex 57.1266 0.915781 12.9188
    endloop
  endfacet
  facet normal -0.277244 -0.0272537 0.960413
    outer loop
      vertex 57.3075 0 12.9188
      vertex 58.6098 0.580132 13.3112
      vertex 57.2621 0.461842 12.9188
    endloop
  endfacet
  facet normal -0.27725 -0.0272408 0.960412
    outer loop
      vertex 58.6668 0 13.3112
      vertex 58.6098 0.580132 13.3112
      vertex 57.3075 0 12.9188
    endloop
  endfacet
  facet normal -0.357999 -0.0351746 0.933059
    outer loop
      vertex 58.6668 0 13.3112
      vertex 59.9121 0 13.789
      vertex 58.6098 0.580132 13.3112
    endloop
  endfacet
  facet normal -0.130436 -0.038944 0.990692
    outer loop
      vertex 55.8243 0.335649 12.6184
      vertex 55.7258 0.665557 12.6184
      vertex 54.3211 0.203714 12.4153
    endloop
  endfacet
  facet normal -0.130433 -0.0389545 0.990692
    outer loop
      vertex 54.3211 0.203714 12.4153
      vertex 55.7258 0.665557 12.6184
      vertex 54.2613 0.403944 12.4153
    endloop
  endfacet
  facet normal -0.645942 0.477776 0.59539
    outer loop
      vertex 62.4982 -2.899 16.3714
      vertex 61.9432 -2.74575 15.6463
      vertex 61.3206 -3.58749 15.6463
    endloop
  endfacet
  facet normal -0.604124 0.307664 0.735104
    outer loop
      vertex 62.3958 -1.85702 15.6463
      vertex 61.6377 -1.7216 14.9666
      vertex 61.2181 -2.54552 14.9666
    endloop
  endfacet
  facet normal -0.504775 0.505927 0.699457
    outer loop
      vertex 60.5384 -4.36785 15.6463
      vertex 60.6409 -3.32588 14.9666
      vertex 59.9158 -4.04933 14.9666
    endloop
  endfacet
  facet normal -0.44374 0.583698 0.679994
    outer loop
      vertex 60.5384 -4.36785 15.6463
      vertex 59.9158 -4.04933 14.9666
      vertex 59.0553 -4.7035 14.9666
    endloop
  endfacet
  facet normal -0.291265 0.291931 0.911011
    outer loop
      vertex 58.2771 -3.21107 13.789
      vertex 58.8521 -2.63738 13.789
      vertex 57.7737 -2.22228 13.3112
    endloop
  endfacet
  facet normal -0.316928 0.234435 0.91902
    outer loop
      vertex 59.3099 -2.01857 13.789
      vertex 58.1594 -1.70086 13.3112
      vertex 57.7737 -2.22228 13.3112
    endloop
  endfacet
  facet normal -0.92815 -0.276984 0.248631
    outer loop
      vertex 63.3684 2.03077 17.1295
      vertex 63.4331 1.93003 17.2588
      vertex 63.3963 2.03575 17.2392
    endloop
  endfacet
  facet normal -0.928182 -0.276582 0.248959
    outer loop
      vertex 63.3684 2.03077 17.1295
      vertex 63.4775 1.79363 17.2728
      vertex 63.4331 1.93003 17.2588
    endloop
  endfacet
  facet normal -0.928222 -0.276912 0.248445
    outer loop
      vertex 63.6687 1.02415 17.1295
      vertex 63.4775 1.79363 17.2728
      vertex 63.3684 2.03077 17.1295
    endloop
  endfacet
  facet normal -0.9281 -0.276957 0.24885
    outer loop
      vertex 63.4775 1.79363 17.2728
      vertex 63.6687 1.02415 17.1295
      vertex 63.6433 1.28277 17.3226
    endloop
  endfacet
  facet normal -0.962654 -0.094629 0.25366
    outer loop
      vertex 63.7606 0.716245 17.3634
      vertex 63.7256 1.02914 17.3473
      vertex 63.6687 1.02415 17.1295
    endloop
  endfacet
  facet normal -0.878152 0.0863447 0.470525
    outer loop
      vertex 63.6687 -1.02415 17.1295
      vertex 63.7694 0 17.1295
      vertex 63.3632 0 16.3714
    endloop
  endfacet
  facet normal -0.767873 -0.0755147 0.636135
    outer loop
      vertex 62.7625 0 15.6463
      vertex 63.3632 0 16.3714
      vertex 62.6704 0.936522 15.6463
    endloop
  endfacet
  facet normal -0.962654 0.094629 0.25366
    outer loop
      vertex 63.7256 -1.02914 17.3473
      vertex 63.7606 -0.716245 17.3634
      vertex 63.6687 -1.02415 17.1295
    endloop
  endfacet
  facet normal -0.928116 0.276932 0.248814
    outer loop
      vertex 63.7256 -1.02914 17.3473
      vertex 63.6687 -1.02415 17.1295
      vertex 63.6433 -1.28277 17.3226
    endloop
  endfacet
  facet normal -0.532505 -0.158859 0.831386
    outer loop
      vertex 60.9449 0.785078 14.3439
      vertex 61.8923 0.868228 14.9666
      vertex 60.7147 1.55672 14.3439
    endloop
  endfacet
  facet normal -0.545174 -0.0536092 0.836607
    outer loop
      vertex 61.0221 0 14.3439
      vertex 61.8923 0.868228 14.9666
      vertex 60.9449 0.785078 14.3439
    endloop
  endfacet
  facet normal -0.508041 -0.258732 0.821554
    outer loop
      vertex 61.6377 1.7216 14.9666
      vertex 61.2181 2.54552 14.9666
      vertex 60.7147 1.55672 14.3439
    endloop
  endfacet
  facet normal -0.392237 -0.290163 0.872901
    outer loop
      vertex 60.3353 2.30173 14.3439
      vertex 59.8133 3.00736 14.3439
      vertex 58.8521 2.63738 13.789
    endloop
  endfacet
  facet normal -0.645944 -0.477815 0.595356
    outer loop
      vertex 62.4982 2.899 16.3714
      vertex 61.8408 3.78772 16.3714
      vertex 61.3206 3.58749 15.6463
    endloop
  endfacet
  facet normal -0.724675 -0.536746 0.432146
    outer loop
      vertex 61.8408 3.78772 16.3714
      vertex 62 3.82897 16.6896
      vertex 61.9851 3.84329 16.6824
    endloop
  endfacet
  facet normal -0.72498 -0.536262 0.432236
    outer loop
      vertex 61.8408 3.78772 16.3714
      vertex 62.3157 3.51058 16.8241
      vertex 62 3.82897 16.6896
    endloop
  endfacet
  facet normal -0.724976 -0.536276 0.432224
    outer loop
      vertex 62.3157 3.51058 16.8241
      vertex 61.8408 3.78772 16.3714
      vertex 62.4982 2.899 16.3714
    endloop
  endfacet
  facet normal -0.110948 -0.24911 0.962099
    outer loop
      vertex 54.3482 2.04012 12.6184
      vertex 55.231 2.80713 12.9188
      vertex 53.9286 2.227 12.6184
    endloop
  endfacet
  facet normal -0.0290723 -0.088408 0.99566
    outer loop
      vertex 53.1705 1.35162 12.4153
      vertex 52.8959 1.44192 12.4153
      vertex 52.3924 0.453126 12.3128
    endloop
  endfacet
  facet normal 0.0217081 -0.498647 0.866533
    outer loop
      vertex 51.6374 4.4962 13.35
      vertex 52 4.44456 13.3112
      vertex 52 4.6875 13.451
    endloop
  endfacet
  facet normal 0.0217723 -0.498332 0.866713
    outer loop
      vertex 52 4.44456 13.3112
      vertex 51.6374 4.4962 13.35
      vertex 51.5079 4.42306 13.3112
    endloop
  endfacet
  facet normal -0.0217531 -0.498647 0.866532
    outer loop
      vertex 52 4.44456 13.3112
      vertex 52.4051 4.87054 13.5665
      vertex 52 4.6875 13.451
    endloop
  endfacet
  facet normal -0.0217854 -0.498623 0.866545
    outer loop
      vertex 52.4051 4.87054 13.5665
      vertex 52 4.44456 13.3112
      vertex 52.8702 4.40654 13.3112
    endloop
  endfacet
  facet normal 0.0387063 -0.291862 0.955677
    outer loop
      vertex 51.0017 2.48389 12.6184
      vertex 51.3072 3.50804 12.9188
      vertex 50.6263 3.41774 12.9188
    endloop
  endfacet
  facet normal 0.0856644 -0.3785 0.921629
    outer loop
      vertex 50.6263 3.41774 12.9188
      vertex 50.5291 3.65969 13.0272
      vertex 50.1758 3.31578 12.9188
    endloop
  endfacet
  facet normal -0.327576 0.560305 0.760757
    outer loop
      vertex 58.074 -5.27719 14.9666
      vertex 58.3796 -4.25305 14.3439
      vertex 57.4923 -4.7718 14.3439
    endloop
  endfacet
  facet normal -0.226552 0.387488 0.893604
    outer loop
      vertex 56.8166 -4.18475 13.789
      vertex 57.5947 -3.72982 13.789
      vertex 56.0585 -3.52611 13.3112
    endloop
  endfacet
  facet normal -0.270795 0.607941 0.746377
    outer loop
      vertex 58.074 -5.27719 14.9666
      vertex 57.4923 -4.7718 14.3439
      vertex 56.511 -5.2089 14.3439
    endloop
  endfacet
  facet normal -0.270796 0.607937 0.746379
    outer loop
      vertex 56.511 -5.2089 14.3439
      vertex 57.2308 -5.65278 14.9666
      vertex 58.074 -5.27719 14.9666
    endloop
  endfacet
  facet normal -0.271127 0.607608 0.746527
    outer loop
      vertex 57.2308 -5.65278 14.9666
      vertex 56.511 -5.2089 14.3439
      vertex 57.1676 -5.65776 14.9477
    endloop
  endfacet
  facet normal -0.270866 0.607851 0.746424
    outer loop
      vertex 57.1676 -5.65776 14.9477
      vertex 56.511 -5.2089 14.3439
      vertex 56.9169 -5.6775 14.8728
    endloop
  endfacet
  facet normal -0.152121 0.672346 0.724438
    outer loop
      vertex 55.4526 -5.55688 14.3439
      vertex 55.3293 -5.65449 14.4086
      vertex 55.5233 -5.67072 14.4644
    endloop
  endfacet
  facet normal -0.152138 0.672357 0.724424
    outer loop
      vertex 55.3293 -5.65449 14.4086
      vertex 55.4526 -5.55688 14.3439
      vertex 55.1154 -5.63318 14.3439
    endloop
  endfacet
  facet normal -0.0651559 0.491311 0.868544
    outer loop
      vertex 52.8702 -4.40654 13.3112
      vertex 53.2062 -5.20664 13.789
      vertex 54.0478 -5.09503 13.789
    endloop
  endfacet
  facet normal -0.065344 0.491246 0.868567
    outer loop
      vertex 53.2062 -5.20664 13.789
      vertex 52.8702 -4.40654 13.3112
      vertex 53.0146 -5.13771 13.7356
    endloop
  endfacet
  facet normal -0.130085 0.574896 0.807819
    outer loop
      vertex 54.0478 -5.09503 13.789
      vertex 55.1154 -5.63318 14.3439
      vertex 55.4526 -5.55688 14.3439
    endloop
  endfacet
  facet normal -0.130198 0.574756 0.807901
    outer loop
      vertex 55.1154 -5.63318 14.3439
      vertex 54.0478 -5.09503 13.789
      vertex 54.1962 -5.46413 14.0755
    endloop
  endfacet
  facet normal -0.272043 0.0811538 0.958857
    outer loop
      vertex 58.4397 -1.15034 13.3112
      vertex 58.6098 -0.580132 13.3112
      vertex 57.1266 -0.915781 12.9188
    endloop
  endfacet
  facet normal -0.418802 0.213196 0.882696
    outer loop
      vertex 60.3353 -2.30173 14.3439
      vertex 59.6425 -1.36521 13.789
      vertex 59.3099 -2.01857 13.789
    endloop
  endfacet
  facet normal -0.191964 0.097694 0.976527
    outer loop
      vertex 57.1266 -0.915781 12.9188
      vertex 55.7258 -0.665557 12.6184
      vertex 55.5637 -0.984076 12.6184
    endloop
  endfacet
  facet normal -0.199145 0.0594584 0.978165
    outer loop
      vertex 57.1266 -0.915781 12.9188
      vertex 55.8243 -0.335649 12.6184
      vertex 55.7258 -0.665557 12.6184
    endloop
  endfacet
  facet normal -0.110953 0.249099 0.962101
    outer loop
      vertex 54.6537 -3.06427 12.9188
      vertex 55.231 -2.80713 12.9188
      vertex 53.9286 -2.227 12.6184
    endloop
  endfacet
  facet normal -0.110948 0.24911 0.962099
    outer loop
      vertex 55.231 -2.80713 12.9188
      vertex 54.3482 -2.04012 12.6184
      vertex 53.9286 -2.227 12.6184
    endloop
  endfacet
  facet normal -0.0173578 0.397285 0.917531
    outer loop
      vertex 52.8702 -4.40654 13.3112
      vertex 52 -3.53831 12.9188
      vertex 52 -4.44456 13.3112
    endloop
  endfacet
  facet normal 0.0173588 0.397297 0.917526
    outer loop
      vertex 51.3072 -3.50804 12.9188
      vertex 51.2782 -4.25849 13.2443
      vertex 52 -3.53831 12.9188
    endloop
  endfacet
  facet normal 0.0173665 0.397296 0.917526
    outer loop
      vertex 51.2782 -4.25849 13.2443
      vertex 51.3072 -3.50804 12.9188
      vertex 51.1738 -4.18372 13.2139
    endloop
  endfacet
  facet normal -0.0651525 0.491315 0.868542
    outer loop
      vertex 54.0478 -5.09503 13.789
      vertex 53.7255 -4.29312 13.3112
      vertex 52.8702 -4.40654 13.3112
    endloop
  endfacet
  facet normal 0.0433616 0.0741592 0.996303
    outer loop
      vertex 50.5748 -1.2382 12.4153
      vertex 51.5222 -0.415102 12.3128
      vertex 50.3446 -1.1036 12.4153
    endloop
  endfacet
  facet normal 0.0645891 0.0192443 0.997726
    outer loop
      vertex 51.2419 -0.13542 12.3128
      vertex 51.2219 -0.0682945 12.3128
      vertex 49.6789 -0.203714 12.4153
    endloop
  endfacet
  facet normal -0.151124 0.198823 0.968314
    outer loop
      vertex 55.7529 -2.50196 12.9188
      vertex 56.2107 -2.15399 12.9188
      vertex 54.7275 -1.81834 12.6184
    endloop
  endfacet
  facet normal -0.132111 0.225943 0.965141
    outer loop
      vertex 55.231 -2.80713 12.9188
      vertex 54.7275 -1.81834 12.6184
      vertex 54.3482 -2.04012 12.6184
    endloop
  endfacet
  facet normal -0.0995497 0.130962 0.986377
    outer loop
      vertex 54.7275 -1.81834 12.6184
      vertex 55.0602 -1.56544 12.6184
      vertex 53.8573 -0.950108 12.4153
    endloop
  endfacet
  facet normal -0.0733408 0.164697 0.983614
    outer loop
      vertex 53.9286 -2.227 12.6184
      vertex 53.4252 -1.2382 12.4153
      vertex 53.1705 -1.35162 12.4153
    endloop
  endfacet
  facet normal -0.0583308 0.177419 0.982405
    outer loop
      vertex 53.4761 -2.37577 12.6184
      vertex 53.9286 -2.227 12.6184
      vertex 52.8959 -1.44192 12.4153
    endloop
  endfacet
  facet normal 0.0042949 0.0983161 0.995146
    outer loop
      vertex 52 -1.56072 12.4153
      vertex 52 -0.523225 12.3128
      vertex 51.6944 -1.54737 12.4153
    endloop
  endfacet
  facet normal -0.00860526 0.196986 0.980368
    outer loop
      vertex 52.5035 -2.54952 12.6184
      vertex 52.3056 -1.54737 12.4153
      vertex 52 -1.56072 12.4153
    endloop
  endfacet
  facet normal -0.0623514 0.0317372 0.99755
    outer loop
      vertex 54.1629 -0.597262 12.4153
      vertex 54.2613 -0.403944 12.4153
      vertex 52.7581 -0.13542 12.3128
    endloop
  endfacet
  facet normal -0.0657178 0.00645197 0.997817
    outer loop
      vertex 54.3211 -0.203714 12.4153
      vertex 54.3411 0 12.4153
      vertex 52.7781 -0.0682945 12.3128
    endloop
  endfacet
  facet normal -0.0494617 0.0650608 0.996655
    outer loop
      vertex 53.6554 -1.1036 12.4153
      vertex 53.8573 -0.950108 12.4153
      vertex 52.6227 -0.318519 12.3128
    endloop
  endfacet
  facet normal -0.0995566 0.130955 0.986377
    outer loop
      vertex 54.7275 -1.81834 12.6184
      vertex 53.8573 -0.950108 12.4153
      vertex 53.6554 -1.1036 12.4153
    endloop
  endfacet
  facet normal 0.0638518 0.282248 0.957214
    outer loop
      vertex 50.0737 -3.18929 12.8883
      vertex 50.6263 -3.41774 12.9188
      vertex 51.0017 -2.48389 12.6184
    endloop
  endfacet
  facet normal 0.0639114 0.282386 0.957169
    outer loop
      vertex 50.6263 -3.41774 12.9188
      vertex 50.0737 -3.18929 12.8883
      vertex 50.1758 -3.31578 12.9188
    endloop
  endfacet
  facet normal 0.0518602 0.391047 0.918908
    outer loop
      vertex 50.6263 -3.41774 12.9188
      vertex 50.8069 -3.8884 13.1089
      vertex 51.3072 -3.50804 12.9188
    endloop
  endfacet
  facet normal 0.0514541 0.390922 0.918984
    outer loop
      vertex 50.6263 -3.41774 12.9188
      vertex 50.6187 -3.73692 13.055
      vertex 50.8069 -3.8884 13.1089
    endloop
  endfacet
  facet normal 0.051813 0.390908 0.91897
    outer loop
      vertex 50.6187 -3.73692 13.055
      vertex 50.6263 -3.41774 12.9188
      vertex 50.5291 -3.65969 13.0272
    endloop
  endfacet
  facet normal 0.130877 0.227161 0.965023
    outer loop
      vertex 49.2332 -1.89553 12.6419
      vertex 49.2725 -1.81834 12.6184
      vertex 49.2127 -1.85823 12.6359
    endloop
  endfacet
  facet normal 0.130432 0.0391709 0.990683
    outer loop
      vertex 48.8701 -0.469646 12.5323
      vertex 49.6789 -0.203714 12.4153
      vertex 48.8508 -0.276395 12.5272
    endloop
  endfacet
  facet normal 0.130496 0.0389736 0.990682
    outer loop
      vertex 48.8701 -0.469646 12.5323
      vertex 49.7387 -0.403944 12.4153
      vertex 49.6789 -0.203714 12.4153
    endloop
  endfacet
  facet normal 0.130507 0.0388386 0.990686
    outer loop
      vertex 49.7387 -0.403944 12.4153
      vertex 48.8701 -0.469646 12.5323
      vertex 48.8788 -0.557548 12.5346
    endloop
  endfacet
  facet normal 0.13276 -0.0132253 0.99106
    outer loop
      vertex 48.8468 0.183786 12.5265
      vertex 49.6789 0.203714 12.4153
      vertex 48.8508 0.276395 12.5272
    endloop
  endfacet
  facet normal 0.132756 -0.0130335 0.991063
    outer loop
      vertex 49.6789 0.203714 12.4153
      vertex 48.8468 0.183786 12.5265
      vertex 49.6589 0 12.4153
    endloop
  endfacet
  facet normal 0.0657178 -0.00645197 0.997817
    outer loop
      vertex 51.2219 0.0682945 12.3128
      vertex 49.6789 0.203714 12.4153
      vertex 49.6589 0 12.4153
    endloop
  endfacet
  facet normal 0.130877 -0.227161 0.965023
    outer loop
      vertex 49.2725 1.81834 12.6184
      vertex 49.2332 1.89553 12.6419
      vertex 49.2127 1.85823 12.6359
    endloop
  endfacet
  facet normal 0.07335 -0.164692 0.983614
    outer loop
      vertex 50.5748 1.2382 12.4153
      vertex 50.0714 2.227 12.6184
      vertex 49.6518 2.04012 12.6184
    endloop
  endfacet
  facet normal 0.0871861 -0.14911 0.984969
    outer loop
      vertex 50.5748 1.2382 12.4153
      vertex 49.6518 2.04012 12.6184
      vertex 49.2725 1.81834 12.6184
    endloop
  endfacet
  facet normal 0.0433616 -0.0741592 0.996303
    outer loop
      vertex 51.5222 0.415102 12.3128
      vertex 50.5748 1.2382 12.4153
      vertex 50.3446 1.1036 12.4153
    endloop
  endfacet
  facet normal 0.00860526 -0.196986 0.980368
    outer loop
      vertex 51.6944 1.54737 12.4153
      vertex 52 1.56072 12.4153
      vertex 51.4965 2.54952 12.6184
    endloop
  endfacet
  facet normal -0.0583393 -0.177408 0.982407
    outer loop
      vertex 53.1705 1.35162 12.4153
      vertex 53.9286 2.227 12.6184
      vertex 52.8959 1.44192 12.4153
    endloop
  endfacet
  facet normal -0.0623482 -0.031747 0.997549
    outer loop
      vertex 52.7581 0.13542 12.3128
      vertex 54.1629 0.597262 12.4153
      vertex 52.7251 0.200229 12.3128
    endloop
  endfacet
  facet normal -0.745502 0.222375 0.628312
    outer loop
      vertex 62.976 -1.96067 16.3714
      vertex 63.2659 -0.988793 16.3714
      vertex 62.3958 -1.85702 15.6463
    endloop
  endfacet
  facet normal -0.849347 0.253351 0.463057
    outer loop
      vertex 63.3684 -2.03077 17.1295
      vertex 63.2659 -0.988793 16.3714
      vertex 62.976 -1.96067 16.3714
    endloop
  endfacet
  facet normal -0.559234 0.413642 0.718441
    outer loop
      vertex 61.3206 -3.58749 15.6463
      vertex 61.9432 -2.74575 15.6463
      vertex 61.2181 -2.54552 14.9666
    endloop
  endfacet
  facet normal -0.604123 0.307659 0.735107
    outer loop
      vertex 61.9432 -2.74575 15.6463
      vertex 62.3958 -1.85702 15.6463
      vertex 61.2181 -2.54552 14.9666
    endloop
  endfacet
  facet normal -0.65328 -0.0641822 0.754391
    outer loop
      vertex 61.9776 0 14.9666
      vertex 62.7625 0 15.6463
      vertex 61.8923 0.868228 14.9666
    endloop
  endfacet
  facet normal -0.653317 -0.0642489 0.754353
    outer loop
      vertex 62.7625 0 15.6463
      vertex 62.6704 0.936522 15.6463
      vertex 61.8923 0.868228 14.9666
    endloop
  endfacet
  facet normal -0.418744 -0.213247 0.882711
    outer loop
      vertex 60.7147 1.55672 14.3439
      vertex 60.3353 2.30173 14.3439
      vertex 59.6425 1.36521 13.789
    endloop
  endfacet
  facet normal -0.418802 -0.213196 0.882696
    outer loop
      vertex 59.6425 1.36521 13.789
      vertex 60.3353 2.30173 14.3439
      vertex 59.3099 2.01857 13.789
    endloop
  endfacet
  facet normal -0.0433616 -0.0741592 0.996303
    outer loop
      vertex 53.6554 1.1036 12.4153
      vertex 53.4252 1.2382 12.4153
      vertex 52.4778 0.415102 12.3128
    endloop
  endfacet
  facet normal -0.036511 -0.082002 0.995963
    outer loop
      vertex 52.4778 0.415102 12.3128
      vertex 53.4252 1.2382 12.4153
      vertex 52.3924 0.453126 12.3128
    endloop
  endfacet
  facet normal 0.0638654 -0.282232 0.957218
    outer loop
      vertex 50.0737 3.18929 12.8883
      vertex 50.5239 2.37577 12.6184
      vertex 51.0017 2.48389 12.6184
    endloop
  endfacet
  facet normal 0.06278 -0.2828 0.957122
    outer loop
      vertex 50.5239 2.37577 12.6184
      vertex 50.0737 3.18929 12.8883
      vertex 50.0425 3.15055 12.8789
    endloop
  endfacet
  facet normal 0.0423465 -0.187136 0.981421
    outer loop
      vertex 51.1041 1.44192 12.4153
      vertex 51.0017 2.48389 12.6184
      vertex 50.5239 2.37577 12.6184
    endloop
  endfacet
  facet normal -0.381294 0.501564 0.776562
    outer loop
      vertex 59.9158 -4.04933 14.9666
      vertex 59.1577 -3.66153 14.3439
      vertex 58.3796 -4.25305 14.3439
    endloop
  endfacet
  facet normal -0.381295 0.501558 0.776566
    outer loop
      vertex 59.0553 -4.7035 14.9666
      vertex 59.9158 -4.04933 14.9666
      vertex 58.3796 -4.25305 14.3439
    endloop
  endfacet
  facet normal -0.149345 0.454294 0.878244
    outer loop
      vertex 55.9561 -4.56808 13.789
      vertex 55.3334 -3.8491 13.3112
      vertex 55.0278 -4.87325 13.789
    endloop
  endfacet
  facet normal -0.189142 0.424587 0.88541
    outer loop
      vertex 55.9561 -4.56808 13.789
      vertex 56.8166 -4.18475 13.789
      vertex 55.3334 -3.8491 13.3112
    endloop
  endfacet
  facet normal -0.0217873 0.498661 0.866523
    outer loop
      vertex 52.8702 -4.40654 13.3112
      vertex 52.68 -4.99472 13.6449
      vertex 53.0146 -5.13771 13.7356
    endloop
  endfacet
  facet normal -0.0218578 0.498678 0.866512
    outer loop
      vertex 52.68 -4.99472 13.6449
      vertex 52.8702 -4.40654 13.3112
      vertex 52.4051 -4.87054 13.5665
    endloop
  endfacet
  facet normal -0.316929 0.234466 0.919011
    outer loop
      vertex 58.8521 -2.63738 13.789
      vertex 59.3099 -2.01857 13.789
      vertex 57.7737 -2.22228 13.3112
    endloop
  endfacet
  facet normal -0.392238 0.290181 0.872894
    outer loop
      vertex 60.3353 -2.30173 14.3439
      vertex 59.3099 -2.01857 13.789
      vertex 58.8521 -2.63738 13.789
    endloop
  endfacet
  facet normal -0.272053 0.0812075 0.958849
    outer loop
      vertex 58.6098 -0.580132 13.3112
      vertex 57.2621 -0.461842 12.9188
      vertex 57.1266 -0.915781 12.9188
    endloop
  endfacet
  facet normal -0.199151 0.0594461 0.978164
    outer loop
      vertex 57.1266 -0.915781 12.9188
      vertex 57.2621 -0.461842 12.9188
      vertex 55.8243 -0.335649 12.6184
    endloop
  endfacet
  facet normal -0.35094 0.10469 0.930527
    outer loop
      vertex 59.6425 -1.36521 13.789
      vertex 58.6098 -0.580132 13.3112
      vertex 58.4397 -1.15034 13.3112
    endloop
  endfacet
  facet normal -0.337075 0.171592 0.925709
    outer loop
      vertex 59.3099 -2.01857 13.789
      vertex 59.6425 -1.36521 13.789
      vertex 58.4397 -1.15034 13.3112
    endloop
  endfacet
  facet normal -0.178428 0.305147 0.935441
    outer loop
      vertex 56.7142 -3.14278 13.3112
      vertex 55.7529 -2.50196 12.9188
      vertex 55.231 -2.80713 12.9188
    endloop
  endfacet
  facet normal -0.178416 0.305187 0.93543
    outer loop
      vertex 56.0585 -3.52611 13.3112
      vertex 56.7142 -3.14278 13.3112
      vertex 55.231 -2.80713 12.9188
    endloop
  endfacet
  facet normal 0.0129641 0.2967 0.954883
    outer loop
      vertex 52 -3.53831 12.9188
      vertex 52 -2.57152 12.6184
      vertex 51.4965 -2.54952 12.6184
    endloop
  endfacet
  facet normal 0.00860711 0.196985 0.980369
    outer loop
      vertex 52 -2.57152 12.6184
      vertex 52 -1.56072 12.4153
      vertex 51.4965 -2.54952 12.6184
    endloop
  endfacet
  facet normal -0.0387063 0.291862 0.955677
    outer loop
      vertex 53.3737 -3.41774 12.9188
      vertex 52.9983 -2.48389 12.6184
      vertex 52.6928 -3.50804 12.9188
    endloop
  endfacet
  facet normal -0.0518626 0.391066 0.9189
    outer loop
      vertex 53.7255 -4.29312 13.3112
      vertex 53.3737 -3.41774 12.9188
      vertex 52.6928 -3.50804 12.9188
    endloop
  endfacet
  facet normal 0.0627585 0.627585 0.776015
    outer loop
      vertex 54.0478 -5.09503 13.789
      vertex 54.1961 -5.46412 14.0755
      vertex 54.1962 -5.46413 14.0755
    endloop
  endfacet
  facet normal -0.078434 0.591435 0.802529
    outer loop
      vertex 54.1961 -5.46412 14.0755
      vertex 54.0478 -5.09503 13.789
      vertex 53.2062 -5.20664 13.789
    endloop
  endfacet
  facet normal 0.110106 0.110764 0.987729
    outer loop
      vertex 49.0703 -1.46626 12.5928
      vertex 49.9726 -0.780361 12.4153
      vertex 48.989 -1.15894 12.5674
    endloop
  endfacet
  facet normal 0.0211168 0.0933233 0.995412
    outer loop
      vertex 51.3941 -1.50754 12.4153
      vertex 51.6997 -0.483397 12.3128
      vertex 51.1041 -1.44192 12.4153
    endloop
  endfacet
  facet normal 0.0042984 0.0983151 0.995146
    outer loop
      vertex 52 -0.523225 12.3128
      vertex 51.8976 -0.518748 12.3128
      vertex 51.6944 -1.54737 12.4153
    endloop
  endfacet
  facet normal 0.0645891 -0.0192443 0.997726
    outer loop
      vertex 51.2219 0.0682945 12.3128
      vertex 51.2419 0.13542 12.3128
      vertex 49.6789 0.203714 12.4153
    endloop
  endfacet
  facet normal 0.0590342 -0.0436875 0.9973
    outer loop
      vertex 51.3203 0.261612 12.3128
      vertex 49.9726 0.780361 12.4153
      vertex 49.8371 0.597262 12.4153
    endloop
  endfacet
  facet normal 0.0494617 -0.0650608 0.996655
    outer loop
      vertex 51.3773 0.318519 12.3128
      vertex 50.3446 1.1036 12.4153
      vertex 50.1427 0.950108 12.4153
    endloop
  endfacet
  facet normal -0.064587 0.0192893 0.997726
    outer loop
      vertex 54.2613 -0.403944 12.4153
      vertex 54.3211 -0.203714 12.4153
      vertex 52.7581 -0.13542 12.3128
    endloop
  endfacet
  facet normal -0.0547273 0.0548167 0.996996
    outer loop
      vertex 54.0274 -0.780361 12.4153
      vertex 52.6797 -0.261612 12.3128
      vertex 52.6227 -0.318519 12.3128
    endloop
  endfacet
  facet normal -0.0547212 0.054835 0.996995
    outer loop
      vertex 53.8573 -0.950108 12.4153
      vertex 54.0274 -0.780361 12.4153
      vertex 52.6227 -0.318519 12.3128
    endloop
  endfacet
  facet normal -0.0211168 0.0933233 0.995412
    outer loop
      vertex 52.6059 -1.50754 12.4153
      vertex 52.8959 -1.44192 12.4153
      vertex 52.3003 -0.483397 12.3128
    endloop
  endfacet
  facet normal -0.0583393 0.177408 0.982407
    outer loop
      vertex 53.9286 -2.227 12.6184
      vertex 53.1705 -1.35162 12.4153
      vertex 52.8959 -1.44192 12.4153
    endloop
  endfacet
  facet normal -0.0290723 0.088408 0.99566
    outer loop
      vertex 52.8959 -1.44192 12.4153
      vertex 53.1705 -1.35162 12.4153
      vertex 52.3924 -0.453126 12.3128
    endloop
  endfacet
  facet normal -0.0871861 0.14911 0.984969
    outer loop
      vertex 54.7275 -1.81834 12.6184
      vertex 53.6554 -1.1036 12.4153
      vertex 53.4252 -1.2382 12.4153
    endloop
  endfacet
  facet normal -0.0433616 0.0741592 0.996303
    outer loop
      vertex 53.4252 -1.2382 12.4153
      vertex 53.6554 -1.1036 12.4153
      vertex 52.4778 -0.415102 12.3128
    endloop
  endfacet
  facet normal 0.151311 0.198298 0.968392
    outer loop
      vertex 49.2725 -1.81834 12.6184
      vertex 49.1617 -1.74991 12.6217
      vertex 49.2014 -1.83441 12.6328
    endloop
  endfacet
  facet normal 0.153498 0.201892 0.967305
    outer loop
      vertex 49.1617 -1.74991 12.6217
      vertex 49.2725 -1.81834 12.6184
      vertex 49.1516 -1.72642 12.6184
    endloop
  endfacet
  facet normal 0.151421 0.197871 0.968462
    outer loop
      vertex 49.2127 -1.85823 12.6359
      vertex 49.2725 -1.81834 12.6184
      vertex 49.2014 -1.83441 12.6328
    endloop
  endfacet
  facet normal 0.132794 -0.0128628 0.99106
    outer loop
      vertex 49.6589 0 12.4153
      vertex 48.8468 0.183786 12.5265
      vertex 48.8387 0 12.5252
    endloop
  endfacet
  facet normal 0.132794 0.0128628 0.99106
    outer loop
      vertex 48.8468 -0.183786 12.5265
      vertex 49.6589 0 12.4153
      vertex 48.8387 0 12.5252
    endloop
  endfacet
  facet normal 0.0423444 -0.187136 0.981421
    outer loop
      vertex 51.1041 1.44192 12.4153
      vertex 51.3941 1.50754 12.4153
      vertex 51.0017 2.48389 12.6184
    endloop
  endfacet
  facet normal 0.0256893 -0.193686 0.980727
    outer loop
      vertex 51.3941 1.50754 12.4153
      vertex 51.6944 1.54737 12.4153
      vertex 51.0017 2.48389 12.6184
    endloop
  endfacet
  facet normal -0.0494559 -0.0650685 0.996655
    outer loop
      vertex 52.6227 0.318519 12.3128
      vertex 53.6554 1.1036 12.4153
      vertex 52.555 0.369975 12.3128
    endloop
  endfacet
  facet normal -0.849324 0.253375 0.463087
    outer loop
      vertex 63.3684 -2.03077 17.1295
      vertex 63.6687 -1.02415 17.1295
      vertex 63.2659 -0.988793 16.3714
    endloop
  endfacet
  facet normal -0.878109 0.0864084 0.470594
    outer loop
      vertex 63.6687 -1.02415 17.1295
      vertex 63.3632 0 16.3714
      vertex 63.2659 -0.988793 16.3714
    endloop
  endfacet
  facet normal -0.796019 0.405335 0.449508
    outer loop
      vertex 63.3684 -2.03077 17.1295
      vertex 62.976 -1.96067 16.3714
      vertex 62.4982 -2.899 16.3714
    endloop
  endfacet
  facet normal -0.703365 0.358155 0.614005
    outer loop
      vertex 62.4982 -2.899 16.3714
      vertex 62.976 -1.96067 16.3714
      vertex 62.3958 -1.85702 15.6463
    endloop
  endfacet
  facet normal -0.928116 -0.276932 0.248814
    outer loop
      vertex 63.6687 1.02415 17.1295
      vertex 63.7256 1.02914 17.3473
      vertex 63.6433 1.28277 17.3226
    endloop
  endfacet
  facet normal -0.0733408 -0.164697 0.983614
    outer loop
      vertex 53.4252 1.2382 12.4153
      vertex 53.9286 2.227 12.6184
      vertex 53.1705 1.35162 12.4153
    endloop
  endfacet
  facet normal -0.0365143 -0.0819978 0.995963
    outer loop
      vertex 53.4252 1.2382 12.4153
      vertex 53.1705 1.35162 12.4153
      vertex 52.3924 0.453126 12.3128
    endloop
  endfacet
  facet normal 0.0583308 -0.177419 0.982405
    outer loop
      vertex 51.1041 1.44192 12.4153
      vertex 50.5239 2.37577 12.6184
      vertex 50.0714 2.227 12.6184
    endloop
  endfacet
  facet normal 0.0885279 -0.267588 0.959458
    outer loop
      vertex 49.988 3.07515 12.8629
      vertex 50.5239 2.37577 12.6184
      vertex 50.0425 3.15055 12.8789
    endloop
  endfacet
  facet normal 0.0880823 -0.267912 0.959409
    outer loop
      vertex 50.5239 2.37577 12.6184
      vertex 49.988 3.07515 12.8629
      vertex 50.0714 2.227 12.6184
    endloop
  endfacet
  facet normal 0.0217081 0.498647 0.866533
    outer loop
      vertex 52 -4.44456 13.3112
      vertex 51.6374 -4.4962 13.35
      vertex 52 -4.6875 13.451
    endloop
  endfacet
  facet normal 0.0217723 0.498332 0.866713
    outer loop
      vertex 51.6374 -4.4962 13.35
      vertex 52 -4.44456 13.3112
      vertex 51.5079 -4.42306 13.3112
    endloop
  endfacet
  facet normal -0.0217854 0.498623 0.866545
    outer loop
      vertex 52 -4.44456 13.3112
      vertex 52.4051 -4.87054 13.5665
      vertex 52.8702 -4.40654 13.3112
    endloop
  endfacet
  facet normal -0.0217531 0.498647 0.866532
    outer loop
      vertex 52.4051 -4.87054 13.5665
      vertex 52 -4.44456 13.3112
      vertex 52 -4.6875 13.451
    endloop
  endfacet
  facet normal 0.125838 0.0641269 0.989976
    outer loop
      vertex 48.924 -0.849415 12.5477
      vertex 49.8371 -0.597262 12.4153
      vertex 48.8913 -0.638588 12.5382
    endloop
  endfacet
  facet normal 0.125842 0.0640544 0.98998
    outer loop
      vertex 49.7387 -0.403944 12.4153
      vertex 48.8913 -0.638588 12.5382
      vertex 49.8371 -0.597262 12.4153
    endloop
  endfacet
  facet normal 0.126021 0.0634164 0.989998
    outer loop
      vertex 48.8913 -0.638588 12.5382
      vertex 49.7387 -0.403944 12.4153
      vertex 48.8788 -0.557548 12.5346
    endloop
  endfacet
  facet normal 0.0733408 0.164697 0.983614
    outer loop
      vertex 50.8295 -1.35162 12.4153
      vertex 50.5748 -1.2382 12.4153
      vertex 50.0714 -2.227 12.6184
    endloop
  endfacet
  facet normal 0.0995737 0.130938 0.986377
    outer loop
      vertex 49.0779 -1.49483 12.5951
      vertex 49.2725 -1.81834 12.6184
      vertex 50.1427 -0.950108 12.4153
    endloop
  endfacet
  facet normal 0.0995337 0.130914 0.986385
    outer loop
      vertex 49.2725 -1.81834 12.6184
      vertex 49.0779 -1.49483 12.5951
      vertex 49.1516 -1.72642 12.6184
    endloop
  endfacet
  facet normal 0.00860526 0.196986 0.980368
    outer loop
      vertex 52 -1.56072 12.4153
      vertex 51.6944 -1.54737 12.4153
      vertex 51.4965 -2.54952 12.6184
    endloop
  endfacet
  facet normal 0.0387126 0.291863 0.955676
    outer loop
      vertex 51.3072 -3.50804 12.9188
      vertex 51.4965 -2.54952 12.6184
      vertex 51.0017 -2.48389 12.6184
    endloop
  endfacet
  facet normal 0.0881264 0.267907 0.959406
    outer loop
      vertex 49.988 -3.07515 12.8629
      vertex 50.0714 -2.227 12.6184
      vertex 49.6917 -2.66541 12.7757
    endloop
  endfacet
  facet normal 0.110939 0.24909 0.962105
    outer loop
      vertex 49.6518 -2.04012 12.6184
      vertex 49.5589 -2.45529 12.7366
      vertex 50.0714 -2.227 12.6184
    endloop
  endfacet
  facet normal 0.110803 0.249122 0.962113
    outer loop
      vertex 49.5589 -2.45529 12.7366
      vertex 49.6518 -2.04012 12.6184
      vertex 49.4225 -2.23937 12.6964
    endloop
  endfacet
  facet normal 0.0128141 0.096643 0.995237
    outer loop
      vertex 51.8976 -0.518748 12.3128
      vertex 51.7969 -0.505396 12.3128
      vertex 51.3941 -1.50754 12.4153
    endloop
  endfacet
  facet normal 0.0211213 0.093322 0.995412
    outer loop
      vertex 51.7969 -0.505396 12.3128
      vertex 51.6997 -0.483397 12.3128
      vertex 51.3941 -1.50754 12.4153
    endloop
  endfacet
  facet normal 0.0657176 0.00644719 0.997817
    outer loop
      vertex 51.2219 -0.0682945 12.3128
      vertex 51.2152 0 12.3128
      vertex 49.6589 0 12.4153
    endloop
  endfacet
  facet normal 0.0657176 -0.00644719 0.997817
    outer loop
      vertex 51.2152 0 12.3128
      vertex 51.2219 0.0682945 12.3128
      vertex 49.6589 0 12.4153
    endloop
  endfacet
  facet normal 0.0494559 -0.0650685 0.996655
    outer loop
      vertex 51.3773 0.318519 12.3128
      vertex 51.445 0.369975 12.3128
      vertex 50.3446 1.1036 12.4153
    endloop
  endfacet
  facet normal 0.0623482 -0.031747 0.997549
    outer loop
      vertex 51.2419 0.13542 12.3128
      vertex 51.2749 0.200229 12.3128
      vertex 49.8371 0.597262 12.4153
    endloop
  endfacet
  facet normal 0.059039 -0.0436663 0.9973
    outer loop
      vertex 51.2749 0.200229 12.3128
      vertex 51.3203 0.261612 12.3128
      vertex 49.8371 0.597262 12.4153
    endloop
  endfacet
  facet normal -0.0623482 0.031747 0.997549
    outer loop
      vertex 54.1629 -0.597262 12.4153
      vertex 52.7581 -0.13542 12.3128
      vertex 52.7251 -0.200229 12.3128
    endloop
  endfacet
  facet normal -0.0433555 0.0741695 0.996303
    outer loop
      vertex 53.6554 -1.1036 12.4153
      vertex 52.555 -0.369975 12.3128
      vertex 52.4778 -0.415102 12.3128
    endloop
  endfacet
  facet normal -0.0042984 0.0983151 0.995146
    outer loop
      vertex 52.3056 -1.54737 12.4153
      vertex 52.1024 -0.518748 12.3128
      vertex 52 -0.523225 12.3128
    endloop
  endfacet
  facet normal -0.0211168 -0.0933233 0.995412
    outer loop
      vertex 52.8959 1.44192 12.4153
      vertex 52.6059 1.50754 12.4153
      vertex 52.3003 0.483397 12.3128
    endloop
  endfacet
  facet normal -0.0290596 -0.0884144 0.99566
    outer loop
      vertex 52.3924 0.453126 12.3128
      vertex 52.8959 1.44192 12.4153
      vertex 52.3003 0.483397 12.3128
    endloop
  endfacet
  facet normal 0.0623482 0.031747 0.997549
    outer loop
      vertex 51.2749 -0.200229 12.3128
      vertex 51.2419 -0.13542 12.3128
      vertex 49.8371 -0.597262 12.4153
    endloop
  endfacet
  facet normal 0.0623514 0.0317372 0.99755
    outer loop
      vertex 49.8371 -0.597262 12.4153
      vertex 51.2419 -0.13542 12.3128
      vertex 49.7387 -0.403944 12.4153
    endloop
  endfacet
  facet normal 0.036511 0.082002 0.995963
    outer loop
      vertex 51.6076 -0.453126 12.3128
      vertex 51.5222 -0.415102 12.3128
      vertex 50.5748 -1.2382 12.4153
    endloop
  endfacet
  facet normal 0.0871861 0.14911 0.984969
    outer loop
      vertex 50.5748 -1.2382 12.4153
      vertex 50.3446 -1.1036 12.4153
      vertex 49.2725 -1.81834 12.6184
    endloop
  endfacet
  facet normal 0.0995566 0.130955 0.986377
    outer loop
      vertex 50.3446 -1.1036 12.4153
      vertex 50.1427 -0.950108 12.4153
      vertex 49.2725 -1.81834 12.6184
    endloop
  endfacet
  facet normal 0.0638654 0.282232 0.957218
    outer loop
      vertex 50.5239 -2.37577 12.6184
      vertex 50.0737 -3.18929 12.8883
      vertex 51.0017 -2.48389 12.6184
    endloop
  endfacet
  facet normal 0.06278 0.2828 0.957122
    outer loop
      vertex 50.0737 -3.18929 12.8883
      vertex 50.5239 -2.37577 12.6184
      vertex 50.0425 -3.15055 12.8789
    endloop
  endfacet
  facet normal 0.0423465 0.187136 0.981421
    outer loop
      vertex 51.0017 -2.48389 12.6184
      vertex 51.1041 -1.44192 12.4153
      vertex 50.5239 -2.37577 12.6184
    endloop
  endfacet
  facet normal 0.07335 0.164692 0.983614
    outer loop
      vertex 50.0714 -2.227 12.6184
      vertex 50.5748 -1.2382 12.4153
      vertex 49.6518 -2.04012 12.6184
    endloop
  endfacet
  facet normal 0.0583393 0.177408 0.982407
    outer loop
      vertex 51.1041 -1.44192 12.4153
      vertex 50.8295 -1.35162 12.4153
      vertex 50.0714 -2.227 12.6184
    endloop
  endfacet
  facet normal 0.0256893 0.193686 0.980727
    outer loop
      vertex 51.6944 -1.54737 12.4153
      vertex 51.3941 -1.50754 12.4153
      vertex 51.0017 -2.48389 12.6184
    endloop
  endfacet
  facet normal 0.0423444 0.187136 0.981421
    outer loop
      vertex 51.3941 -1.50754 12.4153
      vertex 51.1041 -1.44192 12.4153
      vertex 51.0017 -2.48389 12.6184
    endloop
  endfacet
  facet normal 0.036511 -0.082002 0.995963
    outer loop
      vertex 51.5222 0.415102 12.3128
      vertex 51.6076 0.453126 12.3128
      vertex 50.5748 1.2382 12.4153
    endloop
  endfacet
  facet normal 0.0042949 -0.0983161 0.995146
    outer loop
      vertex 52 0.523225 12.3128
      vertex 52 1.56072 12.4153
      vertex 51.6944 1.54737 12.4153
    endloop
  endfacet
  facet normal -0.0494559 0.0650685 0.996655
    outer loop
      vertex 53.6554 -1.1036 12.4153
      vertex 52.6227 -0.318519 12.3128
      vertex 52.555 -0.369975 12.3128
    endloop
  endfacet
  facet normal -0.0290596 0.0884144 0.99566
    outer loop
      vertex 52.8959 -1.44192 12.4153
      vertex 52.3924 -0.453126 12.3128
      vertex 52.3003 -0.483397 12.3128
    endloop
  endfacet
  facet normal 0.0547212 0.054835 0.996995
    outer loop
      vertex 50.1427 -0.950108 12.4153
      vertex 51.3773 -0.318519 12.3128
      vertex 49.9726 -0.780361 12.4153
    endloop
  endfacet
  facet normal 0.0290596 0.0884144 0.99566
    outer loop
      vertex 51.6997 -0.483397 12.3128
      vertex 51.6076 -0.453126 12.3128
      vertex 51.1041 -1.44192 12.4153
    endloop
  endfacet
  facet normal 0.0365143 0.0819978 0.995963
    outer loop
      vertex 50.8295 -1.35162 12.4153
      vertex 51.6076 -0.453126 12.3128
      vertex 50.5748 -1.2382 12.4153
    endloop
  endfacet
  facet normal 0.0290723 0.088408 0.99566
    outer loop
      vertex 51.1041 -1.44192 12.4153
      vertex 51.6076 -0.453126 12.3128
      vertex 50.8295 -1.35162 12.4153
    endloop
  endfacet
  facet normal 0.0128141 -0.096643 0.995237
    outer loop
      vertex 51.7969 0.505396 12.3128
      vertex 51.8976 0.518748 12.3128
      vertex 51.3941 1.50754 12.4153
    endloop
  endfacet
  facet normal 0.0433555 -0.0741695 0.996303
    outer loop
      vertex 51.445 0.369975 12.3128
      vertex 51.5222 0.415102 12.3128
      vertex 50.3446 1.1036 12.4153
    endloop
  endfacet
  facet normal -0.0128179 0.0966411 0.995237
    outer loop
      vertex 52.3056 -1.54737 12.4153
      vertex 52.6059 -1.50754 12.4153
      vertex 52.1024 -0.518748 12.3128
    endloop
  endfacet
  facet normal -0.0211213 0.093322 0.995412
    outer loop
      vertex 52.6059 -1.50754 12.4153
      vertex 52.3003 -0.483397 12.3128
      vertex 52.2031 -0.505396 12.3128
    endloop
  endfacet
  facet normal -0.036511 0.082002 0.995963
    outer loop
      vertex 53.4252 -1.2382 12.4153
      vertex 52.4778 -0.415102 12.3128
      vertex 52.3924 -0.453126 12.3128
    endloop
  endfacet
  facet normal -0.0365143 0.0819978 0.995963
    outer loop
      vertex 53.1705 -1.35162 12.4153
      vertex 53.4252 -1.2382 12.4153
      vertex 52.3924 -0.453126 12.3128
    endloop
  endfacet
  facet normal 0.0590342 0.0436875 0.9973
    outer loop
      vertex 49.9726 -0.780361 12.4153
      vertex 51.3203 -0.261612 12.3128
      vertex 49.8371 -0.597262 12.4153
    endloop
  endfacet
  facet normal 0.0547273 0.0548167 0.996996
    outer loop
      vertex 51.3773 -0.318519 12.3128
      vertex 51.3203 -0.261612 12.3128
      vertex 49.9726 -0.780361 12.4153
    endloop
  endfacet
  facet normal 0.059039 0.0436663 0.9973
    outer loop
      vertex 51.3203 -0.261612 12.3128
      vertex 51.2749 -0.200229 12.3128
      vertex 49.8371 -0.597262 12.4153
    endloop
  endfacet
  facet normal 0.0494559 0.0650685 0.996655
    outer loop
      vertex 51.445 -0.369975 12.3128
      vertex 51.3773 -0.318519 12.3128
      vertex 50.3446 -1.1036 12.4153
    endloop
  endfacet
  facet normal 0.0494617 0.0650608 0.996655
    outer loop
      vertex 50.3446 -1.1036 12.4153
      vertex 51.3773 -0.318519 12.3128
      vertex 50.1427 -0.950108 12.4153
    endloop
  endfacet
  facet normal -0.0042984 -0.0983151 0.995146
    outer loop
      vertex 52.1024 0.518748 12.3128
      vertex 52.3056 1.54737 12.4153
      vertex 52 0.523225 12.3128
    endloop
  endfacet
  facet normal 0.0365143 -0.0819978 0.995963
    outer loop
      vertex 51.6076 0.453126 12.3128
      vertex 50.8295 1.35162 12.4153
      vertex 50.5748 1.2382 12.4153
    endloop
  endfacet
  facet normal 0.0211168 -0.0933233 0.995412
    outer loop
      vertex 51.6997 0.483397 12.3128
      vertex 51.3941 1.50754 12.4153
      vertex 51.1041 1.44192 12.4153
    endloop
  endfacet
  facet normal -0.0423444 0.187136 0.981421
    outer loop
      vertex 52.9983 -2.48389 12.6184
      vertex 52.8959 -1.44192 12.4153
      vertex 52.6059 -1.50754 12.4153
    endloop
  endfacet
  facet normal -0.0256893 0.193686 0.980727
    outer loop
      vertex 52.9983 -2.48389 12.6184
      vertex 52.6059 -1.50754 12.4153
      vertex 52.3056 -1.54737 12.4153
    endloop
  endfacet
  facet normal -0.0128141 -0.096643 0.995237
    outer loop
      vertex 52.2031 0.505396 12.3128
      vertex 52.6059 1.50754 12.4153
      vertex 52.1024 0.518748 12.3128
    endloop
  endfacet
  facet normal 0.0211213 -0.093322 0.995412
    outer loop
      vertex 51.6997 0.483397 12.3128
      vertex 51.7969 0.505396 12.3128
      vertex 51.3941 1.50754 12.4153
    endloop
  endfacet
  facet normal 0.0290596 -0.0884144 0.99566
    outer loop
      vertex 51.6076 0.453126 12.3128
      vertex 51.6997 0.483397 12.3128
      vertex 51.1041 1.44192 12.4153
    endloop
  endfacet
  facet normal -0.0128141 0.096643 0.995237
    outer loop
      vertex 52.6059 -1.50754 12.4153
      vertex 52.2031 -0.505396 12.3128
      vertex 52.1024 -0.518748 12.3128
    endloop
  endfacet
  facet normal -0.989174 -0.146746 -0
    outer loop
      vertex 15.3538 -69.2176 2.6
      vertex 15.3322 -69.072 2.05001
      vertex 15.3538 -69.2176 2.05001
    endloop
  endfacet
  facet normal -0.989174 -0.146746 0
    outer loop
      vertex 15.3322 -69.072 2.05001
      vertex 15.3538 -69.2176 2.6
      vertex 15.3322 -69.072 3.7
    endloop
  endfacet
  facet normal -0.989174 -0.146746 0
    outer loop
      vertex 15.3322 -69.072 3.7
      vertex 15.3538 -69.2176 2.6
      vertex 15.3538 -69.2176 3.7
    endloop
  endfacet
  facet normal -0.998803 0.0489209 0
    outer loop
      vertex 15.325 -68.925 2.05001
      vertex 15.3322 -68.778 3.7
      vertex 15.3322 -68.778 2.05001
    endloop
  endfacet
  facet normal -0.998803 0.0489209 0
    outer loop
      vertex 15.3322 -68.778 3.7
      vertex 15.325 -68.925 2.05001
      vertex 15.325 -68.925 3.7
    endloop
  endfacet
  facet normal 0.998803 0.0489209 0
    outer loop
      vertex 21 -68.925 3.7
      vertex 20.9928 -68.778 2.05001
      vertex 20.9928 -68.778 3.7
    endloop
  endfacet
  facet normal 0.998803 0.0489209 0
    outer loop
      vertex 20.9928 -68.778 2.05001
      vertex 21 -68.925 3.7
      vertex 21 -68.925 2.05001
    endloop
  endfacet
  facet normal -0.998803 -0.0489209 0
    outer loop
      vertex 15.3322 -69.072 2.05001
      vertex 15.325 -68.925 3.7
      vertex 15.325 -68.925 2.05001
    endloop
  endfacet
  facet normal -0.998803 -0.0489209 0
    outer loop
      vertex 15.325 -68.925 3.7
      vertex 15.3322 -69.072 2.05001
      vertex 15.3322 -69.072 3.7
    endloop
  endfacet
  facet normal 0 1 -0
    outer loop
      vertex 19.5 -67.425 2.05001
      vertex 16.825 -67.425 3.7
      vertex 19.5 -67.425 3.7
    endloop
  endfacet
  facet normal 0 1 0
    outer loop
      vertex 16.825 -67.425 3.7
      vertex 19.5 -67.425 2.05001
      vertex 16.825 -67.425 2.05001
    endloop
  endfacet
  facet normal -0.671251 0.74123 0
    outer loop
      vertex 15.8734 -67.7655 2.05001
      vertex 15.7643 -67.8643 3.7
      vertex 15.8734 -67.7655 3.7
    endloop
  endfacet
  facet normal -0.671251 0.74123 0
    outer loop
      vertex 15.7643 -67.8643 3.7
      vertex 15.8734 -67.7655 2.05001
      vertex 15.7643 -67.8643 2.05001
    endloop
  endfacet
  facet normal 0.336939 0.941527 -0
    outer loop
      vertex 20.074 -67.5392 2.05001
      vertex 19.9354 -67.4896 3.7
      vertex 20.074 -67.5392 3.7
    endloop
  endfacet
  facet normal 0.336939 0.941527 0
    outer loop
      vertex 19.9354 -67.4896 3.7
      vertex 20.074 -67.5392 2.05001
      vertex 19.9354 -67.4896 2.05001
    endloop
  endfacet
  facet normal 0.0489209 -0.998803 0
    outer loop
      vertex 19.5 -70.425 2.05001
      vertex 19.647 -70.4178 3.7
      vertex 19.5 -70.425 3.7
    endloop
  endfacet
  facet normal 0.0489209 -0.998803 0
    outer loop
      vertex 19.647 -70.4178 3.7
      vertex 19.5 -70.425 2.05001
      vertex 19.647 -70.4178 2.05001
    endloop
  endfacet
  facet normal -0.857737 -0.514089 -0
    outer loop
      vertex 15.5579 -69.7252 2.6
      vertex 15.5021 -69.6321 2.05001
      vertex 15.5579 -69.7252 2.05001
    endloop
  endfacet
  facet normal -0.857737 -0.514089 0
    outer loop
      vertex 15.5021 -69.6321 2.05001
      vertex 15.5579 -69.7252 2.6
      vertex 15.5021 -69.6321 3.7
    endloop
  endfacet
  facet normal -0.857721 -0.514116 -0
    outer loop
      vertex 15.5778 -69.7584 3.7
      vertex 15.5579 -69.7252 2.6
      vertex 15.5778 -69.7584 2.6
    endloop
  endfacet
  facet normal -0.857733 -0.514096 8.026e-07
    outer loop
      vertex 15.5579 -69.7252 2.6
      vertex 15.5778 -69.7584 3.7
      vertex 15.5021 -69.6321 3.7
    endloop
  endfacet
  facet normal -0.857733 0.514096 0
    outer loop
      vertex 15.5021 -68.2179 2.05001
      vertex 15.5778 -68.0916 3.7
      vertex 15.5778 -68.0916 2.05001
    endloop
  endfacet
  facet normal -0.857733 0.514096 0
    outer loop
      vertex 15.5778 -68.0916 3.7
      vertex 15.5021 -68.2179 2.05001
      vertex 15.5021 -68.2179 3.7
    endloop
  endfacet
  facet normal 0.904125 0.427269 0
    outer loop
      vertex 20.8858 -68.351 3.7
      vertex 20.8229 -68.2179 2.05001
      vertex 20.8229 -68.2179 3.7
    endloop
  endfacet
  facet normal 0.904125 0.427269 0
    outer loop
      vertex 20.8229 -68.2179 2.05001
      vertex 20.8858 -68.351 3.7
      vertex 20.8858 -68.351 2.05001
    endloop
  endfacet
  facet normal 0.427269 0.904125 -0
    outer loop
      vertex 20.2071 -67.6021 2.05001
      vertex 20.074 -67.5392 3.7
      vertex 20.2071 -67.6021 3.7
    endloop
  endfacet
  facet normal 0.427269 0.904125 0
    outer loop
      vertex 20.074 -67.5392 3.7
      vertex 20.2071 -67.6021 2.05001
      vertex 20.074 -67.5392 2.05001
    endloop
  endfacet
  facet normal 0.0489209 0.998803 -0
    outer loop
      vertex 19.647 -67.4322 2.05001
      vertex 19.5 -67.425 3.7
      vertex 19.647 -67.4322 3.7
    endloop
  endfacet
  facet normal 0.0489209 0.998803 0
    outer loop
      vertex 19.5 -67.425 3.7
      vertex 19.647 -67.4322 2.05001
      vertex 19.5 -67.425 2.05001
    endloop
  endfacet
  facet normal 0.146746 0.989174 -0
    outer loop
      vertex 19.7926 -67.4538 2.05001
      vertex 19.647 -67.4322 3.7
      vertex 19.7926 -67.4538 3.7
    endloop
  endfacet
  facet normal 0.146746 0.989174 0
    outer loop
      vertex 19.647 -67.4322 3.7
      vertex 19.7926 -67.4538 2.05001
      vertex 19.647 -67.4322 2.05001
    endloop
  endfacet
  facet normal -0.243175 0.969982 0
    outer loop
      vertex 16.5324 -67.4538 2.05001
      vertex 16.3896 -67.4896 3.7
      vertex 16.5324 -67.4538 3.7
    endloop
  endfacet
  facet normal -0.243175 0.969982 0
    outer loop
      vertex 16.3896 -67.4896 3.7
      vertex 16.5324 -67.4538 2.05001
      vertex 16.3896 -67.4896 2.05001
    endloop
  endfacet
  facet normal -0.803088 0.595861 0
    outer loop
      vertex 15.5778 -68.0916 2.05001
      vertex 15.6655 -67.9734 3.7
      vertex 15.6655 -67.9734 2.05001
    endloop
  endfacet
  facet normal -0.803088 0.595861 0
    outer loop
      vertex 15.6655 -67.9734 3.7
      vertex 15.5778 -68.0916 2.05001
      vertex 15.5778 -68.0916 3.7
    endloop
  endfacet
  facet normal 0.336939 -0.941527 0
    outer loop
      vertex 19.9354 -70.3604 2.05001
      vertex 20.074 -70.3108 3.7
      vertex 19.9354 -70.3604 3.7
    endloop
  endfacet
  facet normal 0.336939 -0.941527 0
    outer loop
      vertex 20.074 -70.3108 3.7
      vertex 19.9354 -70.3604 2.05001
      vertex 20.074 -70.3108 2.05001
    endloop
  endfacet
  facet normal 0.74123 -0.671251 0
    outer loop
      vertex 20.5607 -69.9857 3.7
      vertex 20.6595 -69.8766 2.05001
      vertex 20.6595 -69.8766 3.7
    endloop
  endfacet
  facet normal 0.74123 -0.671251 0
    outer loop
      vertex 20.6595 -69.8766 2.05001
      vertex 20.5607 -69.9857 3.7
      vertex 20.5607 -69.9857 2.05001
    endloop
  endfacet
  facet normal 0.969982 -0.243175 0
    outer loop
      vertex 20.9354 -69.3604 3.7
      vertex 20.9712 -69.2176 2.05001
      vertex 20.9712 -69.2176 3.7
    endloop
  endfacet
  facet normal 0.969982 -0.243175 0
    outer loop
      vertex 20.9712 -69.2176 2.05001
      vertex 20.9354 -69.3604 3.7
      vertex 20.9354 -69.3604 2.05001
    endloop
  endfacet
  facet normal -0.243175 -0.969982 0
    outer loop
      vertex 16.3896 -70.3604 2.6
      vertex 16.5324 -70.3962 3.7
      vertex 16.3896 -70.3604 3.7
    endloop
  endfacet
  facet normal -0.243175 -0.969982 -0
    outer loop
      vertex 16.5324 -70.3962 3.7
      vertex 16.3896 -70.3604 2.6
      vertex 16.5324 -70.3962 2.6
    endloop
  endfacet
  facet normal 0 -1 0
    outer loop
      vertex 19.25 -70.425 2.6
      vertex 16.825 -70.425 3.7
      vertex 16.825 -70.425 2.6
    endloop
  endfacet
  facet normal 0 -1 0
    outer loop
      vertex 16.825 -70.425 3.7
      vertex 19.25 -70.425 2.6
      vertex 19.5 -70.425 3.7
    endloop
  endfacet
  facet normal 0 -1 0
    outer loop
      vertex 19.5 -70.425 2.05001
      vertex 19.25 -70.425 2.6
      vertex 19.25 -70.425 2.05001
    endloop
  endfacet
  facet normal 0 -1 0
    outer loop
      vertex 19.25 -70.425 2.6
      vertex 19.5 -70.425 2.05001
      vertex 19.5 -70.425 3.7
    endloop
  endfacet
  facet normal -0.336939 -0.941527 1.33392e-05
    outer loop
      vertex 16.251 -70.3108 3.7
      vertex 16.2789 -70.3208 2.6
      vertex 16.3896 -70.3604 3.7
    endloop
  endfacet
  facet normal -0.337405 -0.94136 0
    outer loop
      vertex 16.251 -70.3108 2.05001
      vertex 16.2789 -70.3208 2.6
      vertex 16.251 -70.3108 3.7
    endloop
  endfacet
  facet normal -0.337405 -0.94136 -0
    outer loop
      vertex 16.2789 -70.3208 2.6
      vertex 16.251 -70.3108 2.05001
      vertex 16.2789 -70.3208 2.05001
    endloop
  endfacet
  facet normal -0.336821 -0.941569 -0
    outer loop
      vertex 16.3896 -70.3604 3.7
      vertex 16.2789 -70.3208 2.6
      vertex 16.3896 -70.3604 2.6
    endloop
  endfacet
  facet normal -0.969982 0.243175 0
    outer loop
      vertex 15.3538 -68.6324 2.05001
      vertex 15.3896 -68.4896 3.7
      vertex 15.3896 -68.4896 2.05001
    endloop
  endfacet
  facet normal -0.969982 0.243175 0
    outer loop
      vertex 15.3896 -68.4896 3.7
      vertex 15.3538 -68.6324 2.05001
      vertex 15.3538 -68.6324 3.7
    endloop
  endfacet
  facet normal 0.941527 0.336939 0
    outer loop
      vertex 20.9354 -68.4896 3.7
      vertex 20.8858 -68.351 2.05001
      vertex 20.8858 -68.351 3.7
    endloop
  endfacet
  facet normal 0.941527 0.336939 0
    outer loop
      vertex 20.8858 -68.351 2.05001
      vertex 20.9354 -68.4896 3.7
      vertex 20.9354 -68.4896 2.05001
    endloop
  endfacet
  facet normal 0.671251 0.74123 -0
    outer loop
      vertex 20.5607 -67.8643 2.05001
      vertex 20.4516 -67.7655 3.7
      vertex 20.5607 -67.8643 3.7
    endloop
  endfacet
  facet normal 0.671251 0.74123 0
    outer loop
      vertex 20.4516 -67.7655 3.7
      vertex 20.5607 -67.8643 2.05001
      vertex 20.4516 -67.7655 2.05001
    endloop
  endfacet
  facet normal 0.595861 0.803088 -0
    outer loop
      vertex 20.4516 -67.7655 2.05001
      vertex 20.3334 -67.6778 3.7
      vertex 20.4516 -67.7655 3.7
    endloop
  endfacet
  facet normal 0.595861 0.803088 0
    outer loop
      vertex 20.3334 -67.6778 3.7
      vertex 20.4516 -67.7655 2.05001
      vertex 20.3334 -67.6778 2.05001
    endloop
  endfacet
  facet normal 0.243175 0.969982 -0
    outer loop
      vertex 19.9354 -67.4896 2.05001
      vertex 19.7926 -67.4538 3.7
      vertex 19.9354 -67.4896 3.7
    endloop
  endfacet
  facet normal 0.243175 0.969982 0
    outer loop
      vertex 19.7926 -67.4538 3.7
      vertex 19.9354 -67.4896 2.05001
      vertex 19.7926 -67.4538 2.05001
    endloop
  endfacet
  facet normal -0.146746 0.989174 0
    outer loop
      vertex 16.678 -67.4322 2.05001
      vertex 16.5324 -67.4538 3.7
      vertex 16.678 -67.4322 3.7
    endloop
  endfacet
  facet normal -0.146746 0.989174 0
    outer loop
      vertex 16.5324 -67.4538 3.7
      vertex 16.678 -67.4322 2.05001
      vertex 16.5324 -67.4538 2.05001
    endloop
  endfacet
  facet normal -0.0489209 0.998803 0
    outer loop
      vertex 16.825 -67.425 2.05001
      vertex 16.678 -67.4322 3.7
      vertex 16.825 -67.425 3.7
    endloop
  endfacet
  facet normal -0.0489209 0.998803 0
    outer loop
      vertex 16.678 -67.4322 3.7
      vertex 16.825 -67.425 2.05001
      vertex 16.678 -67.4322 2.05001
    endloop
  endfacet
  facet normal -0.336939 0.941527 0
    outer loop
      vertex 16.3896 -67.4896 2.05001
      vertex 16.251 -67.5392 3.7
      vertex 16.3896 -67.4896 3.7
    endloop
  endfacet
  facet normal -0.336939 0.941527 0
    outer loop
      vertex 16.251 -67.5392 3.7
      vertex 16.3896 -67.4896 2.05001
      vertex 16.251 -67.5392 2.05001
    endloop
  endfacet
  facet normal -0.427269 0.904125 0
    outer loop
      vertex 16.251 -67.5392 2.05001
      vertex 16.1179 -67.6021 3.7
      vertex 16.251 -67.5392 3.7
    endloop
  endfacet
  facet normal -0.427269 0.904125 0
    outer loop
      vertex 16.1179 -67.6021 3.7
      vertex 16.251 -67.5392 2.05001
      vertex 16.1179 -67.6021 2.05001
    endloop
  endfacet
  facet normal -0.514096 0.857733 0
    outer loop
      vertex 16.1179 -67.6021 2.05001
      vertex 15.9916 -67.6778 3.7
      vertex 16.1179 -67.6021 3.7
    endloop
  endfacet
  facet normal -0.514096 0.857733 0
    outer loop
      vertex 15.9916 -67.6778 3.7
      vertex 16.1179 -67.6021 2.05001
      vertex 15.9916 -67.6778 2.05001
    endloop
  endfacet
  facet normal -0.74123 0.671251 0
    outer loop
      vertex 15.6655 -67.9734 2.05001
      vertex 15.7643 -67.8643 3.7
      vertex 15.7643 -67.8643 2.05001
    endloop
  endfacet
  facet normal -0.74123 0.671251 0
    outer loop
      vertex 15.7643 -67.8643 3.7
      vertex 15.6655 -67.9734 2.05001
      vertex 15.6655 -67.9734 3.7
    endloop
  endfacet
  facet normal -0.904125 0.427269 0
    outer loop
      vertex 15.4392 -68.351 2.05001
      vertex 15.5021 -68.2179 3.7
      vertex 15.5021 -68.2179 2.05001
    endloop
  endfacet
  facet normal -0.904125 0.427269 0
    outer loop
      vertex 15.5021 -68.2179 3.7
      vertex 15.4392 -68.351 2.05001
      vertex 15.4392 -68.351 3.7
    endloop
  endfacet
  facet normal -0.989174 0.146746 0
    outer loop
      vertex 15.3322 -68.778 2.05001
      vertex 15.3538 -68.6324 3.7
      vertex 15.3538 -68.6324 2.05001
    endloop
  endfacet
  facet normal -0.989174 0.146746 0
    outer loop
      vertex 15.3538 -68.6324 3.7
      vertex 15.3322 -68.778 2.05001
      vertex 15.3322 -68.778 3.7
    endloop
  endfacet
  facet normal 0 0 1
    outer loop
      vertex 20.9928 -68.778 3.7
      vertex 20.9928 -69.072 3.7
      vertex 21 -68.925 3.7
    endloop
  endfacet
  facet normal 0 0 1
    outer loop
      vertex 20.9712 -68.6324 3.7
      vertex 20.9928 -69.072 3.7
      vertex 20.9928 -68.778 3.7
    endloop
  endfacet
  facet normal 0 0 1
    outer loop
      vertex 20.9712 -68.6324 3.7
      vertex 20.9712 -69.2176 3.7
      vertex 20.9928 -69.072 3.7
    endloop
  endfacet
  facet normal 0 0 1
    outer loop
      vertex 20.9354 -68.4896 3.7
      vertex 20.9712 -69.2176 3.7
      vertex 20.9712 -68.6324 3.7
    endloop
  endfacet
  facet normal 0 0 1
    outer loop
      vertex 20.9354 -68.4896 3.7
      vertex 20.9354 -69.3604 3.7
      vertex 20.9712 -69.2176 3.7
    endloop
  endfacet
  facet normal 0 0 1
    outer loop
      vertex 20.8858 -68.351 3.7
      vertex 20.9354 -69.3604 3.7
      vertex 20.9354 -68.4896 3.7
    endloop
  endfacet
  facet normal 0 0 1
    outer loop
      vertex 20.8858 -68.351 3.7
      vertex 20.8858 -69.499 3.7
      vertex 20.9354 -69.3604 3.7
    endloop
  endfacet
  facet normal 0 0 1
    outer loop
      vertex 20.8229 -68.2179 3.7
      vertex 20.8858 -69.499 3.7
      vertex 20.8858 -68.351 3.7
    endloop
  endfacet
  facet normal 0 0 1
    outer loop
      vertex 20.8229 -68.2179 3.7
      vertex 20.8229 -69.6321 3.7
      vertex 20.8858 -69.499 3.7
    endloop
  endfacet
  facet normal 0 0 1
    outer loop
      vertex 20.7472 -68.0916 3.7
      vertex 20.8229 -69.6321 3.7
      vertex 20.8229 -68.2179 3.7
    endloop
  endfacet
  facet normal 0 0 1
    outer loop
      vertex 20.7472 -68.0916 3.7
      vertex 20.7472 -69.7584 3.7
      vertex 20.8229 -69.6321 3.7
    endloop
  endfacet
  facet normal 0 0 1
    outer loop
      vertex 20.6595 -67.9734 3.7
      vertex 20.7472 -69.7584 3.7
      vertex 20.7472 -68.0916 3.7
    endloop
  endfacet
  facet normal 0 0 1
    outer loop
      vertex 20.6595 -67.9734 3.7
      vertex 20.6595 -69.8766 3.7
      vertex 20.7472 -69.7584 3.7
    endloop
  endfacet
  facet normal 0 0 1
    outer loop
      vertex 20.5607 -67.8643 3.7
      vertex 20.6595 -69.8766 3.7
      vertex 20.6595 -67.9734 3.7
    endloop
  endfacet
  facet normal 0 0 1
    outer loop
      vertex 20.5607 -67.8643 3.7
      vertex 20.5607 -69.9857 3.7
      vertex 20.6595 -69.8766 3.7
    endloop
  endfacet
  facet normal 0 0 1
    outer loop
      vertex 20.4516 -67.7655 3.7
      vertex 20.5607 -69.9857 3.7
      vertex 20.5607 -67.8643 3.7
    endloop
  endfacet
  facet normal 0 0 1
    outer loop
      vertex 20.4516 -67.7655 3.7
      vertex 20.4516 -70.0845 3.7
      vertex 20.5607 -69.9857 3.7
    endloop
  endfacet
  facet normal 0 0 1
    outer loop
      vertex 20.3334 -67.6778 3.7
      vertex 20.4516 -70.0845 3.7
      vertex 20.4516 -67.7655 3.7
    endloop
  endfacet
  facet normal 0 0 1
    outer loop
      vertex 20.3334 -67.6778 3.7
      vertex 20.3334 -70.1722 3.7
      vertex 20.4516 -70.0845 3.7
    endloop
  endfacet
  facet normal 0 0 1
    outer loop
      vertex 20.2071 -67.6021 3.7
      vertex 20.3334 -70.1722 3.7
      vertex 20.3334 -67.6778 3.7
    endloop
  endfacet
  facet normal 0 0 1
    outer loop
      vertex 20.2071 -67.6021 3.7
      vertex 20.2071 -70.2479 3.7
      vertex 20.3334 -70.1722 3.7
    endloop
  endfacet
  facet normal 0 0 1
    outer loop
      vertex 20.074 -67.5392 3.7
      vertex 20.2071 -70.2479 3.7
      vertex 20.2071 -67.6021 3.7
    endloop
  endfacet
  facet normal 0 0 1
    outer loop
      vertex 20.074 -67.5392 3.7
      vertex 20.074 -70.3108 3.7
      vertex 20.2071 -70.2479 3.7
    endloop
  endfacet
  facet normal 0 0 1
    outer loop
      vertex 19.9354 -67.4896 3.7
      vertex 20.074 -70.3108 3.7
      vertex 20.074 -67.5392 3.7
    endloop
  endfacet
  facet normal 0 0 1
    outer loop
      vertex 19.9354 -67.4896 3.7
      vertex 19.9354 -70.3604 3.7
      vertex 20.074 -70.3108 3.7
    endloop
  endfacet
  facet normal 0 0 1
    outer loop
      vertex 19.7926 -67.4538 3.7
      vertex 19.9354 -70.3604 3.7
      vertex 19.9354 -67.4896 3.7
    endloop
  endfacet
  facet normal 0 0 1
    outer loop
      vertex 19.7926 -67.4538 3.7
      vertex 19.7926 -70.3962 3.7
      vertex 19.9354 -70.3604 3.7
    endloop
  endfacet
  facet normal 0 0 1
    outer loop
      vertex 19.647 -67.4322 3.7
      vertex 19.7926 -70.3962 3.7
      vertex 19.7926 -67.4538 3.7
    endloop
  endfacet
  facet normal 0 0 1
    outer loop
      vertex 19.647 -67.4322 3.7
      vertex 19.647 -70.4178 3.7
      vertex 19.7926 -70.3962 3.7
    endloop
  endfacet
  facet normal 0 0 1
    outer loop
      vertex 19.5 -67.425 3.7
      vertex 19.647 -70.4178 3.7
      vertex 19.647 -67.4322 3.7
    endloop
  endfacet
  facet normal 0 0 1
    outer loop
      vertex 19.5 -67.425 3.7
      vertex 19.5 -70.425 3.7
      vertex 19.647 -70.4178 3.7
    endloop
  endfacet
  facet normal -0 0 1
    outer loop
      vertex 16.825 -67.425 3.7
      vertex 19.5 -70.425 3.7
      vertex 19.5 -67.425 3.7
    endloop
  endfacet
  facet normal 0 0 1
    outer loop
      vertex 16.825 -67.425 3.7
      vertex 16.825 -70.425 3.7
      vertex 19.5 -70.425 3.7
    endloop
  endfacet
  facet normal -0 0 1
    outer loop
      vertex 16.678 -67.4322 3.7
      vertex 16.825 -70.425 3.7
      vertex 16.825 -67.425 3.7
    endloop
  endfacet
  facet normal 0 0 1
    outer loop
      vertex 16.678 -67.4322 3.7
      vertex 16.678 -70.4178 3.7
      vertex 16.825 -70.425 3.7
    endloop
  endfacet
  facet normal -0 0 1
    outer loop
      vertex 16.5324 -67.4538 3.7
      vertex 16.678 -70.4178 3.7
      vertex 16.678 -67.4322 3.7
    endloop
  endfacet
  facet normal 0 0 1
    outer loop
      vertex 16.5324 -67.4538 3.7
      vertex 16.5324 -70.3962 3.7
      vertex 16.678 -70.4178 3.7
    endloop
  endfacet
  facet normal -0 0 1
    outer loop
      vertex 16.3896 -67.4896 3.7
      vertex 16.5324 -70.3962 3.7
      vertex 16.5324 -67.4538 3.7
    endloop
  endfacet
  facet normal 0 0 1
    outer loop
      vertex 16.3896 -67.4896 3.7
      vertex 16.3896 -70.3604 3.7
      vertex 16.5324 -70.3962 3.7
    endloop
  endfacet
  facet normal -0 0 1
    outer loop
      vertex 16.251 -67.5392 3.7
      vertex 16.3896 -70.3604 3.7
      vertex 16.3896 -67.4896 3.7
    endloop
  endfacet
  facet normal 0 0 1
    outer loop
      vertex 16.251 -67.5392 3.7
      vertex 16.251 -70.3108 3.7
      vertex 16.3896 -70.3604 3.7
    endloop
  endfacet
  facet normal -0 0 1
    outer loop
      vertex 16.1179 -67.6021 3.7
      vertex 16.251 -70.3108 3.7
      vertex 16.251 -67.5392 3.7
    endloop
  endfacet
  facet normal 0 0 1
    outer loop
      vertex 16.1179 -67.6021 3.7
      vertex 16.1179 -70.2479 3.7
      vertex 16.251 -70.3108 3.7
    endloop
  endfacet
  facet normal -0 0 1
    outer loop
      vertex 15.9916 -67.6778 3.7
      vertex 16.1179 -70.2479 3.7
      vertex 16.1179 -67.6021 3.7
    endloop
  endfacet
  facet normal 0 0 1
    outer loop
      vertex 15.9916 -67.6778 3.7
      vertex 15.9916 -70.1722 3.7
      vertex 16.1179 -70.2479 3.7
    endloop
  endfacet
  facet normal -0 0 1
    outer loop
      vertex 15.8734 -67.7655 3.7
      vertex 15.9916 -70.1722 3.7
      vertex 15.9916 -67.6778 3.7
    endloop
  endfacet
  facet normal 0 0 1
    outer loop
      vertex 15.8734 -67.7655 3.7
      vertex 15.8734 -70.0845 3.7
      vertex 15.9916 -70.1722 3.7
    endloop
  endfacet
  facet normal -0 0 1
    outer loop
      vertex 15.7643 -67.8643 3.7
      vertex 15.8734 -70.0845 3.7
      vertex 15.8734 -67.7655 3.7
    endloop
  endfacet
  facet normal 0 0 1
    outer loop
      vertex 15.7643 -67.8643 3.7
      vertex 15.7643 -69.9857 3.7
      vertex 15.8734 -70.0845 3.7
    endloop
  endfacet
  facet normal -0 0 1
    outer loop
      vertex 15.6655 -67.9734 3.7
      vertex 15.7643 -69.9857 3.7
      vertex 15.7643 -67.8643 3.7
    endloop
  endfacet
  facet normal 0 0 1
    outer loop
      vertex 15.6655 -67.9734 3.7
      vertex 15.6655 -69.8766 3.7
      vertex 15.7643 -69.9857 3.7
    endloop
  endfacet
  facet normal -0 0 1
    outer loop
      vertex 15.5778 -68.0916 3.7
      vertex 15.6655 -69.8766 3.7
      vertex 15.6655 -67.9734 3.7
    endloop
  endfacet
  facet normal 0 0 1
    outer loop
      vertex 15.5778 -68.0916 3.7
      vertex 15.5778 -69.7584 3.7
      vertex 15.6655 -69.8766 3.7
    endloop
  endfacet
  facet normal -0 0 1
    outer loop
      vertex 15.5021 -68.2179 3.7
      vertex 15.5778 -69.7584 3.7
      vertex 15.5778 -68.0916 3.7
    endloop
  endfacet
  facet normal 0 0 1
    outer loop
      vertex 15.5021 -68.2179 3.7
      vertex 15.5021 -69.6321 3.7
      vertex 15.5778 -69.7584 3.7
    endloop
  endfacet
  facet normal -0 0 1
    outer loop
      vertex 15.4392 -68.351 3.7
      vertex 15.5021 -69.6321 3.7
      vertex 15.5021 -68.2179 3.7
    endloop
  endfacet
  facet normal 0 0 1
    outer loop
      vertex 15.4392 -68.351 3.7
      vertex 15.4392 -69.499 3.7
      vertex 15.5021 -69.6321 3.7
    endloop
  endfacet
  facet normal -0 0 1
    outer loop
      vertex 15.3896 -68.4896 3.7
      vertex 15.4392 -69.499 3.7
      vertex 15.4392 -68.351 3.7
    endloop
  endfacet
  facet normal 0 0 1
    outer loop
      vertex 15.3896 -68.4896 3.7
      vertex 15.3896 -69.3604 3.7
      vertex 15.4392 -69.499 3.7
    endloop
  endfacet
  facet normal -0 0 1
    outer loop
      vertex 15.3538 -68.6324 3.7
      vertex 15.3896 -69.3604 3.7
      vertex 15.3896 -68.4896 3.7
    endloop
  endfacet
  facet normal 0 0 1
    outer loop
      vertex 15.3538 -68.6324 3.7
      vertex 15.3538 -69.2176 3.7
      vertex 15.3896 -69.3604 3.7
    endloop
  endfacet
  facet normal -0 0 1
    outer loop
      vertex 15.3322 -68.778 3.7
      vertex 15.3538 -69.2176 3.7
      vertex 15.3538 -68.6324 3.7
    endloop
  endfacet
  facet normal 0 0 1
    outer loop
      vertex 15.3322 -68.778 3.7
      vertex 15.3322 -69.072 3.7
      vertex 15.3538 -69.2176 3.7
    endloop
  endfacet
  facet normal 0 -0 1
    outer loop
      vertex 15.3322 -69.072 3.7
      vertex 15.3322 -68.778 3.7
      vertex 15.325 -68.925 3.7
    endloop
  endfacet
  facet normal 0.146746 -0.989174 0
    outer loop
      vertex 19.647 -70.4178 2.05001
      vertex 19.7926 -70.3962 3.7
      vertex 19.647 -70.4178 3.7
    endloop
  endfacet
  facet normal 0.146746 -0.989174 0
    outer loop
      vertex 19.7926 -70.3962 3.7
      vertex 19.647 -70.4178 2.05001
      vertex 19.7926 -70.3962 2.05001
    endloop
  endfacet
  facet normal 0.243175 -0.969982 0
    outer loop
      vertex 19.7926 -70.3962 2.05001
      vertex 19.9354 -70.3604 3.7
      vertex 19.7926 -70.3962 3.7
    endloop
  endfacet
  facet normal 0.243175 -0.969982 0
    outer loop
      vertex 19.9354 -70.3604 3.7
      vertex 19.7926 -70.3962 2.05001
      vertex 19.9354 -70.3604 2.05001
    endloop
  endfacet
  facet normal 0.514096 -0.857733 0
    outer loop
      vertex 20.2071 -70.2479 2.05001
      vertex 20.3334 -70.1722 3.7
      vertex 20.2071 -70.2479 3.7
    endloop
  endfacet
  facet normal 0.514096 -0.857733 0
    outer loop
      vertex 20.3334 -70.1722 3.7
      vertex 20.2071 -70.2479 2.05001
      vertex 20.3334 -70.1722 2.05001
    endloop
  endfacet
  facet normal 0.671251 -0.74123 0
    outer loop
      vertex 20.4516 -70.0845 2.05001
      vertex 20.5607 -69.9857 3.7
      vertex 20.4516 -70.0845 3.7
    endloop
  endfacet
  facet normal 0.671251 -0.74123 0
    outer loop
      vertex 20.5607 -69.9857 3.7
      vertex 20.4516 -70.0845 2.05001
      vertex 20.5607 -69.9857 2.05001
    endloop
  endfacet
  facet normal 0.595861 -0.803088 0
    outer loop
      vertex 20.3334 -70.1722 2.05001
      vertex 20.4516 -70.0845 3.7
      vertex 20.3334 -70.1722 3.7
    endloop
  endfacet
  facet normal 0.595861 -0.803088 0
    outer loop
      vertex 20.4516 -70.0845 3.7
      vertex 20.3334 -70.1722 2.05001
      vertex 20.4516 -70.0845 2.05001
    endloop
  endfacet
  facet normal 0.857733 -0.514096 0
    outer loop
      vertex 20.7472 -69.7584 3.7
      vertex 20.8229 -69.6321 2.05001
      vertex 20.8229 -69.6321 3.7
    endloop
  endfacet
  facet normal 0.857733 -0.514096 0
    outer loop
      vertex 20.8229 -69.6321 2.05001
      vertex 20.7472 -69.7584 3.7
      vertex 20.7472 -69.7584 2.05001
    endloop
  endfacet
  facet normal 0.803088 -0.595861 0
    outer loop
      vertex 20.6595 -69.8766 3.7
      vertex 20.7472 -69.7584 2.05001
      vertex 20.7472 -69.7584 3.7
    endloop
  endfacet
  facet normal 0.803088 -0.595861 0
    outer loop
      vertex 20.7472 -69.7584 2.05001
      vertex 20.6595 -69.8766 3.7
      vertex 20.6595 -69.8766 2.05001
    endloop
  endfacet
  facet normal 0.904125 -0.427269 0
    outer loop
      vertex 20.8229 -69.6321 3.7
      vertex 20.8858 -69.499 2.05001
      vertex 20.8858 -69.499 3.7
    endloop
  endfacet
  facet normal 0.904125 -0.427269 0
    outer loop
      vertex 20.8858 -69.499 2.05001
      vertex 20.8229 -69.6321 3.7
      vertex 20.8229 -69.6321 2.05001
    endloop
  endfacet
  facet normal 0.998803 -0.0489209 0
    outer loop
      vertex 20.9928 -69.072 3.7
      vertex 21 -68.925 2.05001
      vertex 21 -68.925 3.7
    endloop
  endfacet
  facet normal 0.998803 -0.0489209 0
    outer loop
      vertex 21 -68.925 2.05001
      vertex 20.9928 -69.072 3.7
      vertex 20.9928 -69.072 2.05001
    endloop
  endfacet
  facet normal -0.146746 -0.989174 0
    outer loop
      vertex 16.5324 -70.3962 2.6
      vertex 16.678 -70.4178 3.7
      vertex 16.5324 -70.3962 3.7
    endloop
  endfacet
  facet normal -0.146746 -0.989174 -0
    outer loop
      vertex 16.678 -70.4178 3.7
      vertex 16.5324 -70.3962 2.6
      vertex 16.678 -70.4178 2.6
    endloop
  endfacet
  facet normal -0.741934 -0.670473 0
    outer loop
      vertex 15.7324 -69.9504 2.05001
      vertex 15.7643 -69.9857 2.05001
      vertex 15.7324 -69.9504 2.6
    endloop
  endfacet
  facet normal -0.740893 -0.671623 0
    outer loop
      vertex 15.7324 -69.9504 2.6
      vertex 15.6655 -69.8766 3.7
      vertex 15.6655 -69.8766 2.6
    endloop
  endfacet
  facet normal -0.74123 -0.671251 -4.53965e-05
    outer loop
      vertex 15.7324 -69.9504 2.6
      vertex 15.7643 -69.9857 3.7
      vertex 15.6655 -69.8766 3.7
    endloop
  endfacet
  facet normal -0.741934 -0.670473 -0
    outer loop
      vertex 15.7643 -69.9857 3.7
      vertex 15.7324 -69.9504 2.6
      vertex 15.7643 -69.9857 2.05001
    endloop
  endfacet
  facet normal -0.969875 -0.243605 0
    outer loop
      vertex 15.3628 -69.2537 2.05001
      vertex 15.3896 -69.3604 2.05001
      vertex 15.3628 -69.2537 2.6
    endloop
  endfacet
  facet normal -0.9703 -0.241903 0
    outer loop
      vertex 15.3628 -69.2537 2.6
      vertex 15.3538 -69.2176 3.7
      vertex 15.3538 -69.2176 2.6
    endloop
  endfacet
  facet normal -0.969875 -0.243605 -0
    outer loop
      vertex 15.3896 -69.3604 3.7
      vertex 15.3628 -69.2537 2.6
      vertex 15.3896 -69.3604 2.05001
    endloop
  endfacet
  facet normal -0.969982 -0.243175 4.43371e-05
    outer loop
      vertex 15.3628 -69.2537 2.6
      vertex 15.3896 -69.3604 3.7
      vertex 15.3538 -69.2176 3.7
    endloop
  endfacet
  facet normal 0.969982 0.243175 0
    outer loop
      vertex 20.9712 -68.6324 3.7
      vertex 20.9354 -68.4896 2.05001
      vertex 20.9354 -68.4896 3.7
    endloop
  endfacet
  facet normal 0.969982 0.243175 0
    outer loop
      vertex 20.9354 -68.4896 2.05001
      vertex 20.9712 -68.6324 3.7
      vertex 20.9712 -68.6324 2.05001
    endloop
  endfacet
  facet normal 0.989174 0.146746 0
    outer loop
      vertex 20.9928 -68.778 3.7
      vertex 20.9712 -68.6324 2.05001
      vertex 20.9712 -68.6324 3.7
    endloop
  endfacet
  facet normal 0.989174 0.146746 0
    outer loop
      vertex 20.9712 -68.6324 2.05001
      vertex 20.9928 -68.778 3.7
      vertex 20.9928 -68.778 2.05001
    endloop
  endfacet
  facet normal 0.803088 0.595861 0
    outer loop
      vertex 20.7472 -68.0916 3.7
      vertex 20.6595 -67.9734 2.05001
      vertex 20.6595 -67.9734 3.7
    endloop
  endfacet
  facet normal 0.803088 0.595861 0
    outer loop
      vertex 20.6595 -67.9734 2.05001
      vertex 20.7472 -68.0916 3.7
      vertex 20.7472 -68.0916 2.05001
    endloop
  endfacet
  facet normal 0.857733 0.514096 0
    outer loop
      vertex 20.8229 -68.2179 3.7
      vertex 20.7472 -68.0916 2.05001
      vertex 20.7472 -68.0916 3.7
    endloop
  endfacet
  facet normal 0.857733 0.514096 0
    outer loop
      vertex 20.7472 -68.0916 2.05001
      vertex 20.8229 -68.2179 3.7
      vertex 20.8229 -68.2179 2.05001
    endloop
  endfacet
  facet normal 0.514096 0.857733 -0
    outer loop
      vertex 20.3334 -67.6778 2.05001
      vertex 20.2071 -67.6021 3.7
      vertex 20.3334 -67.6778 3.7
    endloop
  endfacet
  facet normal 0.514096 0.857733 0
    outer loop
      vertex 20.2071 -67.6021 3.7
      vertex 20.3334 -67.6778 2.05001
      vertex 20.2071 -67.6021 2.05001
    endloop
  endfacet
  facet normal 0.74123 0.671251 0
    outer loop
      vertex 20.6595 -67.9734 3.7
      vertex 20.5607 -67.8643 2.05001
      vertex 20.5607 -67.8643 3.7
    endloop
  endfacet
  facet normal 0.74123 0.671251 0
    outer loop
      vertex 20.5607 -67.8643 2.05001
      vertex 20.6595 -67.9734 3.7
      vertex 20.6595 -67.9734 2.05001
    endloop
  endfacet
  facet normal -0.595861 0.803088 0
    outer loop
      vertex 15.9916 -67.6778 2.05001
      vertex 15.8734 -67.7655 3.7
      vertex 15.9916 -67.6778 3.7
    endloop
  endfacet
  facet normal -0.595861 0.803088 0
    outer loop
      vertex 15.8734 -67.7655 3.7
      vertex 15.9916 -67.6778 2.05001
      vertex 15.8734 -67.7655 2.05001
    endloop
  endfacet
  facet normal -0.941527 0.336939 0
    outer loop
      vertex 15.3896 -68.4896 2.05001
      vertex 15.4392 -68.351 3.7
      vertex 15.4392 -68.351 2.05001
    endloop
  endfacet
  facet normal -0.941527 0.336939 0
    outer loop
      vertex 15.4392 -68.351 3.7
      vertex 15.3896 -68.4896 2.05001
      vertex 15.3896 -68.4896 3.7
    endloop
  endfacet
  facet normal 0.427269 -0.904125 0
    outer loop
      vertex 20.074 -70.3108 2.05001
      vertex 20.2071 -70.2479 3.7
      vertex 20.074 -70.3108 3.7
    endloop
  endfacet
  facet normal 0.427269 -0.904125 0
    outer loop
      vertex 20.2071 -70.2479 3.7
      vertex 20.074 -70.3108 2.05001
      vertex 20.2071 -70.2479 2.05001
    endloop
  endfacet
  facet normal 0.941527 -0.336939 0
    outer loop
      vertex 20.8858 -69.499 3.7
      vertex 20.9354 -69.3604 2.05001
      vertex 20.9354 -69.3604 3.7
    endloop
  endfacet
  facet normal 0.941527 -0.336939 0
    outer loop
      vertex 20.9354 -69.3604 2.05001
      vertex 20.8858 -69.499 3.7
      vertex 20.8858 -69.499 2.05001
    endloop
  endfacet
  facet normal 0.989174 -0.146746 0
    outer loop
      vertex 20.9712 -69.2176 3.7
      vertex 20.9928 -69.072 2.05001
      vertex 20.9928 -69.072 3.7
    endloop
  endfacet
  facet normal 0.989174 -0.146746 0
    outer loop
      vertex 20.9928 -69.072 2.05001
      vertex 20.9712 -69.2176 3.7
      vertex 20.9712 -69.2176 2.05001
    endloop
  endfacet
  facet normal -0.0489209 -0.998803 0
    outer loop
      vertex 16.678 -70.4178 2.6
      vertex 16.825 -70.425 3.7
      vertex 16.678 -70.4178 3.7
    endloop
  endfacet
  facet normal -0.0489209 -0.998803 -0
    outer loop
      vertex 16.825 -70.425 3.7
      vertex 16.678 -70.4178 2.6
      vertex 16.825 -70.425 2.6
    endloop
  endfacet
  facet normal -0.514096 -0.857733 0
    outer loop
      vertex 15.9916 -70.1722 2.6
      vertex 16.1179 -70.2479 3.7
      vertex 15.9916 -70.1722 3.7
    endloop
  endfacet
  facet normal -0.514096 -0.857733 -0
    outer loop
      vertex 16.1179 -70.2479 3.7
      vertex 15.9916 -70.1722 2.6
      vertex 16.1179 -70.2479 2.6
    endloop
  endfacet
  facet normal -0.595861 -0.803088 2.97714e-05
    outer loop
      vertex 15.8734 -70.0845 3.7
      vertex 15.9158 -70.116 2.6
      vertex 15.9916 -70.1722 3.7
    endloop
  endfacet
  facet normal -0.596359 -0.802718 0
    outer loop
      vertex 15.8734 -70.0845 2.05001
      vertex 15.9158 -70.116 2.6
      vertex 15.8734 -70.0845 3.7
    endloop
  endfacet
  facet normal -0.596359 -0.802718 -0
    outer loop
      vertex 15.9158 -70.116 2.6
      vertex 15.8734 -70.0845 2.05001
      vertex 15.9158 -70.116 2.05001
    endloop
  endfacet
  facet normal -0.595582 -0.803294 -0
    outer loop
      vertex 15.9916 -70.1722 3.7
      vertex 15.9158 -70.116 2.6
      vertex 15.9916 -70.1722 2.6
    endloop
  endfacet
  facet normal -0.803088 -0.595861 0
    outer loop
      vertex 15.6655 -69.8766 2.6
      vertex 15.5778 -69.7584 3.7
      vertex 15.5778 -69.7584 2.6
    endloop
  endfacet
  facet normal -0.803088 -0.595861 0
    outer loop
      vertex 15.5778 -69.7584 3.7
      vertex 15.6655 -69.8766 2.6
      vertex 15.6655 -69.8766 3.7
    endloop
  endfacet
  facet normal -0.942287 -0.334805 -0
    outer loop
      vertex 15.3993 -69.3877 2.6
      vertex 15.3896 -69.3604 2.05001
      vertex 15.3993 -69.3877 2.05001
    endloop
  endfacet
  facet normal -0.942287 -0.334805 0
    outer loop
      vertex 15.3896 -69.3604 2.05001
      vertex 15.3993 -69.3877 2.6
      vertex 15.3896 -69.3604 3.7
    endloop
  endfacet
  facet normal -0.941339 -0.337461 -0
    outer loop
      vertex 15.4392 -69.499 3.7
      vertex 15.3993 -69.3877 2.6
      vertex 15.4392 -69.499 2.6
    endloop
  endfacet
  facet normal -0.941527 -0.336939 5.9656e-05
    outer loop
      vertex 15.3993 -69.3877 2.6
      vertex 15.4392 -69.499 3.7
      vertex 15.3896 -69.3604 3.7
    endloop
  endfacet
  facet normal -0.427445 -0.904041 0
    outer loop
      vertex 16.2209 -70.2966 2.6
      vertex 16.1179 -70.2479 3.7
      vertex 16.1179 -70.2479 2.6
    endloop
  endfacet
  facet normal -0.427269 -0.904125 2.01932e-05
    outer loop
      vertex 16.1179 -70.2479 3.7
      vertex 16.2209 -70.2966 2.6
      vertex 16.251 -70.3108 3.7
    endloop
  endfacet
  facet normal -0.426665 -0.90441 0
    outer loop
      vertex 16.251 -70.3108 2.05001
      vertex 16.2209 -70.2966 2.6
      vertex 16.2209 -70.2966 2.05001
    endloop
  endfacet
  facet normal -0.426665 -0.90441 0
    outer loop
      vertex 16.2209 -70.2966 2.6
      vertex 16.251 -70.3108 2.05001
      vertex 16.251 -70.3108 3.7
    endloop
  endfacet
  facet normal -0.671251 -0.74123 0
    outer loop
      vertex 15.7643 -69.9857 2.05001
      vertex 15.8734 -70.0845 3.7
      vertex 15.7643 -69.9857 3.7
    endloop
  endfacet
  facet normal -0.671251 -0.74123 -0
    outer loop
      vertex 15.8734 -70.0845 3.7
      vertex 15.7643 -69.9857 2.05001
      vertex 15.8734 -70.0845 2.05001
    endloop
  endfacet
  facet normal -0.903953 -0.427633 0
    outer loop
      vertex 15.4494 -69.5207 2.05001
      vertex 15.5021 -69.6321 2.05001
      vertex 15.4494 -69.5207 2.6
    endloop
  endfacet
  facet normal -0.905008 -0.425395 0
    outer loop
      vertex 15.4494 -69.5207 2.6
      vertex 15.4392 -69.499 3.7
      vertex 15.4392 -69.499 2.6
    endloop
  endfacet
  facet normal -0.903953 -0.427633 -0
    outer loop
      vertex 15.5021 -69.6321 3.7
      vertex 15.4494 -69.5207 2.6
      vertex 15.5021 -69.6321 2.05001
    endloop
  endfacet
  facet normal -0.904125 -0.427269 4.51414e-05
    outer loop
      vertex 15.4494 -69.5207 2.6
      vertex 15.5021 -69.6321 3.7
      vertex 15.4392 -69.499 3.7
    endloop
  endfacet
  facet normal -0.989174 -0.146746 0
    outer loop
      vertex 15.3538 -62.5676 2.05001
      vertex 15.3322 -62.422 3.7
      vertex 15.3322 -62.422 2.05001
    endloop
  endfacet
  facet normal -0.989174 -0.146746 0
    outer loop
      vertex 15.3322 -62.422 3.7
      vertex 15.3538 -62.5676 2.05001
      vertex 15.3538 -62.5676 3.7
    endloop
  endfacet
  facet normal -0.998803 0.0489209 0
    outer loop
      vertex 15.325 -62.275 2.05001
      vertex 15.3322 -62.128 3.7
      vertex 15.3322 -62.128 2.05001
    endloop
  endfacet
  facet normal -0.998803 0.0489209 0
    outer loop
      vertex 15.3322 -62.128 3.7
      vertex 15.325 -62.275 2.05001
      vertex 15.325 -62.275 3.7
    endloop
  endfacet
  facet normal 0.998803 0.0489209 0
    outer loop
      vertex 21 -62.275 3.7
      vertex 20.9928 -62.128 2.05001
      vertex 20.9928 -62.128 3.7
    endloop
  endfacet
  facet normal 0.998803 0.0489209 0
    outer loop
      vertex 20.9928 -62.128 2.05001
      vertex 21 -62.275 3.7
      vertex 21 -62.275 2.05001
    endloop
  endfacet
  facet normal -0.998803 -0.0489209 0
    outer loop
      vertex 15.3322 -62.422 2.05001
      vertex 15.325 -62.275 3.7
      vertex 15.325 -62.275 2.05001
    endloop
  endfacet
  facet normal -0.998803 -0.0489209 0
    outer loop
      vertex 15.325 -62.275 3.7
      vertex 15.3322 -62.422 2.05001
      vertex 15.3322 -62.422 3.7
    endloop
  endfacet
  facet normal 0 1 0
    outer loop
      vertex 19.5 -60.775 3.7
      vertex 19.25 -60.775 2.6
      vertex 16.825 -60.775 3.7
    endloop
  endfacet
  facet normal 0 1 -0
    outer loop
      vertex 19.5 -60.775 2.05001
      vertex 19.25 -60.775 2.6
      vertex 19.5 -60.775 3.7
    endloop
  endfacet
  facet normal 0 1 0
    outer loop
      vertex 19.25 -60.775 2.6
      vertex 19.5 -60.775 2.05001
      vertex 19.25 -60.775 2.05001
    endloop
  endfacet
  facet normal 0 1 0
    outer loop
      vertex 16.825 -60.775 3.7
      vertex 19.25 -60.775 2.6
      vertex 16.825 -60.775 2.6
    endloop
  endfacet
  facet normal -0.671251 0.74123 0
    outer loop
      vertex 15.8734 -61.1155 2.05001
      vertex 15.7643 -61.2143 3.7
      vertex 15.8734 -61.1155 3.7
    endloop
  endfacet
  facet normal -0.671251 0.74123 0
    outer loop
      vertex 15.7643 -61.2143 3.7
      vertex 15.8734 -61.1155 2.05001
      vertex 15.7643 -61.2143 2.05001
    endloop
  endfacet
  facet normal 0.336939 0.941527 -0
    outer loop
      vertex 20.074 -60.8892 2.05001
      vertex 19.9354 -60.8396 3.7
      vertex 20.074 -60.8892 3.7
    endloop
  endfacet
  facet normal 0.336939 0.941527 0
    outer loop
      vertex 19.9354 -60.8396 3.7
      vertex 20.074 -60.8892 2.05001
      vertex 19.9354 -60.8396 2.05001
    endloop
  endfacet
  facet normal 0.0489209 -0.998803 0
    outer loop
      vertex 19.5 -63.775 2.05001
      vertex 19.647 -63.7678 3.7
      vertex 19.5 -63.775 3.7
    endloop
  endfacet
  facet normal 0.0489209 -0.998803 0
    outer loop
      vertex 19.647 -63.7678 3.7
      vertex 19.5 -63.775 2.05001
      vertex 19.647 -63.7678 2.05001
    endloop
  endfacet
  facet normal -0.857733 -0.514096 0
    outer loop
      vertex 15.5778 -63.1084 2.05001
      vertex 15.5021 -62.9821 3.7
      vertex 15.5021 -62.9821 2.05001
    endloop
  endfacet
  facet normal -0.857733 -0.514096 0
    outer loop
      vertex 15.5021 -62.9821 3.7
      vertex 15.5778 -63.1084 2.05001
      vertex 15.5778 -63.1084 3.7
    endloop
  endfacet
  facet normal -0.857737 0.514089 0
    outer loop
      vertex 15.5579 -61.4748 2.05001
      vertex 15.5021 -61.5679 2.05001
      vertex 15.5579 -61.4748 2.6
    endloop
  endfacet
  facet normal -0.857721 0.514116 0
    outer loop
      vertex 15.5579 -61.4748 2.6
      vertex 15.5778 -61.4416 3.7
      vertex 15.5778 -61.4416 2.6
    endloop
  endfacet
  facet normal -0.857737 0.514089 0
    outer loop
      vertex 15.5021 -61.5679 3.7
      vertex 15.5579 -61.4748 2.6
      vertex 15.5021 -61.5679 2.05001
    endloop
  endfacet
  facet normal -0.857733 0.514096 8.026e-07
    outer loop
      vertex 15.5579 -61.4748 2.6
      vertex 15.5021 -61.5679 3.7
      vertex 15.5778 -61.4416 3.7
    endloop
  endfacet
  facet normal 0.904125 0.427269 0
    outer loop
      vertex 20.8858 -61.701 3.7
      vertex 20.8229 -61.5679 2.05001
      vertex 20.8229 -61.5679 3.7
    endloop
  endfacet
  facet normal 0.904125 0.427269 0
    outer loop
      vertex 20.8229 -61.5679 2.05001
      vertex 20.8858 -61.701 3.7
      vertex 20.8858 -61.701 2.05001
    endloop
  endfacet
  facet normal 0.0489209 0.998803 -0
    outer loop
      vertex 19.647 -60.7822 2.05001
      vertex 19.5 -60.775 3.7
      vertex 19.647 -60.7822 3.7
    endloop
  endfacet
  facet normal 0.0489209 0.998803 0
    outer loop
      vertex 19.5 -60.775 3.7
      vertex 19.647 -60.7822 2.05001
      vertex 19.5 -60.775 2.05001
    endloop
  endfacet
  facet normal 0.243175 0.969982 -0
    outer loop
      vertex 19.9354 -60.8396 2.05001
      vertex 19.7926 -60.8038 3.7
      vertex 19.9354 -60.8396 3.7
    endloop
  endfacet
  facet normal 0.243175 0.969982 0
    outer loop
      vertex 19.7926 -60.8038 3.7
      vertex 19.9354 -60.8396 2.05001
      vertex 19.7926 -60.8038 2.05001
    endloop
  endfacet
  facet normal -0.243175 0.969982 0
    outer loop
      vertex 16.5324 -60.8038 2.6
      vertex 16.3896 -60.8396 3.7
      vertex 16.5324 -60.8038 3.7
    endloop
  endfacet
  facet normal -0.243175 0.969982 0
    outer loop
      vertex 16.3896 -60.8396 3.7
      vertex 16.5324 -60.8038 2.6
      vertex 16.3896 -60.8396 2.6
    endloop
  endfacet
  facet normal -0.803088 0.595861 0
    outer loop
      vertex 15.5778 -61.4416 2.6
      vertex 15.6655 -61.3234 3.7
      vertex 15.6655 -61.3234 2.6
    endloop
  endfacet
  facet normal -0.803088 0.595861 0
    outer loop
      vertex 15.6655 -61.3234 3.7
      vertex 15.5778 -61.4416 2.6
      vertex 15.5778 -61.4416 3.7
    endloop
  endfacet
  facet normal 0.336939 -0.941527 0
    outer loop
      vertex 19.9354 -63.7104 2.05001
      vertex 20.074 -63.6608 3.7
      vertex 19.9354 -63.7104 3.7
    endloop
  endfacet
  facet normal 0.336939 -0.941527 0
    outer loop
      vertex 20.074 -63.6608 3.7
      vertex 19.9354 -63.7104 2.05001
      vertex 20.074 -63.6608 2.05001
    endloop
  endfacet
  facet normal 0.74123 -0.671251 0
    outer loop
      vertex 20.5607 -63.3357 3.7
      vertex 20.6595 -63.2266 2.05001
      vertex 20.6595 -63.2266 3.7
    endloop
  endfacet
  facet normal 0.74123 -0.671251 0
    outer loop
      vertex 20.6595 -63.2266 2.05001
      vertex 20.5607 -63.3357 3.7
      vertex 20.5607 -63.3357 2.05001
    endloop
  endfacet
  facet normal 0.969982 -0.243175 0
    outer loop
      vertex 20.9354 -62.7104 3.7
      vertex 20.9712 -62.5676 2.05001
      vertex 20.9712 -62.5676 3.7
    endloop
  endfacet
  facet normal 0.969982 -0.243175 0
    outer loop
      vertex 20.9712 -62.5676 2.05001
      vertex 20.9354 -62.7104 3.7
      vertex 20.9354 -62.7104 2.05001
    endloop
  endfacet
  facet normal -0.0489209 -0.998803 0
    outer loop
      vertex 16.678 -63.7678 2.05001
      vertex 16.825 -63.775 3.7
      vertex 16.678 -63.7678 3.7
    endloop
  endfacet
  facet normal -0.0489209 -0.998803 -0
    outer loop
      vertex 16.825 -63.775 3.7
      vertex 16.678 -63.7678 2.05001
      vertex 16.825 -63.775 2.05001
    endloop
  endfacet
  facet normal 0 -1 0
    outer loop
      vertex 16.825 -63.775 2.05001
      vertex 19.5 -63.775 3.7
      vertex 16.825 -63.775 3.7
    endloop
  endfacet
  facet normal 0 -1 -0
    outer loop
      vertex 19.5 -63.775 3.7
      vertex 16.825 -63.775 2.05001
      vertex 19.5 -63.775 2.05001
    endloop
  endfacet
  facet normal -0.427269 -0.904125 0
    outer loop
      vertex 16.1179 -63.5979 2.05001
      vertex 16.251 -63.6608 3.7
      vertex 16.1179 -63.5979 3.7
    endloop
  endfacet
  facet normal -0.427269 -0.904125 -0
    outer loop
      vertex 16.251 -63.6608 3.7
      vertex 16.1179 -63.5979 2.05001
      vertex 16.251 -63.6608 2.05001
    endloop
  endfacet
  facet normal -0.514096 -0.857733 0
    outer loop
      vertex 15.9916 -63.5222 2.05001
      vertex 16.1179 -63.5979 3.7
      vertex 15.9916 -63.5222 3.7
    endloop
  endfacet
  facet normal -0.514096 -0.857733 -0
    outer loop
      vertex 16.1179 -63.5979 3.7
      vertex 15.9916 -63.5222 2.05001
      vertex 16.1179 -63.5979 2.05001
    endloop
  endfacet
  facet normal -0.969875 0.243605 0
    outer loop
      vertex 15.3628 -61.9463 2.6
      vertex 15.3896 -61.8396 2.05001
      vertex 15.3628 -61.9463 2.05001
    endloop
  endfacet
  facet normal -0.969875 0.243605 0
    outer loop
      vertex 15.3896 -61.8396 2.05001
      vertex 15.3628 -61.9463 2.6
      vertex 15.3896 -61.8396 3.7
    endloop
  endfacet
  facet normal -0.9703 0.241903 0
    outer loop
      vertex 15.3538 -61.9824 3.7
      vertex 15.3628 -61.9463 2.6
      vertex 15.3538 -61.9824 2.6
    endloop
  endfacet
  facet normal -0.969982 0.243175 4.43371e-05
    outer loop
      vertex 15.3628 -61.9463 2.6
      vertex 15.3538 -61.9824 3.7
      vertex 15.3896 -61.8396 3.7
    endloop
  endfacet
  facet normal 0.941527 0.336939 0
    outer loop
      vertex 20.9354 -61.8396 3.7
      vertex 20.8858 -61.701 2.05001
      vertex 20.8858 -61.701 3.7
    endloop
  endfacet
  facet normal 0.941527 0.336939 0
    outer loop
      vertex 20.8858 -61.701 2.05001
      vertex 20.9354 -61.8396 3.7
      vertex 20.9354 -61.8396 2.05001
    endloop
  endfacet
  facet normal 0.671251 0.74123 -0
    outer loop
      vertex 20.5607 -61.2143 2.05001
      vertex 20.4516 -61.1155 3.7
      vertex 20.5607 -61.2143 3.7
    endloop
  endfacet
  facet normal 0.671251 0.74123 0
    outer loop
      vertex 20.4516 -61.1155 3.7
      vertex 20.5607 -61.2143 2.05001
      vertex 20.4516 -61.1155 2.05001
    endloop
  endfacet
  facet normal 0.427269 0.904125 -0
    outer loop
      vertex 20.2071 -60.9521 2.05001
      vertex 20.074 -60.8892 3.7
      vertex 20.2071 -60.9521 3.7
    endloop
  endfacet
  facet normal 0.427269 0.904125 0
    outer loop
      vertex 20.074 -60.8892 3.7
      vertex 20.2071 -60.9521 2.05001
      vertex 20.074 -60.8892 2.05001
    endloop
  endfacet
  facet normal 0.595861 0.803088 -0
    outer loop
      vertex 20.4516 -61.1155 2.05001
      vertex 20.3334 -61.0278 3.7
      vertex 20.4516 -61.1155 3.7
    endloop
  endfacet
  facet normal 0.595861 0.803088 0
    outer loop
      vertex 20.3334 -61.0278 3.7
      vertex 20.4516 -61.1155 2.05001
      vertex 20.3334 -61.0278 2.05001
    endloop
  endfacet
  facet normal -0.146746 0.989174 0
    outer loop
      vertex 16.678 -60.7822 2.6
      vertex 16.5324 -60.8038 3.7
      vertex 16.678 -60.7822 3.7
    endloop
  endfacet
  facet normal -0.146746 0.989174 0
    outer loop
      vertex 16.5324 -60.8038 3.7
      vertex 16.678 -60.7822 2.6
      vertex 16.5324 -60.8038 2.6
    endloop
  endfacet
  facet normal -0.0489209 0.998803 0
    outer loop
      vertex 16.825 -60.775 2.6
      vertex 16.678 -60.7822 3.7
      vertex 16.825 -60.775 3.7
    endloop
  endfacet
  facet normal -0.0489209 0.998803 0
    outer loop
      vertex 16.678 -60.7822 3.7
      vertex 16.825 -60.775 2.6
      vertex 16.678 -60.7822 2.6
    endloop
  endfacet
  facet normal -0.336821 0.941569 0
    outer loop
      vertex 16.2789 -60.8792 2.6
      vertex 16.3896 -60.8396 3.7
      vertex 16.3896 -60.8396 2.6
    endloop
  endfacet
  facet normal -0.336939 0.941527 1.33392e-05
    outer loop
      vertex 16.3896 -60.8396 3.7
      vertex 16.2789 -60.8792 2.6
      vertex 16.251 -60.8892 3.7
    endloop
  endfacet
  facet normal -0.337405 0.94136 0
    outer loop
      vertex 16.251 -60.8892 2.05001
      vertex 16.2789 -60.8792 2.6
      vertex 16.2789 -60.8792 2.05001
    endloop
  endfacet
  facet normal -0.337405 0.94136 0
    outer loop
      vertex 16.2789 -60.8792 2.6
      vertex 16.251 -60.8892 2.05001
      vertex 16.251 -60.8892 3.7
    endloop
  endfacet
  facet normal -0.427269 0.904125 2.01932e-05
    outer loop
      vertex 16.251 -60.8892 3.7
      vertex 16.2209 -60.9034 2.6
      vertex 16.1179 -60.9521 3.7
    endloop
  endfacet
  facet normal -0.426665 0.90441 0
    outer loop
      vertex 16.251 -60.8892 2.05001
      vertex 16.2209 -60.9034 2.6
      vertex 16.251 -60.8892 3.7
    endloop
  endfacet
  facet normal -0.426665 0.90441 0
    outer loop
      vertex 16.2209 -60.9034 2.6
      vertex 16.251 -60.8892 2.05001
      vertex 16.2209 -60.9034 2.05001
    endloop
  endfacet
  facet normal -0.427445 0.904041 0
    outer loop
      vertex 16.1179 -60.9521 3.7
      vertex 16.2209 -60.9034 2.6
      vertex 16.1179 -60.9521 2.6
    endloop
  endfacet
  facet normal -0.514096 0.857733 0
    outer loop
      vertex 16.1179 -60.9521 2.6
      vertex 15.9916 -61.0278 3.7
      vertex 16.1179 -60.9521 3.7
    endloop
  endfacet
  facet normal -0.514096 0.857733 0
    outer loop
      vertex 15.9916 -61.0278 3.7
      vertex 16.1179 -60.9521 2.6
      vertex 15.9916 -61.0278 2.6
    endloop
  endfacet
  facet normal -0.741934 0.670473 0
    outer loop
      vertex 15.7324 -61.2496 2.6
      vertex 15.7643 -61.2143 2.05001
      vertex 15.7324 -61.2496 2.05001
    endloop
  endfacet
  facet normal -0.741934 0.670473 0
    outer loop
      vertex 15.7643 -61.2143 2.05001
      vertex 15.7324 -61.2496 2.6
      vertex 15.7643 -61.2143 3.7
    endloop
  endfacet
  facet normal -0.740893 0.671623 0
    outer loop
      vertex 15.6655 -61.3234 3.7
      vertex 15.7324 -61.2496 2.6
      vertex 15.6655 -61.3234 2.6
    endloop
  endfacet
  facet normal -0.74123 0.671251 -4.53965e-05
    outer loop
      vertex 15.7324 -61.2496 2.6
      vertex 15.6655 -61.3234 3.7
      vertex 15.7643 -61.2143 3.7
    endloop
  endfacet
  facet normal -0.903953 0.427633 0
    outer loop
      vertex 15.4494 -61.6793 2.6
      vertex 15.5021 -61.5679 2.05001
      vertex 15.4494 -61.6793 2.05001
    endloop
  endfacet
  facet normal -0.903953 0.427633 0
    outer loop
      vertex 15.5021 -61.5679 2.05001
      vertex 15.4494 -61.6793 2.6
      vertex 15.5021 -61.5679 3.7
    endloop
  endfacet
  facet normal -0.905008 0.425395 0
    outer loop
      vertex 15.4392 -61.701 3.7
      vertex 15.4494 -61.6793 2.6
      vertex 15.4392 -61.701 2.6
    endloop
  endfacet
  facet normal -0.904125 0.427269 4.51414e-05
    outer loop
      vertex 15.4494 -61.6793 2.6
      vertex 15.4392 -61.701 3.7
      vertex 15.5021 -61.5679 3.7
    endloop
  endfacet
  facet normal -0.989174 0.146746 0
    outer loop
      vertex 15.3538 -61.9824 2.05001
      vertex 15.3322 -62.128 2.05001
      vertex 15.3538 -61.9824 2.6
    endloop
  endfacet
  facet normal -0.989174 0.146746 0
    outer loop
      vertex 15.3322 -62.128 3.7
      vertex 15.3538 -61.9824 2.6
      vertex 15.3322 -62.128 2.05001
    endloop
  endfacet
  facet normal -0.989174 0.146746 0
    outer loop
      vertex 15.3538 -61.9824 2.6
      vertex 15.3322 -62.128 3.7
      vertex 15.3538 -61.9824 3.7
    endloop
  endfacet
  facet normal 0 0 1
    outer loop
      vertex 20.9928 -62.128 3.7
      vertex 20.9928 -62.422 3.7
      vertex 21 -62.275 3.7
    endloop
  endfacet
  facet normal 0 0 1
    outer loop
      vertex 20.9712 -61.9824 3.7
      vertex 20.9928 -62.422 3.7
      vertex 20.9928 -62.128 3.7
    endloop
  endfacet
  facet normal 0 0 1
    outer loop
      vertex 20.9712 -61.9824 3.7
      vertex 20.9712 -62.5676 3.7
      vertex 20.9928 -62.422 3.7
    endloop
  endfacet
  facet normal 0 0 1
    outer loop
      vertex 20.9354 -61.8396 3.7
      vertex 20.9712 -62.5676 3.7
      vertex 20.9712 -61.9824 3.7
    endloop
  endfacet
  facet normal 0 0 1
    outer loop
      vertex 20.9354 -61.8396 3.7
      vertex 20.9354 -62.7104 3.7
      vertex 20.9712 -62.5676 3.7
    endloop
  endfacet
  facet normal 0 0 1
    outer loop
      vertex 20.8858 -61.701 3.7
      vertex 20.9354 -62.7104 3.7
      vertex 20.9354 -61.8396 3.7
    endloop
  endfacet
  facet normal 0 0 1
    outer loop
      vertex 20.8858 -61.701 3.7
      vertex 20.8858 -62.849 3.7
      vertex 20.9354 -62.7104 3.7
    endloop
  endfacet
  facet normal 0 0 1
    outer loop
      vertex 20.8229 -61.5679 3.7
      vertex 20.8858 -62.849 3.7
      vertex 20.8858 -61.701 3.7
    endloop
  endfacet
  facet normal 0 0 1
    outer loop
      vertex 20.8229 -61.5679 3.7
      vertex 20.8229 -62.9821 3.7
      vertex 20.8858 -62.849 3.7
    endloop
  endfacet
  facet normal 0 0 1
    outer loop
      vertex 20.7472 -61.4416 3.7
      vertex 20.8229 -62.9821 3.7
      vertex 20.8229 -61.5679 3.7
    endloop
  endfacet
  facet normal 0 0 1
    outer loop
      vertex 20.7472 -61.4416 3.7
      vertex 20.7472 -63.1084 3.7
      vertex 20.8229 -62.9821 3.7
    endloop
  endfacet
  facet normal 0 0 1
    outer loop
      vertex 20.6595 -61.3234 3.7
      vertex 20.7472 -63.1084 3.7
      vertex 20.7472 -61.4416 3.7
    endloop
  endfacet
  facet normal 0 0 1
    outer loop
      vertex 20.6595 -61.3234 3.7
      vertex 20.6595 -63.2266 3.7
      vertex 20.7472 -63.1084 3.7
    endloop
  endfacet
  facet normal 0 0 1
    outer loop
      vertex 20.5607 -61.2143 3.7
      vertex 20.6595 -63.2266 3.7
      vertex 20.6595 -61.3234 3.7
    endloop
  endfacet
  facet normal 0 0 1
    outer loop
      vertex 20.5607 -61.2143 3.7
      vertex 20.5607 -63.3357 3.7
      vertex 20.6595 -63.2266 3.7
    endloop
  endfacet
  facet normal 0 0 1
    outer loop
      vertex 20.4516 -61.1155 3.7
      vertex 20.5607 -63.3357 3.7
      vertex 20.5607 -61.2143 3.7
    endloop
  endfacet
  facet normal 0 0 1
    outer loop
      vertex 20.4516 -61.1155 3.7
      vertex 20.4516 -63.4345 3.7
      vertex 20.5607 -63.3357 3.7
    endloop
  endfacet
  facet normal 0 0 1
    outer loop
      vertex 20.3334 -61.0278 3.7
      vertex 20.4516 -63.4345 3.7
      vertex 20.4516 -61.1155 3.7
    endloop
  endfacet
  facet normal 0 0 1
    outer loop
      vertex 20.3334 -61.0278 3.7
      vertex 20.3334 -63.5222 3.7
      vertex 20.4516 -63.4345 3.7
    endloop
  endfacet
  facet normal 0 0 1
    outer loop
      vertex 20.2071 -60.9521 3.7
      vertex 20.3334 -63.5222 3.7
      vertex 20.3334 -61.0278 3.7
    endloop
  endfacet
  facet normal 0 0 1
    outer loop
      vertex 20.2071 -60.9521 3.7
      vertex 20.2071 -63.5979 3.7
      vertex 20.3334 -63.5222 3.7
    endloop
  endfacet
  facet normal 0 0 1
    outer loop
      vertex 20.074 -60.8892 3.7
      vertex 20.2071 -63.5979 3.7
      vertex 20.2071 -60.9521 3.7
    endloop
  endfacet
  facet normal 0 0 1
    outer loop
      vertex 20.074 -60.8892 3.7
      vertex 20.074 -63.6608 3.7
      vertex 20.2071 -63.5979 3.7
    endloop
  endfacet
  facet normal 0 0 1
    outer loop
      vertex 19.9354 -60.8396 3.7
      vertex 20.074 -63.6608 3.7
      vertex 20.074 -60.8892 3.7
    endloop
  endfacet
  facet normal 0 0 1
    outer loop
      vertex 19.9354 -60.8396 3.7
      vertex 19.9354 -63.7104 3.7
      vertex 20.074 -63.6608 3.7
    endloop
  endfacet
  facet normal 0 0 1
    outer loop
      vertex 19.7926 -60.8038 3.7
      vertex 19.9354 -63.7104 3.7
      vertex 19.9354 -60.8396 3.7
    endloop
  endfacet
  facet normal 0 0 1
    outer loop
      vertex 19.7926 -60.8038 3.7
      vertex 19.7926 -63.7462 3.7
      vertex 19.9354 -63.7104 3.7
    endloop
  endfacet
  facet normal 0 0 1
    outer loop
      vertex 19.647 -60.7822 3.7
      vertex 19.7926 -63.7462 3.7
      vertex 19.7926 -60.8038 3.7
    endloop
  endfacet
  facet normal 0 0 1
    outer loop
      vertex 19.647 -60.7822 3.7
      vertex 19.647 -63.7678 3.7
      vertex 19.7926 -63.7462 3.7
    endloop
  endfacet
  facet normal 0 0 1
    outer loop
      vertex 19.5 -60.775 3.7
      vertex 19.647 -63.7678 3.7
      vertex 19.647 -60.7822 3.7
    endloop
  endfacet
  facet normal 0 0 1
    outer loop
      vertex 19.5 -60.775 3.7
      vertex 19.5 -63.775 3.7
      vertex 19.647 -63.7678 3.7
    endloop
  endfacet
  facet normal -0 0 1
    outer loop
      vertex 16.825 -60.775 3.7
      vertex 19.5 -63.775 3.7
      vertex 19.5 -60.775 3.7
    endloop
  endfacet
  facet normal 0 0 1
    outer loop
      vertex 16.825 -60.775 3.7
      vertex 16.825 -63.775 3.7
      vertex 19.5 -63.775 3.7
    endloop
  endfacet
  facet normal -0 0 1
    outer loop
      vertex 16.678 -60.7822 3.7
      vertex 16.825 -63.775 3.7
      vertex 16.825 -60.775 3.7
    endloop
  endfacet
  facet normal 0 0 1
    outer loop
      vertex 16.678 -60.7822 3.7
      vertex 16.678 -63.7678 3.7
      vertex 16.825 -63.775 3.7
    endloop
  endfacet
  facet normal -0 0 1
    outer loop
      vertex 16.5324 -60.8038 3.7
      vertex 16.678 -63.7678 3.7
      vertex 16.678 -60.7822 3.7
    endloop
  endfacet
  facet normal 0 0 1
    outer loop
      vertex 16.5324 -60.8038 3.7
      vertex 16.5324 -63.7462 3.7
      vertex 16.678 -63.7678 3.7
    endloop
  endfacet
  facet normal -0 0 1
    outer loop
      vertex 16.3896 -60.8396 3.7
      vertex 16.5324 -63.7462 3.7
      vertex 16.5324 -60.8038 3.7
    endloop
  endfacet
  facet normal 0 0 1
    outer loop
      vertex 16.3896 -60.8396 3.7
      vertex 16.3896 -63.7104 3.7
      vertex 16.5324 -63.7462 3.7
    endloop
  endfacet
  facet normal -0 0 1
    outer loop
      vertex 16.251 -60.8892 3.7
      vertex 16.3896 -63.7104 3.7
      vertex 16.3896 -60.8396 3.7
    endloop
  endfacet
  facet normal 0 0 1
    outer loop
      vertex 16.251 -60.8892 3.7
      vertex 16.251 -63.6608 3.7
      vertex 16.3896 -63.7104 3.7
    endloop
  endfacet
  facet normal -0 0 1
    outer loop
      vertex 16.1179 -60.9521 3.7
      vertex 16.251 -63.6608 3.7
      vertex 16.251 -60.8892 3.7
    endloop
  endfacet
  facet normal 0 0 1
    outer loop
      vertex 16.1179 -60.9521 3.7
      vertex 16.1179 -63.5979 3.7
      vertex 16.251 -63.6608 3.7
    endloop
  endfacet
  facet normal -0 0 1
    outer loop
      vertex 15.9916 -61.0278 3.7
      vertex 16.1179 -63.5979 3.7
      vertex 16.1179 -60.9521 3.7
    endloop
  endfacet
  facet normal 0 0 1
    outer loop
      vertex 15.9916 -61.0278 3.7
      vertex 15.9916 -63.5222 3.7
      vertex 16.1179 -63.5979 3.7
    endloop
  endfacet
  facet normal -0 0 1
    outer loop
      vertex 15.8734 -61.1155 3.7
      vertex 15.9916 -63.5222 3.7
      vertex 15.9916 -61.0278 3.7
    endloop
  endfacet
  facet normal 0 0 1
    outer loop
      vertex 15.8734 -61.1155 3.7
      vertex 15.8734 -63.4345 3.7
      vertex 15.9916 -63.5222 3.7
    endloop
  endfacet
  facet normal -0 0 1
    outer loop
      vertex 15.7643 -61.2143 3.7
      vertex 15.8734 -63.4345 3.7
      vertex 15.8734 -61.1155 3.7
    endloop
  endfacet
  facet normal 0 0 1
    outer loop
      vertex 15.7643 -61.2143 3.7
      vertex 15.7643 -63.3357 3.7
      vertex 15.8734 -63.4345 3.7
    endloop
  endfacet
  facet normal -0 0 1
    outer loop
      vertex 15.6655 -61.3234 3.7
      vertex 15.7643 -63.3357 3.7
      vertex 15.7643 -61.2143 3.7
    endloop
  endfacet
  facet normal 0 0 1
    outer loop
      vertex 15.6655 -61.3234 3.7
      vertex 15.6655 -63.2266 3.7
      vertex 15.7643 -63.3357 3.7
    endloop
  endfacet
  facet normal -0 0 1
    outer loop
      vertex 15.5778 -61.4416 3.7
      vertex 15.6655 -63.2266 3.7
      vertex 15.6655 -61.3234 3.7
    endloop
  endfacet
  facet normal 0 0 1
    outer loop
      vertex 15.5778 -61.4416 3.7
      vertex 15.5778 -63.1084 3.7
      vertex 15.6655 -63.2266 3.7
    endloop
  endfacet
  facet normal -0 0 1
    outer loop
      vertex 15.5021 -61.5679 3.7
      vertex 15.5778 -63.1084 3.7
      vertex 15.5778 -61.4416 3.7
    endloop
  endfacet
  facet normal 0 0 1
    outer loop
      vertex 15.5021 -61.5679 3.7
      vertex 15.5021 -62.9821 3.7
      vertex 15.5778 -63.1084 3.7
    endloop
  endfacet
  facet normal -0 0 1
    outer loop
      vertex 15.4392 -61.701 3.7
      vertex 15.5021 -62.9821 3.7
      vertex 15.5021 -61.5679 3.7
    endloop
  endfacet
  facet normal 0 0 1
    outer loop
      vertex 15.4392 -61.701 3.7
      vertex 15.4392 -62.849 3.7
      vertex 15.5021 -62.9821 3.7
    endloop
  endfacet
  facet normal -0 0 1
    outer loop
      vertex 15.3896 -61.8396 3.7
      vertex 15.4392 -62.849 3.7
      vertex 15.4392 -61.701 3.7
    endloop
  endfacet
  facet normal 0 0 1
    outer loop
      vertex 15.3896 -61.8396 3.7
      vertex 15.3896 -62.7104 3.7
      vertex 15.4392 -62.849 3.7
    endloop
  endfacet
  facet normal -0 0 1
    outer loop
      vertex 15.3538 -61.9824 3.7
      vertex 15.3896 -62.7104 3.7
      vertex 15.3896 -61.8396 3.7
    endloop
  endfacet
  facet normal 0 0 1
    outer loop
      vertex 15.3538 -61.9824 3.7
      vertex 15.3538 -62.5676 3.7
      vertex 15.3896 -62.7104 3.7
    endloop
  endfacet
  facet normal -0 0 1
    outer loop
      vertex 15.3322 -62.128 3.7
      vertex 15.3538 -62.5676 3.7
      vertex 15.3538 -61.9824 3.7
    endloop
  endfacet
  facet normal 0 0 1
    outer loop
      vertex 15.3322 -62.128 3.7
      vertex 15.3322 -62.422 3.7
      vertex 15.3538 -62.5676 3.7
    endloop
  endfacet
  facet normal 0 -0 1
    outer loop
      vertex 15.3322 -62.422 3.7
      vertex 15.3322 -62.128 3.7
      vertex 15.325 -62.275 3.7
    endloop
  endfacet
  facet normal 0.146746 -0.989174 0
    outer loop
      vertex 19.647 -63.7678 2.05001
      vertex 19.7926 -63.7462 3.7
      vertex 19.647 -63.7678 3.7
    endloop
  endfacet
  facet normal 0.146746 -0.989174 0
    outer loop
      vertex 19.7926 -63.7462 3.7
      vertex 19.647 -63.7678 2.05001
      vertex 19.7926 -63.7462 2.05001
    endloop
  endfacet
  facet normal 0.243175 -0.969982 0
    outer loop
      vertex 19.7926 -63.7462 2.05001
      vertex 19.9354 -63.7104 3.7
      vertex 19.7926 -63.7462 3.7
    endloop
  endfacet
  facet normal 0.243175 -0.969982 0
    outer loop
      vertex 19.9354 -63.7104 3.7
      vertex 19.7926 -63.7462 2.05001
      vertex 19.9354 -63.7104 2.05001
    endloop
  endfacet
  facet normal 0.514096 -0.857733 0
    outer loop
      vertex 20.2071 -63.5979 2.05001
      vertex 20.3334 -63.5222 3.7
      vertex 20.2071 -63.5979 3.7
    endloop
  endfacet
  facet normal 0.514096 -0.857733 0
    outer loop
      vertex 20.3334 -63.5222 3.7
      vertex 20.2071 -63.5979 2.05001
      vertex 20.3334 -63.5222 2.05001
    endloop
  endfacet
  facet normal 0.671251 -0.74123 0
    outer loop
      vertex 20.4516 -63.4345 2.05001
      vertex 20.5607 -63.3357 3.7
      vertex 20.4516 -63.4345 3.7
    endloop
  endfacet
  facet normal 0.671251 -0.74123 0
    outer loop
      vertex 20.5607 -63.3357 3.7
      vertex 20.4516 -63.4345 2.05001
      vertex 20.5607 -63.3357 2.05001
    endloop
  endfacet
  facet normal 0.595861 -0.803088 0
    outer loop
      vertex 20.3334 -63.5222 2.05001
      vertex 20.4516 -63.4345 3.7
      vertex 20.3334 -63.5222 3.7
    endloop
  endfacet
  facet normal 0.595861 -0.803088 0
    outer loop
      vertex 20.4516 -63.4345 3.7
      vertex 20.3334 -63.5222 2.05001
      vertex 20.4516 -63.4345 2.05001
    endloop
  endfacet
  facet normal 0.857733 -0.514096 0
    outer loop
      vertex 20.7472 -63.1084 3.7
      vertex 20.8229 -62.9821 2.05001
      vertex 20.8229 -62.9821 3.7
    endloop
  endfacet
  facet normal 0.857733 -0.514096 0
    outer loop
      vertex 20.8229 -62.9821 2.05001
      vertex 20.7472 -63.1084 3.7
      vertex 20.7472 -63.1084 2.05001
    endloop
  endfacet
  facet normal 0.803088 -0.595861 0
    outer loop
      vertex 20.6595 -63.2266 3.7
      vertex 20.7472 -63.1084 2.05001
      vertex 20.7472 -63.1084 3.7
    endloop
  endfacet
  facet normal 0.803088 -0.595861 0
    outer loop
      vertex 20.7472 -63.1084 2.05001
      vertex 20.6595 -63.2266 3.7
      vertex 20.6595 -63.2266 2.05001
    endloop
  endfacet
  facet normal 0.904125 -0.427269 0
    outer loop
      vertex 20.8229 -62.9821 3.7
      vertex 20.8858 -62.849 2.05001
      vertex 20.8858 -62.849 3.7
    endloop
  endfacet
  facet normal 0.904125 -0.427269 0
    outer loop
      vertex 20.8858 -62.849 2.05001
      vertex 20.8229 -62.9821 3.7
      vertex 20.8229 -62.9821 2.05001
    endloop
  endfacet
  facet normal 0.998803 -0.0489209 0
    outer loop
      vertex 20.9928 -62.422 3.7
      vertex 21 -62.275 2.05001
      vertex 21 -62.275 3.7
    endloop
  endfacet
  facet normal 0.998803 -0.0489209 0
    outer loop
      vertex 21 -62.275 2.05001
      vertex 20.9928 -62.422 3.7
      vertex 20.9928 -62.422 2.05001
    endloop
  endfacet
  facet normal -0.243175 -0.969982 0
    outer loop
      vertex 16.3896 -63.7104 2.05001
      vertex 16.5324 -63.7462 3.7
      vertex 16.3896 -63.7104 3.7
    endloop
  endfacet
  facet normal -0.243175 -0.969982 -0
    outer loop
      vertex 16.5324 -63.7462 3.7
      vertex 16.3896 -63.7104 2.05001
      vertex 16.5324 -63.7462 2.05001
    endloop
  endfacet
  facet normal -0.146746 -0.989174 0
    outer loop
      vertex 16.5324 -63.7462 2.05001
      vertex 16.678 -63.7678 3.7
      vertex 16.5324 -63.7462 3.7
    endloop
  endfacet
  facet normal -0.146746 -0.989174 -0
    outer loop
      vertex 16.678 -63.7678 3.7
      vertex 16.5324 -63.7462 2.05001
      vertex 16.678 -63.7678 2.05001
    endloop
  endfacet
  facet normal -0.74123 -0.671251 0
    outer loop
      vertex 15.7643 -63.3357 2.05001
      vertex 15.6655 -63.2266 3.7
      vertex 15.6655 -63.2266 2.05001
    endloop
  endfacet
  facet normal -0.74123 -0.671251 0
    outer loop
      vertex 15.6655 -63.2266 3.7
      vertex 15.7643 -63.3357 2.05001
      vertex 15.7643 -63.3357 3.7
    endloop
  endfacet
  facet normal -0.969982 -0.243175 0
    outer loop
      vertex 15.3896 -62.7104 2.05001
      vertex 15.3538 -62.5676 3.7
      vertex 15.3538 -62.5676 2.05001
    endloop
  endfacet
  facet normal -0.969982 -0.243175 0
    outer loop
      vertex 15.3538 -62.5676 3.7
      vertex 15.3896 -62.7104 2.05001
      vertex 15.3896 -62.7104 3.7
    endloop
  endfacet
  facet normal 0.969982 0.243175 0
    outer loop
      vertex 20.9712 -61.9824 3.7
      vertex 20.9354 -61.8396 2.05001
      vertex 20.9354 -61.8396 3.7
    endloop
  endfacet
  facet normal 0.969982 0.243175 0
    outer loop
      vertex 20.9354 -61.8396 2.05001
      vertex 20.9712 -61.9824 3.7
      vertex 20.9712 -61.9824 2.05001
    endloop
  endfacet
  facet normal 0.989174 0.146746 0
    outer loop
      vertex 20.9928 -62.128 3.7
      vertex 20.9712 -61.9824 2.05001
      vertex 20.9712 -61.9824 3.7
    endloop
  endfacet
  facet normal 0.989174 0.146746 0
    outer loop
      vertex 20.9712 -61.9824 2.05001
      vertex 20.9928 -62.128 3.7
      vertex 20.9928 -62.128 2.05001
    endloop
  endfacet
  facet normal 0.803088 0.595861 0
    outer loop
      vertex 20.7472 -61.4416 3.7
      vertex 20.6595 -61.3234 2.05001
      vertex 20.6595 -61.3234 3.7
    endloop
  endfacet
  facet normal 0.803088 0.595861 0
    outer loop
      vertex 20.6595 -61.3234 2.05001
      vertex 20.7472 -61.4416 3.7
      vertex 20.7472 -61.4416 2.05001
    endloop
  endfacet
  facet normal 0.857733 0.514096 0
    outer loop
      vertex 20.8229 -61.5679 3.7
      vertex 20.7472 -61.4416 2.05001
      vertex 20.7472 -61.4416 3.7
    endloop
  endfacet
  facet normal 0.857733 0.514096 0
    outer loop
      vertex 20.7472 -61.4416 2.05001
      vertex 20.8229 -61.5679 3.7
      vertex 20.8229 -61.5679 2.05001
    endloop
  endfacet
  facet normal 0.514096 0.857733 -0
    outer loop
      vertex 20.3334 -61.0278 2.05001
      vertex 20.2071 -60.9521 3.7
      vertex 20.3334 -61.0278 3.7
    endloop
  endfacet
  facet normal 0.514096 0.857733 0
    outer loop
      vertex 20.2071 -60.9521 3.7
      vertex 20.3334 -61.0278 2.05001
      vertex 20.2071 -60.9521 2.05001
    endloop
  endfacet
  facet normal 0.74123 0.671251 0
    outer loop
      vertex 20.6595 -61.3234 3.7
      vertex 20.5607 -61.2143 2.05001
      vertex 20.5607 -61.2143 3.7
    endloop
  endfacet
  facet normal 0.74123 0.671251 0
    outer loop
      vertex 20.5607 -61.2143 2.05001
      vertex 20.6595 -61.3234 3.7
      vertex 20.6595 -61.3234 2.05001
    endloop
  endfacet
  facet normal 0.146746 0.989174 -0
    outer loop
      vertex 19.7926 -60.8038 2.05001
      vertex 19.647 -60.7822 3.7
      vertex 19.7926 -60.8038 3.7
    endloop
  endfacet
  facet normal 0.146746 0.989174 0
    outer loop
      vertex 19.647 -60.7822 3.7
      vertex 19.7926 -60.8038 2.05001
      vertex 19.647 -60.7822 2.05001
    endloop
  endfacet
  facet normal -0.595582 0.803294 0
    outer loop
      vertex 15.9158 -61.084 2.6
      vertex 15.9916 -61.0278 3.7
      vertex 15.9916 -61.0278 2.6
    endloop
  endfacet
  facet normal -0.595861 0.803088 2.97714e-05
    outer loop
      vertex 15.9916 -61.0278 3.7
      vertex 15.9158 -61.084 2.6
      vertex 15.8734 -61.1155 3.7
    endloop
  endfacet
  facet normal -0.596359 0.802718 0
    outer loop
      vertex 15.8734 -61.1155 2.05001
      vertex 15.9158 -61.084 2.6
      vertex 15.9158 -61.084 2.05001
    endloop
  endfacet
  facet normal -0.596359 0.802718 0
    outer loop
      vertex 15.9158 -61.084 2.6
      vertex 15.8734 -61.1155 2.05001
      vertex 15.8734 -61.1155 3.7
    endloop
  endfacet
  facet normal -0.942287 0.334805 0
    outer loop
      vertex 15.3993 -61.8123 2.05001
      vertex 15.3896 -61.8396 2.05001
      vertex 15.3993 -61.8123 2.6
    endloop
  endfacet
  facet normal -0.941339 0.337461 0
    outer loop
      vertex 15.3993 -61.8123 2.6
      vertex 15.4392 -61.701 3.7
      vertex 15.4392 -61.701 2.6
    endloop
  endfacet
  facet normal -0.941527 0.336939 5.9656e-05
    outer loop
      vertex 15.3993 -61.8123 2.6
      vertex 15.3896 -61.8396 3.7
      vertex 15.4392 -61.701 3.7
    endloop
  endfacet
  facet normal -0.942287 0.334805 0
    outer loop
      vertex 15.3896 -61.8396 3.7
      vertex 15.3993 -61.8123 2.6
      vertex 15.3896 -61.8396 2.05001
    endloop
  endfacet
  facet normal 0.427269 -0.904125 0
    outer loop
      vertex 20.074 -63.6608 2.05001
      vertex 20.2071 -63.5979 3.7
      vertex 20.074 -63.6608 3.7
    endloop
  endfacet
  facet normal 0.427269 -0.904125 0
    outer loop
      vertex 20.2071 -63.5979 3.7
      vertex 20.074 -63.6608 2.05001
      vertex 20.2071 -63.5979 2.05001
    endloop
  endfacet
  facet normal 0.941527 -0.336939 0
    outer loop
      vertex 20.8858 -62.849 3.7
      vertex 20.9354 -62.7104 2.05001
      vertex 20.9354 -62.7104 3.7
    endloop
  endfacet
  facet normal 0.941527 -0.336939 0
    outer loop
      vertex 20.9354 -62.7104 2.05001
      vertex 20.8858 -62.849 3.7
      vertex 20.8858 -62.849 2.05001
    endloop
  endfacet
  facet normal 0.989174 -0.146746 0
    outer loop
      vertex 20.9712 -62.5676 3.7
      vertex 20.9928 -62.422 2.05001
      vertex 20.9928 -62.422 3.7
    endloop
  endfacet
  facet normal 0.989174 -0.146746 0
    outer loop
      vertex 20.9928 -62.422 2.05001
      vertex 20.9712 -62.5676 3.7
      vertex 20.9712 -62.5676 2.05001
    endloop
  endfacet
  facet normal -0.595861 -0.803088 0
    outer loop
      vertex 15.8734 -63.4345 2.05001
      vertex 15.9916 -63.5222 3.7
      vertex 15.8734 -63.4345 3.7
    endloop
  endfacet
  facet normal -0.595861 -0.803088 -0
    outer loop
      vertex 15.9916 -63.5222 3.7
      vertex 15.8734 -63.4345 2.05001
      vertex 15.9916 -63.5222 2.05001
    endloop
  endfacet
  facet normal -0.803088 -0.595861 0
    outer loop
      vertex 15.6655 -63.2266 2.05001
      vertex 15.5778 -63.1084 3.7
      vertex 15.5778 -63.1084 2.05001
    endloop
  endfacet
  facet normal -0.803088 -0.595861 0
    outer loop
      vertex 15.5778 -63.1084 3.7
      vertex 15.6655 -63.2266 2.05001
      vertex 15.6655 -63.2266 3.7
    endloop
  endfacet
  facet normal -0.941527 -0.336939 0
    outer loop
      vertex 15.4392 -62.849 2.05001
      vertex 15.3896 -62.7104 3.7
      vertex 15.3896 -62.7104 2.05001
    endloop
  endfacet
  facet normal -0.941527 -0.336939 0
    outer loop
      vertex 15.3896 -62.7104 3.7
      vertex 15.4392 -62.849 2.05001
      vertex 15.4392 -62.849 3.7
    endloop
  endfacet
  facet normal -0.336939 -0.941527 0
    outer loop
      vertex 16.251 -63.6608 2.05001
      vertex 16.3896 -63.7104 3.7
      vertex 16.251 -63.6608 3.7
    endloop
  endfacet
  facet normal -0.336939 -0.941527 -0
    outer loop
      vertex 16.3896 -63.7104 3.7
      vertex 16.251 -63.6608 2.05001
      vertex 16.3896 -63.7104 2.05001
    endloop
  endfacet
  facet normal -0.671251 -0.74123 0
    outer loop
      vertex 15.7643 -63.3357 2.05001
      vertex 15.8734 -63.4345 3.7
      vertex 15.7643 -63.3357 3.7
    endloop
  endfacet
  facet normal -0.671251 -0.74123 -0
    outer loop
      vertex 15.8734 -63.4345 3.7
      vertex 15.7643 -63.3357 2.05001
      vertex 15.8734 -63.4345 2.05001
    endloop
  endfacet
  facet normal -0.904125 -0.427269 0
    outer loop
      vertex 15.5021 -62.9821 2.05001
      vertex 15.4392 -62.849 3.7
      vertex 15.4392 -62.849 2.05001
    endloop
  endfacet
  facet normal -0.904125 -0.427269 0
    outer loop
      vertex 15.4392 -62.849 3.7
      vertex 15.5021 -62.9821 2.05001
      vertex 15.5021 -62.9821 3.7
    endloop
  endfacet
  facet normal -1 0 0
    outer loop
      vertex 6 -36.35 1.4
      vertex 6 -38.75 2.05001
      vertex 6 -36.35 5.4
    endloop
  endfacet
  facet normal -1 0 0
    outer loop
      vertex 6 -36.35 1.4
      vertex 6 -39.426 1.6
      vertex 6 -38.75 2.05001
    endloop
  endfacet
  facet normal -1 0 0
    outer loop
      vertex 6 -36.35 1.4
      vertex 6 -91.774 1.6
      vertex 6 -39.426 1.6
    endloop
  endfacet
  facet normal -1 0 0
    outer loop
      vertex 6 -91.774 1.6
      vertex 6 -92.45 2.05001
      vertex 6 -91.774 2.05001
    endloop
  endfacet
  facet normal -1 -0 0
    outer loop
      vertex 6 -91.774 1.6
      vertex 6 -94.85 1.4
      vertex 6 -92.45 2.05001
    endloop
  endfacet
  facet normal -1 0 0
    outer loop
      vertex 6 -94.85 1.4
      vertex 6 -91.774 1.6
      vertex 6 -36.35 1.4
    endloop
  endfacet
  facet normal -1 0 0
    outer loop
      vertex 6 -40.5 3.79999
      vertex 6 -36.35 5.4
      vertex 6 -38.75 2.05001
    endloop
  endfacet
  facet normal -1 -0 0
    outer loop
      vertex 6 -36.35 5.4
      vertex 6 -40.5 3.79999
      vertex 6 -40.5 5.4
    endloop
  endfacet
  facet normal -1 -0 0
    outer loop
      vertex 6 -38.75 2.05001
      vertex 6 -39.426 1.6
      vertex 6 -39.426 2.05001
    endloop
  endfacet
  facet normal -1 0 0
    outer loop
      vertex 6 -94.85 5.4
      vertex 6 -90.7 3.79999
      vertex 6 -92.45 2.05001
    endloop
  endfacet
  facet normal -1 0 0
    outer loop
      vertex 6 -94.85 5.4
      vertex 6 -92.45 2.05001
      vertex 6 -94.85 1.4
    endloop
  endfacet
  facet normal -1 0 0
    outer loop
      vertex 6 -90.7 3.79999
      vertex 6 -94.85 5.4
      vertex 6 -90.7 5.4
    endloop
  endfacet
  facet normal 1 0 0
    outer loop
      vertex 36 -36.35 5.4
      vertex 36 -38.75 2.05001
      vertex 36 -36.35 3.05176e-06
    endloop
  endfacet
  facet normal 1 0 0
    outer loop
      vertex 36 -40.5 3.79999
      vertex 36 -36.35 5.4
      vertex 36 -40.5 5.4
    endloop
  endfacet
  facet normal 1 0 0
    outer loop
      vertex 36 -36.35 5.4
      vertex 36 -40.5 3.79999
      vertex 36 -38.75 2.05001
    endloop
  endfacet
  facet normal 1 0 0
    outer loop
      vertex 36 -59.8 3.05176e-06
      vertex 36 -38.75 2.05001
      vertex 36 -59.8 2.05001
    endloop
  endfacet
  facet normal 1 0 0
    outer loop
      vertex 36 -38.75 2.05001
      vertex 36 -59.8 3.05176e-06
      vertex 36 -36.35 3.05176e-06
    endloop
  endfacet
  facet normal 1 -0 0
    outer loop
      vertex 36 -94.85 5.4
      vertex 36 -90.7 3.79999
      vertex 36 -90.7 5.4
    endloop
  endfacet
  facet normal 1 0 0
    outer loop
      vertex 36 -90.7 3.79999
      vertex 36 -94.85 5.4
      vertex 36 -92.45 2.05001
    endloop
  endfacet
  facet normal 1 -0 0
    outer loop
      vertex 36 -92.45 2.05001
      vertex 36 -71.4 3.05176e-06
      vertex 36 -71.4 2.05001
    endloop
  endfacet
  facet normal 1 0 0
    outer loop
      vertex 36 -92.45 2.05001
      vertex 36 -94.85 3.05176e-06
      vertex 36 -71.4 3.05176e-06
    endloop
  endfacet
  facet normal 1 0 0
    outer loop
      vertex 36 -94.85 3.05176e-06
      vertex 36 -92.45 2.05001
      vertex 36 -94.85 5.4
    endloop
  endfacet
  facet normal 1 -0 0
    outer loop
      vertex 36 -70.6 1.2
      vertex 36 -60.6 3.05176e-06
      vertex 36 -60.6 1.2
    endloop
  endfacet
  facet normal 1 0 0
    outer loop
      vertex 36 -60.6 3.05176e-06
      vertex 36 -70.6 1.2
      vertex 36 -70.6 3.05176e-06
    endloop
  endfacet
  facet normal -0 0 1
    outer loop
      vertex 6 -36.35 5.4
      vertex 36 -40.5 5.4
      vertex 36 -36.35 5.4
    endloop
  endfacet
  facet normal 0 0 1
    outer loop
      vertex 36 -40.5 5.4
      vertex 6 -36.35 5.4
      vertex 6 -40.5 5.4
    endloop
  endfacet
  facet normal 0 -1 0
    outer loop
      vertex 6 -40.5 3.79999
      vertex 36 -40.5 5.4
      vertex 6 -40.5 5.4
    endloop
  endfacet
  facet normal 0 -1 -0
    outer loop
      vertex 36 -40.5 5.4
      vertex 6 -40.5 3.79999
      vertex 36 -40.5 3.79999
    endloop
  endfacet
  facet normal 0 -0.707103 -0.707111
    outer loop
      vertex 6 -40.5 3.79999
      vertex 36 -38.75 2.05001
      vertex 36 -40.5 3.79999
    endloop
  endfacet
  facet normal -0 -0.707103 -0.707111
    outer loop
      vertex 36 -38.75 2.05001
      vertex 6 -40.5 3.79999
      vertex 6 -38.75 2.05001
    endloop
  endfacet
  facet normal 0 0 1
    outer loop
      vertex 20.9354 -62.7104 2.05001
      vertex 23 -59.8 2.05001
      vertex 20.9712 -62.5676 2.05001
    endloop
  endfacet
  facet normal 0 0 1
    outer loop
      vertex 23 -71.4 2.05001
      vertex 20.9928 -68.778 2.05001
      vertex 21 -68.925 2.05001
    endloop
  endfacet
  facet normal 0 0 1
    outer loop
      vertex 20.8858 -62.849 2.05001
      vertex 23 -59.8 2.05001
      vertex 20.9354 -62.7104 2.05001
    endloop
  endfacet
  facet normal 0 0 1
    outer loop
      vertex 23 -71.4 2.05001
      vertex 20.9712 -68.6324 2.05001
      vertex 20.9928 -68.778 2.05001
    endloop
  endfacet
  facet normal 0 0 1
    outer loop
      vertex 23 -59.8 2.05001
      vertex 20.8858 -62.849 2.05001
      vertex 23 -71.4 2.05001
    endloop
  endfacet
  facet normal 0 0 1
    outer loop
      vertex 23 -71.4 2.05001
      vertex 20.9354 -68.4896 2.05001
      vertex 20.9712 -68.6324 2.05001
    endloop
  endfacet
  facet normal -0 0 1
    outer loop
      vertex 20.8858 -68.351 2.05001
      vertex 23 -71.4 2.05001
      vertex 20.8858 -62.849 2.05001
    endloop
  endfacet
  facet normal 0 0 1
    outer loop
      vertex 23 -71.4 2.05001
      vertex 20.8858 -68.351 2.05001
      vertex 20.9354 -68.4896 2.05001
    endloop
  endfacet
  facet normal -0 0 1
    outer loop
      vertex 20.8229 -62.9821 2.05001
      vertex 20.8858 -68.351 2.05001
      vertex 20.8858 -62.849 2.05001
    endloop
  endfacet
  facet normal 0 0 1
    outer loop
      vertex 20.8229 -62.9821 2.05001
      vertex 20.8229 -68.2179 2.05001
      vertex 20.8858 -68.351 2.05001
    endloop
  endfacet
  facet normal -0 0 1
    outer loop
      vertex 20.7472 -63.1084 2.05001
      vertex 20.8229 -68.2179 2.05001
      vertex 20.8229 -62.9821 2.05001
    endloop
  endfacet
  facet normal 0 0 1
    outer loop
      vertex 20.7472 -63.1084 2.05001
      vertex 20.7472 -68.0916 2.05001
      vertex 20.8229 -68.2179 2.05001
    endloop
  endfacet
  facet normal -0 0 1
    outer loop
      vertex 20.6595 -63.2266 2.05001
      vertex 20.7472 -68.0916 2.05001
      vertex 20.7472 -63.1084 2.05001
    endloop
  endfacet
  facet normal 0 0 1
    outer loop
      vertex 20.6595 -63.2266 2.05001
      vertex 20.6595 -67.9734 2.05001
      vertex 20.7472 -68.0916 2.05001
    endloop
  endfacet
  facet normal -0 0 1
    outer loop
      vertex 20.5607 -63.3357 2.05001
      vertex 20.6595 -67.9734 2.05001
      vertex 20.6595 -63.2266 2.05001
    endloop
  endfacet
  facet normal 0 0 1
    outer loop
      vertex 20.5607 -63.3357 2.05001
      vertex 20.5607 -67.8643 2.05001
      vertex 20.6595 -67.9734 2.05001
    endloop
  endfacet
  facet normal -0 0 1
    outer loop
      vertex 20.4516 -63.4345 2.05001
      vertex 20.5607 -67.8643 2.05001
      vertex 20.5607 -63.3357 2.05001
    endloop
  endfacet
  facet normal 0 0 1
    outer loop
      vertex 20.4516 -63.4345 2.05001
      vertex 20.4516 -67.7655 2.05001
      vertex 20.5607 -67.8643 2.05001
    endloop
  endfacet
  facet normal -0 0 1
    outer loop
      vertex 20.3334 -63.5222 2.05001
      vertex 20.4516 -67.7655 2.05001
      vertex 20.4516 -63.4345 2.05001
    endloop
  endfacet
  facet normal 0 0 1
    outer loop
      vertex 20.3334 -63.5222 2.05001
      vertex 20.3334 -67.6778 2.05001
      vertex 20.4516 -67.7655 2.05001
    endloop
  endfacet
  facet normal -0 0 1
    outer loop
      vertex 20.2071 -63.5979 2.05001
      vertex 20.3334 -67.6778 2.05001
      vertex 20.3334 -63.5222 2.05001
    endloop
  endfacet
  facet normal 0 0 1
    outer loop
      vertex 20.2071 -63.5979 2.05001
      vertex 20.2071 -67.6021 2.05001
      vertex 20.3334 -67.6778 2.05001
    endloop
  endfacet
  facet normal -0 0 1
    outer loop
      vertex 20.074 -63.6608 2.05001
      vertex 20.2071 -67.6021 2.05001
      vertex 20.2071 -63.5979 2.05001
    endloop
  endfacet
  facet normal 0 0 1
    outer loop
      vertex 20.074 -63.6608 2.05001
      vertex 20.074 -67.5392 2.05001
      vertex 20.2071 -67.6021 2.05001
    endloop
  endfacet
  facet normal -0 0 1
    outer loop
      vertex 19.9354 -63.7104 2.05001
      vertex 20.074 -67.5392 2.05001
      vertex 20.074 -63.6608 2.05001
    endloop
  endfacet
  facet normal 0 0 1
    outer loop
      vertex 19.9354 -63.7104 2.05001
      vertex 19.9354 -67.4896 2.05001
      vertex 20.074 -67.5392 2.05001
    endloop
  endfacet
  facet normal -0 0 1
    outer loop
      vertex 19.7926 -63.7462 2.05001
      vertex 19.9354 -67.4896 2.05001
      vertex 19.9354 -63.7104 2.05001
    endloop
  endfacet
  facet normal 0 0 1
    outer loop
      vertex 19.7926 -63.7462 2.05001
      vertex 19.7926 -67.4538 2.05001
      vertex 19.9354 -67.4896 2.05001
    endloop
  endfacet
  facet normal -0 0 1
    outer loop
      vertex 19.647 -63.7678 2.05001
      vertex 19.7926 -67.4538 2.05001
      vertex 19.7926 -63.7462 2.05001
    endloop
  endfacet
  facet normal 0 0 1
    outer loop
      vertex 19.647 -63.7678 2.05001
      vertex 19.647 -67.4322 2.05001
      vertex 19.7926 -67.4538 2.05001
    endloop
  endfacet
  facet normal -0 0 1
    outer loop
      vertex 19.5 -63.775 2.05001
      vertex 19.647 -67.4322 2.05001
      vertex 19.647 -63.7678 2.05001
    endloop
  endfacet
  facet normal 0 0 1
    outer loop
      vertex 19.5 -63.775 2.05001
      vertex 19.5 -67.425 2.05001
      vertex 19.647 -67.4322 2.05001
    endloop
  endfacet
  facet normal -0 0 1
    outer loop
      vertex 19.25 -63.775 2.05001
      vertex 19.5 -67.425 2.05001
      vertex 19.5 -63.775 2.05001
    endloop
  endfacet
  facet normal 0 0 1
    outer loop
      vertex 19.25 -67.425 2.05001
      vertex 19.5 -67.425 2.05001
      vertex 19.25 -63.775 2.05001
    endloop
  endfacet
  facet normal 0 0 -0
    outer loop
      vertex 19.25 -67.425 2.05001
      vertex 16.825 -67.425 2.05001
      vertex 19.5 -67.425 2.05001
    endloop
  endfacet
  facet normal -0 0 1
    outer loop
      vertex 19.25 -49.6773 2.05001
      vertex 36 -59.8 2.05001
      vertex 36 -38.75 2.05001
    endloop
  endfacet
  facet normal 0 0 1
    outer loop
      vertex 20.9928 -62.422 2.05001
      vertex 23 -59.8 2.05001
      vertex 21 -62.275 2.05001
    endloop
  endfacet
  facet normal 0 0 1
    outer loop
      vertex 36 -59.8 2.05001
      vertex 19.25 -49.6773 2.05001
      vertex 23 -59.8 2.05001
    endloop
  endfacet
  facet normal 0 0 1
    outer loop
      vertex 23 -59.8 2.05001
      vertex 20.9928 -62.128 2.05001
      vertex 21 -62.275 2.05001
    endloop
  endfacet
  facet normal 0 0 1
    outer loop
      vertex 23 -59.8 2.05001
      vertex 20.9712 -61.9824 2.05001
      vertex 20.9928 -62.128 2.05001
    endloop
  endfacet
  facet normal 0 0 1
    outer loop
      vertex 23 -59.8 2.05001
      vertex 20.9354 -61.8396 2.05001
      vertex 20.9712 -61.9824 2.05001
    endloop
  endfacet
  facet normal 0 0 1
    outer loop
      vertex 23 -59.8 2.05001
      vertex 20.8858 -61.701 2.05001
      vertex 20.9354 -61.8396 2.05001
    endloop
  endfacet
  facet normal 0 0 1
    outer loop
      vertex 23 -59.8 2.05001
      vertex 20.8229 -61.5679 2.05001
      vertex 20.8858 -61.701 2.05001
    endloop
  endfacet
  facet normal 0 0 1
    outer loop
      vertex 23 -59.8 2.05001
      vertex 20.7472 -61.4416 2.05001
      vertex 20.8229 -61.5679 2.05001
    endloop
  endfacet
  facet normal 0 -0 1
    outer loop
      vertex 19.647 -60.7822 2.05001
      vertex 23 -59.8 2.05001
      vertex 19.25 -49.6773 2.05001
    endloop
  endfacet
  facet normal 0 0 1
    outer loop
      vertex 23 -59.8 2.05001
      vertex 20.6595 -61.3234 2.05001
      vertex 20.7472 -61.4416 2.05001
    endloop
  endfacet
  facet normal 0 0 1
    outer loop
      vertex 23 -59.8 2.05001
      vertex 20.5607 -61.2143 2.05001
      vertex 20.6595 -61.3234 2.05001
    endloop
  endfacet
  facet normal 0 0 1
    outer loop
      vertex 23 -59.8 2.05001
      vertex 20.4516 -61.1155 2.05001
      vertex 20.5607 -61.2143 2.05001
    endloop
  endfacet
  facet normal 0 0 1
    outer loop
      vertex 23 -59.8 2.05001
      vertex 20.3334 -61.0278 2.05001
      vertex 20.4516 -61.1155 2.05001
    endloop
  endfacet
  facet normal 0 0 1
    outer loop
      vertex 23 -59.8 2.05001
      vertex 20.2071 -60.9521 2.05001
      vertex 20.3334 -61.0278 2.05001
    endloop
  endfacet
  facet normal 0 0 1
    outer loop
      vertex 23 -59.8 2.05001
      vertex 20.074 -60.8892 2.05001
      vertex 20.2071 -60.9521 2.05001
    endloop
  endfacet
  facet normal 0 0 1
    outer loop
      vertex 23 -59.8 2.05001
      vertex 19.9354 -60.8396 2.05001
      vertex 20.074 -60.8892 2.05001
    endloop
  endfacet
  facet normal 0 0 1
    outer loop
      vertex 23 -59.8 2.05001
      vertex 19.7926 -60.8038 2.05001
      vertex 19.9354 -60.8396 2.05001
    endloop
  endfacet
  facet normal 0 0 1
    outer loop
      vertex 23 -59.8 2.05001
      vertex 19.647 -60.7822 2.05001
      vertex 19.7926 -60.8038 2.05001
    endloop
  endfacet
  facet normal 0 0 1
    outer loop
      vertex 19.647 -60.7822 2.05001
      vertex 19.25 -49.6773 2.05001
      vertex 19.5 -60.775 2.05001
    endloop
  endfacet
  facet normal -0 0 1
    outer loop
      vertex 6 -38.75 2.05001
      vertex 19.25 -49.6773 2.05001
      vertex 36 -38.75 2.05001
    endloop
  endfacet
  facet normal 0 0 1
    outer loop
      vertex 19.25 -49.6773 2.05001
      vertex 6 -38.75 2.05001
      vertex 6 -39.426 2.05001
    endloop
  endfacet
  facet normal 0 0 1
    outer loop
      vertex 19.25 -81.5227 2.05001
      vertex 36 -71.4 2.05001
      vertex 23 -71.4 2.05001
    endloop
  endfacet
  facet normal 0 0 1
    outer loop
      vertex 20.9712 -62.5676 2.05001
      vertex 23 -59.8 2.05001
      vertex 20.9928 -62.422 2.05001
    endloop
  endfacet
  facet normal -0 0 1
    outer loop
      vertex 20.9928 -69.072 2.05001
      vertex 23 -71.4 2.05001
      vertex 21 -68.925 2.05001
    endloop
  endfacet
  facet normal -0 0 1
    outer loop
      vertex 20.9712 -69.2176 2.05001
      vertex 23 -71.4 2.05001
      vertex 20.9928 -69.072 2.05001
    endloop
  endfacet
  facet normal -0 0 1
    outer loop
      vertex 20.9354 -69.3604 2.05001
      vertex 23 -71.4 2.05001
      vertex 20.9712 -69.2176 2.05001
    endloop
  endfacet
  facet normal -0 0 1
    outer loop
      vertex 20.8858 -69.499 2.05001
      vertex 23 -71.4 2.05001
      vertex 20.9354 -69.3604 2.05001
    endloop
  endfacet
  facet normal -0 0 1
    outer loop
      vertex 20.8229 -69.6321 2.05001
      vertex 23 -71.4 2.05001
      vertex 20.8858 -69.499 2.05001
    endloop
  endfacet
  facet normal -0 0 1
    outer loop
      vertex 20.7472 -69.7584 2.05001
      vertex 23 -71.4 2.05001
      vertex 20.8229 -69.6321 2.05001
    endloop
  endfacet
  facet normal -0 0 1
    outer loop
      vertex 20.6595 -69.8766 2.05001
      vertex 23 -71.4 2.05001
      vertex 20.7472 -69.7584 2.05001
    endloop
  endfacet
  facet normal -0 0 1
    outer loop
      vertex 20.5607 -69.9857 2.05001
      vertex 23 -71.4 2.05001
      vertex 20.6595 -69.8766 2.05001
    endloop
  endfacet
  facet normal -0 0 1
    outer loop
      vertex 20.4516 -70.0845 2.05001
      vertex 23 -71.4 2.05001
      vertex 20.5607 -69.9857 2.05001
    endloop
  endfacet
  facet normal -0 0 1
    outer loop
      vertex 20.3334 -70.1722 2.05001
      vertex 23 -71.4 2.05001
      vertex 20.4516 -70.0845 2.05001
    endloop
  endfacet
  facet normal -0 0 1
    outer loop
      vertex 20.2071 -70.2479 2.05001
      vertex 23 -71.4 2.05001
      vertex 20.3334 -70.1722 2.05001
    endloop
  endfacet
  facet normal -0 0 1
    outer loop
      vertex 20.074 -70.3108 2.05001
      vertex 23 -71.4 2.05001
      vertex 20.2071 -70.2479 2.05001
    endloop
  endfacet
  facet normal -0 0 1
    outer loop
      vertex 19.9354 -70.3604 2.05001
      vertex 23 -71.4 2.05001
      vertex 20.074 -70.3108 2.05001
    endloop
  endfacet
  facet normal -0 0 1
    outer loop
      vertex 19.7926 -70.3962 2.05001
      vertex 23 -71.4 2.05001
      vertex 19.9354 -70.3604 2.05001
    endloop
  endfacet
  facet normal -0 0 1
    outer loop
      vertex 19.647 -70.4178 2.05001
      vertex 23 -71.4 2.05001
      vertex 19.7926 -70.3962 2.05001
    endloop
  endfacet
  facet normal 0 0 1
    outer loop
      vertex 23 -71.4 2.05001
      vertex 19.647 -70.4178 2.05001
      vertex 19.25 -81.5227 2.05001
    endloop
  endfacet
  facet normal 0 0 1
    outer loop
      vertex 19.25 -81.5227 2.05001
      vertex 19.647 -70.4178 2.05001
      vertex 19.5 -70.425 2.05001
    endloop
  endfacet
  facet normal 0 0 1
    outer loop
      vertex 19.25 -81.5227 2.05001
      vertex 19.5 -70.425 2.05001
      vertex 19.25 -70.425 2.05001
    endloop
  endfacet
  facet normal 0 0 1
    outer loop
      vertex 36 -71.4 2.05001
      vertex 19.25 -81.5227 2.05001
      vertex 36 -92.45 2.05001
    endloop
  endfacet
  facet normal 0 0 1
    outer loop
      vertex 6 -92.45 2.05001
      vertex 19.25 -81.5227 2.05001
      vertex 6 -91.774 2.05001
    endloop
  endfacet
  facet normal 0 0 1
    outer loop
      vertex 19.25 -81.5227 2.05001
      vertex 6 -92.45 2.05001
      vertex 36 -92.45 2.05001
    endloop
  endfacet
  facet normal 0 0 1
    outer loop
      vertex 19.5 -60.775 2.05001
      vertex 19.25 -49.6773 2.05001
      vertex 19.25 -60.775 2.05001
    endloop
  endfacet
  facet normal 0 -0 0
    outer loop
      vertex 19.25 -63.775 2.05001
      vertex 19.5 -63.775 2.05001
      vertex 16.825 -63.775 2.05001
    endloop
  endfacet
  facet normal 0 0 -1
    outer loop
      vertex 15.7643 -69.9857 2.05001
      vertex 15.7643 -69.9856 2.05001
      vertex 15.8734 -70.0845 2.05001
    endloop
  endfacet
  facet normal -0 -0 -1
    outer loop
      vertex 15.7643 -69.9856 2.05001
      vertex 15.7643 -69.9857 2.05001
      vertex 15.7324 -69.9504 2.05001
    endloop
  endfacet
  facet normal 0 0.707103 -0.707111
    outer loop
      vertex 6 -92.45 2.05001
      vertex 36 -90.7 3.79999
      vertex 36 -92.45 2.05001
    endloop
  endfacet
  facet normal 0 0.707103 -0.707111
    outer loop
      vertex 36 -90.7 3.79999
      vertex 6 -92.45 2.05001
      vertex 6 -90.7 3.79999
    endloop
  endfacet
  facet normal 0 1 -0
    outer loop
      vertex 36 -90.7 3.79999
      vertex 6 -90.7 5.4
      vertex 36 -90.7 5.4
    endloop
  endfacet
  facet normal 0 1 0
    outer loop
      vertex 6 -90.7 5.4
      vertex 36 -90.7 3.79999
      vertex 6 -90.7 3.79999
    endloop
  endfacet
  facet normal -0 0 1
    outer loop
      vertex 6 -90.7 5.4
      vertex 36 -94.85 5.4
      vertex 36 -90.7 5.4
    endloop
  endfacet
  facet normal 0 0 1
    outer loop
      vertex 36 -94.85 5.4
      vertex 6 -90.7 5.4
      vertex 6 -94.85 5.4
    endloop
  endfacet
  facet normal 0 -1 0
    outer loop
      vertex 7.39999 -94.85 3.05176e-06
      vertex 6 -94.85 5.4
      vertex 6 -94.85 1.4
    endloop
  endfacet
  facet normal 0 -1 0
    outer loop
      vertex 6 -94.85 5.4
      vertex 7.39999 -94.85 3.05176e-06
      vertex 36 -94.85 5.4
    endloop
  endfacet
  facet normal 0 -1 -0
    outer loop
      vertex 36 -94.85 5.4
      vertex 7.39999 -94.85 3.05176e-06
      vertex 36 -94.85 3.05176e-06
    endloop
  endfacet
  facet normal 0 0 -1
    outer loop
      vertex 36 -94.85 3.05176e-06
      vertex 23 -71.4 3.05176e-06
      vertex 36 -71.4 3.05176e-06
    endloop
  endfacet
  facet normal 0 0 -1
    outer loop
      vertex 7.39999 -94.85 3.05176e-06
      vertex 23 -70.6 3.05176e-06
      vertex 23 -71.4 3.05176e-06
    endloop
  endfacet
  facet normal -0 0 -1
    outer loop
      vertex 23 -70.6 3.05176e-06
      vertex 7.39999 -94.85 3.05176e-06
      vertex 23 -60.6 3.05176e-06
    endloop
  endfacet
  facet normal 0 0 -1
    outer loop
      vertex 7.39999 -36.35 3.05176e-06
      vertex 23 -60.6 3.05176e-06
      vertex 7.39999 -94.85 3.05176e-06
    endloop
  endfacet
  facet normal 0 0 -1
    outer loop
      vertex 7.39999 -94.85 3.05176e-06
      vertex 23 -71.4 3.05176e-06
      vertex 36 -94.85 3.05176e-06
    endloop
  endfacet
  facet normal 0 0 -1
    outer loop
      vertex 23 -70.6 3.05176e-06
      vertex 36 -60.6 3.05176e-06
      vertex 36 -70.6 3.05176e-06
    endloop
  endfacet
  facet normal -0 0 -1
    outer loop
      vertex 36 -60.6 3.05176e-06
      vertex 23 -70.6 3.05176e-06
      vertex 23 -60.6 3.05176e-06
    endloop
  endfacet
  facet normal 0 0 -1
    outer loop
      vertex 23 -59.8 3.05176e-06
      vertex 36 -36.35 3.05176e-06
      vertex 36 -59.8 3.05176e-06
    endloop
  endfacet
  facet normal 0 0 -1
    outer loop
      vertex 23 -59.8 3.05176e-06
      vertex 7.39999 -36.35 3.05176e-06
      vertex 36 -36.35 3.05176e-06
    endloop
  endfacet
  facet normal 0 0 -1
    outer loop
      vertex 23 -60.6 3.05176e-06
      vertex 7.39999 -36.35 3.05176e-06
      vertex 23 -59.8 3.05176e-06
    endloop
  endfacet
  facet normal 0 1 -0
    outer loop
      vertex 7.39999 -36.35 3.05176e-06
      vertex 6 -36.35 5.4
      vertex 36 -36.35 5.4
    endloop
  endfacet
  facet normal 0 1 0
    outer loop
      vertex 7.39999 -36.35 3.05176e-06
      vertex 36 -36.35 5.4
      vertex 36 -36.35 3.05176e-06
    endloop
  endfacet
  facet normal 0 1 0
    outer loop
      vertex 6 -36.35 5.4
      vertex 7.39999 -36.35 3.05176e-06
      vertex 6 -36.35 1.4
    endloop
  endfacet
  facet normal 1 0 0
    outer loop
      vertex 23 -59.8 2.05001
      vertex 23 -60.6 1.2
      vertex 23 -59.8 3.05176e-06
    endloop
  endfacet
  facet normal 1 0 0
    outer loop
      vertex 23 -59.8 2.05001
      vertex 23 -70.6 1.2
      vertex 23 -60.6 1.2
    endloop
  endfacet
  facet normal 1 -0 0
    outer loop
      vertex 23 -71.4 2.05001
      vertex 23 -70.6 1.2
      vertex 23 -59.8 2.05001
    endloop
  endfacet
  facet normal 1 0 0
    outer loop
      vertex 23 -71.4 3.05176e-06
      vertex 23 -70.6 1.2
      vertex 23 -71.4 2.05001
    endloop
  endfacet
  facet normal 1 0 0
    outer loop
      vertex 23 -70.6 1.2
      vertex 23 -71.4 3.05176e-06
      vertex 23 -70.6 3.05176e-06
    endloop
  endfacet
  facet normal 1 0 0
    outer loop
      vertex 23 -59.8 3.05176e-06
      vertex 23 -60.6 1.2
      vertex 23 -60.6 3.05176e-06
    endloop
  endfacet
  facet normal 0 -1 0
    outer loop
      vertex 32.4099 -70.6 1.2
      vertex 34.15 -70.6 2.65
      vertex 33.85 -70.6 2.65
    endloop
  endfacet
  facet normal 0 -1 0
    outer loop
      vertex 32.4099 -70.6 1.2
      vertex 35.5901 -70.6 1.2
      vertex 34.15 -70.6 2.65
    endloop
  endfacet
  facet normal 0 -1 0
    outer loop
      vertex 32.4 -70.6 1.19001
      vertex 35.5901 -70.6 1.2
      vertex 32.4099 -70.6 1.2
    endloop
  endfacet
  facet normal 0 -1 -0
    outer loop
      vertex 35.5901 -70.6 1.2
      vertex 32.4 -70.6 1.19001
      vertex 35.6 -70.6 1.19001
    endloop
  endfacet
  facet normal 0 -1 0
    outer loop
      vertex 23 -70.6 1.2
      vertex 32.4 -70.6 1.19001
      vertex 32.4099 -70.6 1.2
    endloop
  endfacet
  facet normal 0 -1 0
    outer loop
      vertex 36 -70.6 3.05176e-06
      vertex 32.4 -70.6 1.19001
      vertex 23 -70.6 3.05176e-06
    endloop
  endfacet
  facet normal 0 -1 0
    outer loop
      vertex 23 -70.6 3.05176e-06
      vertex 32.4 -70.6 1.19001
      vertex 23 -70.6 1.2
    endloop
  endfacet
  facet normal 0 -1 0
    outer loop
      vertex 35.6 -70.6 1.19001
      vertex 36 -70.6 1.2
      vertex 35.5901 -70.6 1.2
    endloop
  endfacet
  facet normal 0 -1 0
    outer loop
      vertex 32.4 -70.6 1.19001
      vertex 36 -70.6 3.05176e-06
      vertex 35.6 -70.6 1.19001
    endloop
  endfacet
  facet normal 0 -1 0
    outer loop
      vertex 35.6 -70.6 1.19001
      vertex 36 -70.6 3.05176e-06
      vertex 36 -70.6 1.2
    endloop
  endfacet
  facet normal 0 1 -0
    outer loop
      vertex 36 -71.4 3.05176e-06
      vertex 23 -71.4 2.05001
      vertex 36 -71.4 2.05001
    endloop
  endfacet
  facet normal 0 1 0
    outer loop
      vertex 23 -71.4 2.05001
      vertex 36 -71.4 3.05176e-06
      vertex 23 -71.4 3.05176e-06
    endloop
  endfacet
  facet normal 0 -1 0
    outer loop
      vertex 23 -59.8 3.05176e-06
      vertex 36 -59.8 2.05001
      vertex 23 -59.8 2.05001
    endloop
  endfacet
  facet normal 0 -1 -0
    outer loop
      vertex 36 -59.8 2.05001
      vertex 23 -59.8 3.05176e-06
      vertex 36 -59.8 3.05176e-06
    endloop
  endfacet
  facet normal 0 1 0
    outer loop
      vertex 35.5901 -60.6 1.2
      vertex 33.85 -60.6 2.65
      vertex 34.15 -60.6 2.65
    endloop
  endfacet
  facet normal 0 1 0
    outer loop
      vertex 35.5901 -60.6 1.2
      vertex 32.4099 -60.6 1.2
      vertex 33.85 -60.6 2.65
    endloop
  endfacet
  facet normal 0 1 0
    outer loop
      vertex 35.6 -60.6 1.19001
      vertex 32.4099 -60.6 1.2
      vertex 35.5901 -60.6 1.2
    endloop
  endfacet
  facet normal 0 1 0
    outer loop
      vertex 32.4099 -60.6 1.2
      vertex 35.6 -60.6 1.19001
      vertex 32.4 -60.6 1.19001
    endloop
  endfacet
  facet normal 0 1 0
    outer loop
      vertex 36 -60.6 1.2
      vertex 35.6 -60.6 1.19001
      vertex 35.5901 -60.6 1.2
    endloop
  endfacet
  facet normal 0 1 0
    outer loop
      vertex 35.6 -60.6 1.19001
      vertex 36 -60.6 3.05176e-06
      vertex 32.4 -60.6 1.19001
    endloop
  endfacet
  facet normal 0 1 -0
    outer loop
      vertex 36 -60.6 3.05176e-06
      vertex 35.6 -60.6 1.19001
      vertex 36 -60.6 1.2
    endloop
  endfacet
  facet normal 0 1 -0
    outer loop
      vertex 32.4 -60.6 1.19001
      vertex 23 -60.6 1.2
      vertex 32.4099 -60.6 1.2
    endloop
  endfacet
  facet normal 0 1 0
    outer loop
      vertex 23 -60.6 3.05176e-06
      vertex 32.4 -60.6 1.19001
      vertex 36 -60.6 3.05176e-06
    endloop
  endfacet
  facet normal 0 1 0
    outer loop
      vertex 32.4 -60.6 1.19001
      vertex 23 -60.6 3.05176e-06
      vertex 23 -60.6 1.2
    endloop
  endfacet
  facet normal 0 0 1
    outer loop
      vertex 19.25 -49.6773 1.6
      vertex 16.825 -60.775 1.6
      vertex 19.25 -60.775 1.6
    endloop
  endfacet
  facet normal 0 0 1
    outer loop
      vertex 19.25 -49.6773 1.6
      vertex 16.678 -60.7822 1.6
      vertex 16.825 -60.775 1.6
    endloop
  endfacet
  facet normal 0 0 1
    outer loop
      vertex 19.25 -49.6773 1.6
      vertex 16.5324 -60.8038 1.6
      vertex 16.678 -60.7822 1.6
    endloop
  endfacet
  facet normal 0 0 1
    outer loop
      vertex 19.25 -49.6773 1.6
      vertex 16.3896 -60.8396 1.6
      vertex 16.5324 -60.8038 1.6
    endloop
  endfacet
  facet normal 0 0 1
    outer loop
      vertex 19.25 -49.6773 1.6
      vertex 16.251 -60.8892 1.6
      vertex 16.3896 -60.8396 1.6
    endloop
  endfacet
  facet normal 0 0 1
    outer loop
      vertex 19.25 -49.6773 1.6
      vertex 16.1179 -60.9521 1.6
      vertex 16.251 -60.8892 1.6
    endloop
  endfacet
  facet normal 0 0 1
    outer loop
      vertex 19.25 -49.6773 1.6
      vertex 15.9916 -61.0278 1.6
      vertex 16.1179 -60.9521 1.6
    endloop
  endfacet
  facet normal 0 0 1
    outer loop
      vertex 19.25 -49.6773 1.6
      vertex 15.8734 -61.1155 1.6
      vertex 15.9916 -61.0278 1.6
    endloop
  endfacet
  facet normal 0 0 1
    outer loop
      vertex 19.25 -49.6773 1.6
      vertex 15.7643 -61.2143 1.6
      vertex 15.8734 -61.1155 1.6
    endloop
  endfacet
  facet normal 0 0 1
    outer loop
      vertex 6 -39.426 1.6
      vertex 15.7643 -61.2143 1.6
      vertex 19.25 -49.6773 1.6
    endloop
  endfacet
  facet normal 0 0 1
    outer loop
      vertex 15.7643 -61.2143 1.6
      vertex 6 -39.426 1.6
      vertex 15.6655 -61.3234 1.6
    endloop
  endfacet
  facet normal 0 0 1
    outer loop
      vertex 15.6655 -61.3234 1.6
      vertex 6 -39.426 1.6
      vertex 15.5778 -61.4417 1.6
    endloop
  endfacet
  facet normal 0 0 1
    outer loop
      vertex 15.5778 -61.4417 1.6
      vertex 6 -39.426 1.6
      vertex 15.5021 -61.5679 1.6
    endloop
  endfacet
  facet normal 0 0 1
    outer loop
      vertex 15.5021 -61.5679 1.6
      vertex 6 -39.426 1.6
      vertex 15.4392 -61.701 1.6
    endloop
  endfacet
  facet normal 0 0 1
    outer loop
      vertex 6 -91.774 1.6
      vertex 15.3322 -68.778 1.6
      vertex 6 -39.426 1.6
    endloop
  endfacet
  facet normal 0 0 1
    outer loop
      vertex 15.3322 -62.128 1.6
      vertex 6 -39.426 1.6
      vertex 15.325 -62.275 1.6
    endloop
  endfacet
  facet normal 0 0 1
    outer loop
      vertex 15.3538 -61.9824 1.6
      vertex 6 -39.426 1.6
      vertex 15.3322 -62.128 1.6
    endloop
  endfacet
  facet normal 0 0 1
    outer loop
      vertex 15.3896 -61.8396 1.6
      vertex 6 -39.426 1.6
      vertex 15.3538 -61.9824 1.6
    endloop
  endfacet
  facet normal 0 0 1
    outer loop
      vertex 15.4392 -61.701 1.6
      vertex 6 -39.426 1.6
      vertex 15.3896 -61.8396 1.6
    endloop
  endfacet
  facet normal -0 0 1
    outer loop
      vertex 16.825 -63.775 1.6
      vertex 19.25 -67.425 1.6
      vertex 19.25 -63.775 1.6
    endloop
  endfacet
  facet normal 0 0 1
    outer loop
      vertex 16.825 -63.775 1.6
      vertex 16.825 -67.425 1.6
      vertex 19.25 -67.425 1.6
    endloop
  endfacet
  facet normal 0 0 1
    outer loop
      vertex 16.678 -63.7678 1.6
      vertex 16.825 -67.425 1.6
      vertex 16.825 -63.775 1.6
    endloop
  endfacet
  facet normal 0 0 1
    outer loop
      vertex 16.678 -63.7678 1.6
      vertex 16.678 -67.4322 1.6
      vertex 16.825 -67.425 1.6
    endloop
  endfacet
  facet normal 0 0 1
    outer loop
      vertex 16.5324 -63.7462 1.6
      vertex 16.678 -67.4322 1.6
      vertex 16.678 -63.7678 1.6
    endloop
  endfacet
  facet normal 0 0 1
    outer loop
      vertex 16.5324 -63.7462 1.6
      vertex 16.5324 -67.4538 1.6
      vertex 16.678 -67.4322 1.6
    endloop
  endfacet
  facet normal 0 0 1
    outer loop
      vertex 16.3896 -63.7104 1.6
      vertex 16.5324 -67.4538 1.6
      vertex 16.5324 -63.7462 1.6
    endloop
  endfacet
  facet normal 0 0 1
    outer loop
      vertex 16.3896 -63.7104 1.6
      vertex 16.3896 -67.4896 1.6
      vertex 16.5324 -67.4538 1.6
    endloop
  endfacet
  facet normal 0 0 1
    outer loop
      vertex 16.251 -63.6608 1.6
      vertex 16.3896 -67.4896 1.6
      vertex 16.3896 -63.7104 1.6
    endloop
  endfacet
  facet normal 0 0 1
    outer loop
      vertex 16.251 -63.6608 1.6
      vertex 16.251 -67.5392 1.6
      vertex 16.3896 -67.4896 1.6
    endloop
  endfacet
  facet normal 0 0 1
    outer loop
      vertex 16.1179 -63.5979 1.6
      vertex 16.251 -67.5392 1.6
      vertex 16.251 -63.6608 1.6
    endloop
  endfacet
  facet normal 0 0 1
    outer loop
      vertex 16.1179 -63.5979 1.6
      vertex 16.1179 -67.6021 1.6
      vertex 16.251 -67.5392 1.6
    endloop
  endfacet
  facet normal 0 0 1
    outer loop
      vertex 15.9916 -63.5222 1.6
      vertex 16.1179 -67.6021 1.6
      vertex 16.1179 -63.5979 1.6
    endloop
  endfacet
  facet normal 0 0 1
    outer loop
      vertex 15.9916 -63.5222 1.6
      vertex 15.9916 -67.6778 1.6
      vertex 16.1179 -67.6021 1.6
    endloop
  endfacet
  facet normal 0 0 1
    outer loop
      vertex 15.8734 -63.4345 1.6
      vertex 15.9916 -67.6778 1.6
      vertex 15.9916 -63.5222 1.6
    endloop
  endfacet
  facet normal 0 0 1
    outer loop
      vertex 15.8734 -63.4345 1.6
      vertex 15.8734 -67.7655 1.6
      vertex 15.9916 -67.6778 1.6
    endloop
  endfacet
  facet normal 0 0 1
    outer loop
      vertex 15.7643 -63.3357 1.6
      vertex 15.8734 -67.7655 1.6
      vertex 15.8734 -63.4345 1.6
    endloop
  endfacet
  facet normal 0 0 1
    outer loop
      vertex 15.7643 -63.3357 1.6
      vertex 15.7643 -67.8643 1.6
      vertex 15.8734 -67.7655 1.6
    endloop
  endfacet
  facet normal 0 0 1
    outer loop
      vertex 15.6655 -63.2266 1.6
      vertex 15.7643 -67.8643 1.6
      vertex 15.7643 -63.3357 1.6
    endloop
  endfacet
  facet normal 0 0 1
    outer loop
      vertex 15.6655 -63.2266 1.6
      vertex 15.6655 -67.9734 1.6
      vertex 15.7643 -67.8643 1.6
    endloop
  endfacet
  facet normal 0 0 1
    outer loop
      vertex 15.5778 -63.1084 1.6
      vertex 15.6655 -67.9734 1.6
      vertex 15.6655 -63.2266 1.6
    endloop
  endfacet
  facet normal 0 0 1
    outer loop
      vertex 15.5778 -63.1084 1.6
      vertex 15.5778 -68.0916 1.6
      vertex 15.6655 -67.9734 1.6
    endloop
  endfacet
  facet normal 0 0 1
    outer loop
      vertex 15.5021 -62.9821 1.6
      vertex 15.5778 -68.0916 1.6
      vertex 15.5778 -63.1084 1.6
    endloop
  endfacet
  facet normal 0 0 1
    outer loop
      vertex 15.5021 -62.9821 1.6
      vertex 15.5021 -68.2179 1.6
      vertex 15.5778 -68.0916 1.6
    endloop
  endfacet
  facet normal 0 0 1
    outer loop
      vertex 15.4392 -62.849 1.6
      vertex 15.5021 -68.2179 1.6
      vertex 15.5021 -62.9821 1.6
    endloop
  endfacet
  facet normal 0 0 1
    outer loop
      vertex 15.4392 -62.849 1.6
      vertex 15.4392 -68.351 1.6
      vertex 15.5021 -68.2179 1.6
    endloop
  endfacet
  facet normal 0 0 1
    outer loop
      vertex 15.3896 -62.7104 1.6
      vertex 15.4392 -68.351 1.6
      vertex 15.4392 -62.849 1.6
    endloop
  endfacet
  facet normal 0 0 1
    outer loop
      vertex 15.3896 -62.7104 1.6
      vertex 15.3896 -68.4896 1.6
      vertex 15.4392 -68.351 1.6
    endloop
  endfacet
  facet normal 0 0 1
    outer loop
      vertex 15.3538 -62.5676 1.6
      vertex 15.3896 -68.4896 1.6
      vertex 15.3896 -62.7104 1.6
    endloop
  endfacet
  facet normal 0 0 1
    outer loop
      vertex 15.3538 -62.5676 1.6
      vertex 15.3538 -68.6324 1.6
      vertex 15.3896 -68.4896 1.6
    endloop
  endfacet
  facet normal 0 0 1
    outer loop
      vertex 15.3322 -62.422 1.6
      vertex 15.3538 -68.6324 1.6
      vertex 15.3538 -62.5676 1.6
    endloop
  endfacet
  facet normal 0 0 1
    outer loop
      vertex 15.3322 -62.422 1.6
      vertex 15.3322 -68.778 1.6
      vertex 15.3538 -68.6324 1.6
    endloop
  endfacet
  facet normal 0 0 1
    outer loop
      vertex 6 -39.426 1.6
      vertex 15.3322 -62.422 1.6
      vertex 15.325 -62.275 1.6
    endloop
  endfacet
  facet normal 0 0 1
    outer loop
      vertex 15.3322 -62.422 1.6
      vertex 6 -39.426 1.6
      vertex 15.3322 -68.778 1.6
    endloop
  endfacet
  facet normal -0 0 1
    outer loop
      vertex 16.825 -70.425 1.6
      vertex 19.25 -81.5227 1.6
      vertex 19.25 -70.425 1.6
    endloop
  endfacet
  facet normal 0 0 1
    outer loop
      vertex 16.678 -70.4178 1.6
      vertex 19.25 -81.5227 1.6
      vertex 16.825 -70.425 1.6
    endloop
  endfacet
  facet normal 0 0 1
    outer loop
      vertex 16.5324 -70.3962 1.6
      vertex 19.25 -81.5227 1.6
      vertex 16.678 -70.4178 1.6
    endloop
  endfacet
  facet normal 0 0 1
    outer loop
      vertex 16.3896 -70.3604 1.6
      vertex 19.25 -81.5227 1.6
      vertex 16.5324 -70.3962 1.6
    endloop
  endfacet
  facet normal 0 0 1
    outer loop
      vertex 16.251 -70.3108 1.6
      vertex 19.25 -81.5227 1.6
      vertex 16.3896 -70.3604 1.6
    endloop
  endfacet
  facet normal 0 0 1
    outer loop
      vertex 16.1179 -70.2479 1.6
      vertex 19.25 -81.5227 1.6
      vertex 16.251 -70.3108 1.6
    endloop
  endfacet
  facet normal 0 0 1
    outer loop
      vertex 15.9916 -70.1722 1.6
      vertex 19.25 -81.5227 1.6
      vertex 16.1179 -70.2479 1.6
    endloop
  endfacet
  facet normal 0 0 1
    outer loop
      vertex 15.8734 -70.0845 1.6
      vertex 19.25 -81.5227 1.6
      vertex 15.9916 -70.1722 1.6
    endloop
  endfacet
  facet normal 0 0 1
    outer loop
      vertex 15.7643 -69.9856 1.6
      vertex 19.25 -81.5227 1.6
      vertex 15.8734 -70.0845 1.6
    endloop
  endfacet
  facet normal 0 0 1
    outer loop
      vertex 6 -91.774 1.6
      vertex 15.7643 -69.9856 1.6
      vertex 15.6655 -69.8766 1.6
    endloop
  endfacet
  facet normal 0 0 1
    outer loop
      vertex 6 -91.774 1.6
      vertex 15.6655 -69.8766 1.6
      vertex 15.5778 -69.7583 1.6
    endloop
  endfacet
  facet normal 0 0 1
    outer loop
      vertex 6 -91.774 1.6
      vertex 15.5778 -69.7583 1.6
      vertex 15.5021 -69.6321 1.6
    endloop
  endfacet
  facet normal 0 0 1
    outer loop
      vertex 6 -91.774 1.6
      vertex 15.5021 -69.6321 1.6
      vertex 15.4392 -69.499 1.6
    endloop
  endfacet
  facet normal 0 0 1
    outer loop
      vertex 6 -91.774 1.6
      vertex 15.4392 -69.499 1.6
      vertex 15.3896 -69.3604 1.6
    endloop
  endfacet
  facet normal 0 0 1
    outer loop
      vertex 15.3322 -68.778 1.6
      vertex 6 -91.774 1.6
      vertex 15.325 -68.925 1.6
    endloop
  endfacet
  facet normal 0 0 1
    outer loop
      vertex 15.325 -68.925 1.6
      vertex 6 -91.774 1.6
      vertex 15.3322 -69.072 1.6
    endloop
  endfacet
  facet normal 0 0 1
    outer loop
      vertex 15.3322 -69.072 1.6
      vertex 6 -91.774 1.6
      vertex 15.3538 -69.2176 1.6
    endloop
  endfacet
  facet normal 0 0 1
    outer loop
      vertex 15.7643 -69.9856 1.6
      vertex 6 -91.774 1.6
      vertex 19.25 -81.5227 1.6
    endloop
  endfacet
  facet normal 0 0 1
    outer loop
      vertex 15.3538 -69.2176 1.6
      vertex 6 -91.774 1.6
      vertex 15.3896 -69.3604 1.6
    endloop
  endfacet
  facet normal 0 0 -1
    outer loop
      vertex 15.5778 -69.7584 2.6
      vertex 15.5778 -69.7583 2.6
      vertex 15.6655 -69.8766 2.6
    endloop
  endfacet
  facet normal -0 -0 -1
    outer loop
      vertex 15.5778 -69.7583 2.6
      vertex 15.5778 -69.7584 2.6
      vertex 15.5579 -69.7252 2.6
    endloop
  endfacet
  facet normal 0 0 -1
    outer loop
      vertex 15.5778 -61.4417 2.6
      vertex 15.5778 -61.4416 2.6
      vertex 15.6655 -61.3234 2.6
    endloop
  endfacet
  facet normal 0 -0 -1
    outer loop
      vertex 15.5778 -61.4416 2.6
      vertex 15.5778 -61.4417 2.6
      vertex 15.5579 -61.4748 2.6
    endloop
  endfacet
  facet normal 0 0 -1
    outer loop
      vertex 16.678 -60.7822 2.6
      vertex 16.825 -60.775 2.6
      vertex 19.25 -60.775 2.6
    endloop
  endfacet
  facet normal 0 0 1
    outer loop
      vertex 19.25 -60.775 2.6
      vertex 16.825 -60.775 2.6
      vertex 16.678 -60.7822 2.6
    endloop
  endfacet
  facet normal -0.611921 0.790919 0
    outer loop
      vertex 19.25 -81.5227 1.6
      vertex 6 -91.774 2.05001
      vertex 19.25 -81.5227 2.05001
    endloop
  endfacet
  facet normal -0.611921 0.790919 0
    outer loop
      vertex 6 -91.774 2.05001
      vertex 19.25 -81.5227 1.6
      vertex 6 -91.774 1.6
    endloop
  endfacet
  facet normal 0 0 0
    outer loop
      vertex 19.25 -70.425 1.6
      vertex 19.25 -70.425 2.05001
      vertex 19.25 -70.425 2.6
    endloop
  endfacet
  facet normal -1 0 0
    outer loop
      vertex 19.25 -81.5227 1.6
      vertex 19.25 -70.425 2.05001
      vertex 19.25 -70.425 1.6
    endloop
  endfacet
  facet normal -1 -0 0
    outer loop
      vertex 19.25 -70.425 2.05001
      vertex 19.25 -81.5227 1.6
      vertex 19.25 -81.5227 2.05001
    endloop
  endfacet
  facet normal 0 -1 0
    outer loop
      vertex 16.825 -70.425 1.6
      vertex 19.25 -70.425 2.6
      vertex 16.825 -70.425 2.6
    endloop
  endfacet
  facet normal 0 -1 -0
    outer loop
      vertex 19.25 -70.425 2.6
      vertex 16.825 -70.425 1.6
      vertex 19.25 -70.425 1.6
    endloop
  endfacet
  facet normal -0.0489209 -0.998803 0
    outer loop
      vertex 16.678 -70.4178 1.6
      vertex 16.825 -70.425 2.6
      vertex 16.678 -70.4178 2.6
    endloop
  endfacet
  facet normal -0.0489209 -0.998803 -0
    outer loop
      vertex 16.825 -70.425 2.6
      vertex 16.678 -70.4178 1.6
      vertex 16.825 -70.425 1.6
    endloop
  endfacet
  facet normal -0.146746 -0.989174 0
    outer loop
      vertex 16.5324 -70.3962 1.6
      vertex 16.678 -70.4178 2.6
      vertex 16.5324 -70.3962 2.6
    endloop
  endfacet
  facet normal -0.146746 -0.989174 -0
    outer loop
      vertex 16.678 -70.4178 2.6
      vertex 16.5324 -70.3962 1.6
      vertex 16.678 -70.4178 1.6
    endloop
  endfacet
  facet normal -0.243175 -0.969982 0
    outer loop
      vertex 16.3896 -70.3604 1.6
      vertex 16.5324 -70.3962 2.6
      vertex 16.3896 -70.3604 2.6
    endloop
  endfacet
  facet normal -0.243175 -0.969982 -0
    outer loop
      vertex 16.5324 -70.3962 2.6
      vertex 16.3896 -70.3604 1.6
      vertex 16.5324 -70.3962 1.6
    endloop
  endfacet
  facet normal -0.337405 -0.94136 -0
    outer loop
      vertex 16.251 -70.3108 2.05001
      vertex 16.251 -70.3108 1.6
      vertex 16.2789 -70.3208 2.05001
    endloop
  endfacet
  facet normal -0.336821 -0.941569 0
    outer loop
      vertex 16.2789 -70.3208 2.05001
      vertex 16.3896 -70.3604 2.6
      vertex 16.2789 -70.3208 2.6
    endloop
  endfacet
  facet normal -0.336939 -0.941527 -3.26063e-05
    outer loop
      vertex 16.3896 -70.3604 1.6
      vertex 16.2789 -70.3208 2.05001
      vertex 16.251 -70.3108 1.6
    endloop
  endfacet
  facet normal -0.336821 -0.941569 0
    outer loop
      vertex 16.2789 -70.3208 2.05001
      vertex 16.3896 -70.3604 1.6
      vertex 16.3896 -70.3604 2.6
    endloop
  endfacet
  facet normal -0.427445 -0.904041 0
    outer loop
      vertex 16.1179 -70.2479 2.6
      vertex 16.2209 -70.2966 2.05001
      vertex 16.2209 -70.2966 2.6
    endloop
  endfacet
  facet normal -0.427445 -0.904041 0
    outer loop
      vertex 16.1179 -70.2479 1.6
      vertex 16.2209 -70.2966 2.05001
      vertex 16.1179 -70.2479 2.6
    endloop
  endfacet
  facet normal -0.427269 -0.904125 -4.93601e-05
    outer loop
      vertex 16.251 -70.3108 1.6
      vertex 16.2209 -70.2966 2.05001
      vertex 16.1179 -70.2479 1.6
    endloop
  endfacet
  facet normal -0.426665 -0.90441 0
    outer loop
      vertex 16.2209 -70.2966 2.05001
      vertex 16.251 -70.3108 1.6
      vertex 16.251 -70.3108 2.05001
    endloop
  endfacet
  facet normal -0.514096 -0.857733 0
    outer loop
      vertex 15.9916 -70.1722 1.6
      vertex 16.1179 -70.2479 2.6
      vertex 15.9916 -70.1722 2.6
    endloop
  endfacet
  facet normal -0.514096 -0.857733 -0
    outer loop
      vertex 16.1179 -70.2479 2.6
      vertex 15.9916 -70.1722 1.6
      vertex 16.1179 -70.2479 1.6
    endloop
  endfacet
  facet normal -0.596359 -0.802718 -0
    outer loop
      vertex 15.8734 -70.0845 2.05001
      vertex 15.8734 -70.0845 1.6
      vertex 15.9158 -70.116 2.05001
    endloop
  endfacet
  facet normal -0.595582 -0.803294 0
    outer loop
      vertex 15.9158 -70.116 2.05001
      vertex 15.9916 -70.1722 2.6
      vertex 15.9158 -70.116 2.6
    endloop
  endfacet
  facet normal -0.595861 -0.803088 -7.2773e-05
    outer loop
      vertex 15.9916 -70.1722 1.6
      vertex 15.9158 -70.116 2.05001
      vertex 15.8734 -70.0845 1.6
    endloop
  endfacet
  facet normal -0.595582 -0.803294 0
    outer loop
      vertex 15.9158 -70.116 2.05001
      vertex 15.9916 -70.1722 1.6
      vertex 15.9916 -70.1722 2.6
    endloop
  endfacet
  facet normal -0.671624 -0.740892 0
    outer loop
      vertex 15.7643 -69.9856 1.6
      vertex 15.8734 -70.0845 2.05001
      vertex 15.7643 -69.9856 2.05001
    endloop
  endfacet
  facet normal -0.671624 -0.740892 -0
    outer loop
      vertex 15.8734 -70.0845 2.05001
      vertex 15.7643 -69.9856 1.6
      vertex 15.8734 -70.0845 1.6
    endloop
  endfacet
  facet normal -0.740893 -0.671623 0
    outer loop
      vertex 15.6655 -69.8766 1.6
      vertex 15.7324 -69.9504 2.05001
      vertex 15.6655 -69.8766 2.6
    endloop
  endfacet
  facet normal -0.740924 -0.671589 9.96939e-06
    outer loop
      vertex 15.7643 -69.9856 1.6
      vertex 15.7324 -69.9504 2.05001
      vertex 15.6655 -69.8766 1.6
    endloop
  endfacet
  facet normal -0.740987 -0.671519 0
    outer loop
      vertex 15.7324 -69.9504 2.05001
      vertex 15.7643 -69.9856 1.6
      vertex 15.7643 -69.9856 2.05001
    endloop
  endfacet
  facet normal -0.740893 -0.671623 0
    outer loop
      vertex 15.6655 -69.8766 2.6
      vertex 15.7324 -69.9504 2.05001
      vertex 15.7324 -69.9504 2.6
    endloop
  endfacet
  facet normal -0.803329 -0.595536 0
    outer loop
      vertex 15.6655 -69.8766 1.6
      vertex 15.5778 -69.7583 2.6
      vertex 15.5778 -69.7583 1.6
    endloop
  endfacet
  facet normal -0.803329 -0.595536 0
    outer loop
      vertex 15.5778 -69.7583 2.6
      vertex 15.6655 -69.8766 1.6
      vertex 15.6655 -69.8766 2.6
    endloop
  endfacet
  facet normal -0.857737 -0.514089 0
    outer loop
      vertex 15.5021 -69.6321 1.6
      vertex 15.5579 -69.7252 2.05001
      vertex 15.5021 -69.6321 2.05001
    endloop
  endfacet
  facet normal -0.857553 -0.514396 -8.62215e-05
    outer loop
      vertex 15.5778 -69.7583 1.6
      vertex 15.5579 -69.7252 2.05001
      vertex 15.5021 -69.6321 1.6
    endloop
  endfacet
  facet normal -0.857036 -0.515257 -0
    outer loop
      vertex 15.5778 -69.7583 2.6
      vertex 15.5579 -69.7252 2.05001
      vertex 15.5778 -69.7583 1.6
    endloop
  endfacet
  facet normal -0.857036 -0.515257 0
    outer loop
      vertex 15.5579 -69.7252 2.05001
      vertex 15.5778 -69.7583 2.6
      vertex 15.5579 -69.7252 2.6
    endloop
  endfacet
  facet normal -0.905008 -0.425395 0
    outer loop
      vertex 15.4392 -69.499 1.6
      vertex 15.4494 -69.5207 2.05001
      vertex 15.4392 -69.499 2.6
    endloop
  endfacet
  facet normal -0.904125 -0.427269 -0.000110343
    outer loop
      vertex 15.5021 -69.6321 1.6
      vertex 15.4494 -69.5207 2.05001
      vertex 15.4392 -69.499 1.6
    endloop
  endfacet
  facet normal -0.903953 -0.427633 0
    outer loop
      vertex 15.4494 -69.5207 2.05001
      vertex 15.5021 -69.6321 1.6
      vertex 15.5021 -69.6321 2.05001
    endloop
  endfacet
  facet normal -0.905008 -0.425395 0
    outer loop
      vertex 15.4392 -69.499 2.6
      vertex 15.4494 -69.5207 2.05001
      vertex 15.4494 -69.5207 2.6
    endloop
  endfacet
  facet normal -0.942287 -0.334805 0
    outer loop
      vertex 15.3896 -69.3604 1.6
      vertex 15.3993 -69.3877 2.05001
      vertex 15.3896 -69.3604 2.05001
    endloop
  endfacet
  facet normal -0.941527 -0.336939 -0.000145822
    outer loop
      vertex 15.4392 -69.499 1.6
      vertex 15.3993 -69.3877 2.05001
      vertex 15.3896 -69.3604 1.6
    endloop
  endfacet
  facet normal -0.941339 -0.337461 -0
    outer loop
      vertex 15.4392 -69.499 2.6
      vertex 15.3993 -69.3877 2.05001
      vertex 15.4392 -69.499 1.6
    endloop
  endfacet
  facet normal -0.941339 -0.337461 0
    outer loop
      vertex 15.3993 -69.3877 2.05001
      vertex 15.4392 -69.499 2.6
      vertex 15.3993 -69.3877 2.6
    endloop
  endfacet
  facet normal -0.9703 -0.241903 0
    outer loop
      vertex 15.3538 -69.2176 2.05001
      vertex 15.3628 -69.2537 2.05001
      vertex 15.3538 -69.2176 2.6
    endloop
  endfacet
  facet normal -0.9703 -0.241903 0
    outer loop
      vertex 15.3538 -69.2176 1.6
      vertex 15.3628 -69.2537 2.05001
      vertex 15.3538 -69.2176 2.05001
    endloop
  endfacet
  facet normal -0.969982 -0.243175 -0.000108377
    outer loop
      vertex 15.3896 -69.3604 1.6
      vertex 15.3628 -69.2537 2.05001
      vertex 15.3538 -69.2176 1.6
    endloop
  endfacet
  facet normal -0.969875 -0.243605 0
    outer loop
      vertex 15.3628 -69.2537 2.05001
      vertex 15.3896 -69.3604 1.6
      vertex 15.3896 -69.3604 2.05001
    endloop
  endfacet
  facet normal -0.9703 -0.241903 0
    outer loop
      vertex 15.3538 -69.2176 2.6
      vertex 15.3628 -69.2537 2.05001
      vertex 15.3628 -69.2537 2.6
    endloop
  endfacet
  facet normal -0.989174 -0.146746 0
    outer loop
      vertex 15.3538 -69.2176 1.6
      vertex 15.3322 -69.072 2.05001
      vertex 15.3322 -69.072 1.6
    endloop
  endfacet
  facet normal -0.989174 -0.146746 0
    outer loop
      vertex 15.3322 -69.072 2.05001
      vertex 15.3538 -69.2176 1.6
      vertex 15.3538 -69.2176 2.05001
    endloop
  endfacet
  facet normal -0.998803 -0.0489209 0
    outer loop
      vertex 15.3322 -69.072 1.6
      vertex 15.325 -68.925 2.05001
      vertex 15.325 -68.925 1.6
    endloop
  endfacet
  facet normal -0.998803 -0.0489209 0
    outer loop
      vertex 15.325 -68.925 2.05001
      vertex 15.3322 -69.072 1.6
      vertex 15.3322 -69.072 2.05001
    endloop
  endfacet
  facet normal -0.998803 0.0489209 0
    outer loop
      vertex 15.325 -68.925 1.6
      vertex 15.3322 -68.778 2.05001
      vertex 15.3322 -68.778 1.6
    endloop
  endfacet
  facet normal -0.998803 0.0489209 0
    outer loop
      vertex 15.3322 -68.778 2.05001
      vertex 15.325 -68.925 1.6
      vertex 15.325 -68.925 2.05001
    endloop
  endfacet
  facet normal -0.989174 0.146746 0
    outer loop
      vertex 15.3322 -68.778 1.6
      vertex 15.3538 -68.6324 2.05001
      vertex 15.3538 -68.6324 1.6
    endloop
  endfacet
  facet normal -0.989174 0.146746 0
    outer loop
      vertex 15.3538 -68.6324 2.05001
      vertex 15.3322 -68.778 1.6
      vertex 15.3322 -68.778 2.05001
    endloop
  endfacet
  facet normal -0.969982 0.243175 0
    outer loop
      vertex 15.3538 -68.6324 1.6
      vertex 15.3896 -68.4896 2.05001
      vertex 15.3896 -68.4896 1.6
    endloop
  endfacet
  facet normal -0.969982 0.243175 0
    outer loop
      vertex 15.3896 -68.4896 2.05001
      vertex 15.3538 -68.6324 1.6
      vertex 15.3538 -68.6324 2.05001
    endloop
  endfacet
  facet normal -0.941527 0.336939 0
    outer loop
      vertex 15.3896 -68.4896 1.6
      vertex 15.4392 -68.351 2.05001
      vertex 15.4392 -68.351 1.6
    endloop
  endfacet
  facet normal -0.941527 0.336939 0
    outer loop
      vertex 15.4392 -68.351 2.05001
      vertex 15.3896 -68.4896 1.6
      vertex 15.3896 -68.4896 2.05001
    endloop
  endfacet
  facet normal -0.904125 0.427269 0
    outer loop
      vertex 15.4392 -68.351 1.6
      vertex 15.5021 -68.2179 2.05001
      vertex 15.5021 -68.2179 1.6
    endloop
  endfacet
  facet normal -0.904125 0.427269 0
    outer loop
      vertex 15.5021 -68.2179 2.05001
      vertex 15.4392 -68.351 1.6
      vertex 15.4392 -68.351 2.05001
    endloop
  endfacet
  facet normal -0.857733 0.514096 0
    outer loop
      vertex 15.5021 -68.2179 1.6
      vertex 15.5778 -68.0916 2.05001
      vertex 15.5778 -68.0916 1.6
    endloop
  endfacet
  facet normal -0.857733 0.514096 0
    outer loop
      vertex 15.5778 -68.0916 2.05001
      vertex 15.5021 -68.2179 1.6
      vertex 15.5021 -68.2179 2.05001
    endloop
  endfacet
  facet normal -0.803088 0.595861 0
    outer loop
      vertex 15.5778 -68.0916 1.6
      vertex 15.6655 -67.9734 2.05001
      vertex 15.6655 -67.9734 1.6
    endloop
  endfacet
  facet normal -0.803088 0.595861 0
    outer loop
      vertex 15.6655 -67.9734 2.05001
      vertex 15.5778 -68.0916 1.6
      vertex 15.5778 -68.0916 2.05001
    endloop
  endfacet
  facet normal -0.74123 0.671251 0
    outer loop
      vertex 15.6655 -67.9734 1.6
      vertex 15.7643 -67.8643 2.05001
      vertex 15.7643 -67.8643 1.6
    endloop
  endfacet
  facet normal -0.74123 0.671251 0
    outer loop
      vertex 15.7643 -67.8643 2.05001
      vertex 15.6655 -67.9734 1.6
      vertex 15.6655 -67.9734 2.05001
    endloop
  endfacet
  facet normal -0.671251 0.74123 0
    outer loop
      vertex 15.8734 -67.7655 1.6
      vertex 15.7643 -67.8643 2.05001
      vertex 15.8734 -67.7655 2.05001
    endloop
  endfacet
  facet normal -0.671251 0.74123 0
    outer loop
      vertex 15.7643 -67.8643 2.05001
      vertex 15.8734 -67.7655 1.6
      vertex 15.7643 -67.8643 1.6
    endloop
  endfacet
  facet normal -0.595861 0.803088 0
    outer loop
      vertex 15.9916 -67.6778 1.6
      vertex 15.8734 -67.7655 2.05001
      vertex 15.9916 -67.6778 2.05001
    endloop
  endfacet
  facet normal -0.595861 0.803088 0
    outer loop
      vertex 15.8734 -67.7655 2.05001
      vertex 15.9916 -67.6778 1.6
      vertex 15.8734 -67.7655 1.6
    endloop
  endfacet
  facet normal -0.514096 0.857733 0
    outer loop
      vertex 16.1179 -67.6021 1.6
      vertex 15.9916 -67.6778 2.05001
      vertex 16.1179 -67.6021 2.05001
    endloop
  endfacet
  facet normal -0.514096 0.857733 0
    outer loop
      vertex 15.9916 -67.6778 2.05001
      vertex 16.1179 -67.6021 1.6
      vertex 15.9916 -67.6778 1.6
    endloop
  endfacet
  facet normal -0.427269 0.904125 0
    outer loop
      vertex 16.251 -67.5392 1.6
      vertex 16.1179 -67.6021 2.05001
      vertex 16.251 -67.5392 2.05001
    endloop
  endfacet
  facet normal -0.427269 0.904125 0
    outer loop
      vertex 16.1179 -67.6021 2.05001
      vertex 16.251 -67.5392 1.6
      vertex 16.1179 -67.6021 1.6
    endloop
  endfacet
  facet normal -0.336939 0.941527 0
    outer loop
      vertex 16.3896 -67.4896 1.6
      vertex 16.251 -67.5392 2.05001
      vertex 16.3896 -67.4896 2.05001
    endloop
  endfacet
  facet normal -0.336939 0.941527 0
    outer loop
      vertex 16.251 -67.5392 2.05001
      vertex 16.3896 -67.4896 1.6
      vertex 16.251 -67.5392 1.6
    endloop
  endfacet
  facet normal -0.243175 0.969982 0
    outer loop
      vertex 16.5324 -67.4538 1.6
      vertex 16.3896 -67.4896 2.05001
      vertex 16.5324 -67.4538 2.05001
    endloop
  endfacet
  facet normal -0.243175 0.969982 0
    outer loop
      vertex 16.3896 -67.4896 2.05001
      vertex 16.5324 -67.4538 1.6
      vertex 16.3896 -67.4896 1.6
    endloop
  endfacet
  facet normal -0.146746 0.989174 0
    outer loop
      vertex 16.678 -67.4322 1.6
      vertex 16.5324 -67.4538 2.05001
      vertex 16.678 -67.4322 2.05001
    endloop
  endfacet
  facet normal -0.146746 0.989174 0
    outer loop
      vertex 16.5324 -67.4538 2.05001
      vertex 16.678 -67.4322 1.6
      vertex 16.5324 -67.4538 1.6
    endloop
  endfacet
  facet normal -0.0489209 0.998803 0
    outer loop
      vertex 16.825 -67.425 1.6
      vertex 16.678 -67.4322 2.05001
      vertex 16.825 -67.425 2.05001
    endloop
  endfacet
  facet normal -0.0489209 0.998803 0
    outer loop
      vertex 16.678 -67.4322 2.05001
      vertex 16.825 -67.425 1.6
      vertex 16.678 -67.4322 1.6
    endloop
  endfacet
  facet normal 0 1 -0
    outer loop
      vertex 19.25 -67.425 1.6
      vertex 16.825 -67.425 2.05001
      vertex 19.25 -67.425 2.05001
    endloop
  endfacet
  facet normal 0 1 0
    outer loop
      vertex 16.825 -67.425 2.05001
      vertex 19.25 -67.425 1.6
      vertex 16.825 -67.425 1.6
    endloop
  endfacet
  facet normal -1 0 0
    outer loop
      vertex 19.25 -67.425 1.6
      vertex 19.25 -63.775 2.05001
      vertex 19.25 -63.775 1.6
    endloop
  endfacet
  facet normal -1 -0 0
    outer loop
      vertex 19.25 -63.775 2.05001
      vertex 19.25 -67.425 1.6
      vertex 19.25 -67.425 2.05001
    endloop
  endfacet
  facet normal 0 -1 0
    outer loop
      vertex 16.825 -63.775 1.6
      vertex 19.25 -63.775 2.05001
      vertex 16.825 -63.775 2.05001
    endloop
  endfacet
  facet normal 0 -1 -0
    outer loop
      vertex 19.25 -63.775 2.05001
      vertex 16.825 -63.775 1.6
      vertex 19.25 -63.775 1.6
    endloop
  endfacet
  facet normal -0.0489209 -0.998803 0
    outer loop
      vertex 16.678 -63.7678 1.6
      vertex 16.825 -63.775 2.05001
      vertex 16.678 -63.7678 2.05001
    endloop
  endfacet
  facet normal -0.0489209 -0.998803 -0
    outer loop
      vertex 16.825 -63.775 2.05001
      vertex 16.678 -63.7678 1.6
      vertex 16.825 -63.775 1.6
    endloop
  endfacet
  facet normal -0.146746 -0.989174 0
    outer loop
      vertex 16.5324 -63.7462 1.6
      vertex 16.678 -63.7678 2.05001
      vertex 16.5324 -63.7462 2.05001
    endloop
  endfacet
  facet normal -0.146746 -0.989174 -0
    outer loop
      vertex 16.678 -63.7678 2.05001
      vertex 16.5324 -63.7462 1.6
      vertex 16.678 -63.7678 1.6
    endloop
  endfacet
  facet normal -0.243175 -0.969982 0
    outer loop
      vertex 16.3896 -63.7104 1.6
      vertex 16.5324 -63.7462 2.05001
      vertex 16.3896 -63.7104 2.05001
    endloop
  endfacet
  facet normal -0.243175 -0.969982 -0
    outer loop
      vertex 16.5324 -63.7462 2.05001
      vertex 16.3896 -63.7104 1.6
      vertex 16.5324 -63.7462 1.6
    endloop
  endfacet
  facet normal -0.336939 -0.941527 0
    outer loop
      vertex 16.251 -63.6608 1.6
      vertex 16.3896 -63.7104 2.05001
      vertex 16.251 -63.6608 2.05001
    endloop
  endfacet
  facet normal -0.336939 -0.941527 -0
    outer loop
      vertex 16.3896 -63.7104 2.05001
      vertex 16.251 -63.6608 1.6
      vertex 16.3896 -63.7104 1.6
    endloop
  endfacet
  facet normal -0.427269 -0.904125 0
    outer loop
      vertex 16.1179 -63.5979 1.6
      vertex 16.251 -63.6608 2.05001
      vertex 16.1179 -63.5979 2.05001
    endloop
  endfacet
  facet normal -0.427269 -0.904125 -0
    outer loop
      vertex 16.251 -63.6608 2.05001
      vertex 16.1179 -63.5979 1.6
      vertex 16.251 -63.6608 1.6
    endloop
  endfacet
  facet normal -0.514096 -0.857733 0
    outer loop
      vertex 15.9916 -63.5222 1.6
      vertex 16.1179 -63.5979 2.05001
      vertex 15.9916 -63.5222 2.05001
    endloop
  endfacet
  facet normal -0.514096 -0.857733 -0
    outer loop
      vertex 16.1179 -63.5979 2.05001
      vertex 15.9916 -63.5222 1.6
      vertex 16.1179 -63.5979 1.6
    endloop
  endfacet
  facet normal -0.595861 -0.803088 0
    outer loop
      vertex 15.8734 -63.4345 1.6
      vertex 15.9916 -63.5222 2.05001
      vertex 15.8734 -63.4345 2.05001
    endloop
  endfacet
  facet normal -0.595861 -0.803088 -0
    outer loop
      vertex 15.9916 -63.5222 2.05001
      vertex 15.8734 -63.4345 1.6
      vertex 15.9916 -63.5222 1.6
    endloop
  endfacet
  facet normal -0.671251 -0.74123 0
    outer loop
      vertex 15.7643 -63.3357 1.6
      vertex 15.8734 -63.4345 2.05001
      vertex 15.7643 -63.3357 2.05001
    endloop
  endfacet
  facet normal -0.671251 -0.74123 -0
    outer loop
      vertex 15.8734 -63.4345 2.05001
      vertex 15.7643 -63.3357 1.6
      vertex 15.8734 -63.4345 1.6
    endloop
  endfacet
  facet normal -0.74123 -0.671251 0
    outer loop
      vertex 15.7643 -63.3357 1.6
      vertex 15.6655 -63.2266 2.05001
      vertex 15.6655 -63.2266 1.6
    endloop
  endfacet
  facet normal -0.74123 -0.671251 0
    outer loop
      vertex 15.6655 -63.2266 2.05001
      vertex 15.7643 -63.3357 1.6
      vertex 15.7643 -63.3357 2.05001
    endloop
  endfacet
  facet normal -0.803088 -0.595861 0
    outer loop
      vertex 15.6655 -63.2266 1.6
      vertex 15.5778 -63.1084 2.05001
      vertex 15.5778 -63.1084 1.6
    endloop
  endfacet
  facet normal -0.803088 -0.595861 0
    outer loop
      vertex 15.5778 -63.1084 2.05001
      vertex 15.6655 -63.2266 1.6
      vertex 15.6655 -63.2266 2.05001
    endloop
  endfacet
  facet normal -0.857733 -0.514096 0
    outer loop
      vertex 15.5778 -63.1084 1.6
      vertex 15.5021 -62.9821 2.05001
      vertex 15.5021 -62.9821 1.6
    endloop
  endfacet
  facet normal -0.857733 -0.514096 0
    outer loop
      vertex 15.5021 -62.9821 2.05001
      vertex 15.5778 -63.1084 1.6
      vertex 15.5778 -63.1084 2.05001
    endloop
  endfacet
  facet normal -0.904125 -0.427269 0
    outer loop
      vertex 15.5021 -62.9821 1.6
      vertex 15.4392 -62.849 2.05001
      vertex 15.4392 -62.849 1.6
    endloop
  endfacet
  facet normal -0.904125 -0.427269 0
    outer loop
      vertex 15.4392 -62.849 2.05001
      vertex 15.5021 -62.9821 1.6
      vertex 15.5021 -62.9821 2.05001
    endloop
  endfacet
  facet normal -0.941527 -0.336939 0
    outer loop
      vertex 15.4392 -62.849 1.6
      vertex 15.3896 -62.7104 2.05001
      vertex 15.3896 -62.7104 1.6
    endloop
  endfacet
  facet normal -0.941527 -0.336939 0
    outer loop
      vertex 15.3896 -62.7104 2.05001
      vertex 15.4392 -62.849 1.6
      vertex 15.4392 -62.849 2.05001
    endloop
  endfacet
  facet normal -0.969982 -0.243175 0
    outer loop
      vertex 15.3896 -62.7104 1.6
      vertex 15.3538 -62.5676 2.05001
      vertex 15.3538 -62.5676 1.6
    endloop
  endfacet
  facet normal -0.969982 -0.243175 0
    outer loop
      vertex 15.3538 -62.5676 2.05001
      vertex 15.3896 -62.7104 1.6
      vertex 15.3896 -62.7104 2.05001
    endloop
  endfacet
  facet normal -0.989174 -0.146746 0
    outer loop
      vertex 15.3538 -62.5676 1.6
      vertex 15.3322 -62.422 2.05001
      vertex 15.3322 -62.422 1.6
    endloop
  endfacet
  facet normal -0.989174 -0.146746 0
    outer loop
      vertex 15.3322 -62.422 2.05001
      vertex 15.3538 -62.5676 1.6
      vertex 15.3538 -62.5676 2.05001
    endloop
  endfacet
  facet normal -0.998803 -0.0489209 0
    outer loop
      vertex 15.3322 -62.422 1.6
      vertex 15.325 -62.275 2.05001
      vertex 15.325 -62.275 1.6
    endloop
  endfacet
  facet normal -0.998803 -0.0489209 0
    outer loop
      vertex 15.325 -62.275 2.05001
      vertex 15.3322 -62.422 1.6
      vertex 15.3322 -62.422 2.05001
    endloop
  endfacet
  facet normal -0.998803 0.0489209 0
    outer loop
      vertex 15.325 -62.275 1.6
      vertex 15.3322 -62.128 2.05001
      vertex 15.3322 -62.128 1.6
    endloop
  endfacet
  facet normal -0.998803 0.0489209 0
    outer loop
      vertex 15.3322 -62.128 2.05001
      vertex 15.325 -62.275 1.6
      vertex 15.325 -62.275 2.05001
    endloop
  endfacet
  facet normal -0.989174 0.146746 0
    outer loop
      vertex 15.3322 -62.128 1.6
      vertex 15.3538 -61.9824 2.05001
      vertex 15.3538 -61.9824 1.6
    endloop
  endfacet
  facet normal -0.989174 0.146746 0
    outer loop
      vertex 15.3538 -61.9824 2.05001
      vertex 15.3322 -62.128 1.6
      vertex 15.3322 -62.128 2.05001
    endloop
  endfacet
  facet normal -0.969875 0.243605 0
    outer loop
      vertex 15.3896 -61.8396 1.6
      vertex 15.3628 -61.9463 2.05001
      vertex 15.3896 -61.8396 2.05001
    endloop
  endfacet
  facet normal -0.969982 0.243175 -0.000108377
    outer loop
      vertex 15.3538 -61.9824 1.6
      vertex 15.3628 -61.9463 2.05001
      vertex 15.3896 -61.8396 1.6
    endloop
  endfacet
  facet normal -0.9703 0.241903 0
    outer loop
      vertex 15.3538 -61.9824 2.05001
      vertex 15.3628 -61.9463 2.05001
      vertex 15.3538 -61.9824 1.6
    endloop
  endfacet
  facet normal -0.9703 0.241903 0
    outer loop
      vertex 15.3628 -61.9463 2.05001
      vertex 15.3538 -61.9824 2.05001
      vertex 15.3628 -61.9463 2.6
    endloop
  endfacet
  facet normal -0.9703 0.241903 0
    outer loop
      vertex 15.3628 -61.9463 2.6
      vertex 15.3538 -61.9824 2.05001
      vertex 15.3538 -61.9824 2.6
    endloop
  endfacet
  facet normal -0.941339 0.337461 0
    outer loop
      vertex 15.4392 -61.701 1.6
      vertex 15.3993 -61.8123 2.05001
      vertex 15.4392 -61.701 2.6
    endloop
  endfacet
  facet normal -0.941527 0.336939 -0.000145822
    outer loop
      vertex 15.3896 -61.8396 1.6
      vertex 15.3993 -61.8123 2.05001
      vertex 15.4392 -61.701 1.6
    endloop
  endfacet
  facet normal -0.942287 0.334805 0
    outer loop
      vertex 15.3993 -61.8123 2.05001
      vertex 15.3896 -61.8396 1.6
      vertex 15.3896 -61.8396 2.05001
    endloop
  endfacet
  facet normal -0.941339 0.337461 0
    outer loop
      vertex 15.4392 -61.701 2.6
      vertex 15.3993 -61.8123 2.05001
      vertex 15.3993 -61.8123 2.6
    endloop
  endfacet
  facet normal -0.903953 0.427633 0
    outer loop
      vertex 15.5021 -61.5679 1.6
      vertex 15.4494 -61.6793 2.05001
      vertex 15.5021 -61.5679 2.05001
    endloop
  endfacet
  facet normal -0.904125 0.427269 -0.000110343
    outer loop
      vertex 15.4392 -61.701 1.6
      vertex 15.4494 -61.6793 2.05001
      vertex 15.5021 -61.5679 1.6
    endloop
  endfacet
  facet normal -0.905008 0.425395 0
    outer loop
      vertex 15.4392 -61.701 2.6
      vertex 15.4494 -61.6793 2.05001
      vertex 15.4392 -61.701 1.6
    endloop
  endfacet
  facet normal -0.905008 0.425395 0
    outer loop
      vertex 15.4494 -61.6793 2.05001
      vertex 15.4392 -61.701 2.6
      vertex 15.4494 -61.6793 2.6
    endloop
  endfacet
  facet normal -0.857036 0.515257 0
    outer loop
      vertex 15.5778 -61.4417 1.6
      vertex 15.5579 -61.4748 2.05001
      vertex 15.5778 -61.4417 2.6
    endloop
  endfacet
  facet normal -0.857553 0.514396 -8.62215e-05
    outer loop
      vertex 15.5021 -61.5679 1.6
      vertex 15.5579 -61.4748 2.05001
      vertex 15.5778 -61.4417 1.6
    endloop
  endfacet
  facet normal -0.857737 0.514089 0
    outer loop
      vertex 15.5579 -61.4748 2.05001
      vertex 15.5021 -61.5679 1.6
      vertex 15.5021 -61.5679 2.05001
    endloop
  endfacet
  facet normal -0.857036 0.515257 0
    outer loop
      vertex 15.5778 -61.4417 2.6
      vertex 15.5579 -61.4748 2.05001
      vertex 15.5579 -61.4748 2.6
    endloop
  endfacet
  facet normal -0.803329 0.595536 0
    outer loop
      vertex 15.5778 -61.4417 1.6
      vertex 15.6655 -61.3234 2.6
      vertex 15.6655 -61.3234 1.6
    endloop
  endfacet
  facet normal -0.803329 0.595536 0
    outer loop
      vertex 15.6655 -61.3234 2.6
      vertex 15.5778 -61.4417 1.6
      vertex 15.5778 -61.4417 2.6
    endloop
  endfacet
  facet normal -0.741934 0.670473 0
    outer loop
      vertex 15.7643 -61.2143 1.6
      vertex 15.7324 -61.2496 2.05001
      vertex 15.7643 -61.2143 2.05001
    endloop
  endfacet
  facet normal -0.74123 0.671251 0.000110967
    outer loop
      vertex 15.6655 -61.3234 1.6
      vertex 15.7324 -61.2496 2.05001
      vertex 15.7643 -61.2143 1.6
    endloop
  endfacet
  facet normal -0.740893 0.671623 0
    outer loop
      vertex 15.6655 -61.3234 2.6
      vertex 15.7324 -61.2496 2.05001
      vertex 15.6655 -61.3234 1.6
    endloop
  endfacet
  facet normal -0.740893 0.671623 0
    outer loop
      vertex 15.7324 -61.2496 2.05001
      vertex 15.6655 -61.3234 2.6
      vertex 15.7324 -61.2496 2.6
    endloop
  endfacet
  facet normal -0.671251 0.74123 0
    outer loop
      vertex 15.8734 -61.1155 1.6
      vertex 15.7643 -61.2143 2.05001
      vertex 15.8734 -61.1155 2.05001
    endloop
  endfacet
  facet normal -0.671251 0.74123 0
    outer loop
      vertex 15.7643 -61.2143 2.05001
      vertex 15.8734 -61.1155 1.6
      vertex 15.7643 -61.2143 1.6
    endloop
  endfacet
  facet normal -0.595582 0.803294 0
    outer loop
      vertex 15.9916 -61.0278 2.6
      vertex 15.9158 -61.084 2.05001
      vertex 15.9158 -61.084 2.6
    endloop
  endfacet
  facet normal -0.595582 0.803294 0
    outer loop
      vertex 15.9916 -61.0278 1.6
      vertex 15.9158 -61.084 2.05001
      vertex 15.9916 -61.0278 2.6
    endloop
  endfacet
  facet normal -0.595861 0.803088 -7.2773e-05
    outer loop
      vertex 15.8734 -61.1155 1.6
      vertex 15.9158 -61.084 2.05001
      vertex 15.9916 -61.0278 1.6
    endloop
  endfacet
  facet normal -0.596359 0.802718 0
    outer loop
      vertex 15.9158 -61.084 2.05001
      vertex 15.8734 -61.1155 1.6
      vertex 15.8734 -61.1155 2.05001
    endloop
  endfacet
  facet normal -0.514096 0.857733 0
    outer loop
      vertex 16.1179 -60.9521 1.6
      vertex 15.9916 -61.0278 2.6
      vertex 16.1179 -60.9521 2.6
    endloop
  endfacet
  facet normal -0.514096 0.857733 0
    outer loop
      vertex 15.9916 -61.0278 2.6
      vertex 16.1179 -60.9521 1.6
      vertex 15.9916 -61.0278 1.6
    endloop
  endfacet
  facet normal -0.426665 0.90441 0
    outer loop
      vertex 16.251 -60.8892 2.05001
      vertex 16.251 -60.8892 1.6
      vertex 16.2209 -60.9034 2.05001
    endloop
  endfacet
  facet normal -0.427445 0.904041 0
    outer loop
      vertex 16.2209 -60.9034 2.05001
      vertex 16.1179 -60.9521 2.6
      vertex 16.2209 -60.9034 2.6
    endloop
  endfacet
  facet normal -0.427269 0.904125 -4.93601e-05
    outer loop
      vertex 16.1179 -60.9521 1.6
      vertex 16.2209 -60.9034 2.05001
      vertex 16.251 -60.8892 1.6
    endloop
  endfacet
  facet normal -0.427445 0.904041 0
    outer loop
      vertex 16.2209 -60.9034 2.05001
      vertex 16.1179 -60.9521 1.6
      vertex 16.1179 -60.9521 2.6
    endloop
  endfacet
  facet normal -0.336821 0.941569 0
    outer loop
      vertex 16.3896 -60.8396 2.6
      vertex 16.2789 -60.8792 2.05001
      vertex 16.2789 -60.8792 2.6
    endloop
  endfacet
  facet normal -0.336821 0.941569 0
    outer loop
      vertex 16.3896 -60.8396 1.6
      vertex 16.2789 -60.8792 2.05001
      vertex 16.3896 -60.8396 2.6
    endloop
  endfacet
  facet normal -0.336939 0.941527 -3.26063e-05
    outer loop
      vertex 16.251 -60.8892 1.6
      vertex 16.2789 -60.8792 2.05001
      vertex 16.3896 -60.8396 1.6
    endloop
  endfacet
  facet normal -0.337405 0.94136 0
    outer loop
      vertex 16.2789 -60.8792 2.05001
      vertex 16.251 -60.8892 1.6
      vertex 16.251 -60.8892 2.05001
    endloop
  endfacet
  facet normal -0.243175 0.969982 0
    outer loop
      vertex 16.5324 -60.8038 1.6
      vertex 16.3896 -60.8396 2.6
      vertex 16.5324 -60.8038 2.6
    endloop
  endfacet
  facet normal -0.243175 0.969982 0
    outer loop
      vertex 16.3896 -60.8396 2.6
      vertex 16.5324 -60.8038 1.6
      vertex 16.3896 -60.8396 1.6
    endloop
  endfacet
  facet normal -0.146746 0.989174 0
    outer loop
      vertex 16.678 -60.7822 1.6
      vertex 16.5324 -60.8038 2.6
      vertex 16.678 -60.7822 2.6
    endloop
  endfacet
  facet normal -0.146746 0.989174 0
    outer loop
      vertex 16.5324 -60.8038 2.6
      vertex 16.678 -60.7822 1.6
      vertex 16.5324 -60.8038 1.6
    endloop
  endfacet
  facet normal -0.0489209 0.998803 0
    outer loop
      vertex 16.825 -60.775 1.6
      vertex 16.678 -60.7822 2.6
      vertex 16.825 -60.775 2.6
    endloop
  endfacet
  facet normal -0.0489209 0.998803 0
    outer loop
      vertex 16.678 -60.7822 2.6
      vertex 16.825 -60.775 1.6
      vertex 16.678 -60.7822 1.6
    endloop
  endfacet
  facet normal 0 1 -0
    outer loop
      vertex 19.25 -60.775 1.6
      vertex 16.825 -60.775 2.6
      vertex 19.25 -60.775 2.6
    endloop
  endfacet
  facet normal 0 1 0
    outer loop
      vertex 16.825 -60.775 2.6
      vertex 19.25 -60.775 1.6
      vertex 16.825 -60.775 1.6
    endloop
  endfacet
  facet normal -1 0 0
    outer loop
      vertex 19.25 -60.775 1.6
      vertex 19.25 -49.6773 2.05001
      vertex 19.25 -49.6773 1.6
    endloop
  endfacet
  facet normal -1 -0 0
    outer loop
      vertex 19.25 -49.6773 2.05001
      vertex 19.25 -60.775 1.6
      vertex 19.25 -60.775 2.05001
    endloop
  endfacet
  facet normal 0 -0 0
    outer loop
      vertex 19.25 -60.775 2.05001
      vertex 19.25 -60.775 1.6
      vertex 19.25 -60.775 2.6
    endloop
  endfacet
  facet normal -0.611921 -0.790919 0
    outer loop
      vertex 6 -39.426 1.6
      vertex 19.25 -49.6773 2.05001
      vertex 6 -39.426 2.05001
    endloop
  endfacet
  facet normal -0.611921 -0.790919 -0
    outer loop
      vertex 19.25 -49.6773 2.05001
      vertex 6 -39.426 1.6
      vertex 19.25 -49.6773 1.6
    endloop
  endfacet
  facet normal -0.707109 0 -0.707105
    outer loop
      vertex 7.39999 -94.85 3.05176e-06
      vertex 6 -36.35 1.4
      vertex 7.39999 -36.35 3.05176e-06
    endloop
  endfacet
  facet normal -0.707109 -0 -0.707105
    outer loop
      vertex 6 -36.35 1.4
      vertex 7.39999 -94.85 3.05176e-06
      vertex 6 -94.85 1.4
    endloop
  endfacet
  facet normal -0 0 1
    outer loop
      vertex 23 -60.6 1.2
      vertex 32.4099 -70.6 1.2
      vertex 32.4099 -60.6 1.2
    endloop
  endfacet
  facet normal 0 0 1
    outer loop
      vertex 32.4099 -70.6 1.2
      vertex 23 -60.6 1.2
      vertex 23 -70.6 1.2
    endloop
  endfacet
  facet normal -0 0 1
    outer loop
      vertex 35.5901 -60.6 1.2
      vertex 36 -70.6 1.2
      vertex 36 -60.6 1.2
    endloop
  endfacet
  facet normal 0 0 1
    outer loop
      vertex 36 -70.6 1.2
      vertex 35.5901 -60.6 1.2
      vertex 35.5901 -70.6 1.2
    endloop
  endfacet
  facet normal 0.709525 -0 0.70468
    outer loop
      vertex 34.15 -70.6 2.65
      vertex 35.5901 -60.6 1.2
      vertex 34.15 -60.6 2.65
    endloop
  endfacet
  facet normal 0.709525 0 0.70468
    outer loop
      vertex 35.5901 -60.6 1.2
      vertex 34.15 -70.6 2.65
      vertex 35.5901 -70.6 1.2
    endloop
  endfacet
  facet normal -0.709525 0 0.70468
    outer loop
      vertex 32.4099 -70.6 1.2
      vertex 33.85 -60.6 2.65
      vertex 32.4099 -60.6 1.2
    endloop
  endfacet
  facet normal -0.709525 0 0.70468
    outer loop
      vertex 33.85 -60.6 2.65
      vertex 32.4099 -70.6 1.2
      vertex 33.85 -70.6 2.65
    endloop
  endfacet
  facet normal -0 0 1
    outer loop
      vertex 33.85 -60.6 2.65
      vertex 34.15 -70.6 2.65
      vertex 34.15 -60.6 2.65
    endloop
  endfacet
  facet normal 0 0 1
    outer loop
      vertex 34.15 -70.6 2.65
      vertex 33.85 -60.6 2.65
      vertex 33.85 -70.6 2.65
    endloop
  endfacet
  facet normal 0.965337 -0.258787 0.0339592
    outer loop
      vertex 99.5001 -97.2545 18.7486
      vertex 99.5001 -97.274 18.6
      vertex 99.6015 -96.8891 18.6507
    endloop
  endfacet
  facet normal -0.256899 -0.958178 -0.12609
    outer loop
      vertex 87.2042 -98.1872 1.5
      vertex 86.826 -98.0858 1.5
      vertex 86.826 -98.0386 1.14132
    endloop
  endfacet
  facet normal 0.965313 -0.241314 0.0996954
    outer loop
      vertex 99.6015 -96.8696 18.6979
      vertex 99.5001 -97.1971 18.887
      vertex 99.6015 -96.8891 18.6507
    endloop
  endfacet
  facet normal 0.965321 -0.258814 0.0342023
    outer loop
      vertex 99.6015 -96.8891 18.6507
      vertex 99.5001 -97.274 18.6
      vertex 99.6015 -96.8958 18.6
    endloop
  endfacet
  facet normal -0.256899 0.958178 0.126083
    outer loop
      vertex 86.826 -33.1142 18.6
      vertex 86.826 -33.1614 18.9587
      vertex 87.2042 -33.0128 18.6
    endloop
  endfacet
  facet normal -0.256756 -0.3699 0.892889
    outer loop
      vertex 87.2042 -97.0849 20.0365
      vertex 86.826 -97.0587 19.9386
      vertex 87.2042 -97.4436 19.8879
    endloop
  endfacet
  facet normal 0 -0.92385 -0.382755
    outer loop
      vertex 87.2042 -97.9879 0.756417
      vertex 98.3101 -98.1365 1.11509
      vertex 87.2042 -98.1365 1.11509
    endloop
  endfacet
  facet normal 0 -0.92385 -0.382755
    outer loop
      vertex 98.3101 -98.1365 1.11509
      vertex 87.2042 -97.9879 0.756417
      vertex 98.3101 -97.9879 0.756417
    endloop
  endfacet
  facet normal -0.864144 -0.0654767 0.498966
    outer loop
      vertex 86.0142 -96.7 19.174
      vertex 86.0142 -96.8486 19.1545
      vertex 86.21 -96.7 19.5131
    endloop
  endfacet
  facet normal 0 0.793399 0.608702
    outer loop
      vertex 98.3101 -33.2121 19.3436
      vertex 87.2042 -33.4484 19.6516
      vertex 98.3101 -33.4484 19.6516
    endloop
  endfacet
  facet normal 0 0.793399 0.608702
    outer loop
      vertex 87.2042 -33.4484 19.6516
      vertex 98.3101 -33.2121 19.3436
      vertex 87.2042 -33.2121 19.3436
    endloop
  endfacet
  facet normal -0.965305 -0.15936 0.206861
    outer loop
      vertex 85.9128 -96.7979 18.7696
      vertex 85.9128 -96.8384 18.7384
      vertex 86.0142 -96.987 19.0971
    endloop
  endfacet
  facet normal 0.866003 -0 0.500039
    outer loop
      vertex 99.3043 -96.7 19.5131
      vertex 99.5001 -34.5 19.174
      vertex 99.3043 -34.5 19.5131
    endloop
  endfacet
  facet normal 0.866003 0 0.500039
    outer loop
      vertex 99.5001 -34.5 19.174
      vertex 99.3043 -96.7 19.5131
      vertex 99.5001 -96.7 19.174
    endloop
  endfacet
  facet normal 0 0.793401 -0.608699
    outer loop
      vertex 98.3101 -33.4484 0.448415
      vertex 87.2042 -33.2121 0.756417
      vertex 98.3101 -33.2121 0.756417
    endloop
  endfacet
  facet normal 0 0.793401 -0.608699
    outer loop
      vertex 87.2042 -33.2121 0.756417
      vertex 98.3101 -33.4484 0.448415
      vertex 87.2042 -33.4484 0.448415
    endloop
  endfacet
  facet normal -0.258843 0 -0.965919
    outer loop
      vertex 86.826 -96.7 0.114182
      vertex 87.2042 -95.9372 0.0128336
      vertex 87.2042 -96.7 0.0128336
    endloop
  endfacet
  facet normal -0.258843 0 -0.965919
    outer loop
      vertex 87.2042 -95.9372 0.0128336
      vertex 86.826 -96.7 0.114182
      vertex 86.826 -95.8358 0.114182
    endloop
  endfacet
  facet normal -0.258843 -0 -0.965919
    outer loop
      vertex 86.826 -34.5 0.114182
      vertex 87.2042 -35.2628 0.0128336
      vertex 86.826 -35.3642 0.114182
    endloop
  endfacet
  facet normal -0.258843 0 -0.965919
    outer loop
      vertex 87.2042 -35.2628 0.0128336
      vertex 86.826 -34.5 0.114182
      vertex 87.2042 -34.5 0.0128336
    endloop
  endfacet
  facet normal -0.965331 0.0340632 -0.258796
    outer loop
      vertex 86.0142 -34.5 0.925976
      vertex 85.9128 -34.4493 1.31088
      vertex 86.0142 -34.3514 0.945535
    endloop
  endfacet
  facet normal 0.965886 -0.258966 0
    outer loop
      vertex 99.5001 -97.274 18.6
      vertex 99.6015 -96.8958 1.5
      vertex 99.6015 -96.8958 18.6
    endloop
  endfacet
  facet normal 0.965886 -0.258966 0
    outer loop
      vertex 99.6015 -96.8958 1.5
      vertex 99.5001 -97.274 18.6
      vertex 99.5001 -97.274 1.5
    endloop
  endfacet
  facet normal 0 -0.608702 0.793399
    outer loop
      vertex 87.2042 -97.4436 19.8879
      vertex 98.3101 -97.7516 19.6516
      vertex 98.3101 -97.4436 19.8879
    endloop
  endfacet
  facet normal 0 -0.608702 0.793399
    outer loop
      vertex 98.3101 -97.7516 19.6516
      vertex 87.2042 -97.4436 19.8879
      vertex 87.2042 -97.7516 19.6516
    endloop
  endfacet
  facet normal 0.704057 -0.432335 -0.563374
    outer loop
      vertex 99.3043 -97.3457 0.854312
      vertex 99.0274 -97.5415 0.658523
      vertex 99.3043 -97.1566 0.709196
    endloop
  endfacet
  facet normal 0.496784 -0.33217 0.801791
    outer loop
      vertex 99.0274 -97.008 19.7495
      vertex 98.6883 -97.0587 19.9386
      vertex 99.0274 -97.295 19.6306
    endloop
  endfacet
  facet normal -0.256779 -0.958193 0.126216
    outer loop
      vertex 87.2042 -98.1365 18.9849
      vertex 86.826 -98.0386 18.9587
      vertex 87.2042 -98.1872 18.6
    endloop
  endfacet
  facet normal -0.70407 0.0925806 0.70407
    outer loop
      vertex 86.4869 -34.192 19.7495
      vertex 86.21 -34.5 19.5131
      vertex 86.4869 -34.5 19.79
    endloop
  endfacet
  facet normal 0 -1 0
    outer loop
      vertex 87.2042 -98.1872 1.5
      vertex 98.3101 -98.1872 18.6
      vertex 87.2042 -98.1872 18.6
    endloop
  endfacet
  facet normal 0 -1 -0
    outer loop
      vertex 98.3101 -98.1872 18.6
      vertex 87.2042 -98.1872 1.5
      vertex 98.3101 -98.1872 1.5
    endloop
  endfacet
  facet normal -0.965886 0.258966 0
    outer loop
      vertex 85.9128 -34.3042 1.5
      vertex 86.0142 -33.926 18.6
      vertex 86.0142 -33.926 1.5
    endloop
  endfacet
  facet normal -0.965886 0.258966 0
    outer loop
      vertex 86.0142 -33.926 18.6
      vertex 85.9128 -34.3042 1.5
      vertex 85.9128 -34.3042 18.6
    endloop
  endfacet
  facet normal -0.500039 0.866003 0
    outer loop
      vertex 86.826 -33.1142 1.5
      vertex 86.4869 -33.31 18.6
      vertex 86.826 -33.1142 18.6
    endloop
  endfacet
  facet normal -0.500039 0.866003 0
    outer loop
      vertex 86.4869 -33.31 18.6
      vertex 86.826 -33.1142 1.5
      vertex 86.4869 -33.31 1.5
    endloop
  endfacet
  facet normal -0.258966 0.965886 0
    outer loop
      vertex 87.2042 -33.0128 1.5
      vertex 86.826 -33.1142 18.6
      vertex 87.2042 -33.0128 18.6
    endloop
  endfacet
  facet normal -0.258966 0.965886 0
    outer loop
      vertex 86.826 -33.1142 18.6
      vertex 87.2042 -33.0128 1.5
      vertex 86.826 -33.1142 1.5
    endloop
  endfacet
  facet normal -0 0.608702 0.793399
    outer loop
      vertex 87.2042 -33.4484 19.6516
      vertex 98.3101 -33.7564 19.8879
      vertex 98.3101 -33.4484 19.6516
    endloop
  endfacet
  facet normal 0 0.608702 0.793399
    outer loop
      vertex 98.3101 -33.7564 19.8879
      vertex 87.2042 -33.4484 19.6516
      vertex 87.2042 -33.7564 19.8879
    endloop
  endfacet
  facet normal 0.704047 -0.0926937 -0.704078
    outer loop
      vertex 99.3043 -96.7 0.586859
      vertex 99.0274 -97.008 0.35052
      vertex 99.0274 -96.7 0.309971
    endloop
  endfacet
  facet normal -0.256779 0.126216 0.958193
    outer loop
      vertex 87.2042 -34.1151 20.0365
      vertex 86.826 -34.1413 19.9386
      vertex 87.2042 -34.5 20.0872
    endloop
  endfacet
  facet normal 0.496862 -0.688406 0.528418
    outer loop
      vertex 98.6883 -97.6799 19.5799
      vertex 98.6883 -97.9002 19.2929
      vertex 99.0274 -97.7306 19.195
    endloop
  endfacet
  facet normal 0.704058 0.563412 -0.432283
    outer loop
      vertex 99.3043 -33.7092 1.04343
      vertex 99.0274 -33.6585 0.658523
      vertex 99.0274 -33.4694 0.904985
    endloop
  endfacet
  facet normal 0 -0.793401 -0.608699
    outer loop
      vertex 87.2042 -97.7516 0.448415
      vertex 98.3101 -97.9879 0.756417
      vertex 87.2042 -97.9879 0.756417
    endloop
  endfacet
  facet normal 0 -0.793401 -0.608699
    outer loop
      vertex 98.3101 -97.9879 0.756417
      vertex 87.2042 -97.7516 0.448415
      vertex 98.3101 -97.7516 0.448415
    endloop
  endfacet
  facet normal 0.704066 -0.4323 0.56339
    outer loop
      vertex 99.3043 -97.1566 19.3908
      vertex 99.0274 -97.5415 19.4415
      vertex 99.3043 -97.3457 19.2457
    endloop
  endfacet
  facet normal 0.965342 -0.158842 0.207086
    outer loop
      vertex 99.5001 -96.987 19.0971
      vertex 99.5001 -97.1059 19.0059
      vertex 99.6015 -96.8384 18.7384
    endloop
  endfacet
  facet normal -0.965886 -0.258966 0
    outer loop
      vertex 86.0142 -97.274 1.5
      vertex 85.9128 -96.8958 18.6
      vertex 85.9128 -96.8958 1.5
    endloop
  endfacet
  facet normal -0.965886 -0.258966 0
    outer loop
      vertex 85.9128 -96.8958 18.6
      vertex 86.0142 -97.274 1.5
      vertex 86.0142 -97.274 18.6
    endloop
  endfacet
  facet normal -0.965886 0 0.258966
    outer loop
      vertex 85.9128 -96.7 18.7958
      vertex 86.0142 -34.5 19.174
      vertex 85.9128 -34.5 18.7958
    endloop
  endfacet
  facet normal -0.965886 0 0.258966
    outer loop
      vertex 86.0142 -34.5 19.174
      vertex 85.9128 -96.7 18.7958
      vertex 86.0142 -96.7 19.174
    endloop
  endfacet
  facet normal -0.965892 0 -0.258944
    outer loop
      vertex 86.0142 -96.7 0.925976
      vertex 85.9128 -34.5 1.30421
      vertex 86.0142 -34.5 0.925976
    endloop
  endfacet
  facet normal -0.965892 -0 -0.258944
    outer loop
      vertex 85.9128 -34.5 1.30421
      vertex 86.0142 -96.7 0.925976
      vertex 85.9128 -96.7 1.30421
    endloop
  endfacet
  facet normal -0.496805 0.332145 -0.801788
    outer loop
      vertex 86.826 -34.1413 0.161402
      vertex 86.4869 -33.905 0.469404
      vertex 86.826 -33.8071 0.299846
    endloop
  endfacet
  facet normal -0.965338 0.207091 -0.158859
    outer loop
      vertex 86.0142 -34.0941 1.0941
      vertex 85.9128 -34.3616 1.36156
      vertex 86.0142 -34.0029 1.21299
    endloop
  endfacet
  facet normal -0.864168 0.39922 0.306329
    outer loop
      vertex 86.21 -33.7092 19.0566
      vertex 86.0142 -34.0029 18.887
      vertex 86.21 -33.8543 19.2457
    endloop
  endfacet
  facet normal -0.965321 0.0342023 0.258814
    outer loop
      vertex 85.9128 -34.4493 18.7891
      vertex 85.9128 -34.5 18.7958
      vertex 86.0142 -34.5 19.174
    endloop
  endfacet
  facet normal 0.707107 0.707107 0
    outer loop
      vertex 99.3043 -33.5869 18.6
      vertex 99.0274 -33.31 1.5
      vertex 99.0274 -33.31 18.6
    endloop
  endfacet
  facet normal 0.707107 0.707107 0
    outer loop
      vertex 99.0274 -33.31 1.5
      vertex 99.3043 -33.5869 18.6
      vertex 99.3043 -33.5869 1.5
    endloop
  endfacet
  facet normal -0.70407 -0.271683 -0.656105
    outer loop
      vertex 86.4869 -97.008 0.35052
      vertex 86.21 -97.1566 0.709196
      vertex 86.21 -96.9363 0.617973
    endloop
  endfacet
  facet normal -0.258966 -0.965886 0
    outer loop
      vertex 86.826 -98.0858 1.5
      vertex 87.2042 -98.1872 18.6
      vertex 86.826 -98.0858 18.6
    endloop
  endfacet
  facet normal -0.258966 -0.965886 -0
    outer loop
      vertex 87.2042 -98.1872 18.6
      vertex 86.826 -98.0858 1.5
      vertex 87.2042 -98.1872 1.5
    endloop
  endfacet
  facet normal 0 0.991436 -0.130591
    outer loop
      vertex 98.3101 -33.0635 1.11509
      vertex 87.2042 -33.0128 1.5
      vertex 98.3101 -33.0128 1.5
    endloop
  endfacet
  facet normal 0 0.991436 -0.130591
    outer loop
      vertex 87.2042 -33.0128 1.5
      vertex 98.3101 -33.0635 1.11509
      vertex 87.2042 -33.0635 1.11509
    endloop
  endfacet
  facet normal -0.256783 0.892872 -0.369921
    outer loop
      vertex 87.2042 -33.2121 0.756417
      vertex 86.826 -33.1614 1.14132
      vertex 87.2042 -33.0635 1.11509
    endloop
  endfacet
  facet normal -0.704066 0.56339 0.4323
    outer loop
      vertex 86.21 -33.7092 19.0566
      vertex 86.21 -33.8543 19.2457
      vertex 86.4869 -33.6585 19.4415
    endloop
  endfacet
  facet normal -0.704111 0.0926575 0.704018
    outer loop
      vertex 86.21 -34.2637 19.482
      vertex 86.21 -34.5 19.5131
      vertex 86.4869 -34.192 19.7495
    endloop
  endfacet
  facet normal 0.965312 0.206934 -0.15922
    outer loop
      vertex 99.6015 -34.3616 1.36156
      vertex 99.5001 -34.0029 1.21299
      vertex 99.6015 -34.3304 1.40211
    endloop
  endfacet
  facet normal 0.496824 0.860434 0.113221
    outer loop
      vertex 98.6883 -33.1142 18.6
      vertex 98.6883 -33.1614 18.9587
      vertex 99.0274 -33.31 18.6
    endloop
  endfacet
  facet normal 0.864157 0.192626 -0.464896
    outer loop
      vertex 99.5001 -34.3514 0.945535
      vertex 99.3043 -34.0434 0.709196
      vertex 99.5001 -34.213 1.00288
    endloop
  endfacet
  facet normal 0.707091 0 -0.707122
    outer loop
      vertex 99.3043 -96.7 0.586859
      vertex 99.0274 -34.5 0.309971
      vertex 99.3043 -34.5 0.586859
    endloop
  endfacet
  facet normal 0.707091 0 -0.707122
    outer loop
      vertex 99.0274 -34.5 0.309971
      vertex 99.3043 -96.7 0.586859
      vertex 99.0274 -96.7 0.309971
    endloop
  endfacet
  facet normal 0.864163 0.46484 -0.192732
    outer loop
      vertex 99.5001 -34.0029 1.21299
      vertex 99.3043 -33.7092 1.04343
      vertex 99.5001 -33.9455 1.35143
    endloop
  endfacet
  facet normal 0.704054 -0.092706 -0.704069
    outer loop
      vertex 99.3043 -96.9363 0.617973
      vertex 99.0274 -97.008 0.35052
      vertex 99.3043 -96.7 0.586859
    endloop
  endfacet
  facet normal 0.256847 0.76665 -0.588453
    outer loop
      vertex 98.6883 -33.5201 0.520079
      vertex 98.3101 -33.4484 0.448415
      vertex 98.6883 -33.2998 0.807091
    endloop
  endfacet
  facet normal -0.496819 0.332125 -0.801788
    outer loop
      vertex 86.826 -34.1413 0.161402
      vertex 86.4869 -34.192 0.35052
      vertex 86.4869 -33.905 0.469404
    endloop
  endfacet
  facet normal 0.965337 0.158874 -0.207083
    outer loop
      vertex 99.6015 -34.3616 1.36156
      vertex 99.5001 -34.213 1.00288
      vertex 99.5001 -34.0941 1.0941
    endloop
  endfacet
  facet normal -0.256682 -0.588308 0.766817
    outer loop
      vertex 87.2042 -97.4436 19.8879
      vertex 86.826 -97.3929 19.8002
      vertex 87.2042 -97.7516 19.6516
    endloop
  endfacet
  facet normal 0.864168 -0.306329 0.39922
    outer loop
      vertex 99.3043 -97.1566 19.3908
      vertex 99.3043 -97.3457 19.2457
      vertex 99.5001 -96.987 19.0971
    endloop
  endfacet
  facet normal -0.256899 -0.126083 0.958178
    outer loop
      vertex 86.826 -96.7 19.9858
      vertex 86.826 -97.0587 19.9386
      vertex 87.2042 -96.7 20.0872
    endloop
  endfacet
  facet normal -0.70407 -0.70407 0.0925806
    outer loop
      vertex 86.4869 -97.8495 18.908
      vertex 86.21 -97.6131 18.6
      vertex 86.4869 -97.89 18.6
    endloop
  endfacet
  facet normal 0.256756 -0.3699 0.892889
    outer loop
      vertex 98.3101 -97.0849 20.0365
      vertex 98.3101 -97.4436 19.8879
      vertex 98.6883 -97.0587 19.9386
    endloop
  endfacet
  facet normal -0.965332 0.0340465 -0.258794
    outer loop
      vertex 86.0142 -34.5 0.925976
      vertex 85.9128 -34.5 1.30421
      vertex 85.9128 -34.4493 1.31088
    endloop
  endfacet
  facet normal -0.965321 0.258814 -0.0342225
    outer loop
      vertex 86.0142 -33.926 1.5
      vertex 85.9128 -34.3109 1.44933
      vertex 85.9128 -34.3042 1.5
    endloop
  endfacet
  facet normal -0.965313 0.0996954 0.241314
    outer loop
      vertex 85.9128 -34.4021 18.7696
      vertex 85.9128 -34.4493 18.7891
      vertex 86.0142 -34.213 19.0971
    endloop
  endfacet
  facet normal -0.864145 0.30628 0.399306
    outer loop
      vertex 86.0142 -34.0941 19.0059
      vertex 86.0142 -34.213 19.0971
      vertex 86.21 -33.8543 19.2457
    endloop
  endfacet
  facet normal -0.256899 0.126083 0.958178
    outer loop
      vertex 86.826 -34.1413 19.9386
      vertex 86.826 -34.5 19.9858
      vertex 87.2042 -34.5 20.0872
    endloop
  endfacet
  facet normal -0.496824 0.113221 0.860434
    outer loop
      vertex 86.826 -34.1413 19.9386
      vertex 86.4869 -34.5 19.79
      vertex 86.826 -34.5 19.9858
    endloop
  endfacet
  facet normal -0.707107 0.707107 0
    outer loop
      vertex 86.4869 -33.31 1.5
      vertex 86.21 -33.5869 18.6
      vertex 86.4869 -33.31 18.6
    endloop
  endfacet
  facet normal -0.707107 0.707107 0
    outer loop
      vertex 86.21 -33.5869 18.6
      vertex 86.4869 -33.31 1.5
      vertex 86.21 -33.5869 1.5
    endloop
  endfacet
  facet normal -0.866014 0 -0.500021
    outer loop
      vertex 86.21 -96.7 0.586859
      vertex 86.0142 -34.5 0.925976
      vertex 86.21 -34.5 0.586859
    endloop
  endfacet
  facet normal -0.866014 -0 -0.500021
    outer loop
      vertex 86.0142 -34.5 0.925976
      vertex 86.21 -96.7 0.586859
      vertex 86.0142 -96.7 0.925976
    endloop
  endfacet
  facet normal -0.256756 -0.892889 0.3699
    outer loop
      vertex 87.2042 -97.9879 19.3436
      vertex 86.826 -98.0386 18.9587
      vertex 87.2042 -98.1365 18.9849
    endloop
  endfacet
  facet normal -0.864109 -0.46501 -0.192567
    outer loop
      vertex 86.21 -97.582 1.26366
      vertex 86.0142 -97.2545 1.35143
      vertex 86.21 -97.4908 1.04343
    endloop
  endfacet
  facet normal -0.496805 -0.528336 -0.68851
    outer loop
      vertex 86.826 -97.6799 0.520079
      vertex 86.4869 -97.295 0.469404
      vertex 86.826 -97.3929 0.299846
    endloop
  endfacet
  facet normal -0.256812 -0.588348 -0.766743
    outer loop
      vertex 87.2042 -97.7516 0.448415
      vertex 86.826 -97.3929 0.299846
      vertex 87.2042 -97.4436 0.212076
    endloop
  endfacet
  facet normal 0 -0.608765 -0.79335
    outer loop
      vertex 87.2042 -97.7516 0.448415
      vertex 98.3101 -97.4436 0.212076
      vertex 98.3101 -97.7516 0.448415
    endloop
  endfacet
  facet normal -0 -0.608765 -0.79335
    outer loop
      vertex 98.3101 -97.4436 0.212076
      vertex 87.2042 -97.7516 0.448415
      vertex 87.2042 -97.4436 0.212076
    endloop
  endfacet
  facet normal 0.4968 -0.11327 -0.860441
    outer loop
      vertex 99.0274 -96.7 0.309971
      vertex 98.6883 -97.0587 0.161402
      vertex 98.6883 -96.7 0.114182
    endloop
  endfacet
  facet normal 0.496868 0.801802 -0.332016
    outer loop
      vertex 99.0274 -33.4694 0.904985
      vertex 98.6883 -33.2998 0.807091
      vertex 98.6883 -33.1614 1.14132
    endloop
  endfacet
  facet normal 0.707107 -0 0.707107
    outer loop
      vertex 99.0274 -96.7 19.79
      vertex 99.3043 -34.5 19.5131
      vertex 99.0274 -34.5 19.79
    endloop
  endfacet
  facet normal 0.707107 0 0.707107
    outer loop
      vertex 99.3043 -34.5 19.5131
      vertex 99.0274 -96.7 19.79
      vertex 99.3043 -96.7 19.5131
    endloop
  endfacet
  facet normal -0 0 1
    outer loop
      vertex 87.2042 -34.5 20.0872
      vertex 98.3101 -96.7 20.0872
      vertex 98.3101 -34.5 20.0872
    endloop
  endfacet
  facet normal 0 0 1
    outer loop
      vertex 98.3101 -96.7 20.0872
      vertex 87.2042 -34.5 20.0872
      vertex 87.2042 -96.7 20.0872
    endloop
  endfacet
  facet normal -0 0.130594 0.991436
    outer loop
      vertex 87.2042 -34.1151 20.0365
      vertex 98.3101 -34.5 20.0872
      vertex 98.3101 -34.1151 20.0365
    endloop
  endfacet
  facet normal 0 0.130594 0.991436
    outer loop
      vertex 98.3101 -34.5 20.0872
      vertex 87.2042 -34.1151 20.0365
      vertex 87.2042 -34.5 20.0872
    endloop
  endfacet
  facet normal 0.70413 -0.271602 0.656074
    outer loop
      vertex 99.3043 -96.9363 19.482
      vertex 99.0274 -97.008 19.7495
      vertex 99.3043 -97.1566 19.3908
    endloop
  endfacet
  facet normal -0.496784 0.33217 0.801791
    outer loop
      vertex 86.4869 -33.905 19.6306
      vertex 86.4869 -34.192 19.7495
      vertex 86.826 -34.1413 19.9386
    endloop
  endfacet
  facet normal -0.496676 0.688642 0.528285
    outer loop
      vertex 86.4869 -33.4694 19.195
      vertex 86.4869 -33.6585 19.4415
      vertex 86.826 -33.5201 19.5799
    endloop
  endfacet
  facet normal 0.70407 -0.0925806 0.70407
    outer loop
      vertex 99.0274 -96.7 19.79
      vertex 99.0274 -97.008 19.7495
      vertex 99.3043 -96.7 19.5131
    endloop
  endfacet
  facet normal 0.864094 -0.192524 0.465054
    outer loop
      vertex 99.3043 -96.9363 19.482
      vertex 99.3043 -97.1566 19.3908
      vertex 99.5001 -96.8486 19.1545
    endloop
  endfacet
  facet normal -0.704111 0.704018 0.0926575
    outer loop
      vertex 86.21 -33.5869 18.6
      vertex 86.21 -33.618 18.8363
      vertex 86.4869 -33.3505 18.908
    endloop
  endfacet
  facet normal 0.864142 0.399299 -0.3063
    outer loop
      vertex 99.5001 -34.0941 1.0941
      vertex 99.3043 -33.8543 0.854312
      vertex 99.5001 -34.0029 1.21299
    endloop
  endfacet
  facet normal 0.866014 0 -0.500021
    outer loop
      vertex 99.5001 -96.7 0.925976
      vertex 99.3043 -34.5 0.586859
      vertex 99.5001 -34.5 0.925976
    endloop
  endfacet
  facet normal 0.866014 0 -0.500021
    outer loop
      vertex 99.3043 -34.5 0.586859
      vertex 99.5001 -96.7 0.925976
      vertex 99.3043 -96.7 0.586859
    endloop
  endfacet
  facet normal 0.965332 0.0999301 -0.24114
    outer loop
      vertex 99.6015 -34.4493 1.31088
      vertex 99.5001 -34.213 1.00288
      vertex 99.6015 -34.4021 1.33044
    endloop
  endfacet
  facet normal 0.864144 -0.0656715 -0.498941
    outer loop
      vertex 99.5001 -96.8486 0.945535
      vertex 99.3043 -96.7 0.586859
      vertex 99.5001 -96.7 0.925976
    endloop
  endfacet
  facet normal 0.256828 -0.588359 -0.766729
    outer loop
      vertex 98.6883 -97.6799 0.520079
      vertex 98.3101 -97.7516 0.448415
      vertex 98.6883 -97.3929 0.299846
    endloop
  endfacet
  facet normal 0.965892 0 -0.258944
    outer loop
      vertex 99.6015 -96.7 1.30421
      vertex 99.5001 -34.5 0.925976
      vertex 99.6015 -34.5 1.30421
    endloop
  endfacet
  facet normal 0.965892 0 -0.258944
    outer loop
      vertex 99.5001 -34.5 0.925976
      vertex 99.6015 -96.7 1.30421
      vertex 99.5001 -96.7 0.925976
    endloop
  endfacet
  facet normal 0.256812 -0.588348 -0.766743
    outer loop
      vertex 98.6883 -97.3929 0.299846
      vertex 98.3101 -97.7516 0.448415
      vertex 98.3101 -97.4436 0.212076
    endloop
  endfacet
  facet normal 0.965338 -0.258785 -0.0339658
    outer loop
      vertex 99.6015 -96.8891 1.44933
      vertex 99.5001 -97.274 1.5
      vertex 99.5001 -97.2545 1.35143
    endloop
  endfacet
  facet normal 0.707107 -0.707107 0
    outer loop
      vertex 99.0274 -97.89 18.6
      vertex 99.3043 -97.6131 1.5
      vertex 99.3043 -97.6131 18.6
    endloop
  endfacet
  facet normal 0.707107 -0.707107 0
    outer loop
      vertex 99.3043 -97.6131 1.5
      vertex 99.0274 -97.89 18.6
      vertex 99.0274 -97.89 1.5
    endloop
  endfacet
  facet normal -0.256899 0.958178 -0.12609
    outer loop
      vertex 87.2042 -33.0128 1.5
      vertex 86.826 -33.1614 1.14132
      vertex 86.826 -33.1142 1.5
    endloop
  endfacet
  facet normal 0.256789 0.958191 -0.126212
    outer loop
      vertex 98.6883 -33.1614 1.14132
      vertex 98.3101 -33.0635 1.11509
      vertex 98.3101 -33.0128 1.5
    endloop
  endfacet
  facet normal 0.965331 0.0999182 -0.241149
    outer loop
      vertex 99.6015 -34.4493 1.31088
      vertex 99.5001 -34.3514 0.945535
      vertex 99.5001 -34.213 1.00288
    endloop
  endfacet
  facet normal 0.704026 -0.43226 0.56347
    outer loop
      vertex 99.0274 -97.295 19.6306
      vertex 99.0274 -97.5415 19.4415
      vertex 99.3043 -97.1566 19.3908
    endloop
  endfacet
  facet normal 0.965337 -0.0999916 0.241095
    outer loop
      vertex 99.5001 -96.8486 19.1545
      vertex 99.5001 -96.987 19.0971
      vertex 99.6015 -96.7507 18.7891
    endloop
  endfacet
  facet normal 0.864176 -0.192771 0.4648
    outer loop
      vertex 99.5001 -96.8486 19.1545
      vertex 99.3043 -97.1566 19.3908
      vertex 99.5001 -96.987 19.0971
    endloop
  endfacet
  facet normal 0.496731 -0.688578 -0.528317
    outer loop
      vertex 99.0274 -97.7306 0.904985
      vertex 98.6883 -97.6799 0.520079
      vertex 99.0274 -97.5415 0.658523
    endloop
  endfacet
  facet normal 0.496765 -0.860478 0.113147
    outer loop
      vertex 99.0274 -97.8495 18.908
      vertex 98.6883 -98.0386 18.9587
      vertex 99.0274 -97.89 18.6
    endloop
  endfacet
  facet normal 0.496874 -0.801789 0.33204
    outer loop
      vertex 98.6883 -97.9002 19.2929
      vertex 98.6883 -98.0386 18.9587
      vertex 99.0274 -97.7306 19.195
    endloop
  endfacet
  facet normal 0.496862 -0.528418 0.688406
    outer loop
      vertex 98.6883 -97.3929 19.8002
      vertex 98.6883 -97.6799 19.5799
      vertex 99.0274 -97.295 19.6306
    endloop
  endfacet
  facet normal -0.496824 -0.860434 -0.113228
    outer loop
      vertex 86.826 -98.0858 1.5
      vertex 86.4869 -97.89 1.5
      vertex 86.826 -98.0386 1.14132
    endloop
  endfacet
  facet normal -0.256899 -0.958178 0.126083
    outer loop
      vertex 86.826 -98.0386 18.9587
      vertex 86.826 -98.0858 18.6
      vertex 87.2042 -98.1872 18.6
    endloop
  endfacet
  facet normal -0.496765 0.113147 0.860478
    outer loop
      vertex 86.4869 -34.192 19.7495
      vertex 86.4869 -34.5 19.79
      vertex 86.826 -34.1413 19.9386
    endloop
  endfacet
  facet normal -0.704038 -0.271808 0.656088
    outer loop
      vertex 86.4869 -97.008 19.7495
      vertex 86.21 -97.1566 19.3908
      vertex 86.4869 -97.295 19.6306
    endloop
  endfacet
  facet normal -0.704066 0.4323 0.56339
    outer loop
      vertex 86.21 -33.8543 19.2457
      vertex 86.21 -34.0434 19.3908
      vertex 86.4869 -33.6585 19.4415
    endloop
  endfacet
  facet normal -0.965313 0.241329 -0.0996592
    outer loop
      vertex 86.0142 -34.0029 1.21299
      vertex 85.9128 -34.3304 1.40211
      vertex 85.9128 -34.3109 1.44933
    endloop
  endfacet
  facet normal -0.864176 0.4648 0.192771
    outer loop
      vertex 86.0142 -33.9455 18.7486
      vertex 86.0142 -34.0029 18.887
      vertex 86.21 -33.7092 19.0566
    endloop
  endfacet
  facet normal -0.965321 0.258814 0.0342023
    outer loop
      vertex 85.9128 -34.3042 18.6
      vertex 85.9128 -34.3109 18.6507
      vertex 86.0142 -33.926 18.6
    endloop
  endfacet
  facet normal -0.496874 0.801789 0.33204
    outer loop
      vertex 86.826 -33.1614 18.9587
      vertex 86.4869 -33.4694 19.195
      vertex 86.826 -33.2998 19.2929
    endloop
  endfacet
  facet normal 0 0.991436 0.130594
    outer loop
      vertex 98.3101 -33.0128 18.6
      vertex 87.2042 -33.0635 18.9849
      vertex 98.3101 -33.0635 18.9849
    endloop
  endfacet
  facet normal 0 0.991436 0.130594
    outer loop
      vertex 87.2042 -33.0635 18.9849
      vertex 98.3101 -33.0128 18.6
      vertex 87.2042 -33.0128 18.6
    endloop
  endfacet
  facet normal -0.496824 0.860434 0.113221
    outer loop
      vertex 86.826 -33.1142 18.6
      vertex 86.4869 -33.31 18.6
      vertex 86.826 -33.1614 18.9587
    endloop
  endfacet
  facet normal -0.70407 0.70407 0.0925806
    outer loop
      vertex 86.4869 -33.31 18.6
      vertex 86.21 -33.5869 18.6
      vertex 86.4869 -33.3505 18.908
    endloop
  endfacet
  facet normal 0 0 -1
    outer loop
      vertex 87.5 -35.2628 0.0128336
      vertex 87.2042 -35.2628 0.0128336
      vertex 87.5 -34.6 0.0128336
    endloop
  endfacet
  facet normal 0 0 -1
    outer loop
      vertex 90.6 -34.6 0.0128336
      vertex 98.3101 -35.2628 0.0128336
      vertex 90.6 -35.2628 0.0128336
    endloop
  endfacet
  facet normal 0 0 -1
    outer loop
      vertex 98.3101 -35.2628 0.0128336
      vertex 90.6 -34.6 0.0128336
      vertex 98.3101 -34.5 0.0128336
    endloop
  endfacet
  facet normal 0 0 -1
    outer loop
      vertex 87.2042 -34.5 0.0128336
      vertex 90.6 -34.6 0.0128336
      vertex 87.5 -34.6 0.0128336
    endloop
  endfacet
  facet normal 0 0 -1
    outer loop
      vertex 90.6 -34.6 0.0128336
      vertex 87.2042 -34.5 0.0128336
      vertex 98.3101 -34.5 0.0128336
    endloop
  endfacet
  facet normal 0 0 -1
    outer loop
      vertex 87.2042 -34.5 0.0128336
      vertex 87.5 -34.6 0.0128336
      vertex 87.2042 -35.2628 0.0128336
    endloop
  endfacet
  facet normal 0 0 -1
    outer loop
      vertex 98.3101 -96.7 0.0128336
      vertex 90.6 -96.6 0.0128336
      vertex 98.3101 -95.9372 0.0128336
    endloop
  endfacet
  facet normal 0 0 -1
    outer loop
      vertex 87.2042 -96.7 0.0128336
      vertex 90.6 -96.6 0.0128336
      vertex 98.3101 -96.7 0.0128336
    endloop
  endfacet
  facet normal -0 0 -1
    outer loop
      vertex 90.6 -96.6 0.0128336
      vertex 87.2042 -96.7 0.0128336
      vertex 87.5 -96.6 0.0128336
    endloop
  endfacet
  facet normal 0 0 -1
    outer loop
      vertex 87.2042 -95.9372 0.0128336
      vertex 87.5 -96.6 0.0128336
      vertex 87.2042 -96.7 0.0128336
    endloop
  endfacet
  facet normal 0 0 -1
    outer loop
      vertex 87.5 -96.6 0.0128336
      vertex 87.2042 -95.9372 0.0128336
      vertex 87.5 -95.9372 0.0128336
    endloop
  endfacet
  facet normal -0 0 -1
    outer loop
      vertex 98.3101 -95.9372 0.0128336
      vertex 90.6 -96.6 0.0128336
      vertex 90.6 -95.9372 0.0128336
    endloop
  endfacet
  facet normal -0.864142 -0.399299 -0.3063
    outer loop
      vertex 86.21 -97.3457 0.854312
      vertex 86.0142 -97.1971 1.21299
      vertex 86.0142 -97.1059 1.0941
    endloop
  endfacet
  facet normal -0.707091 0 -0.707122
    outer loop
      vertex 86.21 -96.7 0.586859
      vertex 86.4869 -34.5 0.309971
      vertex 86.4869 -96.7 0.309971
    endloop
  endfacet
  facet normal -0.707091 0 -0.707122
    outer loop
      vertex 86.4869 -34.5 0.309971
      vertex 86.21 -96.7 0.586859
      vertex 86.21 -34.5 0.586859
    endloop
  endfacet
  facet normal -0.704058 0.563412 -0.432283
    outer loop
      vertex 86.4869 -33.6585 0.658523
      vertex 86.21 -33.7092 1.04343
      vertex 86.4869 -33.4694 0.904985
    endloop
  endfacet
  facet normal -0.707107 -0.707107 0
    outer loop
      vertex 86.21 -97.6131 1.5
      vertex 86.4869 -97.89 18.6
      vertex 86.21 -97.6131 18.6
    endloop
  endfacet
  facet normal -0.707107 -0.707107 -0
    outer loop
      vertex 86.4869 -97.89 18.6
      vertex 86.21 -97.6131 1.5
      vertex 86.4869 -97.89 1.5
    endloop
  endfacet
  facet normal -0.4968 -0.11327 -0.860441
    outer loop
      vertex 86.826 -97.0587 0.161402
      vertex 86.4869 -96.7 0.309971
      vertex 86.826 -96.7 0.114182
    endloop
  endfacet
  facet normal -0.256644 -0.766827 -0.588312
    outer loop
      vertex 87.2042 -97.9879 0.756417
      vertex 86.826 -97.9002 0.807091
      vertex 87.2042 -97.7516 0.448415
    endloop
  endfacet
  facet normal -0.256616 -0.892982 -0.369772
    outer loop
      vertex 87.2042 -97.9879 0.756417
      vertex 86.826 -98.0386 1.14132
      vertex 86.826 -97.9002 0.807091
    endloop
  endfacet
  facet normal -0.496765 -0.860478 0.113147
    outer loop
      vertex 86.4869 -97.8495 18.908
      vertex 86.4869 -97.89 18.6
      vertex 86.826 -98.0386 18.9587
    endloop
  endfacet
  facet normal 0.496784 -0.801791 0.33217
    outer loop
      vertex 99.0274 -97.7306 19.195
      vertex 98.6883 -98.0386 18.9587
      vertex 99.0274 -97.8495 18.908
    endloop
  endfacet
  facet normal 0 -0.991436 -0.130591
    outer loop
      vertex 87.2042 -98.1365 1.11509
      vertex 98.3101 -98.1872 1.5
      vertex 87.2042 -98.1872 1.5
    endloop
  endfacet
  facet normal 0 -0.991436 -0.130591
    outer loop
      vertex 98.3101 -98.1872 1.5
      vertex 87.2042 -98.1365 1.11509
      vertex 98.3101 -98.1365 1.11509
    endloop
  endfacet
  facet normal 0.70407 -0.271683 -0.656105
    outer loop
      vertex 99.3043 -97.1566 0.709196
      vertex 99.0274 -97.008 0.35052
      vertex 99.3043 -96.9363 0.617973
    endloop
  endfacet
  facet normal 0.256745 -0.369887 -0.892897
    outer loop
      vertex 98.6883 -97.3929 0.299846
      vertex 98.3101 -97.0849 0.0635071
      vertex 98.6883 -97.0587 0.161402
    endloop
  endfacet
  facet normal 0 -0.382663 -0.923888
    outer loop
      vertex 87.2042 -97.4436 0.212076
      vertex 98.3101 -97.0849 0.0635071
      vertex 98.3101 -97.4436 0.212076
    endloop
  endfacet
  facet normal -0 -0.382663 -0.923888
    outer loop
      vertex 98.3101 -97.0849 0.0635071
      vertex 87.2042 -97.4436 0.212076
      vertex 87.2042 -97.0849 0.0635071
    endloop
  endfacet
  facet normal 0.704055 0.563418 -0.43228
    outer loop
      vertex 99.3043 -33.8543 0.854312
      vertex 99.0274 -33.6585 0.658523
      vertex 99.3043 -33.7092 1.04343
    endloop
  endfacet
  facet normal 0.256812 0.588348 -0.766743
    outer loop
      vertex 98.6883 -33.8071 0.299846
      vertex 98.3101 -33.7564 0.212076
      vertex 98.3101 -33.4484 0.448415
    endloop
  endfacet
  facet normal 0.864094 0.192524 0.465054
    outer loop
      vertex 99.3043 -34.0434 19.3908
      vertex 99.3043 -34.2637 19.482
      vertex 99.5001 -34.3514 19.1545
    endloop
  endfacet
  facet normal 0.2569 -0.58846 0.766627
    outer loop
      vertex 98.6883 -97.3929 19.8002
      vertex 98.3101 -97.7516 19.6516
      vertex 98.6883 -97.6799 19.5799
    endloop
  endfacet
  facet normal 0 -0.130594 0.991436
    outer loop
      vertex 87.2042 -96.7 20.0872
      vertex 98.3101 -97.0849 20.0365
      vertex 98.3101 -96.7 20.0872
    endloop
  endfacet
  facet normal 0 -0.130594 0.991436
    outer loop
      vertex 98.3101 -97.0849 20.0365
      vertex 87.2042 -96.7 20.0872
      vertex 87.2042 -97.0849 20.0365
    endloop
  endfacet
  facet normal 0.496856 0.68842 -0.528406
    outer loop
      vertex 99.0274 -33.4694 0.904985
      vertex 98.6883 -33.5201 0.520079
      vertex 98.6883 -33.2998 0.807091
    endloop
  endfacet
  facet normal 0.704104 0.704028 -0.0926431
    outer loop
      vertex 99.3043 -33.618 1.26366
      vertex 99.0274 -33.3505 1.192
      vertex 99.3043 -33.5869 1.5
    endloop
  endfacet
  facet normal -0.70407 0.70407 -0.0925806
    outer loop
      vertex 86.4869 -33.3505 1.192
      vertex 86.21 -33.5869 1.5
      vertex 86.4869 -33.31 1.5
    endloop
  endfacet
  facet normal 0.864144 0.0656715 -0.498941
    outer loop
      vertex 99.5001 -34.5 0.925976
      vertex 99.3043 -34.5 0.586859
      vertex 99.5001 -34.3514 0.945535
    endloop
  endfacet
  facet normal 0.864138 0.0656973 -0.498948
    outer loop
      vertex 99.5001 -34.3514 0.945535
      vertex 99.3043 -34.5 0.586859
      vertex 99.3043 -34.2637 0.617973
    endloop
  endfacet
  facet normal 0.965331 -0.0340632 -0.258796
    outer loop
      vertex 99.6015 -96.7507 1.31088
      vertex 99.5001 -96.8486 0.945535
      vertex 99.5001 -96.7 0.925976
    endloop
  endfacet
  facet normal 0.496805 -0.528336 -0.68851
    outer loop
      vertex 99.0274 -97.295 0.469404
      vertex 98.6883 -97.6799 0.520079
      vertex 98.6883 -97.3929 0.299846
    endloop
  endfacet
  facet normal 0.496807 -0.113279 -0.860436
    outer loop
      vertex 99.0274 -97.008 0.35052
      vertex 98.6883 -97.0587 0.161402
      vertex 99.0274 -96.7 0.309971
    endloop
  endfacet
  facet normal 0.256765 -0.12614 -0.958207
    outer loop
      vertex 98.6883 -97.0587 0.161402
      vertex 98.3101 -97.0849 0.0635071
      vertex 98.6883 -96.7 0.114182
    endloop
  endfacet
  facet normal 0.864163 -0.46484 -0.192732
    outer loop
      vertex 99.5001 -97.2545 1.35143
      vertex 99.3043 -97.4908 1.04343
      vertex 99.5001 -97.1971 1.21299
    endloop
  endfacet
  facet normal 0.864157 -0.192626 -0.464896
    outer loop
      vertex 99.5001 -96.987 1.00288
      vertex 99.3043 -97.1566 0.709196
      vertex 99.5001 -96.8486 0.945535
    endloop
  endfacet
  facet normal -0.965337 0.158874 -0.207083
    outer loop
      vertex 86.0142 -34.213 1.00288
      vertex 85.9128 -34.3616 1.36156
      vertex 86.0142 -34.0941 1.0941
    endloop
  endfacet
  facet normal -0.965332 0.0999301 -0.24114
    outer loop
      vertex 86.0142 -34.213 1.00288
      vertex 85.9128 -34.4493 1.31088
      vertex 85.9128 -34.4021 1.33044
    endloop
  endfacet
  facet normal 0 0.608765 -0.79335
    outer loop
      vertex 87.2042 -33.7564 0.212076
      vertex 98.3101 -33.4484 0.448415
      vertex 98.3101 -33.7564 0.212076
    endloop
  endfacet
  facet normal 0 0.608765 -0.79335
    outer loop
      vertex 98.3101 -33.4484 0.448415
      vertex 87.2042 -33.7564 0.212076
      vertex 87.2042 -33.4484 0.448415
    endloop
  endfacet
  facet normal -0.496874 0.33204 0.801789
    outer loop
      vertex 86.826 -33.8071 19.8002
      vertex 86.4869 -33.905 19.6306
      vertex 86.826 -34.1413 19.9386
    endloop
  endfacet
  facet normal 0.256899 0.958178 0.126083
    outer loop
      vertex 98.6883 -33.1142 18.6
      vertex 98.3101 -33.0128 18.6
      vertex 98.6883 -33.1614 18.9587
    endloop
  endfacet
  facet normal 0.965321 0.258814 -0.0342225
    outer loop
      vertex 99.6015 -34.3109 1.44933
      vertex 99.5001 -33.926 1.5
      vertex 99.6015 -34.3042 1.5
    endloop
  endfacet
  facet normal 0.965332 0.0340465 -0.258794
    outer loop
      vertex 99.6015 -34.5 1.30421
      vertex 99.5001 -34.5 0.925976
      vertex 99.6015 -34.4493 1.31088
    endloop
  endfacet
  facet normal 0.965331 0.0340632 -0.258796
    outer loop
      vertex 99.6015 -34.4493 1.31088
      vertex 99.5001 -34.5 0.925976
      vertex 99.5001 -34.3514 0.945535
    endloop
  endfacet
  facet normal 0.864176 -0.4648 0.192771
    outer loop
      vertex 99.5001 -97.1971 18.887
      vertex 99.3043 -97.4908 19.0566
      vertex 99.5001 -97.2545 18.7486
    endloop
  endfacet
  facet normal 0.965337 -0.241095 0.0999916
    outer loop
      vertex 99.5001 -97.1971 18.887
      vertex 99.5001 -97.2545 18.7486
      vertex 99.6015 -96.8891 18.6507
    endloop
  endfacet
  facet normal 0.965313 -0.0996954 0.241314
    outer loop
      vertex 99.6015 -96.7507 18.7891
      vertex 99.5001 -96.987 19.0971
      vertex 99.6015 -96.7979 18.7696
    endloop
  endfacet
  facet normal 0.965886 -0 0.258966
    outer loop
      vertex 99.5001 -96.7 19.174
      vertex 99.6015 -34.5 18.7958
      vertex 99.5001 -34.5 19.174
    endloop
  endfacet
  facet normal 0.965886 0 0.258966
    outer loop
      vertex 99.6015 -34.5 18.7958
      vertex 99.5001 -96.7 19.174
      vertex 99.6015 -96.7 18.7958
    endloop
  endfacet
  facet normal 0.704038 0.656088 0.271808
    outer loop
      vertex 99.0274 -33.3505 18.908
      vertex 99.0274 -33.4694 19.195
      vertex 99.3043 -33.7092 19.0566
    endloop
  endfacet
  facet normal 0.496676 -0.528285 0.688642
    outer loop
      vertex 99.0274 -97.295 19.6306
      vertex 98.6883 -97.6799 19.5799
      vertex 99.0274 -97.5415 19.4415
    endloop
  endfacet
  facet normal 0.864168 -0.39922 0.306329
    outer loop
      vertex 99.3043 -97.3457 19.2457
      vertex 99.3043 -97.4908 19.0566
      vertex 99.5001 -97.1971 18.887
    endloop
  endfacet
  facet normal 0.2569 -0.766627 0.58846
    outer loop
      vertex 98.6883 -97.6799 19.5799
      vertex 98.3101 -97.7516 19.6516
      vertex 98.6883 -97.9002 19.2929
    endloop
  endfacet
  facet normal 0.496874 -0.33204 0.801789
    outer loop
      vertex 98.6883 -97.0587 19.9386
      vertex 98.6883 -97.3929 19.8002
      vertex 99.0274 -97.295 19.6306
    endloop
  endfacet
  facet normal 0.866003 -0.500039 0
    outer loop
      vertex 99.3043 -97.6131 18.6
      vertex 99.5001 -97.274 1.5
      vertex 99.5001 -97.274 18.6
    endloop
  endfacet
  facet normal 0.866003 -0.500039 0
    outer loop
      vertex 99.5001 -97.274 1.5
      vertex 99.3043 -97.6131 18.6
      vertex 99.3043 -97.6131 1.5
    endloop
  endfacet
  facet normal 0.496676 -0.688642 0.528285
    outer loop
      vertex 99.0274 -97.5415 19.4415
      vertex 98.6883 -97.6799 19.5799
      vertex 99.0274 -97.7306 19.195
    endloop
  endfacet
  facet normal 0 -0.991436 0.130594
    outer loop
      vertex 87.2042 -98.1872 18.6
      vertex 98.3101 -98.1365 18.9849
      vertex 87.2042 -98.1365 18.9849
    endloop
  endfacet
  facet normal 0 -0.991436 0.130594
    outer loop
      vertex 98.3101 -98.1365 18.9849
      vertex 87.2042 -98.1872 18.6
      vertex 98.3101 -98.1872 18.6
    endloop
  endfacet
  facet normal 0.496771 -0.801804 -0.332159
    outer loop
      vertex 99.0274 -97.8495 1.192
      vertex 98.6883 -98.0386 1.14132
      vertex 99.0274 -97.7306 0.904985
    endloop
  endfacet
  facet normal 0.704058 -0.563412 -0.432283
    outer loop
      vertex 99.3043 -97.4908 1.04343
      vertex 99.0274 -97.7306 0.904985
      vertex 99.0274 -97.5415 0.658523
    endloop
  endfacet
  facet normal 0.256756 -0.892889 0.3699
    outer loop
      vertex 98.3101 -97.9879 19.3436
      vertex 98.3101 -98.1365 18.9849
      vertex 98.6883 -98.0386 18.9587
    endloop
  endfacet
  facet normal 0 -0.92386 0.382731
    outer loop
      vertex 87.2042 -98.1365 18.9849
      vertex 98.3101 -97.9879 19.3436
      vertex 87.2042 -97.9879 19.3436
    endloop
  endfacet
  facet normal 0 -0.92386 0.382731
    outer loop
      vertex 98.3101 -97.9879 19.3436
      vertex 87.2042 -98.1365 18.9849
      vertex 98.3101 -98.1365 18.9849
    endloop
  endfacet
  facet normal -0.256641 -0.369797 0.892964
    outer loop
      vertex 86.826 -97.0587 19.9386
      vertex 86.826 -97.3929 19.8002
      vertex 87.2042 -97.4436 19.8879
    endloop
  endfacet
  facet normal -0.496862 -0.528418 0.688406
    outer loop
      vertex 86.826 -97.3929 19.8002
      vertex 86.4869 -97.295 19.6306
      vertex 86.826 -97.6799 19.5799
    endloop
  endfacet
  facet normal -0.866003 0 0.500039
    outer loop
      vertex 86.0142 -96.7 19.174
      vertex 86.21 -34.5 19.5131
      vertex 86.0142 -34.5 19.174
    endloop
  endfacet
  facet normal -0.866003 0 0.500039
    outer loop
      vertex 86.21 -34.5 19.5131
      vertex 86.0142 -96.7 19.174
      vertex 86.21 -96.7 19.5131
    endloop
  endfacet
  facet normal -0.256779 -0.126216 0.958193
    outer loop
      vertex 87.2042 -96.7 20.0872
      vertex 86.826 -97.0587 19.9386
      vertex 87.2042 -97.0849 20.0365
    endloop
  endfacet
  facet normal -0.704038 -0.656088 0.271808
    outer loop
      vertex 86.4869 -97.7306 19.195
      vertex 86.21 -97.4908 19.0566
      vertex 86.4869 -97.8495 18.908
    endloop
  endfacet
  facet normal -1 0 0
    outer loop
      vertex 85.9128 -34.5 1.30421
      vertex 85.9128 -34.3042 1.5
      vertex 85.9128 -34.3109 1.44933
    endloop
  endfacet
  facet normal -1 -0 0
    outer loop
      vertex 85.9128 -34.3042 1.5
      vertex 85.9128 -34.5 1.30421
      vertex 85.9128 -34.3042 18.6
    endloop
  endfacet
  facet normal -1 0 0
    outer loop
      vertex 85.9128 -34.5 1.30421
      vertex 85.9128 -34.3109 1.44933
      vertex 85.9128 -34.3304 1.40211
    endloop
  endfacet
  facet normal -1 0 0
    outer loop
      vertex 85.9128 -34.5 18.7958
      vertex 85.9128 -34.3042 18.6
      vertex 85.9128 -34.5 1.30421
    endloop
  endfacet
  facet normal -1 0 0
    outer loop
      vertex 85.9128 -34.5 1.30421
      vertex 85.9128 -34.3304 1.40211
      vertex 85.9128 -34.3616 1.36156
    endloop
  endfacet
  facet normal -1 0 0
    outer loop
      vertex 85.9128 -34.3042 18.6
      vertex 85.9128 -34.5 18.7958
      vertex 85.9128 -34.3109 18.6507
    endloop
  endfacet
  facet normal -1 0 0
    outer loop
      vertex 85.9128 -34.5 1.30421
      vertex 85.9128 -34.3616 1.36156
      vertex 85.9128 -34.4021 1.33044
    endloop
  endfacet
  facet normal -1 0 0
    outer loop
      vertex 85.9128 -34.3109 18.6507
      vertex 85.9128 -34.5 18.7958
      vertex 85.9128 -34.3304 18.6979
    endloop
  endfacet
  facet normal -1 0 0
    outer loop
      vertex 85.9128 -34.5 1.30421
      vertex 85.9128 -34.4021 1.33044
      vertex 85.9128 -34.4493 1.31088
    endloop
  endfacet
  facet normal -1 0 0
    outer loop
      vertex 85.9128 -34.3304 18.6979
      vertex 85.9128 -34.5 18.7958
      vertex 85.9128 -34.3616 18.7384
    endloop
  endfacet
  facet normal -1 0 0
    outer loop
      vertex 85.9128 -34.3616 18.7384
      vertex 85.9128 -34.5 18.7958
      vertex 85.9128 -34.4021 18.7696
    endloop
  endfacet
  facet normal -1 0 0
    outer loop
      vertex 85.9128 -34.4021 18.7696
      vertex 85.9128 -34.5 18.7958
      vertex 85.9128 -34.4493 18.7891
    endloop
  endfacet
  facet normal -1 0 0
    outer loop
      vertex 85.9128 -96.7 1.30421
      vertex 85.9128 -34.5 18.7958
      vertex 85.9128 -34.5 1.30421
    endloop
  endfacet
  facet normal -1 0 0
    outer loop
      vertex 85.9128 -96.7 1.30421
      vertex 85.9128 -96.7 18.7958
      vertex 85.9128 -34.5 18.7958
    endloop
  endfacet
  facet normal -1 0 0
    outer loop
      vertex 85.9128 -96.8958 1.5
      vertex 85.9128 -96.7 1.30421
      vertex 85.9128 -96.7507 1.31088
    endloop
  endfacet
  facet normal -1 0 0
    outer loop
      vertex 85.9128 -96.7 1.30421
      vertex 85.9128 -96.8958 1.5
      vertex 85.9128 -96.7 18.7958
    endloop
  endfacet
  facet normal -1 0 0
    outer loop
      vertex 85.9128 -96.8958 1.5
      vertex 85.9128 -96.7507 1.31088
      vertex 85.9128 -96.7979 1.33044
    endloop
  endfacet
  facet normal -1 0 0
    outer loop
      vertex 85.9128 -96.8958 18.6
      vertex 85.9128 -96.7 18.7958
      vertex 85.9128 -96.8958 1.5
    endloop
  endfacet
  facet normal -1 0 0
    outer loop
      vertex 85.9128 -96.8958 1.5
      vertex 85.9128 -96.7979 1.33044
      vertex 85.9128 -96.8384 1.36156
    endloop
  endfacet
  facet normal -1 0 0
    outer loop
      vertex 85.9128 -96.7 18.7958
      vertex 85.9128 -96.8958 18.6
      vertex 85.9128 -96.7507 18.7891
    endloop
  endfacet
  facet normal -1 0 0
    outer loop
      vertex 85.9128 -96.8958 1.5
      vertex 85.9128 -96.8384 1.36156
      vertex 85.9128 -96.8696 1.40211
    endloop
  endfacet
  facet normal -1 0 0
    outer loop
      vertex 85.9128 -96.7507 18.7891
      vertex 85.9128 -96.8958 18.6
      vertex 85.9128 -96.7979 18.7696
    endloop
  endfacet
  facet normal -1 0 0
    outer loop
      vertex 85.9128 -96.8958 1.5
      vertex 85.9128 -96.8696 1.40211
      vertex 85.9128 -96.8891 1.44933
    endloop
  endfacet
  facet normal -1 0 0
    outer loop
      vertex 85.9128 -96.7979 18.7696
      vertex 85.9128 -96.8958 18.6
      vertex 85.9128 -96.8384 18.7384
    endloop
  endfacet
  facet normal -1 0 0
    outer loop
      vertex 85.9128 -96.8384 18.7384
      vertex 85.9128 -96.8958 18.6
      vertex 85.9128 -96.8696 18.6979
    endloop
  endfacet
  facet normal -1 0 0
    outer loop
      vertex 85.9128 -96.8696 18.6979
      vertex 85.9128 -96.8958 18.6
      vertex 85.9128 -96.8891 18.6507
    endloop
  endfacet
  facet normal -0.965321 -0.0342023 0.258814
    outer loop
      vertex 85.9128 -96.7 18.7958
      vertex 85.9128 -96.7507 18.7891
      vertex 86.0142 -96.7 19.174
    endloop
  endfacet
  facet normal -0.707107 0 0.707107
    outer loop
      vertex 86.21 -34.5 19.5131
      vertex 86.4869 -96.7 19.79
      vertex 86.4869 -34.5 19.79
    endloop
  endfacet
  facet normal -0.707107 0 0.707107
    outer loop
      vertex 86.4869 -96.7 19.79
      vertex 86.21 -34.5 19.5131
      vertex 86.21 -96.7 19.5131
    endloop
  endfacet
  facet normal -0.866003 0.500039 0
    outer loop
      vertex 86.0142 -33.926 1.5
      vertex 86.21 -33.5869 18.6
      vertex 86.21 -33.5869 1.5
    endloop
  endfacet
  facet normal -0.866003 0.500039 0
    outer loop
      vertex 86.21 -33.5869 18.6
      vertex 86.0142 -33.926 1.5
      vertex 86.0142 -33.926 18.6
    endloop
  endfacet
  facet normal -0.965313 0.241314 0.0996954
    outer loop
      vertex 85.9128 -34.3109 18.6507
      vertex 85.9128 -34.3304 18.6979
      vertex 86.0142 -34.0029 18.887
    endloop
  endfacet
  facet normal -0.965337 0.0999916 0.241095
    outer loop
      vertex 86.0142 -34.213 19.0971
      vertex 85.9128 -34.4493 18.7891
      vertex 86.0142 -34.3514 19.1545
    endloop
  endfacet
  facet normal -0.864168 0.306329 0.39922
    outer loop
      vertex 86.21 -33.8543 19.2457
      vertex 86.0142 -34.213 19.0971
      vertex 86.21 -34.0434 19.3908
    endloop
  endfacet
  facet normal -0.704026 0.43226 0.56347
    outer loop
      vertex 86.4869 -33.6585 19.4415
      vertex 86.21 -34.0434 19.3908
      vertex 86.4869 -33.905 19.6306
    endloop
  endfacet
  facet normal -0.704038 0.271808 0.656088
    outer loop
      vertex 86.4869 -33.905 19.6306
      vertex 86.21 -34.0434 19.3908
      vertex 86.4869 -34.192 19.7495
    endloop
  endfacet
  facet normal -0.704038 0.656088 0.271808
    outer loop
      vertex 86.4869 -33.3505 18.908
      vertex 86.21 -33.7092 19.0566
      vertex 86.4869 -33.4694 19.195
    endloop
  endfacet
  facet normal -0.496765 0.860478 0.113147
    outer loop
      vertex 86.4869 -33.31 18.6
      vertex 86.4869 -33.3505 18.908
      vertex 86.826 -33.1614 18.9587
    endloop
  endfacet
  facet normal -0.256797 -0.36983 -0.892906
    outer loop
      vertex 87.2042 -97.4436 0.212076
      vertex 86.826 -97.3929 0.299846
      vertex 87.2042 -97.0849 0.0635071
    endloop
  endfacet
  facet normal -0.704104 -0.704028 -0.0926431
    outer loop
      vertex 86.4869 -97.8495 1.192
      vertex 86.21 -97.6131 1.5
      vertex 86.21 -97.582 1.26366
    endloop
  endfacet
  facet normal -0.965312 0.206934 -0.15922
    outer loop
      vertex 86.0142 -34.0029 1.21299
      vertex 85.9128 -34.3616 1.36156
      vertex 85.9128 -34.3304 1.40211
    endloop
  endfacet
  facet normal -0.496805 -0.332145 -0.801788
    outer loop
      vertex 86.826 -97.3929 0.299846
      vertex 86.4869 -97.295 0.469404
      vertex 86.826 -97.0587 0.161402
    endloop
  endfacet
  facet normal -0.965338 -0.207091 -0.158859
    outer loop
      vertex 86.0142 -97.1971 1.21299
      vertex 85.9128 -96.8384 1.36156
      vertex 86.0142 -97.1059 1.0941
    endloop
  endfacet
  facet normal -0.704054 -0.092706 -0.704069
    outer loop
      vertex 86.4869 -97.008 0.35052
      vertex 86.21 -96.9363 0.617973
      vertex 86.21 -96.7 0.586859
    endloop
  endfacet
  facet normal -0.704047 -0.0926937 -0.704078
    outer loop
      vertex 86.4869 -97.008 0.35052
      vertex 86.21 -96.7 0.586859
      vertex 86.4869 -96.7 0.309971
    endloop
  endfacet
  facet normal -0.704026 -0.271781 -0.656112
    outer loop
      vertex 86.4869 -97.295 0.469404
      vertex 86.21 -97.1566 0.709196
      vertex 86.4869 -97.008 0.35052
    endloop
  endfacet
  facet normal -0.704016 -0.432294 -0.563457
    outer loop
      vertex 86.4869 -97.5415 0.658523
      vertex 86.21 -97.1566 0.709196
      vertex 86.4869 -97.295 0.469404
    endloop
  endfacet
  facet normal -0.704059 -0.656073 -0.271788
    outer loop
      vertex 86.4869 -97.8495 1.192
      vertex 86.21 -97.4908 1.04343
      vertex 86.4869 -97.7306 0.904985
    endloop
  endfacet
  facet normal -0.704058 -0.563412 -0.432283
    outer loop
      vertex 86.4869 -97.7306 0.904985
      vertex 86.21 -97.4908 1.04343
      vertex 86.4869 -97.5415 0.658523
    endloop
  endfacet
  facet normal -0.256789 -0.958191 -0.126212
    outer loop
      vertex 87.2042 -98.1872 1.5
      vertex 86.826 -98.0386 1.14132
      vertex 87.2042 -98.1365 1.11509
    endloop
  endfacet
  facet normal -0.256783 -0.892872 -0.369921
    outer loop
      vertex 87.2042 -98.1365 1.11509
      vertex 86.826 -98.0386 1.14132
      vertex 87.2042 -97.9879 0.756417
    endloop
  endfacet
  facet normal -0.866003 -0.500039 0
    outer loop
      vertex 86.21 -97.6131 1.5
      vertex 86.0142 -97.274 18.6
      vertex 86.0142 -97.274 1.5
    endloop
  endfacet
  facet normal -0.866003 -0.500039 0
    outer loop
      vertex 86.0142 -97.274 18.6
      vertex 86.21 -97.6131 1.5
      vertex 86.21 -97.6131 18.6
    endloop
  endfacet
  facet normal -0.965342 -0.158842 0.207086
    outer loop
      vertex 86.0142 -96.987 19.0971
      vertex 85.9128 -96.8384 18.7384
      vertex 86.0142 -97.1059 19.0059
    endloop
  endfacet
  facet normal -0.496874 -0.801789 0.33204
    outer loop
      vertex 86.826 -97.9002 19.2929
      vertex 86.4869 -97.7306 19.195
      vertex 86.826 -98.0386 18.9587
    endloop
  endfacet
  facet normal 0.704055 -0.563418 -0.43228
    outer loop
      vertex 99.3043 -97.4908 1.04343
      vertex 99.0274 -97.5415 0.658523
      vertex 99.3043 -97.3457 0.854312
    endloop
  endfacet
  facet normal 0.256775 0.126151 -0.958203
    outer loop
      vertex 98.6883 -34.5 0.114182
      vertex 98.3101 -34.5 0.0128336
      vertex 98.3101 -34.1151 0.0635071
    endloop
  endfacet
  facet normal 0.864129 0.192542 -0.464982
    outer loop
      vertex 99.5001 -34.3514 0.945535
      vertex 99.3043 -34.2637 0.617973
      vertex 99.3043 -34.0434 0.709196
    endloop
  endfacet
  facet normal 0.864144 0.498966 -0.0654899
    outer loop
      vertex 99.5001 -33.9455 1.35143
      vertex 99.3043 -33.5869 1.5
      vertex 99.5001 -33.926 1.5
    endloop
  endfacet
  facet normal 0.704057 0.432335 -0.563374
    outer loop
      vertex 99.3043 -34.0434 0.709196
      vertex 99.0274 -33.6585 0.658523
      vertex 99.3043 -33.8543 0.854312
    endloop
  endfacet
  facet normal 0.496771 0.801804 -0.332159
    outer loop
      vertex 99.0274 -33.4694 0.904985
      vertex 98.6883 -33.1614 1.14132
      vertex 99.0274 -33.3505 1.192
    endloop
  endfacet
  facet normal 0.965338 0.241102 -0.0999656
    outer loop
      vertex 99.6015 -34.3109 1.44933
      vertex 99.5001 -34.0029 1.21299
      vertex 99.5001 -33.9455 1.35143
    endloop
  endfacet
  facet normal 0.70413 0.271602 0.656074
    outer loop
      vertex 99.3043 -34.0434 19.3908
      vertex 99.0274 -34.192 19.7495
      vertex 99.3043 -34.2637 19.482
    endloop
  endfacet
  facet normal 0.256779 -0.126216 0.958193
    outer loop
      vertex 98.3101 -96.7 20.0872
      vertex 98.3101 -97.0849 20.0365
      vertex 98.6883 -97.0587 19.9386
    endloop
  endfacet
  facet normal 0.496819 0.332125 -0.801788
    outer loop
      vertex 99.0274 -34.192 0.35052
      vertex 98.6883 -34.1413 0.161402
      vertex 99.0274 -33.905 0.469404
    endloop
  endfacet
  facet normal 0.704047 0.0926937 -0.704078
    outer loop
      vertex 99.3043 -34.5 0.586859
      vertex 99.0274 -34.5 0.309971
      vertex 99.0274 -34.192 0.35052
    endloop
  endfacet
  facet normal 0.864154 -0.399253 -0.306326
    outer loop
      vertex 99.5001 -97.1971 1.21299
      vertex 99.3043 -97.4908 1.04343
      vertex 99.3043 -97.3457 0.854312
    endloop
  endfacet
  facet normal 0.704016 -0.432294 -0.563457
    outer loop
      vertex 99.3043 -97.1566 0.709196
      vertex 99.0274 -97.5415 0.658523
      vertex 99.0274 -97.295 0.469404
    endloop
  endfacet
  facet normal 0.864129 -0.192542 -0.464982
    outer loop
      vertex 99.5001 -96.8486 0.945535
      vertex 99.3043 -97.1566 0.709196
      vertex 99.3043 -96.9363 0.617973
    endloop
  endfacet
  facet normal 0.864138 -0.0656973 -0.498948
    outer loop
      vertex 99.5001 -96.8486 0.945535
      vertex 99.3043 -96.9363 0.617973
      vertex 99.3043 -96.7 0.586859
    endloop
  endfacet
  facet normal 0.864142 -0.399299 -0.3063
    outer loop
      vertex 99.5001 -97.1971 1.21299
      vertex 99.3043 -97.3457 0.854312
      vertex 99.5001 -97.1059 1.0941
    endloop
  endfacet
  facet normal 0.965337 -0.158874 -0.207083
    outer loop
      vertex 99.6015 -96.8384 1.36156
      vertex 99.5001 -97.1059 1.0941
      vertex 99.5001 -96.987 1.00288
    endloop
  endfacet
  facet normal 0.496805 -0.332145 -0.801788
    outer loop
      vertex 99.0274 -97.295 0.469404
      vertex 98.6883 -97.3929 0.299846
      vertex 98.6883 -97.0587 0.161402
    endloop
  endfacet
  facet normal 0.256783 -0.892872 -0.369921
    outer loop
      vertex 98.6883 -98.0386 1.14132
      vertex 98.3101 -98.1365 1.11509
      vertex 98.3101 -97.9879 0.756417
    endloop
  endfacet
  facet normal 0.256797 -0.36983 -0.892906
    outer loop
      vertex 98.6883 -97.3929 0.299846
      vertex 98.3101 -97.4436 0.212076
      vertex 98.3101 -97.0849 0.0635071
    endloop
  endfacet
  facet normal 0.256775 -0.126151 -0.958203
    outer loop
      vertex 98.6883 -96.7 0.114182
      vertex 98.3101 -97.0849 0.0635071
      vertex 98.3101 -96.7 0.0128336
    endloop
  endfacet
  facet normal 0.258843 0 -0.965919
    outer loop
      vertex 98.3101 -35.2628 0.0128336
      vertex 98.6883 -34.5 0.114182
      vertex 98.6883 -35.3642 0.114182
    endloop
  endfacet
  facet normal 0.258843 0 -0.965919
    outer loop
      vertex 98.6883 -34.5 0.114182
      vertex 98.3101 -35.2628 0.0128336
      vertex 98.3101 -34.5 0.0128336
    endloop
  endfacet
  facet normal 0.258843 0 -0.965919
    outer loop
      vertex 98.3101 -95.9372 0.0128336
      vertex 98.6883 -96.7 0.114182
      vertex 98.3101 -96.7 0.0128336
    endloop
  endfacet
  facet normal 0.258843 0 -0.965919
    outer loop
      vertex 98.6883 -96.7 0.114182
      vertex 98.3101 -95.9372 0.0128336
      vertex 98.6883 -95.8358 0.114182
    endloop
  endfacet
  facet normal 0.965338 -0.241102 -0.0999656
    outer loop
      vertex 99.6015 -96.8891 1.44933
      vertex 99.5001 -97.2545 1.35143
      vertex 99.5001 -97.1971 1.21299
    endloop
  endfacet
  facet normal 0.965313 -0.241329 -0.0996592
    outer loop
      vertex 99.6015 -96.8891 1.44933
      vertex 99.5001 -97.1971 1.21299
      vertex 99.6015 -96.8696 1.40211
    endloop
  endfacet
  facet normal 0.965312 -0.206934 -0.15922
    outer loop
      vertex 99.6015 -96.8696 1.40211
      vertex 99.5001 -97.1971 1.21299
      vertex 99.6015 -96.8384 1.36156
    endloop
  endfacet
  facet normal 0.965332 -0.0340465 -0.258794
    outer loop
      vertex 99.6015 -96.7507 1.31088
      vertex 99.5001 -96.7 0.925976
      vertex 99.6015 -96.7 1.30421
    endloop
  endfacet
  facet normal -0.256847 0.76665 -0.588453
    outer loop
      vertex 87.2042 -33.4484 0.448415
      vertex 86.826 -33.5201 0.520079
      vertex 86.826 -33.2998 0.807091
    endloop
  endfacet
  facet normal -0.965324 0.15906 -0.207002
    outer loop
      vertex 86.0142 -34.213 1.00288
      vertex 85.9128 -34.4021 1.33044
      vertex 85.9128 -34.3616 1.36156
    endloop
  endfacet
  facet normal -0.704026 0.56347 0.43226
    outer loop
      vertex 86.4869 -33.4694 19.195
      vertex 86.21 -33.7092 19.0566
      vertex 86.4869 -33.6585 19.4415
    endloop
  endfacet
  facet normal -0.256641 0.369797 0.892964
    outer loop
      vertex 86.826 -33.8071 19.8002
      vertex 86.826 -34.1413 19.9386
      vertex 87.2042 -33.7564 19.8879
    endloop
  endfacet
  facet normal 0.965338 0.207091 -0.158859
    outer loop
      vertex 99.6015 -34.3616 1.36156
      vertex 99.5001 -34.0941 1.0941
      vertex 99.5001 -34.0029 1.21299
    endloop
  endfacet
  facet normal 0.965313 0.241329 -0.0996592
    outer loop
      vertex 99.6015 -34.3304 1.40211
      vertex 99.5001 -34.0029 1.21299
      vertex 99.6015 -34.3109 1.44933
    endloop
  endfacet
  facet normal 0.965324 0.15906 -0.207002
    outer loop
      vertex 99.6015 -34.4021 1.33044
      vertex 99.5001 -34.213 1.00288
      vertex 99.6015 -34.3616 1.36156
    endloop
  endfacet
  facet normal 0.965305 -0.15936 0.206861
    outer loop
      vertex 99.6015 -96.7979 18.7696
      vertex 99.5001 -96.987 19.0971
      vertex 99.6015 -96.8384 18.7384
    endloop
  endfacet
  facet normal 0.965342 -0.207086 0.158842
    outer loop
      vertex 99.5001 -97.1059 19.0059
      vertex 99.5001 -97.1971 18.887
      vertex 99.6015 -96.8384 18.7384
    endloop
  endfacet
  facet normal 0.965321 -0.0342023 0.258814
    outer loop
      vertex 99.6015 -96.7 18.7958
      vertex 99.5001 -96.7 19.174
      vertex 99.6015 -96.7507 18.7891
    endloop
  endfacet
  facet normal 0.965337 -0.0339592 0.258787
    outer loop
      vertex 99.5001 -96.7 19.174
      vertex 99.5001 -96.8486 19.1545
      vertex 99.6015 -96.7507 18.7891
    endloop
  endfacet
  facet normal 0.864144 0.0654767 0.498966
    outer loop
      vertex 99.5001 -34.3514 19.1545
      vertex 99.3043 -34.5 19.5131
      vertex 99.5001 -34.5 19.174
    endloop
  endfacet
  facet normal 0.704038 -0.271808 0.656088
    outer loop
      vertex 99.0274 -97.008 19.7495
      vertex 99.0274 -97.295 19.6306
      vertex 99.3043 -97.1566 19.3908
    endloop
  endfacet
  facet normal 0.965337 0.258787 0.0339592
    outer loop
      vertex 99.5001 -33.926 18.6
      vertex 99.5001 -33.9455 18.7486
      vertex 99.6015 -34.3109 18.6507
    endloop
  endfacet
  facet normal 0.704026 -0.56347 0.43226
    outer loop
      vertex 99.0274 -97.5415 19.4415
      vertex 99.0274 -97.7306 19.195
      vertex 99.3043 -97.4908 19.0566
    endloop
  endfacet
  facet normal 0.704066 -0.56339 0.4323
    outer loop
      vertex 99.3043 -97.3457 19.2457
      vertex 99.0274 -97.5415 19.4415
      vertex 99.3043 -97.4908 19.0566
    endloop
  endfacet
  facet normal 0.258966 -0.965886 0
    outer loop
      vertex 98.3101 -98.1872 1.5
      vertex 98.6883 -98.0858 18.6
      vertex 98.3101 -98.1872 18.6
    endloop
  endfacet
  facet normal 0.258966 -0.965886 0
    outer loop
      vertex 98.6883 -98.0858 18.6
      vertex 98.3101 -98.1872 1.5
      vertex 98.6883 -98.0858 1.5
    endloop
  endfacet
  facet normal 0.864144 -0.498966 0.0654767
    outer loop
      vertex 99.5001 -97.2545 18.7486
      vertex 99.3043 -97.6131 18.6
      vertex 99.5001 -97.274 18.6
    endloop
  endfacet
  facet normal -0.256641 -0.892964 0.369797
    outer loop
      vertex 86.826 -97.9002 19.2929
      vertex 86.826 -98.0386 18.9587
      vertex 87.2042 -97.9879 19.3436
    endloop
  endfacet
  facet normal -0.496874 -0.33204 0.801789
    outer loop
      vertex 86.826 -97.0587 19.9386
      vertex 86.4869 -97.295 19.6306
      vertex 86.826 -97.3929 19.8002
    endloop
  endfacet
  facet normal 0.864109 -0.46501 -0.192567
    outer loop
      vertex 99.5001 -97.2545 1.35143
      vertex 99.3043 -97.582 1.26366
      vertex 99.3043 -97.4908 1.04343
    endloop
  endfacet
  facet normal 0.864144 -0.498966 -0.0654899
    outer loop
      vertex 99.5001 -97.274 1.5
      vertex 99.3043 -97.6131 1.5
      vertex 99.5001 -97.2545 1.35143
    endloop
  endfacet
  facet normal 0.496824 -0.860434 -0.113228
    outer loop
      vertex 99.0274 -97.89 1.5
      vertex 98.6883 -98.0858 1.5
      vertex 98.6883 -98.0386 1.14132
    endloop
  endfacet
  facet normal 0.256641 -0.892964 0.369797
    outer loop
      vertex 98.6883 -97.9002 19.2929
      vertex 98.3101 -97.9879 19.3436
      vertex 98.6883 -98.0386 18.9587
    endloop
  endfacet
  facet normal 0.256682 -0.766817 0.588308
    outer loop
      vertex 98.3101 -97.7516 19.6516
      vertex 98.3101 -97.9879 19.3436
      vertex 98.6883 -97.9002 19.2929
    endloop
  endfacet
  facet normal 0.256899 -0.958178 0.126083
    outer loop
      vertex 98.6883 -98.0386 18.9587
      vertex 98.3101 -98.1872 18.6
      vertex 98.6883 -98.0858 18.6
    endloop
  endfacet
  facet normal 0.256779 -0.958193 0.126216
    outer loop
      vertex 98.3101 -98.1365 18.9849
      vertex 98.3101 -98.1872 18.6
      vertex 98.6883 -98.0386 18.9587
    endloop
  endfacet
  facet normal -0.496784 -0.33217 0.801791
    outer loop
      vertex 86.4869 -97.008 19.7495
      vertex 86.4869 -97.295 19.6306
      vertex 86.826 -97.0587 19.9386
    endloop
  endfacet
  facet normal 0 -0.793399 0.608702
    outer loop
      vertex 87.2042 -97.9879 19.3436
      vertex 98.3101 -97.7516 19.6516
      vertex 87.2042 -97.7516 19.6516
    endloop
  endfacet
  facet normal 0 -0.793399 0.608702
    outer loop
      vertex 98.3101 -97.7516 19.6516
      vertex 87.2042 -97.9879 19.3436
      vertex 98.3101 -97.9879 19.3436
    endloop
  endfacet
  facet normal -0.496824 -0.113221 0.860434
    outer loop
      vertex 86.826 -96.7 19.9858
      vertex 86.4869 -96.7 19.79
      vertex 86.826 -97.0587 19.9386
    endloop
  endfacet
  facet normal 0 -0.382731 0.92386
    outer loop
      vertex 87.2042 -97.0849 20.0365
      vertex 98.3101 -97.4436 19.8879
      vertex 98.3101 -97.0849 20.0365
    endloop
  endfacet
  facet normal 0 -0.382731 0.92386
    outer loop
      vertex 98.3101 -97.4436 19.8879
      vertex 87.2042 -97.0849 20.0365
      vertex 87.2042 -97.4436 19.8879
    endloop
  endfacet
  facet normal -0.704066 -0.56339 0.4323
    outer loop
      vertex 86.21 -97.3457 19.2457
      vertex 86.21 -97.4908 19.0566
      vertex 86.4869 -97.5415 19.4415
    endloop
  endfacet
  facet normal -0.70407 -0.0925806 0.70407
    outer loop
      vertex 86.4869 -96.7 19.79
      vertex 86.21 -96.7 19.5131
      vertex 86.4869 -97.008 19.7495
    endloop
  endfacet
  facet normal -0.864096 0.499023 0.0656776
    outer loop
      vertex 86.21 -33.5869 18.6
      vertex 86.0142 -33.9455 18.7486
      vertex 86.21 -33.618 18.8363
    endloop
  endfacet
  facet normal -0.864144 0.498966 0.0654767
    outer loop
      vertex 86.0142 -33.926 18.6
      vertex 86.0142 -33.9455 18.7486
      vertex 86.21 -33.5869 18.6
    endloop
  endfacet
  facet normal -0.965337 0.0339592 0.258787
    outer loop
      vertex 86.0142 -34.3514 19.1545
      vertex 85.9128 -34.4493 18.7891
      vertex 86.0142 -34.5 19.174
    endloop
  endfacet
  facet normal -0.864144 0.0654767 0.498966
    outer loop
      vertex 86.0142 -34.3514 19.1545
      vertex 86.0142 -34.5 19.174
      vertex 86.21 -34.5 19.5131
    endloop
  endfacet
  facet normal -0.864145 0.399306 0.30628
    outer loop
      vertex 86.0142 -34.0029 18.887
      vertex 86.0142 -34.0941 19.0059
      vertex 86.21 -33.8543 19.2457
    endloop
  endfacet
  facet normal -0.965342 0.158842 0.207086
    outer loop
      vertex 86.0142 -34.0941 19.0059
      vertex 85.9128 -34.3616 18.7384
      vertex 86.0142 -34.213 19.0971
    endloop
  endfacet
  facet normal -0.965305 0.15936 0.206861
    outer loop
      vertex 85.9128 -34.3616 18.7384
      vertex 85.9128 -34.4021 18.7696
      vertex 86.0142 -34.213 19.0971
    endloop
  endfacet
  facet normal -0.864176 0.192771 0.4648
    outer loop
      vertex 86.0142 -34.213 19.0971
      vertex 86.0142 -34.3514 19.1545
      vertex 86.21 -34.0434 19.3908
    endloop
  endfacet
  facet normal -0.70413 0.271602 0.656074
    outer loop
      vertex 86.21 -34.0434 19.3908
      vertex 86.21 -34.2637 19.482
      vertex 86.4869 -34.192 19.7495
    endloop
  endfacet
  facet normal -0.256756 0.3699 0.892889
    outer loop
      vertex 87.2042 -33.7564 19.8879
      vertex 86.826 -34.1413 19.9386
      vertex 87.2042 -34.1151 20.0365
    endloop
  endfacet
  facet normal -0.496676 0.528285 0.688642
    outer loop
      vertex 86.4869 -33.6585 19.4415
      vertex 86.4869 -33.905 19.6306
      vertex 86.826 -33.5201 19.5799
    endloop
  endfacet
  facet normal -0.256682 0.588308 0.766817
    outer loop
      vertex 87.2042 -33.4484 19.6516
      vertex 86.826 -33.8071 19.8002
      vertex 87.2042 -33.7564 19.8879
    endloop
  endfacet
  facet normal -0.496862 0.688406 0.528418
    outer loop
      vertex 86.826 -33.2998 19.2929
      vertex 86.4869 -33.4694 19.195
      vertex 86.826 -33.5201 19.5799
    endloop
  endfacet
  facet normal -0.864094 0.465054 0.192524
    outer loop
      vertex 86.21 -33.618 18.8363
      vertex 86.0142 -33.9455 18.7486
      vertex 86.21 -33.7092 19.0566
    endloop
  endfacet
  facet normal -0.70413 0.656074 0.271602
    outer loop
      vertex 86.21 -33.618 18.8363
      vertex 86.21 -33.7092 19.0566
      vertex 86.4869 -33.3505 18.908
    endloop
  endfacet
  facet normal -0.256641 0.892964 0.369797
    outer loop
      vertex 86.826 -33.1614 18.9587
      vertex 86.826 -33.2998 19.2929
      vertex 87.2042 -33.2121 19.3436
    endloop
  endfacet
  facet normal -0.496784 0.801791 0.33217
    outer loop
      vertex 86.4869 -33.3505 18.908
      vertex 86.4869 -33.4694 19.195
      vertex 86.826 -33.1614 18.9587
    endloop
  endfacet
  facet normal -0.256765 -0.12614 -0.958207
    outer loop
      vertex 87.2042 -97.0849 0.0635071
      vertex 86.826 -97.0587 0.161402
      vertex 86.826 -96.7 0.114182
    endloop
  endfacet
  facet normal -0.256745 -0.369887 -0.892897
    outer loop
      vertex 87.2042 -97.0849 0.0635071
      vertex 86.826 -97.3929 0.299846
      vertex 86.826 -97.0587 0.161402
    endloop
  endfacet
  facet normal -0.256775 -0.126151 -0.958203
    outer loop
      vertex 87.2042 -97.0849 0.0635071
      vertex 86.826 -96.7 0.114182
      vertex 87.2042 -96.7 0.0128336
    endloop
  endfacet
  facet normal 0 -0.130527 -0.991445
    outer loop
      vertex 87.2042 -97.0849 0.0635071
      vertex 98.3101 -96.7 0.0128336
      vertex 98.3101 -97.0849 0.0635071
    endloop
  endfacet
  facet normal -0 -0.130527 -0.991445
    outer loop
      vertex 98.3101 -96.7 0.0128336
      vertex 87.2042 -97.0849 0.0635071
      vertex 87.2042 -96.7 0.0128336
    endloop
  endfacet
  facet normal 0 1 -0
    outer loop
      vertex 98.3101 -33.0128 1.5
      vertex 87.2042 -33.0128 18.6
      vertex 98.3101 -33.0128 18.6
    endloop
  endfacet
  facet normal 0 1 0
    outer loop
      vertex 87.2042 -33.0128 18.6
      vertex 98.3101 -33.0128 1.5
      vertex 87.2042 -33.0128 1.5
    endloop
  endfacet
  facet normal 0.704026 0.271781 -0.656112
    outer loop
      vertex 99.3043 -34.0434 0.709196
      vertex 99.0274 -34.192 0.35052
      vertex 99.0274 -33.905 0.469404
    endloop
  endfacet
  facet normal -0.704105 -0.656066 -0.271685
    outer loop
      vertex 86.4869 -97.8495 1.192
      vertex 86.21 -97.582 1.26366
      vertex 86.21 -97.4908 1.04343
    endloop
  endfacet
  facet normal -0.864144 -0.0656715 -0.498941
    outer loop
      vertex 86.21 -96.7 0.586859
      vertex 86.0142 -96.8486 0.945535
      vertex 86.0142 -96.7 0.925976
    endloop
  endfacet
  facet normal -0.864138 -0.0656973 -0.498948
    outer loop
      vertex 86.21 -96.9363 0.617973
      vertex 86.0142 -96.8486 0.945535
      vertex 86.21 -96.7 0.586859
    endloop
  endfacet
  facet normal -0.496745 -0.528294 -0.688585
    outer loop
      vertex 86.826 -97.6799 0.520079
      vertex 86.4869 -97.5415 0.658523
      vertex 86.4869 -97.295 0.469404
    endloop
  endfacet
  facet normal -0.864163 -0.46484 -0.192732
    outer loop
      vertex 86.21 -97.4908 1.04343
      vertex 86.0142 -97.2545 1.35143
      vertex 86.0142 -97.1971 1.21299
    endloop
  endfacet
  facet normal -0.256828 -0.588359 -0.766729
    outer loop
      vertex 87.2042 -97.7516 0.448415
      vertex 86.826 -97.6799 0.520079
      vertex 86.826 -97.3929 0.299846
    endloop
  endfacet
  facet normal -0.256847 -0.76665 -0.588453
    outer loop
      vertex 87.2042 -97.7516 0.448415
      vertex 86.826 -97.9002 0.807091
      vertex 86.826 -97.6799 0.520079
    endloop
  endfacet
  facet normal -0.496731 -0.688578 -0.528317
    outer loop
      vertex 86.826 -97.6799 0.520079
      vertex 86.4869 -97.7306 0.904985
      vertex 86.4869 -97.5415 0.658523
    endloop
  endfacet
  facet normal -0.496856 -0.68842 -0.528406
    outer loop
      vertex 86.826 -97.9002 0.807091
      vertex 86.4869 -97.7306 0.904985
      vertex 86.826 -97.6799 0.520079
    endloop
  endfacet
  facet normal -0.965337 -0.158874 -0.207083
    outer loop
      vertex 86.0142 -97.1059 1.0941
      vertex 85.9128 -96.8384 1.36156
      vertex 86.0142 -96.987 1.00288
    endloop
  endfacet
  facet normal -0.704057 -0.432335 -0.563374
    outer loop
      vertex 86.4869 -97.5415 0.658523
      vertex 86.21 -97.3457 0.854312
      vertex 86.21 -97.1566 0.709196
    endloop
  endfacet
  facet normal -0.70407 -0.70407 -0.0925806
    outer loop
      vertex 86.4869 -97.89 1.5
      vertex 86.21 -97.6131 1.5
      vertex 86.4869 -97.8495 1.192
    endloop
  endfacet
  facet normal -0.496868 -0.801802 -0.332016
    outer loop
      vertex 86.826 -98.0386 1.14132
      vertex 86.4869 -97.7306 0.904985
      vertex 86.826 -97.9002 0.807091
    endloop
  endfacet
  facet normal -0.496676 -0.528285 0.688642
    outer loop
      vertex 86.4869 -97.295 19.6306
      vertex 86.4869 -97.5415 19.4415
      vertex 86.826 -97.6799 19.5799
    endloop
  endfacet
  facet normal -0.965342 -0.207086 0.158842
    outer loop
      vertex 86.0142 -97.1059 19.0059
      vertex 85.9128 -96.8384 18.7384
      vertex 86.0142 -97.1971 18.887
    endloop
  endfacet
  facet normal -0.965313 -0.0996954 0.241314
    outer loop
      vertex 85.9128 -96.7507 18.7891
      vertex 85.9128 -96.7979 18.7696
      vertex 86.0142 -96.987 19.0971
    endloop
  endfacet
  facet normal 0.256765 0.12614 -0.958207
    outer loop
      vertex 98.6883 -34.5 0.114182
      vertex 98.3101 -34.1151 0.0635071
      vertex 98.6883 -34.1413 0.161402
    endloop
  endfacet
  facet normal 0.864154 0.399253 -0.306326
    outer loop
      vertex 99.5001 -34.0029 1.21299
      vertex 99.3043 -33.8543 0.854312
      vertex 99.3043 -33.7092 1.04343
    endloop
  endfacet
  facet normal 0.965338 0.258785 -0.0339658
    outer loop
      vertex 99.6015 -34.3109 1.44933
      vertex 99.5001 -33.9455 1.35143
      vertex 99.5001 -33.926 1.5
    endloop
  endfacet
  facet normal 0.864142 0.306326 -0.399278
    outer loop
      vertex 99.5001 -34.213 1.00288
      vertex 99.3043 -33.8543 0.854312
      vertex 99.5001 -34.0941 1.0941
    endloop
  endfacet
  facet normal 0.864158 0.30636 -0.399217
    outer loop
      vertex 99.5001 -34.213 1.00288
      vertex 99.3043 -34.0434 0.709196
      vertex 99.3043 -33.8543 0.854312
    endloop
  endfacet
  facet normal 0.496731 0.688578 -0.528317
    outer loop
      vertex 99.0274 -33.6585 0.658523
      vertex 98.6883 -33.5201 0.520079
      vertex 99.0274 -33.4694 0.904985
    endloop
  endfacet
  facet normal 0.256616 0.892982 -0.369772
    outer loop
      vertex 98.6883 -33.2998 0.807091
      vertex 98.3101 -33.2121 0.756417
      vertex 98.6883 -33.1614 1.14132
    endloop
  endfacet
  facet normal 0.256641 -0.369797 0.892964
    outer loop
      vertex 98.6883 -97.0587 19.9386
      vertex 98.3101 -97.4436 19.8879
      vertex 98.6883 -97.3929 19.8002
    endloop
  endfacet
  facet normal 0.256682 -0.588308 0.766817
    outer loop
      vertex 98.3101 -97.4436 19.8879
      vertex 98.3101 -97.7516 19.6516
      vertex 98.6883 -97.3929 19.8002
    endloop
  endfacet
  facet normal 0.496765 -0.113147 0.860478
    outer loop
      vertex 99.0274 -96.7 19.79
      vertex 98.6883 -97.0587 19.9386
      vertex 99.0274 -97.008 19.7495
    endloop
  endfacet
  facet normal 0.864144 -0.0654767 0.498966
    outer loop
      vertex 99.5001 -96.7 19.174
      vertex 99.3043 -96.7 19.5131
      vertex 99.5001 -96.8486 19.1545
    endloop
  endfacet
  facet normal 0.704054 0.092706 -0.704069
    outer loop
      vertex 99.3043 -34.5 0.586859
      vertex 99.0274 -34.192 0.35052
      vertex 99.3043 -34.2637 0.617973
    endloop
  endfacet
  facet normal 0.70407 0.271683 -0.656105
    outer loop
      vertex 99.3043 -34.2637 0.617973
      vertex 99.0274 -34.192 0.35052
      vertex 99.3043 -34.0434 0.709196
    endloop
  endfacet
  facet normal 0.500046 0 -0.865999
    outer loop
      vertex 99.0274 -96.7 0.309971
      vertex 98.6958 -95.8315 0.118498
      vertex 99.0274 -34.5 0.309971
    endloop
  endfacet
  facet normal 0.500018 0 -0.866015
    outer loop
      vertex 98.6883 -95.8358 0.114182
      vertex 99.0274 -96.7 0.309971
      vertex 98.6883 -96.7 0.114182
    endloop
  endfacet
  facet normal 0.499004 -0.00053067 -0.8666
    outer loop
      vertex 99.0274 -96.7 0.309971
      vertex 98.6883 -95.8358 0.114182
      vertex 98.6958 -95.8315 0.118498
    endloop
  endfacet
  facet normal 0.500046 0 -0.865999
    outer loop
      vertex 98.6958 -35.3685 0.118498
      vertex 99.0274 -34.5 0.309971
      vertex 98.6958 -95.8315 0.118498
    endloop
  endfacet
  facet normal 0.499004 0.00053067 -0.8666
    outer loop
      vertex 98.6883 -35.3642 0.114182
      vertex 99.0274 -34.5 0.309971
      vertex 98.6958 -35.3685 0.118498
    endloop
  endfacet
  facet normal 0.500018 0 -0.866015
    outer loop
      vertex 99.0274 -34.5 0.309971
      vertex 98.6883 -35.3642 0.114182
      vertex 98.6883 -34.5 0.114182
    endloop
  endfacet
  facet normal 0.965331 -0.0999182 -0.241149
    outer loop
      vertex 99.6015 -96.7507 1.31088
      vertex 99.5001 -96.987 1.00288
      vertex 99.5001 -96.8486 0.945535
    endloop
  endfacet
  facet normal 0.965332 -0.0999301 -0.24114
    outer loop
      vertex 99.6015 -96.7979 1.33044
      vertex 99.5001 -96.987 1.00288
      vertex 99.6015 -96.7507 1.31088
    endloop
  endfacet
  facet normal 0.496819 -0.332125 -0.801788
    outer loop
      vertex 99.0274 -97.295 0.469404
      vertex 98.6883 -97.0587 0.161402
      vertex 99.0274 -97.008 0.35052
    endloop
  endfacet
  facet normal 0.704026 -0.271781 -0.656112
    outer loop
      vertex 99.3043 -97.1566 0.709196
      vertex 99.0274 -97.295 0.469404
      vertex 99.0274 -97.008 0.35052
    endloop
  endfacet
  facet normal 0.965321 -0.258814 -0.0342225
    outer loop
      vertex 99.6015 -96.8958 1.5
      vertex 99.5001 -97.274 1.5
      vertex 99.6015 -96.8891 1.44933
    endloop
  endfacet
  facet normal 0.965338 -0.207091 -0.158859
    outer loop
      vertex 99.6015 -96.8384 1.36156
      vertex 99.5001 -97.1971 1.21299
      vertex 99.5001 -97.1059 1.0941
    endloop
  endfacet
  facet normal 0.965324 -0.15906 -0.207002
    outer loop
      vertex 99.6015 -96.8384 1.36156
      vertex 99.5001 -96.987 1.00288
      vertex 99.6015 -96.7979 1.33044
    endloop
  endfacet
  facet normal -0.256775 0.126151 -0.958203
    outer loop
      vertex 87.2042 -34.5 0.0128336
      vertex 86.826 -34.5 0.114182
      vertex 87.2042 -34.1151 0.0635071
    endloop
  endfacet
  facet normal -0.864158 0.30636 -0.399217
    outer loop
      vertex 86.21 -34.0434 0.709196
      vertex 86.0142 -34.213 1.00288
      vertex 86.21 -33.8543 0.854312
    endloop
  endfacet
  facet normal -0.864154 0.399253 -0.306326
    outer loop
      vertex 86.21 -33.8543 0.854312
      vertex 86.0142 -34.0029 1.21299
      vertex 86.21 -33.7092 1.04343
    endloop
  endfacet
  facet normal -0.965338 0.241102 -0.0999656
    outer loop
      vertex 86.0142 -34.0029 1.21299
      vertex 85.9128 -34.3109 1.44933
      vertex 86.0142 -33.9455 1.35143
    endloop
  endfacet
  facet normal -0.256797 0.36983 -0.892906
    outer loop
      vertex 87.2042 -34.1151 0.0635071
      vertex 86.826 -33.8071 0.299846
      vertex 87.2042 -33.7564 0.212076
    endloop
  endfacet
  facet normal -0.256828 0.588359 -0.766729
    outer loop
      vertex 87.2042 -33.4484 0.448415
      vertex 86.826 -33.8071 0.299846
      vertex 86.826 -33.5201 0.520079
    endloop
  endfacet
  facet normal -0.704047 0.0926937 -0.704078
    outer loop
      vertex 86.4869 -34.5 0.309971
      vertex 86.21 -34.5 0.586859
      vertex 86.4869 -34.192 0.35052
    endloop
  endfacet
  facet normal -0.256789 0.958191 -0.126212
    outer loop
      vertex 87.2042 -33.0635 1.11509
      vertex 86.826 -33.1614 1.14132
      vertex 87.2042 -33.0128 1.5
    endloop
  endfacet
  facet normal 0.965305 -0.206861 0.15936
    outer loop
      vertex 99.6015 -96.8384 18.7384
      vertex 99.5001 -97.1971 18.887
      vertex 99.6015 -96.8696 18.6979
    endloop
  endfacet
  facet normal 0.864145 -0.30628 0.399306
    outer loop
      vertex 99.5001 -96.987 19.0971
      vertex 99.3043 -97.3457 19.2457
      vertex 99.5001 -97.1059 19.0059
    endloop
  endfacet
  facet normal 0.864145 -0.399306 0.30628
    outer loop
      vertex 99.5001 -97.1059 19.0059
      vertex 99.3043 -97.3457 19.2457
      vertex 99.5001 -97.1971 18.887
    endloop
  endfacet
  facet normal 0.500039 0.866003 -0
    outer loop
      vertex 99.0274 -33.31 1.5
      vertex 98.6883 -33.1142 18.6
      vertex 99.0274 -33.31 18.6
    endloop
  endfacet
  facet normal 0.500039 0.866003 0
    outer loop
      vertex 98.6883 -33.1142 18.6
      vertex 99.0274 -33.31 1.5
      vertex 98.6883 -33.1142 1.5
    endloop
  endfacet
  facet normal 0.2569 0.766627 0.58846
    outer loop
      vertex 98.6883 -33.2998 19.2929
      vertex 98.3101 -33.4484 19.6516
      vertex 98.6883 -33.5201 19.5799
    endloop
  endfacet
  facet normal 0.256899 -0.126083 0.958178
    outer loop
      vertex 98.6883 -96.7 19.9858
      vertex 98.3101 -96.7 20.0872
      vertex 98.6883 -97.0587 19.9386
    endloop
  endfacet
  facet normal 0.965337 0.0339592 0.258787
    outer loop
      vertex 99.5001 -34.3514 19.1545
      vertex 99.5001 -34.5 19.174
      vertex 99.6015 -34.4493 18.7891
    endloop
  endfacet
  facet normal 0.864096 0.0656776 0.499023
    outer loop
      vertex 99.3043 -34.2637 19.482
      vertex 99.3043 -34.5 19.5131
      vertex 99.5001 -34.3514 19.1545
    endloop
  endfacet
  facet normal -0.864145 -0.399306 0.30628
    outer loop
      vertex 86.0142 -97.1059 19.0059
      vertex 86.0142 -97.1971 18.887
      vertex 86.21 -97.3457 19.2457
    endloop
  endfacet
  facet normal -0.965321 -0.258814 0.0342023
    outer loop
      vertex 85.9128 -96.8891 18.6507
      vertex 85.9128 -96.8958 18.6
      vertex 86.0142 -97.274 18.6
    endloop
  endfacet
  facet normal -0.496824 -0.860434 0.113221
    outer loop
      vertex 86.826 -98.0386 18.9587
      vertex 86.4869 -97.89 18.6
      vertex 86.826 -98.0858 18.6
    endloop
  endfacet
  facet normal -0.500039 -0.866003 0
    outer loop
      vertex 86.4869 -97.89 1.5
      vertex 86.826 -98.0858 18.6
      vertex 86.4869 -97.89 18.6
    endloop
  endfacet
  facet normal -0.500039 -0.866003 -0
    outer loop
      vertex 86.826 -98.0858 18.6
      vertex 86.4869 -97.89 1.5
      vertex 86.826 -98.0858 1.5
    endloop
  endfacet
  facet normal 0.70413 -0.656074 0.271602
    outer loop
      vertex 99.3043 -97.4908 19.0566
      vertex 99.0274 -97.8495 18.908
      vertex 99.3043 -97.582 18.8363
    endloop
  endfacet
  facet normal 0.70407 -0.70407 0.0925806
    outer loop
      vertex 99.0274 -97.8495 18.908
      vertex 99.0274 -97.89 18.6
      vertex 99.3043 -97.6131 18.6
    endloop
  endfacet
  facet normal 0.864102 -0.499016 -0.0656655
    outer loop
      vertex 99.5001 -97.2545 1.35143
      vertex 99.3043 -97.6131 1.5
      vertex 99.3043 -97.582 1.26366
    endloop
  endfacet
  facet normal 0.704105 -0.656066 -0.271685
    outer loop
      vertex 99.3043 -97.582 1.26366
      vertex 99.0274 -97.8495 1.192
      vertex 99.3043 -97.4908 1.04343
    endloop
  endfacet
  facet normal -0.496765 -0.113147 0.860478
    outer loop
      vertex 86.4869 -96.7 19.79
      vertex 86.4869 -97.008 19.7495
      vertex 86.826 -97.0587 19.9386
    endloop
  endfacet
  facet normal -0.864145 -0.30628 0.399306
    outer loop
      vertex 86.0142 -96.987 19.0971
      vertex 86.0142 -97.1059 19.0059
      vertex 86.21 -97.3457 19.2457
    endloop
  endfacet
  facet normal -0.965321 -0.258814 -0.0342225
    outer loop
      vertex 86.0142 -97.274 1.5
      vertex 85.9128 -96.8958 1.5
      vertex 85.9128 -96.8891 1.44933
    endloop
  endfacet
  facet normal -0.965313 -0.241329 -0.0996592
    outer loop
      vertex 86.0142 -97.1971 1.21299
      vertex 85.9128 -96.8891 1.44933
      vertex 85.9128 -96.8696 1.40211
    endloop
  endfacet
  facet normal -0.965337 -0.0339592 0.258787
    outer loop
      vertex 86.0142 -96.7 19.174
      vertex 85.9128 -96.7507 18.7891
      vertex 86.0142 -96.8486 19.1545
    endloop
  endfacet
  facet normal -0.965337 -0.0999916 0.241095
    outer loop
      vertex 86.0142 -96.8486 19.1545
      vertex 85.9128 -96.7507 18.7891
      vertex 86.0142 -96.987 19.0971
    endloop
  endfacet
  facet normal -0.965337 0.241095 0.0999916
    outer loop
      vertex 86.0142 -33.9455 18.7486
      vertex 85.9128 -34.3109 18.6507
      vertex 86.0142 -34.0029 18.887
    endloop
  endfacet
  facet normal -0.965337 0.258787 0.0339592
    outer loop
      vertex 86.0142 -33.926 18.6
      vertex 85.9128 -34.3109 18.6507
      vertex 86.0142 -33.9455 18.7486
    endloop
  endfacet
  facet normal -0.965342 0.207086 0.158842
    outer loop
      vertex 86.0142 -34.0029 18.887
      vertex 85.9128 -34.3616 18.7384
      vertex 86.0142 -34.0941 19.0059
    endloop
  endfacet
  facet normal -0.965305 0.206861 0.15936
    outer loop
      vertex 85.9128 -34.3304 18.6979
      vertex 85.9128 -34.3616 18.7384
      vertex 86.0142 -34.0029 18.887
    endloop
  endfacet
  facet normal -0.864094 0.192524 0.465054
    outer loop
      vertex 86.21 -34.0434 19.3908
      vertex 86.0142 -34.3514 19.1545
      vertex 86.21 -34.2637 19.482
    endloop
  endfacet
  facet normal -0.864096 0.0656776 0.499023
    outer loop
      vertex 86.21 -34.2637 19.482
      vertex 86.0142 -34.3514 19.1545
      vertex 86.21 -34.5 19.5131
    endloop
  endfacet
  facet normal -0.2569 0.58846 0.766627
    outer loop
      vertex 86.826 -33.5201 19.5799
      vertex 86.826 -33.8071 19.8002
      vertex 87.2042 -33.4484 19.6516
    endloop
  endfacet
  facet normal -0.496862 0.528418 0.688406
    outer loop
      vertex 86.826 -33.5201 19.5799
      vertex 86.4869 -33.905 19.6306
      vertex 86.826 -33.8071 19.8002
    endloop
  endfacet
  facet normal -0.2569 0.766627 0.58846
    outer loop
      vertex 86.826 -33.2998 19.2929
      vertex 86.826 -33.5201 19.5799
      vertex 87.2042 -33.4484 19.6516
    endloop
  endfacet
  facet normal -0.256682 0.766817 0.588308
    outer loop
      vertex 87.2042 -33.2121 19.3436
      vertex 86.826 -33.2998 19.2929
      vertex 87.2042 -33.4484 19.6516
    endloop
  endfacet
  facet normal -0.496819 -0.332125 -0.801788
    outer loop
      vertex 86.826 -97.0587 0.161402
      vertex 86.4869 -97.295 0.469404
      vertex 86.4869 -97.008 0.35052
    endloop
  endfacet
  facet normal -0.496807 -0.113279 -0.860436
    outer loop
      vertex 86.826 -97.0587 0.161402
      vertex 86.4869 -97.008 0.35052
      vertex 86.4869 -96.7 0.309971
    endloop
  endfacet
  facet normal 0.496765 0.860478 0.113147
    outer loop
      vertex 99.0274 -33.31 18.6
      vertex 98.6883 -33.1614 18.9587
      vertex 99.0274 -33.3505 18.908
    endloop
  endfacet
  facet normal 0.256644 0.766827 -0.588312
    outer loop
      vertex 98.6883 -33.2998 0.807091
      vertex 98.3101 -33.4484 0.448415
      vertex 98.3101 -33.2121 0.756417
    endloop
  endfacet
  facet normal 0.496745 0.528294 -0.688585
    outer loop
      vertex 99.0274 -33.905 0.469404
      vertex 98.6883 -33.5201 0.520079
      vertex 99.0274 -33.6585 0.658523
    endloop
  endfacet
  facet normal 0.704016 0.432294 -0.563457
    outer loop
      vertex 99.3043 -34.0434 0.709196
      vertex 99.0274 -33.905 0.469404
      vertex 99.0274 -33.6585 0.658523
    endloop
  endfacet
  facet normal -0.864129 -0.192542 -0.464982
    outer loop
      vertex 86.21 -97.1566 0.709196
      vertex 86.0142 -96.8486 0.945535
      vertex 86.21 -96.9363 0.617973
    endloop
  endfacet
  facet normal -0.864154 -0.399253 -0.306326
    outer loop
      vertex 86.21 -97.4908 1.04343
      vertex 86.0142 -97.1971 1.21299
      vertex 86.21 -97.3457 0.854312
    endloop
  endfacet
  facet normal -0.704055 -0.563418 -0.43228
    outer loop
      vertex 86.4869 -97.5415 0.658523
      vertex 86.21 -97.4908 1.04343
      vertex 86.21 -97.3457 0.854312
    endloop
  endfacet
  facet normal -0.496771 -0.801804 -0.332159
    outer loop
      vertex 86.826 -98.0386 1.14132
      vertex 86.4869 -97.8495 1.192
      vertex 86.4869 -97.7306 0.904985
    endloop
  endfacet
  facet normal -0.49676 -0.860481 -0.113148
    outer loop
      vertex 86.826 -98.0386 1.14132
      vertex 86.4869 -97.89 1.5
      vertex 86.4869 -97.8495 1.192
    endloop
  endfacet
  facet normal -0.965337 -0.258787 0.0339592
    outer loop
      vertex 86.0142 -97.2545 18.7486
      vertex 85.9128 -96.8891 18.6507
      vertex 86.0142 -97.274 18.6
    endloop
  endfacet
  facet normal -0.864144 -0.498966 0.0654767
    outer loop
      vertex 86.0142 -97.2545 18.7486
      vertex 86.0142 -97.274 18.6
      vertex 86.21 -97.6131 18.6
    endloop
  endfacet
  facet normal 0.256797 0.36983 -0.892906
    outer loop
      vertex 98.6883 -33.8071 0.299846
      vertex 98.3101 -34.1151 0.0635071
      vertex 98.3101 -33.7564 0.212076
    endloop
  endfacet
  facet normal 0.256828 0.588359 -0.766729
    outer loop
      vertex 98.6883 -33.8071 0.299846
      vertex 98.3101 -33.4484 0.448415
      vertex 98.6883 -33.5201 0.520079
    endloop
  endfacet
  facet normal -0.256745 0.369887 -0.892897
    outer loop
      vertex 87.2042 -34.1151 0.0635071
      vertex 86.826 -34.1413 0.161402
      vertex 86.826 -33.8071 0.299846
    endloop
  endfacet
  facet normal -0.256812 0.588348 -0.766743
    outer loop
      vertex 87.2042 -33.7564 0.212076
      vertex 86.826 -33.8071 0.299846
      vertex 87.2042 -33.4484 0.448415
    endloop
  endfacet
  facet normal 0.496805 0.528336 -0.68851
    outer loop
      vertex 99.0274 -33.905 0.469404
      vertex 98.6883 -33.8071 0.299846
      vertex 98.6883 -33.5201 0.520079
    endloop
  endfacet
  facet normal 0.704105 0.656066 -0.271685
    outer loop
      vertex 99.3043 -33.7092 1.04343
      vertex 99.0274 -33.3505 1.192
      vertex 99.3043 -33.618 1.26366
    endloop
  endfacet
  facet normal 0.704059 0.656073 -0.271788
    outer loop
      vertex 99.3043 -33.7092 1.04343
      vertex 99.0274 -33.4694 0.904985
      vertex 99.0274 -33.3505 1.192
    endloop
  endfacet
  facet normal 0.49676 0.860481 -0.113148
    outer loop
      vertex 99.0274 -33.3505 1.192
      vertex 98.6883 -33.1614 1.14132
      vertex 99.0274 -33.31 1.5
    endloop
  endfacet
  facet normal 0.70407 0.70407 -0.0925806
    outer loop
      vertex 99.3043 -33.5869 1.5
      vertex 99.0274 -33.3505 1.192
      vertex 99.0274 -33.31 1.5
    endloop
  endfacet
  facet normal 0.496824 -0.113221 0.860434
    outer loop
      vertex 98.6883 -96.7 19.9858
      vertex 98.6883 -97.0587 19.9386
      vertex 99.0274 -96.7 19.79
    endloop
  endfacet
  facet normal 0.864142 -0.306326 -0.399278
    outer loop
      vertex 99.5001 -97.1059 1.0941
      vertex 99.3043 -97.3457 0.854312
      vertex 99.5001 -96.987 1.00288
    endloop
  endfacet
  facet normal 0.864158 -0.30636 -0.399217
    outer loop
      vertex 99.5001 -96.987 1.00288
      vertex 99.3043 -97.3457 0.854312
      vertex 99.3043 -97.1566 0.709196
    endloop
  endfacet
  facet normal 0.256847 -0.76665 -0.588453
    outer loop
      vertex 98.6883 -97.9002 0.807091
      vertex 98.3101 -97.7516 0.448415
      vertex 98.6883 -97.6799 0.520079
    endloop
  endfacet
  facet normal 0.496745 -0.528294 -0.688585
    outer loop
      vertex 99.0274 -97.5415 0.658523
      vertex 98.6883 -97.6799 0.520079
      vertex 99.0274 -97.295 0.469404
    endloop
  endfacet
  facet normal -0.864144 0.0656715 -0.498941
    outer loop
      vertex 86.21 -34.5 0.586859
      vertex 86.0142 -34.5 0.925976
      vertex 86.0142 -34.3514 0.945535
    endloop
  endfacet
  facet normal -0.965331 0.0999182 -0.241149
    outer loop
      vertex 86.0142 -34.3514 0.945535
      vertex 85.9128 -34.4493 1.31088
      vertex 86.0142 -34.213 1.00288
    endloop
  endfacet
  facet normal -0.965338 0.258785 -0.0339658
    outer loop
      vertex 86.0142 -33.9455 1.35143
      vertex 85.9128 -34.3109 1.44933
      vertex 86.0142 -33.926 1.5
    endloop
  endfacet
  facet normal -0.864144 0.498966 -0.0654899
    outer loop
      vertex 86.21 -33.5869 1.5
      vertex 86.0142 -33.9455 1.35143
      vertex 86.0142 -33.926 1.5
    endloop
  endfacet
  facet normal 0 0.92385 -0.382755
    outer loop
      vertex 98.3101 -33.2121 0.756417
      vertex 87.2042 -33.0635 1.11509
      vertex 98.3101 -33.0635 1.11509
    endloop
  endfacet
  facet normal 0 0.92385 -0.382755
    outer loop
      vertex 87.2042 -33.0635 1.11509
      vertex 98.3101 -33.2121 0.756417
      vertex 87.2042 -33.2121 0.756417
    endloop
  endfacet
  facet normal -0.704059 0.656073 -0.271788
    outer loop
      vertex 86.4869 -33.4694 0.904985
      vertex 86.21 -33.7092 1.04343
      vertex 86.4869 -33.3505 1.192
    endloop
  endfacet
  facet normal -0.704057 0.432335 -0.563374
    outer loop
      vertex 86.4869 -33.6585 0.658523
      vertex 86.21 -34.0434 0.709196
      vertex 86.21 -33.8543 0.854312
    endloop
  endfacet
  facet normal -0.864142 0.306326 -0.399278
    outer loop
      vertex 86.21 -33.8543 0.854312
      vertex 86.0142 -34.213 1.00288
      vertex 86.0142 -34.0941 1.0941
    endloop
  endfacet
  facet normal -0.256765 0.12614 -0.958207
    outer loop
      vertex 87.2042 -34.1151 0.0635071
      vertex 86.826 -34.5 0.114182
      vertex 86.826 -34.1413 0.161402
    endloop
  endfacet
  facet normal -0.864157 0.192626 -0.464896
    outer loop
      vertex 86.21 -34.0434 0.709196
      vertex 86.0142 -34.3514 0.945535
      vertex 86.0142 -34.213 1.00288
    endloop
  endfacet
  facet normal 0.866003 0.500039 0
    outer loop
      vertex 99.5001 -33.926 18.6
      vertex 99.3043 -33.5869 1.5
      vertex 99.3043 -33.5869 18.6
    endloop
  endfacet
  facet normal 0.866003 0.500039 0
    outer loop
      vertex 99.3043 -33.5869 1.5
      vertex 99.5001 -33.926 18.6
      vertex 99.5001 -33.926 1.5
    endloop
  endfacet
  facet normal 0.256756 0.892889 0.3699
    outer loop
      vertex 98.3101 -33.0635 18.9849
      vertex 98.3101 -33.2121 19.3436
      vertex 98.6883 -33.1614 18.9587
    endloop
  endfacet
  facet normal 1 0 0
    outer loop
      vertex 99.6015 -34.5 18.7958
      vertex 99.6015 -34.3042 18.6
      vertex 99.6015 -34.3109 18.6507
    endloop
  endfacet
  facet normal 1 0 0
    outer loop
      vertex 99.6015 -34.3042 18.6
      vertex 99.6015 -34.5 18.7958
      vertex 99.6015 -34.3042 1.5
    endloop
  endfacet
  facet normal 1 0 0
    outer loop
      vertex 99.6015 -34.5 18.7958
      vertex 99.6015 -34.3109 18.6507
      vertex 99.6015 -34.3304 18.6979
    endloop
  endfacet
  facet normal 1 0 0
    outer loop
      vertex 99.6015 -34.5 1.30421
      vertex 99.6015 -34.3042 1.5
      vertex 99.6015 -34.5 18.7958
    endloop
  endfacet
  facet normal 1 0 0
    outer loop
      vertex 99.6015 -34.5 18.7958
      vertex 99.6015 -34.3304 18.6979
      vertex 99.6015 -34.3616 18.7384
    endloop
  endfacet
  facet normal 1 0 0
    outer loop
      vertex 99.6015 -34.3042 1.5
      vertex 99.6015 -34.5 1.30421
      vertex 99.6015 -34.3109 1.44933
    endloop
  endfacet
  facet normal 1 0 0
    outer loop
      vertex 99.6015 -34.5 18.7958
      vertex 99.6015 -34.3616 18.7384
      vertex 99.6015 -34.4021 18.7696
    endloop
  endfacet
  facet normal 1 0 0
    outer loop
      vertex 99.6015 -34.3109 1.44933
      vertex 99.6015 -34.5 1.30421
      vertex 99.6015 -34.3304 1.40211
    endloop
  endfacet
  facet normal 1 0 0
    outer loop
      vertex 99.6015 -34.5 18.7958
      vertex 99.6015 -34.4021 18.7696
      vertex 99.6015 -34.4493 18.7891
    endloop
  endfacet
  facet normal 1 0 0
    outer loop
      vertex 99.6015 -34.3304 1.40211
      vertex 99.6015 -34.5 1.30421
      vertex 99.6015 -34.3616 1.36156
    endloop
  endfacet
  facet normal 1 0 0
    outer loop
      vertex 99.6015 -34.3616 1.36156
      vertex 99.6015 -34.5 1.30421
      vertex 99.6015 -34.4021 1.33044
    endloop
  endfacet
  facet normal 1 0 0
    outer loop
      vertex 99.6015 -34.4021 1.33044
      vertex 99.6015 -34.5 1.30421
      vertex 99.6015 -34.4493 1.31088
    endloop
  endfacet
  facet normal 1 -0 0
    outer loop
      vertex 99.6015 -96.7 18.7958
      vertex 99.6015 -34.5 1.30421
      vertex 99.6015 -34.5 18.7958
    endloop
  endfacet
  facet normal 1 0 0
    outer loop
      vertex 99.6015 -96.7 18.7958
      vertex 99.6015 -96.7 1.30421
      vertex 99.6015 -34.5 1.30421
    endloop
  endfacet
  facet normal 1 0 0
    outer loop
      vertex 99.6015 -96.8958 18.6
      vertex 99.6015 -96.7 18.7958
      vertex 99.6015 -96.7507 18.7891
    endloop
  endfacet
  facet normal 1 0 0
    outer loop
      vertex 99.6015 -96.7 18.7958
      vertex 99.6015 -96.8958 18.6
      vertex 99.6015 -96.7 1.30421
    endloop
  endfacet
  facet normal 1 0 0
    outer loop
      vertex 99.6015 -96.8958 18.6
      vertex 99.6015 -96.7507 18.7891
      vertex 99.6015 -96.7979 18.7696
    endloop
  endfacet
  facet normal 1 -0 0
    outer loop
      vertex 99.6015 -96.8958 1.5
      vertex 99.6015 -96.7 1.30421
      vertex 99.6015 -96.8958 18.6
    endloop
  endfacet
  facet normal 1 0 0
    outer loop
      vertex 99.6015 -96.8958 18.6
      vertex 99.6015 -96.7979 18.7696
      vertex 99.6015 -96.8384 18.7384
    endloop
  endfacet
  facet normal 1 0 0
    outer loop
      vertex 99.6015 -96.7 1.30421
      vertex 99.6015 -96.8958 1.5
      vertex 99.6015 -96.7507 1.31088
    endloop
  endfacet
  facet normal 1 0 0
    outer loop
      vertex 99.6015 -96.8958 18.6
      vertex 99.6015 -96.8384 18.7384
      vertex 99.6015 -96.8696 18.6979
    endloop
  endfacet
  facet normal 1 0 0
    outer loop
      vertex 99.6015 -96.7507 1.31088
      vertex 99.6015 -96.8958 1.5
      vertex 99.6015 -96.7979 1.33044
    endloop
  endfacet
  facet normal 1 0 0
    outer loop
      vertex 99.6015 -96.8958 18.6
      vertex 99.6015 -96.8696 18.6979
      vertex 99.6015 -96.8891 18.6507
    endloop
  endfacet
  facet normal 1 0 0
    outer loop
      vertex 99.6015 -96.7979 1.33044
      vertex 99.6015 -96.8958 1.5
      vertex 99.6015 -96.8384 1.36156
    endloop
  endfacet
  facet normal 1 0 0
    outer loop
      vertex 99.6015 -96.8384 1.36156
      vertex 99.6015 -96.8958 1.5
      vertex 99.6015 -96.8696 1.40211
    endloop
  endfacet
  facet normal 1 0 0
    outer loop
      vertex 99.6015 -96.8696 1.40211
      vertex 99.6015 -96.8958 1.5
      vertex 99.6015 -96.8891 1.44933
    endloop
  endfacet
  facet normal 0.965321 0.0342023 0.258814
    outer loop
      vertex 99.6015 -34.4493 18.7891
      vertex 99.5001 -34.5 19.174
      vertex 99.6015 -34.5 18.7958
    endloop
  endfacet
  facet normal -0.496784 -0.801791 0.33217
    outer loop
      vertex 86.4869 -97.7306 19.195
      vertex 86.4869 -97.8495 18.908
      vertex 86.826 -98.0386 18.9587
    endloop
  endfacet
  facet normal -0.704111 -0.704018 0.0926575
    outer loop
      vertex 86.21 -97.582 18.8363
      vertex 86.21 -97.6131 18.6
      vertex 86.4869 -97.8495 18.908
    endloop
  endfacet
  facet normal -0.256682 -0.766817 0.588308
    outer loop
      vertex 87.2042 -97.7516 19.6516
      vertex 86.826 -97.9002 19.2929
      vertex 87.2042 -97.9879 19.3436
    endloop
  endfacet
  facet normal -0.496676 -0.688642 0.528285
    outer loop
      vertex 86.4869 -97.5415 19.4415
      vertex 86.4869 -97.7306 19.195
      vertex 86.826 -97.6799 19.5799
    endloop
  endfacet
  facet normal -0.864096 -0.0656776 0.499023
    outer loop
      vertex 86.21 -96.7 19.5131
      vertex 86.0142 -96.8486 19.1545
      vertex 86.21 -96.9363 19.482
    endloop
  endfacet
  facet normal -0.496862 -0.688406 0.528418
    outer loop
      vertex 86.826 -97.6799 19.5799
      vertex 86.4869 -97.7306 19.195
      vertex 86.826 -97.9002 19.2929
    endloop
  endfacet
  facet normal 0.864094 -0.465054 0.192524
    outer loop
      vertex 99.3043 -97.4908 19.0566
      vertex 99.3043 -97.582 18.8363
      vertex 99.5001 -97.2545 18.7486
    endloop
  endfacet
  facet normal 0.704038 -0.656088 0.271808
    outer loop
      vertex 99.0274 -97.7306 19.195
      vertex 99.0274 -97.8495 18.908
      vertex 99.3043 -97.4908 19.0566
    endloop
  endfacet
  facet normal -0.258966 0 0.965886
    outer loop
      vertex 86.826 -34.5 19.9858
      vertex 87.2042 -96.7 20.0872
      vertex 87.2042 -34.5 20.0872
    endloop
  endfacet
  facet normal -0.258966 0 0.965886
    outer loop
      vertex 87.2042 -96.7 20.0872
      vertex 86.826 -34.5 19.9858
      vertex 86.826 -96.7 19.9858
    endloop
  endfacet
  facet normal -0.500039 0 0.866003
    outer loop
      vertex 86.4869 -34.5 19.79
      vertex 86.826 -96.7 19.9858
      vertex 86.826 -34.5 19.9858
    endloop
  endfacet
  facet normal -0.500039 0 0.866003
    outer loop
      vertex 86.826 -96.7 19.9858
      vertex 86.4869 -34.5 19.79
      vertex 86.4869 -96.7 19.79
    endloop
  endfacet
  facet normal -0.965331 -0.0999182 -0.241149
    outer loop
      vertex 86.0142 -96.987 1.00288
      vertex 85.9128 -96.7507 1.31088
      vertex 86.0142 -96.8486 0.945535
    endloop
  endfacet
  facet normal -0.864157 -0.192626 -0.464896
    outer loop
      vertex 86.21 -97.1566 0.709196
      vertex 86.0142 -96.987 1.00288
      vertex 86.0142 -96.8486 0.945535
    endloop
  endfacet
  facet normal -0.864102 -0.499016 -0.0656655
    outer loop
      vertex 86.21 -97.6131 1.5
      vertex 86.0142 -97.2545 1.35143
      vertex 86.21 -97.582 1.26366
    endloop
  endfacet
  facet normal -0.864144 -0.498966 -0.0654899
    outer loop
      vertex 86.21 -97.6131 1.5
      vertex 86.0142 -97.274 1.5
      vertex 86.0142 -97.2545 1.35143
    endloop
  endfacet
  facet normal 0.258966 0.965886 -0
    outer loop
      vertex 98.6883 -33.1142 1.5
      vertex 98.3101 -33.0128 18.6
      vertex 98.6883 -33.1142 18.6
    endloop
  endfacet
  facet normal 0.258966 0.965886 0
    outer loop
      vertex 98.3101 -33.0128 18.6
      vertex 98.6883 -33.1142 1.5
      vertex 98.3101 -33.0128 1.5
    endloop
  endfacet
  facet normal 0.256899 0.958178 -0.12609
    outer loop
      vertex 98.6883 -33.1614 1.14132
      vertex 98.3101 -33.0128 1.5
      vertex 98.6883 -33.1142 1.5
    endloop
  endfacet
  facet normal 0 0.92386 0.382731
    outer loop
      vertex 98.3101 -33.0635 18.9849
      vertex 87.2042 -33.2121 19.3436
      vertex 98.3101 -33.2121 19.3436
    endloop
  endfacet
  facet normal 0 0.92386 0.382731
    outer loop
      vertex 87.2042 -33.2121 19.3436
      vertex 98.3101 -33.0635 18.9849
      vertex 87.2042 -33.0635 18.9849
    endloop
  endfacet
  facet normal -0.864158 -0.30636 -0.399217
    outer loop
      vertex 86.21 -97.3457 0.854312
      vertex 86.0142 -96.987 1.00288
      vertex 86.21 -97.1566 0.709196
    endloop
  endfacet
  facet normal -0.864142 -0.306326 -0.399278
    outer loop
      vertex 86.21 -97.3457 0.854312
      vertex 86.0142 -97.1059 1.0941
      vertex 86.0142 -96.987 1.00288
    endloop
  endfacet
  facet normal -0.704026 -0.43226 0.56347
    outer loop
      vertex 86.4869 -97.295 19.6306
      vertex 86.21 -97.1566 19.3908
      vertex 86.4869 -97.5415 19.4415
    endloop
  endfacet
  facet normal 0.496805 0.332145 -0.801788
    outer loop
      vertex 99.0274 -33.905 0.469404
      vertex 98.6883 -34.1413 0.161402
      vertex 98.6883 -33.8071 0.299846
    endloop
  endfacet
  facet normal 0.256745 0.369887 -0.892897
    outer loop
      vertex 98.6883 -34.1413 0.161402
      vertex 98.3101 -34.1151 0.0635071
      vertex 98.6883 -33.8071 0.299846
    endloop
  endfacet
  facet normal 0 0.382663 -0.923888
    outer loop
      vertex 87.2042 -34.1151 0.0635071
      vertex 98.3101 -33.7564 0.212076
      vertex 98.3101 -34.1151 0.0635071
    endloop
  endfacet
  facet normal 0 0.382663 -0.923888
    outer loop
      vertex 98.3101 -33.7564 0.212076
      vertex 87.2042 -34.1151 0.0635071
      vertex 87.2042 -33.7564 0.212076
    endloop
  endfacet
  facet normal 0 0.130527 -0.991445
    outer loop
      vertex 87.2042 -34.5 0.0128336
      vertex 98.3101 -34.1151 0.0635071
      vertex 98.3101 -34.5 0.0128336
    endloop
  endfacet
  facet normal 0 0.130527 -0.991445
    outer loop
      vertex 98.3101 -34.1151 0.0635071
      vertex 87.2042 -34.5 0.0128336
      vertex 87.2042 -34.1151 0.0635071
    endloop
  endfacet
  facet normal 0.256783 0.892872 -0.369921
    outer loop
      vertex 98.6883 -33.1614 1.14132
      vertex 98.3101 -33.2121 0.756417
      vertex 98.3101 -33.0635 1.11509
    endloop
  endfacet
  facet normal 0.864109 0.46501 -0.192567
    outer loop
      vertex 99.5001 -33.9455 1.35143
      vertex 99.3043 -33.7092 1.04343
      vertex 99.3043 -33.618 1.26366
    endloop
  endfacet
  facet normal 0.864102 0.499016 -0.0656655
    outer loop
      vertex 99.5001 -33.9455 1.35143
      vertex 99.3043 -33.618 1.26366
      vertex 99.3043 -33.5869 1.5
    endloop
  endfacet
  facet normal 0.704111 -0.0926575 0.704018
    outer loop
      vertex 99.3043 -96.7 19.5131
      vertex 99.0274 -97.008 19.7495
      vertex 99.3043 -96.9363 19.482
    endloop
  endfacet
  facet normal 0.864096 -0.0656776 0.499023
    outer loop
      vertex 99.3043 -96.7 19.5131
      vertex 99.3043 -96.9363 19.482
      vertex 99.5001 -96.8486 19.1545
    endloop
  endfacet
  facet normal 0.49676 -0.860481 -0.113148
    outer loop
      vertex 99.0274 -97.89 1.5
      vertex 98.6883 -98.0386 1.14132
      vertex 99.0274 -97.8495 1.192
    endloop
  endfacet
  facet normal 0.496868 -0.801802 -0.332016
    outer loop
      vertex 99.0274 -97.7306 0.904985
      vertex 98.6883 -98.0386 1.14132
      vertex 98.6883 -97.9002 0.807091
    endloop
  endfacet
  facet normal 0.704059 -0.656073 -0.271788
    outer loop
      vertex 99.3043 -97.4908 1.04343
      vertex 99.0274 -97.8495 1.192
      vertex 99.0274 -97.7306 0.904985
    endloop
  endfacet
  facet normal 0.496856 -0.68842 -0.528406
    outer loop
      vertex 99.0274 -97.7306 0.904985
      vertex 98.6883 -97.9002 0.807091
      vertex 98.6883 -97.6799 0.520079
    endloop
  endfacet
  facet normal -0.49676 0.860481 -0.113148
    outer loop
      vertex 86.826 -33.1614 1.14132
      vertex 86.4869 -33.3505 1.192
      vertex 86.4869 -33.31 1.5
    endloop
  endfacet
  facet normal -0.496824 0.860434 -0.113228
    outer loop
      vertex 86.826 -33.1614 1.14132
      vertex 86.4869 -33.31 1.5
      vertex 86.826 -33.1142 1.5
    endloop
  endfacet
  facet normal -0.496771 0.801804 -0.332159
    outer loop
      vertex 86.826 -33.1614 1.14132
      vertex 86.4869 -33.4694 0.904985
      vertex 86.4869 -33.3505 1.192
    endloop
  endfacet
  facet normal -0.704104 0.704028 -0.0926431
    outer loop
      vertex 86.4869 -33.3505 1.192
      vertex 86.21 -33.618 1.26366
      vertex 86.21 -33.5869 1.5
    endloop
  endfacet
  facet normal -0.496856 0.68842 -0.528406
    outer loop
      vertex 86.826 -33.5201 0.520079
      vertex 86.4869 -33.4694 0.904985
      vertex 86.826 -33.2998 0.807091
    endloop
  endfacet
  facet normal -0.496868 0.801802 -0.332016
    outer loop
      vertex 86.826 -33.2998 0.807091
      vertex 86.4869 -33.4694 0.904985
      vertex 86.826 -33.1614 1.14132
    endloop
  endfacet
  facet normal -0.4968 0.11327 -0.860441
    outer loop
      vertex 86.826 -34.5 0.114182
      vertex 86.4869 -34.5 0.309971
      vertex 86.826 -34.1413 0.161402
    endloop
  endfacet
  facet normal -0.500018 0 -0.866015
    outer loop
      vertex 86.4869 -96.7 0.309971
      vertex 86.826 -95.8358 0.114182
      vertex 86.826 -96.7 0.114182
    endloop
  endfacet
  facet normal -0.500046 0 -0.865999
    outer loop
      vertex 86.8185 -95.8315 0.118498
      vertex 86.4869 -96.7 0.309971
      vertex 86.8185 -35.3685 0.118498
    endloop
  endfacet
  facet normal -0.499004 -0.00053067 -0.8666
    outer loop
      vertex 86.826 -95.8358 0.114182
      vertex 86.4869 -96.7 0.309971
      vertex 86.8185 -95.8315 0.118498
    endloop
  endfacet
  facet normal -0.499004 0.00053067 -0.8666
    outer loop
      vertex 86.4869 -34.5 0.309971
      vertex 86.826 -35.3642 0.114182
      vertex 86.8185 -35.3685 0.118498
    endloop
  endfacet
  facet normal -0.500018 0 -0.866015
    outer loop
      vertex 86.826 -35.3642 0.114182
      vertex 86.4869 -34.5 0.309971
      vertex 86.826 -34.5 0.114182
    endloop
  endfacet
  facet normal -0.500046 -0 -0.865999
    outer loop
      vertex 86.4869 -34.5 0.309971
      vertex 86.8185 -35.3685 0.118498
      vertex 86.4869 -96.7 0.309971
    endloop
  endfacet
  facet normal -0.864142 0.399299 -0.3063
    outer loop
      vertex 86.21 -33.8543 0.854312
      vertex 86.0142 -34.0941 1.0941
      vertex 86.0142 -34.0029 1.21299
    endloop
  endfacet
  facet normal -0.704055 0.563418 -0.43228
    outer loop
      vertex 86.4869 -33.6585 0.658523
      vertex 86.21 -33.8543 0.854312
      vertex 86.21 -33.7092 1.04343
    endloop
  endfacet
  facet normal 0.864145 0.399306 0.30628
    outer loop
      vertex 99.5001 -34.0029 18.887
      vertex 99.3043 -33.8543 19.2457
      vertex 99.5001 -34.0941 19.0059
    endloop
  endfacet
  facet normal 0.864176 0.4648 0.192771
    outer loop
      vertex 99.5001 -33.9455 18.7486
      vertex 99.3043 -33.7092 19.0566
      vertex 99.5001 -34.0029 18.887
    endloop
  endfacet
  facet normal 0.864176 0.192771 0.4648
    outer loop
      vertex 99.5001 -34.213 19.0971
      vertex 99.3043 -34.0434 19.3908
      vertex 99.5001 -34.3514 19.1545
    endloop
  endfacet
  facet normal -0.864176 -0.4648 0.192771
    outer loop
      vertex 86.0142 -97.1971 18.887
      vertex 86.0142 -97.2545 18.7486
      vertex 86.21 -97.4908 19.0566
    endloop
  endfacet
  facet normal -0.70413 -0.656074 0.271602
    outer loop
      vertex 86.21 -97.4908 19.0566
      vertex 86.21 -97.582 18.8363
      vertex 86.4869 -97.8495 18.908
    endloop
  endfacet
  facet normal -0.2569 -0.766627 0.58846
    outer loop
      vertex 86.826 -97.6799 19.5799
      vertex 86.826 -97.9002 19.2929
      vertex 87.2042 -97.7516 19.6516
    endloop
  endfacet
  facet normal -0.2569 -0.58846 0.766627
    outer loop
      vertex 86.826 -97.3929 19.8002
      vertex 86.826 -97.6799 19.5799
      vertex 87.2042 -97.7516 19.6516
    endloop
  endfacet
  facet normal -0.864094 -0.192524 0.465054
    outer loop
      vertex 86.21 -96.9363 19.482
      vertex 86.0142 -96.8486 19.1545
      vertex 86.21 -97.1566 19.3908
    endloop
  endfacet
  facet normal -0.864176 -0.192771 0.4648
    outer loop
      vertex 86.0142 -96.8486 19.1545
      vertex 86.0142 -96.987 19.0971
      vertex 86.21 -97.1566 19.3908
    endloop
  endfacet
  facet normal 0.496824 -0.860434 0.113221
    outer loop
      vertex 98.6883 -98.0386 18.9587
      vertex 98.6883 -98.0858 18.6
      vertex 99.0274 -97.89 18.6
    endloop
  endfacet
  facet normal 0.500039 -0.866003 0
    outer loop
      vertex 98.6883 -98.0858 1.5
      vertex 99.0274 -97.89 18.6
      vertex 98.6883 -98.0858 18.6
    endloop
  endfacet
  facet normal 0.500039 -0.866003 0
    outer loop
      vertex 99.0274 -97.89 18.6
      vertex 98.6883 -98.0858 1.5
      vertex 99.0274 -97.89 1.5
    endloop
  endfacet
  facet normal 0.704111 -0.704018 0.0926575
    outer loop
      vertex 99.3043 -97.582 18.8363
      vertex 99.0274 -97.8495 18.908
      vertex 99.3043 -97.6131 18.6
    endloop
  endfacet
  facet normal 0.864096 -0.499023 0.0656776
    outer loop
      vertex 99.3043 -97.582 18.8363
      vertex 99.3043 -97.6131 18.6
      vertex 99.5001 -97.2545 18.7486
    endloop
  endfacet
  facet normal -0.965338 -0.241102 -0.0999656
    outer loop
      vertex 86.0142 -97.2545 1.35143
      vertex 85.9128 -96.8891 1.44933
      vertex 86.0142 -97.1971 1.21299
    endloop
  endfacet
  facet normal -0.965338 -0.258785 -0.0339658
    outer loop
      vertex 86.0142 -97.274 1.5
      vertex 85.9128 -96.8891 1.44933
      vertex 86.0142 -97.2545 1.35143
    endloop
  endfacet
  facet normal -0.965332 -0.0340465 -0.258794
    outer loop
      vertex 86.0142 -96.7 0.925976
      vertex 85.9128 -96.7507 1.31088
      vertex 85.9128 -96.7 1.30421
    endloop
  endfacet
  facet normal -0.965331 -0.0340632 -0.258796
    outer loop
      vertex 86.0142 -96.8486 0.945535
      vertex 85.9128 -96.7507 1.31088
      vertex 86.0142 -96.7 0.925976
    endloop
  endfacet
  facet normal 0.496824 0.860434 -0.113228
    outer loop
      vertex 99.0274 -33.31 1.5
      vertex 98.6883 -33.1614 1.14132
      vertex 98.6883 -33.1142 1.5
    endloop
  endfacet
  facet normal 0.864168 0.39922 0.306329
    outer loop
      vertex 99.3043 -33.7092 19.0566
      vertex 99.3043 -33.8543 19.2457
      vertex 99.5001 -34.0029 18.887
    endloop
  endfacet
  facet normal -0.256779 0.958193 0.126216
    outer loop
      vertex 87.2042 -33.0128 18.6
      vertex 86.826 -33.1614 18.9587
      vertex 87.2042 -33.0635 18.9849
    endloop
  endfacet
  facet normal -0.256756 0.892889 0.3699
    outer loop
      vertex 87.2042 -33.0635 18.9849
      vertex 86.826 -33.1614 18.9587
      vertex 87.2042 -33.2121 19.3436
    endloop
  endfacet
  facet normal -0.965337 -0.241095 0.0999916
    outer loop
      vertex 86.0142 -97.1971 18.887
      vertex 85.9128 -96.8891 18.6507
      vertex 86.0142 -97.2545 18.7486
    endloop
  endfacet
  facet normal 0.496807 0.113279 -0.860436
    outer loop
      vertex 99.0274 -34.5 0.309971
      vertex 98.6883 -34.1413 0.161402
      vertex 99.0274 -34.192 0.35052
    endloop
  endfacet
  facet normal 0.4968 0.11327 -0.860441
    outer loop
      vertex 99.0274 -34.5 0.309971
      vertex 98.6883 -34.5 0.114182
      vertex 98.6883 -34.1413 0.161402
    endloop
  endfacet
  facet normal -0.496807 0.113279 -0.860436
    outer loop
      vertex 86.826 -34.1413 0.161402
      vertex 86.4869 -34.5 0.309971
      vertex 86.4869 -34.192 0.35052
    endloop
  endfacet
  facet normal -0.704016 0.432294 -0.563457
    outer loop
      vertex 86.4869 -33.905 0.469404
      vertex 86.21 -34.0434 0.709196
      vertex 86.4869 -33.6585 0.658523
    endloop
  endfacet
  facet normal 0.256899 -0.958178 -0.12609
    outer loop
      vertex 98.6883 -98.0858 1.5
      vertex 98.3101 -98.1872 1.5
      vertex 98.6883 -98.0386 1.14132
    endloop
  endfacet
  facet normal 0.256789 -0.958191 -0.126212
    outer loop
      vertex 98.6883 -98.0386 1.14132
      vertex 98.3101 -98.1872 1.5
      vertex 98.3101 -98.1365 1.11509
    endloop
  endfacet
  facet normal 0.704104 -0.704028 -0.0926431
    outer loop
      vertex 99.3043 -97.6131 1.5
      vertex 99.0274 -97.8495 1.192
      vertex 99.3043 -97.582 1.26366
    endloop
  endfacet
  facet normal 0.70407 -0.70407 -0.0925806
    outer loop
      vertex 99.3043 -97.6131 1.5
      vertex 99.0274 -97.89 1.5
      vertex 99.0274 -97.8495 1.192
    endloop
  endfacet
  facet normal -0.864163 0.46484 -0.192732
    outer loop
      vertex 86.21 -33.7092 1.04343
      vertex 86.0142 -34.0029 1.21299
      vertex 86.0142 -33.9455 1.35143
    endloop
  endfacet
  facet normal -0.704105 0.656066 -0.271685
    outer loop
      vertex 86.4869 -33.3505 1.192
      vertex 86.21 -33.7092 1.04343
      vertex 86.21 -33.618 1.26366
    endloop
  endfacet
  facet normal -0.256616 0.892982 -0.369772
    outer loop
      vertex 87.2042 -33.2121 0.756417
      vertex 86.826 -33.2998 0.807091
      vertex 86.826 -33.1614 1.14132
    endloop
  endfacet
  facet normal -0.256644 0.766827 -0.588312
    outer loop
      vertex 87.2042 -33.4484 0.448415
      vertex 86.826 -33.2998 0.807091
      vertex 87.2042 -33.2121 0.756417
    endloop
  endfacet
  facet normal -0.496731 0.688578 -0.528317
    outer loop
      vertex 86.826 -33.5201 0.520079
      vertex 86.4869 -33.6585 0.658523
      vertex 86.4869 -33.4694 0.904985
    endloop
  endfacet
  facet normal -0.704026 0.271781 -0.656112
    outer loop
      vertex 86.4869 -34.192 0.35052
      vertex 86.21 -34.0434 0.709196
      vertex 86.4869 -33.905 0.469404
    endloop
  endfacet
  facet normal 0.864144 0.498966 0.0654767
    outer loop
      vertex 99.5001 -33.926 18.6
      vertex 99.3043 -33.5869 18.6
      vertex 99.5001 -33.9455 18.7486
    endloop
  endfacet
  facet normal 0.70413 0.656074 0.271602
    outer loop
      vertex 99.3043 -33.618 18.8363
      vertex 99.0274 -33.3505 18.908
      vertex 99.3043 -33.7092 19.0566
    endloop
  endfacet
  facet normal 0.965337 0.0999916 0.241095
    outer loop
      vertex 99.5001 -34.213 19.0971
      vertex 99.5001 -34.3514 19.1545
      vertex 99.6015 -34.4493 18.7891
    endloop
  endfacet
  facet normal 0.704026 0.43226 0.56347
    outer loop
      vertex 99.0274 -33.6585 19.4415
      vertex 99.0274 -33.905 19.6306
      vertex 99.3043 -34.0434 19.3908
    endloop
  endfacet
  facet normal 0.965337 0.241095 0.0999916
    outer loop
      vertex 99.5001 -33.9455 18.7486
      vertex 99.5001 -34.0029 18.887
      vertex 99.6015 -34.3109 18.6507
    endloop
  endfacet
  facet normal -0.864094 -0.465054 0.192524
    outer loop
      vertex 86.21 -97.4908 19.0566
      vertex 86.0142 -97.2545 18.7486
      vertex 86.21 -97.582 18.8363
    endloop
  endfacet
  facet normal -0.864096 -0.499023 0.0656776
    outer loop
      vertex 86.21 -97.582 18.8363
      vertex 86.0142 -97.2545 18.7486
      vertex 86.21 -97.6131 18.6
    endloop
  endfacet
  facet normal -0.864168 -0.39922 0.306329
    outer loop
      vertex 86.21 -97.3457 19.2457
      vertex 86.0142 -97.1971 18.887
      vertex 86.21 -97.4908 19.0566
    endloop
  endfacet
  facet normal -0.704026 -0.56347 0.43226
    outer loop
      vertex 86.4869 -97.5415 19.4415
      vertex 86.21 -97.4908 19.0566
      vertex 86.4869 -97.7306 19.195
    endloop
  endfacet
  facet normal -0.704066 -0.4323 0.56339
    outer loop
      vertex 86.21 -97.1566 19.3908
      vertex 86.21 -97.3457 19.2457
      vertex 86.4869 -97.5415 19.4415
    endloop
  endfacet
  facet normal -0.864168 -0.306329 0.39922
    outer loop
      vertex 86.21 -97.1566 19.3908
      vertex 86.0142 -96.987 19.0971
      vertex 86.21 -97.3457 19.2457
    endloop
  endfacet
  facet normal -0.70413 -0.271602 0.656074
    outer loop
      vertex 86.21 -96.9363 19.482
      vertex 86.21 -97.1566 19.3908
      vertex 86.4869 -97.008 19.7495
    endloop
  endfacet
  facet normal -0.704111 -0.0926575 0.704018
    outer loop
      vertex 86.21 -96.7 19.5131
      vertex 86.21 -96.9363 19.482
      vertex 86.4869 -97.008 19.7495
    endloop
  endfacet
  facet normal -0.965312 -0.206934 -0.15922
    outer loop
      vertex 86.0142 -97.1971 1.21299
      vertex 85.9128 -96.8696 1.40211
      vertex 85.9128 -96.8384 1.36156
    endloop
  endfacet
  facet normal -0.965332 -0.0999301 -0.24114
    outer loop
      vertex 86.0142 -96.987 1.00288
      vertex 85.9128 -96.7979 1.33044
      vertex 85.9128 -96.7507 1.31088
    endloop
  endfacet
  facet normal -0.965324 -0.15906 -0.207002
    outer loop
      vertex 86.0142 -96.987 1.00288
      vertex 85.9128 -96.8384 1.36156
      vertex 85.9128 -96.7979 1.33044
    endloop
  endfacet
  facet normal 0.256779 0.958193 0.126216
    outer loop
      vertex 98.3101 -33.0128 18.6
      vertex 98.3101 -33.0635 18.9849
      vertex 98.6883 -33.1614 18.9587
    endloop
  endfacet
  facet normal 0.704111 0.704018 0.0926575
    outer loop
      vertex 99.3043 -33.5869 18.6
      vertex 99.0274 -33.3505 18.908
      vertex 99.3043 -33.618 18.8363
    endloop
  endfacet
  facet normal 0.70407 0.70407 0.0925806
    outer loop
      vertex 99.0274 -33.31 18.6
      vertex 99.0274 -33.3505 18.908
      vertex 99.3043 -33.5869 18.6
    endloop
  endfacet
  facet normal -0.965313 -0.241314 0.0996954
    outer loop
      vertex 85.9128 -96.8696 18.6979
      vertex 85.9128 -96.8891 18.6507
      vertex 86.0142 -97.1971 18.887
    endloop
  endfacet
  facet normal -0.965305 -0.206861 0.15936
    outer loop
      vertex 85.9128 -96.8384 18.7384
      vertex 85.9128 -96.8696 18.6979
      vertex 86.0142 -97.1971 18.887
    endloop
  endfacet
  facet normal 0.256616 -0.892982 -0.369772
    outer loop
      vertex 98.6883 -98.0386 1.14132
      vertex 98.3101 -97.9879 0.756417
      vertex 98.6883 -97.9002 0.807091
    endloop
  endfacet
  facet normal 0.256644 -0.766827 -0.588312
    outer loop
      vertex 98.6883 -97.9002 0.807091
      vertex 98.3101 -97.9879 0.756417
      vertex 98.3101 -97.7516 0.448415
    endloop
  endfacet
  facet normal -0.864109 0.46501 -0.192567
    outer loop
      vertex 86.21 -33.7092 1.04343
      vertex 86.0142 -33.9455 1.35143
      vertex 86.21 -33.618 1.26366
    endloop
  endfacet
  facet normal -0.864102 0.499016 -0.0656655
    outer loop
      vertex 86.21 -33.618 1.26366
      vertex 86.0142 -33.9455 1.35143
      vertex 86.21 -33.5869 1.5
    endloop
  endfacet
  facet normal -0.864129 0.192542 -0.464982
    outer loop
      vertex 86.21 -34.2637 0.617973
      vertex 86.0142 -34.3514 0.945535
      vertex 86.21 -34.0434 0.709196
    endloop
  endfacet
  facet normal -0.70407 0.271683 -0.656105
    outer loop
      vertex 86.4869 -34.192 0.35052
      vertex 86.21 -34.2637 0.617973
      vertex 86.21 -34.0434 0.709196
    endloop
  endfacet
  facet normal -0.496745 0.528294 -0.688585
    outer loop
      vertex 86.826 -33.5201 0.520079
      vertex 86.4869 -33.905 0.469404
      vertex 86.4869 -33.6585 0.658523
    endloop
  endfacet
  facet normal -0.496805 0.528336 -0.68851
    outer loop
      vertex 86.826 -33.8071 0.299846
      vertex 86.4869 -33.905 0.469404
      vertex 86.826 -33.5201 0.520079
    endloop
  endfacet
  facet normal 0.965321 0.258814 0.0342023
    outer loop
      vertex 99.6015 -34.3042 18.6
      vertex 99.5001 -33.926 18.6
      vertex 99.6015 -34.3109 18.6507
    endloop
  endfacet
  facet normal 0.965886 0.258966 0
    outer loop
      vertex 99.6015 -34.3042 18.6
      vertex 99.5001 -33.926 1.5
      vertex 99.5001 -33.926 18.6
    endloop
  endfacet
  facet normal 0.965886 0.258966 0
    outer loop
      vertex 99.5001 -33.926 1.5
      vertex 99.6015 -34.3042 18.6
      vertex 99.6015 -34.3042 1.5
    endloop
  endfacet
  facet normal 0.864168 0.306329 0.39922
    outer loop
      vertex 99.3043 -33.8543 19.2457
      vertex 99.3043 -34.0434 19.3908
      vertex 99.5001 -34.213 19.0971
    endloop
  endfacet
  facet normal 0.965342 0.207086 0.158842
    outer loop
      vertex 99.5001 -34.0029 18.887
      vertex 99.5001 -34.0941 19.0059
      vertex 99.6015 -34.3616 18.7384
    endloop
  endfacet
  facet normal 0.258966 0 0.965886
    outer loop
      vertex 98.3101 -34.5 20.0872
      vertex 98.6883 -96.7 19.9858
      vertex 98.6883 -34.5 19.9858
    endloop
  endfacet
  facet normal 0.258966 0 0.965886
    outer loop
      vertex 98.6883 -96.7 19.9858
      vertex 98.3101 -34.5 20.0872
      vertex 98.3101 -96.7 20.0872
    endloop
  endfacet
  facet normal 0.256899 0.126083 0.958178
    outer loop
      vertex 98.6883 -34.1413 19.9386
      vertex 98.3101 -34.5 20.0872
      vertex 98.6883 -34.5 19.9858
    endloop
  endfacet
  facet normal -0 0.382731 0.92386
    outer loop
      vertex 87.2042 -33.7564 19.8879
      vertex 98.3101 -34.1151 20.0365
      vertex 98.3101 -33.7564 19.8879
    endloop
  endfacet
  facet normal 0 0.382731 0.92386
    outer loop
      vertex 98.3101 -34.1151 20.0365
      vertex 87.2042 -33.7564 19.8879
      vertex 87.2042 -34.1151 20.0365
    endloop
  endfacet
  facet normal 0.704026 0.56347 0.43226
    outer loop
      vertex 99.0274 -33.4694 19.195
      vertex 99.0274 -33.6585 19.4415
      vertex 99.3043 -33.7092 19.0566
    endloop
  endfacet
  facet normal 0.496784 0.801791 0.33217
    outer loop
      vertex 99.0274 -33.3505 18.908
      vertex 98.6883 -33.1614 18.9587
      vertex 99.0274 -33.4694 19.195
    endloop
  endfacet
  facet normal -0.704054 0.092706 -0.704069
    outer loop
      vertex 86.4869 -34.192 0.35052
      vertex 86.21 -34.5 0.586859
      vertex 86.21 -34.2637 0.617973
    endloop
  endfacet
  facet normal -0.864138 0.0656973 -0.498948
    outer loop
      vertex 86.21 -34.5 0.586859
      vertex 86.0142 -34.3514 0.945535
      vertex 86.21 -34.2637 0.617973
    endloop
  endfacet
  facet normal 0.864096 0.499023 0.0656776
    outer loop
      vertex 99.3043 -33.5869 18.6
      vertex 99.3043 -33.618 18.8363
      vertex 99.5001 -33.9455 18.7486
    endloop
  endfacet
  facet normal 0.864094 0.465054 0.192524
    outer loop
      vertex 99.3043 -33.618 18.8363
      vertex 99.3043 -33.7092 19.0566
      vertex 99.5001 -33.9455 18.7486
    endloop
  endfacet
  facet normal 0.965342 0.158842 0.207086
    outer loop
      vertex 99.5001 -34.0941 19.0059
      vertex 99.5001 -34.213 19.0971
      vertex 99.6015 -34.3616 18.7384
    endloop
  endfacet
  facet normal 0.965305 0.15936 0.206861
    outer loop
      vertex 99.6015 -34.3616 18.7384
      vertex 99.5001 -34.213 19.0971
      vertex 99.6015 -34.4021 18.7696
    endloop
  endfacet
  facet normal 0.864145 0.30628 0.399306
    outer loop
      vertex 99.5001 -34.0941 19.0059
      vertex 99.3043 -33.8543 19.2457
      vertex 99.5001 -34.213 19.0971
    endloop
  endfacet
  facet normal 0.500039 0 0.866003
    outer loop
      vertex 98.6883 -34.5 19.9858
      vertex 99.0274 -96.7 19.79
      vertex 99.0274 -34.5 19.79
    endloop
  endfacet
  facet normal 0.500039 0 0.866003
    outer loop
      vertex 99.0274 -96.7 19.79
      vertex 98.6883 -34.5 19.9858
      vertex 98.6883 -96.7 19.9858
    endloop
  endfacet
  facet normal 0.496874 0.801789 0.33204
    outer loop
      vertex 98.6883 -33.1614 18.9587
      vertex 98.6883 -33.2998 19.2929
      vertex 99.0274 -33.4694 19.195
    endloop
  endfacet
  facet normal 0.256641 0.892964 0.369797
    outer loop
      vertex 98.6883 -33.1614 18.9587
      vertex 98.3101 -33.2121 19.3436
      vertex 98.6883 -33.2998 19.2929
    endloop
  endfacet
  facet normal 0.496862 0.528418 0.688406
    outer loop
      vertex 98.6883 -33.5201 19.5799
      vertex 98.6883 -33.8071 19.8002
      vertex 99.0274 -33.905 19.6306
    endloop
  endfacet
  facet normal 0.704038 0.271808 0.656088
    outer loop
      vertex 99.0274 -33.905 19.6306
      vertex 99.0274 -34.192 19.7495
      vertex 99.3043 -34.0434 19.3908
    endloop
  endfacet
  facet normal 0.70407 0.0925806 0.70407
    outer loop
      vertex 99.0274 -34.192 19.7495
      vertex 99.0274 -34.5 19.79
      vertex 99.3043 -34.5 19.5131
    endloop
  endfacet
  facet normal 0.704111 0.0926575 0.704018
    outer loop
      vertex 99.3043 -34.2637 19.482
      vertex 99.0274 -34.192 19.7495
      vertex 99.3043 -34.5 19.5131
    endloop
  endfacet
  facet normal 0.496824 0.113221 0.860434
    outer loop
      vertex 98.6883 -34.1413 19.9386
      vertex 98.6883 -34.5 19.9858
      vertex 99.0274 -34.5 19.79
    endloop
  endfacet
  facet normal 0.965313 0.241314 0.0996954
    outer loop
      vertex 99.6015 -34.3109 18.6507
      vertex 99.5001 -34.0029 18.887
      vertex 99.6015 -34.3304 18.6979
    endloop
  endfacet
  facet normal 0.965305 0.206861 0.15936
    outer loop
      vertex 99.6015 -34.3304 18.6979
      vertex 99.5001 -34.0029 18.887
      vertex 99.6015 -34.3616 18.7384
    endloop
  endfacet
  facet normal 0.965313 0.0996954 0.241314
    outer loop
      vertex 99.6015 -34.4021 18.7696
      vertex 99.5001 -34.213 19.0971
      vertex 99.6015 -34.4493 18.7891
    endloop
  endfacet
  facet normal 0.704066 0.56339 0.4323
    outer loop
      vertex 99.3043 -33.7092 19.0566
      vertex 99.0274 -33.6585 19.4415
      vertex 99.3043 -33.8543 19.2457
    endloop
  endfacet
  facet normal 0.704066 0.4323 0.56339
    outer loop
      vertex 99.3043 -33.8543 19.2457
      vertex 99.0274 -33.6585 19.4415
      vertex 99.3043 -34.0434 19.3908
    endloop
  endfacet
  facet normal 0.256682 0.766817 0.588308
    outer loop
      vertex 98.3101 -33.2121 19.3436
      vertex 98.3101 -33.4484 19.6516
      vertex 98.6883 -33.2998 19.2929
    endloop
  endfacet
  facet normal 0.496676 0.528285 0.688642
    outer loop
      vertex 99.0274 -33.6585 19.4415
      vertex 98.6883 -33.5201 19.5799
      vertex 99.0274 -33.905 19.6306
    endloop
  endfacet
  facet normal 0.256779 0.126216 0.958193
    outer loop
      vertex 98.3101 -34.1151 20.0365
      vertex 98.3101 -34.5 20.0872
      vertex 98.6883 -34.1413 19.9386
    endloop
  endfacet
  facet normal 0.256756 0.3699 0.892889
    outer loop
      vertex 98.3101 -33.7564 19.8879
      vertex 98.3101 -34.1151 20.0365
      vertex 98.6883 -34.1413 19.9386
    endloop
  endfacet
  facet normal 0.496676 0.688642 0.528285
    outer loop
      vertex 99.0274 -33.4694 19.195
      vertex 98.6883 -33.5201 19.5799
      vertex 99.0274 -33.6585 19.4415
    endloop
  endfacet
  facet normal 0.496862 0.688406 0.528418
    outer loop
      vertex 98.6883 -33.2998 19.2929
      vertex 98.6883 -33.5201 19.5799
      vertex 99.0274 -33.4694 19.195
    endloop
  endfacet
  facet normal 0.496765 0.113147 0.860478
    outer loop
      vertex 99.0274 -34.192 19.7495
      vertex 98.6883 -34.1413 19.9386
      vertex 99.0274 -34.5 19.79
    endloop
  endfacet
  facet normal 0.496784 0.33217 0.801791
    outer loop
      vertex 99.0274 -33.905 19.6306
      vertex 98.6883 -34.1413 19.9386
      vertex 99.0274 -34.192 19.7495
    endloop
  endfacet
  facet normal 0.2569 0.58846 0.766627
    outer loop
      vertex 98.6883 -33.5201 19.5799
      vertex 98.3101 -33.4484 19.6516
      vertex 98.6883 -33.8071 19.8002
    endloop
  endfacet
  facet normal 0.256682 0.588308 0.766817
    outer loop
      vertex 98.3101 -33.4484 19.6516
      vertex 98.3101 -33.7564 19.8879
      vertex 98.6883 -33.8071 19.8002
    endloop
  endfacet
  facet normal 0.256641 0.369797 0.892964
    outer loop
      vertex 98.6883 -33.8071 19.8002
      vertex 98.3101 -33.7564 19.8879
      vertex 98.6883 -34.1413 19.9386
    endloop
  endfacet
  facet normal 0.496874 0.33204 0.801789
    outer loop
      vertex 98.6883 -33.8071 19.8002
      vertex 98.6883 -34.1413 19.9386
      vertex 99.0274 -33.905 19.6306
    endloop
  endfacet
  facet normal -0.447214 0.894427 0
    outer loop
      vertex 93.5 -95.15 11.5
      vertex 90.6 -96.6 14.5
      vertex 90.6 -96.6 18.5
    endloop
  endfacet
  facet normal -0.447214 0.894427 0
    outer loop
      vertex 90.6 -96.6 14.5
      vertex 93.5 -95.15 11.5
      vertex 93.5 -95.15 11.49
    endloop
  endfacet
  facet normal 0 -1 0
    outer loop
      vertex 87.5 -34.6 11.5
      vertex 87.5 -34.6 0.0128336
      vertex 88.8 -34.6 11.5
    endloop
  endfacet
  facet normal 0 -1 0
    outer loop
      vertex 88.8 -34.6 14.5
      vertex 90.6 -34.6 18.5
      vertex 88.8 -34.6 18.5
    endloop
  endfacet
  facet normal 0 -1 0
    outer loop
      vertex 88.8 -34.6 14.5
      vertex 90.6 -34.6 14.5
      vertex 90.6 -34.6 18.5
    endloop
  endfacet
  facet normal 0 -1 0
    outer loop
      vertex 88.8 -34.6 11.5
      vertex 90.6 -34.6 14.5
      vertex 88.8 -34.6 14.5
    endloop
  endfacet
  facet normal 0 -1 0
    outer loop
      vertex 90.6 -34.6 0.0128336
      vertex 88.8 -34.6 11.5
      vertex 87.5 -34.6 0.0128336
    endloop
  endfacet
  facet normal 0 -1 0
    outer loop
      vertex 88.8 -34.6 11.5
      vertex 90.6 -34.6 0.0128336
      vertex 90.6 -34.6 14.5
    endloop
  endfacet
  facet normal -0.923856 0 -0.38274
    outer loop
      vertex 93.5 -95.15 11.5
      vertex 90.6 -34.6 18.5
      vertex 93.5 -36.05 11.5
    endloop
  endfacet
  facet normal -0.923856 -0 -0.38274
    outer loop
      vertex 90.6 -34.6 18.5
      vertex 93.5 -95.15 11.5
      vertex 90.6 -96.6 18.5
    endloop
  endfacet
  facet normal 0.744569 -0.667545 0
    outer loop
      vertex 87.5 -36.05 11.5
      vertex 88.8 -34.6 14.5
      vertex 88.8 -34.6 18.5
    endloop
  endfacet
  facet normal 0.744835 -0.667248 -0.000258623
    outer loop
      vertex 88.8 -34.6 14.5
      vertex 87.5 -36.05 11.5
      vertex 87.5043 -36.0452 11.5
    endloop
  endfacet
  facet normal 0 0.900915 0.433996
    outer loop
      vertex 93.5 -95.15 11.49
      vertex 90.6 -95.15 11.49
      vertex 90.6 -96.6 14.5
    endloop
  endfacet
  facet normal 0 0.900913 0.434
    outer loop
      vertex 88.8 -96.6 14.5
      vertex 88.8 -95.1548 11.5
      vertex 87.5043 -95.1548 11.5
    endloop
  endfacet
  facet normal 0 0 -1
    outer loop
      vertex 88.8 -96.6 18.5
      vertex 90.6 -34.6 18.5
      vertex 90.6 -96.6 18.5
    endloop
  endfacet
  facet normal -0 0 -1
    outer loop
      vertex 90.6 -34.6 18.5
      vertex 88.8 -96.6 18.5
      vertex 88.8 -34.6 18.5
    endloop
  endfacet
  facet normal 0.983189 0 -0.182592
    outer loop
      vertex 88.8 -34.6 18.5
      vertex 87.5 -95.15 11.5
      vertex 87.5 -36.05 11.5
    endloop
  endfacet
  facet normal 0.983189 0 -0.182592
    outer loop
      vertex 87.5 -95.15 11.5
      vertex 88.8 -34.6 18.5
      vertex 88.8 -96.6 18.5
    endloop
  endfacet
  facet normal -0.447214 -0.894427 0
    outer loop
      vertex 90.6 -34.6 14.5
      vertex 93.5 -36.05 11.5
      vertex 90.6 -34.6 18.5
    endloop
  endfacet
  facet normal -0.447214 -0.894427 -0
    outer loop
      vertex 93.5 -36.05 11.5
      vertex 90.6 -34.6 14.5
      vertex 93.5 -36.05 11.49
    endloop
  endfacet
  facet normal 0 -0.900913 0.434
    outer loop
      vertex 88.8 -36.0452 11.5
      vertex 88.8 -34.6 14.5
      vertex 87.5043 -36.0452 11.5
    endloop
  endfacet
  facet normal 0 -0.900915 0.433996
    outer loop
      vertex 93.5 -36.05 11.49
      vertex 90.6 -34.6 14.5
      vertex 90.6 -36.05 11.49
    endloop
  endfacet
  facet normal 1 -0 0
    outer loop
      vertex 87.5 -36.05 0.8
      vertex 87.5 -34.6 0.0128336
      vertex 87.5 -34.6 11.5
    endloop
  endfacet
  facet normal 1 0 0
    outer loop
      vertex 87.5 -36.05 0.8
      vertex 87.5 -34.6 11.5
      vertex 87.5 -36.05 11.5
    endloop
  endfacet
  facet normal 1 0 0
    outer loop
      vertex 87.5 -34.6 0.0128336
      vertex 87.5 -36.05 0.8
      vertex 87.5 -35.2628 0.0128336
    endloop
  endfacet
  facet normal 1 -0 0
    outer loop
      vertex 87.5 -95.15 11.5
      vertex 87.5 -36.05 0.8
      vertex 87.5 -36.05 11.5
    endloop
  endfacet
  facet normal 1 0 0
    outer loop
      vertex 87.5 -95.15 11.5
      vertex 87.5 -95.15 0.8
      vertex 87.5 -36.05 0.8
    endloop
  endfacet
  facet normal 1 -0 0
    outer loop
      vertex 87.5 -96.6 11.5
      vertex 87.5 -95.15 0.8
      vertex 87.5 -95.15 11.5
    endloop
  endfacet
  facet normal 1 0 0
    outer loop
      vertex 87.5 -96.6 0.0128336
      vertex 87.5 -95.15 0.8
      vertex 87.5 -96.6 11.5
    endloop
  endfacet
  facet normal 1 0 0
    outer loop
      vertex 87.5 -95.15 0.8
      vertex 87.5 -96.6 0.0128336
      vertex 87.5 -95.9372 0.0128336
    endloop
  endfacet
  facet normal 0.744569 0.667545 -0
    outer loop
      vertex 88.8 -96.6 14.5
      vertex 87.5 -95.15 11.5
      vertex 88.8 -96.6 18.5
    endloop
  endfacet
  facet normal 0.744835 0.667248 -0.000258623
    outer loop
      vertex 87.5 -95.15 11.5
      vertex 88.8 -96.6 14.5
      vertex 87.5043 -95.1548 11.5
    endloop
  endfacet
  facet normal 0 1 -0
    outer loop
      vertex 90.6 -96.6 14.5
      vertex 88.8 -96.6 18.5
      vertex 90.6 -96.6 18.5
    endloop
  endfacet
  facet normal 0 1 0
    outer loop
      vertex 90.6 -96.6 14.5
      vertex 88.8 -96.6 14.5
      vertex 88.8 -96.6 18.5
    endloop
  endfacet
  facet normal 0 1 0
    outer loop
      vertex 90.6 -96.6 14.5
      vertex 88.8 -96.6 11.5
      vertex 88.8 -96.6 14.5
    endloop
  endfacet
  facet normal 0 1 -0
    outer loop
      vertex 90.6 -96.6 0.0128336
      vertex 88.8 -96.6 11.5
      vertex 90.6 -96.6 14.5
    endloop
  endfacet
  facet normal 0 1 0
    outer loop
      vertex 87.5 -96.6 0.0128336
      vertex 88.8 -96.6 11.5
      vertex 90.6 -96.6 0.0128336
    endloop
  endfacet
  facet normal 0 1 0
    outer loop
      vertex 88.8 -96.6 11.5
      vertex 87.5 -96.6 0.0128336
      vertex 87.5 -96.6 11.5
    endloop
  endfacet
  facet normal 0 1 0
    outer loop
      vertex 93.5 -95.15 11.49
      vertex 91.9979 -95.15 8.74358
      vertex 90.6 -95.15 11.49
    endloop
  endfacet
  facet normal 0 1 0
    outer loop
      vertex 93.5 -95.15 11.49
      vertex 92.187 -95.15 8.69291
      vertex 91.9979 -95.15 8.74358
    endloop
  endfacet
  facet normal 0 1 0
    outer loop
      vertex 93.5 -95.15 11.49
      vertex 92.3566 -95.15 8.59502
      vertex 92.187 -95.15 8.69291
    endloop
  endfacet
  facet normal 0 1 0
    outer loop
      vertex 93.5 -95.15 11.49
      vertex 92.495 -95.15 8.45657
      vertex 92.3566 -95.15 8.59502
    endloop
  endfacet
  facet normal 0 1 0
    outer loop
      vertex 93.5 -95.15 11.49
      vertex 92.5929 -95.15 8.28701
      vertex 92.495 -95.15 8.45657
    endloop
  endfacet
  facet normal 0 1 0
    outer loop
      vertex 93.5 -95.15 11.49
      vertex 92.6436 -95.15 8.09789
      vertex 92.5929 -95.15 8.28701
    endloop
  endfacet
  facet normal 0 1 0
    outer loop
      vertex 93.5 -95.15 11.49
      vertex 92.6436 -95.15 7.90211
      vertex 92.6436 -95.15 8.09789
    endloop
  endfacet
  facet normal 0 1 0
    outer loop
      vertex 92.187 -95.15 7.30709
      vertex 90.6 -95.15 0.8
      vertex 91.9979 -95.15 7.25642
    endloop
  endfacet
  facet normal 0 1 0
    outer loop
      vertex 90.6 -95.15 0.8
      vertex 92.187 -95.15 7.30709
      vertex 97.7005 -95.15 0.8
    endloop
  endfacet
  facet normal 0 1 0
    outer loop
      vertex 92.3566 -95.15 7.40499
      vertex 97.7005 -95.15 0.8
      vertex 92.187 -95.15 7.30709
    endloop
  endfacet
  facet normal 0 1 0
    outer loop
      vertex 92.495 -95.15 7.54343
      vertex 97.7005 -95.15 0.8
      vertex 92.3566 -95.15 7.40499
    endloop
  endfacet
  facet normal 0 1 0
    outer loop
      vertex 92.5929 -95.15 7.71299
      vertex 97.7005 -95.15 0.8
      vertex 92.495 -95.15 7.54343
    endloop
  endfacet
  facet normal 0 1 0
    outer loop
      vertex 92.6436 -95.15 7.90211
      vertex 97.7005 -95.15 0.8
      vertex 92.5929 -95.15 7.71299
    endloop
  endfacet
  facet normal 0 1 0
    outer loop
      vertex 93.5 -95.15 11.49
      vertex 97.7005 -95.15 0.8
      vertex 92.6436 -95.15 7.90211
    endloop
  endfacet
  facet normal 0 1 0
    outer loop
      vertex 97.7005 -95.15 0.8
      vertex 93.5 -95.15 11.49
      vertex 93.5 -95.15 11.5
    endloop
  endfacet
  facet normal 0 1 -0
    outer loop
      vertex 91.8021 -95.15 8.74358
      vertex 90.6 -95.15 11.49
      vertex 91.9979 -95.15 8.74358
    endloop
  endfacet
  facet normal 0 1 -0
    outer loop
      vertex 91.613 -95.15 8.69291
      vertex 90.6 -95.15 11.49
      vertex 91.8021 -95.15 8.74358
    endloop
  endfacet
  facet normal 0 1 -0
    outer loop
      vertex 91.4434 -95.15 8.59502
      vertex 90.6 -95.15 11.49
      vertex 91.613 -95.15 8.69291
    endloop
  endfacet
  facet normal 0 1 -0
    outer loop
      vertex 91.305 -95.15 8.45657
      vertex 90.6 -95.15 11.49
      vertex 91.4434 -95.15 8.59502
    endloop
  endfacet
  facet normal 0 1 -0
    outer loop
      vertex 91.2071 -95.15 8.28701
      vertex 90.6 -95.15 11.49
      vertex 91.305 -95.15 8.45657
    endloop
  endfacet
  facet normal 0 1 -0
    outer loop
      vertex 91.1564 -95.15 8.09789
      vertex 90.6 -95.15 11.49
      vertex 91.2071 -95.15 8.28701
    endloop
  endfacet
  facet normal 0 1 -0
    outer loop
      vertex 91.1564 -95.15 7.90211
      vertex 90.6 -95.15 11.49
      vertex 91.1564 -95.15 8.09789
    endloop
  endfacet
  facet normal 0 1 0
    outer loop
      vertex 91.9979 -95.15 7.25642
      vertex 90.6 -95.15 0.8
      vertex 91.8021 -95.15 7.25642
    endloop
  endfacet
  facet normal 0 1 0
    outer loop
      vertex 91.8021 -95.15 7.25642
      vertex 90.6 -95.15 0.8
      vertex 91.613 -95.15 7.30709
    endloop
  endfacet
  facet normal 0 1 0
    outer loop
      vertex 91.613 -95.15 7.30709
      vertex 90.6 -95.15 0.8
      vertex 91.4434 -95.15 7.40499
    endloop
  endfacet
  facet normal 0 1 0
    outer loop
      vertex 91.1564 -95.15 7.90211
      vertex 90.6 -95.15 0.8
      vertex 90.6 -95.15 11.49
    endloop
  endfacet
  facet normal 0 1 0
    outer loop
      vertex 91.2071 -95.15 7.71299
      vertex 90.6 -95.15 0.8
      vertex 91.1564 -95.15 7.90211
    endloop
  endfacet
  facet normal 0 1 0
    outer loop
      vertex 91.305 -95.15 7.54343
      vertex 90.6 -95.15 0.8
      vertex 91.2071 -95.15 7.71299
    endloop
  endfacet
  facet normal 0 1 0
    outer loop
      vertex 91.4434 -95.15 7.40499
      vertex 90.6 -95.15 0.8
      vertex 91.305 -95.15 7.54343
    endloop
  endfacet
  facet normal -0.930842 0 -0.365421
    outer loop
      vertex 97.7005 -95.15 0.8
      vertex 93.5 -36.05 11.5
      vertex 97.7005 -36.05 0.8
    endloop
  endfacet
  facet normal -0.930842 -0 -0.365421
    outer loop
      vertex 93.5 -36.05 11.5
      vertex 97.7005 -95.15 0.8
      vertex 93.5 -95.15 11.5
    endloop
  endfacet
  facet normal 0 -1 0
    outer loop
      vertex 91.9979 -36.05 8.74358
      vertex 90.6 -36.05 11.49
      vertex 91.8021 -36.05 8.74358
    endloop
  endfacet
  facet normal 0 -1 0
    outer loop
      vertex 90.6 -36.05 11.49
      vertex 91.613 -36.05 8.69291
      vertex 91.8021 -36.05 8.74358
    endloop
  endfacet
  facet normal 0 -1 0
    outer loop
      vertex 90.6 -36.05 11.49
      vertex 91.4434 -36.05 8.59502
      vertex 91.613 -36.05 8.69291
    endloop
  endfacet
  facet normal 0 -1 0
    outer loop
      vertex 90.6 -36.05 11.49
      vertex 91.305 -36.05 8.45657
      vertex 91.4434 -36.05 8.59502
    endloop
  endfacet
  facet normal 0 -1 0
    outer loop
      vertex 90.6 -36.05 11.49
      vertex 91.2071 -36.05 8.28701
      vertex 91.305 -36.05 8.45657
    endloop
  endfacet
  facet normal 0 -1 0
    outer loop
      vertex 90.6 -36.05 11.49
      vertex 91.1564 -36.05 8.09789
      vertex 91.2071 -36.05 8.28701
    endloop
  endfacet
  facet normal 0 -1 0
    outer loop
      vertex 90.6 -36.05 11.49
      vertex 91.1564 -36.05 7.90211
      vertex 91.1564 -36.05 8.09789
    endloop
  endfacet
  facet normal 0 -1 -0
    outer loop
      vertex 91.8021 -36.05 7.25642
      vertex 90.6 -36.05 0.8
      vertex 91.9979 -36.05 7.25642
    endloop
  endfacet
  facet normal 0 -1 -0
    outer loop
      vertex 91.613 -36.05 7.30709
      vertex 90.6 -36.05 0.8
      vertex 91.8021 -36.05 7.25642
    endloop
  endfacet
  facet normal 0 -1 -0
    outer loop
      vertex 91.4434 -36.05 7.40499
      vertex 90.6 -36.05 0.8
      vertex 91.613 -36.05 7.30709
    endloop
  endfacet
  facet normal 0 -1 -0
    outer loop
      vertex 91.305 -36.05 7.54343
      vertex 90.6 -36.05 0.8
      vertex 91.4434 -36.05 7.40499
    endloop
  endfacet
  facet normal 0 -1 -0
    outer loop
      vertex 91.2071 -36.05 7.71299
      vertex 90.6 -36.05 0.8
      vertex 91.305 -36.05 7.54343
    endloop
  endfacet
  facet normal 0 -1 -0
    outer loop
      vertex 91.1564 -36.05 7.90211
      vertex 90.6 -36.05 0.8
      vertex 91.2071 -36.05 7.71299
    endloop
  endfacet
  facet normal 0 -1 0
    outer loop
      vertex 90.6 -36.05 0.8
      vertex 91.1564 -36.05 7.90211
      vertex 90.6 -36.05 11.49
    endloop
  endfacet
  facet normal 0 -1 0
    outer loop
      vertex 90.6 -36.05 11.49
      vertex 91.9979 -36.05 8.74358
      vertex 93.5 -36.05 11.49
    endloop
  endfacet
  facet normal 0 -1 0
    outer loop
      vertex 92.187 -36.05 8.69291
      vertex 93.5 -36.05 11.49
      vertex 91.9979 -36.05 8.74358
    endloop
  endfacet
  facet normal 0 -1 0
    outer loop
      vertex 92.3566 -36.05 8.59502
      vertex 93.5 -36.05 11.49
      vertex 92.187 -36.05 8.69291
    endloop
  endfacet
  facet normal 0 -1 0
    outer loop
      vertex 92.495 -36.05 8.45657
      vertex 93.5 -36.05 11.49
      vertex 92.3566 -36.05 8.59502
    endloop
  endfacet
  facet normal 0 -1 0
    outer loop
      vertex 92.5929 -36.05 8.28701
      vertex 93.5 -36.05 11.49
      vertex 92.495 -36.05 8.45657
    endloop
  endfacet
  facet normal 0 -1 0
    outer loop
      vertex 92.6436 -36.05 8.09789
      vertex 93.5 -36.05 11.49
      vertex 92.5929 -36.05 8.28701
    endloop
  endfacet
  facet normal 0 -1 0
    outer loop
      vertex 92.6436 -36.05 7.90211
      vertex 93.5 -36.05 11.49
      vertex 92.6436 -36.05 8.09789
    endloop
  endfacet
  facet normal 0 -1 0
    outer loop
      vertex 90.6 -36.05 0.8
      vertex 92.187 -36.05 7.30709
      vertex 91.9979 -36.05 7.25642
    endloop
  endfacet
  facet normal 0 -1 0
    outer loop
      vertex 97.7005 -36.05 0.8
      vertex 92.187 -36.05 7.30709
      vertex 90.6 -36.05 0.8
    endloop
  endfacet
  facet normal 0 -1 0
    outer loop
      vertex 92.187 -36.05 7.30709
      vertex 97.7005 -36.05 0.8
      vertex 92.3566 -36.05 7.40499
    endloop
  endfacet
  facet normal 0 -1 0
    outer loop
      vertex 92.3566 -36.05 7.40499
      vertex 97.7005 -36.05 0.8
      vertex 92.495 -36.05 7.54343
    endloop
  endfacet
  facet normal 0 -1 0
    outer loop
      vertex 93.5 -36.05 11.49
      vertex 97.7005 -36.05 0.8
      vertex 93.5 -36.05 11.5
    endloop
  endfacet
  facet normal 0 -1 0
    outer loop
      vertex 92.6436 -36.05 7.90211
      vertex 97.7005 -36.05 0.8
      vertex 93.5 -36.05 11.49
    endloop
  endfacet
  facet normal 0 -1 0
    outer loop
      vertex 92.5929 -36.05 7.71299
      vertex 97.7005 -36.05 0.8
      vertex 92.6436 -36.05 7.90211
    endloop
  endfacet
  facet normal 0 -1 0
    outer loop
      vertex 92.495 -36.05 7.54343
      vertex 97.7005 -36.05 0.8
      vertex 92.5929 -36.05 7.71299
    endloop
  endfacet
  facet normal -1 0 0
    outer loop
      vertex 90.6 -96.6 0.0128336
      vertex 90.6 -95.15 0.8
      vertex 90.6 -95.9372 0.0128336
    endloop
  endfacet
  facet normal -1 -0 0
    outer loop
      vertex 90.6 -95.15 0.8
      vertex 90.6 -96.6 0.0128336
      vertex 90.6 -95.15 11.49
    endloop
  endfacet
  facet normal -1 -0 0
    outer loop
      vertex 90.6 -95.15 11.49
      vertex 90.6 -96.6 0.0128336
      vertex 90.6 -96.6 14.5
    endloop
  endfacet
  facet normal -1 0 0
    outer loop
      vertex 90.6 -36.05 0.8
      vertex 90.6 -34.6 0.0128336
      vertex 90.6 -35.2628 0.0128336
    endloop
  endfacet
  facet normal -1 0 0
    outer loop
      vertex 90.6 -34.6 0.0128336
      vertex 90.6 -36.05 0.8
      vertex 90.6 -36.05 11.49
    endloop
  endfacet
  facet normal -1 0 0
    outer loop
      vertex 90.6 -34.6 0.0128336
      vertex 90.6 -36.05 11.49
      vertex 90.6 -34.6 14.5
    endloop
  endfacet
  facet normal 1 0 -0
    outer loop
      vertex 88.8 -34.6 11.5
      vertex 88.8 -34.6 14.5
      vertex 88.8 -36.0452 11.5
    endloop
  endfacet
  facet normal 1 0 0
    outer loop
      vertex 88.8 -95.1548 11.5
      vertex 88.8 -96.6 14.5
      vertex 88.8 -96.6 11.5
    endloop
  endfacet
  facet normal 0 0 -1
    outer loop
      vertex 88.8 -96.6 11.5
      vertex 87.5043 -95.1548 11.5
      vertex 88.8 -95.1548 11.5
    endloop
  endfacet
  facet normal 0 0 -1
    outer loop
      vertex 87.5 -96.6 11.5
      vertex 87.5043 -95.1548 11.5
      vertex 88.8 -96.6 11.5
    endloop
  endfacet
  facet normal -0 0 -1
    outer loop
      vertex 87.5043 -95.1548 11.5
      vertex 87.5 -96.6 11.5
      vertex 87.5 -95.15 11.5
    endloop
  endfacet
  facet normal 0 0 -1
    outer loop
      vertex 87.5043 -36.0452 11.5
      vertex 88.8 -34.6 11.5
      vertex 88.8 -36.0452 11.5
    endloop
  endfacet
  facet normal 0 0 -1
    outer loop
      vertex 87.5 -34.6 11.5
      vertex 87.5043 -36.0452 11.5
      vertex 87.5 -36.05 11.5
    endloop
  endfacet
  facet normal 0 0 -1
    outer loop
      vertex 87.5043 -36.0452 11.5
      vertex 87.5 -34.6 11.5
      vertex 88.8 -34.6 11.5
    endloop
  endfacet
  facet normal -0.000957382 0.707586 -0.706627
    outer loop
      vertex 87.5 -95.15 0.8
      vertex 86.826 -95.8358 0.114182
      vertex 86.8185 -95.8315 0.118498
    endloop
  endfacet
  facet normal 0 0.707092 -0.707122
    outer loop
      vertex 87.2042 -95.9372 0.0128336
      vertex 87.5 -95.15 0.8
      vertex 87.5 -95.9372 0.0128336
    endloop
  endfacet
  facet normal 8.02968e-05 0.707077 -0.707137
    outer loop
      vertex 87.5 -95.15 0.8
      vertex 87.2042 -95.9372 0.0128336
      vertex 86.826 -95.8358 0.114182
    endloop
  endfacet
  facet normal 0 0.707092 -0.707122
    outer loop
      vertex 98.3101 -95.9372 0.0128336
      vertex 97.7005 -95.15 0.8
      vertex 98.0143 -95.15 0.8
    endloop
  endfacet
  facet normal 0.000957382 0.707586 -0.706627
    outer loop
      vertex 98.6883 -95.8358 0.114182
      vertex 98.0143 -95.15 0.8
      vertex 98.6958 -95.8315 0.118498
    endloop
  endfacet
  facet normal -8.02968e-05 0.707077 -0.707137
    outer loop
      vertex 98.0143 -95.15 0.8
      vertex 98.6883 -95.8358 0.114182
      vertex 98.3101 -95.9372 0.0128336
    endloop
  endfacet
  facet normal 0 0.707092 -0.707122
    outer loop
      vertex 97.7005 -95.15 0.8
      vertex 98.3101 -95.9372 0.0128336
      vertex 90.6 -95.9372 0.0128336
    endloop
  endfacet
  facet normal 0 0.707092 -0.707122
    outer loop
      vertex 97.7005 -95.15 0.8
      vertex 90.6 -95.9372 0.0128336
      vertex 90.6 -95.15 0.8
    endloop
  endfacet
  facet normal 0.707108 0 -0.707106
    outer loop
      vertex 86.8185 -95.8315 0.118498
      vertex 87.5 -36.05 0.8
      vertex 87.5 -95.15 0.8
    endloop
  endfacet
  facet normal 0.707108 0 -0.707106
    outer loop
      vertex 87.5 -36.05 0.8
      vertex 86.8185 -95.8315 0.118498
      vertex 86.8185 -35.3685 0.118498
    endloop
  endfacet
  facet normal 0 0 -1
    outer loop
      vertex 97.7005 -95.15 0.8
      vertex 98.0143 -36.05 0.8
      vertex 98.0143 -95.15 0.8
    endloop
  endfacet
  facet normal -0 0 -1
    outer loop
      vertex 98.0143 -36.05 0.8
      vertex 97.7005 -95.15 0.8
      vertex 97.7005 -36.05 0.8
    endloop
  endfacet
  facet normal 0 -0.707092 -0.707122
    outer loop
      vertex 87.5 -36.05 0.8
      vertex 87.2042 -35.2628 0.0128336
      vertex 87.5 -35.2628 0.0128336
    endloop
  endfacet
  facet normal 8.02968e-05 -0.707077 -0.707137
    outer loop
      vertex 87.5 -36.05 0.8
      vertex 86.826 -35.3642 0.114182
      vertex 87.2042 -35.2628 0.0128336
    endloop
  endfacet
  facet normal -0.000957382 -0.707586 -0.706627
    outer loop
      vertex 86.826 -35.3642 0.114182
      vertex 87.5 -36.05 0.8
      vertex 86.8185 -35.3685 0.118498
    endloop
  endfacet
  facet normal 0 -0.707092 -0.707122
    outer loop
      vertex 90.6 -35.2628 0.0128336
      vertex 97.7005 -36.05 0.8
      vertex 90.6 -36.05 0.8
    endloop
  endfacet
  facet normal -0 -0.707092 -0.707122
    outer loop
      vertex 98.3101 -35.2628 0.0128336
      vertex 97.7005 -36.05 0.8
      vertex 90.6 -35.2628 0.0128336
    endloop
  endfacet
  facet normal -8.02968e-05 -0.707077 -0.707137
    outer loop
      vertex 98.6883 -35.3642 0.114182
      vertex 98.0143 -36.05 0.8
      vertex 98.3101 -35.2628 0.0128336
    endloop
  endfacet
  facet normal 0 -0.707092 -0.707122
    outer loop
      vertex 97.7005 -36.05 0.8
      vertex 98.3101 -35.2628 0.0128336
      vertex 98.0143 -36.05 0.8
    endloop
  endfacet
  facet normal 0.000957382 -0.707586 -0.706627
    outer loop
      vertex 98.0143 -36.05 0.8
      vertex 98.6883 -35.3642 0.114182
      vertex 98.6958 -35.3685 0.118498
    endloop
  endfacet
  facet normal -0.707108 0 -0.707106
    outer loop
      vertex 98.0143 -95.15 0.8
      vertex 98.6958 -35.3685 0.118498
      vertex 98.6958 -95.8315 0.118498
    endloop
  endfacet
  facet normal -0.707108 0 -0.707106
    outer loop
      vertex 98.6958 -35.3685 0.118498
      vertex 98.0143 -95.15 0.8
      vertex 98.0143 -36.05 0.8
    endloop
  endfacet
  facet normal 0.25684 0.126172 0.958182
    outer loop
      vertex 92.187 -94.9707 8.6693
      vertex 91.9979 -94.9575 8.71825
      vertex 92.187 -95.15 8.69291
    endloop
  endfacet
  facet normal -0.25684 0.126172 -0.958182
    outer loop
      vertex 91.8021 -94.9575 7.28175
      vertex 91.613 -95.15 7.30709
      vertex 91.613 -94.9707 7.3307
    endloop
  endfacet
  facet normal 0.965345 0.241039 -0.10005
    outer loop
      vertex 92.6436 -95.0652 7.95105
      vertex 92.5929 -94.9014 7.85649
      vertex 92.6436 -95.0554 7.97466
    endloop
  endfacet
  facet normal 0.496935 0.688348 0.528425
    outer loop
      vertex 92.3566 -94.6347 8.29751
      vertex 92.187 -94.66 8.48996
      vertex 92.3566 -94.7293 8.42074
    endloop
  endfacet
  facet normal 0.496671 0.113311 0.860511
    outer loop
      vertex 92.187 -94.9707 8.6693
      vertex 92.187 -95.15 8.69291
      vertex 92.3566 -95.15 8.59502
    endloop
  endfacet
  facet normal 0.256557 0.958219 0.126468
    outer loop
      vertex 91.9979 -94.4064 8
      vertex 91.9979 -94.4318 8.19245
      vertex 92.187 -94.4807 8.17934
    endloop
  endfacet
  facet normal -0.965325 0.206878 0.159215
    outer loop
      vertex 91.1564 -95.0652 8.04895
      vertex 91.1564 -95.0808 8.06922
      vertex 91.2071 -94.9014 8.14351
    endloop
  endfacet
  facet normal -0.496702 0.860477 0.113427
    outer loop
      vertex 91.4434 -94.555 8
      vertex 91.4434 -94.5753 8.154
      vertex 91.613 -94.4571 8
    endloop
  endfacet
  facet normal -0.704181 0.656044 -0.271542
    outer loop
      vertex 91.4434 -94.6347 7.70249
      vertex 91.305 -94.7546 7.77172
      vertex 91.4434 -94.5753 7.846
    endloop
  endfacet
  facet normal -0.256674 0.588372 -0.76677
    outer loop
      vertex 91.8021 -94.7782 7.35604
      vertex 91.613 -94.66 7.51004
      vertex 91.8021 -94.6242 7.47421
    endloop
  endfacet
  facet normal 0.86415 0.30648 0.399143
    outer loop
      vertex 92.5929 -94.9471 8.20295
      vertex 92.495 -94.8272 8.32284
      vertex 92.5929 -95.0065 8.24856
    endloop
  endfacet
  facet normal 0.496674 0.113264 -0.860515
    outer loop
      vertex 92.3566 -95.15 7.40499
      vertex 92.187 -94.9707 7.3307
      vertex 92.3566 -94.996 7.42526
    endloop
  endfacet
  facet normal -0.496873 0.528386 0.688422
    outer loop
      vertex 91.4434 -94.7293 8.42074
      vertex 91.4434 -94.8525 8.5153
      vertex 91.613 -94.66 8.48996
    endloop
  endfacet
  facet normal 0.256757 0.126086 0.958216
    outer loop
      vertex 91.9979 -94.9575 8.71825
      vertex 91.9979 -95.15 8.74358
      vertex 92.187 -95.15 8.69291
    endloop
  endfacet
  facet normal 0.25684 0.126172 -0.958182
    outer loop
      vertex 92.187 -95.15 7.30709
      vertex 91.9979 -94.9575 7.28175
      vertex 92.187 -94.9707 7.3307
    endloop
  endfacet
  facet normal 0.496709 0.113308 -0.860489
    outer loop
      vertex 92.3566 -95.15 7.40499
      vertex 92.187 -95.15 7.30709
      vertex 92.187 -94.9707 7.3307
    endloop
  endfacet
  facet normal 0.864085 0.399247 -0.306528
    outer loop
      vertex 92.5929 -94.9014 7.85649
      vertex 92.495 -94.8272 7.67716
      vertex 92.495 -94.7546 7.77172
    endloop
  endfacet
  facet normal -0.864152 0.192596 0.464917
    outer loop
      vertex 91.305 -94.9217 8.3954
      vertex 91.2071 -95.0065 8.24856
      vertex 91.305 -95.0318 8.44101
    endloop
  endfacet
  facet normal 0.256559 0.892992 -0.369787
    outer loop
      vertex 92.187 -94.5499 7.65355
      vertex 91.9979 -94.4318 7.80755
      vertex 92.187 -94.4807 7.82066
    endloop
  endfacet
  facet normal 0.496814 0.528344 -0.688497
    outer loop
      vertex 92.3566 -94.8525 7.4847
      vertex 92.187 -94.8035 7.39992
      vertex 92.187 -94.66 7.51004
    endloop
  endfacet
  facet normal 0 0.382778 -0.92384
    outer loop
      vertex 91.8021 -94.9575 7.28175
      vertex 91.9979 -94.7782 7.35604
      vertex 91.9979 -94.9575 7.28175
    endloop
  endfacet
  facet normal 0 0.382778 -0.92384
    outer loop
      vertex 91.9979 -94.7782 7.35604
      vertex 91.8021 -94.9575 7.28175
      vertex 91.8021 -94.7782 7.35604
    endloop
  endfacet
  facet normal -0.864147 0.192618 0.464917
    outer loop
      vertex 91.2071 -95.0065 8.24856
      vertex 91.2071 -95.0757 8.27723
      vertex 91.305 -95.0318 8.44101
    endloop
  endfacet
  facet normal 0.496677 0.113319 0.860506
    outer loop
      vertex 92.3566 -94.996 8.57474
      vertex 92.187 -94.9707 8.6693
      vertex 92.3566 -95.15 8.59502
    endloop
  endfacet
  facet normal 0.864196 0.465036 -0.192114
    outer loop
      vertex 92.5929 -94.9014 7.85649
      vertex 92.495 -94.709 7.88183
      vertex 92.5929 -94.8728 7.92572
    endloop
  endfacet
  facet normal 0.704152 0.271726 0.656
    outer loop
      vertex 92.3566 -94.8525 8.5153
      vertex 92.3566 -94.996 8.57474
      vertex 92.495 -95.0318 8.44101
    endloop
  endfacet
  facet normal -0.496853 0.801861 0.331897
    outer loop
      vertex 91.4434 -94.5753 8.154
      vertex 91.4434 -94.6347 8.29751
      vertex 91.613 -94.4807 8.17934
    endloop
  endfacet
  facet normal -0.864145 0.0656808 -0.498937
    outer loop
      vertex 91.305 -95.15 7.54343
      vertex 91.2071 -95.15 7.71299
      vertex 91.305 -95.0318 7.55899
    endloop
  endfacet
  facet normal -0.704165 0.271745 -0.655977
    outer loop
      vertex 91.4434 -94.8525 7.4847
      vertex 91.305 -95.0318 7.55899
      vertex 91.305 -94.9217 7.6046
    endloop
  endfacet
  facet normal 0.864152 0.192596 -0.464917
    outer loop
      vertex 92.5929 -95.0065 7.75144
      vertex 92.495 -95.0318 7.55899
      vertex 92.495 -94.9217 7.6046
    endloop
  endfacet
  facet normal 0.965338 0.158957 -0.207017
    outer loop
      vertex 92.6436 -95.1011 7.91522
      vertex 92.5929 -95.0065 7.75144
      vertex 92.5929 -94.9471 7.79705
    endloop
  endfacet
  facet normal -0.704205 0.563185 -0.43234
    outer loop
      vertex 91.4434 -94.7293 7.57926
      vertex 91.305 -94.8272 7.67716
      vertex 91.4434 -94.6347 7.70249
    endloop
  endfacet
  facet normal -0.704123 0.70397 -0.0929334
    outer loop
      vertex 91.4434 -94.5753 7.846
      vertex 91.305 -94.709 7.88183
      vertex 91.305 -94.6934 8
    endloop
  endfacet
  facet normal -0.256899 0.958178 0.12609
    outer loop
      vertex 91.613 -94.4571 8
      vertex 91.613 -94.4807 8.17934
      vertex 91.8021 -94.4064 8
    endloop
  endfacet
  facet normal 0.256899 0.958178 -0.12609
    outer loop
      vertex 92.187 -94.4807 7.82066
      vertex 91.9979 -94.4064 8
      vertex 92.187 -94.4571 8
    endloop
  endfacet
  facet normal -0.256899 0.958178 -0.12609
    outer loop
      vertex 91.8021 -94.4064 8
      vertex 91.613 -94.4807 7.82066
      vertex 91.613 -94.4571 8
    endloop
  endfacet
  facet normal -0.496935 0.688348 -0.528425
    outer loop
      vertex 91.613 -94.66 7.51004
      vertex 91.4434 -94.7293 7.57926
      vertex 91.4434 -94.6347 7.70249
    endloop
  endfacet
  facet normal 0.256674 0.588372 -0.76677
    outer loop
      vertex 92.187 -94.66 7.51004
      vertex 91.9979 -94.7782 7.35604
      vertex 91.9979 -94.6242 7.47421
    endloop
  endfacet
  facet normal 0.496639 0.332155 -0.801887
    outer loop
      vertex 92.3566 -94.996 7.42526
      vertex 92.187 -94.9707 7.3307
      vertex 92.3566 -94.8525 7.4847
    endloop
  endfacet
  facet normal 0.256899 0.958178 0.12609
    outer loop
      vertex 92.187 -94.4571 8
      vertex 91.9979 -94.4064 8
      vertex 92.187 -94.4807 8.17934
    endloop
  endfacet
  facet normal 0.864187 0.498844 0.0658539
    outer loop
      vertex 92.495 -94.6934 8
      vertex 92.495 -94.709 8.11817
      vertex 92.5929 -94.863 8
    endloop
  endfacet
  facet normal -0.864149 0.306478 0.399148
    outer loop
      vertex 91.305 -94.8272 8.32284
      vertex 91.2071 -95.0065 8.24856
      vertex 91.305 -94.9217 8.3954
    endloop
  endfacet
  facet normal 0.965338 0.158957 0.207017
    outer loop
      vertex 92.5929 -94.9471 8.20295
      vertex 92.5929 -95.0065 8.24856
      vertex 92.6436 -95.1011 8.08478
    endloop
  endfacet
  facet normal 0.704175 0.0927018 0.703949
    outer loop
      vertex 92.3566 -94.996 8.57474
      vertex 92.3566 -95.15 8.59502
      vertex 92.495 -95.0318 8.44101
    endloop
  endfacet
  facet normal -0.965323 0.258815 -0.0341463
    outer loop
      vertex 91.2071 -94.8728 7.92572
      vertex 91.1564 -95.0521 8
      vertex 91.2071 -94.863 8
    endloop
  endfacet
  facet normal -0.704152 0.271726 -0.656
    outer loop
      vertex 91.4434 -94.996 7.42526
      vertex 91.305 -95.0318 7.55899
      vertex 91.4434 -94.8525 7.4847
    endloop
  endfacet
  facet normal 0.965338 0.0999206 -0.241117
    outer loop
      vertex 92.6436 -95.1247 7.90544
      vertex 92.5929 -95.0065 7.75144
      vertex 92.6436 -95.1011 7.91522
    endloop
  endfacet
  facet normal 0.704172 0.0926573 -0.703958
    outer loop
      vertex 92.495 -95.0318 7.55899
      vertex 92.3566 -95.15 7.40499
      vertex 92.3566 -94.996 7.42526
    endloop
  endfacet
  facet normal -0.86409 0.465043 0.192571
    outer loop
      vertex 91.305 -94.709 8.11817
      vertex 91.2071 -94.9014 8.14351
      vertex 91.305 -94.7546 8.22829
    endloop
  endfacet
  facet normal -0.704165 0.563168 0.432427
    outer loop
      vertex 91.305 -94.7546 8.22829
      vertex 91.305 -94.8272 8.32284
      vertex 91.4434 -94.6347 8.29751
    endloop
  endfacet
  facet normal -0.864091 0.399223 0.306542
    outer loop
      vertex 91.305 -94.7546 8.22829
      vertex 91.2071 -94.9014 8.14351
      vertex 91.305 -94.8272 8.32284
    endloop
  endfacet
  facet normal -0.496845 0.860421 -0.113226
    outer loop
      vertex 91.613 -94.4807 7.82066
      vertex 91.4434 -94.5753 7.846
      vertex 91.613 -94.4571 8
    endloop
  endfacet
  facet normal -0.704115 0.656062 0.271671
    outer loop
      vertex 91.305 -94.709 8.11817
      vertex 91.305 -94.7546 8.22829
      vertex 91.4434 -94.5753 8.154
    endloop
  endfacet
  facet normal -0.704171 0.656054 0.271546
    outer loop
      vertex 91.4434 -94.5753 8.154
      vertex 91.305 -94.7546 8.22829
      vertex 91.4434 -94.6347 8.29751
    endloop
  endfacet
  facet normal -0.704055 0.704055 0.0928072
    outer loop
      vertex 91.4434 -94.555 8
      vertex 91.305 -94.6934 8
      vertex 91.4434 -94.5753 8.154
    endloop
  endfacet
  facet normal -0.256647 0.5884 -0.766758
    outer loop
      vertex 91.8021 -94.7782 7.35604
      vertex 91.613 -94.8035 7.39992
      vertex 91.613 -94.66 7.51004
    endloop
  endfacet
  facet normal 0.256645 0.76683 -0.588307
    outer loop
      vertex 92.187 -94.66 7.51004
      vertex 91.9979 -94.6242 7.47421
      vertex 92.187 -94.5499 7.65355
    endloop
  endfacet
  facet normal 0.704165 0.271745 -0.655977
    outer loop
      vertex 92.495 -95.0318 7.55899
      vertex 92.3566 -94.8525 7.4847
      vertex 92.495 -94.9217 7.6046
    endloop
  endfacet
  facet normal 0.864147 0.192618 -0.464917
    outer loop
      vertex 92.5929 -95.0757 7.72277
      vertex 92.495 -95.0318 7.55899
      vertex 92.5929 -95.0065 7.75144
    endloop
  endfacet
  facet normal 0.704201 0.432294 -0.563226
    outer loop
      vertex 92.495 -94.8272 7.67716
      vertex 92.3566 -94.8525 7.4847
      vertex 92.3566 -94.7293 7.57926
    endloop
  endfacet
  facet normal 0.496873 0.528386 -0.688422
    outer loop
      vertex 92.3566 -94.8525 7.4847
      vertex 92.187 -94.66 7.51004
      vertex 92.3566 -94.7293 7.57926
    endloop
  endfacet
  facet normal 0.704134 0.43244 -0.563197
    outer loop
      vertex 92.495 -94.9217 7.6046
      vertex 92.3566 -94.8525 7.4847
      vertex 92.495 -94.8272 7.67716
    endloop
  endfacet
  facet normal 0.864149 0.306478 -0.399148
    outer loop
      vertex 92.5929 -95.0065 7.75144
      vertex 92.495 -94.9217 7.6046
      vertex 92.495 -94.8272 7.67716
    endloop
  endfacet
  facet normal 0.704123 0.70397 -0.0929334
    outer loop
      vertex 92.495 -94.709 7.88183
      vertex 92.3566 -94.5753 7.846
      vertex 92.495 -94.6934 8
    endloop
  endfacet
  facet normal 0.704205 0.563185 -0.43234
    outer loop
      vertex 92.495 -94.8272 7.67716
      vertex 92.3566 -94.7293 7.57926
      vertex 92.3566 -94.6347 7.70249
    endloop
  endfacet
  facet normal -0.256557 0.958219 0.126468
    outer loop
      vertex 91.8021 -94.4064 8
      vertex 91.613 -94.4807 8.17934
      vertex 91.8021 -94.4318 8.19245
    endloop
  endfacet
  facet normal -0.496935 0.688348 0.528425
    outer loop
      vertex 91.4434 -94.6347 8.29751
      vertex 91.4434 -94.7293 8.42074
      vertex 91.613 -94.66 8.48996
    endloop
  endfacet
  facet normal 0.704165 0.563168 0.432427
    outer loop
      vertex 92.495 -94.7546 8.22829
      vertex 92.3566 -94.6347 8.29751
      vertex 92.495 -94.8272 8.32284
    endloop
  endfacet
  facet normal -0.496873 0.528386 -0.688422
    outer loop
      vertex 91.613 -94.66 7.51004
      vertex 91.4434 -94.8525 7.4847
      vertex 91.4434 -94.7293 7.57926
    endloop
  endfacet
  facet normal -0.864149 0.306478 -0.399148
    outer loop
      vertex 91.305 -94.9217 7.6046
      vertex 91.2071 -95.0065 7.75144
      vertex 91.305 -94.8272 7.67716
    endloop
  endfacet
  facet normal 0.704152 0.271726 -0.656
    outer loop
      vertex 92.495 -95.0318 7.55899
      vertex 92.3566 -94.996 7.42526
      vertex 92.3566 -94.8525 7.4847
    endloop
  endfacet
  facet normal 0.965337 0.0999021 -0.241131
    outer loop
      vertex 92.6436 -95.1247 7.90544
      vertex 92.5929 -95.0757 7.72277
      vertex 92.5929 -95.0065 7.75144
    endloop
  endfacet
  facet normal 0.965333 0.0340642 -0.25879
    outer loop
      vertex 92.6436 -95.1247 7.90544
      vertex 92.5929 -95.15 7.71299
      vertex 92.5929 -95.0757 7.72277
    endloop
  endfacet
  facet normal 0.965315 0.241307 -0.0996879
    outer loop
      vertex 92.6436 -95.0554 7.97466
      vertex 92.5929 -94.9014 7.85649
      vertex 92.5929 -94.8728 7.92572
    endloop
  endfacet
  facet normal -0.704113 0.656055 -0.271693
    outer loop
      vertex 91.4434 -94.5753 7.846
      vertex 91.305 -94.7546 7.77172
      vertex 91.305 -94.709 7.88183
    endloop
  endfacet
  facet normal -0.864144 0.0656749 -0.498941
    outer loop
      vertex 91.305 -95.0318 7.55899
      vertex 91.2071 -95.15 7.71299
      vertex 91.2071 -95.0757 7.72277
    endloop
  endfacet
  facet normal -0.704201 0.432294 0.563226
    outer loop
      vertex 91.4434 -94.7293 8.42074
      vertex 91.305 -94.8272 8.32284
      vertex 91.4434 -94.8525 8.5153
    endloop
  endfacet
  facet normal -0.704205 0.563185 0.43234
    outer loop
      vertex 91.4434 -94.6347 8.29751
      vertex 91.305 -94.8272 8.32284
      vertex 91.4434 -94.7293 8.42074
    endloop
  endfacet
  facet normal -0.496677 0.113319 0.860506
    outer loop
      vertex 91.4434 -94.996 8.57474
      vertex 91.4434 -95.15 8.59502
      vertex 91.613 -94.9707 8.6693
    endloop
  endfacet
  facet normal -0.256833 0.893038 -0.369485
    outer loop
      vertex 91.8021 -94.506 7.62821
      vertex 91.613 -94.5499 7.65355
      vertex 91.8021 -94.4318 7.80755
    endloop
  endfacet
  facet normal -0.256557 0.958219 -0.126468
    outer loop
      vertex 91.8021 -94.4318 7.80755
      vertex 91.613 -94.4807 7.82066
      vertex 91.8021 -94.4064 8
    endloop
  endfacet
  facet normal -0.496853 0.801861 -0.331897
    outer loop
      vertex 91.613 -94.4807 7.82066
      vertex 91.4434 -94.6347 7.70249
      vertex 91.4434 -94.5753 7.846
    endloop
  endfacet
  facet normal -0.496845 0.860421 0.113226
    outer loop
      vertex 91.613 -94.4571 8
      vertex 91.4434 -94.5753 8.154
      vertex 91.613 -94.4807 8.17934
    endloop
  endfacet
  facet normal -0.496814 0.528344 0.688497
    outer loop
      vertex 91.613 -94.66 8.48996
      vertex 91.4434 -94.8525 8.5153
      vertex 91.613 -94.8035 8.60008
    endloop
  endfacet
  facet normal -0.496639 0.332155 -0.801887
    outer loop
      vertex 91.613 -94.9707 7.3307
      vertex 91.4434 -94.996 7.42526
      vertex 91.4434 -94.8525 7.4847
    endloop
  endfacet
  facet normal -0.704134 0.43244 -0.563197
    outer loop
      vertex 91.4434 -94.8525 7.4847
      vertex 91.305 -94.9217 7.6046
      vertex 91.305 -94.8272 7.67716
    endloop
  endfacet
  facet normal 0.256647 0.5884 -0.766758
    outer loop
      vertex 92.187 -94.8035 7.39992
      vertex 91.9979 -94.7782 7.35604
      vertex 92.187 -94.66 7.51004
    endloop
  endfacet
  facet normal -0.256757 0.126086 -0.958216
    outer loop
      vertex 91.8021 -95.15 7.25642
      vertex 91.613 -95.15 7.30709
      vertex 91.8021 -94.9575 7.28175
    endloop
  endfacet
  facet normal 0.256937 0.369927 -0.892825
    outer loop
      vertex 92.187 -94.9707 7.3307
      vertex 91.9979 -94.9575 7.28175
      vertex 91.9979 -94.7782 7.35604
    endloop
  endfacet
  facet normal 0 0.608767 -0.793349
    outer loop
      vertex 91.8021 -94.7782 7.35604
      vertex 91.9979 -94.6242 7.47421
      vertex 91.9979 -94.7782 7.35604
    endloop
  endfacet
  facet normal 0 0.608767 -0.793349
    outer loop
      vertex 91.9979 -94.6242 7.47421
      vertex 91.8021 -94.7782 7.35604
      vertex 91.8021 -94.6242 7.47421
    endloop
  endfacet
  facet normal -0.256645 0.76683 -0.588307
    outer loop
      vertex 91.8021 -94.6242 7.47421
      vertex 91.613 -94.66 7.51004
      vertex 91.613 -94.5499 7.65355
    endloop
  endfacet
  facet normal 0 0.991402 -0.130848
    outer loop
      vertex 91.9979 -94.4318 7.80755
      vertex 91.8021 -94.4064 8
      vertex 91.9979 -94.4064 8
    endloop
  endfacet
  facet normal 0 0.991402 -0.130848
    outer loop
      vertex 91.8021 -94.4064 8
      vertex 91.9979 -94.4318 7.80755
      vertex 91.8021 -94.4318 7.80755
    endloop
  endfacet
  facet normal 0.256833 0.893038 -0.369485
    outer loop
      vertex 92.187 -94.5499 7.65355
      vertex 91.9979 -94.506 7.62821
      vertex 91.9979 -94.4318 7.80755
    endloop
  endfacet
  facet normal -0.256757 0.126086 0.958216
    outer loop
      vertex 91.8021 -94.9575 8.71825
      vertex 91.613 -95.15 8.69291
      vertex 91.8021 -95.15 8.74358
    endloop
  endfacet
  facet normal 0.704201 0.432294 0.563226
    outer loop
      vertex 92.3566 -94.7293 8.42074
      vertex 92.3566 -94.8525 8.5153
      vertex 92.495 -94.8272 8.32284
    endloop
  endfacet
  facet normal 0.496762 0.801863 0.33203
    outer loop
      vertex 92.187 -94.4807 8.17934
      vertex 92.187 -94.5499 8.34646
      vertex 92.3566 -94.6347 8.29751
    endloop
  endfacet
  facet normal 0.496873 0.528386 0.688422
    outer loop
      vertex 92.3566 -94.7293 8.42074
      vertex 92.187 -94.66 8.48996
      vertex 92.3566 -94.8525 8.5153
    endloop
  endfacet
  facet normal 0.496639 0.332155 0.801887
    outer loop
      vertex 92.3566 -94.8525 8.5153
      vertex 92.187 -94.9707 8.6693
      vertex 92.3566 -94.996 8.57474
    endloop
  endfacet
  facet normal -0 0.13046 0.991454
    outer loop
      vertex 91.8021 -94.9575 8.71825
      vertex 91.9979 -95.15 8.74358
      vertex 91.9979 -94.9575 8.71825
    endloop
  endfacet
  facet normal 0 0.13046 0.991454
    outer loop
      vertex 91.9979 -95.15 8.74358
      vertex 91.8021 -94.9575 8.71825
      vertex 91.8021 -95.15 8.74358
    endloop
  endfacet
  facet normal -0 0.382778 0.92384
    outer loop
      vertex 91.8021 -94.7782 8.64396
      vertex 91.9979 -94.9575 8.71825
      vertex 91.9979 -94.7782 8.64396
    endloop
  endfacet
  facet normal 0 0.382778 0.92384
    outer loop
      vertex 91.9979 -94.9575 8.71825
      vertex 91.8021 -94.7782 8.64396
      vertex 91.8021 -94.9575 8.71825
    endloop
  endfacet
  facet normal 0 0.991402 0.130848
    outer loop
      vertex 91.9979 -94.4064 8
      vertex 91.8021 -94.4318 8.19245
      vertex 91.9979 -94.4318 8.19245
    endloop
  endfacet
  facet normal 0 0.991402 0.130848
    outer loop
      vertex 91.8021 -94.4318 8.19245
      vertex 91.9979 -94.4064 8
      vertex 91.8021 -94.4064 8
    endloop
  endfacet
  facet normal 0.704191 0.0926672 0.703937
    outer loop
      vertex 92.495 -95.0318 8.44101
      vertex 92.3566 -95.15 8.59502
      vertex 92.495 -95.15 8.45657
    endloop
  endfacet
  facet normal 0.965325 0.206878 0.159215
    outer loop
      vertex 92.6436 -95.0652 8.04895
      vertex 92.5929 -94.9014 8.14351
      vertex 92.6436 -95.0808 8.06922
    endloop
  endfacet
  facet normal 0.864091 0.399223 0.306542
    outer loop
      vertex 92.495 -94.7546 8.22829
      vertex 92.495 -94.8272 8.32284
      vertex 92.5929 -94.9014 8.14351
    endloop
  endfacet
  facet normal -0.704123 0.70397 0.0929334
    outer loop
      vertex 91.305 -94.6934 8
      vertex 91.305 -94.709 8.11817
      vertex 91.4434 -94.5753 8.154
    endloop
  endfacet
  facet normal -0.864147 0.192618 -0.464917
    outer loop
      vertex 91.305 -95.0318 7.55899
      vertex 91.2071 -95.0757 7.72277
      vertex 91.2071 -95.0065 7.75144
    endloop
  endfacet
  facet normal -0.864144 0.0656749 0.498941
    outer loop
      vertex 91.2071 -95.0757 8.27723
      vertex 91.2071 -95.15 8.28701
      vertex 91.305 -95.0318 8.44101
    endloop
  endfacet
  facet normal 0.864145 0.0656808 -0.498937
    outer loop
      vertex 92.5929 -95.15 7.71299
      vertex 92.495 -95.15 7.54343
      vertex 92.495 -95.0318 7.55899
    endloop
  endfacet
  facet normal 0.864144 0.0656749 -0.498941
    outer loop
      vertex 92.5929 -95.15 7.71299
      vertex 92.495 -95.0318 7.55899
      vertex 92.5929 -95.0757 7.72277
    endloop
  endfacet
  facet normal 0.704166 0.0926705 -0.703962
    outer loop
      vertex 92.495 -95.15 7.54343
      vertex 92.3566 -95.15 7.40499
      vertex 92.495 -95.0318 7.55899
    endloop
  endfacet
  facet normal 0.704115 0.656062 0.271671
    outer loop
      vertex 92.495 -94.709 8.11817
      vertex 92.3566 -94.5753 8.154
      vertex 92.495 -94.7546 8.22829
    endloop
  endfacet
  facet normal 0.864187 0.498844 -0.0658539
    outer loop
      vertex 92.5929 -94.863 8
      vertex 92.495 -94.709 7.88183
      vertex 92.495 -94.6934 8
    endloop
  endfacet
  facet normal 0.864086 0.465043 -0.192589
    outer loop
      vertex 92.5929 -94.9014 7.85649
      vertex 92.495 -94.7546 7.77172
      vertex 92.495 -94.709 7.88183
    endloop
  endfacet
  facet normal 0.496935 0.688348 -0.528425
    outer loop
      vertex 92.3566 -94.7293 7.57926
      vertex 92.187 -94.66 7.51004
      vertex 92.3566 -94.6347 7.70249
    endloop
  endfacet
  facet normal 0.864145 0.0656808 0.498937
    outer loop
      vertex 92.495 -95.0318 8.44101
      vertex 92.495 -95.15 8.45657
      vertex 92.5929 -95.15 8.28701
    endloop
  endfacet
  facet normal 0.965294 0.25898 -0.0337267
    outer loop
      vertex 92.6436 -95.0554 7.97466
      vertex 92.5929 -94.8728 7.92572
      vertex 92.6436 -95.0521 8
    endloop
  endfacet
  facet normal -0.864187 0.498844 0.0658539
    outer loop
      vertex 91.305 -94.6934 8
      vertex 91.2071 -94.863 8
      vertex 91.305 -94.709 8.11817
    endloop
  endfacet
  facet normal -0.864086 0.465043 -0.192589
    outer loop
      vertex 91.305 -94.7546 7.77172
      vertex 91.2071 -94.9014 7.85649
      vertex 91.305 -94.709 7.88183
    endloop
  endfacet
  facet normal -0.965337 0.0999021 -0.241131
    outer loop
      vertex 91.2071 -95.0757 7.72277
      vertex 91.1564 -95.1247 7.90544
      vertex 91.2071 -95.0065 7.75144
    endloop
  endfacet
  facet normal -0.496762 0.688567 0.528301
    outer loop
      vertex 91.613 -94.5499 8.34646
      vertex 91.4434 -94.6347 8.29751
      vertex 91.613 -94.66 8.48996
    endloop
  endfacet
  facet normal -0.256937 0.369927 0.892825
    outer loop
      vertex 91.8021 -94.7782 8.64396
      vertex 91.613 -94.9707 8.6693
      vertex 91.8021 -94.9575 8.71825
    endloop
  endfacet
  facet normal -0.86417 0.398923 0.306709
    outer loop
      vertex 91.2071 -94.9014 8.14351
      vertex 91.2071 -94.9471 8.20295
      vertex 91.305 -94.8272 8.32284
    endloop
  endfacet
  facet normal -0.965333 0.206929 0.159096
    outer loop
      vertex 91.2071 -94.9014 8.14351
      vertex 91.1564 -95.0808 8.06922
      vertex 91.2071 -94.9471 8.20295
    endloop
  endfacet
  facet normal -0.965333 0.206929 -0.159096
    outer loop
      vertex 91.2071 -94.9471 7.79705
      vertex 91.1564 -95.0808 7.93078
      vertex 91.2071 -94.9014 7.85649
    endloop
  endfacet
  facet normal -0.704183 0.563176 -0.432388
    outer loop
      vertex 91.4434 -94.6347 7.70249
      vertex 91.305 -94.8272 7.67716
      vertex 91.305 -94.7546 7.77172
    endloop
  endfacet
  facet normal -0.496702 0.860477 -0.113427
    outer loop
      vertex 91.613 -94.4571 8
      vertex 91.4434 -94.5753 7.846
      vertex 91.4434 -94.555 8
    endloop
  endfacet
  facet normal -0.704055 0.704055 -0.0928072
    outer loop
      vertex 91.4434 -94.5753 7.846
      vertex 91.305 -94.6934 8
      vertex 91.4434 -94.555 8
    endloop
  endfacet
  facet normal -0.496761 0.331977 -0.801885
    outer loop
      vertex 91.613 -94.9707 7.3307
      vertex 91.4434 -94.8525 7.4847
      vertex 91.613 -94.8035 7.39992
    endloop
  endfacet
  facet normal -0.256679 0.369696 -0.892996
    outer loop
      vertex 91.8021 -94.7782 7.35604
      vertex 91.613 -94.9707 7.3307
      vertex 91.613 -94.8035 7.39992
    endloop
  endfacet
  facet normal -0.864152 0.192596 -0.464917
    outer loop
      vertex 91.305 -95.0318 7.55899
      vertex 91.2071 -95.0065 7.75144
      vertex 91.305 -94.9217 7.6046
    endloop
  endfacet
  facet normal -0.704201 0.432294 -0.563226
    outer loop
      vertex 91.4434 -94.8525 7.4847
      vertex 91.305 -94.8272 7.67716
      vertex 91.4434 -94.7293 7.57926
    endloop
  endfacet
  facet normal 0 0.13046 -0.991454
    outer loop
      vertex 91.8021 -95.15 7.25642
      vertex 91.9979 -94.9575 7.28175
      vertex 91.9979 -95.15 7.25642
    endloop
  endfacet
  facet normal 0 0.13046 -0.991454
    outer loop
      vertex 91.9979 -94.9575 7.28175
      vertex 91.8021 -95.15 7.25642
      vertex 91.8021 -94.9575 7.28175
    endloop
  endfacet
  facet normal 0.496761 0.331977 -0.801885
    outer loop
      vertex 92.3566 -94.8525 7.4847
      vertex 92.187 -94.9707 7.3307
      vertex 92.187 -94.8035 7.39992
    endloop
  endfacet
  facet normal 0.256679 0.369696 -0.892996
    outer loop
      vertex 92.187 -94.9707 7.3307
      vertex 91.9979 -94.7782 7.35604
      vertex 92.187 -94.8035 7.39992
    endloop
  endfacet
  facet normal 0.256757 0.126086 -0.958216
    outer loop
      vertex 92.187 -95.15 7.30709
      vertex 91.9979 -95.15 7.25642
      vertex 91.9979 -94.9575 7.28175
    endloop
  endfacet
  facet normal -0.49674 0.688595 -0.528286
    outer loop
      vertex 91.613 -94.66 7.51004
      vertex 91.4434 -94.6347 7.70249
      vertex 91.613 -94.5499 7.65355
    endloop
  endfacet
  facet normal -0.496748 0.801863 -0.33205
    outer loop
      vertex 91.613 -94.5499 7.65355
      vertex 91.4434 -94.6347 7.70249
      vertex 91.613 -94.4807 7.82066
    endloop
  endfacet
  facet normal 0.256559 0.893 0.369768
    outer loop
      vertex 92.187 -94.4807 8.17934
      vertex 91.9979 -94.4318 8.19245
      vertex 92.187 -94.5499 8.34646
    endloop
  endfacet
  facet normal 0.256836 0.766664 -0.58844
    outer loop
      vertex 92.187 -94.5499 7.65355
      vertex 91.9979 -94.6242 7.47421
      vertex 91.9979 -94.506 7.62821
    endloop
  endfacet
  facet normal 0.704171 0.656054 0.271546
    outer loop
      vertex 92.3566 -94.5753 8.154
      vertex 92.3566 -94.6347 8.29751
      vertex 92.495 -94.7546 8.22829
    endloop
  endfacet
  facet normal 1 0 0
    outer loop
      vertex 92.6436 -95.0554 8.02534
      vertex 92.6436 -95.0554 7.97466
      vertex 92.6436 -95.0521 8
    endloop
  endfacet
  facet normal 1 0 0
    outer loop
      vertex 92.6436 -95.0652 8.04895
      vertex 92.6436 -95.0554 7.97466
      vertex 92.6436 -95.0554 8.02534
    endloop
  endfacet
  facet normal 1 0 0
    outer loop
      vertex 92.6436 -95.0652 8.04895
      vertex 92.6436 -95.0652 7.95105
      vertex 92.6436 -95.0554 7.97466
    endloop
  endfacet
  facet normal 1 0 0
    outer loop
      vertex 92.6436 -95.0808 8.06922
      vertex 92.6436 -95.0652 7.95105
      vertex 92.6436 -95.0652 8.04895
    endloop
  endfacet
  facet normal 1 0 0
    outer loop
      vertex 92.6436 -95.0808 8.06922
      vertex 92.6436 -95.0808 7.93078
      vertex 92.6436 -95.0652 7.95105
    endloop
  endfacet
  facet normal 1 0 0
    outer loop
      vertex 92.6436 -95.1011 8.08478
      vertex 92.6436 -95.0808 7.93078
      vertex 92.6436 -95.0808 8.06922
    endloop
  endfacet
  facet normal 1 0 0
    outer loop
      vertex 92.6436 -95.1011 8.08478
      vertex 92.6436 -95.1011 7.91522
      vertex 92.6436 -95.0808 7.93078
    endloop
  endfacet
  facet normal 1 0 0
    outer loop
      vertex 92.6436 -95.1247 8.09456
      vertex 92.6436 -95.1011 7.91522
      vertex 92.6436 -95.1011 8.08478
    endloop
  endfacet
  facet normal 1 0 0
    outer loop
      vertex 92.6436 -95.1247 8.09456
      vertex 92.6436 -95.1247 7.90544
      vertex 92.6436 -95.1011 7.91522
    endloop
  endfacet
  facet normal 1 0 0
    outer loop
      vertex 92.6436 -95.15 8.09789
      vertex 92.6436 -95.1247 7.90544
      vertex 92.6436 -95.1247 8.09456
    endloop
  endfacet
  facet normal 1 0 0
    outer loop
      vertex 92.6436 -95.1247 7.90544
      vertex 92.6436 -95.15 8.09789
      vertex 92.6436 -95.15 7.90211
    endloop
  endfacet
  facet normal -0.496761 0.331977 0.801885
    outer loop
      vertex 91.613 -94.8035 8.60008
      vertex 91.4434 -94.8525 8.5153
      vertex 91.613 -94.9707 8.6693
    endloop
  endfacet
  facet normal -0.496639 0.332155 0.801887
    outer loop
      vertex 91.4434 -94.8525 8.5153
      vertex 91.4434 -94.996 8.57474
      vertex 91.613 -94.9707 8.6693
    endloop
  endfacet
  facet normal 0.496814 0.528344 0.688497
    outer loop
      vertex 92.187 -94.66 8.48996
      vertex 92.187 -94.8035 8.60008
      vertex 92.3566 -94.8525 8.5153
    endloop
  endfacet
  facet normal 0.256937 0.369927 0.892825
    outer loop
      vertex 91.9979 -94.7782 8.64396
      vertex 91.9979 -94.9575 8.71825
      vertex 92.187 -94.9707 8.6693
    endloop
  endfacet
  facet normal -0.256559 0.893 0.369768
    outer loop
      vertex 91.613 -94.4807 8.17934
      vertex 91.613 -94.5499 8.34646
      vertex 91.8021 -94.4318 8.19245
    endloop
  endfacet
  facet normal -0.496762 0.801863 0.33203
    outer loop
      vertex 91.613 -94.4807 8.17934
      vertex 91.4434 -94.6347 8.29751
      vertex 91.613 -94.5499 8.34646
    endloop
  endfacet
  facet normal 0.965333 0.0340621 0.25879
    outer loop
      vertex 92.6436 -95.1247 8.09456
      vertex 92.5929 -95.15 8.28701
      vertex 92.6436 -95.15 8.09789
    endloop
  endfacet
  facet normal 0.496761 0.331977 0.801885
    outer loop
      vertex 92.187 -94.8035 8.60008
      vertex 92.187 -94.9707 8.6693
      vertex 92.3566 -94.8525 8.5153
    endloop
  endfacet
  facet normal 0.704205 0.563185 0.43234
    outer loop
      vertex 92.3566 -94.6347 8.29751
      vertex 92.3566 -94.7293 8.42074
      vertex 92.495 -94.8272 8.32284
    endloop
  endfacet
  facet normal -0.864085 0.399247 -0.306528
    outer loop
      vertex 91.305 -94.8272 7.67716
      vertex 91.2071 -94.9014 7.85649
      vertex 91.305 -94.7546 7.77172
    endloop
  endfacet
  facet normal -0.965294 0.25898 -0.0337267
    outer loop
      vertex 91.2071 -94.8728 7.92572
      vertex 91.1564 -95.0554 7.97466
      vertex 91.1564 -95.0521 8
    endloop
  endfacet
  facet normal -0.965337 0.0999021 0.241131
    outer loop
      vertex 91.2071 -95.0065 8.24856
      vertex 91.1564 -95.1247 8.09456
      vertex 91.2071 -95.0757 8.27723
    endloop
  endfacet
  facet normal 0.965333 0.0340621 -0.25879
    outer loop
      vertex 92.6436 -95.15 7.90211
      vertex 92.5929 -95.15 7.71299
      vertex 92.6436 -95.1247 7.90544
    endloop
  endfacet
  facet normal -0.704166 0.0926705 -0.703962
    outer loop
      vertex 91.4434 -95.15 7.40499
      vertex 91.305 -95.15 7.54343
      vertex 91.305 -95.0318 7.55899
    endloop
  endfacet
  facet normal -0.704172 0.0926573 -0.703958
    outer loop
      vertex 91.4434 -95.15 7.40499
      vertex 91.305 -95.0318 7.55899
      vertex 91.4434 -94.996 7.42526
    endloop
  endfacet
  facet normal 0.86415 0.30648 -0.399143
    outer loop
      vertex 92.5929 -95.0065 7.75144
      vertex 92.495 -94.8272 7.67716
      vertex 92.5929 -94.9471 7.79705
    endloop
  endfacet
  facet normal 0.86417 0.398923 -0.306709
    outer loop
      vertex 92.5929 -94.9471 7.79705
      vertex 92.495 -94.8272 7.67716
      vertex 92.5929 -94.9014 7.85649
    endloop
  endfacet
  facet normal 0.965315 0.241307 0.0996879
    outer loop
      vertex 92.5929 -94.8728 8.07428
      vertex 92.5929 -94.9014 8.14351
      vertex 92.6436 -95.0554 8.02534
    endloop
  endfacet
  facet normal 0.496702 0.860477 -0.113427
    outer loop
      vertex 92.3566 -94.5753 7.846
      vertex 92.187 -94.4571 8
      vertex 92.3566 -94.555 8
    endloop
  endfacet
  facet normal 0.704183 0.563176 -0.432388
    outer loop
      vertex 92.495 -94.8272 7.67716
      vertex 92.3566 -94.6347 7.70249
      vertex 92.495 -94.7546 7.77172
    endloop
  endfacet
  facet normal 0.704113 0.656055 -0.271693
    outer loop
      vertex 92.495 -94.7546 7.77172
      vertex 92.3566 -94.5753 7.846
      vertex 92.495 -94.709 7.88183
    endloop
  endfacet
  facet normal 0.965337 0.0999021 0.241131
    outer loop
      vertex 92.5929 -95.0065 8.24856
      vertex 92.5929 -95.0757 8.27723
      vertex 92.6436 -95.1247 8.09456
    endloop
  endfacet
  facet normal 0.864147 0.192618 0.464917
    outer loop
      vertex 92.5929 -95.0065 8.24856
      vertex 92.495 -95.0318 8.44101
      vertex 92.5929 -95.0757 8.27723
    endloop
  endfacet
  facet normal 0.86409 0.465043 0.192571
    outer loop
      vertex 92.495 -94.709 8.11817
      vertex 92.495 -94.7546 8.22829
      vertex 92.5929 -94.9014 8.14351
    endloop
  endfacet
  facet normal 0.704123 0.70397 0.0929334
    outer loop
      vertex 92.495 -94.6934 8
      vertex 92.3566 -94.5753 8.154
      vertex 92.495 -94.709 8.11817
    endloop
  endfacet
  facet normal 0.965323 0.258815 -0.0341463
    outer loop
      vertex 92.6436 -95.0521 8
      vertex 92.5929 -94.8728 7.92572
      vertex 92.5929 -94.863 8
    endloop
  endfacet
  facet normal 0.864177 0.498866 -0.0658169
    outer loop
      vertex 92.5929 -94.8728 7.92572
      vertex 92.495 -94.709 7.88183
      vertex 92.5929 -94.863 8
    endloop
  endfacet
  facet normal 0.965323 0.258815 0.0341463
    outer loop
      vertex 92.5929 -94.863 8
      vertex 92.5929 -94.8728 8.07428
      vertex 92.6436 -95.0521 8
    endloop
  endfacet
  facet normal 0.965294 0.25898 0.0337267
    outer loop
      vertex 92.6436 -95.0521 8
      vertex 92.5929 -94.8728 8.07428
      vertex 92.6436 -95.0554 8.02534
    endloop
  endfacet
  facet normal -0.864196 0.465036 -0.192114
    outer loop
      vertex 91.305 -94.709 7.88183
      vertex 91.2071 -94.9014 7.85649
      vertex 91.2071 -94.8728 7.92572
    endloop
  endfacet
  facet normal -0.864196 0.465036 0.192114
    outer loop
      vertex 91.2071 -94.8728 8.07428
      vertex 91.2071 -94.9014 8.14351
      vertex 91.305 -94.709 8.11817
    endloop
  endfacet
  facet normal -0.864177 0.498866 0.0658169
    outer loop
      vertex 91.2071 -94.863 8
      vertex 91.2071 -94.8728 8.07428
      vertex 91.305 -94.709 8.11817
    endloop
  endfacet
  facet normal -0.965338 0.158957 -0.207017
    outer loop
      vertex 91.2071 -95.0065 7.75144
      vertex 91.1564 -95.1011 7.91522
      vertex 91.2071 -94.9471 7.79705
    endloop
  endfacet
  facet normal -0.965325 0.206878 -0.159215
    outer loop
      vertex 91.2071 -94.9014 7.85649
      vertex 91.1564 -95.0808 7.93078
      vertex 91.1564 -95.0652 7.95105
    endloop
  endfacet
  facet normal -0.965294 0.25898 0.0337267
    outer loop
      vertex 91.1564 -95.0521 8
      vertex 91.1564 -95.0554 8.02534
      vertex 91.2071 -94.8728 8.07428
    endloop
  endfacet
  facet normal -0.965323 0.258815 0.0341463
    outer loop
      vertex 91.2071 -94.863 8
      vertex 91.1564 -95.0521 8
      vertex 91.2071 -94.8728 8.07428
    endloop
  endfacet
  facet normal 0.256646 0.76681 0.588333
    outer loop
      vertex 92.187 -94.5499 8.34646
      vertex 91.9979 -94.6242 8.52579
      vertex 92.187 -94.66 8.48996
    endloop
  endfacet
  facet normal -0.256807 0.76667 0.588444
    outer loop
      vertex 91.8021 -94.506 8.37179
      vertex 91.613 -94.5499 8.34646
      vertex 91.8021 -94.6242 8.52579
    endloop
  endfacet
  facet normal -0.86415 0.30648 0.399143
    outer loop
      vertex 91.2071 -94.9471 8.20295
      vertex 91.2071 -95.0065 8.24856
      vertex 91.305 -94.8272 8.32284
    endloop
  endfacet
  facet normal -0.704191 0.0926672 0.703937
    outer loop
      vertex 91.305 -95.0318 8.44101
      vertex 91.305 -95.15 8.45657
      vertex 91.4434 -95.15 8.59502
    endloop
  endfacet
  facet normal -0.864145 0.0656808 0.498937
    outer loop
      vertex 91.305 -95.0318 8.44101
      vertex 91.2071 -95.15 8.28701
      vertex 91.305 -95.15 8.45657
    endloop
  endfacet
  facet normal -0.496814 0.528344 -0.688497
    outer loop
      vertex 91.613 -94.8035 7.39992
      vertex 91.4434 -94.8525 7.4847
      vertex 91.613 -94.66 7.51004
    endloop
  endfacet
  facet normal -0.256937 0.369927 -0.892825
    outer loop
      vertex 91.8021 -94.9575 7.28175
      vertex 91.613 -94.9707 7.3307
      vertex 91.8021 -94.7782 7.35604
    endloop
  endfacet
  facet normal -0.496709 0.113308 -0.860489
    outer loop
      vertex 91.613 -95.15 7.30709
      vertex 91.4434 -95.15 7.40499
      vertex 91.613 -94.9707 7.3307
    endloop
  endfacet
  facet normal -0.496674 0.113264 -0.860515
    outer loop
      vertex 91.613 -94.9707 7.3307
      vertex 91.4434 -95.15 7.40499
      vertex 91.4434 -94.996 7.42526
    endloop
  endfacet
  facet normal -0.965333 0.0340642 -0.25879
    outer loop
      vertex 91.2071 -95.15 7.71299
      vertex 91.1564 -95.1247 7.90544
      vertex 91.2071 -95.0757 7.72277
    endloop
  endfacet
  facet normal -0.965333 0.0340621 -0.25879
    outer loop
      vertex 91.2071 -95.15 7.71299
      vertex 91.1564 -95.15 7.90211
      vertex 91.1564 -95.1247 7.90544
    endloop
  endfacet
  facet normal -0.256559 0.892992 -0.369787
    outer loop
      vertex 91.8021 -94.4318 7.80755
      vertex 91.613 -94.5499 7.65355
      vertex 91.613 -94.4807 7.82066
    endloop
  endfacet
  facet normal -0.256836 0.766664 -0.58844
    outer loop
      vertex 91.8021 -94.6242 7.47421
      vertex 91.613 -94.5499 7.65355
      vertex 91.8021 -94.506 7.62821
    endloop
  endfacet
  facet normal 0.256557 0.958219 -0.126468
    outer loop
      vertex 92.187 -94.4807 7.82066
      vertex 91.9979 -94.4318 7.80755
      vertex 91.9979 -94.4064 8
    endloop
  endfacet
  facet normal 0.704055 0.704055 -0.0928072
    outer loop
      vertex 92.495 -94.6934 8
      vertex 92.3566 -94.5753 7.846
      vertex 92.3566 -94.555 8
    endloop
  endfacet
  facet normal 0.496845 0.860421 -0.113226
    outer loop
      vertex 92.3566 -94.5753 7.846
      vertex 92.187 -94.4807 7.82066
      vertex 92.187 -94.4571 8
    endloop
  endfacet
  facet normal 0.256674 0.588372 0.76677
    outer loop
      vertex 91.9979 -94.6242 8.52579
      vertex 91.9979 -94.7782 8.64396
      vertex 92.187 -94.66 8.48996
    endloop
  endfacet
  facet normal 0.496762 0.688567 0.528301
    outer loop
      vertex 92.187 -94.5499 8.34646
      vertex 92.187 -94.66 8.48996
      vertex 92.3566 -94.6347 8.29751
    endloop
  endfacet
  facet normal 0.496845 0.860421 0.113226
    outer loop
      vertex 92.187 -94.4571 8
      vertex 92.187 -94.4807 8.17934
      vertex 92.3566 -94.5753 8.154
    endloop
  endfacet
  facet normal 0.496853 0.801861 0.331897
    outer loop
      vertex 92.3566 -94.5753 8.154
      vertex 92.187 -94.4807 8.17934
      vertex 92.3566 -94.6347 8.29751
    endloop
  endfacet
  facet normal -0.25684 0.126172 0.958182
    outer loop
      vertex 91.613 -94.9707 8.6693
      vertex 91.613 -95.15 8.69291
      vertex 91.8021 -94.9575 8.71825
    endloop
  endfacet
  facet normal -0.496671 0.113311 0.860511
    outer loop
      vertex 91.613 -94.9707 8.6693
      vertex 91.4434 -95.15 8.59502
      vertex 91.613 -95.15 8.69291
    endloop
  endfacet
  facet normal -0 0.608767 0.793349
    outer loop
      vertex 91.8021 -94.6242 8.52579
      vertex 91.9979 -94.7782 8.64396
      vertex 91.9979 -94.6242 8.52579
    endloop
  endfacet
  facet normal 0 0.608767 0.793349
    outer loop
      vertex 91.9979 -94.7782 8.64396
      vertex 91.8021 -94.6242 8.52579
      vertex 91.8021 -94.7782 8.64396
    endloop
  endfacet
  facet normal -0.256674 0.588372 0.76677
    outer loop
      vertex 91.8021 -94.6242 8.52579
      vertex 91.613 -94.66 8.48996
      vertex 91.8021 -94.7782 8.64396
    endloop
  endfacet
  facet normal -0.256646 0.76681 0.588333
    outer loop
      vertex 91.613 -94.5499 8.34646
      vertex 91.613 -94.66 8.48996
      vertex 91.8021 -94.6242 8.52579
    endloop
  endfacet
  facet normal -0.256815 0.893043 0.369487
    outer loop
      vertex 91.8021 -94.4318 8.19245
      vertex 91.613 -94.5499 8.34646
      vertex 91.8021 -94.506 8.37179
    endloop
  endfacet
  facet normal 0.256647 0.5884 0.766758
    outer loop
      vertex 92.187 -94.66 8.48996
      vertex 91.9979 -94.7782 8.64396
      vertex 92.187 -94.8035 8.60008
    endloop
  endfacet
  facet normal 0.256679 0.369696 0.892996
    outer loop
      vertex 92.187 -94.8035 8.60008
      vertex 91.9979 -94.7782 8.64396
      vertex 92.187 -94.9707 8.6693
    endloop
  endfacet
  facet normal 0.864152 0.192596 0.464917
    outer loop
      vertex 92.495 -94.9217 8.3954
      vertex 92.495 -95.0318 8.44101
      vertex 92.5929 -95.0065 8.24856
    endloop
  endfacet
  facet normal 0.864149 0.306478 0.399148
    outer loop
      vertex 92.495 -94.8272 8.32284
      vertex 92.495 -94.9217 8.3954
      vertex 92.5929 -95.0065 8.24856
    endloop
  endfacet
  facet normal -0.864177 0.498866 -0.0658169
    outer loop
      vertex 91.305 -94.709 7.88183
      vertex 91.2071 -94.8728 7.92572
      vertex 91.2071 -94.863 8
    endloop
  endfacet
  facet normal -0.864187 0.498844 -0.0658539
    outer loop
      vertex 91.305 -94.709 7.88183
      vertex 91.2071 -94.863 8
      vertex 91.305 -94.6934 8
    endloop
  endfacet
  facet normal -0.965333 0.0340642 0.25879
    outer loop
      vertex 91.2071 -95.0757 8.27723
      vertex 91.1564 -95.1247 8.09456
      vertex 91.2071 -95.15 8.28701
    endloop
  endfacet
  facet normal 0.965323 0.158816 -0.207195
    outer loop
      vertex 92.6436 -95.1011 7.91522
      vertex 92.5929 -94.9471 7.79705
      vertex 92.6436 -95.0808 7.93078
    endloop
  endfacet
  facet normal 0.965333 0.206929 -0.159096
    outer loop
      vertex 92.6436 -95.0808 7.93078
      vertex 92.5929 -94.9471 7.79705
      vertex 92.5929 -94.9014 7.85649
    endloop
  endfacet
  facet normal 0.49674 0.688595 -0.528286
    outer loop
      vertex 92.3566 -94.6347 7.70249
      vertex 92.187 -94.66 7.51004
      vertex 92.187 -94.5499 7.65355
    endloop
  endfacet
  facet normal 0.496748 0.801863 -0.33205
    outer loop
      vertex 92.3566 -94.6347 7.70249
      vertex 92.187 -94.5499 7.65355
      vertex 92.187 -94.4807 7.82066
    endloop
  endfacet
  facet normal 0.965323 0.158816 0.207195
    outer loop
      vertex 92.6436 -95.0808 8.06922
      vertex 92.5929 -94.9471 8.20295
      vertex 92.6436 -95.1011 8.08478
    endloop
  endfacet
  facet normal 0.965338 0.0999206 0.241117
    outer loop
      vertex 92.6436 -95.1011 8.08478
      vertex 92.5929 -95.0065 8.24856
      vertex 92.6436 -95.1247 8.09456
    endloop
  endfacet
  facet normal 0.965333 0.206929 0.159096
    outer loop
      vertex 92.5929 -94.9014 8.14351
      vertex 92.5929 -94.9471 8.20295
      vertex 92.6436 -95.0808 8.06922
    endloop
  endfacet
  facet normal 0.86417 0.398923 0.306709
    outer loop
      vertex 92.5929 -94.9014 8.14351
      vertex 92.495 -94.8272 8.32284
      vertex 92.5929 -94.9471 8.20295
    endloop
  endfacet
  facet normal 0.864144 0.0656749 0.498941
    outer loop
      vertex 92.5929 -95.0757 8.27723
      vertex 92.495 -95.0318 8.44101
      vertex 92.5929 -95.15 8.28701
    endloop
  endfacet
  facet normal 0.965333 0.0340642 0.25879
    outer loop
      vertex 92.5929 -95.0757 8.27723
      vertex 92.5929 -95.15 8.28701
      vertex 92.6436 -95.1247 8.09456
    endloop
  endfacet
  facet normal 0.864177 0.498866 0.0658169
    outer loop
      vertex 92.5929 -94.863 8
      vertex 92.495 -94.709 8.11817
      vertex 92.5929 -94.8728 8.07428
    endloop
  endfacet
  facet normal 0.864196 0.465036 0.192114
    outer loop
      vertex 92.5929 -94.8728 8.07428
      vertex 92.495 -94.709 8.11817
      vertex 92.5929 -94.9014 8.14351
    endloop
  endfacet
  facet normal 0.965345 0.241039 0.10005
    outer loop
      vertex 92.6436 -95.0554 8.02534
      vertex 92.5929 -94.9014 8.14351
      vertex 92.6436 -95.0652 8.04895
    endloop
  endfacet
  facet normal -0.86417 0.398923 -0.306709
    outer loop
      vertex 91.305 -94.8272 7.67716
      vertex 91.2071 -94.9471 7.79705
      vertex 91.2071 -94.9014 7.85649
    endloop
  endfacet
  facet normal -0.86415 0.30648 -0.399143
    outer loop
      vertex 91.305 -94.8272 7.67716
      vertex 91.2071 -95.0065 7.75144
      vertex 91.2071 -94.9471 7.79705
    endloop
  endfacet
  facet normal -0.965315 0.241307 -0.0996879
    outer loop
      vertex 91.2071 -94.9014 7.85649
      vertex 91.1564 -95.0554 7.97466
      vertex 91.2071 -94.8728 7.92572
    endloop
  endfacet
  facet normal -0.965345 0.241039 -0.10005
    outer loop
      vertex 91.2071 -94.9014 7.85649
      vertex 91.1564 -95.0652 7.95105
      vertex 91.1564 -95.0554 7.97466
    endloop
  endfacet
  facet normal -0.965345 0.241039 0.10005
    outer loop
      vertex 91.1564 -95.0554 8.02534
      vertex 91.1564 -95.0652 8.04895
      vertex 91.2071 -94.9014 8.14351
    endloop
  endfacet
  facet normal -0.965315 0.241307 0.0996879
    outer loop
      vertex 91.2071 -94.8728 8.07428
      vertex 91.1564 -95.0554 8.02534
      vertex 91.2071 -94.9014 8.14351
    endloop
  endfacet
  facet normal 0.256815 0.893043 0.369487
    outer loop
      vertex 91.9979 -94.4318 8.19245
      vertex 91.9979 -94.506 8.37179
      vertex 92.187 -94.5499 8.34646
    endloop
  endfacet
  facet normal 0 0.793275 0.608864
    outer loop
      vertex 91.9979 -94.506 8.37179
      vertex 91.8021 -94.6242 8.52579
      vertex 91.9979 -94.6242 8.52579
    endloop
  endfacet
  facet normal 0 0.793275 0.608864
    outer loop
      vertex 91.8021 -94.6242 8.52579
      vertex 91.9979 -94.506 8.37179
      vertex 91.8021 -94.506 8.37179
    endloop
  endfacet
  facet normal -0.704152 0.271726 0.656
    outer loop
      vertex 91.4434 -94.8525 8.5153
      vertex 91.305 -95.0318 8.44101
      vertex 91.4434 -94.996 8.57474
    endloop
  endfacet
  facet normal -0.704175 0.0927018 0.703949
    outer loop
      vertex 91.4434 -94.996 8.57474
      vertex 91.305 -95.0318 8.44101
      vertex 91.4434 -95.15 8.59502
    endloop
  endfacet
  facet normal -0.704165 0.271745 0.655977
    outer loop
      vertex 91.305 -94.9217 8.3954
      vertex 91.305 -95.0318 8.44101
      vertex 91.4434 -94.8525 8.5153
    endloop
  endfacet
  facet normal -0.704134 0.43244 0.563197
    outer loop
      vertex 91.305 -94.8272 8.32284
      vertex 91.305 -94.9217 8.3954
      vertex 91.4434 -94.8525 8.5153
    endloop
  endfacet
  facet normal -0.965338 0.0999206 -0.241117
    outer loop
      vertex 91.2071 -95.0065 7.75144
      vertex 91.1564 -95.1247 7.90544
      vertex 91.1564 -95.1011 7.91522
    endloop
  endfacet
  facet normal 0 0.924034 -0.382309
    outer loop
      vertex 91.9979 -94.506 7.62821
      vertex 91.8021 -94.4318 7.80755
      vertex 91.9979 -94.4318 7.80755
    endloop
  endfacet
  facet normal 0 0.924034 -0.382309
    outer loop
      vertex 91.8021 -94.4318 7.80755
      vertex 91.9979 -94.506 7.62821
      vertex 91.8021 -94.506 7.62821
    endloop
  endfacet
  facet normal 0 0.793275 -0.608864
    outer loop
      vertex 91.9979 -94.6242 7.47421
      vertex 91.8021 -94.506 7.62821
      vertex 91.9979 -94.506 7.62821
    endloop
  endfacet
  facet normal 0 0.793275 -0.608864
    outer loop
      vertex 91.8021 -94.506 7.62821
      vertex 91.9979 -94.6242 7.47421
      vertex 91.8021 -94.6242 7.47421
    endloop
  endfacet
  facet normal 0.704181 0.656044 -0.271542
    outer loop
      vertex 92.495 -94.7546 7.77172
      vertex 92.3566 -94.6347 7.70249
      vertex 92.3566 -94.5753 7.846
    endloop
  endfacet
  facet normal 0.496853 0.801861 -0.331897
    outer loop
      vertex 92.3566 -94.6347 7.70249
      vertex 92.187 -94.4807 7.82066
      vertex 92.3566 -94.5753 7.846
    endloop
  endfacet
  facet normal -0.256679 0.369696 0.892996
    outer loop
      vertex 91.613 -94.8035 8.60008
      vertex 91.613 -94.9707 8.6693
      vertex 91.8021 -94.7782 8.64396
    endloop
  endfacet
  facet normal -0.256647 0.5884 0.766758
    outer loop
      vertex 91.613 -94.66 8.48996
      vertex 91.613 -94.8035 8.60008
      vertex 91.8021 -94.7782 8.64396
    endloop
  endfacet
  facet normal 0 0.924034 0.382309
    outer loop
      vertex 91.9979 -94.4318 8.19245
      vertex 91.8021 -94.506 8.37179
      vertex 91.9979 -94.506 8.37179
    endloop
  endfacet
  facet normal 0 0.924034 0.382309
    outer loop
      vertex 91.8021 -94.506 8.37179
      vertex 91.9979 -94.4318 8.19245
      vertex 91.8021 -94.4318 8.19245
    endloop
  endfacet
  facet normal 0.704165 0.271745 0.655977
    outer loop
      vertex 92.495 -94.9217 8.3954
      vertex 92.3566 -94.8525 8.5153
      vertex 92.495 -95.0318 8.44101
    endloop
  endfacet
  facet normal 0.704134 0.43244 0.563197
    outer loop
      vertex 92.495 -94.8272 8.32284
      vertex 92.3566 -94.8525 8.5153
      vertex 92.495 -94.9217 8.3954
    endloop
  endfacet
  facet normal -0.965338 0.0999206 0.241117
    outer loop
      vertex 91.1564 -95.1011 8.08478
      vertex 91.1564 -95.1247 8.09456
      vertex 91.2071 -95.0065 8.24856
    endloop
  endfacet
  facet normal -0.965338 0.158957 0.207017
    outer loop
      vertex 91.2071 -94.9471 8.20295
      vertex 91.1564 -95.1011 8.08478
      vertex 91.2071 -95.0065 8.24856
    endloop
  endfacet
  facet normal -1 0 0
    outer loop
      vertex 91.1564 -95.0554 7.97466
      vertex 91.1564 -95.0554 8.02534
      vertex 91.1564 -95.0521 8
    endloop
  endfacet
  facet normal -1 0 0
    outer loop
      vertex 91.1564 -95.0652 7.95105
      vertex 91.1564 -95.0554 8.02534
      vertex 91.1564 -95.0554 7.97466
    endloop
  endfacet
  facet normal -1 0 0
    outer loop
      vertex 91.1564 -95.0652 7.95105
      vertex 91.1564 -95.0652 8.04895
      vertex 91.1564 -95.0554 8.02534
    endloop
  endfacet
  facet normal -1 0 0
    outer loop
      vertex 91.1564 -95.0808 7.93078
      vertex 91.1564 -95.0652 8.04895
      vertex 91.1564 -95.0652 7.95105
    endloop
  endfacet
  facet normal -1 0 0
    outer loop
      vertex 91.1564 -95.0808 7.93078
      vertex 91.1564 -95.0808 8.06922
      vertex 91.1564 -95.0652 8.04895
    endloop
  endfacet
  facet normal -1 0 0
    outer loop
      vertex 91.1564 -95.1011 7.91522
      vertex 91.1564 -95.0808 8.06922
      vertex 91.1564 -95.0808 7.93078
    endloop
  endfacet
  facet normal -1 0 0
    outer loop
      vertex 91.1564 -95.1011 7.91522
      vertex 91.1564 -95.1011 8.08478
      vertex 91.1564 -95.0808 8.06922
    endloop
  endfacet
  facet normal -1 0 0
    outer loop
      vertex 91.1564 -95.1247 7.90544
      vertex 91.1564 -95.1011 8.08478
      vertex 91.1564 -95.1011 7.91522
    endloop
  endfacet
  facet normal -1 0 0
    outer loop
      vertex 91.1564 -95.1247 7.90544
      vertex 91.1564 -95.1247 8.09456
      vertex 91.1564 -95.1011 8.08478
    endloop
  endfacet
  facet normal -1 0 0
    outer loop
      vertex 91.1564 -95.15 7.90211
      vertex 91.1564 -95.1247 8.09456
      vertex 91.1564 -95.1247 7.90544
    endloop
  endfacet
  facet normal -1 -0 0
    outer loop
      vertex 91.1564 -95.1247 8.09456
      vertex 91.1564 -95.15 7.90211
      vertex 91.1564 -95.15 8.09789
    endloop
  endfacet
  facet normal 0.965325 0.206878 -0.159215
    outer loop
      vertex 92.6436 -95.0808 7.93078
      vertex 92.5929 -94.9014 7.85649
      vertex 92.6436 -95.0652 7.95105
    endloop
  endfacet
  facet normal -0.965323 0.158816 -0.207195
    outer loop
      vertex 91.2071 -94.9471 7.79705
      vertex 91.1564 -95.1011 7.91522
      vertex 91.1564 -95.0808 7.93078
    endloop
  endfacet
  facet normal 0.256807 0.76667 0.588444
    outer loop
      vertex 91.9979 -94.506 8.37179
      vertex 91.9979 -94.6242 8.52579
      vertex 92.187 -94.5499 8.34646
    endloop
  endfacet
  facet normal 0.496702 0.860477 0.113427
    outer loop
      vertex 92.3566 -94.555 8
      vertex 92.187 -94.4571 8
      vertex 92.3566 -94.5753 8.154
    endloop
  endfacet
  facet normal 0.704055 0.704055 0.0928072
    outer loop
      vertex 92.3566 -94.555 8
      vertex 92.3566 -94.5753 8.154
      vertex 92.495 -94.6934 8
    endloop
  endfacet
  facet normal -0.965323 0.158816 0.207195
    outer loop
      vertex 91.1564 -95.0808 8.06922
      vertex 91.1564 -95.1011 8.08478
      vertex 91.2071 -94.9471 8.20295
    endloop
  endfacet
  facet normal -0.965333 0.0340621 0.25879
    outer loop
      vertex 91.1564 -95.1247 8.09456
      vertex 91.1564 -95.15 8.09789
      vertex 91.2071 -95.15 8.28701
    endloop
  endfacet
  facet normal 0.864147 -0.192618 -0.464917
    outer loop
      vertex 92.5929 -36.1935 7.75144
      vertex 92.495 -36.1682 7.55899
      vertex 92.5929 -36.1243 7.72277
    endloop
  endfacet
  facet normal -0.496639 -0.332155 -0.801887
    outer loop
      vertex 91.613 -36.2293 7.3307
      vertex 91.4434 -36.3475 7.4847
      vertex 91.4434 -36.204 7.42526
    endloop
  endfacet
  facet normal 0 -0.13046 -0.991454
    outer loop
      vertex 91.8021 -36.2425 7.28175
      vertex 91.9979 -36.05 7.25642
      vertex 91.9979 -36.2425 7.28175
    endloop
  endfacet
  facet normal -0 -0.13046 -0.991454
    outer loop
      vertex 91.9979 -36.05 7.25642
      vertex 91.8021 -36.2425 7.28175
      vertex 91.8021 -36.05 7.25642
    endloop
  endfacet
  facet normal 0.704183 -0.563176 -0.432388
    outer loop
      vertex 92.495 -36.4454 7.77172
      vertex 92.3566 -36.5653 7.70249
      vertex 92.495 -36.3728 7.67716
    endloop
  endfacet
  facet normal -0.496853 -0.801861 -0.331897
    outer loop
      vertex 91.613 -36.7193 7.82066
      vertex 91.4434 -36.6247 7.846
      vertex 91.4434 -36.5653 7.70249
    endloop
  endfacet
  facet normal -0.256937 -0.369927 -0.892825
    outer loop
      vertex 91.8021 -36.4218 7.35604
      vertex 91.613 -36.2293 7.3307
      vertex 91.8021 -36.2425 7.28175
    endloop
  endfacet
  facet normal -0.864187 -0.498844 -0.0658539
    outer loop
      vertex 91.305 -36.5066 8
      vertex 91.2071 -36.337 8
      vertex 91.305 -36.491 7.88183
    endloop
  endfacet
  facet normal 0.965345 -0.241039 0.10005
    outer loop
      vertex 92.6436 -36.1348 8.04895
      vertex 92.5929 -36.2986 8.14351
      vertex 92.6436 -36.1446 8.02534
    endloop
  endfacet
  facet normal 0.256757 -0.126086 0.958216
    outer loop
      vertex 91.9979 -36.05 8.74358
      vertex 91.9979 -36.2425 8.71825
      vertex 92.187 -36.05 8.69291
    endloop
  endfacet
  facet normal 0.256807 -0.76667 0.588444
    outer loop
      vertex 91.9979 -36.5758 8.52579
      vertex 91.9979 -36.694 8.37179
      vertex 92.187 -36.6501 8.34646
    endloop
  endfacet
  facet normal -0.704055 -0.704055 0.0928072
    outer loop
      vertex 91.4434 -36.6247 8.154
      vertex 91.305 -36.5066 8
      vertex 91.4434 -36.645 8
    endloop
  endfacet
  facet normal -0.496873 -0.528386 -0.688422
    outer loop
      vertex 91.613 -36.54 7.51004
      vertex 91.4434 -36.4707 7.57926
      vertex 91.4434 -36.3475 7.4847
    endloop
  endfacet
  facet normal 0.496814 -0.528344 0.688497
    outer loop
      vertex 92.187 -36.3965 8.60008
      vertex 92.187 -36.54 8.48996
      vertex 92.3566 -36.3475 8.5153
    endloop
  endfacet
  facet normal -0.965337 -0.0999021 -0.241131
    outer loop
      vertex 91.2071 -36.1935 7.75144
      vertex 91.1564 -36.0753 7.90544
      vertex 91.2071 -36.1243 7.72277
    endloop
  endfacet
  facet normal 0.256645 -0.76683 -0.588307
    outer loop
      vertex 92.187 -36.6501 7.65355
      vertex 91.9979 -36.5758 7.47421
      vertex 92.187 -36.54 7.51004
    endloop
  endfacet
  facet normal 0.704055 -0.704055 -0.0928072
    outer loop
      vertex 92.495 -36.5066 8
      vertex 92.3566 -36.645 8
      vertex 92.3566 -36.6247 7.846
    endloop
  endfacet
  facet normal -0.965323 -0.158816 0.207195
    outer loop
      vertex 91.1564 -36.0989 8.08478
      vertex 91.1564 -36.1192 8.06922
      vertex 91.2071 -36.2529 8.20295
    endloop
  endfacet
  facet normal 0.25684 -0.126172 0.958182
    outer loop
      vertex 92.187 -36.05 8.69291
      vertex 91.9979 -36.2425 8.71825
      vertex 92.187 -36.2293 8.6693
    endloop
  endfacet
  facet normal -0.864145 -0.0656808 0.498937
    outer loop
      vertex 91.305 -36.05 8.45657
      vertex 91.2071 -36.05 8.28701
      vertex 91.305 -36.1682 8.44101
    endloop
  endfacet
  facet normal 0.256833 -0.893038 -0.369485
    outer loop
      vertex 92.187 -36.6501 7.65355
      vertex 91.9979 -36.7682 7.80755
      vertex 91.9979 -36.694 7.62821
    endloop
  endfacet
  facet normal 0.496639 -0.332155 -0.801887
    outer loop
      vertex 92.3566 -36.3475 7.4847
      vertex 92.187 -36.2293 7.3307
      vertex 92.3566 -36.204 7.42526
    endloop
  endfacet
  facet normal 0 -0.382778 -0.92384
    outer loop
      vertex 91.8021 -36.4218 7.35604
      vertex 91.9979 -36.2425 7.28175
      vertex 91.9979 -36.4218 7.35604
    endloop
  endfacet
  facet normal -0 -0.382778 -0.92384
    outer loop
      vertex 91.9979 -36.2425 7.28175
      vertex 91.8021 -36.4218 7.35604
      vertex 91.8021 -36.2425 7.28175
    endloop
  endfacet
  facet normal 0.49674 -0.688595 -0.528286
    outer loop
      vertex 92.3566 -36.5653 7.70249
      vertex 92.187 -36.6501 7.65355
      vertex 92.187 -36.54 7.51004
    endloop
  endfacet
  facet normal 0 -0.13046 0.991454
    outer loop
      vertex 91.8021 -36.05 8.74358
      vertex 91.9979 -36.2425 8.71825
      vertex 91.9979 -36.05 8.74358
    endloop
  endfacet
  facet normal 0 -0.13046 0.991454
    outer loop
      vertex 91.9979 -36.2425 8.71825
      vertex 91.8021 -36.05 8.74358
      vertex 91.8021 -36.2425 8.71825
    endloop
  endfacet
  facet normal -0.496761 -0.331977 -0.801885
    outer loop
      vertex 91.613 -36.3965 7.39992
      vertex 91.4434 -36.3475 7.4847
      vertex 91.613 -36.2293 7.3307
    endloop
  endfacet
  facet normal 0.496845 -0.860421 0.113226
    outer loop
      vertex 92.187 -36.7193 8.17934
      vertex 92.187 -36.7429 8
      vertex 92.3566 -36.6247 8.154
    endloop
  endfacet
  facet normal 0.256937 -0.369927 0.892825
    outer loop
      vertex 91.9979 -36.2425 8.71825
      vertex 91.9979 -36.4218 8.64396
      vertex 92.187 -36.2293 8.6693
    endloop
  endfacet
  facet normal 0.704152 -0.271726 0.656
    outer loop
      vertex 92.3566 -36.204 8.57474
      vertex 92.3566 -36.3475 8.5153
      vertex 92.495 -36.1682 8.44101
    endloop
  endfacet
  facet normal 0.256674 -0.588372 0.76677
    outer loop
      vertex 91.9979 -36.4218 8.64396
      vertex 91.9979 -36.5758 8.52579
      vertex 92.187 -36.54 8.48996
    endloop
  endfacet
  facet normal -0.496935 -0.688348 0.528425
    outer loop
      vertex 91.4434 -36.4707 8.42074
      vertex 91.4434 -36.5653 8.29751
      vertex 91.613 -36.54 8.48996
    endloop
  endfacet
  facet normal -0.704205 -0.563185 0.43234
    outer loop
      vertex 91.4434 -36.4707 8.42074
      vertex 91.305 -36.3728 8.32284
      vertex 91.4434 -36.5653 8.29751
    endloop
  endfacet
  facet normal 0.864196 -0.465036 -0.192114
    outer loop
      vertex 92.5929 -36.3272 7.92572
      vertex 92.495 -36.491 7.88183
      vertex 92.5929 -36.2986 7.85649
    endloop
  endfacet
  facet normal -0.864152 -0.192596 -0.464917
    outer loop
      vertex 91.305 -36.2783 7.6046
      vertex 91.2071 -36.1935 7.75144
      vertex 91.305 -36.1682 7.55899
    endloop
  endfacet
  facet normal 0.496748 -0.801863 -0.33205
    outer loop
      vertex 92.3566 -36.5653 7.70249
      vertex 92.187 -36.7193 7.82066
      vertex 92.187 -36.6501 7.65355
    endloop
  endfacet
  facet normal 0.256646 -0.76681 0.588333
    outer loop
      vertex 92.187 -36.54 8.48996
      vertex 91.9979 -36.5758 8.52579
      vertex 92.187 -36.6501 8.34646
    endloop
  endfacet
  facet normal 0.256679 -0.369696 -0.892996
    outer loop
      vertex 92.187 -36.3965 7.39992
      vertex 91.9979 -36.4218 7.35604
      vertex 92.187 -36.2293 7.3307
    endloop
  endfacet
  facet normal 0.256757 -0.126086 -0.958216
    outer loop
      vertex 92.187 -36.05 7.30709
      vertex 91.9979 -36.2425 7.28175
      vertex 91.9979 -36.05 7.25642
    endloop
  endfacet
  facet normal 0.256937 -0.369927 -0.892825
    outer loop
      vertex 92.187 -36.2293 7.3307
      vertex 91.9979 -36.4218 7.35604
      vertex 91.9979 -36.2425 7.28175
    endloop
  endfacet
  facet normal -0.704165 -0.271745 -0.655977
    outer loop
      vertex 91.4434 -36.3475 7.4847
      vertex 91.305 -36.2783 7.6046
      vertex 91.305 -36.1682 7.55899
    endloop
  endfacet
  facet normal -0.864145 -0.0656808 -0.498937
    outer loop
      vertex 91.305 -36.1682 7.55899
      vertex 91.2071 -36.05 7.71299
      vertex 91.305 -36.05 7.54343
    endloop
  endfacet
  facet normal -0.256757 -0.126086 -0.958216
    outer loop
      vertex 91.8021 -36.2425 7.28175
      vertex 91.613 -36.05 7.30709
      vertex 91.8021 -36.05 7.25642
    endloop
  endfacet
  facet normal -0.704152 -0.271726 -0.656
    outer loop
      vertex 91.4434 -36.3475 7.4847
      vertex 91.305 -36.1682 7.55899
      vertex 91.4434 -36.204 7.42526
    endloop
  endfacet
  facet normal -0.256646 -0.76681 0.588333
    outer loop
      vertex 91.613 -36.54 8.48996
      vertex 91.613 -36.6501 8.34646
      vertex 91.8021 -36.5758 8.52579
    endloop
  endfacet
  facet normal -0.256674 -0.588372 0.76677
    outer loop
      vertex 91.8021 -36.4218 8.64396
      vertex 91.613 -36.54 8.48996
      vertex 91.8021 -36.5758 8.52579
    endloop
  endfacet
  facet normal 0.704123 -0.70397 0.0929334
    outer loop
      vertex 92.495 -36.491 8.11817
      vertex 92.3566 -36.6247 8.154
      vertex 92.495 -36.5066 8
    endloop
  endfacet
  facet normal 0.704134 -0.43244 0.563197
    outer loop
      vertex 92.495 -36.2783 8.3954
      vertex 92.3566 -36.3475 8.5153
      vertex 92.495 -36.3728 8.32284
    endloop
  endfacet
  facet normal 0.864144 -0.0656749 0.498941
    outer loop
      vertex 92.5929 -36.05 8.28701
      vertex 92.495 -36.1682 8.44101
      vertex 92.5929 -36.1243 8.27723
    endloop
  endfacet
  facet normal -0.256757 -0.126086 0.958216
    outer loop
      vertex 91.8021 -36.05 8.74358
      vertex 91.613 -36.05 8.69291
      vertex 91.8021 -36.2425 8.71825
    endloop
  endfacet
  facet normal 0.496671 -0.113311 0.860511
    outer loop
      vertex 92.187 -36.05 8.69291
      vertex 92.187 -36.2293 8.6693
      vertex 92.3566 -36.05 8.59502
    endloop
  endfacet
  facet normal 0.496677 -0.113319 0.860506
    outer loop
      vertex 92.3566 -36.05 8.59502
      vertex 92.187 -36.2293 8.6693
      vertex 92.3566 -36.204 8.57474
    endloop
  endfacet
  facet normal 0.704175 -0.0927018 0.703949
    outer loop
      vertex 92.3566 -36.05 8.59502
      vertex 92.3566 -36.204 8.57474
      vertex 92.495 -36.1682 8.44101
    endloop
  endfacet
  facet normal -0.496748 -0.801863 -0.33205
    outer loop
      vertex 91.613 -36.7193 7.82066
      vertex 91.4434 -36.5653 7.70249
      vertex 91.613 -36.6501 7.65355
    endloop
  endfacet
  facet normal -0.256833 -0.893038 -0.369485
    outer loop
      vertex 91.8021 -36.7682 7.80755
      vertex 91.613 -36.6501 7.65355
      vertex 91.8021 -36.694 7.62821
    endloop
  endfacet
  facet normal 0 -0.991402 0.130848
    outer loop
      vertex 91.8021 -36.7936 8
      vertex 91.9979 -36.7682 8.19245
      vertex 91.8021 -36.7682 8.19245
    endloop
  endfacet
  facet normal 0 -0.991402 0.130848
    outer loop
      vertex 91.9979 -36.7682 8.19245
      vertex 91.8021 -36.7936 8
      vertex 91.9979 -36.7936 8
    endloop
  endfacet
  facet normal -0.965323 -0.258815 0.0341463
    outer loop
      vertex 91.2071 -36.3272 8.07428
      vertex 91.1564 -36.1479 8
      vertex 91.2071 -36.337 8
    endloop
  endfacet
  facet normal -0.256899 -0.958178 -0.12609
    outer loop
      vertex 91.8021 -36.7936 8
      vertex 91.613 -36.7429 8
      vertex 91.613 -36.7193 7.82066
    endloop
  endfacet
  facet normal 0.864091 -0.399223 0.306542
    outer loop
      vertex 92.495 -36.3728 8.32284
      vertex 92.495 -36.4454 8.22829
      vertex 92.5929 -36.2986 8.14351
    endloop
  endfacet
  facet normal 0.704165 -0.563168 0.432427
    outer loop
      vertex 92.495 -36.3728 8.32284
      vertex 92.3566 -36.5653 8.29751
      vertex 92.495 -36.4454 8.22829
    endloop
  endfacet
  facet normal 0.864147 -0.192618 0.464917
    outer loop
      vertex 92.5929 -36.1243 8.27723
      vertex 92.495 -36.1682 8.44101
      vertex 92.5929 -36.1935 8.24856
    endloop
  endfacet
  facet normal -0.864144 -0.0656749 -0.498941
    outer loop
      vertex 91.305 -36.1682 7.55899
      vertex 91.2071 -36.1243 7.72277
      vertex 91.2071 -36.05 7.71299
    endloop
  endfacet
  facet normal -0.704181 -0.656044 -0.271542
    outer loop
      vertex 91.4434 -36.6247 7.846
      vertex 91.305 -36.4454 7.77172
      vertex 91.4434 -36.5653 7.70249
    endloop
  endfacet
  facet normal -0.864149 -0.306478 0.399148
    outer loop
      vertex 91.305 -36.2783 8.3954
      vertex 91.2071 -36.1935 8.24856
      vertex 91.305 -36.3728 8.32284
    endloop
  endfacet
  facet normal 0.256559 -0.893 0.369768
    outer loop
      vertex 92.187 -36.6501 8.34646
      vertex 91.9979 -36.7682 8.19245
      vertex 92.187 -36.7193 8.17934
    endloop
  endfacet
  facet normal 0.256674 -0.588372 -0.76677
    outer loop
      vertex 92.187 -36.54 7.51004
      vertex 91.9979 -36.5758 7.47421
      vertex 91.9979 -36.4218 7.35604
    endloop
  endfacet
  facet normal 0.864145 -0.0656808 -0.498937
    outer loop
      vertex 92.5929 -36.05 7.71299
      vertex 92.495 -36.1682 7.55899
      vertex 92.495 -36.05 7.54343
    endloop
  endfacet
  facet normal 0.25684 -0.126172 -0.958182
    outer loop
      vertex 92.187 -36.2293 7.3307
      vertex 91.9979 -36.2425 7.28175
      vertex 92.187 -36.05 7.30709
    endloop
  endfacet
  facet normal 0.496709 -0.113308 -0.860489
    outer loop
      vertex 92.3566 -36.05 7.40499
      vertex 92.187 -36.2293 7.3307
      vertex 92.187 -36.05 7.30709
    endloop
  endfacet
  facet normal 0.704113 -0.656055 -0.271693
    outer loop
      vertex 92.495 -36.491 7.88183
      vertex 92.3566 -36.6247 7.846
      vertex 92.495 -36.4454 7.77172
    endloop
  endfacet
  facet normal 0.704205 -0.563185 -0.43234
    outer loop
      vertex 92.495 -36.3728 7.67716
      vertex 92.3566 -36.5653 7.70249
      vertex 92.3566 -36.4707 7.57926
    endloop
  endfacet
  facet normal -0.49674 -0.688595 -0.528286
    outer loop
      vertex 91.613 -36.6501 7.65355
      vertex 91.4434 -36.5653 7.70249
      vertex 91.613 -36.54 7.51004
    endloop
  endfacet
  facet normal -0.864177 -0.498866 -0.0658169
    outer loop
      vertex 91.305 -36.491 7.88183
      vertex 91.2071 -36.337 8
      vertex 91.2071 -36.3272 7.92572
    endloop
  endfacet
  facet normal -0.864091 -0.399223 0.306542
    outer loop
      vertex 91.305 -36.3728 8.32284
      vertex 91.2071 -36.2986 8.14351
      vertex 91.305 -36.4454 8.22829
    endloop
  endfacet
  facet normal -0.256679 -0.369696 -0.892996
    outer loop
      vertex 91.8021 -36.4218 7.35604
      vertex 91.613 -36.3965 7.39992
      vertex 91.613 -36.2293 7.3307
    endloop
  endfacet
  facet normal -0.704166 -0.0926705 -0.703962
    outer loop
      vertex 91.4434 -36.05 7.40499
      vertex 91.305 -36.1682 7.55899
      vertex 91.305 -36.05 7.54343
    endloop
  endfacet
  facet normal -0.496814 -0.528344 0.688497
    outer loop
      vertex 91.613 -36.3965 8.60008
      vertex 91.4434 -36.3475 8.5153
      vertex 91.613 -36.54 8.48996
    endloop
  endfacet
  facet normal -0.256807 -0.76667 0.588444
    outer loop
      vertex 91.8021 -36.5758 8.52579
      vertex 91.613 -36.6501 8.34646
      vertex 91.8021 -36.694 8.37179
    endloop
  endfacet
  facet normal 0 -0.608767 0.793349
    outer loop
      vertex 91.8021 -36.4218 8.64396
      vertex 91.9979 -36.5758 8.52579
      vertex 91.9979 -36.4218 8.64396
    endloop
  endfacet
  facet normal 0 -0.608767 0.793349
    outer loop
      vertex 91.9979 -36.5758 8.52579
      vertex 91.8021 -36.4218 8.64396
      vertex 91.8021 -36.5758 8.52579
    endloop
  endfacet
  facet normal 0.256679 -0.369696 0.892996
    outer loop
      vertex 92.187 -36.2293 8.6693
      vertex 91.9979 -36.4218 8.64396
      vertex 92.187 -36.3965 8.60008
    endloop
  endfacet
  facet normal 0.256647 -0.5884 0.766758
    outer loop
      vertex 92.187 -36.3965 8.60008
      vertex 91.9979 -36.4218 8.64396
      vertex 92.187 -36.54 8.48996
    endloop
  endfacet
  facet normal 0.704191 -0.0926672 0.703937
    outer loop
      vertex 92.495 -36.05 8.45657
      vertex 92.3566 -36.05 8.59502
      vertex 92.495 -36.1682 8.44101
    endloop
  endfacet
  facet normal -0.496935 -0.688348 -0.528425
    outer loop
      vertex 91.613 -36.54 7.51004
      vertex 91.4434 -36.5653 7.70249
      vertex 91.4434 -36.4707 7.57926
    endloop
  endfacet
  facet normal 0 -0.924034 -0.382309
    outer loop
      vertex 91.8021 -36.694 7.62821
      vertex 91.9979 -36.7682 7.80755
      vertex 91.8021 -36.7682 7.80755
    endloop
  endfacet
  facet normal 0 -0.924034 -0.382309
    outer loop
      vertex 91.9979 -36.7682 7.80755
      vertex 91.8021 -36.694 7.62821
      vertex 91.9979 -36.694 7.62821
    endloop
  endfacet
  facet normal -0.256557 -0.958219 -0.126468
    outer loop
      vertex 91.8021 -36.7936 8
      vertex 91.613 -36.7193 7.82066
      vertex 91.8021 -36.7682 7.80755
    endloop
  endfacet
  facet normal -0.256559 -0.892992 -0.369787
    outer loop
      vertex 91.8021 -36.7682 7.80755
      vertex 91.613 -36.7193 7.82066
      vertex 91.613 -36.6501 7.65355
    endloop
  endfacet
  facet normal 0.256899 -0.958178 0.12609
    outer loop
      vertex 92.187 -36.7193 8.17934
      vertex 91.9979 -36.7936 8
      vertex 92.187 -36.7429 8
    endloop
  endfacet
  facet normal 0.704171 -0.656054 0.271546
    outer loop
      vertex 92.3566 -36.5653 8.29751
      vertex 92.3566 -36.6247 8.154
      vertex 92.495 -36.4454 8.22829
    endloop
  endfacet
  facet normal -0.256559 -0.893 0.369768
    outer loop
      vertex 91.613 -36.6501 8.34646
      vertex 91.613 -36.7193 8.17934
      vertex 91.8021 -36.7682 8.19245
    endloop
  endfacet
  facet normal -0.256557 -0.958219 0.126468
    outer loop
      vertex 91.8021 -36.7682 8.19245
      vertex 91.613 -36.7193 8.17934
      vertex 91.8021 -36.7936 8
    endloop
  endfacet
  facet normal -0.864152 -0.192596 0.464917
    outer loop
      vertex 91.305 -36.1682 8.44101
      vertex 91.2071 -36.1935 8.24856
      vertex 91.305 -36.2783 8.3954
    endloop
  endfacet
  facet normal -0.704113 -0.656055 -0.271693
    outer loop
      vertex 91.4434 -36.6247 7.846
      vertex 91.305 -36.491 7.88183
      vertex 91.305 -36.4454 7.77172
    endloop
  endfacet
  facet normal 0.965323 -0.258815 0.0341463
    outer loop
      vertex 92.5929 -36.3272 8.07428
      vertex 92.5929 -36.337 8
      vertex 92.6436 -36.1479 8
    endloop
  endfacet
  facet normal 0.965337 -0.0999021 0.241131
    outer loop
      vertex 92.5929 -36.1243 8.27723
      vertex 92.5929 -36.1935 8.24856
      vertex 92.6436 -36.0753 8.09456
    endloop
  endfacet
  facet normal 0.496639 -0.332155 0.801887
    outer loop
      vertex 92.3566 -36.204 8.57474
      vertex 92.187 -36.2293 8.6693
      vertex 92.3566 -36.3475 8.5153
    endloop
  endfacet
  facet normal 0.496761 -0.331977 0.801885
    outer loop
      vertex 92.187 -36.2293 8.6693
      vertex 92.187 -36.3965 8.60008
      vertex 92.3566 -36.3475 8.5153
    endloop
  endfacet
  facet normal 0.965294 -0.25898 -0.0337267
    outer loop
      vertex 92.6436 -36.1479 8
      vertex 92.5929 -36.3272 7.92572
      vertex 92.6436 -36.1446 7.97466
    endloop
  endfacet
  facet normal 0.864144 -0.0656749 -0.498941
    outer loop
      vertex 92.5929 -36.1243 7.72277
      vertex 92.495 -36.1682 7.55899
      vertex 92.5929 -36.05 7.71299
    endloop
  endfacet
  facet normal -0.864147 -0.192618 -0.464917
    outer loop
      vertex 91.305 -36.1682 7.55899
      vertex 91.2071 -36.1935 7.75144
      vertex 91.2071 -36.1243 7.72277
    endloop
  endfacet
  facet normal -0.965345 -0.241039 0.10005
    outer loop
      vertex 91.1564 -36.1348 8.04895
      vertex 91.1564 -36.1446 8.02534
      vertex 91.2071 -36.2986 8.14351
    endloop
  endfacet
  facet normal -0.256647 -0.5884 -0.766758
    outer loop
      vertex 91.8021 -36.4218 7.35604
      vertex 91.613 -36.54 7.51004
      vertex 91.613 -36.3965 7.39992
    endloop
  endfacet
  facet normal -0.704205 -0.563185 -0.43234
    outer loop
      vertex 91.4434 -36.5653 7.70249
      vertex 91.305 -36.3728 7.67716
      vertex 91.4434 -36.4707 7.57926
    endloop
  endfacet
  facet normal -0.965338 -0.158957 -0.207017
    outer loop
      vertex 91.2071 -36.2529 7.79705
      vertex 91.1564 -36.0989 7.91522
      vertex 91.2071 -36.1935 7.75144
    endloop
  endfacet
  facet normal -0.496845 -0.860421 -0.113226
    outer loop
      vertex 91.613 -36.7429 8
      vertex 91.4434 -36.6247 7.846
      vertex 91.613 -36.7193 7.82066
    endloop
  endfacet
  facet normal -0.965345 -0.241039 -0.10005
    outer loop
      vertex 91.2071 -36.2986 7.85649
      vertex 91.1564 -36.1446 7.97466
      vertex 91.1564 -36.1348 7.95105
    endloop
  endfacet
  facet normal -0.496853 -0.801861 0.331897
    outer loop
      vertex 91.4434 -36.5653 8.29751
      vertex 91.4434 -36.6247 8.154
      vertex 91.613 -36.7193 8.17934
    endloop
  endfacet
  facet normal -0.864147 -0.192618 0.464917
    outer loop
      vertex 91.2071 -36.1243 8.27723
      vertex 91.2071 -36.1935 8.24856
      vertex 91.305 -36.1682 8.44101
    endloop
  endfacet
  facet normal 0.256899 -0.958178 -0.12609
    outer loop
      vertex 92.187 -36.7429 8
      vertex 91.9979 -36.7936 8
      vertex 92.187 -36.7193 7.82066
    endloop
  endfacet
  facet normal 0.256559 -0.892992 -0.369787
    outer loop
      vertex 92.187 -36.7193 7.82066
      vertex 91.9979 -36.7682 7.80755
      vertex 92.187 -36.6501 7.65355
    endloop
  endfacet
  facet normal 0.496761 -0.331977 -0.801885
    outer loop
      vertex 92.3566 -36.3475 7.4847
      vertex 92.187 -36.3965 7.39992
      vertex 92.187 -36.2293 7.3307
    endloop
  endfacet
  facet normal 0.496674 -0.113264 -0.860515
    outer loop
      vertex 92.3566 -36.204 7.42526
      vertex 92.187 -36.2293 7.3307
      vertex 92.3566 -36.05 7.40499
    endloop
  endfacet
  facet normal 0.704166 -0.0926705 -0.703962
    outer loop
      vertex 92.495 -36.1682 7.55899
      vertex 92.3566 -36.05 7.40499
      vertex 92.495 -36.05 7.54343
    endloop
  endfacet
  facet normal 0.965333 -0.0340642 -0.25879
    outer loop
      vertex 92.6436 -36.0753 7.90544
      vertex 92.5929 -36.1243 7.72277
      vertex 92.5929 -36.05 7.71299
    endloop
  endfacet
  facet normal 0.704055 -0.704055 0.0928072
    outer loop
      vertex 92.3566 -36.6247 8.154
      vertex 92.3566 -36.645 8
      vertex 92.495 -36.5066 8
    endloop
  endfacet
  facet normal 0.704201 -0.432294 -0.563226
    outer loop
      vertex 92.495 -36.3728 7.67716
      vertex 92.3566 -36.4707 7.57926
      vertex 92.3566 -36.3475 7.4847
    endloop
  endfacet
  facet normal 0 -0.793275 -0.608864
    outer loop
      vertex 91.8021 -36.5758 7.47421
      vertex 91.9979 -36.694 7.62821
      vertex 91.8021 -36.694 7.62821
    endloop
  endfacet
  facet normal 0 -0.793275 -0.608864
    outer loop
      vertex 91.9979 -36.694 7.62821
      vertex 91.8021 -36.5758 7.47421
      vertex 91.9979 -36.5758 7.47421
    endloop
  endfacet
  facet normal 0.256836 -0.766664 -0.58844
    outer loop
      vertex 92.187 -36.6501 7.65355
      vertex 91.9979 -36.694 7.62821
      vertex 91.9979 -36.5758 7.47421
    endloop
  endfacet
  facet normal 0.256647 -0.5884 -0.766758
    outer loop
      vertex 92.187 -36.54 7.51004
      vertex 91.9979 -36.4218 7.35604
      vertex 92.187 -36.3965 7.39992
    endloop
  endfacet
  facet normal 0.496814 -0.528344 -0.688497
    outer loop
      vertex 92.3566 -36.3475 7.4847
      vertex 92.187 -36.54 7.51004
      vertex 92.187 -36.3965 7.39992
    endloop
  endfacet
  facet normal 0 -0.608767 -0.793349
    outer loop
      vertex 91.8021 -36.5758 7.47421
      vertex 91.9979 -36.4218 7.35604
      vertex 91.9979 -36.5758 7.47421
    endloop
  endfacet
  facet normal -0 -0.608767 -0.793349
    outer loop
      vertex 91.9979 -36.4218 7.35604
      vertex 91.8021 -36.5758 7.47421
      vertex 91.8021 -36.4218 7.35604
    endloop
  endfacet
  facet normal -0.496709 -0.113308 -0.860489
    outer loop
      vertex 91.613 -36.2293 7.3307
      vertex 91.4434 -36.05 7.40499
      vertex 91.613 -36.05 7.30709
    endloop
  endfacet
  facet normal -0.25684 -0.126172 -0.958182
    outer loop
      vertex 91.8021 -36.2425 7.28175
      vertex 91.613 -36.2293 7.3307
      vertex 91.613 -36.05 7.30709
    endloop
  endfacet
  facet normal 0.864145 -0.0656808 0.498937
    outer loop
      vertex 92.495 -36.05 8.45657
      vertex 92.495 -36.1682 8.44101
      vertex 92.5929 -36.05 8.28701
    endloop
  endfacet
  facet normal -0.25684 -0.126172 0.958182
    outer loop
      vertex 91.613 -36.05 8.69291
      vertex 91.613 -36.2293 8.6693
      vertex 91.8021 -36.2425 8.71825
    endloop
  endfacet
  facet normal -0.864144 -0.0656749 0.498941
    outer loop
      vertex 91.2071 -36.05 8.28701
      vertex 91.2071 -36.1243 8.27723
      vertex 91.305 -36.1682 8.44101
    endloop
  endfacet
  facet normal -0.496761 -0.331977 0.801885
    outer loop
      vertex 91.613 -36.2293 8.6693
      vertex 91.4434 -36.3475 8.5153
      vertex 91.613 -36.3965 8.60008
    endloop
  endfacet
  facet normal -0.704152 -0.271726 0.656
    outer loop
      vertex 91.4434 -36.204 8.57474
      vertex 91.305 -36.1682 8.44101
      vertex 91.4434 -36.3475 8.5153
    endloop
  endfacet
  facet normal -0.256815 -0.893043 0.369487
    outer loop
      vertex 91.8021 -36.694 8.37179
      vertex 91.613 -36.6501 8.34646
      vertex 91.8021 -36.7682 8.19245
    endloop
  endfacet
  facet normal 0 -0.793275 0.608864
    outer loop
      vertex 91.8021 -36.694 8.37179
      vertex 91.9979 -36.5758 8.52579
      vertex 91.8021 -36.5758 8.52579
    endloop
  endfacet
  facet normal 0 -0.793275 0.608864
    outer loop
      vertex 91.9979 -36.5758 8.52579
      vertex 91.8021 -36.694 8.37179
      vertex 91.9979 -36.694 8.37179
    endloop
  endfacet
  facet normal 0 -0.382778 0.92384
    outer loop
      vertex 91.8021 -36.2425 8.71825
      vertex 91.9979 -36.4218 8.64396
      vertex 91.9979 -36.2425 8.71825
    endloop
  endfacet
  facet normal 0 -0.382778 0.92384
    outer loop
      vertex 91.9979 -36.4218 8.64396
      vertex 91.8021 -36.2425 8.71825
      vertex 91.8021 -36.4218 8.64396
    endloop
  endfacet
  facet normal -0.256937 -0.369927 0.892825
    outer loop
      vertex 91.8021 -36.2425 8.71825
      vertex 91.613 -36.2293 8.6693
      vertex 91.8021 -36.4218 8.64396
    endloop
  endfacet
  facet normal 0.965333 -0.0340642 0.25879
    outer loop
      vertex 92.5929 -36.05 8.28701
      vertex 92.5929 -36.1243 8.27723
      vertex 92.6436 -36.0753 8.09456
    endloop
  endfacet
  facet normal 1 -0 0
    outer loop
      vertex 92.6436 -36.0753 8.09456
      vertex 92.6436 -36.05 7.90211
      vertex 92.6436 -36.05 8.09789
    endloop
  endfacet
  facet normal 1 0 0
    outer loop
      vertex 92.6436 -36.0753 8.09456
      vertex 92.6436 -36.0753 7.90544
      vertex 92.6436 -36.05 7.90211
    endloop
  endfacet
  facet normal 1 -0 0
    outer loop
      vertex 92.6436 -36.0989 8.08478
      vertex 92.6436 -36.0753 7.90544
      vertex 92.6436 -36.0753 8.09456
    endloop
  endfacet
  facet normal 1 0 0
    outer loop
      vertex 92.6436 -36.0989 8.08478
      vertex 92.6436 -36.0989 7.91522
      vertex 92.6436 -36.0753 7.90544
    endloop
  endfacet
  facet normal 1 -0 0
    outer loop
      vertex 92.6436 -36.1192 8.06922
      vertex 92.6436 -36.0989 7.91522
      vertex 92.6436 -36.0989 8.08478
    endloop
  endfacet
  facet normal 1 0 0
    outer loop
      vertex 92.6436 -36.1192 8.06922
      vertex 92.6436 -36.1192 7.93078
      vertex 92.6436 -36.0989 7.91522
    endloop
  endfacet
  facet normal 1 -0 0
    outer loop
      vertex 92.6436 -36.1348 8.04895
      vertex 92.6436 -36.1192 7.93078
      vertex 92.6436 -36.1192 8.06922
    endloop
  endfacet
  facet normal 1 0 0
    outer loop
      vertex 92.6436 -36.1348 8.04895
      vertex 92.6436 -36.1348 7.95105
      vertex 92.6436 -36.1192 7.93078
    endloop
  endfacet
  facet normal 1 -0 0
    outer loop
      vertex 92.6436 -36.1446 8.02534
      vertex 92.6436 -36.1348 7.95105
      vertex 92.6436 -36.1348 8.04895
    endloop
  endfacet
  facet normal 1 0 0
    outer loop
      vertex 92.6436 -36.1446 8.02534
      vertex 92.6436 -36.1446 7.97466
      vertex 92.6436 -36.1348 7.95105
    endloop
  endfacet
  facet normal 1 0 -0
    outer loop
      vertex 92.6436 -36.1446 7.97466
      vertex 92.6436 -36.1446 8.02534
      vertex 92.6436 -36.1479 8
    endloop
  endfacet
  facet normal 0.965333 -0.0340621 0.25879
    outer loop
      vertex 92.6436 -36.05 8.09789
      vertex 92.5929 -36.05 8.28701
      vertex 92.6436 -36.0753 8.09456
    endloop
  endfacet
  facet normal -0.704183 -0.563176 -0.432388
    outer loop
      vertex 91.4434 -36.5653 7.70249
      vertex 91.305 -36.4454 7.77172
      vertex 91.305 -36.3728 7.67716
    endloop
  endfacet
  facet normal -0.496814 -0.528344 -0.688497
    outer loop
      vertex 91.613 -36.54 7.51004
      vertex 91.4434 -36.3475 7.4847
      vertex 91.613 -36.3965 7.39992
    endloop
  endfacet
  facet normal 0 -0.924034 0.382309
    outer loop
      vertex 91.8021 -36.7682 8.19245
      vertex 91.9979 -36.694 8.37179
      vertex 91.8021 -36.694 8.37179
    endloop
  endfacet
  facet normal 0 -0.924034 0.382309
    outer loop
      vertex 91.9979 -36.694 8.37179
      vertex 91.8021 -36.7682 8.19245
      vertex 91.9979 -36.7682 8.19245
    endloop
  endfacet
  facet normal 0.256815 -0.893043 0.369487
    outer loop
      vertex 91.9979 -36.694 8.37179
      vertex 91.9979 -36.7682 8.19245
      vertex 92.187 -36.6501 8.34646
    endloop
  endfacet
  facet normal 0.704123 -0.70397 -0.0929334
    outer loop
      vertex 92.495 -36.5066 8
      vertex 92.3566 -36.6247 7.846
      vertex 92.495 -36.491 7.88183
    endloop
  endfacet
  facet normal 0.704201 -0.432294 0.563226
    outer loop
      vertex 92.3566 -36.3475 8.5153
      vertex 92.3566 -36.4707 8.42074
      vertex 92.495 -36.3728 8.32284
    endloop
  endfacet
  facet normal -0.256899 -0.958178 0.12609
    outer loop
      vertex 91.613 -36.7193 8.17934
      vertex 91.613 -36.7429 8
      vertex 91.8021 -36.7936 8
    endloop
  endfacet
  facet normal -0.496845 -0.860421 0.113226
    outer loop
      vertex 91.613 -36.7193 8.17934
      vertex 91.4434 -36.6247 8.154
      vertex 91.613 -36.7429 8
    endloop
  endfacet
  facet normal 0.864149 -0.306478 0.399148
    outer loop
      vertex 92.495 -36.2783 8.3954
      vertex 92.495 -36.3728 8.32284
      vertex 92.5929 -36.1935 8.24856
    endloop
  endfacet
  facet normal 0.965338 -0.158957 0.207017
    outer loop
      vertex 92.5929 -36.1935 8.24856
      vertex 92.5929 -36.2529 8.20295
      vertex 92.6436 -36.0989 8.08478
    endloop
  endfacet
  facet normal 0.496873 -0.528386 0.688422
    outer loop
      vertex 92.3566 -36.3475 8.5153
      vertex 92.187 -36.54 8.48996
      vertex 92.3566 -36.4707 8.42074
    endloop
  endfacet
  facet normal 0.704205 -0.563185 0.43234
    outer loop
      vertex 92.3566 -36.4707 8.42074
      vertex 92.3566 -36.5653 8.29751
      vertex 92.495 -36.3728 8.32284
    endloop
  endfacet
  facet normal 0.864152 -0.192596 0.464917
    outer loop
      vertex 92.495 -36.1682 8.44101
      vertex 92.495 -36.2783 8.3954
      vertex 92.5929 -36.1935 8.24856
    endloop
  endfacet
  facet normal 0.704165 -0.271745 0.655977
    outer loop
      vertex 92.495 -36.1682 8.44101
      vertex 92.3566 -36.3475 8.5153
      vertex 92.495 -36.2783 8.3954
    endloop
  endfacet
  facet normal 0.965333 -0.206929 -0.159096
    outer loop
      vertex 92.6436 -36.1192 7.93078
      vertex 92.5929 -36.2986 7.85649
      vertex 92.5929 -36.2529 7.79705
    endloop
  endfacet
  facet normal 0.86417 -0.398923 -0.306709
    outer loop
      vertex 92.5929 -36.2986 7.85649
      vertex 92.495 -36.3728 7.67716
      vertex 92.5929 -36.2529 7.79705
    endloop
  endfacet
  facet normal -0.86415 -0.30648 -0.399143
    outer loop
      vertex 91.305 -36.3728 7.67716
      vertex 91.2071 -36.2529 7.79705
      vertex 91.2071 -36.1935 7.75144
    endloop
  endfacet
  facet normal -0.864149 -0.306478 -0.399148
    outer loop
      vertex 91.305 -36.3728 7.67716
      vertex 91.2071 -36.1935 7.75144
      vertex 91.305 -36.2783 7.6046
    endloop
  endfacet
  facet normal -0.965338 -0.0999206 -0.241117
    outer loop
      vertex 91.2071 -36.1935 7.75144
      vertex 91.1564 -36.0989 7.91522
      vertex 91.1564 -36.0753 7.90544
    endloop
  endfacet
  facet normal -0.864085 -0.399247 -0.306528
    outer loop
      vertex 91.305 -36.4454 7.77172
      vertex 91.2071 -36.2986 7.85649
      vertex 91.305 -36.3728 7.67716
    endloop
  endfacet
  facet normal -0.864086 -0.465043 -0.192589
    outer loop
      vertex 91.305 -36.491 7.88183
      vertex 91.2071 -36.2986 7.85649
      vertex 91.305 -36.4454 7.77172
    endloop
  endfacet
  facet normal -0.965323 -0.258815 -0.0341463
    outer loop
      vertex 91.2071 -36.337 8
      vertex 91.1564 -36.1479 8
      vertex 91.2071 -36.3272 7.92572
    endloop
  endfacet
  facet normal -0.965333 -0.0340642 0.25879
    outer loop
      vertex 91.2071 -36.05 8.28701
      vertex 91.1564 -36.0753 8.09456
      vertex 91.2071 -36.1243 8.27723
    endloop
  endfacet
  facet normal -0.704175 -0.0927018 0.703949
    outer loop
      vertex 91.4434 -36.05 8.59502
      vertex 91.305 -36.1682 8.44101
      vertex 91.4434 -36.204 8.57474
    endloop
  endfacet
  facet normal -0.704165 -0.271745 0.655977
    outer loop
      vertex 91.305 -36.1682 8.44101
      vertex 91.305 -36.2783 8.3954
      vertex 91.4434 -36.3475 8.5153
    endloop
  endfacet
  facet normal -0.704171 -0.656054 0.271546
    outer loop
      vertex 91.4434 -36.5653 8.29751
      vertex 91.305 -36.4454 8.22829
      vertex 91.4434 -36.6247 8.154
    endloop
  endfacet
  facet normal -0.704165 -0.563168 0.432427
    outer loop
      vertex 91.305 -36.3728 8.32284
      vertex 91.305 -36.4454 8.22829
      vertex 91.4434 -36.5653 8.29751
    endloop
  endfacet
  facet normal 0.496702 -0.860477 0.113427
    outer loop
      vertex 92.3566 -36.6247 8.154
      vertex 92.187 -36.7429 8
      vertex 92.3566 -36.645 8
    endloop
  endfacet
  facet normal 0.256557 -0.958219 0.126468
    outer loop
      vertex 91.9979 -36.7682 8.19245
      vertex 91.9979 -36.7936 8
      vertex 92.187 -36.7193 8.17934
    endloop
  endfacet
  facet normal 0.704152 -0.271726 -0.656
    outer loop
      vertex 92.495 -36.1682 7.55899
      vertex 92.3566 -36.3475 7.4847
      vertex 92.3566 -36.204 7.42526
    endloop
  endfacet
  facet normal 0.704172 -0.0926573 -0.703958
    outer loop
      vertex 92.495 -36.1682 7.55899
      vertex 92.3566 -36.204 7.42526
      vertex 92.3566 -36.05 7.40499
    endloop
  endfacet
  facet normal 0.864149 -0.306478 -0.399148
    outer loop
      vertex 92.5929 -36.1935 7.75144
      vertex 92.495 -36.3728 7.67716
      vertex 92.495 -36.2783 7.6046
    endloop
  endfacet
  facet normal 0.704134 -0.43244 -0.563197
    outer loop
      vertex 92.495 -36.3728 7.67716
      vertex 92.3566 -36.3475 7.4847
      vertex 92.495 -36.2783 7.6046
    endloop
  endfacet
  facet normal 0.965323 -0.158816 -0.207195
    outer loop
      vertex 92.6436 -36.1192 7.93078
      vertex 92.5929 -36.2529 7.79705
      vertex 92.6436 -36.0989 7.91522
    endloop
  endfacet
  facet normal 0.965337 -0.0999021 -0.241131
    outer loop
      vertex 92.6436 -36.0753 7.90544
      vertex 92.5929 -36.1935 7.75144
      vertex 92.5929 -36.1243 7.72277
    endloop
  endfacet
  facet normal 0.496853 -0.801861 -0.331897
    outer loop
      vertex 92.3566 -36.6247 7.846
      vertex 92.187 -36.7193 7.82066
      vertex 92.3566 -36.5653 7.70249
    endloop
  endfacet
  facet normal 0.704181 -0.656044 -0.271542
    outer loop
      vertex 92.495 -36.4454 7.77172
      vertex 92.3566 -36.6247 7.846
      vertex 92.3566 -36.5653 7.70249
    endloop
  endfacet
  facet normal -0.256836 -0.766664 -0.58844
    outer loop
      vertex 91.8021 -36.694 7.62821
      vertex 91.613 -36.6501 7.65355
      vertex 91.8021 -36.5758 7.47421
    endloop
  endfacet
  facet normal -0.704201 -0.432294 -0.563226
    outer loop
      vertex 91.4434 -36.4707 7.57926
      vertex 91.305 -36.3728 7.67716
      vertex 91.4434 -36.3475 7.4847
    endloop
  endfacet
  facet normal -0.704134 -0.43244 -0.563197
    outer loop
      vertex 91.4434 -36.3475 7.4847
      vertex 91.305 -36.3728 7.67716
      vertex 91.305 -36.2783 7.6046
    endloop
  endfacet
  facet normal -0.965337 -0.0999021 0.241131
    outer loop
      vertex 91.2071 -36.1243 8.27723
      vertex 91.1564 -36.0753 8.09456
      vertex 91.2071 -36.1935 8.24856
    endloop
  endfacet
  facet normal -0.496762 -0.801863 0.33203
    outer loop
      vertex 91.613 -36.6501 8.34646
      vertex 91.4434 -36.5653 8.29751
      vertex 91.613 -36.7193 8.17934
    endloop
  endfacet
  facet normal -0.496762 -0.688567 0.528301
    outer loop
      vertex 91.613 -36.54 8.48996
      vertex 91.4434 -36.5653 8.29751
      vertex 91.613 -36.6501 8.34646
    endloop
  endfacet
  facet normal -0.496671 -0.113311 0.860511
    outer loop
      vertex 91.613 -36.05 8.69291
      vertex 91.4434 -36.05 8.59502
      vertex 91.613 -36.2293 8.6693
    endloop
  endfacet
  facet normal -0.256679 -0.369696 0.892996
    outer loop
      vertex 91.613 -36.2293 8.6693
      vertex 91.613 -36.3965 8.60008
      vertex 91.8021 -36.4218 8.64396
    endloop
  endfacet
  facet normal -0.256647 -0.5884 0.766758
    outer loop
      vertex 91.613 -36.3965 8.60008
      vertex 91.613 -36.54 8.48996
      vertex 91.8021 -36.4218 8.64396
    endloop
  endfacet
  facet normal 0.864187 -0.498844 -0.0658539
    outer loop
      vertex 92.5929 -36.337 8
      vertex 92.495 -36.5066 8
      vertex 92.495 -36.491 7.88183
    endloop
  endfacet
  facet normal 0.864187 -0.498844 0.0658539
    outer loop
      vertex 92.495 -36.491 8.11817
      vertex 92.495 -36.5066 8
      vertex 92.5929 -36.337 8
    endloop
  endfacet
  facet normal -0.496702 -0.860477 -0.113427
    outer loop
      vertex 91.613 -36.7429 8
      vertex 91.4434 -36.645 8
      vertex 91.4434 -36.6247 7.846
    endloop
  endfacet
  facet normal -0.496702 -0.860477 0.113427
    outer loop
      vertex 91.4434 -36.6247 8.154
      vertex 91.4434 -36.645 8
      vertex 91.613 -36.7429 8
    endloop
  endfacet
  facet normal 0.86415 -0.30648 0.399143
    outer loop
      vertex 92.5929 -36.1935 8.24856
      vertex 92.495 -36.3728 8.32284
      vertex 92.5929 -36.2529 8.20295
    endloop
  endfacet
  facet normal 0.86417 -0.398923 0.306709
    outer loop
      vertex 92.5929 -36.2529 8.20295
      vertex 92.495 -36.3728 8.32284
      vertex 92.5929 -36.2986 8.14351
    endloop
  endfacet
  facet normal 0.496935 -0.688348 0.528425
    outer loop
      vertex 92.3566 -36.4707 8.42074
      vertex 92.187 -36.54 8.48996
      vertex 92.3566 -36.5653 8.29751
    endloop
  endfacet
  facet normal 0.496762 -0.688567 0.528301
    outer loop
      vertex 92.187 -36.54 8.48996
      vertex 92.187 -36.6501 8.34646
      vertex 92.3566 -36.5653 8.29751
    endloop
  endfacet
  facet normal 0.965315 -0.241307 -0.0996879
    outer loop
      vertex 92.6436 -36.1446 7.97466
      vertex 92.5929 -36.3272 7.92572
      vertex 92.5929 -36.2986 7.85649
    endloop
  endfacet
  facet normal 0.86415 -0.30648 -0.399143
    outer loop
      vertex 92.5929 -36.2529 7.79705
      vertex 92.495 -36.3728 7.67716
      vertex 92.5929 -36.1935 7.75144
    endloop
  endfacet
  facet normal 0.965338 -0.158957 -0.207017
    outer loop
      vertex 92.6436 -36.0989 7.91522
      vertex 92.5929 -36.2529 7.79705
      vertex 92.5929 -36.1935 7.75144
    endloop
  endfacet
  facet normal -0.965333 -0.0340621 -0.25879
    outer loop
      vertex 91.2071 -36.05 7.71299
      vertex 91.1564 -36.0753 7.90544
      vertex 91.1564 -36.05 7.90211
    endloop
  endfacet
  facet normal -0.965333 -0.0340642 -0.25879
    outer loop
      vertex 91.2071 -36.1243 7.72277
      vertex 91.1564 -36.0753 7.90544
      vertex 91.2071 -36.05 7.71299
    endloop
  endfacet
  facet normal -0.965315 -0.241307 -0.0996879
    outer loop
      vertex 91.2071 -36.3272 7.92572
      vertex 91.1564 -36.1446 7.97466
      vertex 91.2071 -36.2986 7.85649
    endloop
  endfacet
  facet normal -0.864196 -0.465036 -0.192114
    outer loop
      vertex 91.305 -36.491 7.88183
      vertex 91.2071 -36.3272 7.92572
      vertex 91.2071 -36.2986 7.85649
    endloop
  endfacet
  facet normal -0.86417 -0.398923 -0.306709
    outer loop
      vertex 91.305 -36.3728 7.67716
      vertex 91.2071 -36.2986 7.85649
      vertex 91.2071 -36.2529 7.79705
    endloop
  endfacet
  facet normal -0.965323 -0.158816 -0.207195
    outer loop
      vertex 91.2071 -36.2529 7.79705
      vertex 91.1564 -36.1192 7.93078
      vertex 91.1564 -36.0989 7.91522
    endloop
  endfacet
  facet normal -0.704134 -0.43244 0.563197
    outer loop
      vertex 91.305 -36.2783 8.3954
      vertex 91.305 -36.3728 8.32284
      vertex 91.4434 -36.3475 8.5153
    endloop
  endfacet
  facet normal -0.704191 -0.0926672 0.703937
    outer loop
      vertex 91.305 -36.05 8.45657
      vertex 91.305 -36.1682 8.44101
      vertex 91.4434 -36.05 8.59502
    endloop
  endfacet
  facet normal -0.704201 -0.432294 0.563226
    outer loop
      vertex 91.4434 -36.3475 8.5153
      vertex 91.305 -36.3728 8.32284
      vertex 91.4434 -36.4707 8.42074
    endloop
  endfacet
  facet normal -0.496873 -0.528386 0.688422
    outer loop
      vertex 91.4434 -36.3475 8.5153
      vertex 91.4434 -36.4707 8.42074
      vertex 91.613 -36.54 8.48996
    endloop
  endfacet
  facet normal -0.86415 -0.30648 0.399143
    outer loop
      vertex 91.2071 -36.1935 8.24856
      vertex 91.2071 -36.2529 8.20295
      vertex 91.305 -36.3728 8.32284
    endloop
  endfacet
  facet normal -0.965338 -0.158957 0.207017
    outer loop
      vertex 91.2071 -36.1935 8.24856
      vertex 91.1564 -36.0989 8.08478
      vertex 91.2071 -36.2529 8.20295
    endloop
  endfacet
  facet normal -0.864187 -0.498844 0.0658539
    outer loop
      vertex 91.305 -36.491 8.11817
      vertex 91.2071 -36.337 8
      vertex 91.305 -36.5066 8
    endloop
  endfacet
  facet normal -0.704123 -0.70397 0.0929334
    outer loop
      vertex 91.305 -36.491 8.11817
      vertex 91.305 -36.5066 8
      vertex 91.4434 -36.6247 8.154
    endloop
  endfacet
  facet normal 0.496853 -0.801861 0.331897
    outer loop
      vertex 92.3566 -36.5653 8.29751
      vertex 92.187 -36.7193 8.17934
      vertex 92.3566 -36.6247 8.154
    endloop
  endfacet
  facet normal 0.496762 -0.801863 0.33203
    outer loop
      vertex 92.187 -36.6501 8.34646
      vertex 92.187 -36.7193 8.17934
      vertex 92.3566 -36.5653 8.29751
    endloop
  endfacet
  facet normal 0 -0.991402 -0.130848
    outer loop
      vertex 91.8021 -36.7682 7.80755
      vertex 91.9979 -36.7936 8
      vertex 91.8021 -36.7936 8
    endloop
  endfacet
  facet normal 0 -0.991402 -0.130848
    outer loop
      vertex 91.9979 -36.7936 8
      vertex 91.8021 -36.7682 7.80755
      vertex 91.9979 -36.7682 7.80755
    endloop
  endfacet
  facet normal 0.256557 -0.958219 -0.126468
    outer loop
      vertex 92.187 -36.7193 7.82066
      vertex 91.9979 -36.7936 8
      vertex 91.9979 -36.7682 7.80755
    endloop
  endfacet
  facet normal 0.864152 -0.192596 -0.464917
    outer loop
      vertex 92.5929 -36.1935 7.75144
      vertex 92.495 -36.2783 7.6046
      vertex 92.495 -36.1682 7.55899
    endloop
  endfacet
  facet normal 0.704165 -0.271745 -0.655977
    outer loop
      vertex 92.495 -36.2783 7.6046
      vertex 92.3566 -36.3475 7.4847
      vertex 92.495 -36.1682 7.55899
    endloop
  endfacet
  facet normal 0.965333 -0.0340621 -0.25879
    outer loop
      vertex 92.6436 -36.0753 7.90544
      vertex 92.5929 -36.05 7.71299
      vertex 92.6436 -36.05 7.90211
    endloop
  endfacet
  facet normal 0.496935 -0.688348 -0.528425
    outer loop
      vertex 92.3566 -36.5653 7.70249
      vertex 92.187 -36.54 7.51004
      vertex 92.3566 -36.4707 7.57926
    endloop
  endfacet
  facet normal 0.496873 -0.528386 -0.688422
    outer loop
      vertex 92.3566 -36.4707 7.57926
      vertex 92.187 -36.54 7.51004
      vertex 92.3566 -36.3475 7.4847
    endloop
  endfacet
  facet normal 0.864085 -0.399247 -0.306528
    outer loop
      vertex 92.5929 -36.2986 7.85649
      vertex 92.495 -36.4454 7.77172
      vertex 92.495 -36.3728 7.67716
    endloop
  endfacet
  facet normal 0.864086 -0.465043 -0.192589
    outer loop
      vertex 92.5929 -36.2986 7.85649
      vertex 92.495 -36.491 7.88183
      vertex 92.495 -36.4454 7.77172
    endloop
  endfacet
  facet normal 0.496702 -0.860477 -0.113427
    outer loop
      vertex 92.3566 -36.645 8
      vertex 92.187 -36.7429 8
      vertex 92.3566 -36.6247 7.846
    endloop
  endfacet
  facet normal 0.496845 -0.860421 -0.113226
    outer loop
      vertex 92.3566 -36.6247 7.846
      vertex 92.187 -36.7429 8
      vertex 92.187 -36.7193 7.82066
    endloop
  endfacet
  facet normal -0.256674 -0.588372 -0.76677
    outer loop
      vertex 91.8021 -36.5758 7.47421
      vertex 91.613 -36.54 7.51004
      vertex 91.8021 -36.4218 7.35604
    endloop
  endfacet
  facet normal -0.256645 -0.76683 -0.588307
    outer loop
      vertex 91.8021 -36.5758 7.47421
      vertex 91.613 -36.6501 7.65355
      vertex 91.613 -36.54 7.51004
    endloop
  endfacet
  facet normal -0.704172 -0.0926573 -0.703958
    outer loop
      vertex 91.4434 -36.204 7.42526
      vertex 91.305 -36.1682 7.55899
      vertex 91.4434 -36.05 7.40499
    endloop
  endfacet
  facet normal -0.496674 -0.113264 -0.860515
    outer loop
      vertex 91.613 -36.2293 7.3307
      vertex 91.4434 -36.204 7.42526
      vertex 91.4434 -36.05 7.40499
    endloop
  endfacet
  facet normal 0.86409 -0.465043 0.192571
    outer loop
      vertex 92.495 -36.4454 8.22829
      vertex 92.495 -36.491 8.11817
      vertex 92.5929 -36.2986 8.14351
    endloop
  endfacet
  facet normal 0.704115 -0.656062 0.271671
    outer loop
      vertex 92.495 -36.4454 8.22829
      vertex 92.3566 -36.6247 8.154
      vertex 92.495 -36.491 8.11817
    endloop
  endfacet
  facet normal 0.965294 -0.25898 0.0337267
    outer loop
      vertex 92.6436 -36.1446 8.02534
      vertex 92.5929 -36.3272 8.07428
      vertex 92.6436 -36.1479 8
    endloop
  endfacet
  facet normal 0.965315 -0.241307 0.0996879
    outer loop
      vertex 92.5929 -36.2986 8.14351
      vertex 92.5929 -36.3272 8.07428
      vertex 92.6436 -36.1446 8.02534
    endloop
  endfacet
  facet normal -0.704055 -0.704055 -0.0928072
    outer loop
      vertex 91.4434 -36.645 8
      vertex 91.305 -36.5066 8
      vertex 91.4434 -36.6247 7.846
    endloop
  endfacet
  facet normal -0.704123 -0.70397 -0.0929334
    outer loop
      vertex 91.4434 -36.6247 7.846
      vertex 91.305 -36.5066 8
      vertex 91.305 -36.491 7.88183
    endloop
  endfacet
  facet normal 0.965323 -0.158816 0.207195
    outer loop
      vertex 92.6436 -36.0989 8.08478
      vertex 92.5929 -36.2529 8.20295
      vertex 92.6436 -36.1192 8.06922
    endloop
  endfacet
  facet normal 0.965333 -0.206929 0.159096
    outer loop
      vertex 92.5929 -36.2529 8.20295
      vertex 92.5929 -36.2986 8.14351
      vertex 92.6436 -36.1192 8.06922
    endloop
  endfacet
  facet normal 0.965323 -0.258815 -0.0341463
    outer loop
      vertex 92.6436 -36.1479 8
      vertex 92.5929 -36.337 8
      vertex 92.5929 -36.3272 7.92572
    endloop
  endfacet
  facet normal 0.864177 -0.498866 -0.0658169
    outer loop
      vertex 92.5929 -36.337 8
      vertex 92.495 -36.491 7.88183
      vertex 92.5929 -36.3272 7.92572
    endloop
  endfacet
  facet normal 0.965345 -0.241039 -0.10005
    outer loop
      vertex 92.6436 -36.1446 7.97466
      vertex 92.5929 -36.2986 7.85649
      vertex 92.6436 -36.1348 7.95105
    endloop
  endfacet
  facet normal 0.965325 -0.206878 -0.159215
    outer loop
      vertex 92.6436 -36.1348 7.95105
      vertex 92.5929 -36.2986 7.85649
      vertex 92.6436 -36.1192 7.93078
    endloop
  endfacet
  facet normal -0.965333 -0.206929 -0.159096
    outer loop
      vertex 91.2071 -36.2986 7.85649
      vertex 91.1564 -36.1192 7.93078
      vertex 91.2071 -36.2529 7.79705
    endloop
  endfacet
  facet normal -0.965325 -0.206878 -0.159215
    outer loop
      vertex 91.2071 -36.2986 7.85649
      vertex 91.1564 -36.1348 7.95105
      vertex 91.1564 -36.1192 7.93078
    endloop
  endfacet
  facet normal -0.965294 -0.25898 -0.0337267
    outer loop
      vertex 91.2071 -36.3272 7.92572
      vertex 91.1564 -36.1479 8
      vertex 91.1564 -36.1446 7.97466
    endloop
  endfacet
  facet normal -0.864177 -0.498866 0.0658169
    outer loop
      vertex 91.2071 -36.3272 8.07428
      vertex 91.2071 -36.337 8
      vertex 91.305 -36.491 8.11817
    endloop
  endfacet
  facet normal -0.864196 -0.465036 0.192114
    outer loop
      vertex 91.2071 -36.2986 8.14351
      vertex 91.2071 -36.3272 8.07428
      vertex 91.305 -36.491 8.11817
    endloop
  endfacet
  facet normal -0.965325 -0.206878 0.159215
    outer loop
      vertex 91.1564 -36.1192 8.06922
      vertex 91.1564 -36.1348 8.04895
      vertex 91.2071 -36.2986 8.14351
    endloop
  endfacet
  facet normal -0.496639 -0.332155 0.801887
    outer loop
      vertex 91.4434 -36.204 8.57474
      vertex 91.4434 -36.3475 8.5153
      vertex 91.613 -36.2293 8.6693
    endloop
  endfacet
  facet normal -0.496677 -0.113319 0.860506
    outer loop
      vertex 91.4434 -36.05 8.59502
      vertex 91.4434 -36.204 8.57474
      vertex 91.613 -36.2293 8.6693
    endloop
  endfacet
  facet normal -0.965333 -0.206929 0.159096
    outer loop
      vertex 91.2071 -36.2529 8.20295
      vertex 91.1564 -36.1192 8.06922
      vertex 91.2071 -36.2986 8.14351
    endloop
  endfacet
  facet normal -0.86417 -0.398923 0.306709
    outer loop
      vertex 91.2071 -36.2529 8.20295
      vertex 91.2071 -36.2986 8.14351
      vertex 91.305 -36.3728 8.32284
    endloop
  endfacet
  facet normal -0.86409 -0.465043 0.192571
    outer loop
      vertex 91.305 -36.4454 8.22829
      vertex 91.2071 -36.2986 8.14351
      vertex 91.305 -36.491 8.11817
    endloop
  endfacet
  facet normal -0.704115 -0.656062 0.271671
    outer loop
      vertex 91.305 -36.4454 8.22829
      vertex 91.305 -36.491 8.11817
      vertex 91.4434 -36.6247 8.154
    endloop
  endfacet
  facet normal 0.965338 -0.0999206 -0.241117
    outer loop
      vertex 92.6436 -36.0989 7.91522
      vertex 92.5929 -36.1935 7.75144
      vertex 92.6436 -36.0753 7.90544
    endloop
  endfacet
  facet normal -0.965338 -0.0999206 0.241117
    outer loop
      vertex 91.1564 -36.0753 8.09456
      vertex 91.1564 -36.0989 8.08478
      vertex 91.2071 -36.1935 8.24856
    endloop
  endfacet
  facet normal 0.864177 -0.498866 0.0658169
    outer loop
      vertex 92.5929 -36.3272 8.07428
      vertex 92.495 -36.491 8.11817
      vertex 92.5929 -36.337 8
    endloop
  endfacet
  facet normal 0.864196 -0.465036 0.192114
    outer loop
      vertex 92.5929 -36.2986 8.14351
      vertex 92.495 -36.491 8.11817
      vertex 92.5929 -36.3272 8.07428
    endloop
  endfacet
  facet normal 0.965325 -0.206878 0.159215
    outer loop
      vertex 92.6436 -36.1192 8.06922
      vertex 92.5929 -36.2986 8.14351
      vertex 92.6436 -36.1348 8.04895
    endloop
  endfacet
  facet normal 0.965338 -0.0999206 0.241117
    outer loop
      vertex 92.6436 -36.0753 8.09456
      vertex 92.5929 -36.1935 8.24856
      vertex 92.6436 -36.0989 8.08478
    endloop
  endfacet
  facet normal -0.965294 -0.25898 0.0337267
    outer loop
      vertex 91.1564 -36.1446 8.02534
      vertex 91.1564 -36.1479 8
      vertex 91.2071 -36.3272 8.07428
    endloop
  endfacet
  facet normal -0.965315 -0.241307 0.0996879
    outer loop
      vertex 91.2071 -36.2986 8.14351
      vertex 91.1564 -36.1446 8.02534
      vertex 91.2071 -36.3272 8.07428
    endloop
  endfacet
  facet normal -1 0 0
    outer loop
      vertex 91.1564 -36.0753 7.90544
      vertex 91.1564 -36.05 8.09789
      vertex 91.1564 -36.05 7.90211
    endloop
  endfacet
  facet normal -1 0 0
    outer loop
      vertex 91.1564 -36.0753 7.90544
      vertex 91.1564 -36.0753 8.09456
      vertex 91.1564 -36.05 8.09789
    endloop
  endfacet
  facet normal -1 0 0
    outer loop
      vertex 91.1564 -36.0989 7.91522
      vertex 91.1564 -36.0753 8.09456
      vertex 91.1564 -36.0753 7.90544
    endloop
  endfacet
  facet normal -1 0 0
    outer loop
      vertex 91.1564 -36.0989 7.91522
      vertex 91.1564 -36.0989 8.08478
      vertex 91.1564 -36.0753 8.09456
    endloop
  endfacet
  facet normal -1 0 0
    outer loop
      vertex 91.1564 -36.1192 7.93078
      vertex 91.1564 -36.0989 8.08478
      vertex 91.1564 -36.0989 7.91522
    endloop
  endfacet
  facet normal -1 0 0
    outer loop
      vertex 91.1564 -36.1192 7.93078
      vertex 91.1564 -36.1192 8.06922
      vertex 91.1564 -36.0989 8.08478
    endloop
  endfacet
  facet normal -1 0 0
    outer loop
      vertex 91.1564 -36.1348 7.95105
      vertex 91.1564 -36.1192 8.06922
      vertex 91.1564 -36.1192 7.93078
    endloop
  endfacet
  facet normal -1 0 0
    outer loop
      vertex 91.1564 -36.1348 7.95105
      vertex 91.1564 -36.1348 8.04895
      vertex 91.1564 -36.1192 8.06922
    endloop
  endfacet
  facet normal -1 0 0
    outer loop
      vertex 91.1564 -36.1446 7.97466
      vertex 91.1564 -36.1348 8.04895
      vertex 91.1564 -36.1348 7.95105
    endloop
  endfacet
  facet normal -1 0 0
    outer loop
      vertex 91.1564 -36.1446 7.97466
      vertex 91.1564 -36.1446 8.02534
      vertex 91.1564 -36.1348 8.04895
    endloop
  endfacet
  facet normal -1 0 -0
    outer loop
      vertex 91.1564 -36.1446 8.02534
      vertex 91.1564 -36.1446 7.97466
      vertex 91.1564 -36.1479 8
    endloop
  endfacet
  facet normal -0.965333 -0.0340621 0.25879
    outer loop
      vertex 91.1564 -36.05 8.09789
      vertex 91.1564 -36.0753 8.09456
      vertex 91.2071 -36.05 8.28701
    endloop
  endfacet
endsolid OpenSCAD_Model
