solid OpenSCAD_Model
  facet normal 0.6596716918342368 -0.08684741948412843 -0.7465191120939261
    outer loop
      vertex 2.399999998509884 -30.799999997019768 0.5999999999999999
      vertex 2.352296158671379 -31.16234666109085 0.5999999999999999
      vertex 1.7999999970197678 -30.200000002980232 0
    endloop
  endfacet
  facet normal 0.6596716903214332 -0.08684742107072282 -0.7465191132461564
    outer loop
      vertex 2.352296158671379 -31.16234666109085 0.5999999999999999
      vertex 1.752296157181263 -30.562346659600735 0
      vertex 1.7999999970197678 -30.200000002980232 0
    endloop
  endfacet
  facet normal 0.46066637150142187 -0.3534817412420917 -0.8141481147654724
    outer loop
      vertex 2.2124355658888817 -31.5 0.5999999999999999
      vertex 1.989949494600296 -31.789949491620064 0.5999999999999999
      vertex 1.6124355643987656 -30.899999998509884 0
    endloop
  endfacet
  facet normal 0.5615166669787476 -0.23258781966918626 -0.7941044886201138
    outer loop
      vertex 2.2124355658888817 -31.5 0.5999999999999999
      vertex 1.752296157181263 -30.562346659600735 0
      vertex 2.352296158671379 -31.16234666109085 0.5999999999999999
    endloop
  endfacet
  facet normal 0.4606663715014219 -0.35348174124209164 -0.8141481147654724
    outer loop
      vertex 1.989949494600296 -31.789949491620064 0.5999999999999999
      vertex 1.38994949311018 -31.189949490129948 0
      vertex 1.6124355643987656 -30.899999998509884 0
    endloop
  endfacet
  facet normal 0.5615166669787476 -0.23258781966918624 -0.7941044886201137
    outer loop
      vertex 2.2124355658888817 -31.5 0.5999999999999999
      vertex 1.6124355643987656 -30.899999998509884 0
      vertex 1.752296157181263 -30.562346659600735 0
    endloop
  endfacet
  facet normal 0 0 -1
    outer loop
      vertex 1.7999999970197678 -30.200000002980232 0
      vertex 1.752296157181263 -30.562346659600735 0
      vertex 1.38994949311018 -31.189949490129948 0
    endloop
  endfacet
  facet normal 0.35348174819373956 -0.46066636513425885 -0.8141481153499573
    outer loop
      vertex 1.989949494600296 -31.789949491620064 0.5999999999999999
      vertex 1.1000000014901161 -31.412435568869114 0
      vertex 1.38994949311018 -31.189949490129948 0
    endloop
  endfacet
  facet normal 0 0 -1
    outer loop
      vertex 1.752296157181263 -30.562346659600735 0
      vertex 1.6124355643987656 -30.899999998509884 0
      vertex 1.38994949311018 -31.189949490129948 0
    endloop
  endfacet
  facet normal 0.3534817428883417 -0.4606663736468566 -0.8141481128367707
    outer loop
      vertex 1.989949494600296 -31.789949491620064 0.5999999999999999
      vertex 1.7000000029802322 -32.01243556290865 0.5999999999999999
      vertex 1.1000000014901161 -31.412435568869114 0
    endloop
  endfacet
  facet normal 0.23258782095703875 -0.5615166700878985 -0.7941044860444086
    outer loop
      vertex 1.7000000029802322 -32.01243556290865 0.5999999999999999
      vertex 1.362346664071083 -32.15229615569115 0.5999999999999999
      vertex 1.1000000014901161 -31.412435568869114 0
    endloop
  endfacet
  facet normal 0 0 -1
    outer loop
      vertex 1.7999999970197678 -30.200000002980232 0
      vertex 1.38994949311018 -31.189949490129948 0
      vertex 0.3999999985098839 -31.600000001490116 0
    endloop
  endfacet
  facet normal 0 0 -1
    outer loop
      vertex 1.38994949311018 -31.189949490129948 0
      vertex 1.1000000014901161 -31.412435568869114 0
      vertex 0.3999999985098839 -31.600000001490116 0
    endloop
  endfacet
  facet normal 0.23258781023764402 -0.5615166741218138 -0.7941044863316379
    outer loop
      vertex 1.362346664071083 -32.15229615569115 0.5999999999999999
      vertex 0.762346662580967 -31.55229615420103 0
      vertex 1.1000000014901161 -31.412435568869114 0
    endloop
  endfacet
  facet normal 0.08684743199667648 -0.6596716838462634 -0.7465191176969402
    outer loop
      vertex 1.362346664071083 -32.15229615569115 0.5999999999999999
      vertex 1 -32.20000000298023 0.5999999999999999
      vertex 0.762346662580967 -31.55229615420103 0
    endloop
  endfacet
  facet normal 0 0 -1
    outer loop
      vertex 1.1000000014901161 -31.412435568869114 0
      vertex 0.762346662580967 -31.55229615420103 0
      vertex 0.3999999985098839 -31.600000001490116 0
    endloop
  endfacet
  facet normal 0.08684743199667656 -0.6596716838462634 -0.7465191176969402
    outer loop
      vertex 1 -32.20000000298023 0.5999999999999999
      vertex 0.3999999985098839 -31.600000001490116 0
      vertex 0.762346662580967 -31.55229615420103 0
    endloop
  endfacet
  facet normal 0 -0.7071067803084882 -0.7071067820646069
    outer loop
      vertex 1 -32.20000000298023 0.5999999999999999
      vertex 0.20000000298023224 -31.600000001490116 0
      vertex 0.3999999985098839 -31.600000001490116 0
    endloop
  endfacet
  facet normal 0 0 -1
    outer loop
      vertex 1.7999999970197678 -30.200000002980232 0
      vertex 0.3999999985098839 -31.600000001490116 0
      vertex -1.2000000029802322 -30.200000002980232 0
    endloop
  endfacet
  facet normal 0 0 -1
    outer loop
      vertex 0.3999999985098839 -31.600000001490116 0
      vertex 0.20000000298023224 -31.600000001490116 0
      vertex -0.16234666109085083 -31.55229615420103 0
    endloop
  endfacet
  facet normal 0 -0.7071067803084881 -0.707106782064607
    outer loop
      vertex 1 -32.20000000298023 0.5999999999999999
      vertex -0.3999999985098839 -32.20000000298023 0.5999999999999999
      vertex 0.20000000298023224 -31.600000001490116 0
    endloop
  endfacet
  facet normal 0 0 -1
    outer loop
      vertex 0.3999999985098839 -31.600000001490116 0
      vertex -0.16234666109085083 -31.55229615420103 0
      vertex -0.5 -31.412435568869114 0
    endloop
  endfacet
  facet normal -0.08684743199667648 -0.6596716838462634 -0.7465191176969402
    outer loop
      vertex 0.20000000298023224 -31.600000001490116 0
      vertex -0.3999999985098839 -32.20000000298023 0.5999999999999999
      vertex -0.16234666109085083 -31.55229615420103 0
    endloop
  endfacet
  facet normal 0 0 -1
    outer loop
      vertex 0.3999999985098839 -31.600000001490116 0
      vertex -0.5 -31.412435568869114 0
      vertex -0.7899494916200638 -31.189949490129948 0
    endloop
  endfacet
  facet normal -0.232587810237644 -0.5615166741218139 -0.7941044863316379
    outer loop
      vertex -0.16234666109085083 -31.55229615420103 0
      vertex -0.762346662580967 -32.15229615569115 0.5999999999999999
      vertex -0.5 -31.412435568869114 0
    endloop
  endfacet
  facet normal -0.08684743199667656 -0.6596716838462634 -0.7465191176969402
    outer loop
      vertex -0.16234666109085083 -31.55229615420103 0
      vertex -0.3999999985098839 -32.20000000298023 0.5999999999999999
      vertex -0.762346662580967 -32.15229615569115 0.5999999999999999
    endloop
  endfacet
  facet normal 0.7071067803084882 0 -0.707106782064607
    outer loop
      vertex 2.399999998509884 -30.799999997019768 0.5999999999999999
      vertex 1.7999999970197678 -30.200000002980232 0
      vertex 1.7999999970197678 30.200000002980232 0
    endloop
  endfacet
  facet normal 0 0 -1
    outer loop
      vertex 1.7999999970197678 -30.200000002980232 0
      vertex -1.2000000029802322 -30.200000002980232 0
      vertex -1.2000000029802322 30.200000002980232 0
    endloop
  endfacet
  facet normal 0 0 -1
    outer loop
      vertex 0.3999999985098839 -31.600000001490116 0
      vertex -0.7899494916200638 -31.189949490129948 0
      vertex -1.2000000029802322 -30.200000002980232 0
    endloop
  endfacet
  facet normal -0.3534817481937397 -0.4606663651342588 -0.8141481153499573
    outer loop
      vertex -0.5 -31.412435568869114 0
      vertex -1.38994949311018 -31.789949491620064 0.5999999999999999
      vertex -0.7899494916200638 -31.189949490129948 0
    endloop
  endfacet
  facet normal 0 0 -1
    outer loop
      vertex -0.7899494916200638 -31.189949490129948 0
      vertex -1.0124355629086494 -30.899999998509884 0
      vertex -1.2000000029802322 -30.200000002980232 0
    endloop
  endfacet
  facet normal -0.23258782095703887 -0.5615166700878985 -0.7941044860444088
    outer loop
      vertex -0.5 -31.412435568869114 0
      vertex -0.762346662580967 -32.15229615569115 0.5999999999999999
      vertex -1.1000000014901161 -32.01243556290865 0.5999999999999999
    endloop
  endfacet
  facet normal -0.3534817428883416 -0.4606663736468567 -0.8141481128367705
    outer loop
      vertex -0.5 -31.412435568869114 0
      vertex -1.1000000014901161 -32.01243556290865 0.5999999999999999
      vertex -1.38994949311018 -31.789949491620064 0.5999999999999999
    endloop
  endfacet
  facet normal -0.46066637150142187 -0.3534817412420917 -0.8141481147654724
    outer loop
      vertex -0.7899494916200638 -31.189949490129948 0
      vertex -1.6124355643987656 -31.5 0.5999999999999999
      vertex -1.0124355629086494 -30.899999998509884 0
    endloop
  endfacet
  facet normal 0 0 -1
    outer loop
      vertex -1.0124355629086494 -30.899999998509884 0
      vertex -1.1522961556911469 -30.562346659600735 0
      vertex -1.2000000029802322 -30.200000002980232 0
    endloop
  endfacet
  facet normal -0.5615166669787476 -0.23258781966918626 -0.7941044886201138
    outer loop
      vertex -1.0124355629086494 -30.899999998509884 0
      vertex -1.6124355643987656 -31.5 0.5999999999999999
      vertex -1.1522961556911469 -30.562346659600735 0
    endloop
  endfacet
  facet normal -0.46066637150142176 -0.3534817412420918 -0.8141481147654724
    outer loop
      vertex -0.7899494916200638 -31.189949490129948 0
      vertex -1.38994949311018 -31.789949491620064 0.5999999999999999
      vertex -1.6124355643987656 -31.5 0.5999999999999999
    endloop
  endfacet
  facet normal -0.6596716828645454 -0.08684743365318981 -0.7465191183717357
    outer loop
      vertex -1.1522961556911469 -30.562346659600735 0
      vertex -1.752296157181263 -31.16234666109085 0.5999999999999999
      vertex -1.2000000029802322 -30.200000002980232 0
    endloop
  endfacet
  facet normal -0.5615166669787476 -0.23258781966918624 -0.7941044886201137
    outer loop
      vertex -1.1522961556911469 -30.562346659600735 0
      vertex -1.6124355643987656 -31.5 0.5999999999999999
      vertex -1.752296157181263 -31.16234666109085 0.5999999999999999
    endloop
  endfacet
  facet normal -0.659671695868233 -0.08684742001521395 -0.7465191084674461
    outer loop
      vertex -1.2000000029802322 -30.200000002980232 0
      vertex -1.752296157181263 -31.16234666109085 0.5999999999999999
      vertex -1.7999999970197678 -30.799999997019768 0.5999999999999999
    endloop
  endfacet
  facet normal -0.7071067846987849 0 -0.7071067776743101
    outer loop
      vertex -1.2000000029802322 -30.200000002980232 0
      vertex -1.7999999970197678 -30.799999997019768 0.5999999999999999
      vertex -1.7999999970197678 30.799999997019768 0.5999999999999999
    endloop
  endfacet
  facet normal 0.7071067803084881 0 -0.707106782064607
    outer loop
      vertex 2.399999998509884 -30.799999997019768 0.5999999999999999
      vertex 1.7999999970197678 30.200000002980232 0
      vertex 2.399999998509884 30.799999997019768 0.5999999999999999
    endloop
  endfacet
  facet normal 0 0 -1
    outer loop
      vertex 1.7999999970197678 -30.200000002980232 0
      vertex -1.2000000029802322 30.200000002980232 0
      vertex 1.7999999970197678 30.200000002980232 0
    endloop
  endfacet
  facet normal 0.6596716918342368 0.08684741948412843 -0.7465191120939261
    outer loop
      vertex 2.399999998509884 30.799999997019768 0.5999999999999999
      vertex 1.7999999970197678 30.200000002980232 0
      vertex 2.352296158671379 31.16234666109085 0.5999999999999999
    endloop
  endfacet
  facet normal 0.6596716903214332 0.08684742107072282 -0.7465191132461564
    outer loop
      vertex 2.352296158671379 31.16234666109085 0.5999999999999999
      vertex 1.7999999970197678 30.200000002980232 0
      vertex 1.752296157181263 30.562346659600735 0
    endloop
  endfacet
  facet normal 0.5615166669787476 0.23258781966918626 -0.7941044886201138
    outer loop
      vertex 2.352296158671379 31.16234666109085 0.5999999999999999
      vertex 1.752296157181263 30.562346659600735 0
      vertex 2.2124355658888817 31.5 0.5999999999999999
    endloop
  endfacet
  facet normal 0.46066637150142187 0.3534817412420917 -0.8141481147654724
    outer loop
      vertex 2.2124355658888817 31.5 0.5999999999999999
      vertex 1.6124355643987656 30.899999998509884 0
      vertex 1.989949494600296 31.789949491620064 0.5999999999999999
    endloop
  endfacet
  facet normal 0.5615166669787476 0.23258781966918624 -0.7941044886201137
    outer loop
      vertex 2.2124355658888817 31.5 0.5999999999999999
      vertex 1.752296157181263 30.562346659600735 0
      vertex 1.6124355643987656 30.899999998509884 0
    endloop
  endfacet
  facet normal 0 0 -1
    outer loop
      vertex 1.7999999970197678 30.200000002980232 0
      vertex 1.6124355643987656 30.899999998509884 0
      vertex 1.752296157181263 30.562346659600735 0
    endloop
  endfacet
  facet normal 0.4606663715014219 0.35348174124209164 -0.8141481147654724
    outer loop
      vertex 1.989949494600296 31.789949491620064 0.5999999999999999
      vertex 1.6124355643987656 30.899999998509884 0
      vertex 1.38994949311018 31.189949490129948 0
    endloop
  endfacet
  facet normal 0 0 -1
    outer loop
      vertex 1.7999999970197678 30.200000002980232 0
      vertex 1.1000000014901161 31.412435568869114 0
      vertex 1.6124355643987656 30.899999998509884 0
    endloop
  endfacet
  facet normal 0 0 -1
    outer loop
      vertex 1.6124355643987656 30.899999998509884 0
      vertex 1.1000000014901161 31.412435568869114 0
      vertex 1.38994949311018 31.189949490129948 0
    endloop
  endfacet
  facet normal 0.35348174819373956 0.46066636513425885 -0.8141481153499573
    outer loop
      vertex 1.989949494600296 31.789949491620064 0.5999999999999999
      vertex 1.38994949311018 31.189949490129948 0
      vertex 1.1000000014901161 31.412435568869114 0
    endloop
  endfacet
  facet normal 0.3534817428883417 0.4606663736468566 -0.8141481128367707
    outer loop
      vertex 1.989949494600296 31.789949491620064 0.5999999999999999
      vertex 1.1000000014901161 31.412435568869114 0
      vertex 1.7000000029802322 32.01243556290865 0.5999999999999999
    endloop
  endfacet
  facet normal 0.23258782095703875 0.5615166700878985 -0.7941044860444086
    outer loop
      vertex 1.7000000029802322 32.01243556290865 0.5999999999999999
      vertex 1.1000000014901161 31.412435568869114 0
      vertex 1.362346664071083 32.15229615569115 0.5999999999999999
    endloop
  endfacet
  facet normal 0 0 -1
    outer loop
      vertex 1.7999999970197678 30.200000002980232 0
      vertex 0.3999999985098839 31.600000001490116 0
      vertex 1.1000000014901161 31.412435568869114 0
    endloop
  endfacet
  facet normal 0.23258781023764402 0.5615166741218138 -0.7941044863316379
    outer loop
      vertex 1.362346664071083 32.15229615569115 0.5999999999999999
      vertex 1.1000000014901161 31.412435568869114 0
      vertex 0.762346662580967 31.55229615420103 0
    endloop
  endfacet
  facet normal 0.08684743199667648 0.6596716838462634 -0.7465191176969402
    outer loop
      vertex 1.362346664071083 32.15229615569115 0.5999999999999999
      vertex 0.762346662580967 31.55229615420103 0
      vertex 1 32.20000000298023 0.5999999999999999
    endloop
  endfacet
  facet normal 0 0 -1
    outer loop
      vertex 1.1000000014901161 31.412435568869114 0
      vertex 0.3999999985098839 31.600000001490116 0
      vertex 0.762346662580967 31.55229615420103 0
    endloop
  endfacet
  facet normal 0.08684743199667656 0.6596716838462634 -0.7465191176969402
    outer loop
      vertex 1 32.20000000298023 0.5999999999999999
      vertex 0.762346662580967 31.55229615420103 0
      vertex 0.3999999985098839 31.600000001490116 0
    endloop
  endfacet
  facet normal 0 0 -1
    outer loop
      vertex 1.7999999970197678 30.200000002980232 0
      vertex -1.2000000029802322 30.200000002980232 0
      vertex 0.3999999985098839 31.600000001490116 0
    endloop
  endfacet
  facet normal 0 0.7071067803084882 -0.7071067820646069
    outer loop
      vertex 1 32.20000000298023 0.5999999999999999
      vertex 0.3999999985098839 31.600000001490116 0
      vertex 0.20000000298023224 31.600000001490116 0
    endloop
  endfacet
  facet normal 0 0 -1
    outer loop
      vertex 0.3999999985098839 31.600000001490116 0
      vertex -0.16234666109085083 31.55229615420103 0
      vertex 0.20000000298023224 31.600000001490116 0
    endloop
  endfacet
  facet normal 0 0.7071067803084881 -0.707106782064607
    outer loop
      vertex 1 32.20000000298023 0.5999999999999999
      vertex 0.20000000298023224 31.600000001490116 0
      vertex -0.3999999985098839 32.20000000298023 0.5999999999999999
    endloop
  endfacet
  facet normal 0 0 -1
    outer loop
      vertex 0.3999999985098839 31.600000001490116 0
      vertex -0.7899494916200638 31.189949490129948 0
      vertex -0.16234666109085083 31.55229615420103 0
    endloop
  endfacet
  facet normal -0.08684743199667648 0.6596716838462634 -0.7465191176969402
    outer loop
      vertex 0.20000000298023224 31.600000001490116 0
      vertex -0.16234666109085083 31.55229615420103 0
      vertex -0.762346662580967 32.15229615569115 0.5999999999999999
    endloop
  endfacet
  facet normal 0 0 -1
    outer loop
      vertex -0.16234666109085083 31.55229615420103 0
      vertex -0.7899494916200638 31.189949490129948 0
      vertex -0.5 31.412435568869114 0
    endloop
  endfacet
  facet normal -0.232587810237644 0.5615166741218139 -0.7941044863316379
    outer loop
      vertex -0.16234666109085083 31.55229615420103 0
      vertex -0.5 31.412435568869114 0
      vertex -0.762346662580967 32.15229615569115 0.5999999999999999
    endloop
  endfacet
  facet normal -0.0868474319966764 0.6596716838462634 -0.7465191176969405
    outer loop
      vertex 0.20000000298023224 31.600000001490116 0
      vertex -0.762346662580967 32.15229615569115 0.5999999999999999
      vertex -0.3999999985098839 32.20000000298023 0.5999999999999999
    endloop
  endfacet
  facet normal -0.7071067846987849 0 -0.7071067776743103
    outer loop
      vertex -1.2000000029802322 -30.200000002980232 0
      vertex -1.7999999970197678 30.799999997019768 0.5999999999999999
      vertex -1.2000000029802322 30.200000002980232 0
    endloop
  endfacet
  facet normal 0 0 -1
    outer loop
      vertex 0.3999999985098839 31.600000001490116 0
      vertex -1.2000000029802322 30.200000002980232 0
      vertex -0.7899494916200638 31.189949490129948 0
    endloop
  endfacet
  facet normal 0 0 -1
    outer loop
      vertex -0.7899494916200638 31.189949490129948 0
      vertex -1.2000000029802322 30.200000002980232 0
      vertex -1.0124355629086494 30.899999998509884 0
    endloop
  endfacet
  facet normal -0.3534817481937397 0.4606663651342588 -0.8141481153499573
    outer loop
      vertex -0.5 31.412435568869114 0
      vertex -0.7899494916200638 31.189949490129948 0
      vertex -1.38994949311018 31.789949491620064 0.5999999999999999
    endloop
  endfacet
  facet normal -0.23258782095703887 0.5615166700878985 -0.7941044860444088
    outer loop
      vertex -0.5 31.412435568869114 0
      vertex -1.1000000014901161 32.01243556290865 0.5999999999999999
      vertex -0.762346662580967 32.15229615569115 0.5999999999999999
    endloop
  endfacet
  facet normal -0.3534817428883416 0.4606663736468567 -0.8141481128367705
    outer loop
      vertex -0.5 31.412435568869114 0
      vertex -1.38994949311018 31.789949491620064 0.5999999999999999
      vertex -1.1000000014901161 32.01243556290865 0.5999999999999999
    endloop
  endfacet
  facet normal 0 0 -1
    outer loop
      vertex -1.0124355629086494 30.899999998509884 0
      vertex -1.2000000029802322 30.200000002980232 0
      vertex -1.1522961556911469 30.562346659600735 0
    endloop
  endfacet
  facet normal -0.5615166669787476 0.23258781966918626 -0.7941044886201138
    outer loop
      vertex -1.0124355629086494 30.899999998509884 0
      vertex -1.1522961556911469 30.562346659600735 0
      vertex -1.6124355643987656 31.5 0.5999999999999999
    endloop
  endfacet
  facet normal -0.46066637150142187 0.3534817412420917 -0.8141481147654724
    outer loop
      vertex -0.7899494916200638 31.189949490129948 0
      vertex -1.0124355629086494 30.899999998509884 0
      vertex -1.38994949311018 31.789949491620064 0.5999999999999999
    endloop
  endfacet
  facet normal -0.6596716828645454 0.08684743365318981 -0.7465191183717357
    outer loop
      vertex -1.1522961556911469 30.562346659600735 0
      vertex -1.2000000029802322 30.200000002980232 0
      vertex -1.752296157181263 31.16234666109085 0.5999999999999999
    endloop
  endfacet
  facet normal -0.5615166669787476 0.23258781966918624 -0.7941044886201137
    outer loop
      vertex -1.1522961556911469 30.562346659600735 0
      vertex -1.752296157181263 31.16234666109085 0.5999999999999999
      vertex -1.6124355643987656 31.5 0.5999999999999999
    endloop
  endfacet
  facet normal -0.4606663715014219 0.35348174124209164 -0.8141481147654724
    outer loop
      vertex -1.0124355629086494 30.899999998509884 0
      vertex -1.6124355643987656 31.5 0.5999999999999999
      vertex -1.38994949311018 31.789949491620064 0.5999999999999999
    endloop
  endfacet
  facet normal -0.659671695868233 0.08684742001521395 -0.7465191084674461
    outer loop
      vertex -1.2000000029802322 30.200000002980232 0
      vertex -1.7999999970197678 30.799999997019768 0.5999999999999999
      vertex -1.752296157181263 31.16234666109085 0.5999999999999999
    endloop
  endfacet
  facet normal 0.9125546777193719 -0.37799252506907144 -0.1560948787257314
    outer loop
      vertex 2.2124355658888817 -31.5 0.5999999999999999
      vertex 2.352296158671379 -31.16234666109085 0.5999999999999999
      vertex 3.5124355629086494 -31.5 8.2
    endloop
  endfacet
  facet normal 0.977487974369171 -0.12868872380241872 -0.16720189092758345
    outer loop
      vertex 2.399999998509884 -30.799999997019768 0.5999999999999999
      vertex 3.7000000029802322 -30.799999997019768 8.2
      vertex 2.352296158671379 -31.16234666109085 0.5999999999999999
    endloop
  endfacet
  facet normal 0.786147557205755 -0.6032322404793758 -0.13447260816112885
    outer loop
      vertex 2.2124355658888817 -31.5 0.5999999999999999
      vertex 3.5124355629086494 -31.5 8.2
      vertex 1.989949494600296 -31.789949491620064 0.5999999999999999
    endloop
  endfacet
  facet normal 0.6054875981506022 -0.7890867965316418 -0.1035702468146433
    outer loop
      vertex 1.989949494600296 -31.789949491620064 0.5999999999999999
      vertex 3.289949491620064 -31.789949491620064 8.2
      vertex 1.7000000029802322 -32.01243556290865 0.5999999999999999
    endloop
  endfacet
  facet normal 0.3818661821618431 -0.9219065131802548 -0.06531921522004555
    outer loop
      vertex 1.7000000029802322 -32.01243556290865 0.5999999999999999
      vertex 2.662346661090851 -32.15229615569115 8.2
      vertex 1.362346664071083 -32.15229615569115 0.5999999999999999
    endloop
  endfacet
  facet normal 0.13049368217070345 -0.9911978405088745 -0.022321287688554344
    outer loop
      vertex 1.362346664071083 -32.15229615569115 0.5999999999999999
      vertex 2.662346661090851 -32.15229615569115 8.2
      vertex 1 -32.20000000298023 0.5999999999999999
    endloop
  endfacet
  facet normal 0.9856838996454753 0 -0.16860382551914058
    outer loop
      vertex 2.399999998509884 -30.799999997019768 0.5999999999999999
      vertex 2.399999998509884 30.799999997019768 0.5999999999999999
      vertex 3.7000000029802322 -30.799999997019768 8.2
    endloop
  endfacet
  facet normal 0.977487971997485 -0.1286887435893111 -0.16720188956363022
    outer loop
      vertex 2.352296158671379 -31.16234666109085 0.5999999999999999
      vertex 3.7000000029802322 -30.799999997019768 8.2
      vertex 3.652296155691147 -31.16234666109085 8.2
    endloop
  endfacet
  facet normal 0.9125546777193719 -0.37799252506907116 -0.1560948787257314
    outer loop
      vertex 2.352296158671379 -31.16234666109085 0.5999999999999999
      vertex 3.652296155691147 -31.16234666109085 8.2
      vertex 3.5124355629086494 -31.5 8.2
    endloop
  endfacet
  facet normal 0.786147557205755 -0.6032322404793758 -0.13447260816112885
    outer loop
      vertex 1.989949494600296 -31.789949491620064 0.5999999999999999
      vertex 3.5124355629086494 -31.5 8.2
      vertex 3.289949491620064 -31.789949491620064 8.2
    endloop
  endfacet
  facet normal 0.605487598150602 -0.7890867965316418 -0.10357024681464329
    outer loop
      vertex 1.7000000029802322 -32.01243556290865 0.5999999999999999
      vertex 3.289949491620064 -31.789949491620064 8.2
      vertex 3 -32.01243556290865 8.2
    endloop
  endfacet
  facet normal 0.3818661821618431 -0.9219065131802548 -0.06531921522004555
    outer loop
      vertex 1.7000000029802322 -32.01243556290865 0.5999999999999999
      vertex 3 -32.01243556290865 8.2
      vertex 2.662346661090851 -32.15229615569115 8.2
    endloop
  endfacet
  facet normal 0.13049368217070348 -0.9911978405088745 -0.022321287688554348
    outer loop
      vertex 1 -32.20000000298023 0.5999999999999999
      vertex 2.662346661090851 -32.15229615569115 8.2
      vertex 2.2999999970197678 -32.20000000298023 8.2
    endloop
  endfacet
  facet normal 0 -1 0
    outer loop
      vertex 1 -32.20000000298023 0.5999999999999999
      vertex 2.2999999970197678 -32.20000000298023 8.2
      vertex 2.2999999970197678 -32.20000000298023 8.209999999999999
    endloop
  endfacet
  facet normal 0.9238795320994044 -0.3826834333594615 0
    outer loop
      vertex 3.5124355629086494 -31.5 8.209999999999999
      vertex 3.652296155691147 -31.16234666109085 8.2
      vertex 3.652296155691147 -31.16234666109085 8.209999999999999
    endloop
  endfacet
  facet normal 0.793353338682037 -0.6087614311058687 0
    outer loop
      vertex 3.5124355629086494 -31.5 8.2
      vertex 3.5124355629086494 -31.5 8.209999999999999
      vertex 3.289949491620064 -31.789949491620064 8.209999999999999
    endloop
  endfacet
  facet normal 0 -1 0
    outer loop
      vertex 1 -32.20000000298023 0.5999999999999999
      vertex 2.2999999970197678 -32.20000000298023 8.209999999999999
      vertex -3.2999999970197678 -32.20000000298023 8.209999999999999
    endloop
  endfacet
  facet normal 0 -1 0
    outer loop
      vertex 1 -32.20000000298023 0.5999999999999999
      vertex -3.2999999970197678 -32.20000000298023 8.209999999999999
      vertex -0.3999999985098839 -32.20000000298023 0.5999999999999999
    endloop
  endfacet
  facet normal -0.13036460904470512 -0.9902174328628559 -0.049744390267814007
    outer loop
      vertex -0.3999999985098839 -32.20000000298023 0.5999999999999999
      vertex -3.2999999970197678 -32.20000000298023 8.2
      vertex -0.762346662580967 -32.15229615569115 0.5999999999999999
    endloop
  endfacet
  facet normal -0.37866756537857654 -0.9141843691847665 -0.14449157092547546
    outer loop
      vertex -0.762346662580967 -32.15229615569115 0.5999999999999999
      vertex -3.662346661090851 -32.15229615569115 8.2
      vertex -1.1000000014901161 -32.01243556290865 0.5999999999999999
    endloop
  endfacet
  facet normal -0.5929735093635105 -0.7727781185955785 -0.22626620740402384
    outer loop
      vertex -1.1000000014901161 -32.01243556290865 0.5999999999999999
      vertex -4.289949491620064 -31.789949491620064 8.2
      vertex -1.38994949311018 -31.789949491620064 0.5999999999999999
    endloop
  endfacet
  facet normal -0.7593224112831928 -0.5826485819438597 -0.28974144626181325
    outer loop
      vertex -1.38994949311018 -31.789949491620064 0.5999999999999999
      vertex -4.289949491620064 -31.789949491620064 8.2
      vertex -1.6124355643987656 -31.5 0.5999999999999999
    endloop
  endfacet
  facet normal -0.8713210366985038 -0.3609129916802101 -0.33247776383253835
    outer loop
      vertex -1.6124355643987656 -31.5 0.5999999999999999
      vertex -4.652296155691147 -31.16234666109085 8.2
      vertex -1.752296157181263 -31.16234666109085 0.5999999999999999
    endloop
  endfacet
  facet normal -0.9273043634270662 -0.12208192656575265 -0.35383982361390226
    outer loop
      vertex -1.752296157181263 -31.16234666109085 0.5999999999999999
      vertex -4.700000002980232 -30.799999997019768 8.2
      vertex -1.7999999970197678 -30.799999997019768 0.5999999999999999
    endloop
  endfacet
  facet normal 0 -1 0
    outer loop
      vertex -0.3999999985098839 -32.20000000298023 0.5999999999999999
      vertex -3.2999999970197678 -32.20000000298023 8.209999999999999
      vertex -3.2999999970197678 -32.20000000298023 8.2
    endloop
  endfacet
  facet normal -0.13036460904470515 -0.9902174328628559 -0.04974439026781401
    outer loop
      vertex -0.762346662580967 -32.15229615569115 0.5999999999999999
      vertex -3.2999999970197678 -32.20000000298023 8.2
      vertex -3.662346661090851 -32.15229615569115 8.2
    endloop
  endfacet
  facet normal -0.37866756537857643 -0.9141843691847666 -0.1444915709254754
    outer loop
      vertex -1.1000000014901161 -32.01243556290865 0.5999999999999999
      vertex -3.662346661090851 -32.15229615569115 8.2
      vertex -4 -32.01243556290865 8.2
    endloop
  endfacet
  facet normal -0.9342928490841766 8.060394319528718e-17 -0.3565064826201226
    outer loop
      vertex -1.7999999970197678 -30.799999997019768 0.5999999999999999
      vertex -4.700000002980232 -30.799999997019768 8.2
      vertex -4.368571430235493 -25.381571428488225 7.331428569764507
    endloop
  endfacet
  facet normal -0.5929735093635107 -0.7727781185955783 -0.22626620740402387
    outer loop
      vertex -1.1000000014901161 -32.01243556290865 0.5999999999999999
      vertex -4 -32.01243556290865 8.2
      vertex -4.289949491620064 -31.789949491620064 8.2
    endloop
  endfacet
  facet normal -0.7593224112831928 -0.5826485819438597 -0.28974144626181325
    outer loop
      vertex -1.6124355643987656 -31.5 0.5999999999999999
      vertex -4.289949491620064 -31.789949491620064 8.2
      vertex -4.5124355629086494 -31.5 8.2
    endloop
  endfacet
  facet normal -0.8713210366985038 -0.3609129916802099 -0.33247776383253835
    outer loop
      vertex -1.6124355643987656 -31.5 0.5999999999999999
      vertex -4.5124355629086494 -31.5 8.2
      vertex -4.652296155691147 -31.16234666109085 8.2
    endloop
  endfacet
  facet normal -0.9273043615668002 -0.12208194538809754 -0.3538398219949908
    outer loop
      vertex -1.752296157181263 -31.16234666109085 0.5999999999999999
      vertex -4.652296155691147 -31.16234666109085 8.2
      vertex -4.700000002980232 -30.799999997019768 8.2
    endloop
  endfacet
  facet normal -0.3826834333594615 -0.9238795320994044 0
    outer loop
      vertex -3.662346661090851 -32.15229615569115 8.209999999999999
      vertex -4 -32.01243556290865 8.209999999999999
      vertex -4 -32.01243556290865 8.2
    endloop
  endfacet
  facet normal -0.9238795320994044 -0.3826834333594615 0
    outer loop
      vertex -4.5124355629086494 -31.5 8.209999999999999
      vertex -4.652296155691147 -31.16234666109085 8.209999999999999
      vertex -4.652296155691147 -31.16234666109085 8.2
    endloop
  endfacet
  facet normal -0.9342928490841765 0 -0.35650648262012313
    outer loop
      vertex -4.368571430235493 -25.381571428488225 7.331428569764507
      vertex -4.700000002980232 -30.799999997019768 8.2
      vertex -4.700000002980232 -25.425 8.2
    endloop
  endfacet
  facet normal -0.9342928490841768 0 -0.35650648262012247
    outer loop
      vertex -1.7999999970197678 -30.799999997019768 0.5999999999999999
      vertex -4.368571430235493 -25.381571428488225 7.331428569764507
      vertex -4.368571430235493 25.381571428488225 7.331428569764507
    endloop
  endfacet
  facet normal 0.977487974369171 0.12868872380241872 -0.16720189092758345
    outer loop
      vertex 2.399999998509884 30.799999997019768 0.5999999999999999
      vertex 2.352296158671379 31.16234666109085 0.5999999999999999
      vertex 3.7000000029802322 30.799999997019768 8.2
    endloop
  endfacet
  facet normal 0.9125546777193719 0.37799252506907144 -0.1560948787257314
    outer loop
      vertex 2.352296158671379 31.16234666109085 0.5999999999999999
      vertex 2.2124355658888817 31.5 0.5999999999999999
      vertex 3.5124355629086494 31.5 8.2
    endloop
  endfacet
  facet normal 0.786147557205755 0.6032322404793758 -0.13447260816112885
    outer loop
      vertex 2.2124355658888817 31.5 0.5999999999999999
      vertex 1.989949494600296 31.789949491620064 0.5999999999999999
      vertex 3.5124355629086494 31.5 8.2
    endloop
  endfacet
  facet normal 0.6054875981506022 0.7890867965316418 -0.1035702468146433
    outer loop
      vertex 1.989949494600296 31.789949491620064 0.5999999999999999
      vertex 1.7000000029802322 32.01243556290865 0.5999999999999999
      vertex 3.289949491620064 31.789949491620064 8.2
    endloop
  endfacet
  facet normal 0.3818661821618431 0.9219065131802548 -0.06531921522004555
    outer loop
      vertex 1.7000000029802322 32.01243556290865 0.5999999999999999
      vertex 1.362346664071083 32.15229615569115 0.5999999999999999
      vertex 2.662346661090851 32.15229615569115 8.2
    endloop
  endfacet
  facet normal 0.13049368217070345 0.9911978405088745 -0.022321287688554344
    outer loop
      vertex 1.362346664071083 32.15229615569115 0.5999999999999999
      vertex 1 32.20000000298023 0.5999999999999999
      vertex 2.662346661090851 32.15229615569115 8.2
    endloop
  endfacet
  facet normal 0.9856838996454753 0 -0.16860382551914058
    outer loop
      vertex 3.7000000029802322 -30.799999997019768 8.2
      vertex 2.399999998509884 30.799999997019768 0.5999999999999999
      vertex 3.7000000029802322 30.799999997019768 8.2
    endloop
  endfacet
  facet normal 0.977487971997485 0.1286887435893111 -0.16720188956363022
    outer loop
      vertex 2.352296158671379 31.16234666109085 0.5999999999999999
      vertex 3.652296155691147 31.16234666109085 8.2
      vertex 3.7000000029802322 30.799999997019768 8.2
    endloop
  endfacet
  facet normal 0.9125546777193719 0.37799252506907116 -0.1560948787257314
    outer loop
      vertex 2.352296158671379 31.16234666109085 0.5999999999999999
      vertex 3.5124355629086494 31.5 8.2
      vertex 3.652296155691147 31.16234666109085 8.2
    endloop
  endfacet
  facet normal 0.786147557205755 0.6032322404793758 -0.13447260816112885
    outer loop
      vertex 1.989949494600296 31.789949491620064 0.5999999999999999
      vertex 3.289949491620064 31.789949491620064 8.2
      vertex 3.5124355629086494 31.5 8.2
    endloop
  endfacet
  facet normal 0.605487598150602 0.7890867965316418 -0.10357024681464329
    outer loop
      vertex 1.7000000029802322 32.01243556290865 0.5999999999999999
      vertex 3 32.01243556290865 8.2
      vertex 3.289949491620064 31.789949491620064 8.2
    endloop
  endfacet
  facet normal 0.3818661821618431 0.9219065131802548 -0.06531921522004555
    outer loop
      vertex 1.7000000029802322 32.01243556290865 0.5999999999999999
      vertex 2.662346661090851 32.15229615569115 8.2
      vertex 3 32.01243556290865 8.2
    endloop
  endfacet
  facet normal 0.13049368217070348 0.9911978405088745 -0.022321287688554348
    outer loop
      vertex 1 32.20000000298023 0.5999999999999999
      vertex 2.2999999970197678 32.20000000298023 8.2
      vertex 2.662346661090851 32.15229615569115 8.2
    endloop
  endfacet
  facet normal 0 1 0
    outer loop
      vertex 1 32.20000000298023 0.5999999999999999
      vertex 2.2999999970197678 32.20000000298023 8.209999999999999
      vertex 2.2999999970197678 32.20000000298023 8.2
    endloop
  endfacet
  facet normal 0.6087614311058687 0.793353338682037 0
    outer loop
      vertex 3.289949491620064 31.789949491620064 8.2
      vertex 3 32.01243556290865 8.209999999999999
      vertex 3.289949491620064 31.789949491620064 8.209999999999999
    endloop
  endfacet
  facet normal 0.3826834333594615 0.9238795320994044 0
    outer loop
      vertex 3 32.01243556290865 8.2
      vertex 2.662346661090851 32.15229615569115 8.2
      vertex 3 32.01243556290865 8.209999999999999
    endloop
  endfacet
  facet normal 0.3826834333594615 0.9238795320994044 0
    outer loop
      vertex 3 32.01243556290865 8.209999999999999
      vertex 2.662346661090851 32.15229615569115 8.2
      vertex 2.662346661090851 32.15229615569115 8.209999999999999
    endloop
  endfacet
  facet normal 0.13052620290209085 0.9914448599674932 -9.493023362758425e-16
    outer loop
      vertex 2.662346661090851 32.15229615569115 8.2
      vertex 2.2999999970197678 32.20000000298023 8.2
      vertex 2.3003150810754818 32.199958521373894 8.209999999999999
    endloop
  endfacet
  facet normal 0 1 0
    outer loop
      vertex 1 32.20000000298023 0.5999999999999999
      vertex -3.2999999970197678 32.20000000298023 8.209999999999999
      vertex 2.2999999970197678 32.20000000298023 8.209999999999999
    endloop
  endfacet
  facet normal -0.9342928490841768 0 -0.3565064826201226
    outer loop
      vertex -1.7999999970197678 -30.799999997019768 0.5999999999999999
      vertex -4.368571430235493 25.381571428488225 7.331428569764507
      vertex -1.7999999970197678 30.799999997019768 0.5999999999999999
    endloop
  endfacet
  facet normal 0 1 0
    outer loop
      vertex 1 32.20000000298023 0.5999999999999999
      vertex -0.3999999985098839 32.20000000298023 0.5999999999999999
      vertex -3.2999999970197678 32.20000000298023 8.209999999999999
    endloop
  endfacet
  facet normal -0.13036460904470512 0.9902174328628559 -0.049744390267814007
    outer loop
      vertex -0.3999999985098839 32.20000000298023 0.5999999999999999
      vertex -0.762346662580967 32.15229615569115 0.5999999999999999
      vertex -3.2999999970197678 32.20000000298023 8.2
    endloop
  endfacet
  facet normal -0.37866756537857654 0.9141843691847665 -0.14449157092547546
    outer loop
      vertex -0.762346662580967 32.15229615569115 0.5999999999999999
      vertex -1.1000000014901161 32.01243556290865 0.5999999999999999
      vertex -4 32.01243556290865 8.2
    endloop
  endfacet
  facet normal -0.5929735093635105 0.7727781185955785 -0.22626620740402378
    outer loop
      vertex -1.1000000014901161 32.01243556290865 0.5999999999999999
      vertex -1.38994949311018 31.789949491620064 0.5999999999999999
      vertex -4 32.01243556290865 8.2
    endloop
  endfacet
  facet normal -0.7593224112831928 0.5826485819438597 -0.28974144626181325
    outer loop
      vertex -1.38994949311018 31.789949491620064 0.5999999999999999
      vertex -1.6124355643987656 31.5 0.5999999999999999
      vertex -4.5124355629086494 31.5 8.2
    endloop
  endfacet
  facet normal -0.9273043634270662 0.12208192656575265 -0.35383982361390226
    outer loop
      vertex -1.7999999970197678 30.799999997019768 0.5999999999999999
      vertex -4.700000002980232 30.799999997019768 8.2
      vertex -1.752296157181263 31.16234666109085 0.5999999999999999
    endloop
  endfacet
  facet normal -0.8713210366985038 0.3609129916802101 -0.33247776383253835
    outer loop
      vertex -1.752296157181263 31.16234666109085 0.5999999999999999
      vertex -4.5124355629086494 31.5 8.2
      vertex -1.6124355643987656 31.5 0.5999999999999999
    endloop
  endfacet
  facet normal 0 1 0
    outer loop
      vertex -0.3999999985098839 32.20000000298023 0.5999999999999999
      vertex -3.2999999970197678 32.20000000298023 8.2
      vertex -3.2999999970197678 32.20000000298023 8.209999999999999
    endloop
  endfacet
  facet normal -0.13036460904470515 0.9902174328628559 -0.04974439026781401
    outer loop
      vertex -0.762346662580967 32.15229615569115 0.5999999999999999
      vertex -3.662346661090851 32.15229615569115 8.2
      vertex -3.2999999970197678 32.20000000298023 8.2
    endloop
  endfacet
  facet normal -0.9342928490841765 -6.64037131960344e-16 -0.35650648262012297
    outer loop
      vertex -1.7999999970197678 30.799999997019768 0.5999999999999999
      vertex -4.368571430235493 25.381571428488225 7.331428569764507
      vertex -4.700000002980232 25.425 8.2
    endloop
  endfacet
  facet normal -0.37866756537857643 0.9141843691847666 -0.1444915709254754
    outer loop
      vertex -0.762346662580967 32.15229615569115 0.5999999999999999
      vertex -4 32.01243556290865 8.2
      vertex -3.662346661090851 32.15229615569115 8.2
    endloop
  endfacet
  facet normal -0.5929735093635107 0.7727781185955783 -0.22626620740402387
    outer loop
      vertex -1.38994949311018 31.789949491620064 0.5999999999999999
      vertex -4.289949491620064 31.789949491620064 8.2
      vertex -4 32.01243556290865 8.2
    endloop
  endfacet
  facet normal -0.7593224112831928 0.5826485819438597 -0.28974144626181325
    outer loop
      vertex -1.38994949311018 31.789949491620064 0.5999999999999999
      vertex -4.5124355629086494 31.5 8.2
      vertex -4.289949491620064 31.789949491620064 8.2
    endloop
  endfacet
  facet normal -0.8713210366985038 0.3609129916802099 -0.33247776383253835
    outer loop
      vertex -1.752296157181263 31.16234666109085 0.5999999999999999
      vertex -4.652296155691147 31.16234666109085 8.2
      vertex -4.5124355629086494 31.5 8.2
    endloop
  endfacet
  facet normal -0.9342928490841766 0 -0.3565064826201226
    outer loop
      vertex -1.7999999970197678 30.799999997019768 0.5999999999999999
      vertex -4.700000002980232 25.425 8.2
      vertex -4.700000002980232 30.799999997019768 8.2
    endloop
  endfacet
  facet normal -0.9273043615668002 0.12208194538809754 -0.3538398219949908
    outer loop
      vertex -1.752296157181263 31.16234666109085 0.5999999999999999
      vertex -4.700000002980232 30.799999997019768 8.2
      vertex -4.652296155691147 31.16234666109085 8.2
    endloop
  endfacet
  facet normal -0.6087614311058687 0.793353338682037 0
    outer loop
      vertex -4 32.01243556290865 8.2
      vertex -4.289949491620064 31.789949491620064 8.209999999999999
      vertex -4 32.01243556290865 8.209999999999999
    endloop
  endfacet
  facet normal 0.9238795320994044 -0.3826834333594615 0
    outer loop
      vertex 3.5124355629086494 -31.5 8.2
      vertex 3.652296155691147 -31.16234666109085 8.2
      vertex 3.5124355629086494 -31.5 8.209999999999999
    endloop
  endfacet
  facet normal 0.793353338682037 -0.6087614311058687 0
    outer loop
      vertex 3.5124355629086494 -31.5 8.2
      vertex 3.289949491620064 -31.789949491620064 8.209999999999999
      vertex 3.289949491620064 -31.789949491620064 8.2
    endloop
  endfacet
  facet normal 0.6087614311058687 -0.793353338682037 0
    outer loop
      vertex 3.289949491620064 -31.789949491620064 8.2
      vertex 3.289949491620064 -31.789949491620064 8.209999999999999
      vertex 3 -32.01243556290865 8.2
    endloop
  endfacet
  facet normal 0.13052620290209085 -0.9914448599674932 0
    outer loop
      vertex 2.662346661090851 -32.15229615569115 8.2
      vertex 2.2999999970197678 -32.20000000298023 8.209999999999999
      vertex 2.2999999970197678 -32.20000000298023 8.2
    endloop
  endfacet
  facet normal -0.13052620290209085 -0.9914448599674932 0
    outer loop
      vertex -3.2999999970197678 -32.20000000298023 8.209999999999999
      vertex -3.662346661090851 -32.15229615569115 8.2
      vertex -3.2999999970197678 -32.20000000298023 8.2
    endloop
  endfacet
  facet normal -0.3826834333594615 -0.9238795320994044 0
    outer loop
      vertex -3.662346661090851 -32.15229615569115 8.2
      vertex -3.662346661090851 -32.15229615569115 8.209999999999999
      vertex -4 -32.01243556290865 8.2
    endloop
  endfacet
  facet normal -0.6087614311058687 -0.793353338682037 0
    outer loop
      vertex -4 -32.01243556290865 8.2
      vertex -4 -32.01243556290865 8.209999999999999
      vertex -4.289949491620064 -31.789949491620064 8.2
    endloop
  endfacet
  facet normal -0.793353338682037 -0.6087614311058687 0
    outer loop
      vertex -4.289949491620064 -31.789949491620064 8.2
      vertex -4.5124355629086494 -31.5 8.209999999999999
      vertex -4.5124355629086494 -31.5 8.2
    endloop
  endfacet
  facet normal -0.9238795320994044 -0.3826834333594615 0
    outer loop
      vertex -4.5124355629086494 -31.5 8.2
      vertex -4.5124355629086494 -31.5 8.209999999999999
      vertex -4.652296155691147 -31.16234666109085 8.2
    endloop
  endfacet
  facet normal 0.6087614311058687 0.793353338682037 0
    outer loop
      vertex 3.289949491620064 31.789949491620064 8.2
      vertex 3 32.01243556290865 8.2
      vertex 3 32.01243556290865 8.209999999999999
    endloop
  endfacet
  facet normal 0.1305262029020909 0.9914448599674932 0
    outer loop
      vertex 2.662346661090851 32.15229615569115 8.2
      vertex 2.3003150810754818 32.199958521373894 8.209999999999999
      vertex 2.662346661090851 32.15229615569115 8.209999999999999
    endloop
  endfacet
  facet normal 0.1305262029020426 0.9914448599674996 0
    outer loop
      vertex 2.3003150810754818 32.199958521373894 8.209999999999999
      vertex 2.2999999970197678 32.20000000298023 8.2
      vertex 2.2999999970197678 32.20000000298023 8.209999999999999
    endloop
  endfacet
  facet normal -0.13052620290209085 0.9914448599674932 0
    outer loop
      vertex -3.2999999970197678 32.20000000298023 8.209999999999999
      vertex -3.2999999970197678 32.20000000298023 8.2
      vertex -3.662346661090851 32.15229615569115 8.2
    endloop
  endfacet
  facet normal -0.3826834333594615 0.9238795320994044 0
    outer loop
      vertex -3.662346661090851 32.15229615569115 8.2
      vertex -4 32.01243556290865 8.2
      vertex -4 32.01243556290865 8.209999999999999
    endloop
  endfacet
  facet normal -0.6087614311058687 0.793353338682037 0
    outer loop
      vertex -4 32.01243556290865 8.2
      vertex -4.289949491620064 31.789949491620064 8.2
      vertex -4.289949491620064 31.789949491620064 8.209999999999999
    endloop
  endfacet
  facet normal -0.793353338682037 0.6087614311058687 0
    outer loop
      vertex -4.289949491620064 31.789949491620064 8.2
      vertex -4.5124355629086494 31.5 8.2
      vertex -4.289949491620064 31.789949491620064 8.209999999999999
    endloop
  endfacet
  facet normal 0.9238795320994047 -0.38268343335946153 0
    outer loop
      vertex 3.5124355629086494 -31.5 8.209999999999999
      vertex 3.652296155691147 -31.16234666109085 8.209999999999999
      vertex 3.5124355629086494 -31.5 19.71
    endloop
  endfacet
  facet normal 0.9914448599674932 -0.13052620290209085 0
    outer loop
      vertex 3.652296155691147 -31.16234666109085 8.2
      vertex 3.7000000029802322 -30.799999997019768 19.71
      vertex 3.652296155691147 -31.16234666109085 8.209999999999999
    endloop
  endfacet
  facet normal 0.9914448599674931 -0.13052620290209085 0
    outer loop
      vertex 3.652296155691147 -31.16234666109085 8.2
      vertex 3.7000000029802322 -30.799999997019768 8.2
      vertex 3.7000000029802322 -30.799999997019768 19.71
    endloop
  endfacet
  facet normal 0.7933533386820368 -0.6087614311058687 0
    outer loop
      vertex 3.5124355629086494 -31.5 8.209999999999999
      vertex 3.289949491620064 -31.789949491620064 19.71
      vertex 3.289949491620064 -31.789949491620064 8.209999999999999
    endloop
  endfacet
  facet normal 0.6087614311058687 -0.7933533386820368 0
    outer loop
      vertex 3.289949491620064 -31.789949491620064 8.209999999999999
      vertex 3.289949491620064 -31.789949491620064 19.71
      vertex 3 -32.01243556290865 8.2
    endloop
  endfacet
  facet normal 0.38268343335946153 -0.9238795320994045 0
    outer loop
      vertex 3 -32.01243556290865 8.2
      vertex 3 -32.01243556290865 19.71
      vertex 2.662346661090851 -32.15229615569115 8.2
    endloop
  endfacet
  facet normal 0.13052620290209088 -0.9914448599674931 0
    outer loop
      vertex 2.662346661090851 -32.15229615569115 8.2
      vertex 2.2999999970197678 -32.20000000298023 19.71
      vertex 2.2999999970197678 -32.20000000298023 8.209999999999999
    endloop
  endfacet
  facet normal 0.9238795320994047 -0.38268343335946153 0
    outer loop
      vertex 3.652296155691147 -31.16234666109085 8.209999999999999
      vertex 3.652296155691147 -31.16234666109085 19.71
      vertex 3.5124355629086494 -31.5 19.71
    endloop
  endfacet
  facet normal 0.7933533386820368 -0.6087614311058687 0
    outer loop
      vertex 3.5124355629086494 -31.5 8.209999999999999
      vertex 3.5124355629086494 -31.5 19.71
      vertex 3.289949491620064 -31.789949491620064 19.71
    endloop
  endfacet
  facet normal 0.9914448599674933 -0.13052620290209088 0
    outer loop
      vertex 3.652296155691147 -31.16234666109085 8.209999999999999
      vertex 3.7000000029802322 -30.799999997019768 19.71
      vertex 3.652296155691147 -31.16234666109085 19.71
    endloop
  endfacet
  facet normal 0.6087614311058687 -0.7933533386820368 0
    outer loop
      vertex 3 -32.01243556290865 8.2
      vertex 3.289949491620064 -31.789949491620064 19.71
      vertex 3 -32.01243556290865 19.71
    endloop
  endfacet
  facet normal 0.38268343335946153 -0.9238795320994045 0
    outer loop
      vertex 2.662346661090851 -32.15229615569115 8.2
      vertex 3 -32.01243556290865 19.71
      vertex 2.662346661090851 -32.15229615569115 19.71
    endloop
  endfacet
  facet normal 0.13052620290209085 -0.9914448599674931 0
    outer loop
      vertex 2.662346661090851 -32.15229615569115 8.2
      vertex 2.662346661090851 -32.15229615569115 19.71
      vertex 2.2999999970197678 -32.20000000298023 19.71
    endloop
  endfacet
  facet normal 0 0 1
    outer loop
      vertex 3.5124355629086494 -31.5 19.71
      vertex 3.7000000029802322 -30.799999997019768 19.71
      vertex 3.289949491620064 -31.789949491620064 19.71
    endloop
  endfacet
  facet normal 0 0 1
    outer loop
      vertex 3.5124355629086494 -31.5 19.71
      vertex 3.652296155691147 -31.16234666109085 19.71
      vertex 3.7000000029802322 -30.799999997019768 19.71
    endloop
  endfacet
  facet normal 0 0 1
    outer loop
      vertex 3.7000000029802322 -30.799999997019768 19.71
      vertex 2.2999999970197678 -32.20000000298023 19.71
      vertex 3.289949491620064 -31.789949491620064 19.71
    endloop
  endfacet
  facet normal 0 0 1
    outer loop
      vertex 3.7000000029802322 -30.799999997019768 19.71
      vertex 3.3 -30.95 19.71
      vertex 2.2999999970197678 -32.20000000298023 19.71
    endloop
  endfacet
  facet normal 0 0 1
    outer loop
      vertex 3.289949491620064 -31.789949491620064 19.71
      vertex 2.2999999970197678 -32.20000000298023 19.71
      vertex 3 -32.01243556290865 19.71
    endloop
  endfacet
  facet normal 0 0 1
    outer loop
      vertex 3 -32.01243556290865 19.71
      vertex 2.2999999970197678 -32.20000000298023 19.71
      vertex 2.662346661090851 -32.15229615569115 19.71
    endloop
  endfacet
  facet normal 0 0 1
    outer loop
      vertex 3.3 -30.95 19.71
      vertex 2.5 -31 19.71
      vertex 2.2999999970197678 -32.20000000298023 19.71
    endloop
  endfacet
  facet normal 0 0 1
    outer loop
      vertex 3.3 -30.95 19.71
      vertex 2.5 -30.95 19.71
      vertex 2.5 -31 19.71
    endloop
  endfacet
  facet normal 0 0 1
    outer loop
      vertex 2.5 -31 19.71
      vertex 1.2 -31 19.71
      vertex 2.2999999970197678 -32.20000000298023 19.71
    endloop
  endfacet
  facet normal 0 -1 0
    outer loop
      vertex 2.2999999970197678 -32.20000000298023 8.209999999999999
      vertex 2.2999999970197678 -32.20000000298023 19.71
      vertex -3.2999999970197678 -32.20000000298023 19.7
    endloop
  endfacet
  facet normal 0 0 1
    outer loop
      vertex 2.2999999970197678 -32.20000000298023 19.71
      vertex 1.2 -31 19.71
      vertex -0.5999999999999999 -30.999999999999996 19.71
    endloop
  endfacet
  facet normal 1 0 0
    outer loop
      vertex 3.7000000029802322 -30.799999997019768 8.2
      vertex 3.7000000029802322 30.799999997019768 19.71
      vertex 3.7000000029802322 -30.799999997019768 19.71
    endloop
  endfacet
  facet normal 0 0 1
    outer loop
      vertex 3.7000000029802322 -30.799999997019768 19.71
      vertex 3.7000000029802322 30.799999997019768 19.71
      vertex 3.3 -30.95 19.71
    endloop
  endfacet
  facet normal 0 -1 0
    outer loop
      vertex 2.2999999970197678 -32.20000000298023 8.209999999999999
      vertex -3.2999999970197678 -32.20000000298023 19.7
      vertex -3.2999999970197678 -32.20000000298023 8.209999999999999
    endloop
  endfacet
  facet normal -0.13052620290209088 -0.9914448599674932 0
    outer loop
      vertex -3.2999999970197678 -32.20000000298023 8.209999999999999
      vertex -3.2999999970197678 -32.20000000298023 19.7
      vertex -3.662346661090851 -32.15229615569115 8.2
    endloop
  endfacet
  facet normal -0.13052620290209085 -0.9914448599674932 0
    outer loop
      vertex -3.662346661090851 -32.15229615569115 8.2
      vertex -3.2999999970197678 -32.20000000298023 19.7
      vertex -3.662346661090851 -32.15229615569115 8.209999999999999
    endloop
  endfacet
  facet normal -0.38268343335946153 -0.9238795320994047 0
    outer loop
      vertex -3.662346661090851 -32.15229615569115 8.209999999999999
      vertex -4 -32.01243556290865 19.71
      vertex -4 -32.01243556290865 8.209999999999999
    endloop
  endfacet
  facet normal -0.6087614311058687 -0.7933533386820368 0
    outer loop
      vertex -4 -32.01243556290865 8.209999999999999
      vertex -4 -32.01243556290865 19.71
      vertex -4.289949491620064 -31.789949491620064 8.2
    endloop
  endfacet
  facet normal -0.7933533386820368 -0.6087614311058687 0
    outer loop
      vertex -4.289949491620064 -31.789949491620064 8.2
      vertex -4.5124355629086494 -31.5 19.71
      vertex -4.5124355629086494 -31.5 8.209999999999999
    endloop
  endfacet
  facet normal -0.9238795320994047 -0.38268343335946153 0
    outer loop
      vertex -4.5124355629086494 -31.5 8.209999999999999
      vertex -4.652296155691147 -31.16234666109085 19.71
      vertex -4.652296155691147 -31.16234666109085 8.209999999999999
    endloop
  endfacet
  facet normal -0.9914448599674932 -0.13052620290209085 0
    outer loop
      vertex -4.652296155691147 -31.16234666109085 8.2
      vertex -4.652296155691147 -31.16234666109085 8.209999999999999
      vertex -4.700000002980232 -30.799999997019768 19.71
    endloop
  endfacet
  facet normal -0.9914448599674931 -0.13052620290209085 0
    outer loop
      vertex -4.652296155691147 -31.16234666109085 8.2
      vertex -4.700000002980232 -30.799999997019768 19.71
      vertex -4.700000002980232 -30.799999997019768 8.2
    endloop
  endfacet
  facet normal -1 0 0
    outer loop
      vertex -4.700000002980232 -30.799999997019768 8.2
      vertex -4.700000002980232 -30.799999997019768 19.71
      vertex -4.700000002980232 -25.425 8.2
    endloop
  endfacet
  facet normal 0 0 1
    outer loop
      vertex 2.2999999970197678 -32.20000000298023 19.71
      vertex -0.5999999999999999 -30.999999999999996 19.71
      vertex -4.3 -30.95 19.71
    endloop
  endfacet
  facet normal 0 -1 0
    outer loop
      vertex 2.2999999970197678 -32.20000000298023 19.71
      vertex -3.2999999970197678 -32.20000000298023 19.71
      vertex -3.2999999970197678 -32.20000000298023 19.7
    endloop
  endfacet
  facet normal 0 0 1
    outer loop
      vertex 2.2999999970197678 -32.20000000298023 19.71
      vertex -3.662346661090851 -32.15229615569115 19.71
      vertex -3.2999999970197678 -32.20000000298023 19.71
    endloop
  endfacet
  facet normal 0 0 1
    outer loop
      vertex 2.2999999970197678 -32.20000000298023 19.71
      vertex -4.3 -30.95 19.71
      vertex -3.662346661090851 -32.15229615569115 19.71
    endloop
  endfacet
  facet normal 0 0 1
    outer loop
      vertex -0.5999999999999999 -30.999999999999996 19.71
      vertex -0.6000000000000001 -30.95 19.71
      vertex -4.3 -30.95 19.71
    endloop
  endfacet
  facet normal -0.13052620290209088 -0.9914448599674933 0
    outer loop
      vertex -3.662346661090851 -32.15229615569115 8.209999999999999
      vertex -3.2999999970197678 -32.20000000298023 19.7
      vertex -3.662346661090851 -32.15229615569115 19.71
    endloop
  endfacet
  facet normal -0.38268343335946153 -0.9238795320994047 0
    outer loop
      vertex -3.662346661090851 -32.15229615569115 8.209999999999999
      vertex -3.662346661090851 -32.15229615569115 19.71
      vertex -4 -32.01243556290865 19.71
    endloop
  endfacet
  facet normal -0.6087614311058687 -0.7933533386820368 0
    outer loop
      vertex -4.289949491620064 -31.789949491620064 8.2
      vertex -4 -32.01243556290865 19.71
      vertex -4.289949491620064 -31.789949491620064 19.71
    endloop
  endfacet
  facet normal -0.7933533386820368 -0.6087614311058687 0
    outer loop
      vertex -4.289949491620064 -31.789949491620064 8.2
      vertex -4.289949491620064 -31.789949491620064 19.71
      vertex -4.5124355629086494 -31.5 19.71
    endloop
  endfacet
  facet normal -0.9238795320994047 -0.38268343335946153 0
    outer loop
      vertex -4.5124355629086494 -31.5 8.209999999999999
      vertex -4.5124355629086494 -31.5 19.71
      vertex -4.652296155691147 -31.16234666109085 19.71
    endloop
  endfacet
  facet normal -0.9914448599674933 -0.13052620290209088 0
    outer loop
      vertex -4.652296155691147 -31.16234666109085 8.209999999999999
      vertex -4.652296155691147 -31.16234666109085 19.71
      vertex -4.700000002980232 -30.799999997019768 19.71
    endloop
  endfacet
  facet normal -1 0 0
    outer loop
      vertex -4.700000002980232 -25.425 8.2
      vertex -4.700000002980232 -30.799999997019768 19.71
      vertex -4.700000002980232 -26.0005 19.71
    endloop
  endfacet
  facet normal -0.13052620290209085 -0.9914448599674932 0
    outer loop
      vertex -3.2999999970197678 -32.20000000298023 19.7
      vertex -3.2999999970197678 -32.20000000298023 19.71
      vertex -3.662346661090851 -32.15229615569115 19.71
    endloop
  endfacet
  facet normal 0 0 1
    outer loop
      vertex -3.662346661090851 -32.15229615569115 19.71
      vertex -4.5124355629086494 -31.5 19.71
      vertex -4 -32.01243556290865 19.71
    endloop
  endfacet
  facet normal 0 0 1
    outer loop
      vertex -4 -32.01243556290865 19.71
      vertex -4.5124355629086494 -31.5 19.71
      vertex -4.289949491620064 -31.789949491620064 19.71
    endloop
  endfacet
  facet normal 0 0 1
    outer loop
      vertex -3.662346661090851 -32.15229615569115 19.71
      vertex -4.3 -30.95 19.71
      vertex -4.700000002980232 -30.799999997019768 19.71
    endloop
  endfacet
  facet normal 0 0 1
    outer loop
      vertex -3.662346661090851 -32.15229615569115 19.71
      vertex -4.700000002980232 -30.799999997019768 19.71
      vertex -4.5124355629086494 -31.5 19.71
    endloop
  endfacet
  facet normal 0 0 1
    outer loop
      vertex -4.5124355629086494 -31.5 19.71
      vertex -4.700000002980232 -30.799999997019768 19.71
      vertex -4.652296155691147 -31.16234666109085 19.71
    endloop
  endfacet
  facet normal 0 0 1
    outer loop
      vertex -4.3 -30.95 19.71
      vertex -4.3 -26.0005 19.71
      vertex -4.700000002980232 -30.799999997019768 19.71
    endloop
  endfacet
  facet normal 0 0 1
    outer loop
      vertex -4.700000002980232 -30.799999997019768 19.71
      vertex -4.3 -26.0005 19.71
      vertex -4.700000002980232 -26.0005 19.71
    endloop
  endfacet
  facet normal 1 0 0
    outer loop
      vertex 3.7000000029802322 -30.799999997019768 8.2
      vertex 3.7000000029802322 30.799999997019768 8.2
      vertex 3.7000000029802322 30.799999997019768 19.71
    endloop
  endfacet
  facet normal 0.9914448599674931 0.13052620290209085 0
    outer loop
      vertex 3.7000000029802322 30.799999997019768 8.2
      vertex 3.652296155691147 31.16234666109085 8.2
      vertex 3.7000000029802322 30.799999997019768 19.71
    endloop
  endfacet
  facet normal 0.9238795320994045 0.3826834333594615 0
    outer loop
      vertex 3.652296155691147 31.16234666109085 8.2
      vertex 3.5124355629086494 31.5 8.2
      vertex 3.652296155691147 31.16234666109085 19.7
    endloop
  endfacet
  facet normal 0.793353338682037 0.6087614311058687 0
    outer loop
      vertex 3.5124355629086494 31.5 8.2
      vertex 3.289949491620064 31.789949491620064 8.2
      vertex 3.5124355629086494 31.5 19.7
    endloop
  endfacet
  facet normal 0.793353338682037 0.6087614311058687 0
    outer loop
      vertex 3.289949491620064 31.789949491620064 8.2
      vertex 3.289949491620064 31.789949491620064 8.209999999999999
      vertex 3.5124355629086494 31.5 19.7
    endloop
  endfacet
  facet normal 0.6087614311058687 0.793353338682037 0
    outer loop
      vertex 3.289949491620064 31.789949491620064 8.209999999999999
      vertex 3 32.01243556290865 8.209999999999999
      vertex 3.289949491620064 31.789949491620064 19.7
    endloop
  endfacet
  facet normal 0.3826834333594615 0.9238795320994045 0
    outer loop
      vertex 3 32.01243556290865 8.209999999999999
      vertex 2.662346661090851 32.15229615569115 8.209999999999999
      vertex 3 32.01243556290865 19.7
    endloop
  endfacet
  facet normal 0.13052620290209088 0.9914448599674931 0
    outer loop
      vertex 2.662346661090851 32.15229615569115 8.209999999999999
      vertex 2.3003150810754818 32.199958521373894 8.209999999999999
      vertex 2.662346661090851 32.15229615569115 19.7
    endloop
  endfacet
  facet normal 0.13052620290204256 0.9914448599674995 0
    outer loop
      vertex 2.3003150810754818 32.199958521373894 8.209999999999999
      vertex 2.2999999970197678 32.20000000298023 8.209999999999999
      vertex 2.2999999970197678 32.20000000298023 19.71
    endloop
  endfacet
  facet normal 0 1 0
    outer loop
      vertex 2.2999999970197678 32.20000000298023 8.209999999999999
      vertex -3.2999999970197678 32.20000000298023 8.209999999999999
      vertex 2.2999999970197678 32.20000000298023 19.71
    endloop
  endfacet
  facet normal 0 0 1
    outer loop
      vertex 3.3 -30.95 19.71
      vertex 3.7000000029802322 30.799999997019768 19.71
      vertex 3.3 30.95 19.71
    endloop
  endfacet
  facet normal 0.9914448599674931 0.13052620290209085 0
    outer loop
      vertex 3.652296155691147 31.16234666109085 8.2
      vertex 3.652296155691147 31.16234666109085 19.7
      vertex 3.7000000029802322 30.799999997019768 19.71
    endloop
  endfacet
  facet normal 0.9238795320994045 0.3826834333594615 0
    outer loop
      vertex 3.5124355629086494 31.5 8.2
      vertex 3.5124355629086494 31.5 19.7
      vertex 3.652296155691147 31.16234666109085 19.7
    endloop
  endfacet
  facet normal 0.793353338682037 0.6087614311058687 0
    outer loop
      vertex 3.289949491620064 31.789949491620064 8.209999999999999
      vertex 3.289949491620064 31.789949491620064 19.7
      vertex 3.5124355629086494 31.5 19.7
    endloop
  endfacet
  facet normal 0.6087614311058687 0.793353338682037 0
    outer loop
      vertex 3 32.01243556290865 8.209999999999999
      vertex 3 32.01243556290865 19.7
      vertex 3.289949491620064 31.789949491620064 19.7
    endloop
  endfacet
  facet normal 0.3826834333594615 0.9238795320994045 0
    outer loop
      vertex 2.662346661090851 32.15229615569115 8.209999999999999
      vertex 2.662346661090851 32.15229615569115 19.7
      vertex 3 32.01243556290865 19.7
    endloop
  endfacet
  facet normal 0.13052620290209085 0.9914448599674931 1.3458402248602523e-18
    outer loop
      vertex 2.3003150810754818 32.199958521373894 8.209999999999999
      vertex 2.2999999970197678 32.20000000298023 19.71
      vertex 2.662346661090851 32.15229615569115 19.7
    endloop
  endfacet
  facet normal 0.9914448599674932 0.13052620290209085 0
    outer loop
      vertex 3.7000000029802322 30.799999997019768 19.71
      vertex 3.652296155691147 31.16234666109085 19.7
      vertex 3.652296155691147 31.16234666109085 19.71
    endloop
  endfacet
  facet normal 0 0 1
    outer loop
      vertex 3.7000000029802322 30.799999997019768 19.71
      vertex 3.652296155691147 31.16234666109085 19.71
      vertex 3.5124355629086494 31.5 19.71
    endloop
  endfacet
  facet normal 0.9238795320994044 0.3826834333594615 0
    outer loop
      vertex 3.652296155691147 31.16234666109085 19.7
      vertex 3.5124355629086494 31.5 19.71
      vertex 3.652296155691147 31.16234666109085 19.71
    endloop
  endfacet
  facet normal 0.9238795320994044 0.3826834333594615 0
    outer loop
      vertex 3.652296155691147 31.16234666109085 19.7
      vertex 3.5124355629086494 31.5 19.7
      vertex 3.5124355629086494 31.5 19.71
    endloop
  endfacet
  facet normal 0 0 1
    outer loop
      vertex 3.7000000029802322 30.799999997019768 19.71
      vertex 3.5124355629086494 31.5 19.71
      vertex 3.289949491620064 31.789949491620064 19.71
    endloop
  endfacet
  facet normal 0.793353338682037 0.6087614311058688 0
    outer loop
      vertex 3.5124355629086494 31.5 19.7
      vertex 3.289949491620064 31.789949491620064 19.71
      vertex 3.5124355629086494 31.5 19.71
    endloop
  endfacet
  facet normal 0.793353338682037 0.6087614311058688 0
    outer loop
      vertex 3.5124355629086494 31.5 19.7
      vertex 3.289949491620064 31.789949491620064 19.7
      vertex 3.289949491620064 31.789949491620064 19.71
    endloop
  endfacet
  facet normal 0.6087614311058688 0.793353338682037 0
    outer loop
      vertex 3.289949491620064 31.789949491620064 19.7
      vertex 3 32.01243556290865 19.7
      vertex 3.289949491620064 31.789949491620064 19.71
    endloop
  endfacet
  facet normal 0 0 1
    outer loop
      vertex 3.7000000029802322 30.799999997019768 19.71
      vertex 2.2999999970197678 32.20000000298023 19.71
      vertex 3.3 30.95 19.71
    endloop
  endfacet
  facet normal 0 0 1
    outer loop
      vertex 3.7000000029802322 30.799999997019768 19.71
      vertex 3.289949491620064 31.789949491620064 19.71
      vertex 2.2999999970197678 32.20000000298023 19.71
    endloop
  endfacet
  facet normal 0.6087614311058688 0.793353338682037 0
    outer loop
      vertex 3.289949491620064 31.789949491620064 19.71
      vertex 3 32.01243556290865 19.7
      vertex 3 32.01243556290865 19.71
    endloop
  endfacet
  facet normal 0 0 1
    outer loop
      vertex 3.3 30.95 19.71
      vertex 2.5 31 19.71
      vertex 2.5 30.95 19.71
    endloop
  endfacet
  facet normal 0.3826834333594615 0.9238795320994044 0
    outer loop
      vertex 3 32.01243556290865 19.7
      vertex 2.662346661090851 32.15229615569115 19.7
      vertex 3 32.01243556290865 19.71
    endloop
  endfacet
  facet normal 0 0 1
    outer loop
      vertex 3.289949491620064 31.789949491620064 19.71
      vertex 3 32.01243556290865 19.71
      vertex 2.2999999970197678 32.20000000298023 19.71
    endloop
  endfacet
  facet normal 0 0 1
    outer loop
      vertex 3.3 30.95 19.71
      vertex 2.2999999970197678 32.20000000298023 19.71
      vertex 2.5 31 19.71
    endloop
  endfacet
  facet normal 0.3826834333594615 0.9238795320994044 0
    outer loop
      vertex 3 32.01243556290865 19.71
      vertex 2.662346661090851 32.15229615569115 19.7
      vertex 2.662346661090851 32.15229615569115 19.71
    endloop
  endfacet
  facet normal 0 0 1
    outer loop
      vertex 3 32.01243556290865 19.71
      vertex 2.662346661090851 32.15229615569115 19.71
      vertex 2.2999999970197678 32.20000000298023 19.71
    endloop
  endfacet
  facet normal 0.13052620290209085 0.9914448599674932 0
    outer loop
      vertex 2.662346661090851 32.15229615569115 19.7
      vertex 2.2999999970197678 32.20000000298023 19.71
      vertex 2.662346661090851 32.15229615569115 19.71
    endloop
  endfacet
  facet normal 0 0 1
    outer loop
      vertex 2.5 31 19.71
      vertex 2.2999999970197678 32.20000000298023 19.71
      vertex 1.2 31 19.71
    endloop
  endfacet
  facet normal 0 0 1
    outer loop
      vertex 2.2999999970197678 32.20000000298023 19.71
      vertex -0.5999999999999999 31 19.71
      vertex 1.2 31 19.71
    endloop
  endfacet
  facet normal -0.13052620290209088 0.9914448599674932 0
    outer loop
      vertex -3.2999999970197678 32.20000000298023 8.209999999999999
      vertex -3.662346661090851 32.15229615569115 8.2
      vertex -3.2999999970197678 32.20000000298023 19.7
    endloop
  endfacet
  facet normal -1 0 0
    outer loop
      vertex -4.700000002980232 25.425 8.2
      vertex -4.700000002980232 26.0005 19.71
      vertex -4.700000002980232 30.799999997019768 8.2
    endloop
  endfacet
  facet normal -0.38268343335946153 0.9238795320994047 0
    outer loop
      vertex -3.662346661090851 32.15229615569115 8.2
      vertex -4 32.01243556290865 8.209999999999999
      vertex -4 32.01243556290865 19.71
    endloop
  endfacet
  facet normal -0.6087614311058687 0.793353338682037 0
    outer loop
      vertex -4 32.01243556290865 8.209999999999999
      vertex -4.289949491620064 31.789949491620064 8.209999999999999
      vertex -4.289949491620064 31.789949491620064 19.7
    endloop
  endfacet
  facet normal -0.793353338682037 0.6087614311058687 0
    outer loop
      vertex -4.289949491620064 31.789949491620064 8.209999999999999
      vertex -4.5124355629086494 31.5 8.2
      vertex -4.289949491620064 31.789949491620064 19.7
    endloop
  endfacet
  facet normal -0.9914448599674931 0.13052620290209085 0
    outer loop
      vertex -4.700000002980232 30.799999997019768 8.2
      vertex -4.700000002980232 30.799999997019768 19.71
      vertex -4.652296155691147 31.16234666109085 8.2
    endloop
  endfacet
  facet normal -0.9238795320994045 0.38268343335946153 0
    outer loop
      vertex -4.652296155691147 31.16234666109085 8.2
      vertex -4.5124355629086494 31.5 19.71
      vertex -4.5124355629086494 31.5 8.2
    endloop
  endfacet
  facet normal 0 1 0
    outer loop
      vertex -3.2999999970197678 32.20000000298023 8.209999999999999
      vertex -3.2999999970197678 32.20000000298023 19.7
      vertex 2.2999999970197678 32.20000000298023 19.71
    endloop
  endfacet
  facet normal 0 0 1
    outer loop
      vertex 2.2999999970197678 32.20000000298023 19.71
      vertex -4.3 30.95 19.71
      vertex -0.5999999999999999 31 19.71
    endloop
  endfacet
  facet normal 0 1 0
    outer loop
      vertex 2.2999999970197678 32.20000000298023 19.71
      vertex -3.2999999970197678 32.20000000298023 19.7
      vertex -3.2999999970197678 32.20000000298023 19.71
    endloop
  endfacet
  facet normal 0 0 1
    outer loop
      vertex 2.2999999970197678 32.20000000298023 19.71
      vertex -3.2999999970197678 32.20000000298023 19.71
      vertex -3.662346661090851 32.15229615569115 19.71
    endloop
  endfacet
  facet normal 0 0 1
    outer loop
      vertex 2.2999999970197678 32.20000000298023 19.71
      vertex -3.662346661090851 32.15229615569115 19.71
      vertex -4 32.01243556290865 19.71
    endloop
  endfacet
  facet normal 0 0 1
    outer loop
      vertex -0.5999999999999999 31 19.71
      vertex -4.3 30.95 19.71
      vertex -0.6000000000000001 30.95 19.71
    endloop
  endfacet
  facet normal 0 0 1
    outer loop
      vertex 2.2999999970197678 32.20000000298023 19.71
      vertex -4 32.01243556290865 19.71
      vertex -4.3 30.95 19.71
    endloop
  endfacet
  facet normal -0.13052620290209085 0.9914448599674931 0
    outer loop
      vertex -3.662346661090851 32.15229615569115 8.2
      vertex -3.662346661090851 32.15229615569115 19.71
      vertex -3.2999999970197678 32.20000000298023 19.7
    endloop
  endfacet
  facet normal -0.38268343335946153 0.9238795320994045 0
    outer loop
      vertex -3.662346661090851 32.15229615569115 8.2
      vertex -4 32.01243556290865 19.71
      vertex -3.662346661090851 32.15229615569115 19.71
    endloop
  endfacet
  facet normal -0.6087614311058687 0.7933533386820368 0
    outer loop
      vertex -4 32.01243556290865 8.209999999999999
      vertex -4.289949491620064 31.789949491620064 19.7
      vertex -4 32.01243556290865 19.71
    endloop
  endfacet
  facet normal -1 0 0
    outer loop
      vertex -4.700000002980232 30.799999997019768 8.2
      vertex -4.700000002980232 26.0005 19.71
      vertex -4.700000002980232 30.799999997019768 19.71
    endloop
  endfacet
  facet normal -0.9914448599674931 0.13052620290209085 0
    outer loop
      vertex -4.652296155691147 31.16234666109085 8.2
      vertex -4.700000002980232 30.799999997019768 19.71
      vertex -4.652296155691147 31.16234666109085 19.71
    endloop
  endfacet
  facet normal -0.7933533386820368 0.6087614311058687 0
    outer loop
      vertex -4.5124355629086494 31.5 8.2
      vertex -4.5124355629086494 31.5 19.71
      vertex -4.289949491620064 31.789949491620064 19.7
    endloop
  endfacet
  facet normal -0.9238795320994045 0.38268343335946153 0
    outer loop
      vertex -4.652296155691147 31.16234666109085 8.2
      vertex -4.652296155691147 31.16234666109085 19.71
      vertex -4.5124355629086494 31.5 19.71
    endloop
  endfacet
  facet normal -0.13052620290209085 0.9914448599674932 0
    outer loop
      vertex -3.2999999970197678 32.20000000298023 19.7
      vertex -3.662346661090851 32.15229615569115 19.71
      vertex -3.2999999970197678 32.20000000298023 19.71
    endloop
  endfacet
  facet normal 0 0 1
    outer loop
      vertex -4.3 26.0005 19.71
      vertex -4.3 30.95 19.71
      vertex -4.700000002980232 26.0005 19.71
    endloop
  endfacet
  facet normal 0 0 1
    outer loop
      vertex -4.700000002980232 26.0005 19.71
      vertex -4.3 30.95 19.71
      vertex -4.700000002980232 30.799999997019768 19.71
    endloop
  endfacet
  facet normal -0.6087614311058688 0.793353338682037 0
    outer loop
      vertex -4 32.01243556290865 19.71
      vertex -4.289949491620064 31.789949491620064 19.7
      vertex -4.289949491620064 31.789949491620064 19.71
    endloop
  endfacet
  facet normal 0 0 1
    outer loop
      vertex -4 32.01243556290865 19.71
      vertex -4.289949491620064 31.789949491620064 19.71
      vertex -4.5124355629086494 31.5 19.71
    endloop
  endfacet
  facet normal 0 0 1
    outer loop
      vertex -4 32.01243556290865 19.71
      vertex -4.700000002980232 30.799999997019768 19.71
      vertex -4.3 30.95 19.71
    endloop
  endfacet
  facet normal -0.793353338682037 0.6087614311058688 0
    outer loop
      vertex -4.289949491620064 31.789949491620064 19.7
      vertex -4.5124355629086494 31.5 19.71
      vertex -4.289949491620064 31.789949491620064 19.71
    endloop
  endfacet
  facet normal 0 0 1
    outer loop
      vertex -4 32.01243556290865 19.71
      vertex -4.5124355629086494 31.5 19.71
      vertex -4.700000002980232 30.799999997019768 19.71
    endloop
  endfacet
  facet normal 0 0 1
    outer loop
      vertex -4.700000002980232 30.799999997019768 19.71
      vertex -4.5124355629086494 31.5 19.71
      vertex -4.652296155691147 31.16234666109085 19.71
    endloop
  endfacet
  facet normal -0.7387660247839692 0.6739619875222131 0
    outer loop
      vertex 2.4956666666666667 -29.579749999999997 8.2
      vertex 1.2 -31 5.2
      vertex 1.2 -31 5.21
    endloop
  endfacet
  facet normal -0.9175556253099241 -2.7719493376691394e-16 0.39760743763430073
    outer loop
      vertex 2.1966666666666668 -29.539999999999996 7.5
      vertex 1.2 -31 5.2
      vertex 2.5 -29.574999999999996 8.2
    endloop
  endfacet
  facet normal -0.7387660247840659 0.6739619875221071 9.34410808658269e-14
    outer loop
      vertex 2.4956666666666667 -29.579749999999997 8.2
      vertex 2.5 -29.574999999999996 8.2
      vertex 1.2 -31 5.2
    endloop
  endfacet
  facet normal 0 0.9032775043542893 -0.4290568145682884
    outer loop
      vertex 2.4956666666666667 -29.579749999999997 8.2
      vertex 1.2 -31 5.21
      vertex 1.2 -29.579749999999997 8.2
    endloop
  endfacet
  facet normal -0.9175556253099241 0 0.39760743763430056
    outer loop
      vertex 2.1966666666666668 -29.539999999999996 7.5
      vertex 1.2 31 5.2
      vertex 1.2 -31 5.2
    endloop
  endfacet
  facet normal 0.4410132275410893 0.897500603416951 0
    outer loop
      vertex -0.5999999999999999 -31 5.2
      vertex -3.5 -29.574999999999996 8.2
      vertex -0.5999999999999999 -31 5.21
    endloop
  endfacet
  facet normal 1.0180821039142152e-15 0.9032775043542894 -0.4290568145682884
    outer loop
      vertex -0.5999999999999999 -31 5.21
      vertex -3.4990793650793672 -29.575452380952374 8.20904761904762
      vertex -0.5999999999999999 -29.579749999999997 8.2
    endloop
  endfacet
  facet normal 0.7189883760491117 -5.792199180245423e-16 0.6950220968474753
    outer loop
      vertex -0.5999999999999999 -31 5.2
      vertex -2.8233333333333333 -29.539999999999996 7.5
      vertex -3.5 -29.574999999999996 8.2
    endloop
  endfacet
  facet normal 0.44101322754093786 0.8975006034170255 -1.6497802934780546e-13
    outer loop
      vertex -0.5999999999999999 -31 5.21
      vertex -3.5 -29.574999999999996 8.2
      vertex -3.4990793650793672 -29.575452380952374 8.20904761904762
    endloop
  endfacet
  facet normal 1.1068026714068741e-15 0.9032775043543035 -0.42905681456825867
    outer loop
      vertex -0.5999999999999999 -29.579749999999997 8.2
      vertex -3.4990793650793672 -29.575452380952374 8.20904761904762
      vertex -0.6000000000000001 -29.575452380952377 8.20904761904762
    endloop
  endfacet
  facet normal 0.7189883760491119 0 0.695022096847475
    outer loop
      vertex -0.5999999999999999 -31 5.2
      vertex -2.8233333333333333 29.539999999999996 7.5
      vertex -2.8233333333333333 -29.539999999999996 7.5
    endloop
  endfacet
  facet normal -0.9175556253099241 0 0.39760743763430056
    outer loop
      vertex 2.1966666666666668 -29.539999999999996 7.5
      vertex 2.1966666666666668 29.539999999999996 7.5
      vertex 1.2 31 5.2
    endloop
  endfacet
  facet normal -0.7387660247839823 -0.6739619875221988 0
    outer loop
      vertex 2.5 29.574999999999996 8.2
      vertex 1.2 31 5.21
      vertex 1.2 31 5.2
    endloop
  endfacet
  facet normal -0.9175556253099241 2.7719493376691394e-16 0.39760743763430073
    outer loop
      vertex 2.1966666666666668 29.539999999999996 7.5
      vertex 2.5 29.574999999999996 8.2
      vertex 1.2 31 5.2
    endloop
  endfacet
  facet normal -0.738766024784066 -0.673961987522107 9.375359284196678e-14
    outer loop
      vertex 2.4956666666666667 29.579749999999997 8.2
      vertex 1.2 31 5.21
      vertex 2.5 29.574999999999996 8.2
    endloop
  endfacet
  facet normal 0 -0.9032775043542893 -0.4290568145682884
    outer loop
      vertex 2.4956666666666667 29.579749999999997 8.2
      vertex 1.2 29.579749999999997 8.2
      vertex 1.2 31 5.21
    endloop
  endfacet
  facet normal 0.7189883760491119 0 0.6950220968474751
    outer loop
      vertex -0.5999999999999999 -31 5.2
      vertex -0.5999999999999999 31 5.2
      vertex -2.8233333333333333 29.539999999999996 7.5
    endloop
  endfacet
  facet normal 0.4410132275410893 -0.897500603416951 0
    outer loop
      vertex -0.5999999999999999 31 5.2
      vertex -0.5999999999999999 31 5.21
      vertex -3.5 29.574999999999996 8.2
    endloop
  endfacet
  facet normal 1.0180821039142152e-15 -0.9032775043542894 -0.4290568145682884
    outer loop
      vertex -0.5999999999999999 31 5.21
      vertex -0.5999999999999999 29.579749999999997 8.2
      vertex -3.4990793650793672 29.575452380952374 8.20904761904762
    endloop
  endfacet
  facet normal 0.7189883760491117 5.792199180245423e-16 0.6950220968474753
    outer loop
      vertex -0.5999999999999999 31 5.2
      vertex -3.5 29.574999999999996 8.2
      vertex -2.8233333333333333 29.539999999999996 7.5
    endloop
  endfacet
  facet normal 0.44101322754093786 -0.8975006034170255 -1.6497802934780546e-13
    outer loop
      vertex -0.5999999999999999 31 5.21
      vertex -3.4990793650793672 29.575452380952374 8.20904761904762
      vertex -3.5 29.574999999999996 8.2
    endloop
  endfacet
  facet normal 1.1068026714068741e-15 -0.9032775043543035 -0.42905681456825867
    outer loop
      vertex -0.5999999999999999 29.579749999999997 8.2
      vertex -0.6000000000000001 29.575452380952377 8.20904761904762
      vertex -3.4990793650793672 29.575452380952374 8.20904761904762
    endloop
  endfacet
  facet normal 0 0.9987523388778446 0.04993761694389249
    outer loop
      vertex 2.5 -29.539999999999996 7.5
      vertex 2.1966666666666668 -29.539999999999996 7.5
      vertex 2.5 -29.574999999999996 8.2
    endloop
  endfacet
  facet normal 0 0 1
    outer loop
      vertex 2.5 -29.539999999999996 7.5
      vertex 2.5 29.539999999999996 7.5
      vertex 2.1966666666666668 -29.539999999999996 7.5
    endloop
  endfacet
  facet normal 1.2239337559384726e-15 0.9987523388778446 0.049937616943891955
    outer loop
      vertex -0.6000000000000001 -29.575452380952377 8.20904761904762
      vertex -3.4990793650793672 -29.575452380952374 8.20904761904762
      vertex -1.9978946441650387 -29.713063953834908 10.961279076698279
    endloop
  endfacet
  facet normal 0 0.9987523388778446 0.04993761694389248
    outer loop
      vertex -2.8233333333333333 -29.539999999999996 7.5
      vertex -3.5 -29.539999999999996 7.5
      vertex -3.5 -29.574999999999996 8.2
    endloop
  endfacet
  facet normal 0 0 1
    outer loop
      vertex -2.8233333333333333 -29.539999999999996 7.5
      vertex -2.8233333333333333 29.539999999999996 7.5
      vertex -3.5 -29.539999999999996 7.5
    endloop
  endfacet
  facet normal 1 0 0
    outer loop
      vertex -3.5 -29.539999999999996 7.5
      vertex -3.5 29.539999999999996 7.5
      vertex -3.5 -25.425 8.2
    endloop
  endfacet
  facet normal 0 0 1
    outer loop
      vertex 2.1966666666666668 -29.539999999999996 7.5
      vertex 2.5 29.539999999999996 7.5
      vertex 2.1966666666666668 29.539999999999996 7.5
    endloop
  endfacet
  facet normal 0 -0.9987523388778446 0.04993761694389249
    outer loop
      vertex 2.5 29.539999999999996 7.5
      vertex 2.5 29.574999999999996 8.2
      vertex 2.1966666666666668 29.539999999999996 7.5
    endloop
  endfacet
  facet normal 0 0 1
    outer loop
      vertex -3.5 -29.539999999999996 7.5
      vertex -2.8233333333333333 29.539999999999996 7.5
      vertex -3.5 29.539999999999996 7.5
    endloop
  endfacet
  facet normal 1 0 0
    outer loop
      vertex -3.5 -25.425 8.2
      vertex -3.5 29.539999999999996 7.5
      vertex -3.5 25.425 8.2
    endloop
  endfacet
  facet normal 1.2239337559384724e-15 -0.9987523388778445 0.04993761694389315
    outer loop
      vertex -0.6000000000000001 29.575452380952377 8.20904761904762
      vertex -1.8021053558349616 29.71306395383491 10.961279076698279
      vertex -3.4990793650793672 29.575452380952374 8.20904761904762
    endloop
  endfacet
  facet normal 0 -0.9987523388778446 0.04993761694389248
    outer loop
      vertex -2.8233333333333333 29.539999999999996 7.5
      vertex -3.5 29.574999999999996 8.2
      vertex -3.5 29.539999999999996 7.5
    endloop
  endfacet
  facet normal -1 0 0
    outer loop
      vertex 2.5 -29.539999999999996 7.5
      vertex 2.5 -29.574999999999996 8.2
      vertex 2.5 30.10956850870552 18.9
    endloop
  endfacet
  facet normal -1 0 0
    outer loop
      vertex 2.5 -29.574999999999996 8.2
      vertex 2.5 -30.109999999999996 18.9
      vertex 2.5 30.10956850870552 18.9
    endloop
  endfacet
  facet normal -4.691797857771587e-14 0.9987523388778451 0.049937616943884024
    outer loop
      vertex -0.6000000000000001 -29.575452380952377 8.20904761904762
      vertex -1.2070903506165351 -29.735743218332015 11.41486436664033
      vertex -1.1564163539696424 -29.745137277271358 11.602745545427261
    endloop
  endfacet
  facet normal 9.470345082253943e-15 0.9987523388778445 0.04993761694389579
    outer loop
      vertex -0.6000000000000001 -29.575452380952377 8.20904761904762
      vertex -1.6129874257261827 -29.71558108434136 11.011621686827244
      vertex -1.4434289282434596 -29.720443807069998 11.108876141399982
    endloop
  endfacet
  facet normal 2.1052376049429536e-14 0.9987523388778444 0.04993761694389683
    outer loop
      vertex -0.6000000000000001 -29.575452380952377 8.20904761904762
      vertex -1.3049849947815737 -29.727320735502893 11.246414710057948
      vertex -1.2070903506165351 -29.735743218332015 11.41486436664033
    endloop
  endfacet
  facet normal -1.853535555830474e-14 0.9987523388778449 0.049937616943887674
    outer loop
      vertex -0.6000000000000001 -29.575452380952377 8.20904761904762
      vertex -1.4434289282434596 -29.720443807069998 11.108876141399982
      vertex -1.3049849947815737 -29.727320735502893 11.246414710057948
    endloop
  endfacet
  facet normal 1.3645451308692271e-14 0.9987523388778444 0.04993761694389728
    outer loop
      vertex -0.6000000000000001 -29.575452380952377 8.20904761904762
      vertex -1.8021053558349616 -29.713063953834908 10.961279076698279
      vertex -1.6129874257261827 -29.71558108434136 11.011621686827244
    endloop
  endfacet
  facet normal 0 0.9987523388778448 0.04993761694389139
    outer loop
      vertex -0.6000000000000001 -29.575452380952377 8.20904761904762
      vertex -1.9978946441650387 -29.713063953834908 10.961279076698279
      vertex -1.8021053558349616 -29.713063953834908 10.961279076698279
    endloop
  endfacet
  facet normal 3.348446557990741e-15 0.9987523388778448 0.0499376169438908
    outer loop
      vertex -3.4990793650793672 -29.575452380952374 8.20904761904762
      vertex -2.1870125742738176 -29.715581084341355 11.011621686827244
      vertex -1.9978946441650387 -29.713063953834908 10.961279076698279
    endloop
  endfacet
  facet normal 3.206123185734078e-15 0.9987523388778446 0.049937616943892184
    outer loop
      vertex -0.6000000000000001 -29.575452380952377 8.20904761904762
      vertex -1.1564163539696424 -29.745137277271358 11.602745545427261
      vertex -0.6000000000000001 -30.109999999999996 18.9
    endloop
  endfacet
  facet normal -2.581839230905568e-13 0.9987523388778436 0.04993761694391257
    outer loop
      vertex -0.6000000000000001 -30.109999999999996 18.9
      vertex -1.1564163539696424 -29.745137277271358 11.602745545427261
      vertex -1.1564163539696424 -29.754862722728635 11.797254454572737
    endloop
  endfacet
  facet normal 5.825124154608158e-14 0.9987523388778449 0.0499376169438873
    outer loop
      vertex -0.6000000000000001 -30.109999999999996 18.9
      vertex -1.1564163539696424 -29.754862722728635 11.797254454572737
      vertex -1.2070903506165351 -29.764256781667978 11.985135633359668
    endloop
  endfacet
  facet normal -2.5045864587896682e-14 0.9987523388778445 0.04993761694389465
    outer loop
      vertex -0.6000000000000001 -30.109999999999996 18.9
      vertex -1.2070903506165351 -29.764256781667978 11.985135633359668
      vertex -1.3049849947815737 -29.7726792644971 12.15358528994205
    endloop
  endfacet
  facet normal 2.1080509761447137e-14 0.9987523388778448 0.04993761694388987
    outer loop
      vertex -0.6000000000000001 -30.109999999999996 18.9
      vertex -1.3049849947815737 -29.7726792644971 12.15358528994205
      vertex -1.4434289282434596 -29.779556192929995 12.291123858600017
    endloop
  endfacet
  facet normal 8.851389532115121e-15 0.9987523388778446 0.04993761694389139
    outer loop
      vertex -0.6000000000000001 -30.109999999999996 18.9
      vertex -1.4434289282434596 -29.779556192929995 12.291123858600017
      vertex -1.6129874257261827 -29.78441891565863 12.388378313172755
    endloop
  endfacet
  facet normal 3.804316148843778e-15 0.9987523388778446 0.049937616943892156
    outer loop
      vertex -0.6000000000000001 -30.109999999999996 18.9
      vertex -1.6129874257261827 -29.78441891565863 12.388378313172755
      vertex -1.8021053558349616 -29.786936046165078 12.43872092330172
    endloop
  endfacet
  facet normal 0 0.9987523388778448 0.049937616943892926
    outer loop
      vertex -0.6000000000000001 -30.109999999999996 18.9
      vertex -1.8021053558349616 -29.786936046165078 12.43872092330172
      vertex -1.9978946441650387 -29.786936046165078 12.43872092330172
    endloop
  endfacet
  facet normal -4.236725734319365e-15 0.9987523388778445 0.04993761694389375
    outer loop
      vertex -0.6000000000000001 -30.109999999999996 18.9
      vertex -1.9978946441650387 -29.786936046165078 12.43872092330172
      vertex -2.1870125742738176 -29.78441891565863 12.388378313172755
    endloop
  endfacet
  facet normal -1.1207968062229223e-14 0.9987523388778446 0.0499376169438955
    outer loop
      vertex -0.6000000000000001 -30.109999999999996 18.9
      vertex -2.1870125742738176 -29.78441891565863 12.388378313172755
      vertex -2.3565710717565405 -29.779556192929995 12.291123858600017
    endloop
  endfacet
  facet normal 3.952121884675893e-15 0.9987523388778448 0.049937616943891316
    outer loop
      vertex -0.6000000000000001 -30.109999999999996 18.9
      vertex -2.3565710717565405 -29.779556192929995 12.291123858600017
      vertex -2.4950150052184266 -29.772679264497096 12.153585289942052
    endloop
  endfacet
  facet normal -9.013377693920995e-15 0.9987523388778444 0.049937616943896555
    outer loop
      vertex -3.4990793650793672 -29.575452380952374 8.20904761904762
      vertex -2.3565710717565405 -29.720443807069994 11.108876141399982
      vertex -2.1870125742738176 -29.715581084341355 11.011621686827244
    endloop
  endfacet
  facet normal -1.1910124995865836e-15 0.9987523388778446 0.049937616943893565
    outer loop
      vertex -3.4990793650793672 -29.575452380952374 8.20904761904762
      vertex -2.4950150052184266 -29.727320735502893 11.246414710057948
      vertex -2.3565710717565405 -29.720443807069994 11.108876141399982
    endloop
  endfacet
  facet normal 5.586069674424208e-15 0.9987523388778448 0.04993761694389126
    outer loop
      vertex -3.4990793650793672 -29.575452380952374 8.20904761904762
      vertex -2.592909649383465 -29.73574321833201 11.41486436664033
      vertex -2.4950150052184266 -29.727320735502893 11.246414710057948
    endloop
  endfacet
  facet normal 4.665931275575507e-15 0.9987523388778448 0.04993761694389159
    outer loop
      vertex -3.4990793650793672 -29.575452380952374 8.20904761904762
      vertex -2.6435836460303577 -29.745137277271358 11.602745545427261
      vertex -2.592909649383465 -29.73574321833201 11.41486436664033
    endloop
  endfacet
  facet normal 1 0 0
    outer loop
      vertex -3.5 -29.539999999999996 7.5
      vertex -3.5 -25.96 18.9
      vertex -3.5 -29.574999999999996 8.2
    endloop
  endfacet
  facet normal -3.0834429636644414e-12 0.9987523388778446 0.049937616943892246
    outer loop
      vertex -3.5 -29.574999999999996 8.2
      vertex -3.5 -30.109999999999996 18.9
      vertex -3.4990793650793672 -29.575452380952374 8.20904761904762
    endloop
  endfacet
  facet normal 1 0 0
    outer loop
      vertex -3.5 -29.539999999999996 7.5
      vertex -3.5 -25.425 8.2
      vertex -3.5 -25.96 18.9
    endloop
  endfacet
  facet normal 7.271712855479394e-16 0.9987523388778445 0.0499376169438925
    outer loop
      vertex -3.4990793650793672 -29.575452380952374 8.20904761904762
      vertex -3.5 -30.109999999999996 18.9
      vertex -2.6435836460303577 -29.745137277271358 11.602745545427261
    endloop
  endfacet
  facet normal 1.3312928044809239e-14 0.9987523388778445 0.049937616943894356
    outer loop
      vertex -3.5 -30.109999999999996 18.9
      vertex -2.6435836460303577 -29.75486272272863 11.797254454572737
      vertex -2.6435836460303577 -29.745137277271358 11.602745545427261
    endloop
  endfacet
  facet normal -5.109567112669512e-15 0.9987523388778446 0.04993761694389179
    outer loop
      vertex -3.5 -30.109999999999996 18.9
      vertex -2.592909649383465 -29.764256781667978 11.985135633359668
      vertex -2.6435836460303577 -29.75486272272863 11.797254454572737
    endloop
  endfacet
  facet normal -6.949219539468468e-15 0.9987523388778448 0.049937616943891545
    outer loop
      vertex -3.5 -30.109999999999996 18.9
      vertex -2.4950150052184266 -29.772679264497096 12.153585289942052
      vertex -2.592909649383465 -29.764256781667978 11.985135633359668
    endloop
  endfacet
  facet normal 0 0.9987523388778446 0.04993761694389256
    outer loop
      vertex -0.6000000000000001 -30.109999999999996 18.9
      vertex -2.4950150052184266 -29.772679264497096 12.153585289942052
      vertex -3.5 -30.109999999999996 18.9
    endloop
  endfacet
  facet normal 1 0 0
    outer loop
      vertex -3.5 -29.574999999999996 8.2
      vertex -3.5 -25.96 18.9
      vertex -3.5 -30.109999999999996 18.9
    endloop
  endfacet
  facet normal -1 0 0
    outer loop
      vertex 2.5 -29.539999999999996 7.5
      vertex 2.5 30.109203340174524 18.89269109652352
      vertex 2.5 29.539999999999996 7.5
    endloop
  endfacet
  facet normal -1 0 0
    outer loop
      vertex 2.5 29.539999999999996 7.5
      vertex 2.5 30.109203340174524 18.89269109652352
      vertex 2.5 29.574999999999996 8.2
    endloop
  endfacet
  facet normal -1 0 0
    outer loop
      vertex 2.5 -29.539999999999996 7.5
      vertex 2.5 30.10956850870552 18.9
      vertex 2.5 30.109203340174524 18.89269109652352
    endloop
  endfacet
  facet normal -4.691797857771587e-14 -0.9987523388778451 0.049937616943884024
    outer loop
      vertex -0.6000000000000001 29.575452380952377 8.20904761904762
      vertex -1.1564163539696424 29.745137277271358 11.602745545427261
      vertex -1.2070903506165351 29.735743218332015 11.41486436664033
    endloop
  endfacet
  facet normal 9.470345082253943e-15 -0.9987523388778445 0.04993761694389579
    outer loop
      vertex -0.6000000000000001 29.575452380952377 8.20904761904762
      vertex -1.4434289282434596 29.720443807069998 11.108876141399982
      vertex -1.6129874257261827 29.71558108434136 11.011621686827244
    endloop
  endfacet
  facet normal 2.1052376049429536e-14 -0.9987523388778444 0.04993761694389683
    outer loop
      vertex -0.6000000000000001 29.575452380952377 8.20904761904762
      vertex -1.2070903506165351 29.735743218332015 11.41486436664033
      vertex -1.3049849947815737 29.727320735502893 11.246414710057948
    endloop
  endfacet
  facet normal -1.853535555830474e-14 -0.9987523388778449 0.049937616943887674
    outer loop
      vertex -0.6000000000000001 29.575452380952377 8.20904761904762
      vertex -1.3049849947815737 29.727320735502893 11.246414710057948
      vertex -1.4434289282434596 29.720443807069998 11.108876141399982
    endloop
  endfacet
  facet normal -3.4352185112791747e-15 -0.9987523388778448 0.04993761694389114
    outer loop
      vertex -0.6000000000000001 29.575452380952377 8.20904761904762
      vertex -1.6129874257261827 29.71558108434136 11.011621686827244
      vertex -1.8021053558349616 29.71306395383491 10.961279076698279
    endloop
  endfacet
  facet normal 0 -0.9987523388778445 0.04993761694389387
    outer loop
      vertex -3.4990793650793672 29.575452380952374 8.20904761904762
      vertex -1.8021053558349616 29.71306395383491 10.961279076698279
      vertex -1.9978946441650387 29.71306395383491 10.961279076698279
    endloop
  endfacet
  facet normal 3.627483771156636e-15 -0.9987523388778448 0.04993761694389197
    outer loop
      vertex -3.4990793650793672 29.575452380952374 8.20904761904762
      vertex -1.9978946441650387 29.71306395383491 10.961279076698279
      vertex -2.1870125742738176 29.71558108434136 11.011621686827244
    endloop
  endfacet
  facet normal 3.206123185734078e-15 -0.9987523388778446 0.049937616943892184
    outer loop
      vertex -0.6000000000000001 29.575452380952377 8.20904761904762
      vertex -0.6000000000000001 30.109999999999996 18.9
      vertex -1.1564163539696424 29.745137277271358 11.602745545427261
    endloop
  endfacet
  facet normal -2.581839230905568e-13 -0.9987523388778436 0.04993761694391257
    outer loop
      vertex -0.6000000000000001 30.109999999999996 18.9
      vertex -1.1564163539696424 29.754862722728635 11.797254454572737
      vertex -1.1564163539696424 29.745137277271358 11.602745545427261
    endloop
  endfacet
  facet normal 5.825124154608158e-14 -0.9987523388778449 0.0499376169438873
    outer loop
      vertex -0.6000000000000001 30.109999999999996 18.9
      vertex -1.2070903506165351 29.764256781667978 11.985135633359668
      vertex -1.1564163539696424 29.754862722728635 11.797254454572737
    endloop
  endfacet
  facet normal -2.5045864587896682e-14 -0.9987523388778445 0.04993761694389465
    outer loop
      vertex -0.6000000000000001 30.109999999999996 18.9
      vertex -1.3049849947815737 29.7726792644971 12.15358528994205
      vertex -1.2070903506165351 29.764256781667978 11.985135633359668
    endloop
  endfacet
  facet normal 2.1080509761447137e-14 -0.9987523388778448 0.04993761694388987
    outer loop
      vertex -0.6000000000000001 30.109999999999996 18.9
      vertex -1.4434289282434596 29.779556192929995 12.291123858600017
      vertex -1.3049849947815737 29.7726792644971 12.15358528994205
    endloop
  endfacet
  facet normal -1.0326621120800973e-14 -0.9987523388778444 0.04993761694389388
    outer loop
      vertex -0.6000000000000001 30.109999999999996 18.9
      vertex -1.6129874257261827 29.784418915658634 12.388378313172755
      vertex -1.4434289282434596 29.779556192929995 12.291123858600017
    endloop
  endfacet
  facet normal 3.90275326083055e-15 -0.9987523388778445 0.04993761694389334
    outer loop
      vertex -3.5 30.109999999999996 18.9
      vertex -1.8021053558349616 29.78693604616508 12.43872092330172
      vertex -1.6129874257261827 29.784418915658634 12.388378313172755
    endloop
  endfacet
  facet normal 0 -0.9987523388778448 0.04993761694389232
    outer loop
      vertex -3.5 30.109999999999996 18.9
      vertex -1.9978946441650387 29.78693604616508 12.43872092330172
      vertex -1.8021053558349616 29.78693604616508 12.43872092330172
    endloop
  endfacet
  facet normal -3.418214930249898e-15 -0.9987523388778446 0.04993761694389147
    outer loop
      vertex -3.5 30.109999999999996 18.9
      vertex -2.1870125742738176 29.784418915658634 12.388378313172755
      vertex -1.9978946441650387 29.78693604616508 12.43872092330172
    endloop
  endfacet
  facet normal -8.461538243272771e-15 -0.9987523388778444 0.04993761694389757
    outer loop
      vertex -3.4990793650793672 29.575452380952374 8.20904761904762
      vertex -2.1870125742738176 29.71558108434136 11.011621686827244
      vertex -2.3565710717565405 29.720443807069998 11.108876141399982
    endloop
  endfacet
  facet normal 1.8063689577063187e-14 -0.9987523388778449 0.049937616943887174
    outer loop
      vertex -3.4990793650793672 29.575452380952374 8.20904761904762
      vertex -2.3565710717565405 29.720443807069998 11.108876141399982
      vertex -2.4950150052184266 29.727320735502893 11.246414710057948
    endloop
  endfacet
  facet normal 5.586069674424208e-15 -0.9987523388778448 0.04993761694389126
    outer loop
      vertex -3.4990793650793672 29.575452380952374 8.20904761904762
      vertex -2.4950150052184266 29.727320735502893 11.246414710057948
      vertex -2.592909649383465 29.73574321833201 11.41486436664033
    endloop
  endfacet
  facet normal 4.665931275575507e-15 -0.9987523388778448 0.04993761694389159
    outer loop
      vertex -3.4990793650793672 29.575452380952374 8.20904761904762
      vertex -2.592909649383465 29.73574321833201 11.41486436664033
      vertex -2.6435836460303577 29.745137277271358 11.602745545427261
    endloop
  endfacet
  facet normal 1 0 0
    outer loop
      vertex -3.5 25.425 8.2
      vertex -3.5 29.539999999999996 7.5
      vertex -3.5 25.96 18.9
    endloop
  endfacet
  facet normal 1 0 0
    outer loop
      vertex -3.5 29.539999999999996 7.5
      vertex -3.5 29.574999999999996 8.2
      vertex -3.5 25.96 18.9
    endloop
  endfacet
  facet normal -3.0834429636644414e-12 -0.9987523388778446 0.049937616943892246
    outer loop
      vertex -3.5 29.574999999999996 8.2
      vertex -3.4990793650793672 29.575452380952374 8.20904761904762
      vertex -3.5 30.109999999999996 18.9
    endloop
  endfacet
  facet normal 7.271712855479394e-16 -0.9987523388778445 0.0499376169438925
    outer loop
      vertex -3.4990793650793672 29.575452380952374 8.20904761904762
      vertex -2.6435836460303577 29.745137277271358 11.602745545427261
      vertex -3.5 30.109999999999996 18.9
    endloop
  endfacet
  facet normal 1.3312928044809239e-14 -0.9987523388778445 0.049937616943894356
    outer loop
      vertex -3.5 30.109999999999996 18.9
      vertex -2.6435836460303577 29.745137277271358 11.602745545427261
      vertex -2.6435836460303577 29.75486272272863 11.797254454572737
    endloop
  endfacet
  facet normal -2.0269285028682977e-14 -0.9987523388778448 0.04993761694388906
    outer loop
      vertex -3.5 30.109999999999996 18.9
      vertex -2.4950150052184266 29.7726792644971 12.15358528994205
      vertex -2.3565710717565405 29.779556192929995 12.291123858600017
    endloop
  endfacet
  facet normal 1.0082024371130317e-14 -0.9987523388778445 0.049937616943894224
    outer loop
      vertex -3.5 30.109999999999996 18.9
      vertex -2.3565710717565405 29.779556192929995 12.291123858600017
      vertex -2.1870125742738176 29.784418915658634 12.388378313172755
    endloop
  endfacet
  facet normal -5.109567112669512e-15 -0.9987523388778446 0.04993761694389179
    outer loop
      vertex -3.5 30.109999999999996 18.9
      vertex -2.6435836460303577 29.75486272272863 11.797254454572737
      vertex -2.592909649383465 29.764256781667978 11.985135633359668
    endloop
  endfacet
  facet normal 2.3520435364354857e-14 -0.9987523388778445 0.049937616943895514
    outer loop
      vertex -3.5 30.109999999999996 18.9
      vertex -2.592909649383465 29.764256781667978 11.985135633359668
      vertex -2.4950150052184266 29.7726792644971 12.15358528994205
    endloop
  endfacet
  facet normal 0 -0.9987523388778448 0.04993761694389221
    outer loop
      vertex -0.6000000000000001 30.109999999999996 18.9
      vertex -3.5 30.109999999999996 18.9
      vertex -1.6129874257261827 29.784418915658634 12.388378313172755
    endloop
  endfacet
  facet normal 1 0 0
    outer loop
      vertex -3.5 29.574999999999996 8.2
      vertex -3.5 30.109999999999996 18.9
      vertex -3.5 25.96 18.9
    endloop
  endfacet
  facet normal -0.7071067811865471 0 0.7071067811865479
    outer loop
      vertex -4.368571430235493 -25.381571428488225 7.331428569764507
      vertex -3.5 -25.425 8.2
      vertex -4.368571430235493 25.381571428488225 7.331428569764507
    endloop
  endfacet
  facet normal -0.7071067811865471 0 0.7071067811865479
    outer loop
      vertex -3.5 -25.425 8.2
      vertex -3.5 25.425 8.2
      vertex -4.368571430235493 25.381571428488225 7.331428569764507
    endloop
  endfacet
  facet normal 0 -0.9987523388778445 0.049937616943892996
    outer loop
      vertex -4.368571430235493 25.381571428488225 7.331428569764507
      vertex -3.5 25.425 8.2
      vertex -4.700000002980232 25.425 8.2
    endloop
  endfacet
  facet normal 7.397251948042861e-16 0.9987523388778448 0.04993761694389225
    outer loop
      vertex -4.368571430235493 -25.381571428488225 7.331428569764507
      vertex -3.5 -25.96 18.9
      vertex -3.5 -25.425 8.2
    endloop
  endfacet
  facet normal -1.4982429068990352e-15 0.9987523388778445 0.04993761694389242
    outer loop
      vertex -4.368571430235493 -25.381571428488225 7.331428569764507
      vertex -4.700000002980232 -25.425 8.2
      vertex -3.5 -25.96 18.9
    endloop
  endfacet
  facet normal 1.024976156694945e-15 0.9987523388778446 0.04993761694389215
    outer loop
      vertex -4.700000002980232 -25.425 8.2
      vertex -4.3 -26 19.7
      vertex -3.5 -25.96 18.9
    endloop
  endfacet
  facet normal 3.0827811204418384e-15 0.9987523388778446 0.049937616943892066
    outer loop
      vertex -4.700000002980232 -25.425 8.2
      vertex -4.700000002980232 -26.0005 19.71
      vertex -4.3 -26 19.7
    endloop
  endfacet
  facet normal 0 0.9987523388778508 0.04993761694376835
    outer loop
      vertex -4.3 -26 19.7
      vertex -4.700000002980232 -26.0005 19.71
      vertex -4.3 -26.0005 19.71
    endloop
  endfacet
  facet normal 0 -0.9987523388778448 0.04993761694389218
    outer loop
      vertex -3.5 25.425 8.2
      vertex -4.3 26 19.7
      vertex -4.700000002980232 25.425 8.2
    endloop
  endfacet
  facet normal 1.1399267539929453e-15 -0.9987523388778448 0.04993761694389225
    outer loop
      vertex -3.5 25.425 8.2
      vertex -3.5 25.96 18.9
      vertex -4.3 26 19.7
    endloop
  endfacet
  facet normal 3.0827811204418384e-15 -0.9987523388778446 0.049937616943892066
    outer loop
      vertex -4.700000002980232 25.425 8.2
      vertex -4.3 26 19.7
      vertex -4.700000002980232 26.0005 19.71
    endloop
  endfacet
  facet normal 0 -0.9987523388778508 0.04993761694376835
    outer loop
      vertex -4.3 26 19.7
      vertex -4.3 26.0005 19.71
      vertex -4.700000002980232 26.0005 19.71
    endloop
  endfacet
  facet normal 0 1 0
    outer loop
      vertex 3.3 -30.95 19.7
      vertex 2.5 -30.95 19.71
      vertex 3.3 -30.95 19.71
    endloop
  endfacet
  facet normal -0.7071067811865488 0 0.7071067811865464
    outer loop
      vertex 3.3 -30.95 19.7
      vertex 2.5 -30.109999999999996 18.9
      vertex 2.5 -30.15 18.9
    endloop
  endfacet
  facet normal 0 0.7071067811865475 0.7071067811865475
    outer loop
      vertex 3.3 -30.95 19.7
      vertex 2.5 -30.15 18.9
      vertex 2.5 -30.95 19.7
    endloop
  endfacet
  facet normal 0 1 0
    outer loop
      vertex 3.3 -30.95 19.7
      vertex 2.5 -30.95 19.7
      vertex 2.5 -30.95 19.71
    endloop
  endfacet
  facet normal -1 0 0
    outer loop
      vertex 3.3 -30.95 19.7
      vertex 3.3 -30.95 19.71
      vertex 3.3 30.95 19.7
    endloop
  endfacet
  facet normal -0.7071067811865479 0 0.7071067811865471
    outer loop
      vertex 3.3 -30.95 19.7
      vertex 2.5 30.10956850870552 18.9
      vertex 2.5 -30.109999999999996 18.9
    endloop
  endfacet
  facet normal 0 0 1
    outer loop
      vertex -0.6000000000000001 -30.15 18.9
      vertex -0.6000000000000001 -30.109999999999996 18.9
      vertex -3.5 -30.15 18.9
    endloop
  endfacet
  facet normal 0 0.7071067811865475 0.7071067811865475
    outer loop
      vertex -0.6000000000000001 -30.15 18.9
      vertex -3.5 -30.15 18.9
      vertex -0.6000000000000001 -30.95 19.7
    endloop
  endfacet
  facet normal 0 1 0
    outer loop
      vertex -0.6000000000000001 -30.95 19.7
      vertex -4.3 -30.95 19.71
      vertex -0.6000000000000001 -30.95 19.71
    endloop
  endfacet
  facet normal 0 0 1
    outer loop
      vertex -0.6000000000000001 -30.109999999999996 18.9
      vertex -3.5 -30.109999999999996 18.9
      vertex -3.5 -30.15 18.9
    endloop
  endfacet
  facet normal 0 0.7071067811865475 0.7071067811865475
    outer loop
      vertex -0.6000000000000001 -30.95 19.7
      vertex -3.5 -30.15 18.9
      vertex -4.3 -30.95 19.7
    endloop
  endfacet
  facet normal 0 1 0
    outer loop
      vertex -0.6000000000000001 -30.95 19.7
      vertex -4.3 -30.95 19.7
      vertex -4.3 -30.95 19.71
    endloop
  endfacet
  facet normal 0.7071067811865478 0 0.707106781186547
    outer loop
      vertex -3.5 -30.15 18.9
      vertex -3.5 -30.109999999999996 18.9
      vertex -4.3 -30.95 19.7
    endloop
  endfacet
  facet normal 0.707106781186548 0 0.7071067811865472
    outer loop
      vertex -3.5 -30.109999999999996 18.9
      vertex -3.5 -25.96 18.9
      vertex -4.3 -30.95 19.7
    endloop
  endfacet
  facet normal 1 0 0
    outer loop
      vertex -4.3 -30.95 19.7
      vertex -4.3 -26.0005 19.71
      vertex -4.3 -30.95 19.71
    endloop
  endfacet
  facet normal 0.7071067811865479 0 0.7071067811865471
    outer loop
      vertex -3.5 -25.96 18.9
      vertex -4.3 -26 19.7
      vertex -4.3 -30.95 19.7
    endloop
  endfacet
  facet normal 1 0 0
    outer loop
      vertex -4.3 -30.95 19.7
      vertex -4.3 -26 19.7
      vertex -4.3 -26.0005 19.71
    endloop
  endfacet
  facet normal -1 0 0
    outer loop
      vertex 3.3 -30.95 19.71
      vertex 3.3 30.95 19.71
      vertex 3.3 30.95 19.7
    endloop
  endfacet
  facet normal -0.707106781186548 0 0.7071067811865471
    outer loop
      vertex 3.3 -30.95 19.7
      vertex 3.3 30.95 19.7
      vertex 2.5 30.15 18.9
    endloop
  endfacet
  facet normal -0.7071067811865476 0 0.7071067811865476
    outer loop
      vertex 3.3 -30.95 19.7
      vertex 2.5 30.15 18.9
      vertex 2.5 30.10956850870552 18.9
    endloop
  endfacet
  facet normal 0 -1 0
    outer loop
      vertex 3.3 30.95 19.7
      vertex 3.3 30.95 19.71
      vertex 2.5 30.95 19.7
    endloop
  endfacet
  facet normal 0 -0.7071067811865475 0.7071067811865475
    outer loop
      vertex 3.3 30.95 19.7
      vertex 2.5 30.95 19.7
      vertex 2.5 30.15 18.9
    endloop
  endfacet
  facet normal 0 -1 0
    outer loop
      vertex 3.3 30.95 19.71
      vertex 2.5 30.95 19.71
      vertex 2.5 30.95 19.7
    endloop
  endfacet
  facet normal 0 0 1
    outer loop
      vertex -0.6000000000000001 30.109999999999996 18.9
      vertex -0.6000000000000001 30.15 18.9
      vertex -3.5 30.109999999999996 18.9
    endloop
  endfacet
  facet normal 0 -0.7071067811865475 0.7071067811865475
    outer loop
      vertex -0.6000000000000001 30.15 18.9
      vertex -0.6000000000000001 30.95 19.7
      vertex -3.5 30.15 18.9
    endloop
  endfacet
  facet normal 0 -1 0
    outer loop
      vertex -0.6000000000000001 30.95 19.7
      vertex -0.6000000000000001 30.95 19.71
      vertex -4.3 30.95 19.71
    endloop
  endfacet
  facet normal 0 0 1
    outer loop
      vertex -0.6000000000000001 30.15 18.9
      vertex -3.5 30.15 18.9
      vertex -3.5 30.109999999999996 18.9
    endloop
  endfacet
  facet normal 0 -0.7071067811865475 0.7071067811865475
    outer loop
      vertex -0.6000000000000001 30.95 19.7
      vertex -4.3 30.95 19.7
      vertex -3.5 30.15 18.9
    endloop
  endfacet
  facet normal 0 -1 0
    outer loop
      vertex -0.6000000000000001 30.95 19.7
      vertex -4.3 30.95 19.71
      vertex -4.3 30.95 19.7
    endloop
  endfacet
  facet normal 0.707106781186548 0 0.7071067811865472
    outer loop
      vertex -3.5 25.96 18.9
      vertex -3.5 30.109999999999996 18.9
      vertex -4.3 26 19.7
    endloop
  endfacet
  facet normal 1 0 0
    outer loop
      vertex -4.3 26 19.7
      vertex -4.3 30.95 19.71
      vertex -4.3 26.0005 19.71
    endloop
  endfacet
  facet normal 0.7071067811865478 0 0.707106781186547
    outer loop
      vertex -3.5 30.109999999999996 18.9
      vertex -3.5 30.15 18.9
      vertex -4.3 26 19.7
    endloop
  endfacet
  facet normal 0.7071067811865479 0 0.7071067811865471
    outer loop
      vertex -3.5 30.15 18.9
      vertex -4.3 30.95 19.7
      vertex -4.3 26 19.7
    endloop
  endfacet
  facet normal 1 0 0
    outer loop
      vertex -4.3 26 19.7
      vertex -4.3 30.95 19.7
      vertex -4.3 30.95 19.71
    endloop
  endfacet
  facet normal 0 1 0
    outer loop
      vertex 1.2 -31 1.2
      vertex -0.5999999999999999 -31 1.2
      vertex -0.5999999999999999 -31 5.2
    endloop
  endfacet
  facet normal 0 1 0
    outer loop
      vertex 1.2 -31 1.2
      vertex -0.5999999999999999 -31 5.2
      vertex -0.5999999999999999 -31 5.21
    endloop
  endfacet
  facet normal 0 1 0
    outer loop
      vertex 1.2 -31 1.2
      vertex -0.5999999999999999 -31 5.21
      vertex -0.6000000000000001 -31 8.2
    endloop
  endfacet
  facet normal 0 0 1
    outer loop
      vertex 1.2 -31 1.2
      vertex -0.5999999999999999 31 1.2
      vertex -0.5999999999999999 -31 1.2
    endloop
  endfacet
  facet normal -1 0 0
    outer loop
      vertex 1.2 -31 1.2
      vertex 1.2 -31 5.2
      vertex 1.2 31 5.2
    endloop
  endfacet
  facet normal -1 0 0
    outer loop
      vertex 1.2 -31 5.21
      vertex 1.2 -31 8.2
      vertex 1.2 -29.579749999999997 8.2
    endloop
  endfacet
  facet normal 1.973729821555834e-15 1 0
    outer loop
      vertex 1.2 -31 1.2
      vertex -0.5999999999999999 -30.999999999999996 19.71
      vertex 1.2 -31 5.2
    endloop
  endfacet
  facet normal -1.2003569722754849e-15 1 -3.0866322144226757e-16
    outer loop
      vertex 1.2 -31 1.2
      vertex -0.6000000000000001 -31 8.2
      vertex -0.5999999999999999 -30.999999999999996 19.71
    endloop
  endfacet
  facet normal 1 0 0
    outer loop
      vertex -0.5999999999999999 -31 1.2
      vertex -0.5999999999999999 31 1.2
      vertex -0.5999999999999999 -31 5.2
    endloop
  endfacet
  facet normal 1 -1.5634191510299653e-16 7.426240967392353e-17
    outer loop
      vertex -0.5999999999999999 -31 5.21
      vertex -0.5999999999999999 -29.579749999999997 8.2
      vertex -0.6000000000000001 -31 8.2
    endloop
  endfacet
  facet normal 0 0 1
    outer loop
      vertex 1.2 -31 1.2
      vertex 1.2 31 1.2
      vertex -0.5999999999999999 31 1.2
    endloop
  endfacet
  facet normal -1 0 0
    outer loop
      vertex 1.2 -31 1.2
      vertex 1.2 31 5.2
      vertex 1.2 31 1.2
    endloop
  endfacet
  facet normal 0 -1 0
    outer loop
      vertex 1.2 31 1.2
      vertex 1.2 31 5.2
      vertex -0.5999999999999999 31 1.2
    endloop
  endfacet
  facet normal 0 -1 0
    outer loop
      vertex 1.2 31 5.2
      vertex 1.2 31 5.21
      vertex -0.5999999999999999 31 1.2
    endloop
  endfacet
  facet normal 0 -1 0
    outer loop
      vertex 1.2 31 5.21
      vertex 1.2 31 8.2
      vertex -0.5999999999999999 31 1.2
    endloop
  endfacet
  facet normal -1 0 0
    outer loop
      vertex 1.2 31 5.21
      vertex 1.2 29.579749999999997 8.2
      vertex 1.2 31 8.2
    endloop
  endfacet
  facet normal 0 -1 0
    outer loop
      vertex 1.2 31 8.2
      vertex 1.2 31 19.71
      vertex -0.5999999999999999 31 1.2
    endloop
  endfacet
  facet normal 0 -1 0
    outer loop
      vertex -0.5999999999999999 31 1.2
      vertex 1.2 31 19.71
      vertex -0.5999999999999999 31 5.2
    endloop
  endfacet
  facet normal 1 0 0
    outer loop
      vertex -0.5999999999999999 -31 5.2
      vertex -0.5999999999999999 31 1.2
      vertex -0.5999999999999999 31 5.2
    endloop
  endfacet
  facet normal 1 0 0
    outer loop
      vertex -0.5999999999999999 31 5.21
      vertex -0.5999999999999999 31 8.2
      vertex -0.5999999999999999 29.579749999999997 8.2
    endloop
  endfacet
  facet normal 1.9737298215558343e-15 1 0
    outer loop
      vertex 1.2 -31 5.2
      vertex -0.5999999999999999 -30.999999999999996 19.71
      vertex 1.2 -31 5.21
    endloop
  endfacet
  facet normal 1.9737298215558343e-15 1 0
    outer loop
      vertex 1.2 -31 5.21
      vertex -0.5999999999999999 -30.999999999999996 19.71
      vertex 1.2 -31 8.2
    endloop
  endfacet
  facet normal 1.973729821555834e-15 1 0
    outer loop
      vertex 1.2 -31 8.2
      vertex -0.5999999999999999 -30.999999999999996 19.71
      vertex 1.2 -31 19.71
    endloop
  endfacet
  facet normal 0 -1 0
    outer loop
      vertex -0.5999999999999999 31 5.2
      vertex 1.2 31 19.71
      vertex -0.5999999999999999 31 5.21
    endloop
  endfacet
  facet normal 0 -1 0
    outer loop
      vertex -0.5999999999999999 31 5.21
      vertex 1.2 31 19.71
      vertex -0.5999999999999999 31 8.2
    endloop
  endfacet
  facet normal 0 -1 0
    outer loop
      vertex -0.5999999999999999 31 8.2
      vertex 1.2 31 19.71
      vertex -0.5999999999999999 31 19.71
    endloop
  endfacet
  facet normal 0 0 1
    outer loop
      vertex 2.5 -31 8.2
      vertex 2.5 -29.574999999999996 8.2
      vertex 2.4956666666666667 -29.579749999999997 8.2
    endloop
  endfacet
  facet normal 0 0 1
    outer loop
      vertex 2.5 -31 8.2
      vertex 1.2 -29.579749999999997 8.2
      vertex 1.2 -31 8.2
    endloop
  endfacet
  facet normal 0 0 1
    outer loop
      vertex 2.5 -31 8.2
      vertex 2.4956666666666667 -29.579749999999997 8.2
      vertex 1.2 -29.579749999999997 8.2
    endloop
  endfacet
  facet normal 1 -1.5634191510299656e-16 2.461603453296164e-14
    outer loop
      vertex -0.6000000000000001 -31 8.2
      vertex -0.5999999999999999 -29.579749999999997 8.2
      vertex -0.6000000000000001 -29.575452380952377 8.20904761904762
    endloop
  endfacet
  facet normal 0 0 1
    outer loop
      vertex 2.4956666666666667 29.579749999999997 8.2
      vertex 2.5 29.574999999999996 8.2
      vertex 2.5 31 8.2
    endloop
  endfacet
  facet normal 0 0 1
    outer loop
      vertex 2.4956666666666667 29.579749999999997 8.2
      vertex 1.2 31 8.2
      vertex 1.2 29.579749999999997 8.2
    endloop
  endfacet
  facet normal 0 0 1
    outer loop
      vertex 2.4956666666666667 29.579749999999997 8.2
      vertex 2.5 31 8.2
      vertex 1.2 31 8.2
    endloop
  endfacet
  facet normal -1 0 0
    outer loop
      vertex 2.5 -31 8.2
      vertex 2.5 -30.109999999999996 18.9
      vertex 2.5 -29.574999999999996 8.2
    endloop
  endfacet
  facet normal 0 1 0
    outer loop
      vertex 2.5 -31 8.2
      vertex 1.2 -31 8.2
      vertex 1.2 -31 19.71
    endloop
  endfacet
  facet normal -1 0 0
    outer loop
      vertex 2.5 -31 8.2
      vertex 2.5 -30.15 18.9
      vertex 2.5 -30.109999999999996 18.9
    endloop
  endfacet
  facet normal -1 0 0
    outer loop
      vertex 2.5 -31 8.2
      vertex 2.5 -30.95 19.7
      vertex 2.5 -30.15 18.9
    endloop
  endfacet
  facet normal -1 0 0
    outer loop
      vertex 2.5 -31 8.2
      vertex 2.5 -31 19.71
      vertex 2.5 -30.95 19.7
    endloop
  endfacet
  facet normal 0 1 0
    outer loop
      vertex 2.5 -31 8.2
      vertex 1.2 -31 19.71
      vertex 2.5 -31 19.71
    endloop
  endfacet
  facet normal -1 0 0
    outer loop
      vertex 2.5 -30.95 19.7
      vertex 2.5 -31 19.71
      vertex 2.5 -30.95 19.71
    endloop
  endfacet
  facet normal 1 0 0
    outer loop
      vertex -0.6000000000000001 -31 8.2
      vertex -0.6000000000000001 -29.575452380952377 8.20904761904762
      vertex -0.6000000000000001 -30.15 18.9
    endloop
  endfacet
  facet normal 1 0 0
    outer loop
      vertex -0.6000000000000001 -29.575452380952377 8.20904761904762
      vertex -0.6000000000000001 -30.109999999999996 18.9
      vertex -0.6000000000000001 -30.15 18.9
    endloop
  endfacet
  facet normal 1 0 0
    outer loop
      vertex -0.6000000000000001 -31 8.2
      vertex -0.6000000000000001 -30.15 18.9
      vertex -0.6000000000000001 -30.95 19.7
    endloop
  endfacet
  facet normal 1 0 0
    outer loop
      vertex -0.6000000000000001 -31 8.2
      vertex -0.6000000000000001 -30.95 19.7
      vertex -0.6000000000000001 -30.95 19.71
    endloop
  endfacet
  facet normal 1 4.4408920985008786e-15 -1.9291451340143098e-17
    outer loop
      vertex -0.6000000000000001 -31 8.2
      vertex -0.6000000000000001 -30.95 19.71
      vertex -0.5999999999999999 -30.999999999999996 19.71
    endloop
  endfacet
  facet normal -1 0 0
    outer loop
      vertex 2.5 29.574999999999996 8.2
      vertex 2.5 30.15 18.9
      vertex 2.5 31 8.2
    endloop
  endfacet
  facet normal 0 -1 0
    outer loop
      vertex 2.5 31 8.2
      vertex 2.5 31 19.71
      vertex 1.2 31 8.2
    endloop
  endfacet
  facet normal -1 0 0
    outer loop
      vertex 2.5 29.574999999999996 8.2
      vertex 2.5 30.109203340174524 18.89269109652352
      vertex 2.5 30.15 18.9
    endloop
  endfacet
  facet normal -1 0 0
    outer loop
      vertex 2.5 31 8.2
      vertex 2.5 30.15 18.9
      vertex 2.5 30.95 19.7
    endloop
  endfacet
  facet normal -1 0 0
    outer loop
      vertex 2.5 31 8.2
      vertex 2.5 30.95 19.7
      vertex 2.5 30.95 19.71
    endloop
  endfacet
  facet normal -1 0 0
    outer loop
      vertex 2.5 31 8.2
      vertex 2.5 30.95 19.71
      vertex 2.5 31 19.71
    endloop
  endfacet
  facet normal 0 -1 0
    outer loop
      vertex 1.2 31 8.2
      vertex 2.5 31 19.71
      vertex 1.2 31 19.71
    endloop
  endfacet
  facet normal -1 0 0
    outer loop
      vertex 2.5 30.109203340174524 18.89269109652352
      vertex 2.5 30.10956850870552 18.9
      vertex 2.5 30.15 18.9
    endloop
  endfacet
  facet normal 1 -4.674623261578963e-14 2.337311630789479e-15
    outer loop
      vertex -0.5999999999999999 29.579749999999997 8.2
      vertex -0.6000000000000001 30.109999999999996 18.9
      vertex -0.6000000000000001 29.575452380952377 8.20904761904762
    endloop
  endfacet
  facet normal 1 0 2.0751832235984237e-17
    outer loop
      vertex -0.5999999999999999 29.579749999999997 8.2
      vertex -0.5999999999999999 31 8.2
      vertex -0.6000000000000001 30.109999999999996 18.9
    endloop
  endfacet
  facet normal 1 0 2.0751832235984218e-17
    outer loop
      vertex -0.5999999999999999 31 8.2
      vertex -0.6000000000000001 30.15 18.9
      vertex -0.6000000000000001 30.109999999999996 18.9
    endloop
  endfacet
  facet normal 1 -1.922464111905033e-17 1.922464111905033e-17
    outer loop
      vertex -0.5999999999999999 31 8.2
      vertex -0.6000000000000001 30.95 19.7
      vertex -0.6000000000000001 30.15 18.9
    endloop
  endfacet
  facet normal 1 -4.440892098500563e-15 0
    outer loop
      vertex -0.5999999999999999 31 8.2
      vertex -0.5999999999999999 31 19.71
      vertex -0.6000000000000001 30.95 19.7
    endloop
  endfacet
  facet normal 1 -4.440892098500563e-15 0
    outer loop
      vertex -0.6000000000000001 30.95 19.7
      vertex -0.5999999999999999 31 19.71
      vertex -0.6000000000000001 30.95 19.71
    endloop
  endfacet
  facet normal 0.8641551942546337 0.06568409490621066 -0.4989202340245264
    outer loop
      vertex -1.3049849947815737 -29.631830711186534 11.258986210253877
      vertex -1.2070903506165351 -29.735743218332015 11.41486436664033
      vertex -1.3049849947815737 -29.727320735502893 11.246414710057948
    endloop
  endfacet
  facet normal 0.8641551942546337 0.06568409490621041 -0.4989202340245264
    outer loop
      vertex -1.3049849947815737 -29.631830711186534 11.258986210253877
      vertex -1.2070903506165351 -29.67571567959403 11.42276714203921
      vertex -1.2070903506165351 -29.735743218332015 11.41486436664033
    endloop
  endfacet
  facet normal 0.8641551942546353 0.19257602219889472 -0.4649196445804202
    outer loop
      vertex -1.3049849947815737 -29.521714464121725 11.304597853225747
      vertex -1.2070903506165351 -29.606493712863088 11.451439819473306
      vertex -1.2070903506165351 -29.67571567959403 11.42276714203921
    endloop
  endfacet
  facet normal 0.864155194254634 0.19257602219889075 -0.4649196445804242
    outer loop
      vertex -1.3049849947815737 -29.631830711186534 11.258986210253877
      vertex -1.3049849947815737 -29.521714464121725 11.304597853225747
      vertex -1.2070903506165351 -29.67571567959403 11.42276714203921
    endloop
  endfacet
  facet normal 0.8641551942546352 0.3063442118256355 -0.39923554967420416
    outer loop
      vertex -1.3049849947815737 -29.521714464121725 11.304597853225747
      vertex -1.3049849947815737 -29.427155499067336 11.37715549906734
      vertex -1.2070903506165351 -29.606493712863088 11.451439819473306
    endloop
  endfacet
  facet normal 0.9653655703464423 0.03405441002121864 -0.25866892497514044
    outer loop
      vertex -1.2070903506165351 -29.67571567959403 11.42276714203921
      vertex -1.1564163539696424 -29.72466300167655 11.60544103494561
      vertex -1.1564163539696424 -29.745137277271358 11.602745545427261
    endloop
  endfacet
  facet normal 0.9653655703464425 0.034054410021220546 -0.2586689249751397
    outer loop
      vertex -1.2070903506165351 -29.67571567959403 11.42276714203921
      vertex -1.1564163539696424 -29.745137277271358 11.602745545427261
      vertex -1.2070903506165351 -29.735743218332015 11.41486436664033
    endloop
  endfacet
  facet normal 0.9653655703464423 0.09984247829830105 -0.2410410652086928
    outer loop
      vertex -1.2070903506165351 -29.67571567959403 11.42276714203921
      vertex -1.2070903506165351 -29.606493712863088 11.451439819473306
      vertex -1.1564163539696424 -29.72466300167655 11.60544103494561
    endloop
  endfacet
  facet normal 0.9653655703464425 0.1588264466768398 -0.20698665518747028
    outer loop
      vertex -1.2070903506165351 -29.606493712863088 11.451439819473306
      vertex -1.2070903506165351 -29.54705146244517 11.497051462445176
      vertex -1.1564163539696424 -29.701052677917477 11.615220751258638
    endloop
  endfacet
  facet normal 0.8641551942546338 0.30634421182563276 -0.39923554967420916
    outer loop
      vertex -1.3049849947815737 -29.427155499067336 11.37715549906734
      vertex -1.2070903506165351 -29.54705146244517 11.497051462445176
      vertex -1.2070903506165351 -29.606493712863088 11.451439819473306
    endloop
  endfacet
  facet normal 0.8641551942546338 0.3992355496742096 -0.30634421182563215
    outer loop
      vertex -1.3049849947815737 -29.427155499067336 11.37715549906734
      vertex -1.3049849947815737 -29.354597853225744 11.47171446412173
      vertex -1.2070903506165351 -29.54705146244517 11.497051462445176
    endloop
  endfacet
  facet normal 0.8641551942546318 0.39923554967420755 -0.3063442118256407
    outer loop
      vertex -1.2070903506165351 -29.54705146244517 11.497051462445176
      vertex -1.3049849947815737 -29.354597853225744 11.47171446412173
      vertex -1.2070903506165351 -29.5014398194733 11.556493712863091
    endloop
  endfacet
  facet normal 0.8641551942546323 0.4649196445804261 -0.19257602219889464
    outer loop
      vertex -1.3049849947815737 -29.354597853225744 11.47171446412173
      vertex -1.3049849947815737 -29.308986210253874 11.581830711186537
      vertex -1.2070903506165351 -29.5014398194733 11.556493712863091
    endloop
  endfacet
  facet normal 1 0 0
    outer loop
      vertex -1.1564163539696424 -29.72466300167655 11.60544103494561
      vertex -1.1564163539696424 -29.754862722728635 11.797254454572737
      vertex -1.1564163539696424 -29.745137277271358 11.602745545427261
    endloop
  endfacet
  facet normal 1 0 0
    outer loop
      vertex -1.1564163539696424 -29.72466300167655 11.60544103494561
      vertex -1.1564163539696424 -29.701052677917477 11.615220751258638
      vertex -1.1564163539696424 -29.754862722728635 11.797254454572737
    endloop
  endfacet
  facet normal 1 0 0
    outer loop
      vertex -1.1564163539696424 -29.701052677917477 11.615220751258638
      vertex -1.1564163539696424 -29.680778033269053 11.630778033269056
      vertex -1.1564163539696424 -29.754862722728635 11.797254454572737
    endloop
  endfacet
  facet normal 1 0 0
    outer loop
      vertex -1.1564163539696424 -29.680778033269053 11.630778033269056
      vertex -1.1564163539696424 -29.665220751258634 11.65105267791748
      vertex -1.1564163539696424 -29.754862722728635 11.797254454572737
    endloop
  endfacet
  facet normal 0.9653655703464428 0.09984247829830534 -0.24104106520868934
    outer loop
      vertex -1.2070903506165351 -29.606493712863088 11.451439819473306
      vertex -1.1564163539696424 -29.701052677917477 11.615220751258638
      vertex -1.1564163539696424 -29.72466300167655 11.60544103494561
    endloop
  endfacet
  facet normal 0.965365570346442 0.15882644667683515 -0.2069866551874765
    outer loop
      vertex -1.2070903506165351 -29.54705146244517 11.497051462445176
      vertex -1.1564163539696424 -29.680778033269053 11.630778033269056
      vertex -1.1564163539696424 -29.701052677917477 11.615220751258638
    endloop
  endfacet
  facet normal 0.9653655703464421 0.20698665518746678 -0.15882644667684595
    outer loop
      vertex -1.2070903506165351 -29.5014398194733 11.556493712863091
      vertex -1.1564163539696424 -29.665220751258634 11.65105267791748
      vertex -1.1564163539696424 -29.680778033269053 11.630778033269056
    endloop
  endfacet
  facet normal 0.9653655703464424 0.20698665518746803 -0.15882644667684281
    outer loop
      vertex -1.2070903506165351 -29.54705146244517 11.497051462445176
      vertex -1.2070903506165351 -29.5014398194733 11.556493712863091
      vertex -1.1564163539696424 -29.680778033269053 11.630778033269056
    endloop
  endfacet
  facet normal 0.9653655703464423 0.241041065208695 -0.09984247829829579
    outer loop
      vertex -1.2070903506165351 -29.5014398194733 11.556493712863091
      vertex -1.2070903506165351 -29.472767142039206 11.625715679594034
      vertex -1.1564163539696424 -29.665220751258634 11.65105267791748
    endloop
  endfacet
  facet normal 0.9653655703464429 0.24104106520869586 -0.09984247829829003
    outer loop
      vertex -1.1564163539696424 -29.665220751258634 11.65105267791748
      vertex -1.2070903506165351 -29.472767142039206 11.625715679594034
      vertex -1.1564163539696424 -29.655441034945607 11.674663001676553
    endloop
  endfacet
  facet normal 0.9653655703464428 0.2586689249751393 -0.034054410021214544
    outer loop
      vertex -1.1564163539696424 -29.655441034945607 11.674663001676553
      vertex -1.2070903506165351 -29.46298742572618 11.7
      vertex -1.1564163539696424 -29.65210535583496 11.7
    endloop
  endfacet
  facet normal 0.9653655703464423 0.25866892497513994 -0.034054410021220276
    outer loop
      vertex -1.2070903506165351 -29.472767142039206 11.625715679594034
      vertex -1.2070903506165351 -29.46298742572618 11.7
      vertex -1.1564163539696424 -29.655441034945607 11.674663001676553
    endloop
  endfacet
  facet normal 0.8641551942546344 0.4649196445804259 -0.19257602219888514
    outer loop
      vertex -1.2070903506165351 -29.5014398194733 11.556493712863091
      vertex -1.3049849947815737 -29.308986210253874 11.581830711186537
      vertex -1.2070903506165351 -29.472767142039206 11.625715679594034
    endloop
  endfacet
  facet normal 0.8641551942546327 0.49892023402452823 -0.06568409490621022
    outer loop
      vertex -1.2070903506165351 -29.472767142039206 11.625715679594034
      vertex -1.3049849947815737 -29.293428928243458 11.7
      vertex -1.2070903506165351 -29.46298742572618 11.7
    endloop
  endfacet
  facet normal 0.8641551942546334 0.49892023402452723 -0.06568409490620684
    outer loop
      vertex -1.3049849947815737 -29.308986210253874 11.581830711186537
      vertex -1.3049849947815737 -29.293428928243458 11.7
      vertex -1.2070903506165351 -29.472767142039206 11.625715679594034
    endloop
  endfacet
  facet normal 0.704062592219634 0.0926915987235631 -0.7040625922196402
    outer loop
      vertex -1.4434289282434596 -29.59599878452769 11.125259639429997
      vertex -1.3049849947815737 -29.631830711186534 11.258986210253877
      vertex -1.3049849947815737 -29.727320735502893 11.246414710057948
    endloop
  endfacet
  facet normal 0.7040625922196384 0.09269159872357273 -0.7040625922196344
    outer loop
      vertex -1.4434289282434596 -29.59599878452769 11.125259639429997
      vertex -1.3049849947815737 -29.727320735502893 11.246414710057948
      vertex -1.4434289282434596 -29.720443807069998 11.108876141399982
    endloop
  endfacet
  facet normal 0.704062592219636 0.27175801689781065 -0.6560818900783163
    outer loop
      vertex -1.4434289282434596 -29.59599878452769 11.125259639429997
      vertex -1.4434289282434596 -29.452492497390782 11.184701889847911
      vertex -1.3049849947815737 -29.631830711186534 11.258986210253877
    endloop
  endfacet
  facet normal 0.704062592219637 0.2717580168978121 -0.6560818900783146
    outer loop
      vertex -1.3049849947815737 -29.631830711186534 11.258986210253877
      vertex -1.4434289282434596 -29.452492497390782 11.184701889847911
      vertex -1.3049849947815737 -29.521714464121725 11.304597853225747
    endloop
  endfacet
  facet normal 0.7040625922196376 0.43230457532182703 -0.5633902913547402
    outer loop
      vertex -1.3049849947815737 -29.521714464121725 11.304597853225747
      vertex -1.4434289282434596 -29.329260854902298 11.2792608549023
      vertex -1.3049849947815737 -29.427155499067336 11.37715549906734
    endloop
  endfacet
  facet normal 0.7040625922196369 0.43230457532182626 -0.5633902913547418
    outer loop
      vertex -1.3049849947815737 -29.521714464121725 11.304597853225747
      vertex -1.4434289282434596 -29.452492497390782 11.184701889847911
      vertex -1.4434289282434596 -29.329260854902298 11.2792608549023
    endloop
  endfacet
  facet normal 0.7040625922196363 0.5633902913547452 -0.4323045753218226
    outer loop
      vertex -1.4434289282434596 -29.329260854902298 11.2792608549023
      vertex -1.4434289282434596 -29.23470188984791 11.402492497390787
      vertex -1.3049849947815737 -29.427155499067336 11.37715549906734
    endloop
  endfacet
  facet normal 0.49678152337643683 0.11328050197253707 -0.8604508387494527
    outer loop
      vertex -1.4434289282434596 -29.59599878452769 11.125259639429997
      vertex -1.4434289282434596 -29.720443807069998 11.108876141399982
      vertex -1.6129874257261827 -29.570661786204244 11.030700674375607
    endloop
  endfacet
  facet normal 0.49678152337643683 0.3321216269130557 -0.8018125360509225
    outer loop
      vertex -1.4434289282434596 -29.59599878452769 11.125259639429997
      vertex -1.6129874257261827 -29.570661786204244 11.030700674375607
      vertex -1.4434289282434596 -29.452492497390782 11.184701889847911
    endloop
  endfacet
  facet normal 0.49678152337643333 0.5283292118363989 -0.688532034078386
    outer loop
      vertex -1.4434289282434596 -29.452492497390782 11.184701889847911
      vertex -1.6129874257261827 -29.403545175308263 11.09992264110655
      vertex -1.4434289282434596 -29.329260854902298 11.2792608549023
    endloop
  endfacet
  facet normal 0.4967815233764433 0.6885320340783851 -0.5283292118363905
    outer loop
      vertex -1.4434289282434596 -29.329260854902298 11.2792608549023
      vertex -1.6129874257261827 -29.149922641106546 11.353545175308266
      vertex -1.4434289282434596 -29.23470188984791 11.402492497390787
    endloop
  endfacet
  facet normal 0.7040625922196372 0.5633902913547456 -0.43230457532182054
    outer loop
      vertex -1.3049849947815737 -29.427155499067336 11.37715549906734
      vertex -1.4434289282434596 -29.23470188984791 11.402492497390787
      vertex -1.3049849947815737 -29.354597853225744 11.47171446412173
    endloop
  endfacet
  facet normal 0.704062592219638 0.656081890078312 -0.27175801689781537
    outer loop
      vertex -1.3049849947815737 -29.354597853225744 11.47171446412173
      vertex -1.4434289282434596 -29.175259639429992 11.545998784527695
      vertex -1.3049849947815737 -29.308986210253874 11.581830711186537
    endloop
  endfacet
  facet normal 0.7040625922196373 0.6560818900783121 -0.2717580168978169
    outer loop
      vertex -1.3049849947815737 -29.354597853225744 11.47171446412173
      vertex -1.4434289282434596 -29.23470188984791 11.402492497390787
      vertex -1.4434289282434596 -29.175259639429992 11.545998784527695
    endloop
  endfacet
  facet normal 0.704062592219638 0.7040625922196369 -0.092691598723557
    outer loop
      vertex -1.3049849947815737 -29.308986210253874 11.581830711186537
      vertex -1.4434289282434596 -29.15498499478157 11.7
      vertex -1.3049849947815737 -29.293428928243458 11.7
    endloop
  endfacet
  facet normal 0.7040625922196376 0.7040625922196372 -0.09269159872355776
    outer loop
      vertex -1.3049849947815737 -29.308986210253874 11.581830711186537
      vertex -1.4434289282434596 -29.175259639429992 11.545998784527695
      vertex -1.4434289282434596 -29.15498499478157 11.7
    endloop
  endfacet
  facet normal 0.49678152337643633 0.8018125360509193 -0.3321216269130643
    outer loop
      vertex -1.4434289282434596 -29.23470188984791 11.402492497390787
      vertex -1.6129874257261827 -29.080700674375603 11.520661786204249
      vertex -1.4434289282434596 -29.175259639429992 11.545998784527695
    endloop
  endfacet
  facet normal 0.49678152337644776 0.8604508387494489 -0.11328050197251784
    outer loop
      vertex -1.4434289282434596 -29.175259639429992 11.545998784527695
      vertex -1.6129874257261827 -29.05709035061653 11.7
      vertex -1.4434289282434596 -29.15498499478157 11.7
    endloop
  endfacet
  facet normal 1 0 0
    outer loop
      vertex -1.1564163539696424 -29.665220751258634 11.65105267791748
      vertex -1.1564163539696424 -29.655441034945607 11.674663001676553
      vertex -1.1564163539696424 -29.754862722728635 11.797254454572737
    endloop
  endfacet
  facet normal 1 0 0
    outer loop
      vertex -1.1564163539696424 -29.655441034945607 11.674663001676553
      vertex -1.1564163539696424 -29.65210535583496 11.7
      vertex -1.1564163539696424 -29.754862722728635 11.797254454572737
    endloop
  endfacet
  facet normal 1 0 0
    outer loop
      vertex -1.1564163539696424 -29.65210535583496 11.7
      vertex -1.1564163539696424 -29.655441034945607 11.725336998323446
      vertex -1.1564163539696424 -29.754862722728635 11.797254454572737
    endloop
  endfacet
  facet normal 1 0 0
    outer loop
      vertex -1.1564163539696424 -29.655441034945607 11.725336998323446
      vertex -1.1564163539696424 -29.665220751258634 11.748947322082518
      vertex -1.1564163539696424 -29.754862722728635 11.797254454572737
    endloop
  endfacet
  facet normal 1 0 0
    outer loop
      vertex -1.1564163539696424 -29.665220751258634 11.748947322082518
      vertex -1.1564163539696424 -29.680778033269053 11.769221966730942
      vertex -1.1564163539696424 -29.754862722728635 11.797254454572737
    endloop
  endfacet
  facet normal 1 0 0
    outer loop
      vertex -1.1564163539696424 -29.680778033269053 11.769221966730942
      vertex -1.1564163539696424 -29.701052677917477 11.78477924874136
      vertex -1.1564163539696424 -29.754862722728635 11.797254454572737
    endloop
  endfacet
  facet normal 1 0 0
    outer loop
      vertex -1.1564163539696424 -29.701052677917477 11.78477924874136
      vertex -1.1564163539696424 -29.72466300167655 11.794558965054389
      vertex -1.1564163539696424 -29.754862722728635 11.797254454572737
    endloop
  endfacet
  facet normal 1 0 0
    outer loop
      vertex -1.1564163539696424 -29.72466300167655 11.794558965054389
      vertex -1.1564163539696424 -29.749999999999996 11.797894644165037
      vertex -1.1564163539696424 -29.754862722728635 11.797254454572737
    endloop
  endfacet
  facet normal 0.9653655703464423 0.03405441002121482 0.2586689249751414
    outer loop
      vertex -1.1564163539696424 -29.72466300167655 11.794558965054389
      vertex -1.2070903506165351 -29.67571567959403 11.97723285796079
      vertex -1.1564163539696424 -29.749999999999996 11.797894644165037
    endloop
  endfacet
  facet normal 0.9653655703464423 0.2586689249751414 0.03405441002121482
    outer loop
      vertex -1.1564163539696424 -29.65210535583496 11.7
      vertex -1.2070903506165351 -29.472767142039206 11.774284320405965
      vertex -1.1564163539696424 -29.655441034945607 11.725336998323446
    endloop
  endfacet
  facet normal 0.9653655703464429 0.24104106520869586 0.09984247829829003
    outer loop
      vertex -1.1564163539696424 -29.655441034945607 11.725336998323446
      vertex -1.2070903506165351 -29.472767142039206 11.774284320405965
      vertex -1.1564163539696424 -29.665220751258634 11.748947322082518
    endloop
  endfacet
  facet normal 0.9653655703464425 0.2586689249751392 0.034054410021220186
    outer loop
      vertex -1.1564163539696424 -29.65210535583496 11.7
      vertex -1.2070903506165351 -29.46298742572618 11.7
      vertex -1.2070903506165351 -29.472767142039206 11.774284320405965
    endloop
  endfacet
  facet normal 0.9653655703464422 0.20698665518746673 0.15882644667684576
    outer loop
      vertex -1.1564163539696424 -29.665220751258634 11.748947322082518
      vertex -1.2070903506165351 -29.5014398194733 11.843506287136908
      vertex -1.1564163539696424 -29.680778033269053 11.769221966730942
    endloop
  endfacet
  facet normal 0.965365570346442 0.15882644667683501 0.20698665518747633
    outer loop
      vertex -1.1564163539696424 -29.680778033269053 11.769221966730942
      vertex -1.2070903506165351 -29.54705146244517 11.902948537554822
      vertex -1.1564163539696424 -29.701052677917477 11.78477924874136
    endloop
  endfacet
  facet normal 0.9653655703464428 0.0998424782983055 0.24104106520868948
    outer loop
      vertex -1.1564163539696424 -29.701052677917477 11.78477924874136
      vertex -1.2070903506165351 -29.606493712863088 11.948560180526693
      vertex -1.1564163539696424 -29.72466300167655 11.794558965054389
    endloop
  endfacet
  facet normal 0.9653655703464423 0.241041065208695 0.09984247829829584
    outer loop
      vertex -1.1564163539696424 -29.665220751258634 11.748947322082518
      vertex -1.2070903506165351 -29.472767142039206 11.774284320405965
      vertex -1.2070903506165351 -29.5014398194733 11.843506287136908
    endloop
  endfacet
  facet normal 0.9653655703464424 0.20698665518746806 0.15882644667684284
    outer loop
      vertex -1.1564163539696424 -29.680778033269053 11.769221966730942
      vertex -1.2070903506165351 -29.5014398194733 11.843506287136908
      vertex -1.2070903506165351 -29.54705146244517 11.902948537554822
    endloop
  endfacet
  facet normal 0.8641551942546336 0.4989202340245265 0.06568409490620998
    outer loop
      vertex -1.2070903506165351 -29.46298742572618 11.7
      vertex -1.3049849947815737 -29.308986210253874 11.818169288813461
      vertex -1.2070903506165351 -29.472767142039206 11.774284320405965
    endloop
  endfacet
  facet normal 0.8641551942546329 0.4989202340245284 0.06568409490620704
    outer loop
      vertex -1.2070903506165351 -29.46298742572618 11.7
      vertex -1.3049849947815737 -29.293428928243458 11.7
      vertex -1.3049849947815737 -29.308986210253874 11.818169288813461
    endloop
  endfacet
  facet normal 0.8641551942546344 0.4649196445804259 0.19257602219888514
    outer loop
      vertex -1.2070903506165351 -29.472767142039206 11.774284320405965
      vertex -1.3049849947815737 -29.308986210253874 11.818169288813461
      vertex -1.2070903506165351 -29.5014398194733 11.843506287136908
    endloop
  endfacet
  facet normal 0.9653655703464429 -0.03405441002119908 0.2586689249751408
    outer loop
      vertex -1.1564163539696424 -29.749999999999996 11.797894644165037
      vertex -1.2070903506165351 -29.764256781667978 11.985135633359668
      vertex -1.1564163539696424 -29.754862722728635 11.797254454572737
    endloop
  endfacet
  facet normal 0.9653655703464425 -0.03405441002121879 0.25866892497513927
    outer loop
      vertex -1.1564163539696424 -29.749999999999996 11.797894644165037
      vertex -1.2070903506165351 -29.749999999999996 11.987012574273816
      vertex -1.2070903506165351 -29.764256781667978 11.985135633359668
    endloop
  endfacet
  facet normal 0.9653655703464425 0.034054410021220186 0.2586689249751392
    outer loop
      vertex -1.1564163539696424 -29.749999999999996 11.797894644165037
      vertex -1.2070903506165351 -29.67571567959403 11.97723285796079
      vertex -1.2070903506165351 -29.749999999999996 11.987012574273816
    endloop
  endfacet
  facet normal 0.9653655703464425 0.15882644667683976 0.20698665518747028
    outer loop
      vertex -1.1564163539696424 -29.701052677917477 11.78477924874136
      vertex -1.2070903506165351 -29.54705146244517 11.902948537554822
      vertex -1.2070903506165351 -29.606493712863088 11.948560180526693
    endloop
  endfacet
  facet normal 0.9653655703464424 0.09984247829830108 0.2410410652086928
    outer loop
      vertex -1.1564163539696424 -29.72466300167655 11.794558965054389
      vertex -1.2070903506165351 -29.606493712863088 11.948560180526693
      vertex -1.2070903506165351 -29.67571567959403 11.97723285796079
    endloop
  endfacet
  facet normal 0.8641551942546317 0.39923554967420744 0.3063442118256406
    outer loop
      vertex -1.2070903506165351 -29.5014398194733 11.843506287136908
      vertex -1.3049849947815737 -29.354597853225744 11.928285535878269
      vertex -1.2070903506165351 -29.54705146244517 11.902948537554822
    endloop
  endfacet
  facet normal 0.8641551942546323 0.46491964458042606 0.1925760221988946
    outer loop
      vertex -1.2070903506165351 -29.5014398194733 11.843506287136908
      vertex -1.3049849947815737 -29.308986210253874 11.818169288813461
      vertex -1.3049849947815737 -29.354597853225744 11.928285535878269
    endloop
  endfacet
  facet normal 0.8641551942546338 0.3063442118256327 0.3992355496742091
    outer loop
      vertex -1.2070903506165351 -29.54705146244517 11.902948537554822
      vertex -1.3049849947815737 -29.427155499067336 12.022844500932658
      vertex -1.2070903506165351 -29.606493712863088 11.948560180526693
    endloop
  endfacet
  facet normal 0.8641551942546353 0.1925760221988947 0.4649196445804202
    outer loop
      vertex -1.2070903506165351 -29.606493712863088 11.948560180526693
      vertex -1.3049849947815737 -29.521714464121725 12.095402146774251
      vertex -1.2070903506165351 -29.67571567959403 11.97723285796079
    endloop
  endfacet
  facet normal 0.8641551942546338 0.3992355496742097 0.30634421182563215
    outer loop
      vertex -1.2070903506165351 -29.54705146244517 11.902948537554822
      vertex -1.3049849947815737 -29.354597853225744 11.928285535878269
      vertex -1.3049849947815737 -29.427155499067336 12.022844500932658
    endloop
  endfacet
  facet normal 0.8641551942546338 -0.06568409490620758 0.4989202340245266
    outer loop
      vertex -1.2070903506165351 -29.749999999999996 11.987012574273816
      vertex -1.3049849947815737 -29.7726792644971 12.15358528994205
      vertex -1.2070903506165351 -29.764256781667978 11.985135633359668
    endloop
  endfacet
  facet normal 0.8641551942546336 0.06568409490621 0.49892023402452657
    outer loop
      vertex -1.2070903506165351 -29.67571567959403 11.97723285796079
      vertex -1.3049849947815737 -29.631830711186534 12.141013789746122
      vertex -1.2070903506165351 -29.749999999999996 11.987012574273816
    endloop
  endfacet
  facet normal 0.8641551942546339 -0.06568409490622934 0.49892023402452373
    outer loop
      vertex -1.2070903506165351 -29.749999999999996 11.987012574273816
      vertex -1.3049849947815737 -29.749999999999996 12.15657107175654
      vertex -1.3049849947815737 -29.7726792644971 12.15358528994205
    endloop
  endfacet
  facet normal 0.8641551942546347 0.06568409490621398 0.4989202340245242
    outer loop
      vertex -1.2070903506165351 -29.749999999999996 11.987012574273816
      vertex -1.3049849947815737 -29.631830711186534 12.141013789746122
      vertex -1.3049849947815737 -29.749999999999996 12.15657107175654
    endloop
  endfacet
  facet normal 0.864155194254635 0.3063442118256354 0.3992355496742042
    outer loop
      vertex -1.2070903506165351 -29.606493712863088 11.948560180526693
      vertex -1.3049849947815737 -29.427155499067336 12.022844500932658
      vertex -1.3049849947815737 -29.521714464121725 12.095402146774251
    endloop
  endfacet
  facet normal 0.864155194254634 0.19257602219889075 0.4649196445804242
    outer loop
      vertex -1.2070903506165351 -29.67571567959403 11.97723285796079
      vertex -1.3049849947815737 -29.521714464121725 12.095402146774251
      vertex -1.3049849947815737 -29.631830711186534 12.141013789746122
    endloop
  endfacet
  facet normal 0.704062592219638 0.7040625922196369 0.092691598723557
    outer loop
      vertex -1.3049849947815737 -29.293428928243458 11.7
      vertex -1.4434289282434596 -29.15498499478157 11.7
      vertex -1.3049849947815737 -29.308986210253874 11.818169288813461
    endloop
  endfacet
  facet normal 0.7040625922196376 0.7040625922196372 0.09269159872355776
    outer loop
      vertex -1.3049849947815737 -29.308986210253874 11.818169288813461
      vertex -1.4434289282434596 -29.15498499478157 11.7
      vertex -1.4434289282434596 -29.175259639429992 11.854001215472303
    endloop
  endfacet
  facet normal 0.704062592219638 0.656081890078312 0.27175801689781537
    outer loop
      vertex -1.3049849947815737 -29.308986210253874 11.818169288813461
      vertex -1.4434289282434596 -29.175259639429992 11.854001215472303
      vertex -1.3049849947815737 -29.354597853225744 11.928285535878269
    endloop
  endfacet
  facet normal 0.7040625922196372 0.5633902913547456 0.43230457532182054
    outer loop
      vertex -1.3049849947815737 -29.354597853225744 11.928285535878269
      vertex -1.4434289282434596 -29.23470188984791 11.997507502609212
      vertex -1.3049849947815737 -29.427155499067336 12.022844500932658
    endloop
  endfacet
  facet normal 0.7040625922196373 0.6560818900783121 0.271758016897817
    outer loop
      vertex -1.4434289282434596 -29.175259639429992 11.854001215472303
      vertex -1.4434289282434596 -29.23470188984791 11.997507502609212
      vertex -1.3049849947815737 -29.354597853225744 11.928285535878269
    endloop
  endfacet
  facet normal 0.49678152337644776 0.860450838749449 0.11328050197251785
    outer loop
      vertex -1.4434289282434596 -29.15498499478157 11.7
      vertex -1.6129874257261827 -29.05709035061653 11.7
      vertex -1.4434289282434596 -29.175259639429992 11.854001215472303
    endloop
  endfacet
  facet normal 0.49678152337643633 0.8018125360509193 0.3321216269130643
    outer loop
      vertex -1.4434289282434596 -29.175259639429992 11.854001215472303
      vertex -1.6129874257261827 -29.080700674375603 11.87933821379575
      vertex -1.4434289282434596 -29.23470188984791 11.997507502609212
    endloop
  endfacet
  facet normal 0.7040625922196376 0.43230457532182703 0.5633902913547402
    outer loop
      vertex -1.3049849947815737 -29.427155499067336 12.022844500932658
      vertex -1.4434289282434596 -29.329260854902298 12.120739145097698
      vertex -1.3049849947815737 -29.521714464121725 12.095402146774251
    endloop
  endfacet
  facet normal 0.704062592219637 0.2717580168978121 0.6560818900783146
    outer loop
      vertex -1.3049849947815737 -29.521714464121725 12.095402146774251
      vertex -1.4434289282434596 -29.452492497390782 12.215298110152087
      vertex -1.3049849947815737 -29.631830711186534 12.141013789746122
    endloop
  endfacet
  facet normal 0.7040625922196363 0.5633902913547452 0.4323045753218226
    outer loop
      vertex -1.3049849947815737 -29.427155499067336 12.022844500932658
      vertex -1.4434289282434596 -29.23470188984791 11.997507502609212
      vertex -1.4434289282434596 -29.329260854902298 12.120739145097698
    endloop
  endfacet
  facet normal 0.7040625922196369 0.43230457532182626 0.5633902913547418
    outer loop
      vertex -1.3049849947815737 -29.521714464121725 12.095402146774251
      vertex -1.4434289282434596 -29.329260854902298 12.120739145097698
      vertex -1.4434289282434596 -29.452492497390782 12.215298110152087
    endloop
  endfacet
  facet normal 0.7040625922196379 -0.09269159872358836 0.7040625922196331
    outer loop
      vertex -1.3049849947815737 -29.749999999999996 12.15657107175654
      vertex -1.4434289282434596 -29.779556192929995 12.291123858600017
      vertex -1.3049849947815737 -29.7726792644971 12.15358528994205
    endloop
  endfacet
  facet normal 0.704062592219637 -0.09269159872357235 0.704062592219636
    outer loop
      vertex -1.3049849947815737 -29.749999999999996 12.15657107175654
      vertex -1.4434289282434596 -29.749999999999996 12.295015005218426
      vertex -1.4434289282434596 -29.779556192929995 12.291123858600017
    endloop
  endfacet
  facet normal 0.7040625922196371 0.09269159872357281 0.704062592219636
    outer loop
      vertex -1.3049849947815737 -29.749999999999996 12.15657107175654
      vertex -1.4434289282434596 -29.59599878452769 12.274740360570002
      vertex -1.4434289282434596 -29.749999999999996 12.295015005218426
    endloop
  endfacet
  facet normal 0.7040625922196344 0.0926915987235679 0.7040625922196392
    outer loop
      vertex -1.3049849947815737 -29.631830711186534 12.141013789746122
      vertex -1.4434289282434596 -29.59599878452769 12.274740360570002
      vertex -1.3049849947815737 -29.749999999999996 12.15657107175654
    endloop
  endfacet
  facet normal 0.704062592219636 0.27175801689781065 0.6560818900783163
    outer loop
      vertex -1.3049849947815737 -29.631830711186534 12.141013789746122
      vertex -1.4434289282434596 -29.452492497390782 12.215298110152087
      vertex -1.4434289282434596 -29.59599878452769 12.274740360570002
    endloop
  endfacet
  facet normal 0.49678152337644327 0.6885320340783853 0.5283292118363906
    outer loop
      vertex -1.4434289282434596 -29.23470188984791 11.997507502609212
      vertex -1.6129874257261827 -29.149922641106546 12.046454824691732
      vertex -1.4434289282434596 -29.329260854902298 12.120739145097698
    endloop
  endfacet
  facet normal 0.49678152337643344 0.5283292118363989 0.688532034078386
    outer loop
      vertex -1.4434289282434596 -29.329260854902298 12.120739145097698
      vertex -1.6129874257261827 -29.403545175308263 12.300077358893448
      vertex -1.4434289282434596 -29.452492497390782 12.215298110152087
    endloop
  endfacet
  facet normal 0.4967815233764368 0.3321216269130557 0.8018125360509225
    outer loop
      vertex -1.4434289282434596 -29.452492497390782 12.215298110152087
      vertex -1.6129874257261827 -29.570661786204244 12.369299325624391
      vertex -1.4434289282434596 -29.59599878452769 12.274740360570002
    endloop
  endfacet
  facet normal 0.49678152337643505 0.11328050197253438 -0.8604508387494542
    outer loop
      vertex -1.6129874257261827 -29.570661786204244 11.030700674375607
      vertex -1.4434289282434596 -29.720443807069998 11.108876141399982
      vertex -1.6129874257261827 -29.71558108434136 11.011621686827244
    endloop
  endfacet
  facet normal 0.25675136523052505 0.12615062648588288 -0.9582091399530067
    outer loop
      vertex -1.6129874257261827 -29.570661786204244 11.030700674375607
      vertex -1.6129874257261827 -29.71558108434136 11.011621686827244
      vertex -1.8021053558349616 -29.55754639078057 10.981753352293088
    endloop
  endfacet
  facet normal 0.2567513652305228 0.3698549227364078 -0.8929087705806839
    outer loop
      vertex -1.6129874257261827 -29.570661786204244 11.030700674375607
      vertex -1.8021053558349616 -29.55754639078057 10.981753352293088
      vertex -1.6129874257261827 -29.403545175308263 11.09992264110655
    endloop
  endfacet
  facet normal 0.25675136523052705 0.12615062648588543 -0.9582091399530058
    outer loop
      vertex -1.8021053558349616 -29.55754639078057 10.981753352293088
      vertex -1.6129874257261827 -29.71558108434136 11.011621686827244
      vertex -1.8021053558349616 -29.713063953834908 10.961279076698279
    endloop
  endfacet
  facet normal 0.25675136523052855 0.3698549227364015 -0.892908770580685
    outer loop
      vertex -1.6129874257261827 -29.403545175308263 11.09992264110655
      vertex -1.8021053558349616 -29.55754639078057 10.981753352293088
      vertex -1.8021053558349616 -29.378208176984817 11.056037672699054
    endloop
  endfacet
  facet normal 0 0.1305261922200533 -0.9914448613738102
    outer loop
      vertex -1.8021053558349616 -29.55754639078057 10.981753352293088
      vertex -1.8021053558349616 -29.713063953834908 10.961279076698279
      vertex -1.9978946441650387 -29.55754639078057 10.981753352293088
    endloop
  endfacet
  facet normal 0 0.3826834323650857 -0.9238795325112885
    outer loop
      vertex -1.8021053558349616 -29.55754639078057 10.981753352293088
      vertex -1.9978946441650387 -29.378208176984817 11.056037672699054
      vertex -1.8021053558349616 -29.378208176984817 11.056037672699054
    endloop
  endfacet
  facet normal 0 0.1305261922200533 -0.9914448613738102
    outer loop
      vertex -1.9978946441650387 -29.55754639078057 10.981753352293088
      vertex -1.8021053558349616 -29.713063953834908 10.961279076698279
      vertex -1.9978946441650387 -29.713063953834908 10.961279076698279
    endloop
  endfacet
  facet normal 0 0.3826834323650857 -0.9238795325112885
    outer loop
      vertex -1.8021053558349616 -29.55754639078057 10.981753352293088
      vertex -1.9978946441650387 -29.55754639078057 10.981753352293088
      vertex -1.9978946441650387 -29.378208176984817 11.056037672699054
    endloop
  endfacet
  facet normal -0.2567513652305251 0.1261506264858855 -0.9582091399530063
    outer loop
      vertex -1.9978946441650387 -29.55754639078057 10.981753352293088
      vertex -1.9978946441650387 -29.713063953834908 10.961279076698279
      vertex -2.1870125742738176 -29.570661786204244 11.030700674375607
    endloop
  endfacet
  facet normal -0.25675136523052855 0.3698549227364016 -0.892908770580685
    outer loop
      vertex -1.9978946441650387 -29.55754639078057 10.981753352293088
      vertex -2.1870125742738176 -29.403545175308263 11.09992264110655
      vertex -1.9978946441650387 -29.378208176984817 11.056037672699054
    endloop
  endfacet
  facet normal -0.25675136523052483 0.12615062648588596 -0.9582091399530064
    outer loop
      vertex -2.1870125742738176 -29.570661786204244 11.030700674375607
      vertex -1.9978946441650387 -29.713063953834908 10.961279076698279
      vertex -2.1870125742738176 -29.715581084341355 11.011621686827244
    endloop
  endfacet
  facet normal -0.2567513652305227 0.36985492273640774 -0.8929087705806839
    outer loop
      vertex -1.9978946441650387 -29.55754639078057 10.981753352293088
      vertex -2.1870125742738176 -29.570661786204244 11.030700674375607
      vertex -2.1870125742738176 -29.403545175308263 11.09992264110655
    endloop
  endfacet
  facet normal -0.4967815233764373 0.11328050197253695 -0.8604508387494525
    outer loop
      vertex -2.1870125742738176 -29.570661786204244 11.030700674375607
      vertex -2.1870125742738176 -29.715581084341355 11.011621686827244
      vertex -2.3565710717565405 -29.59599878452769 11.125259639429997
    endloop
  endfacet
  facet normal -0.49678152337643533 0.11328050197254036 -0.8604508387494532
    outer loop
      vertex -2.3565710717565405 -29.59599878452769 11.125259639429997
      vertex -2.1870125742738176 -29.715581084341355 11.011621686827244
      vertex -2.3565710717565405 -29.720443807069994 11.108876141399982
    endloop
  endfacet
  facet normal 0.49678152337643383 0.3321216269130602 -0.8018125360509224
    outer loop
      vertex -1.4434289282434596 -29.452492497390782 11.184701889847911
      vertex -1.6129874257261827 -29.570661786204244 11.030700674375607
      vertex -1.6129874257261827 -29.403545175308263 11.09992264110655
    endloop
  endfacet
  facet normal 0.4967815233764369 0.5283292118363941 -0.6885320340783873
    outer loop
      vertex -1.4434289282434596 -29.329260854902298 11.2792608549023
      vertex -1.6129874257261827 -29.403545175308263 11.09992264110655
      vertex -1.6129874257261827 -29.260038888171355 11.210038888171358
    endloop
  endfacet
  facet normal 0.25675136523052866 0.5883542172165991 -0.7667581440948005
    outer loop
      vertex -1.6129874257261827 -29.403545175308263 11.09992264110655
      vertex -1.8021053558349616 -29.378208176984817 11.056037672699054
      vertex -1.6129874257261827 -29.260038888171355 11.210038888171358
    endloop
  endfacet
  facet normal 0.49678152337643716 0.6885320340783829 -0.5283292118363994
    outer loop
      vertex -1.4434289282434596 -29.329260854902298 11.2792608549023
      vertex -1.6129874257261827 -29.260038888171355 11.210038888171358
      vertex -1.6129874257261827 -29.149922641106546 11.353545175308266
    endloop
  endfacet
  facet normal 0.25675136523052206 0.5883542172166056 -0.7667581440947974
    outer loop
      vertex -1.8021053558349616 -29.378208176984817 11.056037672699054
      vertex -1.8021053558349616 -29.224206961512515 11.174206961512516
      vertex -1.6129874257261827 -29.260038888171355 11.210038888171358
    endloop
  endfacet
  facet normal 0.2567513652305203 0.7667581440948011 -0.5883542172166017
    outer loop
      vertex -1.6129874257261827 -29.260038888171355 11.210038888171358
      vertex -1.8021053558349616 -29.224206961512515 11.174206961512516
      vertex -1.8021053558349616 -29.106037672699053 11.32820817698482
    endloop
  endfacet
  facet normal 0.256751365230515 0.7667581440947988 -0.5883542172166073
    outer loop
      vertex -1.6129874257261827 -29.260038888171355 11.210038888171358
      vertex -1.8021053558349616 -29.106037672699053 11.32820817698482
      vertex -1.6129874257261827 -29.149922641106546 11.353545175308266
    endloop
  endfacet
  facet normal 0.4967815233764425 0.801812536050919 -0.33212162691305525
    outer loop
      vertex -1.4434289282434596 -29.23470188984791 11.402492497390787
      vertex -1.6129874257261827 -29.149922641106546 11.353545175308266
      vertex -1.6129874257261827 -29.080700674375603 11.520661786204249
    endloop
  endfacet
  facet normal 0.25675136523052616 0.8929087705806845 -0.3698549227364042
    outer loop
      vertex -1.6129874257261827 -29.149922641106546 11.353545175308266
      vertex -1.8021053558349616 -29.031753352293084 11.507546390780572
      vertex -1.6129874257261827 -29.080700674375603 11.520661786204249
    endloop
  endfacet
  facet normal 0.49678152337643655 0.8604508387494534 -0.1132805019725334
    outer loop
      vertex -1.4434289282434596 -29.175259639429992 11.545998784527695
      vertex -1.6129874257261827 -29.080700674375603 11.520661786204249
      vertex -1.6129874257261827 -29.05709035061653 11.7
    endloop
  endfacet
  facet normal 0.25675136523052833 0.9582091399530059 -0.1261506264858819
    outer loop
      vertex -1.6129874257261827 -29.080700674375603 11.520661786204249
      vertex -1.8021053558349616 -29.006416353969637 11.7
      vertex -1.6129874257261827 -29.05709035061653 11.7
    endloop
  endfacet
  facet normal 0.25675136523051345 0.8929087705806824 -0.3698549227364182
    outer loop
      vertex -1.8021053558349616 -29.106037672699053 11.32820817698482
      vertex -1.8021053558349616 -29.031753352293084 11.507546390780572
      vertex -1.6129874257261827 -29.149922641106546 11.353545175308266
    endloop
  endfacet
  facet normal 0.2567513652305262 0.9582091399530063 -0.12615062648588432
    outer loop
      vertex -1.8021053558349616 -29.031753352293084 11.507546390780572
      vertex -1.8021053558349616 -29.006416353969637 11.7
      vertex -1.6129874257261827 -29.080700674375603 11.520661786204249
    endloop
  endfacet
  facet normal 0 0.6087614290087253 -0.7933533402912316
    outer loop
      vertex -1.8021053558349616 -29.378208176984817 11.056037672699054
      vertex -1.9978946441650387 -29.224206961512515 11.174206961512516
      vertex -1.8021053558349616 -29.224206961512515 11.174206961512516
    endloop
  endfacet
  facet normal 0 0.7933533402912349 -0.6087614290087208
    outer loop
      vertex -1.8021053558349616 -29.224206961512515 11.174206961512516
      vertex -1.9978946441650387 -29.224206961512515 11.174206961512516
      vertex -1.8021053558349616 -29.106037672699053 11.32820817698482
    endloop
  endfacet
  facet normal 0 0.6087614290087253 -0.7933533402912316
    outer loop
      vertex -1.8021053558349616 -29.378208176984817 11.056037672699054
      vertex -1.9978946441650387 -29.378208176984817 11.056037672699054
      vertex -1.9978946441650387 -29.224206961512515 11.174206961512516
    endloop
  endfacet
  facet normal -0.25675136523052206 0.5883542172166056 -0.7667581440947974
    outer loop
      vertex -1.9978946441650387 -29.378208176984817 11.056037672699054
      vertex -2.1870125742738176 -29.260038888171355 11.210038888171358
      vertex -1.9978946441650387 -29.224206961512515 11.174206961512516
    endloop
  endfacet
  facet normal -0.2567513652305203 0.7667581440948011 -0.5883542172166017
    outer loop
      vertex -1.9978946441650387 -29.224206961512515 11.174206961512516
      vertex -2.1870125742738176 -29.260038888171355 11.210038888171358
      vertex -1.9978946441650387 -29.106037672699053 11.32820817698482
    endloop
  endfacet
  facet normal 0 0.923879532511282 -0.3826834323651013
    outer loop
      vertex -1.8021053558349616 -29.106037672699053 11.32820817698482
      vertex -1.9978946441650387 -29.106037672699053 11.32820817698482
      vertex -1.8021053558349616 -29.031753352293084 11.507546390780572
    endloop
  endfacet
  facet normal 0 0.7933533402912349 -0.6087614290087208
    outer loop
      vertex -1.8021053558349616 -29.106037672699053 11.32820817698482
      vertex -1.9978946441650387 -29.224206961512515 11.174206961512516
      vertex -1.9978946441650387 -29.106037672699053 11.32820817698482
    endloop
  endfacet
  facet normal 0 0.923879532511282 -0.3826834323651013
    outer loop
      vertex -1.8021053558349616 -29.031753352293084 11.507546390780572
      vertex -1.9978946441650387 -29.106037672699053 11.32820817698482
      vertex -1.9978946441650387 -29.031753352293084 11.507546390780572
    endloop
  endfacet
  facet normal 0 0.9914448613738104 -0.1305261922200521
    outer loop
      vertex -1.8021053558349616 -29.031753352293084 11.507546390780572
      vertex -1.9978946441650387 -29.031753352293084 11.507546390780572
      vertex -1.8021053558349616 -29.006416353969637 11.7
    endloop
  endfacet
  facet normal 0 0.9914448613738104 -0.1305261922200521
    outer loop
      vertex -1.9978946441650387 -29.031753352293084 11.507546390780572
      vertex -1.9978946441650387 -29.006416353969637 11.7
      vertex -1.8021053558349616 -29.006416353969637 11.7
    endloop
  endfacet
  facet normal -0.25675136523051345 0.8929087705806824 -0.3698549227364182
    outer loop
      vertex -1.9978946441650387 -29.106037672699053 11.32820817698482
      vertex -2.1870125742738176 -29.149922641106546 11.353545175308266
      vertex -1.9978946441650387 -29.031753352293084 11.507546390780572
    endloop
  endfacet
  facet normal -0.2567513652305262 0.9582091399530063 -0.12615062648588432
    outer loop
      vertex -1.9978946441650387 -29.031753352293084 11.507546390780572
      vertex -2.1870125742738176 -29.080700674375603 11.520661786204249
      vertex -1.9978946441650387 -29.006416353969637 11.7
    endloop
  endfacet
  facet normal 0.49678152337643655 0.8604508387494534 0.1132805019725334
    outer loop
      vertex -1.4434289282434596 -29.175259639429992 11.854001215472303
      vertex -1.6129874257261827 -29.05709035061653 11.7
      vertex -1.6129874257261827 -29.080700674375603 11.87933821379575
    endloop
  endfacet
  facet normal 0.25675136523052833 0.9582091399530059 0.1261506264858819
    outer loop
      vertex -1.6129874257261827 -29.05709035061653 11.7
      vertex -1.8021053558349616 -29.006416353969637 11.7
      vertex -1.6129874257261827 -29.080700674375603 11.87933821379575
    endloop
  endfacet
  facet normal 0.4967815233764425 0.801812536050919 0.33212162691305525
    outer loop
      vertex -1.4434289282434596 -29.23470188984791 11.997507502609212
      vertex -1.6129874257261827 -29.080700674375603 11.87933821379575
      vertex -1.6129874257261827 -29.149922641106546 12.046454824691732
    endloop
  endfacet
  facet normal 0.25675136523052616 0.8929087705806845 0.3698549227364042
    outer loop
      vertex -1.6129874257261827 -29.080700674375603 11.87933821379575
      vertex -1.8021053558349616 -29.031753352293084 11.892453609219427
      vertex -1.6129874257261827 -29.149922641106546 12.046454824691732
    endloop
  endfacet
  facet normal 0.2567513652305262 0.9582091399530063 0.12615062648588432
    outer loop
      vertex -1.6129874257261827 -29.080700674375603 11.87933821379575
      vertex -1.8021053558349616 -29.006416353969637 11.7
      vertex -1.8021053558349616 -29.031753352293084 11.892453609219427
    endloop
  endfacet
  facet normal 0.2567513652305134 0.8929087705806824 0.3698549227364181
    outer loop
      vertex -1.6129874257261827 -29.149922641106546 12.046454824691732
      vertex -1.8021053558349616 -29.031753352293084 11.892453609219427
      vertex -1.8021053558349616 -29.106037672699053 12.071791823015179
    endloop
  endfacet
  facet normal 0.49678152337643705 0.6885320340783829 0.5283292118363992
    outer loop
      vertex -1.6129874257261827 -29.149922641106546 12.046454824691732
      vertex -1.6129874257261827 -29.260038888171355 12.18996111182864
      vertex -1.4434289282434596 -29.329260854902298 12.120739145097698
    endloop
  endfacet
  facet normal 0.4967815233764369 0.5283292118363941 0.6885320340783873
    outer loop
      vertex -1.4434289282434596 -29.329260854902298 12.120739145097698
      vertex -1.6129874257261827 -29.260038888171355 12.18996111182864
      vertex -1.6129874257261827 -29.403545175308263 12.300077358893448
    endloop
  endfacet
  facet normal 0.49678152337643383 0.3321216269130602 0.8018125360509224
    outer loop
      vertex -1.4434289282434596 -29.452492497390782 12.215298110152087
      vertex -1.6129874257261827 -29.403545175308263 12.300077358893448
      vertex -1.6129874257261827 -29.570661786204244 12.369299325624391
    endloop
  endfacet
  facet normal 0.25675136523052866 0.5883542172165991 0.7667581440948005
    outer loop
      vertex -1.6129874257261827 -29.260038888171355 12.18996111182864
      vertex -1.8021053558349616 -29.378208176984817 12.343962327300945
      vertex -1.6129874257261827 -29.403545175308263 12.300077358893448
    endloop
  endfacet
  facet normal 0.2567513652305203 0.7667581440948011 0.5883542172166017
    outer loop
      vertex -1.6129874257261827 -29.260038888171355 12.18996111182864
      vertex -1.8021053558349616 -29.106037672699053 12.071791823015179
      vertex -1.8021053558349616 -29.224206961512515 12.225793038487483
    endloop
  endfacet
  facet normal 0.25675136523052206 0.5883542172166056 0.7667581440947974
    outer loop
      vertex -1.6129874257261827 -29.260038888171355 12.18996111182864
      vertex -1.8021053558349616 -29.224206961512515 12.225793038487483
      vertex -1.8021053558349616 -29.378208176984817 12.343962327300945
    endloop
  endfacet
  facet normal 0.25675136523051495 0.7667581440947988 0.5883542172166073
    outer loop
      vertex -1.6129874257261827 -29.149922641106546 12.046454824691732
      vertex -1.8021053558349616 -29.106037672699053 12.071791823015179
      vertex -1.6129874257261827 -29.260038888171355 12.18996111182864
    endloop
  endfacet
  facet normal 0 0.9914448613738104 0.1305261922200521
    outer loop
      vertex -1.8021053558349616 -29.006416353969637 11.7
      vertex -1.9978946441650387 -29.006416353969637 11.7
      vertex -1.8021053558349616 -29.031753352293084 11.892453609219427
    endloop
  endfacet
  facet normal 0 0.9914448613738104 0.1305261922200521
    outer loop
      vertex -1.8021053558349616 -29.031753352293084 11.892453609219427
      vertex -1.9978946441650387 -29.006416353969637 11.7
      vertex -1.9978946441650387 -29.031753352293084 11.892453609219427
    endloop
  endfacet
  facet normal 0 0.923879532511282 0.3826834323651013
    outer loop
      vertex -1.8021053558349616 -29.031753352293084 11.892453609219427
      vertex -1.9978946441650387 -29.031753352293084 11.892453609219427
      vertex -1.8021053558349616 -29.106037672699053 12.071791823015179
    endloop
  endfacet
  facet normal -0.2567513652305262 0.9582091399530063 0.12615062648588432
    outer loop
      vertex -1.9978946441650387 -29.006416353969637 11.7
      vertex -2.1870125742738176 -29.080700674375603 11.87933821379575
      vertex -1.9978946441650387 -29.031753352293084 11.892453609219427
    endloop
  endfacet
  facet normal -0.2567513652305134 0.8929087705806824 0.3698549227364182
    outer loop
      vertex -1.9978946441650387 -29.031753352293084 11.892453609219427
      vertex -2.1870125742738176 -29.149922641106546 12.046454824691732
      vertex -1.9978946441650387 -29.106037672699053 12.071791823015179
    endloop
  endfacet
  facet normal 0 0.6087614290087253 0.7933533402912316
    outer loop
      vertex -1.8021053558349616 -29.224206961512515 12.225793038487483
      vertex -1.9978946441650387 -29.378208176984817 12.343962327300945
      vertex -1.8021053558349616 -29.378208176984817 12.343962327300945
    endloop
  endfacet
  facet normal 0 0.7933533402912349 0.6087614290087208
    outer loop
      vertex -1.8021053558349616 -29.224206961512515 12.225793038487483
      vertex -1.9978946441650387 -29.106037672699053 12.071791823015179
      vertex -1.9978946441650387 -29.224206961512515 12.225793038487483
    endloop
  endfacet
  facet normal 0 0.6087614290087253 0.7933533402912316
    outer loop
      vertex -1.8021053558349616 -29.224206961512515 12.225793038487483
      vertex -1.9978946441650387 -29.224206961512515 12.225793038487483
      vertex -1.9978946441650387 -29.378208176984817 12.343962327300945
    endloop
  endfacet
  facet normal -0.25675136523052033 0.7667581440948011 0.5883542172166017
    outer loop
      vertex -1.9978946441650387 -29.106037672699053 12.071791823015179
      vertex -2.1870125742738176 -29.260038888171355 12.18996111182864
      vertex -1.9978946441650387 -29.224206961512515 12.225793038487483
    endloop
  endfacet
  facet normal -0.25675136523052206 0.5883542172166056 0.7667581440947974
    outer loop
      vertex -1.9978946441650387 -29.224206961512515 12.225793038487483
      vertex -2.1870125742738176 -29.260038888171355 12.18996111182864
      vertex -1.9978946441650387 -29.378208176984817 12.343962327300945
    endloop
  endfacet
  facet normal 0 0.7933533402912349 0.6087614290087208
    outer loop
      vertex -1.8021053558349616 -29.106037672699053 12.071791823015179
      vertex -1.9978946441650387 -29.106037672699053 12.071791823015179
      vertex -1.8021053558349616 -29.224206961512515 12.225793038487483
    endloop
  endfacet
  facet normal 0 0.923879532511282 0.3826834323651013
    outer loop
      vertex -1.8021053558349616 -29.106037672699053 12.071791823015179
      vertex -1.9978946441650387 -29.031753352293084 11.892453609219427
      vertex -1.9978946441650387 -29.106037672699053 12.071791823015179
    endloop
  endfacet
  facet normal -0.2567513652305287 0.5883542172165991 -0.7667581440948005
    outer loop
      vertex -1.9978946441650387 -29.378208176984817 11.056037672699054
      vertex -2.1870125742738176 -29.403545175308263 11.09992264110655
      vertex -2.1870125742738176 -29.260038888171355 11.210038888171358
    endloop
  endfacet
  facet normal -0.4967815233764343 0.33212162691306 -0.8018125360509222
    outer loop
      vertex -2.1870125742738176 -29.570661786204244 11.030700674375607
      vertex -2.3565710717565405 -29.452492497390782 11.184701889847911
      vertex -2.1870125742738176 -29.403545175308263 11.09992264110655
    endloop
  endfacet
  facet normal -0.4967815233764373 0.5283292118363939 -0.688532034078387
    outer loop
      vertex -2.1870125742738176 -29.403545175308263 11.09992264110655
      vertex -2.3565710717565405 -29.329260854902298 11.2792608549023
      vertex -2.1870125742738176 -29.260038888171355 11.210038888171358
    endloop
  endfacet
  facet normal -0.4967815233764373 0.33212162691305563 -0.8018125360509222
    outer loop
      vertex -2.1870125742738176 -29.570661786204244 11.030700674375607
      vertex -2.3565710717565405 -29.59599878452769 11.125259639429997
      vertex -2.3565710717565405 -29.452492497390782 11.184701889847911
    endloop
  endfacet
  facet normal -0.49678152337643383 0.5283292118363987 -0.6885320340783858
    outer loop
      vertex -2.1870125742738176 -29.403545175308263 11.09992264110655
      vertex -2.3565710717565405 -29.452492497390782 11.184701889847911
      vertex -2.3565710717565405 -29.329260854902298 11.2792608549023
    endloop
  endfacet
  facet normal -0.49678152337643755 0.6885320340783827 -0.5283292118363991
    outer loop
      vertex -2.1870125742738176 -29.260038888171355 11.210038888171358
      vertex -2.3565710717565405 -29.329260854902298 11.2792608549023
      vertex -2.1870125742738176 -29.149922641106546 11.353545175308266
    endloop
  endfacet
  facet normal -0.4967815233764439 0.688532034078385 -0.5283292118363904
    outer loop
      vertex -2.3565710717565405 -29.329260854902298 11.2792608549023
      vertex -2.3565710717565405 -29.23470188984791 11.402492497390787
      vertex -2.1870125742738176 -29.149922641106546 11.353545175308266
    endloop
  endfacet
  facet normal -0.256751365230515 0.7667581440947988 -0.5883542172166073
    outer loop
      vertex -1.9978946441650387 -29.106037672699053 11.32820817698482
      vertex -2.1870125742738176 -29.260038888171355 11.210038888171358
      vertex -2.1870125742738176 -29.149922641106546 11.353545175308266
    endloop
  endfacet
  facet normal -0.25675136523052616 0.8929087705806845 -0.36985492273640413
    outer loop
      vertex -1.9978946441650387 -29.031753352293084 11.507546390780572
      vertex -2.1870125742738176 -29.149922641106546 11.353545175308266
      vertex -2.1870125742738176 -29.080700674375603 11.520661786204249
    endloop
  endfacet
  facet normal -0.25675136523052833 0.9582091399530059 -0.1261506264858819
    outer loop
      vertex -2.1870125742738176 -29.080700674375603 11.520661786204249
      vertex -2.1870125742738176 -29.05709035061653 11.7
      vertex -1.9978946441650387 -29.006416353969637 11.7
    endloop
  endfacet
  facet normal -0.4967815233764431 0.801812536050919 -0.33212162691305513
    outer loop
      vertex -2.1870125742738176 -29.149922641106546 11.353545175308266
      vertex -2.3565710717565405 -29.23470188984791 11.402492497390787
      vertex -2.1870125742738176 -29.080700674375603 11.520661786204249
    endloop
  endfacet
  facet normal -0.4967815233764368 0.801812536050919 -0.33212162691306424
    outer loop
      vertex -2.1870125742738176 -29.080700674375603 11.520661786204249
      vertex -2.3565710717565405 -29.23470188984791 11.402492497390787
      vertex -2.3565710717565405 -29.175259639429992 11.545998784527695
    endloop
  endfacet
  facet normal -0.49678152337643716 0.860450838749453 -0.11328050197253345
    outer loop
      vertex -2.1870125742738176 -29.080700674375603 11.520661786204249
      vertex -2.3565710717565405 -29.175259639429992 11.545998784527695
      vertex -2.1870125742738176 -29.05709035061653 11.7
    endloop
  endfacet
  facet normal -0.4967815233764483 0.8604508387494487 -0.11328050197251782
    outer loop
      vertex -2.3565710717565405 -29.175259639429992 11.545998784527695
      vertex -2.3565710717565405 -29.15498499478157 11.7
      vertex -2.1870125742738176 -29.05709035061653 11.7
    endloop
  endfacet
  facet normal -0.7040625922196394 0.09269159872356228 -0.7040625922196349
    outer loop
      vertex -2.4950150052184266 -29.631830711186534 11.258986210253877
      vertex -2.3565710717565405 -29.720443807069994 11.108876141399982
      vertex -2.4950150052184266 -29.727320735502893 11.246414710057948
    endloop
  endfacet
  facet normal -0.7040625922196343 0.09269159872357587 -0.704062592219638
    outer loop
      vertex -2.3565710717565405 -29.59599878452769 11.125259639429997
      vertex -2.3565710717565405 -29.720443807069994 11.108876141399982
      vertex -2.4950150052184266 -29.631830711186534 11.258986210253877
    endloop
  endfacet
  facet normal -0.7040625922196354 0.2717580168978109 -0.6560818900783169
    outer loop
      vertex -2.3565710717565405 -29.59599878452769 11.125259639429997
      vertex -2.4950150052184266 -29.631830711186534 11.258986210253877
      vertex -2.3565710717565405 -29.452492497390782 11.184701889847911
    endloop
  endfacet
  facet normal -0.7040625922196363 0.43230457532182653 -0.5633902913547423
    outer loop
      vertex -2.3565710717565405 -29.452492497390782 11.184701889847911
      vertex -2.4950150052184266 -29.521714464121725 11.304597853225747
      vertex -2.3565710717565405 -29.329260854902298 11.2792608549023
    endloop
  endfacet
  facet normal -0.7040625922196357 0.5633902913547457 -0.4323045753218229
    outer loop
      vertex -2.3565710717565405 -29.329260854902298 11.2792608549023
      vertex -2.4950150052184266 -29.427155499067336 11.37715549906734
      vertex -2.3565710717565405 -29.23470188984791 11.402492497390787
    endloop
  endfacet
  facet normal -0.7040625922196364 0.27175801689781226 -0.6560818900783151
    outer loop
      vertex -2.3565710717565405 -29.452492497390782 11.184701889847911
      vertex -2.4950150052184266 -29.631830711186534 11.258986210253877
      vertex -2.4950150052184266 -29.521714464121725 11.304597853225747
    endloop
  endfacet
  facet normal -0.7040625922196371 0.4323045753218273 -0.5633902913547405
    outer loop
      vertex -2.3565710717565405 -29.329260854902298 11.2792608549023
      vertex -2.4950150052184266 -29.521714464121725 11.304597853225747
      vertex -2.4950150052184266 -29.427155499067336 11.37715549906734
    endloop
  endfacet
  facet normal -0.8641551942546334 0.06568409490621442 -0.49892023402452634
    outer loop
      vertex -2.592909649383465 -29.67571567959403 11.42276714203921
      vertex -2.4950150052184266 -29.727320735502893 11.246414710057948
      vertex -2.592909649383465 -29.73574321833201 11.41486436664033
    endloop
  endfacet
  facet normal -0.8641551942546342 0.06568409490621055 -0.49892023402452557
    outer loop
      vertex -2.4950150052184266 -29.631830711186534 11.258986210253877
      vertex -2.4950150052184266 -29.727320735502893 11.246414710057948
      vertex -2.592909649383465 -29.67571567959403 11.42276714203921
    endloop
  endfacet
  facet normal -0.8641551942546345 0.19257602219889042 -0.46491964458042334
    outer loop
      vertex -2.4950150052184266 -29.631830711186534 11.258986210253877
      vertex -2.592909649383465 -29.67571567959403 11.42276714203921
      vertex -2.4950150052184266 -29.521714464121725 11.304597853225747
    endloop
  endfacet
  facet normal -0.8641551942546356 0.3063442118256349 -0.3992355496742035
    outer loop
      vertex -2.4950150052184266 -29.521714464121725 11.304597853225747
      vertex -2.592909649383465 -29.606493712863088 11.451439819473306
      vertex -2.4950150052184266 -29.427155499067336 11.37715549906734
    endloop
  endfacet
  facet normal -0.8641551942546359 0.1925760221988944 -0.4649196445804194
    outer loop
      vertex -2.4950150052184266 -29.521714464121725 11.304597853225747
      vertex -2.592909649383465 -29.67571567959403 11.42276714203921
      vertex -2.592909649383465 -29.606493712863088 11.451439819473306
    endloop
  endfacet
  facet normal -0.7040625922196367 0.6560818900783126 -0.27175801689781726
    outer loop
      vertex -2.3565710717565405 -29.23470188984791 11.402492497390787
      vertex -2.4950150052184266 -29.354597853225744 11.47171446412173
      vertex -2.3565710717565405 -29.175259639429992 11.545998784527695
    endloop
  endfacet
  facet normal -0.7040625922196366 0.563390291354746 -0.4323045753218209
    outer loop
      vertex -2.3565710717565405 -29.23470188984791 11.402492497390787
      vertex -2.4950150052184266 -29.427155499067336 11.37715549906734
      vertex -2.4950150052184266 -29.354597853225744 11.47171446412173
    endloop
  endfacet
  facet normal -0.7040625922196375 0.6560818900783126 -0.27175801689781565
    outer loop
      vertex -2.4950150052184266 -29.354597853225744 11.47171446412173
      vertex -2.4950150052184266 -29.308986210253874 11.581830711186537
      vertex -2.3565710717565405 -29.175259639429992 11.545998784527695
    endloop
  endfacet
  facet normal -0.7040625922196372 0.7040625922196376 -0.09269159872355785
    outer loop
      vertex -2.3565710717565405 -29.175259639429992 11.545998784527695
      vertex -2.4950150052184266 -29.308986210253874 11.581830711186537
      vertex -2.3565710717565405 -29.15498499478157 11.7
    endloop
  endfacet
  facet normal -0.7040625922196375 0.7040625922196375 -0.09269159872355708
    outer loop
      vertex -2.4950150052184266 -29.308986210253874 11.581830711186537
      vertex -2.4950150052184266 -29.293428928243458 11.7
      vertex -2.3565710717565405 -29.15498499478157 11.7
    endloop
  endfacet
  facet normal -0.8641551942546343 0.399235549674209 -0.30634421182563165
    outer loop
      vertex -2.4950150052184266 -29.427155499067336 11.37715549906734
      vertex -2.592909649383465 -29.54705146244517 11.497051462445176
      vertex -2.4950150052184266 -29.354597853225744 11.47171446412173
    endloop
  endfacet
  facet normal -0.8641551942546327 0.46491964458042534 -0.19257602219889433
    outer loop
      vertex -2.4950150052184266 -29.354597853225744 11.47171446412173
      vertex -2.592909649383465 -29.5014398194733 11.556493712863091
      vertex -2.4950150052184266 -29.308986210253874 11.581830711186537
    endloop
  endfacet
  facet normal -0.8641551942546345 0.3063442118256323 -0.3992355496742084
    outer loop
      vertex -2.4950150052184266 -29.427155499067336 11.37715549906734
      vertex -2.592909649383465 -29.606493712863088 11.451439819473306
      vertex -2.592909649383465 -29.54705146244517 11.497051462445176
    endloop
  endfacet
  facet normal -0.8641551942546323 0.3992355496742068 -0.3063442118256402
    outer loop
      vertex -2.4950150052184266 -29.354597853225744 11.47171446412173
      vertex -2.592909649383465 -29.54705146244517 11.497051462445176
      vertex -2.592909649383465 -29.5014398194733 11.556493712863091
    endloop
  endfacet
  facet normal -0.8641551942546339 0.4989202340245264 -0.06568409490620673
    outer loop
      vertex -2.4950150052184266 -29.308986210253874 11.581830711186537
      vertex -2.592909649383465 -29.472767142039206 11.625715679594034
      vertex -2.4950150052184266 -29.293428928243458 11.7
    endloop
  endfacet
  facet normal -0.8641551942546349 0.4649196445804252 -0.19257602219888487
    outer loop
      vertex -2.4950150052184266 -29.308986210253874 11.581830711186537
      vertex -2.592909649383465 -29.5014398194733 11.556493712863091
      vertex -2.592909649383465 -29.472767142039206 11.625715679594034
    endloop
  endfacet
  facet normal -0.864155194254633 0.49892023402452734 -0.06568409490621009
    outer loop
      vertex -2.592909649383465 -29.472767142039206 11.625715679594034
      vertex -2.592909649383465 -29.46298742572618 11.7
      vertex -2.4950150052184266 -29.293428928243458 11.7
    endloop
  endfacet
  facet normal -0.25675136523052833 0.9582091399530059 0.12615062648588193
    outer loop
      vertex -1.9978946441650387 -29.006416353969637 11.7
      vertex -2.1870125742738176 -29.05709035061653 11.7
      vertex -2.1870125742738176 -29.080700674375603 11.87933821379575
    endloop
  endfacet
  facet normal -0.25675136523052616 0.8929087705806845 0.3698549227364042
    outer loop
      vertex -2.1870125742738176 -29.080700674375603 11.87933821379575
      vertex -2.1870125742738176 -29.149922641106546 12.046454824691732
      vertex -1.9978946441650387 -29.031753352293084 11.892453609219427
    endloop
  endfacet
  facet normal -0.49678152337643716 0.860450838749453 0.11328050197253345
    outer loop
      vertex -2.1870125742738176 -29.05709035061653 11.7
      vertex -2.3565710717565405 -29.175259639429992 11.854001215472303
      vertex -2.1870125742738176 -29.080700674375603 11.87933821379575
    endloop
  endfacet
  facet normal -0.49678152337644826 0.8604508387494487 0.11328050197251782
    outer loop
      vertex -2.1870125742738176 -29.05709035061653 11.7
      vertex -2.3565710717565405 -29.15498499478157 11.7
      vertex -2.3565710717565405 -29.175259639429992 11.854001215472303
    endloop
  endfacet
  facet normal -0.4967815233764431 0.801812536050919 0.33212162691305513
    outer loop
      vertex -2.1870125742738176 -29.080700674375603 11.87933821379575
      vertex -2.3565710717565405 -29.23470188984791 11.997507502609212
      vertex -2.1870125742738176 -29.149922641106546 12.046454824691732
    endloop
  endfacet
  facet normal -0.4967815233764368 0.801812536050919 0.33212162691306424
    outer loop
      vertex -2.1870125742738176 -29.080700674375603 11.87933821379575
      vertex -2.3565710717565405 -29.175259639429992 11.854001215472303
      vertex -2.3565710717565405 -29.23470188984791 11.997507502609212
    endloop
  endfacet
  facet normal -0.25675136523052866 0.5883542172165991 0.7667581440948005
    outer loop
      vertex -2.1870125742738176 -29.260038888171355 12.18996111182864
      vertex -2.1870125742738176 -29.403545175308263 12.300077358893448
      vertex -1.9978946441650387 -29.378208176984817 12.343962327300945
    endloop
  endfacet
  facet normal -0.49678152337643755 0.6885320340783827 0.5283292118363991
    outer loop
      vertex -2.1870125742738176 -29.149922641106546 12.046454824691732
      vertex -2.3565710717565405 -29.329260854902298 12.120739145097698
      vertex -2.1870125742738176 -29.260038888171355 12.18996111182864
    endloop
  endfacet
  facet normal -0.4967815233764438 0.688532034078385 0.5283292118363905
    outer loop
      vertex -2.1870125742738176 -29.149922641106546 12.046454824691732
      vertex -2.3565710717565405 -29.23470188984791 11.997507502609212
      vertex -2.3565710717565405 -29.329260854902298 12.120739145097698
    endloop
  endfacet
  facet normal -0.4967815233764373 0.5283292118363939 0.688532034078387
    outer loop
      vertex -2.1870125742738176 -29.260038888171355 12.18996111182864
      vertex -2.3565710717565405 -29.329260854902298 12.120739145097698
      vertex -2.1870125742738176 -29.403545175308263 12.300077358893448
    endloop
  endfacet
  facet normal -0.4967815233764342 0.33212162691306 0.8018125360509222
    outer loop
      vertex -2.1870125742738176 -29.403545175308263 12.300077358893448
      vertex -2.3565710717565405 -29.452492497390782 12.215298110152087
      vertex -2.1870125742738176 -29.570661786204244 12.369299325624391
    endloop
  endfacet
  facet normal -0.49678152337643383 0.5283292118363987 0.6885320340783858
    outer loop
      vertex -2.1870125742738176 -29.403545175308263 12.300077358893448
      vertex -2.3565710717565405 -29.329260854902298 12.120739145097698
      vertex -2.3565710717565405 -29.452492497390782 12.215298110152087
    endloop
  endfacet
  facet normal -0.4967815233764373 0.33212162691305563 0.8018125360509222
    outer loop
      vertex -2.1870125742738176 -29.570661786204244 12.369299325624391
      vertex -2.3565710717565405 -29.452492497390782 12.215298110152087
      vertex -2.3565710717565405 -29.59599878452769 12.274740360570002
    endloop
  endfacet
  facet normal -0.25675136523051495 0.7667581440947988 0.5883542172166073
    outer loop
      vertex -2.1870125742738176 -29.149922641106546 12.046454824691732
      vertex -2.1870125742738176 -29.260038888171355 12.18996111182864
      vertex -1.9978946441650387 -29.106037672699053 12.071791823015179
    endloop
  endfacet
  facet normal -0.7040625922196372 0.7040625922196377 0.09269159872355787
    outer loop
      vertex -2.3565710717565405 -29.15498499478157 11.7
      vertex -2.4950150052184266 -29.308986210253874 11.818169288813461
      vertex -2.3565710717565405 -29.175259639429992 11.854001215472303
    endloop
  endfacet
  facet normal -0.7040625922196375 0.7040625922196375 0.09269159872355713
    outer loop
      vertex -2.3565710717565405 -29.15498499478157 11.7
      vertex -2.4950150052184266 -29.293428928243458 11.7
      vertex -2.4950150052184266 -29.308986210253874 11.818169288813461
    endloop
  endfacet
  facet normal -0.7040625922196367 0.6560818900783126 0.27175801689781726
    outer loop
      vertex -2.3565710717565405 -29.175259639429992 11.854001215472303
      vertex -2.4950150052184266 -29.354597853225744 11.928285535878269
      vertex -2.3565710717565405 -29.23470188984791 11.997507502609212
    endloop
  endfacet
  facet normal -0.7040625922196375 0.6560818900783125 0.2717580168978157
    outer loop
      vertex -2.3565710717565405 -29.175259639429992 11.854001215472303
      vertex -2.4950150052184266 -29.308986210253874 11.818169288813461
      vertex -2.4950150052184266 -29.354597853225744 11.928285535878269
    endloop
  endfacet
  facet normal -0.7040625922196366 0.563390291354746 0.4323045753218209
    outer loop
      vertex -2.3565710717565405 -29.23470188984791 11.997507502609212
      vertex -2.4950150052184266 -29.354597853225744 11.928285535878269
      vertex -2.4950150052184266 -29.427155499067336 12.022844500932658
    endloop
  endfacet
  facet normal -0.8641551942546339 0.4989202340245264 0.06568409490620673
    outer loop
      vertex -2.4950150052184266 -29.293428928243458 11.7
      vertex -2.592909649383465 -29.472767142039206 11.774284320405965
      vertex -2.4950150052184266 -29.308986210253874 11.818169288813461
    endloop
  endfacet
  facet normal -0.864155194254633 0.49892023402452734 0.06568409490621005
    outer loop
      vertex -2.4950150052184266 -29.293428928243458 11.7
      vertex -2.592909649383465 -29.46298742572618 11.7
      vertex -2.592909649383465 -29.472767142039206 11.774284320405965
    endloop
  endfacet
  facet normal -0.8641551942546349 0.4649196445804252 0.19257602219888484
    outer loop
      vertex -2.592909649383465 -29.472767142039206 11.774284320405965
      vertex -2.592909649383465 -29.5014398194733 11.843506287136908
      vertex -2.4950150052184266 -29.308986210253874 11.818169288813461
    endloop
  endfacet
  facet normal -0.8641551942546327 0.46491964458042534 0.19257602219889433
    outer loop
      vertex -2.4950150052184266 -29.308986210253874 11.818169288813461
      vertex -2.592909649383465 -29.5014398194733 11.843506287136908
      vertex -2.4950150052184266 -29.354597853225744 11.928285535878269
    endloop
  endfacet
  facet normal -0.8641551942546343 0.399235549674209 0.30634421182563165
    outer loop
      vertex -2.4950150052184266 -29.354597853225744 11.928285535878269
      vertex -2.592909649383465 -29.54705146244517 11.902948537554822
      vertex -2.4950150052184266 -29.427155499067336 12.022844500932658
    endloop
  endfacet
  facet normal -0.8641551942546323 0.39923554967420677 0.30634421182564014
    outer loop
      vertex -2.592909649383465 -29.5014398194733 11.843506287136908
      vertex -2.592909649383465 -29.54705146244517 11.902948537554822
      vertex -2.4950150052184266 -29.354597853225744 11.928285535878269
    endloop
  endfacet
  facet normal -0.8641551942546344 0.3063442118256322 0.39923554967420843
    outer loop
      vertex -2.592909649383465 -29.54705146244517 11.902948537554822
      vertex -2.592909649383465 -29.606493712863088 11.948560180526693
      vertex -2.4950150052184266 -29.427155499067336 12.022844500932658
    endloop
  endfacet
  facet normal -0.8641551942546359 0.1925760221988944 0.4649196445804194
    outer loop
      vertex -2.592909649383465 -29.606493712863088 11.948560180526693
      vertex -2.592909649383465 -29.67571567959403 11.97723285796079
      vertex -2.4950150052184266 -29.521714464121725 12.095402146774251
    endloop
  endfacet
  facet normal -0.7040625922196357 0.5633902913547457 0.4323045753218229
    outer loop
      vertex -2.3565710717565405 -29.23470188984791 11.997507502609212
      vertex -2.4950150052184266 -29.427155499067336 12.022844500932658
      vertex -2.3565710717565405 -29.329260854902298 12.120739145097698
    endloop
  endfacet
  facet normal -0.7040625922196362 0.43230457532182653 0.5633902913547423
    outer loop
      vertex -2.3565710717565405 -29.329260854902298 12.120739145097698
      vertex -2.4950150052184266 -29.521714464121725 12.095402146774251
      vertex -2.3565710717565405 -29.452492497390782 12.215298110152087
    endloop
  endfacet
  facet normal -0.704062592219637 0.4323045753218273 0.5633902913547406
    outer loop
      vertex -2.4950150052184266 -29.427155499067336 12.022844500932658
      vertex -2.4950150052184266 -29.521714464121725 12.095402146774251
      vertex -2.3565710717565405 -29.329260854902298 12.120739145097698
    endloop
  endfacet
  facet normal -0.7040625922196364 0.27175801689781226 0.6560818900783151
    outer loop
      vertex -2.3565710717565405 -29.452492497390782 12.215298110152087
      vertex -2.4950150052184266 -29.521714464121725 12.095402146774251
      vertex -2.4950150052184266 -29.631830711186534 12.141013789746122
    endloop
  endfacet
  facet normal -0.7040625922196345 -0.09269159872357254 0.7040625922196384
    outer loop
      vertex -2.3565710717565405 -29.749999999999996 12.295015005218426
      vertex -2.4950150052184266 -29.772679264497096 12.153585289942052
      vertex -2.3565710717565405 -29.779556192929995 12.291123858600017
    endloop
  endfacet
  facet normal -0.7040625922196364 0.09269159872357284 0.7040625922196364
    outer loop
      vertex -2.4950150052184266 -29.749999999999996 12.15657107175654
      vertex -2.3565710717565405 -29.749999999999996 12.295015005218426
      vertex -2.3565710717565405 -29.59599878452769 12.274740360570002
    endloop
  endfacet
  facet normal -0.7040625922196382 -0.09269159872354839 0.7040625922196382
    outer loop
      vertex -2.4950150052184266 -29.749999999999996 12.15657107175654
      vertex -2.4950150052184266 -29.772679264497096 12.153585289942052
      vertex -2.3565710717565405 -29.749999999999996 12.295015005218426
    endloop
  endfacet
  facet normal -0.7040625922196355 0.2717580168978108 0.6560818900783167
    outer loop
      vertex -2.3565710717565405 -29.452492497390782 12.215298110152087
      vertex -2.4950150052184266 -29.631830711186534 12.141013789746122
      vertex -2.3565710717565405 -29.59599878452769 12.274740360570002
    endloop
  endfacet
  facet normal -0.7040625922196337 0.09269159872356796 0.7040625922196397
    outer loop
      vertex -2.4950150052184266 -29.631830711186534 12.141013789746122
      vertex -2.4950150052184266 -29.749999999999996 12.15657107175654
      vertex -2.3565710717565405 -29.59599878452769 12.274740360570002
    endloop
  endfacet
  facet normal -0.8641551942546362 -0.0656840949062001 0.49892023402452335
    outer loop
      vertex -2.4950150052184266 -29.749999999999996 12.15657107175654
      vertex -2.592909649383465 -29.764256781667978 11.985135633359668
      vertex -2.4950150052184266 -29.772679264497096 12.153585289942052
    endloop
  endfacet
  facet normal -0.8641551942546353 0.06568409490621387 0.49892023402452335
    outer loop
      vertex -2.592909649383465 -29.749999999999996 11.987012574273816
      vertex -2.4950150052184266 -29.749999999999996 12.15657107175654
      vertex -2.4950150052184266 -29.631830711186534 12.141013789746122
    endloop
  endfacet
  facet normal -0.8641551942546356 -0.06568409490620718 0.49892023402452357
    outer loop
      vertex -2.592909649383465 -29.749999999999996 11.987012574273816
      vertex -2.592909649383465 -29.764256781667978 11.985135633359668
      vertex -2.4950150052184266 -29.749999999999996 12.15657107175654
    endloop
  endfacet
  facet normal -0.8641551942546342 0.06568409490620988 0.49892023402452573
    outer loop
      vertex -2.592909649383465 -29.67571567959403 11.97723285796079
      vertex -2.592909649383465 -29.749999999999996 11.987012574273816
      vertex -2.4950150052184266 -29.631830711186534 12.141013789746122
    endloop
  endfacet
  facet normal -0.8641551942546356 0.3063442118256349 0.3992355496742035
    outer loop
      vertex -2.592909649383465 -29.606493712863088 11.948560180526693
      vertex -2.4950150052184266 -29.521714464121725 12.095402146774251
      vertex -2.4950150052184266 -29.427155499067336 12.022844500932658
    endloop
  endfacet
  facet normal -0.8641551942546345 0.19257602219889045 0.46491964458042334
    outer loop
      vertex -2.592909649383465 -29.67571567959403 11.97723285796079
      vertex -2.4950150052184266 -29.631830711186534 12.141013789746122
      vertex -2.4950150052184266 -29.521714464121725 12.095402146774251
    endloop
  endfacet
  facet normal 0.4967815233764333 -0.11328050197253649 0.8604508387494549
    outer loop
      vertex -1.4434289282434596 -29.749999999999996 12.295015005218426
      vertex -1.6129874257261827 -29.78441891565863 12.388378313172755
      vertex -1.4434289282434596 -29.779556192929995 12.291123858600017
    endloop
  endfacet
  facet normal 0.49678152337643317 0.11328050197253718 0.8604508387494549
    outer loop
      vertex -1.4434289282434596 -29.59599878452769 12.274740360570002
      vertex -1.6129874257261827 -29.749999999999996 12.392909649383464
      vertex -1.4434289282434596 -29.749999999999996 12.295015005218426
    endloop
  endfacet
  facet normal 0.49678152337643317 -0.11328050197253603 0.8604508387494549
    outer loop
      vertex -1.4434289282434596 -29.749999999999996 12.295015005218426
      vertex -1.6129874257261827 -29.749999999999996 12.392909649383464
      vertex -1.6129874257261827 -29.78441891565863 12.388378313172755
    endloop
  endfacet
  facet normal 0.2567513652305249 -0.12615062648588488 0.9582091399530064
    outer loop
      vertex -1.6129874257261827 -29.749999999999996 12.392909649383464
      vertex -1.8021053558349616 -29.786936046165078 12.43872092330172
      vertex -1.6129874257261827 -29.78441891565863 12.388378313172755
    endloop
  endfacet
  facet normal 0.25675136523052844 0.1261506264858807 0.958209139953006
    outer loop
      vertex -1.6129874257261827 -29.570661786204244 12.369299325624391
      vertex -1.8021053558349616 -29.749999999999996 12.443583646030357
      vertex -1.6129874257261827 -29.749999999999996 12.392909649383464
    endloop
  endfacet
  facet normal 0.4967815233764366 0.11328050197253232 0.8604508387494536
    outer loop
      vertex -1.4434289282434596 -29.59599878452769 12.274740360570002
      vertex -1.6129874257261827 -29.570661786204244 12.369299325624391
      vertex -1.6129874257261827 -29.749999999999996 12.392909649383464
    endloop
  endfacet
  facet normal 0.2567513652305228 0.3698549227364078 0.8929087705806839
    outer loop
      vertex -1.6129874257261827 -29.403545175308263 12.300077358893448
      vertex -1.8021053558349616 -29.55754639078057 12.41824664770691
      vertex -1.6129874257261827 -29.570661786204244 12.369299325624391
    endloop
  endfacet
  facet normal 0.25675136523052766 -0.12615062648590308 0.9582091399530034
    outer loop
      vertex -1.6129874257261827 -29.749999999999996 12.392909649383464
      vertex -1.8021053558349616 -29.749999999999996 12.443583646030357
      vertex -1.8021053558349616 -29.786936046165078 12.43872092330172
    endloop
  endfacet
  facet normal 0.25675136523052855 0.3698549227364015 0.892908770580685
    outer loop
      vertex -1.6129874257261827 -29.403545175308263 12.300077358893448
      vertex -1.8021053558349616 -29.378208176984817 12.343962327300945
      vertex -1.8021053558349616 -29.55754639078057 12.41824664770691
    endloop
  endfacet
  facet normal 0.2567513652305251 0.12615062648588435 0.9582091399530064
    outer loop
      vertex -1.6129874257261827 -29.570661786204244 12.369299325624391
      vertex -1.8021053558349616 -29.55754639078057 12.41824664770691
      vertex -1.8021053558349616 -29.749999999999996 12.443583646030357
    endloop
  endfacet
  facet normal 0 -0.13052619222007167 0.9914448613738078
    outer loop
      vertex -1.8021053558349616 -29.749999999999996 12.443583646030357
      vertex -1.9978946441650387 -29.786936046165078 12.43872092330172
      vertex -1.8021053558349616 -29.786936046165078 12.43872092330172
    endloop
  endfacet
  facet normal 0 0.1305261922200521 0.9914448613738104
    outer loop
      vertex -1.8021053558349616 -29.55754639078057 12.41824664770691
      vertex -1.9978946441650387 -29.749999999999996 12.443583646030357
      vertex -1.8021053558349616 -29.749999999999996 12.443583646030357
    endloop
  endfacet
  facet normal 0 -0.13052619222007167 0.9914448613738078
    outer loop
      vertex -1.8021053558349616 -29.749999999999996 12.443583646030357
      vertex -1.9978946441650387 -29.749999999999996 12.443583646030357
      vertex -1.9978946441650387 -29.786936046165078 12.43872092330172
    endloop
  endfacet
  facet normal 0 0.3826834323650857 0.9238795325112885
    outer loop
      vertex -1.8021053558349616 -29.378208176984817 12.343962327300945
      vertex -1.9978946441650387 -29.55754639078057 12.41824664770691
      vertex -1.8021053558349616 -29.55754639078057 12.41824664770691
    endloop
  endfacet
  facet normal 0 0.3826834323650857 0.9238795325112885
    outer loop
      vertex -1.8021053558349616 -29.378208176984817 12.343962327300945
      vertex -1.9978946441650387 -29.378208176984817 12.343962327300945
      vertex -1.9978946441650387 -29.55754639078057 12.41824664770691
    endloop
  endfacet
  facet normal 0 0.1305261922200521 0.9914448613738104
    outer loop
      vertex -1.8021053558349616 -29.55754639078057 12.41824664770691
      vertex -1.9978946441650387 -29.55754639078057 12.41824664770691
      vertex -1.9978946441650387 -29.749999999999996 12.443583646030357
    endloop
  endfacet
  facet normal -0.25675136523052444 -0.12615062648590328 0.9582091399530042
    outer loop
      vertex -1.9978946441650387 -29.749999999999996 12.443583646030357
      vertex -2.1870125742738176 -29.78441891565863 12.388378313172755
      vertex -1.9978946441650387 -29.786936046165078 12.43872092330172
    endloop
  endfacet
  facet normal -0.2567513652305286 0.3698549227364016 0.892908770580685
    outer loop
      vertex -1.9978946441650387 -29.378208176984817 12.343962327300945
      vertex -2.1870125742738176 -29.403545175308263 12.300077358893448
      vertex -1.9978946441650387 -29.55754639078057 12.41824664770691
    endloop
  endfacet
  facet normal -0.2567513652305251 0.12615062648588435 0.9582091399530066
    outer loop
      vertex -1.9978946441650387 -29.55754639078057 12.41824664770691
      vertex -2.1870125742738176 -29.570661786204244 12.369299325624391
      vertex -1.9978946441650387 -29.749999999999996 12.443583646030357
    endloop
  endfacet
  facet normal -0.2567513652305283 -0.1261506264858847 0.9582091399530056
    outer loop
      vertex -1.9978946441650387 -29.749999999999996 12.443583646030357
      vertex -2.1870125742738176 -29.749999999999996 12.392909649383464
      vertex -2.1870125742738176 -29.78441891565863 12.388378313172755
    endloop
  endfacet
  facet normal -0.25675136523052844 0.1261506264858807 0.958209139953006
    outer loop
      vertex -1.9978946441650387 -29.749999999999996 12.443583646030357
      vertex -2.1870125742738176 -29.570661786204244 12.369299325624391
      vertex -2.1870125742738176 -29.749999999999996 12.392909649383464
    endloop
  endfacet
  facet normal -0.2567513652305227 0.36985492273640774 0.8929087705806839
    outer loop
      vertex -1.9978946441650387 -29.55754639078057 12.41824664770691
      vertex -2.1870125742738176 -29.403545175308263 12.300077358893448
      vertex -2.1870125742738176 -29.570661786204244 12.369299325624391
    endloop
  endfacet
  facet normal -0.4967815233764337 -0.11328050197253627 0.8604508387494546
    outer loop
      vertex -2.1870125742738176 -29.749999999999996 12.392909649383464
      vertex -2.3565710717565405 -29.779556192929995 12.291123858600017
      vertex -2.1870125742738176 -29.78441891565863 12.388378313172755
    endloop
  endfacet
  facet normal -0.49678152337643366 -0.11328050197253645 0.8604508387494547
    outer loop
      vertex -2.1870125742738176 -29.749999999999996 12.392909649383464
      vertex -2.3565710717565405 -29.749999999999996 12.295015005218426
      vertex -2.3565710717565405 -29.779556192929995 12.291123858600017
    endloop
  endfacet
  facet normal -0.4967815233764336 0.11328050197253718 0.8604508387494546
    outer loop
      vertex -2.1870125742738176 -29.749999999999996 12.392909649383464
      vertex -2.3565710717565405 -29.59599878452769 12.274740360570002
      vertex -2.3565710717565405 -29.749999999999996 12.295015005218426
    endloop
  endfacet
  facet normal -0.4967815233764371 0.11328050197253237 0.8604508387494534
    outer loop
      vertex -2.1870125742738176 -29.570661786204244 12.369299325624391
      vertex -2.3565710717565405 -29.59599878452769 12.274740360570002
      vertex -2.1870125742738176 -29.749999999999996 12.392909649383464
    endloop
  endfacet
  facet normal -0.9653655703464425 0.034054410021222524 -0.2586689249751394
    outer loop
      vertex -2.592909649383465 -29.67571567959403 11.42276714203921
      vertex -2.592909649383465 -29.73574321833201 11.41486436664033
      vertex -2.6435836460303577 -29.72466300167655 11.60544103494561
    endloop
  endfacet
  facet normal -0.9653655703464427 0.03405441002121826 -0.2586689249751392
    outer loop
      vertex -2.6435836460303577 -29.72466300167655 11.60544103494561
      vertex -2.592909649383465 -29.73574321833201 11.41486436664033
      vertex -2.6435836460303577 -29.745137277271358 11.602745545427261
    endloop
  endfacet
  facet normal -0.9653655703464423 0.09984247829830105 -0.2410410652086928
    outer loop
      vertex -2.592909649383465 -29.67571567959403 11.42276714203921
      vertex -2.6435836460303577 -29.72466300167655 11.60544103494561
      vertex -2.592909649383465 -29.606493712863088 11.451439819473306
    endloop
  endfacet
  facet normal -0.9653655703464425 0.1588264466768398 -0.20698665518747028
    outer loop
      vertex -2.592909649383465 -29.606493712863088 11.451439819473306
      vertex -2.6435836460303577 -29.701052677917477 11.615220751258638
      vertex -2.592909649383465 -29.54705146244517 11.497051462445176
    endloop
  endfacet
  facet normal -1 0 0
    outer loop
      vertex -2.6435836460303577 -29.72466300167655 11.60544103494561
      vertex -2.6435836460303577 -29.745137277271358 11.602745545427261
      vertex -2.6435836460303577 -29.701052677917477 11.615220751258638
    endloop
  endfacet
  facet normal -1 0 0
    outer loop
      vertex -2.6435836460303577 -29.701052677917477 11.615220751258638
      vertex -2.6435836460303577 -29.745137277271358 11.602745545427261
      vertex -2.6435836460303577 -29.680778033269053 11.630778033269056
    endloop
  endfacet
  facet normal -1 0 0
    outer loop
      vertex -2.6435836460303577 -29.680778033269053 11.630778033269056
      vertex -2.6435836460303577 -29.745137277271358 11.602745545427261
      vertex -2.6435836460303577 -29.665220751258634 11.65105267791748
    endloop
  endfacet
  facet normal -1 0 0
    outer loop
      vertex -2.6435836460303577 -29.665220751258634 11.65105267791748
      vertex -2.6435836460303577 -29.745137277271358 11.602745545427261
      vertex -2.6435836460303577 -29.655441034945607 11.674663001676553
    endloop
  endfacet
  facet normal -1 0 0
    outer loop
      vertex -2.6435836460303577 -29.655441034945607 11.725336998323446
      vertex -2.6435836460303577 -29.745137277271358 11.602745545427261
      vertex -2.6435836460303577 -29.665220751258634 11.748947322082518
    endloop
  endfacet
  facet normal -0.9653655703464424 0.20698665518746803 -0.15882644667684281
    outer loop
      vertex -2.592909649383465 -29.54705146244517 11.497051462445176
      vertex -2.6435836460303577 -29.680778033269053 11.630778033269056
      vertex -2.592909649383465 -29.5014398194733 11.556493712863091
    endloop
  endfacet
  facet normal -0.9653655703464428 0.09984247829830534 -0.24104106520868934
    outer loop
      vertex -2.592909649383465 -29.606493712863088 11.451439819473306
      vertex -2.6435836460303577 -29.72466300167655 11.60544103494561
      vertex -2.6435836460303577 -29.701052677917477 11.615220751258638
    endloop
  endfacet
  facet normal -0.965365570346442 0.15882644667683515 -0.2069866551874765
    outer loop
      vertex -2.592909649383465 -29.54705146244517 11.497051462445176
      vertex -2.6435836460303577 -29.701052677917477 11.615220751258638
      vertex -2.6435836460303577 -29.680778033269053 11.630778033269056
    endloop
  endfacet
  facet normal -0.9653655703464421 0.20698665518746678 -0.15882644667684595
    outer loop
      vertex -2.592909649383465 -29.5014398194733 11.556493712863091
      vertex -2.6435836460303577 -29.680778033269053 11.630778033269056
      vertex -2.6435836460303577 -29.665220751258634 11.65105267791748
    endloop
  endfacet
  facet normal -0.9653655703464423 0.241041065208695 -0.09984247829829579
    outer loop
      vertex -2.592909649383465 -29.5014398194733 11.556493712863091
      vertex -2.6435836460303577 -29.665220751258634 11.65105267791748
      vertex -2.592909649383465 -29.472767142039206 11.625715679594034
    endloop
  endfacet
  facet normal -0.9653655703464429 0.24104106520869586 -0.09984247829829003
    outer loop
      vertex -2.592909649383465 -29.472767142039206 11.625715679594034
      vertex -2.6435836460303577 -29.665220751258634 11.65105267791748
      vertex -2.6435836460303577 -29.655441034945607 11.674663001676553
    endloop
  endfacet
  facet normal -0.9653655703464428 0.2586689249751393 -0.034054410021214544
    outer loop
      vertex -2.6435836460303577 -29.655441034945607 11.674663001676553
      vertex -2.6435836460303577 -29.65210535583496 11.7
      vertex -2.592909649383465 -29.46298742572618 11.7
    endloop
  endfacet
  facet normal -0.9653655703464423 0.25866892497513994 -0.034054410021220276
    outer loop
      vertex -2.592909649383465 -29.472767142039206 11.625715679594034
      vertex -2.6435836460303577 -29.655441034945607 11.674663001676553
      vertex -2.592909649383465 -29.46298742572618 11.7
    endloop
  endfacet
  facet normal -1 0 0
    outer loop
      vertex -2.6435836460303577 -29.655441034945607 11.674663001676553
      vertex -2.6435836460303577 -29.745137277271358 11.602745545427261
      vertex -2.6435836460303577 -29.65210535583496 11.7
    endloop
  endfacet
  facet normal -1 0 0
    outer loop
      vertex -2.6435836460303577 -29.65210535583496 11.7
      vertex -2.6435836460303577 -29.745137277271358 11.602745545427261
      vertex -2.6435836460303577 -29.655441034945607 11.725336998323446
    endloop
  endfacet
  facet normal -1 0 0
    outer loop
      vertex -2.6435836460303577 -29.665220751258634 11.748947322082518
      vertex -2.6435836460303577 -29.745137277271358 11.602745545427261
      vertex -2.6435836460303577 -29.680778033269053 11.769221966730942
    endloop
  endfacet
  facet normal -1 0 0
    outer loop
      vertex -2.6435836460303577 -29.680778033269053 11.769221966730942
      vertex -2.6435836460303577 -29.745137277271358 11.602745545427261
      vertex -2.6435836460303577 -29.701052677917477 11.78477924874136
    endloop
  endfacet
  facet normal -1 0 0
    outer loop
      vertex -2.6435836460303577 -29.749999999999996 11.797894644165037
      vertex -2.6435836460303577 -29.745137277271358 11.602745545427261
      vertex -2.6435836460303577 -29.75486272272863 11.797254454572737
    endloop
  endfacet
  facet normal -1 0 0
    outer loop
      vertex -2.6435836460303577 -29.701052677917477 11.78477924874136
      vertex -2.6435836460303577 -29.745137277271358 11.602745545427261
      vertex -2.6435836460303577 -29.72466300167655 11.794558965054389
    endloop
  endfacet
  facet normal -1 0 0
    outer loop
      vertex -2.6435836460303577 -29.72466300167655 11.794558965054389
      vertex -2.6435836460303577 -29.745137277271358 11.602745545427261
      vertex -2.6435836460303577 -29.749999999999996 11.797894644165037
    endloop
  endfacet
  facet normal -0.9653655703464423 0.03405441002121482 0.2586689249751414
    outer loop
      vertex -2.6435836460303577 -29.72466300167655 11.794558965054389
      vertex -2.6435836460303577 -29.749999999999996 11.797894644165037
      vertex -2.592909649383465 -29.67571567959403 11.97723285796079
    endloop
  endfacet
  facet normal -0.9653655703464428 0.2586689249751393 0.03405441002121457
    outer loop
      vertex -2.592909649383465 -29.46298742572618 11.7
      vertex -2.6435836460303577 -29.65210535583496 11.7
      vertex -2.6435836460303577 -29.655441034945607 11.725336998323446
    endloop
  endfacet
  facet normal -0.9653655703464423 0.25866892497514 0.03405441002122028
    outer loop
      vertex -2.592909649383465 -29.46298742572618 11.7
      vertex -2.6435836460303577 -29.655441034945607 11.725336998323446
      vertex -2.592909649383465 -29.472767142039206 11.774284320405965
    endloop
  endfacet
  facet normal -0.9653655703464429 0.24104106520869586 0.09984247829829003
    outer loop
      vertex -2.6435836460303577 -29.655441034945607 11.725336998323446
      vertex -2.6435836460303577 -29.665220751258634 11.748947322082518
      vertex -2.592909649383465 -29.472767142039206 11.774284320405965
    endloop
  endfacet
  facet normal -0.9653655703464422 0.20698665518746673 0.15882644667684576
    outer loop
      vertex -2.6435836460303577 -29.665220751258634 11.748947322082518
      vertex -2.6435836460303577 -29.680778033269053 11.769221966730942
      vertex -2.592909649383465 -29.5014398194733 11.843506287136908
    endloop
  endfacet
  facet normal -0.9653655703464423 0.241041065208695 0.09984247829829579
    outer loop
      vertex -2.592909649383465 -29.472767142039206 11.774284320405965
      vertex -2.6435836460303577 -29.665220751258634 11.748947322082518
      vertex -2.592909649383465 -29.5014398194733 11.843506287136908
    endloop
  endfacet
  facet normal -0.9653655703464424 0.20698665518746806 0.15882644667684284
    outer loop
      vertex -2.6435836460303577 -29.680778033269053 11.769221966730942
      vertex -2.592909649383465 -29.54705146244517 11.902948537554822
      vertex -2.592909649383465 -29.5014398194733 11.843506287136908
    endloop
  endfacet
  facet normal -0.965365570346442 0.15882644667683501 0.20698665518747633
    outer loop
      vertex -2.6435836460303577 -29.680778033269053 11.769221966730942
      vertex -2.6435836460303577 -29.701052677917477 11.78477924874136
      vertex -2.592909649383465 -29.54705146244517 11.902948537554822
    endloop
  endfacet
  facet normal -0.9653655703464428 0.0998424782983055 0.24104106520868948
    outer loop
      vertex -2.6435836460303577 -29.701052677917477 11.78477924874136
      vertex -2.6435836460303577 -29.72466300167655 11.794558965054389
      vertex -2.592909649383465 -29.606493712863088 11.948560180526693
    endloop
  endfacet
  facet normal -0.9653655703464425 -0.034054410021223745 0.2586689249751392
    outer loop
      vertex -2.6435836460303577 -29.749999999999996 11.797894644165037
      vertex -2.6435836460303577 -29.75486272272863 11.797254454572737
      vertex -2.592909649383465 -29.749999999999996 11.987012574273816
    endloop
  endfacet
  facet normal -0.9653655703464425 -0.03405441002121891 0.2586689249751391
    outer loop
      vertex -2.592909649383465 -29.749999999999996 11.987012574273816
      vertex -2.6435836460303577 -29.75486272272863 11.797254454572737
      vertex -2.592909649383465 -29.764256781667978 11.985135633359668
    endloop
  endfacet
  facet normal -0.9653655703464425 0.034054410021220186 0.2586689249751392
    outer loop
      vertex -2.6435836460303577 -29.749999999999996 11.797894644165037
      vertex -2.592909649383465 -29.749999999999996 11.987012574273816
      vertex -2.592909649383465 -29.67571567959403 11.97723285796079
    endloop
  endfacet
  facet normal -0.9653655703464425 0.15882644667683976 0.20698665518747028
    outer loop
      vertex -2.6435836460303577 -29.701052677917477 11.78477924874136
      vertex -2.592909649383465 -29.606493712863088 11.948560180526693
      vertex -2.592909649383465 -29.54705146244517 11.902948537554822
    endloop
  endfacet
  facet normal -0.9653655703464424 0.09984247829830108 0.2410410652086928
    outer loop
      vertex -2.6435836460303577 -29.72466300167655 11.794558965054389
      vertex -2.592909649383465 -29.67571567959403 11.97723285796079
      vertex -2.592909649383465 -29.606493712863088 11.948560180526693
    endloop
  endfacet
  facet normal 0.49678152337643494 -0.11328050197253721 -0.8604508387494538
    outer loop
      vertex -1.4434289282434596 29.59599878452769 11.125259639429997
      vertex -1.6129874257261827 29.71558108434136 11.011621686827244
      vertex -1.4434289282434596 29.720443807069998 11.108876141399982
    endloop
  endfacet
  facet normal 0.8641551942546337 -0.06568409490621066 -0.4989202340245264
    outer loop
      vertex -1.3049849947815737 29.631830711186534 11.258986210253877
      vertex -1.3049849947815737 29.727320735502893 11.246414710057948
      vertex -1.2070903506165351 29.67571567959403 11.42276714203921
    endloop
  endfacet
  facet normal 0.8641551942546353 -0.19257602219889472 -0.4649196445804202
    outer loop
      vertex -1.3049849947815737 29.521714464121725 11.304597853225747
      vertex -1.2070903506165351 29.67571567959403 11.42276714203921
      vertex -1.2070903506165351 29.606493712863088 11.451439819473306
    endloop
  endfacet
  facet normal 0.864155194254634 -0.19257602219889075 -0.4649196445804242
    outer loop
      vertex -1.3049849947815737 29.631830711186534 11.258986210253877
      vertex -1.2070903506165351 29.67571567959403 11.42276714203921
      vertex -1.3049849947815737 29.521714464121725 11.304597853225747
    endloop
  endfacet
  facet normal 0.8641551942546352 -0.3063442118256355 -0.39923554967420416
    outer loop
      vertex -1.3049849947815737 29.521714464121725 11.304597853225747
      vertex -1.2070903506165351 29.606493712863088 11.451439819473306
      vertex -1.3049849947815737 29.427155499067336 11.37715549906734
    endloop
  endfacet
  facet normal 0.8641551942546337 -0.06568409490621054 -0.49892023402452634
    outer loop
      vertex -1.2070903506165351 29.67571567959403 11.42276714203921
      vertex -1.3049849947815737 29.727320735502893 11.246414710057948
      vertex -1.2070903506165351 29.735743218332015 11.41486436664033
    endloop
  endfacet
  facet normal 0.9653655703464423 -0.09984247829830105 -0.2410410652086928
    outer loop
      vertex -1.2070903506165351 29.67571567959403 11.42276714203921
      vertex -1.1564163539696424 29.72466300167655 11.60544103494561
      vertex -1.2070903506165351 29.606493712863088 11.451439819473306
    endloop
  endfacet
  facet normal 0.9653655703464425 -0.1588264466768398 -0.20698665518747028
    outer loop
      vertex -1.2070903506165351 29.606493712863088 11.451439819473306
      vertex -1.1564163539696424 29.701052677917477 11.615220751258638
      vertex -1.2070903506165351 29.54705146244517 11.497051462445176
    endloop
  endfacet
  facet normal 0.8641551942546338 -0.30634421182563276 -0.39923554967420916
    outer loop
      vertex -1.3049849947815737 29.427155499067336 11.37715549906734
      vertex -1.2070903506165351 29.606493712863088 11.451439819473306
      vertex -1.2070903506165351 29.54705146244517 11.497051462445176
    endloop
  endfacet
  facet normal 0.8641551942546338 -0.3992355496742096 -0.30634421182563215
    outer loop
      vertex -1.3049849947815737 29.427155499067336 11.37715549906734
      vertex -1.2070903506165351 29.54705146244517 11.497051462445176
      vertex -1.3049849947815737 29.354597853225744 11.47171446412173
    endloop
  endfacet
  facet normal 0.8641551942546323 -0.4649196445804261 -0.19257602219889464
    outer loop
      vertex -1.3049849947815737 29.354597853225744 11.47171446412173
      vertex -1.2070903506165351 29.5014398194733 11.556493712863091
      vertex -1.3049849947815737 29.308986210253874 11.581830711186537
    endloop
  endfacet
  facet normal 0.8641551942546318 -0.39923554967420755 -0.3063442118256407
    outer loop
      vertex -1.2070903506165351 29.54705146244517 11.497051462445176
      vertex -1.2070903506165351 29.5014398194733 11.556493712863091
      vertex -1.3049849947815737 29.354597853225744 11.47171446412173
    endloop
  endfacet
  facet normal 0.9653655703464425 -0.03405441002121833 -0.2586689249751398
    outer loop
      vertex -1.1564163539696424 29.72466300167655 11.60544103494561
      vertex -1.2070903506165351 29.735743218332015 11.41486436664033
      vertex -1.1564163539696424 29.745137277271358 11.602745545427261
    endloop
  endfacet
  facet normal 0.9653655703464424 -0.034054410021220574 -0.2586689249751399
    outer loop
      vertex -1.2070903506165351 29.67571567959403 11.42276714203921
      vertex -1.2070903506165351 29.735743218332015 11.41486436664033
      vertex -1.1564163539696424 29.72466300167655 11.60544103494561
    endloop
  endfacet
  facet normal 0.9653655703464428 -0.09984247829830534 -0.24104106520868934
    outer loop
      vertex -1.2070903506165351 29.606493712863088 11.451439819473306
      vertex -1.1564163539696424 29.72466300167655 11.60544103494561
      vertex -1.1564163539696424 29.701052677917477 11.615220751258638
    endloop
  endfacet
  facet normal 0.965365570346442 -0.15882644667683515 -0.2069866551874765
    outer loop
      vertex -1.2070903506165351 29.54705146244517 11.497051462445176
      vertex -1.1564163539696424 29.701052677917477 11.615220751258638
      vertex -1.1564163539696424 29.680778033269053 11.630778033269056
    endloop
  endfacet
  facet normal 0.9653655703464421 -0.20698665518746678 -0.15882644667684595
    outer loop
      vertex -1.2070903506165351 29.5014398194733 11.556493712863091
      vertex -1.1564163539696424 29.680778033269053 11.630778033269056
      vertex -1.1564163539696424 29.665220751258634 11.65105267791748
    endloop
  endfacet
  facet normal 0.9653655703464424 -0.20698665518746803 -0.15882644667684281
    outer loop
      vertex -1.2070903506165351 29.54705146244517 11.497051462445176
      vertex -1.1564163539696424 29.680778033269053 11.630778033269056
      vertex -1.2070903506165351 29.5014398194733 11.556493712863091
    endloop
  endfacet
  facet normal 0.9653655703464423 -0.241041065208695 -0.09984247829829579
    outer loop
      vertex -1.2070903506165351 29.5014398194733 11.556493712863091
      vertex -1.1564163539696424 29.665220751258634 11.65105267791748
      vertex -1.2070903506165351 29.472767142039206 11.625715679594034
    endloop
  endfacet
  facet normal 1 0 0
    outer loop
      vertex -1.1564163539696424 29.655441034945607 11.674663001676553
      vertex -1.1564163539696424 29.745137277271358 11.602745545427261
      vertex -1.1564163539696424 29.65210535583496 11.7
    endloop
  endfacet
  facet normal 0.9653655703464429 -0.24104106520869586 -0.09984247829829003
    outer loop
      vertex -1.1564163539696424 29.665220751258634 11.65105267791748
      vertex -1.1564163539696424 29.655441034945607 11.674663001676553
      vertex -1.2070903506165351 29.472767142039206 11.625715679594034
    endloop
  endfacet
  facet normal 1 0 0
    outer loop
      vertex -1.1564163539696424 29.65210535583496 11.7
      vertex -1.1564163539696424 29.745137277271358 11.602745545427261
      vertex -1.1564163539696424 29.655441034945607 11.725336998323446
    endloop
  endfacet
  facet normal 0.9653655703464428 -0.2586689249751393 -0.034054410021214544
    outer loop
      vertex -1.1564163539696424 29.655441034945607 11.674663001676553
      vertex -1.1564163539696424 29.65210535583496 11.7
      vertex -1.2070903506165351 29.46298742572618 11.7
    endloop
  endfacet
  facet normal 0.9653655703464423 -0.25866892497513994 -0.034054410021220276
    outer loop
      vertex -1.2070903506165351 29.472767142039206 11.625715679594034
      vertex -1.1564163539696424 29.655441034945607 11.674663001676553
      vertex -1.2070903506165351 29.46298742572618 11.7
    endloop
  endfacet
  facet normal 0.8641551942546344 -0.4649196445804259 -0.19257602219888514
    outer loop
      vertex -1.2070903506165351 29.5014398194733 11.556493712863091
      vertex -1.2070903506165351 29.472767142039206 11.625715679594034
      vertex -1.3049849947815737 29.308986210253874 11.581830711186537
    endloop
  endfacet
  facet normal 0.8641551942546327 -0.49892023402452823 -0.06568409490621022
    outer loop
      vertex -1.2070903506165351 29.472767142039206 11.625715679594034
      vertex -1.2070903506165351 29.46298742572618 11.7
      vertex -1.3049849947815737 29.293428928243458 11.7
    endloop
  endfacet
  facet normal 0.8641551942546334 -0.49892023402452723 -0.06568409490620684
    outer loop
      vertex -1.3049849947815737 29.308986210253874 11.581830711186537
      vertex -1.2070903506165351 29.472767142039206 11.625715679594034
      vertex -1.3049849947815737 29.293428928243458 11.7
    endloop
  endfacet
  facet normal 1 0 0
    outer loop
      vertex -1.1564163539696424 29.72466300167655 11.60544103494561
      vertex -1.1564163539696424 29.745137277271358 11.602745545427261
      vertex -1.1564163539696424 29.701052677917477 11.615220751258638
    endloop
  endfacet
  facet normal 1 0 0
    outer loop
      vertex -1.1564163539696424 29.701052677917477 11.615220751258638
      vertex -1.1564163539696424 29.745137277271358 11.602745545427261
      vertex -1.1564163539696424 29.680778033269053 11.630778033269056
    endloop
  endfacet
  facet normal 1 0 0
    outer loop
      vertex -1.1564163539696424 29.680778033269053 11.630778033269056
      vertex -1.1564163539696424 29.745137277271358 11.602745545427261
      vertex -1.1564163539696424 29.665220751258634 11.65105267791748
    endloop
  endfacet
  facet normal 1 0 0
    outer loop
      vertex -1.1564163539696424 29.665220751258634 11.65105267791748
      vertex -1.1564163539696424 29.745137277271358 11.602745545427261
      vertex -1.1564163539696424 29.655441034945607 11.674663001676553
    endloop
  endfacet
  facet normal 1 0 0
    outer loop
      vertex -1.1564163539696424 29.655441034945607 11.725336998323446
      vertex -1.1564163539696424 29.745137277271358 11.602745545427261
      vertex -1.1564163539696424 29.665220751258634 11.748947322082518
    endloop
  endfacet
  facet normal 0.7040625922196347 -0.09269159872357322 -0.7040625922196382
    outer loop
      vertex -1.4434289282434596 29.59599878452769 11.125259639429997
      vertex -1.4434289282434596 29.720443807069998 11.108876141399982
      vertex -1.3049849947815737 29.631830711186534 11.258986210253877
    endloop
  endfacet
  facet normal 0.704062592219636 -0.27175801689781065 -0.6560818900783163
    outer loop
      vertex -1.4434289282434596 29.59599878452769 11.125259639429997
      vertex -1.3049849947815737 29.631830711186534 11.258986210253877
      vertex -1.4434289282434596 29.452492497390782 11.184701889847911
    endloop
  endfacet
  facet normal 0.7040625922196388 -0.09269159872356236 -0.7040625922196354
    outer loop
      vertex -1.3049849947815737 29.631830711186534 11.258986210253877
      vertex -1.4434289282434596 29.720443807069998 11.108876141399982
      vertex -1.3049849947815737 29.727320735502893 11.246414710057948
    endloop
  endfacet
  facet normal 0.704062592219637 -0.2717580168978121 -0.6560818900783146
    outer loop
      vertex -1.3049849947815737 29.631830711186534 11.258986210253877
      vertex -1.3049849947815737 29.521714464121725 11.304597853225747
      vertex -1.4434289282434596 29.452492497390782 11.184701889847911
    endloop
  endfacet
  facet normal 0.7040625922196376 -0.43230457532182703 -0.5633902913547402
    outer loop
      vertex -1.3049849947815737 29.521714464121725 11.304597853225747
      vertex -1.3049849947815737 29.427155499067336 11.37715549906734
      vertex -1.4434289282434596 29.329260854902298 11.2792608549023
    endloop
  endfacet
  facet normal 0.7040625922196369 -0.43230457532182626 -0.5633902913547418
    outer loop
      vertex -1.3049849947815737 29.521714464121725 11.304597853225747
      vertex -1.4434289282434596 29.329260854902298 11.2792608549023
      vertex -1.4434289282434596 29.452492497390782 11.184701889847911
    endloop
  endfacet
  facet normal 0.7040625922196363 -0.5633902913547452 -0.4323045753218226
    outer loop
      vertex -1.4434289282434596 29.329260854902298 11.2792608549023
      vertex -1.3049849947815737 29.427155499067336 11.37715549906734
      vertex -1.4434289282434596 29.23470188984791 11.402492497390787
    endloop
  endfacet
  facet normal 0.49678152337643683 -0.3321216269130557 -0.8018125360509225
    outer loop
      vertex -1.4434289282434596 29.59599878452769 11.125259639429997
      vertex -1.4434289282434596 29.452492497390782 11.184701889847911
      vertex -1.6129874257261827 29.570661786204244 11.030700674375607
    endloop
  endfacet
  facet normal 0.49678152337643333 -0.5283292118363989 -0.688532034078386
    outer loop
      vertex -1.4434289282434596 29.452492497390782 11.184701889847911
      vertex -1.4434289282434596 29.329260854902298 11.2792608549023
      vertex -1.6129874257261827 29.403545175308263 11.09992264110655
    endloop
  endfacet
  facet normal 0.4967815233764433 -0.6885320340783851 -0.5283292118363905
    outer loop
      vertex -1.4434289282434596 29.329260854902298 11.2792608549023
      vertex -1.4434289282434596 29.23470188984791 11.402492497390787
      vertex -1.6129874257261827 29.149922641106546 11.353545175308266
    endloop
  endfacet
  facet normal 0.49678152337643633 -0.8018125360509193 -0.3321216269130643
    outer loop
      vertex -1.4434289282434596 29.23470188984791 11.402492497390787
      vertex -1.4434289282434596 29.175259639429992 11.545998784527695
      vertex -1.6129874257261827 29.080700674375603 11.520661786204249
    endloop
  endfacet
  facet normal 0.49678152337644776 -0.8604508387494489 -0.11328050197251784
    outer loop
      vertex -1.4434289282434596 29.175259639429992 11.545998784527695
      vertex -1.4434289282434596 29.15498499478157 11.7
      vertex -1.6129874257261827 29.05709035061653 11.7
    endloop
  endfacet
  facet normal 0.7040625922196372 -0.5633902913547456 -0.43230457532182054
    outer loop
      vertex -1.3049849947815737 29.427155499067336 11.37715549906734
      vertex -1.3049849947815737 29.354597853225744 11.47171446412173
      vertex -1.4434289282434596 29.23470188984791 11.402492497390787
    endloop
  endfacet
  facet normal 0.704062592219638 -0.656081890078312 -0.27175801689781537
    outer loop
      vertex -1.3049849947815737 29.354597853225744 11.47171446412173
      vertex -1.3049849947815737 29.308986210253874 11.581830711186537
      vertex -1.4434289282434596 29.175259639429992 11.545998784527695
    endloop
  endfacet
  facet normal 0.7040625922196373 -0.6560818900783121 -0.2717580168978169
    outer loop
      vertex -1.3049849947815737 29.354597853225744 11.47171446412173
      vertex -1.4434289282434596 29.175259639429992 11.545998784527695
      vertex -1.4434289282434596 29.23470188984791 11.402492497390787
    endloop
  endfacet
  facet normal 0.704062592219638 -0.7040625922196369 -0.092691598723557
    outer loop
      vertex -1.3049849947815737 29.308986210253874 11.581830711186537
      vertex -1.3049849947815737 29.293428928243458 11.7
      vertex -1.4434289282434596 29.15498499478157 11.7
    endloop
  endfacet
  facet normal 0.7040625922196376 -0.7040625922196372 -0.09269159872355776
    outer loop
      vertex -1.3049849947815737 29.308986210253874 11.581830711186537
      vertex -1.4434289282434596 29.15498499478157 11.7
      vertex -1.4434289282434596 29.175259639429992 11.545998784527695
    endloop
  endfacet
  facet normal 0.9653655703464428 -0.2586689249751393 0.034054410021214544
    outer loop
      vertex -1.1564163539696424 29.65210535583496 11.7
      vertex -1.1564163539696424 29.655441034945607 11.725336998323446
      vertex -1.2070903506165351 29.46298742572618 11.7
    endloop
  endfacet
  facet normal 0.9653655703464429 -0.24104106520869586 0.09984247829829003
    outer loop
      vertex -1.1564163539696424 29.655441034945607 11.725336998323446
      vertex -1.1564163539696424 29.665220751258634 11.748947322082518
      vertex -1.2070903506165351 29.472767142039206 11.774284320405965
    endloop
  endfacet
  facet normal 0.9653655703464423 -0.25866892497514 0.034054410021220276
    outer loop
      vertex -1.1564163539696424 29.655441034945607 11.725336998323446
      vertex -1.2070903506165351 29.472767142039206 11.774284320405965
      vertex -1.2070903506165351 29.46298742572618 11.7
    endloop
  endfacet
  facet normal 0.9653655703464422 -0.20698665518746673 0.15882644667684576
    outer loop
      vertex -1.1564163539696424 29.665220751258634 11.748947322082518
      vertex -1.1564163539696424 29.680778033269053 11.769221966730942
      vertex -1.2070903506165351 29.5014398194733 11.843506287136908
    endloop
  endfacet
  facet normal 0.965365570346442 -0.15882644667683501 0.20698665518747633
    outer loop
      vertex -1.1564163539696424 29.680778033269053 11.769221966730942
      vertex -1.1564163539696424 29.701052677917477 11.78477924874136
      vertex -1.2070903506165351 29.54705146244517 11.902948537554822
    endloop
  endfacet
  facet normal 0.9653655703464428 -0.0998424782983055 0.24104106520868948
    outer loop
      vertex -1.1564163539696424 29.701052677917477 11.78477924874136
      vertex -1.1564163539696424 29.72466300167655 11.794558965054389
      vertex -1.2070903506165351 29.606493712863088 11.948560180526693
    endloop
  endfacet
  facet normal 0.9653655703464423 -0.241041065208695 0.09984247829829584
    outer loop
      vertex -1.1564163539696424 29.665220751258634 11.748947322082518
      vertex -1.2070903506165351 29.5014398194733 11.843506287136908
      vertex -1.2070903506165351 29.472767142039206 11.774284320405965
    endloop
  endfacet
  facet normal 0.9653655703464424 -0.20698665518746806 0.15882644667684284
    outer loop
      vertex -1.1564163539696424 29.680778033269053 11.769221966730942
      vertex -1.2070903506165351 29.54705146244517 11.902948537554822
      vertex -1.2070903506165351 29.5014398194733 11.843506287136908
    endloop
  endfacet
  facet normal 0.8641551942546327 -0.49892023402452823 0.06568409490621022
    outer loop
      vertex -1.2070903506165351 29.46298742572618 11.7
      vertex -1.2070903506165351 29.472767142039206 11.774284320405965
      vertex -1.3049849947815737 29.293428928243458 11.7
    endloop
  endfacet
  facet normal 0.8641551942546334 -0.49892023402452723 0.06568409490620682
    outer loop
      vertex -1.2070903506165351 29.472767142039206 11.774284320405965
      vertex -1.3049849947815737 29.308986210253874 11.818169288813461
      vertex -1.3049849947815737 29.293428928243458 11.7
    endloop
  endfacet
  facet normal 0.8641551942546344 -0.4649196445804259 0.19257602219888514
    outer loop
      vertex -1.2070903506165351 29.472767142039206 11.774284320405965
      vertex -1.2070903506165351 29.5014398194733 11.843506287136908
      vertex -1.3049849947815737 29.308986210253874 11.818169288813461
    endloop
  endfacet
  facet normal 1 0 0
    outer loop
      vertex -1.1564163539696424 29.665220751258634 11.748947322082518
      vertex -1.1564163539696424 29.745137277271358 11.602745545427261
      vertex -1.1564163539696424 29.680778033269053 11.769221966730942
    endloop
  endfacet
  facet normal 1 0 0
    outer loop
      vertex -1.1564163539696424 29.680778033269053 11.769221966730942
      vertex -1.1564163539696424 29.745137277271358 11.602745545427261
      vertex -1.1564163539696424 29.701052677917477 11.78477924874136
    endloop
  endfacet
  facet normal 1 0 0
    outer loop
      vertex -1.1564163539696424 29.701052677917477 11.78477924874136
      vertex -1.1564163539696424 29.745137277271358 11.602745545427261
      vertex -1.1564163539696424 29.72466300167655 11.794558965054389
    endloop
  endfacet
  facet normal 1 0 0
    outer loop
      vertex -1.1564163539696424 29.72466300167655 11.794558965054389
      vertex -1.1564163539696424 29.745137277271358 11.602745545427261
      vertex -1.1564163539696424 29.749999999999996 11.797894644165037
    endloop
  endfacet
  facet normal 1 0 0
    outer loop
      vertex -1.1564163539696424 29.749999999999996 11.797894644165037
      vertex -1.1564163539696424 29.745137277271358 11.602745545427261
      vertex -1.1564163539696424 29.754862722728635 11.797254454572737
    endloop
  endfacet
  facet normal 0.9653655703464423 -0.03405441002121482 0.2586689249751414
    outer loop
      vertex -1.1564163539696424 29.72466300167655 11.794558965054389
      vertex -1.1564163539696424 29.749999999999996 11.797894644165037
      vertex -1.2070903506165351 29.67571567959403 11.97723285796079
    endloop
  endfacet
  facet normal 0.9653655703464425 -0.15882644667683976 0.20698665518747028
    outer loop
      vertex -1.1564163539696424 29.701052677917477 11.78477924874136
      vertex -1.2070903506165351 29.606493712863088 11.948560180526693
      vertex -1.2070903506165351 29.54705146244517 11.902948537554822
    endloop
  endfacet
  facet normal 0.9653655703464424 -0.09984247829830108 0.2410410652086928
    outer loop
      vertex -1.1564163539696424 29.72466300167655 11.794558965054389
      vertex -1.2070903506165351 29.67571567959403 11.97723285796079
      vertex -1.2070903506165351 29.606493712863088 11.948560180526693
    endloop
  endfacet
  facet normal 0.8641551942546323 -0.46491964458042606 0.1925760221988946
    outer loop
      vertex -1.2070903506165351 29.5014398194733 11.843506287136908
      vertex -1.3049849947815737 29.354597853225744 11.928285535878269
      vertex -1.3049849947815737 29.308986210253874 11.818169288813461
    endloop
  endfacet
  facet normal 0.8641551942546317 -0.39923554967420744 0.3063442118256406
    outer loop
      vertex -1.2070903506165351 29.5014398194733 11.843506287136908
      vertex -1.2070903506165351 29.54705146244517 11.902948537554822
      vertex -1.3049849947815737 29.354597853225744 11.928285535878269
    endloop
  endfacet
  facet normal 0.8641551942546338 -0.3063442118256327 0.3992355496742091
    outer loop
      vertex -1.2070903506165351 29.54705146244517 11.902948537554822
      vertex -1.2070903506165351 29.606493712863088 11.948560180526693
      vertex -1.3049849947815737 29.427155499067336 12.022844500932658
    endloop
  endfacet
  facet normal 0.8641551942546353 -0.1925760221988947 0.4649196445804202
    outer loop
      vertex -1.2070903506165351 29.606493712863088 11.948560180526693
      vertex -1.2070903506165351 29.67571567959403 11.97723285796079
      vertex -1.3049849947815737 29.521714464121725 12.095402146774251
    endloop
  endfacet
  facet normal 0.8641551942546338 -0.3992355496742097 0.30634421182563215
    outer loop
      vertex -1.2070903506165351 29.54705146244517 11.902948537554822
      vertex -1.3049849947815737 29.427155499067336 12.022844500932658
      vertex -1.3049849947815737 29.354597853225744 11.928285535878269
    endloop
  endfacet
  facet normal 0.9653655703464433 0.0340544100211989 0.25866892497513944
    outer loop
      vertex -1.1564163539696424 29.749999999999996 11.797894644165037
      vertex -1.1564163539696424 29.754862722728635 11.797254454572737
      vertex -1.2070903506165351 29.749999999999996 11.987012574273816
    endloop
  endfacet
  facet normal 0.9653655703464425 -0.034054410021220186 0.2586689249751392
    outer loop
      vertex -1.1564163539696424 29.749999999999996 11.797894644165037
      vertex -1.2070903506165351 29.749999999999996 11.987012574273816
      vertex -1.2070903506165351 29.67571567959403 11.97723285796079
    endloop
  endfacet
  facet normal 0.9653655703464425 0.03405441002121899 0.25866892497513977
    outer loop
      vertex -1.2070903506165351 29.749999999999996 11.987012574273816
      vertex -1.1564163539696424 29.754862722728635 11.797254454572737
      vertex -1.2070903506165351 29.764256781667978 11.985135633359668
    endloop
  endfacet
  facet normal 0.864155194254635 -0.3063442118256354 0.3992355496742042
    outer loop
      vertex -1.2070903506165351 29.606493712863088 11.948560180526693
      vertex -1.3049849947815737 29.521714464121725 12.095402146774251
      vertex -1.3049849947815737 29.427155499067336 12.022844500932658
    endloop
  endfacet
  facet normal 0.864155194254634 -0.19257602219889075 0.4649196445804242
    outer loop
      vertex -1.2070903506165351 29.67571567959403 11.97723285796079
      vertex -1.3049849947815737 29.631830711186534 12.141013789746122
      vertex -1.3049849947815737 29.521714464121725 12.095402146774251
    endloop
  endfacet
  facet normal 0.8641551942546336 -0.06568409490621 0.49892023402452657
    outer loop
      vertex -1.2070903506165351 29.67571567959403 11.97723285796079
      vertex -1.2070903506165351 29.749999999999996 11.987012574273816
      vertex -1.3049849947815737 29.631830711186534 12.141013789746122
    endloop
  endfacet
  facet normal 0.864155194254635 0.06568409490620729 0.49892023402452446
    outer loop
      vertex -1.2070903506165351 29.749999999999996 11.987012574273816
      vertex -1.2070903506165351 29.764256781667978 11.985135633359668
      vertex -1.3049849947815737 29.749999999999996 12.15657107175654
    endloop
  endfacet
  facet normal 0.8641551942546347 -0.06568409490621398 0.4989202340245242
    outer loop
      vertex -1.2070903506165351 29.749999999999996 11.987012574273816
      vertex -1.3049849947815737 29.749999999999996 12.15657107175654
      vertex -1.3049849947815737 29.631830711186534 12.141013789746122
    endloop
  endfacet
  facet normal 0.8641551942546332 0.06568409490622912 0.49892023402452507
    outer loop
      vertex -1.3049849947815737 29.749999999999996 12.15657107175654
      vertex -1.2070903506165351 29.764256781667978 11.985135633359668
      vertex -1.3049849947815737 29.7726792644971 12.15358528994205
    endloop
  endfacet
  facet normal 0.49678152337644776 -0.860450838749449 0.11328050197251785
    outer loop
      vertex -1.4434289282434596 29.15498499478157 11.7
      vertex -1.4434289282434596 29.175259639429992 11.854001215472303
      vertex -1.6129874257261827 29.05709035061653 11.7
    endloop
  endfacet
  facet normal 0.49678152337643633 -0.8018125360509193 0.3321216269130643
    outer loop
      vertex -1.4434289282434596 29.175259639429992 11.854001215472303
      vertex -1.4434289282434596 29.23470188984791 11.997507502609212
      vertex -1.6129874257261827 29.080700674375603 11.87933821379575
    endloop
  endfacet
  facet normal 0.704062592219638 -0.7040625922196369 0.092691598723557
    outer loop
      vertex -1.3049849947815737 29.293428928243458 11.7
      vertex -1.3049849947815737 29.308986210253874 11.818169288813461
      vertex -1.4434289282434596 29.15498499478157 11.7
    endloop
  endfacet
  facet normal 0.7040625922196376 -0.7040625922196372 0.09269159872355776
    outer loop
      vertex -1.3049849947815737 29.308986210253874 11.818169288813461
      vertex -1.4434289282434596 29.175259639429992 11.854001215472303
      vertex -1.4434289282434596 29.15498499478157 11.7
    endloop
  endfacet
  facet normal 0.704062592219638 -0.656081890078312 0.27175801689781537
    outer loop
      vertex -1.3049849947815737 29.308986210253874 11.818169288813461
      vertex -1.3049849947815737 29.354597853225744 11.928285535878269
      vertex -1.4434289282434596 29.175259639429992 11.854001215472303
    endloop
  endfacet
  facet normal 0.7040625922196372 -0.5633902913547456 0.43230457532182054
    outer loop
      vertex -1.3049849947815737 29.354597853225744 11.928285535878269
      vertex -1.3049849947815737 29.427155499067336 12.022844500932658
      vertex -1.4434289282434596 29.23470188984791 11.997507502609212
    endloop
  endfacet
  facet normal 0.7040625922196373 -0.6560818900783121 0.271758016897817
    outer loop
      vertex -1.4434289282434596 29.175259639429992 11.854001215472303
      vertex -1.3049849947815737 29.354597853225744 11.928285535878269
      vertex -1.4434289282434596 29.23470188984791 11.997507502609212
    endloop
  endfacet
  facet normal 0.7040625922196376 -0.43230457532182703 0.5633902913547402
    outer loop
      vertex -1.3049849947815737 29.427155499067336 12.022844500932658
      vertex -1.3049849947815737 29.521714464121725 12.095402146774251
      vertex -1.4434289282434596 29.329260854902298 12.120739145097698
    endloop
  endfacet
  facet normal 0.704062592219637 -0.2717580168978121 0.6560818900783146
    outer loop
      vertex -1.3049849947815737 29.521714464121725 12.095402146774251
      vertex -1.3049849947815737 29.631830711186534 12.141013789746122
      vertex -1.4434289282434596 29.452492497390782 12.215298110152087
    endloop
  endfacet
  facet normal 0.7040625922196363 -0.5633902913547452 0.4323045753218226
    outer loop
      vertex -1.3049849947815737 29.427155499067336 12.022844500932658
      vertex -1.4434289282434596 29.329260854902298 12.120739145097698
      vertex -1.4434289282434596 29.23470188984791 11.997507502609212
    endloop
  endfacet
  facet normal 0.7040625922196369 -0.43230457532182626 0.5633902913547418
    outer loop
      vertex -1.3049849947815737 29.521714464121725 12.095402146774251
      vertex -1.4434289282434596 29.452492497390782 12.215298110152087
      vertex -1.4434289282434596 29.329260854902298 12.120739145097698
    endloop
  endfacet
  facet normal 0.7040625922196344 -0.0926915987235679 0.7040625922196392
    outer loop
      vertex -1.3049849947815737 29.631830711186534 12.141013789746122
      vertex -1.3049849947815737 29.749999999999996 12.15657107175654
      vertex -1.4434289282434596 29.59599878452769 12.274740360570002
    endloop
  endfacet
  facet normal 0.704062592219636 -0.27175801689781065 0.6560818900783163
    outer loop
      vertex -1.3049849947815737 29.631830711186534 12.141013789746122
      vertex -1.4434289282434596 29.59599878452769 12.274740360570002
      vertex -1.4434289282434596 29.452492497390782 12.215298110152087
    endloop
  endfacet
  facet normal 0.704062592219636 0.09269159872358859 0.7040625922196349
    outer loop
      vertex -1.3049849947815737 29.749999999999996 12.15657107175654
      vertex -1.3049849947815737 29.7726792644971 12.15358528994205
      vertex -1.4434289282434596 29.749999999999996 12.295015005218426
    endloop
  endfacet
  facet normal 0.7040625922196371 -0.09269159872357281 0.704062592219636
    outer loop
      vertex -1.3049849947815737 29.749999999999996 12.15657107175654
      vertex -1.4434289282434596 29.749999999999996 12.295015005218426
      vertex -1.4434289282434596 29.59599878452769 12.274740360570002
    endloop
  endfacet
  facet normal 0.7040625922196383 0.09269159872357202 0.7040625922196346
    outer loop
      vertex -1.4434289282434596 29.749999999999996 12.295015005218426
      vertex -1.3049849947815737 29.7726792644971 12.15358528994205
      vertex -1.4434289282434596 29.779556192929995 12.291123858600017
    endloop
  endfacet
  facet normal 0.49678152337644327 -0.6885320340783853 0.5283292118363906
    outer loop
      vertex -1.4434289282434596 29.23470188984791 11.997507502609212
      vertex -1.4434289282434596 29.329260854902298 12.120739145097698
      vertex -1.6129874257261827 29.149922641106546 12.046454824691732
    endloop
  endfacet
  facet normal 0.49678152337643344 -0.5283292118363989 0.688532034078386
    outer loop
      vertex -1.4434289282434596 29.329260854902298 12.120739145097698
      vertex -1.4434289282434596 29.452492497390782 12.215298110152087
      vertex -1.6129874257261827 29.403545175308263 12.300077358893448
    endloop
  endfacet
  facet normal 0.4967815233764368 -0.3321216269130557 0.8018125360509225
    outer loop
      vertex -1.4434289282434596 29.452492497390782 12.215298110152087
      vertex -1.4434289282434596 29.59599878452769 12.274740360570002
      vertex -1.6129874257261827 29.570661786204244 12.369299325624391
    endloop
  endfacet
  facet normal 0.49678152337643666 -0.11328050197253421 -0.8604508387494532
    outer loop
      vertex -1.4434289282434596 29.59599878452769 11.125259639429997
      vertex -1.6129874257261827 29.570661786204244 11.030700674375607
      vertex -1.6129874257261827 29.71558108434136 11.011621686827244
    endloop
  endfacet
  facet normal 0.25675136523052494 -0.1261506264858829 -0.9582091399530068
    outer loop
      vertex -1.6129874257261827 29.570661786204244 11.030700674375607
      vertex -1.8021053558349616 29.71306395383491 10.961279076698279
      vertex -1.6129874257261827 29.71558108434136 11.011621686827244
    endloop
  endfacet
  facet normal 0.2567513652305228 -0.3698549227364078 -0.8929087705806839
    outer loop
      vertex -1.6129874257261827 29.570661786204244 11.030700674375607
      vertex -1.6129874257261827 29.403545175308263 11.09992264110655
      vertex -1.8021053558349616 29.55754639078057 10.981753352293088
    endloop
  endfacet
  facet normal 0.2567513652305251 -0.12615062648588268 -0.9582091399530068
    outer loop
      vertex -1.6129874257261827 29.570661786204244 11.030700674375607
      vertex -1.8021053558349616 29.55754639078057 10.981753352293088
      vertex -1.8021053558349616 29.71306395383491 10.961279076698279
    endloop
  endfacet
  facet normal 0.25675136523052855 -0.3698549227364015 -0.892908770580685
    outer loop
      vertex -1.6129874257261827 29.403545175308263 11.09992264110655
      vertex -1.8021053558349616 29.378208176984817 11.056037672699054
      vertex -1.8021053558349616 29.55754639078057 10.981753352293088
    endloop
  endfacet
  facet normal 0 -0.13052619222005038 -0.9914448613738106
    outer loop
      vertex -1.8021053558349616 29.55754639078057 10.981753352293088
      vertex -1.9978946441650387 29.71306395383491 10.961279076698279
      vertex -1.8021053558349616 29.71306395383491 10.961279076698279
    endloop
  endfacet
  facet normal 0 -0.3826834323650857 -0.9238795325112885
    outer loop
      vertex -1.8021053558349616 29.55754639078057 10.981753352293088
      vertex -1.8021053558349616 29.378208176984817 11.056037672699054
      vertex -1.9978946441650387 29.55754639078057 10.981753352293088
    endloop
  endfacet
  facet normal 0 -0.13052619222005038 -0.9914448613738106
    outer loop
      vertex -1.8021053558349616 29.55754639078057 10.981753352293088
      vertex -1.9978946441650387 29.55754639078057 10.981753352293088
      vertex -1.9978946441650387 29.71306395383491 10.961279076698279
    endloop
  endfacet
  facet normal 0 -0.3826834323650857 -0.9238795325112885
    outer loop
      vertex -1.8021053558349616 29.378208176984817 11.056037672699054
      vertex -1.9978946441650387 29.378208176984817 11.056037672699054
      vertex -1.9978946441650387 29.55754639078057 10.981753352293088
    endloop
  endfacet
  facet normal -0.25675136523052494 -0.12615062648588268 -0.9582091399530068
    outer loop
      vertex -1.9978946441650387 29.55754639078057 10.981753352293088
      vertex -2.1870125742738176 29.71558108434136 11.011621686827244
      vertex -1.9978946441650387 29.71306395383491 10.961279076698279
    endloop
  endfacet
  facet normal -0.25675136523052855 -0.3698549227364016 -0.892908770580685
    outer loop
      vertex -1.9978946441650387 29.55754639078057 10.981753352293088
      vertex -1.9978946441650387 29.378208176984817 11.056037672699054
      vertex -2.1870125742738176 29.403545175308263 11.09992264110655
    endloop
  endfacet
  facet normal -0.25675136523052505 -0.12615062648588288 -0.9582091399530067
    outer loop
      vertex -1.9978946441650387 29.55754639078057 10.981753352293088
      vertex -2.1870125742738176 29.570661786204244 11.030700674375607
      vertex -2.1870125742738176 29.71558108434136 11.011621686827244
    endloop
  endfacet
  facet normal -0.2567513652305227 -0.36985492273640774 -0.8929087705806839
    outer loop
      vertex -1.9978946441650387 29.55754639078057 10.981753352293088
      vertex -2.1870125742738176 29.403545175308263 11.09992264110655
      vertex -2.1870125742738176 29.570661786204244 11.030700674375607
    endloop
  endfacet
  facet normal -0.49678152337643555 -0.11328050197253434 -0.8604508387494539
    outer loop
      vertex -2.1870125742738176 29.570661786204244 11.030700674375607
      vertex -2.3565710717565405 29.720443807069998 11.108876141399982
      vertex -2.1870125742738176 29.71558108434136 11.011621686827244
    endloop
  endfacet
  facet normal 0.256751365230515 -0.7667581440947988 -0.5883542172166073
    outer loop
      vertex -1.6129874257261827 29.260038888171355 11.210038888171358
      vertex -1.6129874257261827 29.149922641106546 11.353545175308266
      vertex -1.8021053558349616 29.106037672699053 11.32820817698482
    endloop
  endfacet
  facet normal 0.49678152337643383 -0.3321216269130602 -0.8018125360509224
    outer loop
      vertex -1.4434289282434596 29.452492497390782 11.184701889847911
      vertex -1.6129874257261827 29.403545175308263 11.09992264110655
      vertex -1.6129874257261827 29.570661786204244 11.030700674375607
    endloop
  endfacet
  facet normal 0.4967815233764369 -0.5283292118363941 -0.6885320340783873
    outer loop
      vertex -1.4434289282434596 29.329260854902298 11.2792608549023
      vertex -1.6129874257261827 29.260038888171355 11.210038888171358
      vertex -1.6129874257261827 29.403545175308263 11.09992264110655
    endloop
  endfacet
  facet normal 0.25675136523052866 -0.5883542172165991 -0.7667581440948005
    outer loop
      vertex -1.6129874257261827 29.403545175308263 11.09992264110655
      vertex -1.6129874257261827 29.260038888171355 11.210038888171358
      vertex -1.8021053558349616 29.378208176984817 11.056037672699054
    endloop
  endfacet
  facet normal 0.49678152337643716 -0.6885320340783829 -0.5283292118363994
    outer loop
      vertex -1.4434289282434596 29.329260854902298 11.2792608549023
      vertex -1.6129874257261827 29.149922641106546 11.353545175308266
      vertex -1.6129874257261827 29.260038888171355 11.210038888171358
    endloop
  endfacet
  facet normal 0.25675136523052206 -0.5883542172166056 -0.7667581440947974
    outer loop
      vertex -1.8021053558349616 29.378208176984817 11.056037672699054
      vertex -1.6129874257261827 29.260038888171355 11.210038888171358
      vertex -1.8021053558349616 29.224206961512515 11.174206961512516
    endloop
  endfacet
  facet normal 0.2567513652305203 -0.7667581440948011 -0.5883542172166017
    outer loop
      vertex -1.6129874257261827 29.260038888171355 11.210038888171358
      vertex -1.8021053558349616 29.106037672699053 11.32820817698482
      vertex -1.8021053558349616 29.224206961512515 11.174206961512516
    endloop
  endfacet
  facet normal 0.4967815233764425 -0.801812536050919 -0.33212162691305525
    outer loop
      vertex -1.4434289282434596 29.23470188984791 11.402492497390787
      vertex -1.6129874257261827 29.080700674375603 11.520661786204249
      vertex -1.6129874257261827 29.149922641106546 11.353545175308266
    endloop
  endfacet
  facet normal 0.25675136523052616 -0.8929087705806845 -0.3698549227364042
    outer loop
      vertex -1.6129874257261827 29.149922641106546 11.353545175308266
      vertex -1.6129874257261827 29.080700674375603 11.520661786204249
      vertex -1.8021053558349616 29.031753352293084 11.507546390780572
    endloop
  endfacet
  facet normal 0.49678152337643655 -0.8604508387494534 -0.1132805019725334
    outer loop
      vertex -1.4434289282434596 29.175259639429992 11.545998784527695
      vertex -1.6129874257261827 29.05709035061653 11.7
      vertex -1.6129874257261827 29.080700674375603 11.520661786204249
    endloop
  endfacet
  facet normal 0.25675136523052833 -0.9582091399530059 -0.1261506264858819
    outer loop
      vertex -1.6129874257261827 29.080700674375603 11.520661786204249
      vertex -1.6129874257261827 29.05709035061653 11.7
      vertex -1.8021053558349616 29.006416353969637 11.7
    endloop
  endfacet
  facet normal 0.25675136523051345 -0.8929087705806824 -0.3698549227364182
    outer loop
      vertex -1.8021053558349616 29.106037672699053 11.32820817698482
      vertex -1.6129874257261827 29.149922641106546 11.353545175308266
      vertex -1.8021053558349616 29.031753352293084 11.507546390780572
    endloop
  endfacet
  facet normal 0.2567513652305262 -0.9582091399530063 -0.12615062648588432
    outer loop
      vertex -1.8021053558349616 29.031753352293084 11.507546390780572
      vertex -1.6129874257261827 29.080700674375603 11.520661786204249
      vertex -1.8021053558349616 29.006416353969637 11.7
    endloop
  endfacet
  facet normal 0 -0.7933533402912349 -0.6087614290087208
    outer loop
      vertex -1.8021053558349616 29.224206961512515 11.174206961512516
      vertex -1.8021053558349616 29.106037672699053 11.32820817698482
      vertex -1.9978946441650387 29.106037672699053 11.32820817698482
    endloop
  endfacet
  facet normal 0 -0.923879532511282 -0.3826834323651013
    outer loop
      vertex -1.8021053558349616 29.106037672699053 11.32820817698482
      vertex -1.9978946441650387 29.031753352293084 11.507546390780572
      vertex -1.9978946441650387 29.106037672699053 11.32820817698482
    endloop
  endfacet
  facet normal 0 -0.6087614290087253 -0.7933533402912316
    outer loop
      vertex -1.8021053558349616 29.378208176984817 11.056037672699054
      vertex -1.8021053558349616 29.224206961512515 11.174206961512516
      vertex -1.9978946441650387 29.378208176984817 11.056037672699054
    endloop
  endfacet
  facet normal 0 -0.6087614290087253 -0.7933533402912316
    outer loop
      vertex -1.8021053558349616 29.224206961512515 11.174206961512516
      vertex -1.9978946441650387 29.224206961512515 11.174206961512516
      vertex -1.9978946441650387 29.378208176984817 11.056037672699054
    endloop
  endfacet
  facet normal 0 -0.7933533402912349 -0.6087614290087208
    outer loop
      vertex -1.8021053558349616 29.224206961512515 11.174206961512516
      vertex -1.9978946441650387 29.106037672699053 11.32820817698482
      vertex -1.9978946441650387 29.224206961512515 11.174206961512516
    endloop
  endfacet
  facet normal -0.25675136523052206 -0.5883542172166056 -0.7667581440947974
    outer loop
      vertex -1.9978946441650387 29.378208176984817 11.056037672699054
      vertex -1.9978946441650387 29.224206961512515 11.174206961512516
      vertex -2.1870125742738176 29.260038888171355 11.210038888171358
    endloop
  endfacet
  facet normal -0.2567513652305203 -0.7667581440948011 -0.5883542172166017
    outer loop
      vertex -1.9978946441650387 29.224206961512515 11.174206961512516
      vertex -1.9978946441650387 29.106037672699053 11.32820817698482
      vertex -2.1870125742738176 29.260038888171355 11.210038888171358
    endloop
  endfacet
  facet normal 0 -0.923879532511282 -0.3826834323651013
    outer loop
      vertex -1.8021053558349616 29.106037672699053 11.32820817698482
      vertex -1.8021053558349616 29.031753352293084 11.507546390780572
      vertex -1.9978946441650387 29.031753352293084 11.507546390780572
    endloop
  endfacet
  facet normal 0 -0.9914448613738104 -0.1305261922200521
    outer loop
      vertex -1.8021053558349616 29.031753352293084 11.507546390780572
      vertex -1.8021053558349616 29.006416353969637 11.7
      vertex -1.9978946441650387 29.006416353969637 11.7
    endloop
  endfacet
  facet normal 0 -0.9914448613738104 -0.1305261922200521
    outer loop
      vertex -1.8021053558349616 29.031753352293084 11.507546390780572
      vertex -1.9978946441650387 29.006416353969637 11.7
      vertex -1.9978946441650387 29.031753352293084 11.507546390780572
    endloop
  endfacet
  facet normal -0.25675136523051345 -0.8929087705806824 -0.3698549227364182
    outer loop
      vertex -1.9978946441650387 29.106037672699053 11.32820817698482
      vertex -1.9978946441650387 29.031753352293084 11.507546390780572
      vertex -2.1870125742738176 29.149922641106546 11.353545175308266
    endloop
  endfacet
  facet normal -0.2567513652305262 -0.9582091399530063 -0.12615062648588432
    outer loop
      vertex -1.9978946441650387 29.031753352293084 11.507546390780572
      vertex -1.9978946441650387 29.006416353969637 11.7
      vertex -2.1870125742738176 29.080700674375603 11.520661786204249
    endloop
  endfacet
  facet normal 0.49678152337643655 -0.8604508387494534 0.1132805019725334
    outer loop
      vertex -1.4434289282434596 29.175259639429992 11.854001215472303
      vertex -1.6129874257261827 29.080700674375603 11.87933821379575
      vertex -1.6129874257261827 29.05709035061653 11.7
    endloop
  endfacet
  facet normal 0.25675136523052833 -0.9582091399530059 0.1261506264858819
    outer loop
      vertex -1.6129874257261827 29.05709035061653 11.7
      vertex -1.6129874257261827 29.080700674375603 11.87933821379575
      vertex -1.8021053558349616 29.006416353969637 11.7
    endloop
  endfacet
  facet normal 0.4967815233764425 -0.801812536050919 0.33212162691305525
    outer loop
      vertex -1.4434289282434596 29.23470188984791 11.997507502609212
      vertex -1.6129874257261827 29.149922641106546 12.046454824691732
      vertex -1.6129874257261827 29.080700674375603 11.87933821379575
    endloop
  endfacet
  facet normal 0.25675136523052616 -0.8929087705806845 0.3698549227364042
    outer loop
      vertex -1.6129874257261827 29.080700674375603 11.87933821379575
      vertex -1.6129874257261827 29.149922641106546 12.046454824691732
      vertex -1.8021053558349616 29.031753352293084 11.892453609219427
    endloop
  endfacet
  facet normal 0.2567513652305262 -0.9582091399530063 0.12615062648588432
    outer loop
      vertex -1.6129874257261827 29.080700674375603 11.87933821379575
      vertex -1.8021053558349616 29.031753352293084 11.892453609219427
      vertex -1.8021053558349616 29.006416353969637 11.7
    endloop
  endfacet
  facet normal 0.2567513652305134 -0.8929087705806824 0.3698549227364181
    outer loop
      vertex -1.6129874257261827 29.149922641106546 12.046454824691732
      vertex -1.8021053558349616 29.106037672699053 12.071791823015179
      vertex -1.8021053558349616 29.031753352293084 11.892453609219427
    endloop
  endfacet
  facet normal 0.25675136523051495 -0.7667581440947988 0.5883542172166073
    outer loop
      vertex -1.6129874257261827 29.149922641106546 12.046454824691732
      vertex -1.6129874257261827 29.260038888171355 12.18996111182864
      vertex -1.8021053558349616 29.106037672699053 12.071791823015179
    endloop
  endfacet
  facet normal 0.49678152337643705 -0.6885320340783829 0.5283292118363992
    outer loop
      vertex -1.6129874257261827 29.149922641106546 12.046454824691732
      vertex -1.4434289282434596 29.329260854902298 12.120739145097698
      vertex -1.6129874257261827 29.260038888171355 12.18996111182864
    endloop
  endfacet
  facet normal 0.4967815233764369 -0.5283292118363941 0.6885320340783873
    outer loop
      vertex -1.4434289282434596 29.329260854902298 12.120739145097698
      vertex -1.6129874257261827 29.403545175308263 12.300077358893448
      vertex -1.6129874257261827 29.260038888171355 12.18996111182864
    endloop
  endfacet
  facet normal 0.49678152337643383 -0.3321216269130602 0.8018125360509224
    outer loop
      vertex -1.4434289282434596 29.452492497390782 12.215298110152087
      vertex -1.6129874257261827 29.570661786204244 12.369299325624391
      vertex -1.6129874257261827 29.403545175308263 12.300077358893448
    endloop
  endfacet
  facet normal 0.25675136523052866 -0.5883542172165991 0.7667581440948005
    outer loop
      vertex -1.6129874257261827 29.260038888171355 12.18996111182864
      vertex -1.6129874257261827 29.403545175308263 12.300077358893448
      vertex -1.8021053558349616 29.378208176984817 12.343962327300945
    endloop
  endfacet
  facet normal 0.2567513652305203 -0.7667581440948011 0.5883542172166017
    outer loop
      vertex -1.6129874257261827 29.260038888171355 12.18996111182864
      vertex -1.8021053558349616 29.224206961512515 12.225793038487483
      vertex -1.8021053558349616 29.106037672699053 12.071791823015179
    endloop
  endfacet
  facet normal 0.25675136523052206 -0.5883542172166056 0.7667581440947974
    outer loop
      vertex -1.6129874257261827 29.260038888171355 12.18996111182864
      vertex -1.8021053558349616 29.378208176984817 12.343962327300945
      vertex -1.8021053558349616 29.224206961512515 12.225793038487483
    endloop
  endfacet
  facet normal 0 -0.9914448613738104 0.1305261922200521
    outer loop
      vertex -1.8021053558349616 29.006416353969637 11.7
      vertex -1.8021053558349616 29.031753352293084 11.892453609219427
      vertex -1.9978946441650387 29.031753352293084 11.892453609219427
    endloop
  endfacet
  facet normal 0 -0.9914448613738104 0.1305261922200521
    outer loop
      vertex -1.8021053558349616 29.006416353969637 11.7
      vertex -1.9978946441650387 29.031753352293084 11.892453609219427
      vertex -1.9978946441650387 29.006416353969637 11.7
    endloop
  endfacet
  facet normal 0 -0.923879532511282 0.3826834323651013
    outer loop
      vertex -1.8021053558349616 29.031753352293084 11.892453609219427
      vertex -1.9978946441650387 29.106037672699053 12.071791823015179
      vertex -1.9978946441650387 29.031753352293084 11.892453609219427
    endloop
  endfacet
  facet normal -0.2567513652305262 -0.9582091399530063 0.12615062648588432
    outer loop
      vertex -1.9978946441650387 29.006416353969637 11.7
      vertex -1.9978946441650387 29.031753352293084 11.892453609219427
      vertex -2.1870125742738176 29.080700674375603 11.87933821379575
    endloop
  endfacet
  facet normal -0.2567513652305134 -0.8929087705806824 0.3698549227364182
    outer loop
      vertex -1.9978946441650387 29.031753352293084 11.892453609219427
      vertex -1.9978946441650387 29.106037672699053 12.071791823015179
      vertex -2.1870125742738176 29.149922641106546 12.046454824691732
    endloop
  endfacet
  facet normal 0 -0.923879532511282 0.3826834323651013
    outer loop
      vertex -1.8021053558349616 29.031753352293084 11.892453609219427
      vertex -1.8021053558349616 29.106037672699053 12.071791823015179
      vertex -1.9978946441650387 29.106037672699053 12.071791823015179
    endloop
  endfacet
  facet normal 0 -0.7933533402912349 0.6087614290087208
    outer loop
      vertex -1.8021053558349616 29.106037672699053 12.071791823015179
      vertex -1.9978946441650387 29.224206961512515 12.225793038487483
      vertex -1.9978946441650387 29.106037672699053 12.071791823015179
    endloop
  endfacet
  facet normal 0 -0.7933533402912349 0.6087614290087208
    outer loop
      vertex -1.8021053558349616 29.106037672699053 12.071791823015179
      vertex -1.8021053558349616 29.224206961512515 12.225793038487483
      vertex -1.9978946441650387 29.224206961512515 12.225793038487483
    endloop
  endfacet
  facet normal 0 -0.6087614290087253 0.7933533402912316
    outer loop
      vertex -1.8021053558349616 29.224206961512515 12.225793038487483
      vertex -1.8021053558349616 29.378208176984817 12.343962327300945
      vertex -1.9978946441650387 29.224206961512515 12.225793038487483
    endloop
  endfacet
  facet normal 0 -0.6087614290087253 0.7933533402912316
    outer loop
      vertex -1.8021053558349616 29.378208176984817 12.343962327300945
      vertex -1.9978946441650387 29.378208176984817 12.343962327300945
      vertex -1.9978946441650387 29.224206961512515 12.225793038487483
    endloop
  endfacet
  facet normal -0.25675136523052033 -0.7667581440948011 0.5883542172166017
    outer loop
      vertex -1.9978946441650387 29.106037672699053 12.071791823015179
      vertex -1.9978946441650387 29.224206961512515 12.225793038487483
      vertex -2.1870125742738176 29.260038888171355 12.18996111182864
    endloop
  endfacet
  facet normal -0.25675136523052206 -0.5883542172166056 0.7667581440947974
    outer loop
      vertex -1.9978946441650387 29.224206961512515 12.225793038487483
      vertex -1.9978946441650387 29.378208176984817 12.343962327300945
      vertex -2.1870125742738176 29.260038888171355 12.18996111182864
    endloop
  endfacet
  facet normal -0.256751365230515 -0.7667581440947988 -0.5883542172166073
    outer loop
      vertex -1.9978946441650387 29.106037672699053 11.32820817698482
      vertex -2.1870125742738176 29.149922641106546 11.353545175308266
      vertex -2.1870125742738176 29.260038888171355 11.210038888171358
    endloop
  endfacet
  facet normal -0.2567513652305287 -0.5883542172165991 -0.7667581440948005
    outer loop
      vertex -1.9978946441650387 29.378208176984817 11.056037672699054
      vertex -2.1870125742738176 29.260038888171355 11.210038888171358
      vertex -2.1870125742738176 29.403545175308263 11.09992264110655
    endloop
  endfacet
  facet normal -0.4967815233764343 -0.33212162691306 -0.8018125360509222
    outer loop
      vertex -2.1870125742738176 29.570661786204244 11.030700674375607
      vertex -2.1870125742738176 29.403545175308263 11.09992264110655
      vertex -2.3565710717565405 29.452492497390782 11.184701889847911
    endloop
  endfacet
  facet normal -0.4967815233764373 -0.5283292118363939 -0.688532034078387
    outer loop
      vertex -2.1870125742738176 29.403545175308263 11.09992264110655
      vertex -2.1870125742738176 29.260038888171355 11.210038888171358
      vertex -2.3565710717565405 29.329260854902298 11.2792608549023
    endloop
  endfacet
  facet normal -0.4967815233764373 -0.33212162691305563 -0.8018125360509222
    outer loop
      vertex -2.1870125742738176 29.570661786204244 11.030700674375607
      vertex -2.3565710717565405 29.452492497390782 11.184701889847911
      vertex -2.3565710717565405 29.59599878452769 11.125259639429997
    endloop
  endfacet
  facet normal -0.4967815233764373 -0.11328050197253693 -0.8604508387494525
    outer loop
      vertex -2.1870125742738176 29.570661786204244 11.030700674375607
      vertex -2.3565710717565405 29.59599878452769 11.125259639429997
      vertex -2.3565710717565405 29.720443807069998 11.108876141399982
    endloop
  endfacet
  facet normal -0.49678152337643383 -0.5283292118363987 -0.6885320340783858
    outer loop
      vertex -2.1870125742738176 29.403545175308263 11.09992264110655
      vertex -2.3565710717565405 29.329260854902298 11.2792608549023
      vertex -2.3565710717565405 29.452492497390782 11.184701889847911
    endloop
  endfacet
  facet normal -0.49678152337643755 -0.6885320340783827 -0.5283292118363991
    outer loop
      vertex -2.1870125742738176 29.260038888171355 11.210038888171358
      vertex -2.1870125742738176 29.149922641106546 11.353545175308266
      vertex -2.3565710717565405 29.329260854902298 11.2792608549023
    endloop
  endfacet
  facet normal -0.4967815233764439 -0.688532034078385 -0.5283292118363904
    outer loop
      vertex -2.3565710717565405 29.329260854902298 11.2792608549023
      vertex -2.1870125742738176 29.149922641106546 11.353545175308266
      vertex -2.3565710717565405 29.23470188984791 11.402492497390787
    endloop
  endfacet
  facet normal -0.25675136523052616 -0.8929087705806845 -0.36985492273640413
    outer loop
      vertex -1.9978946441650387 29.031753352293084 11.507546390780572
      vertex -2.1870125742738176 29.080700674375603 11.520661786204249
      vertex -2.1870125742738176 29.149922641106546 11.353545175308266
    endloop
  endfacet
  facet normal -0.25675136523052833 -0.9582091399530059 -0.1261506264858819
    outer loop
      vertex -2.1870125742738176 29.080700674375603 11.520661786204249
      vertex -1.9978946441650387 29.006416353969637 11.7
      vertex -2.1870125742738176 29.05709035061653 11.7
    endloop
  endfacet
  facet normal -0.4967815233764431 -0.801812536050919 -0.33212162691305513
    outer loop
      vertex -2.1870125742738176 29.149922641106546 11.353545175308266
      vertex -2.1870125742738176 29.080700674375603 11.520661786204249
      vertex -2.3565710717565405 29.23470188984791 11.402492497390787
    endloop
  endfacet
  facet normal -0.4967815233764368 -0.801812536050919 -0.33212162691306424
    outer loop
      vertex -2.1870125742738176 29.080700674375603 11.520661786204249
      vertex -2.3565710717565405 29.175259639429992 11.545998784527695
      vertex -2.3565710717565405 29.23470188984791 11.402492497390787
    endloop
  endfacet
  facet normal -0.49678152337643716 -0.860450838749453 -0.11328050197253345
    outer loop
      vertex -2.1870125742738176 29.080700674375603 11.520661786204249
      vertex -2.1870125742738176 29.05709035061653 11.7
      vertex -2.3565710717565405 29.175259639429992 11.545998784527695
    endloop
  endfacet
  facet normal -0.4967815233764483 -0.8604508387494487 -0.11328050197251782
    outer loop
      vertex -2.3565710717565405 29.175259639429992 11.545998784527695
      vertex -2.1870125742738176 29.05709035061653 11.7
      vertex -2.3565710717565405 29.15498499478157 11.7
    endloop
  endfacet
  facet normal -0.704062592219638 -0.09269159872357283 -0.7040625922196351
    outer loop
      vertex -2.3565710717565405 29.59599878452769 11.125259639429997
      vertex -2.4950150052184266 29.727320735502893 11.246414710057948
      vertex -2.3565710717565405 29.720443807069998 11.108876141399982
    endloop
  endfacet
  facet normal -0.7040625922196354 -0.2717580168978109 -0.6560818900783169
    outer loop
      vertex -2.3565710717565405 29.59599878452769 11.125259639429997
      vertex -2.3565710717565405 29.452492497390782 11.184701889847911
      vertex -2.4950150052184266 29.631830711186534 11.258986210253877
    endloop
  endfacet
  facet normal -0.7040625922196336 -0.09269159872356306 -0.7040625922196407
    outer loop
      vertex -2.3565710717565405 29.59599878452769 11.125259639429997
      vertex -2.4950150052184266 29.631830711186534 11.258986210253877
      vertex -2.4950150052184266 29.727320735502893 11.246414710057948
    endloop
  endfacet
  facet normal -0.7040625922196363 -0.43230457532182653 -0.5633902913547423
    outer loop
      vertex -2.3565710717565405 29.452492497390782 11.184701889847911
      vertex -2.3565710717565405 29.329260854902298 11.2792608549023
      vertex -2.4950150052184266 29.521714464121725 11.304597853225747
    endloop
  endfacet
  facet normal -0.7040625922196357 -0.5633902913547457 -0.4323045753218229
    outer loop
      vertex -2.3565710717565405 29.329260854902298 11.2792608549023
      vertex -2.3565710717565405 29.23470188984791 11.402492497390787
      vertex -2.4950150052184266 29.427155499067336 11.37715549906734
    endloop
  endfacet
  facet normal -0.7040625922196364 -0.27175801689781226 -0.6560818900783151
    outer loop
      vertex -2.3565710717565405 29.452492497390782 11.184701889847911
      vertex -2.4950150052184266 29.521714464121725 11.304597853225747
      vertex -2.4950150052184266 29.631830711186534 11.258986210253877
    endloop
  endfacet
  facet normal -0.7040625922196371 -0.4323045753218273 -0.5633902913547405
    outer loop
      vertex -2.3565710717565405 29.329260854902298 11.2792608549023
      vertex -2.4950150052184266 29.427155499067336 11.37715549906734
      vertex -2.4950150052184266 29.521714464121725 11.304597853225747
    endloop
  endfacet
  facet normal -0.8641551942546345 -0.19257602219889042 -0.46491964458042334
    outer loop
      vertex -2.4950150052184266 29.631830711186534 11.258986210253877
      vertex -2.4950150052184266 29.521714464121725 11.304597853225747
      vertex -2.592909649383465 29.67571567959403 11.42276714203921
    endloop
  endfacet
  facet normal -0.8641551942546356 -0.3063442118256349 -0.3992355496742035
    outer loop
      vertex -2.4950150052184266 29.521714464121725 11.304597853225747
      vertex -2.4950150052184266 29.427155499067336 11.37715549906734
      vertex -2.592909649383465 29.606493712863088 11.451439819473306
    endloop
  endfacet
  facet normal -0.8641551942546343 -0.06568409490621421 -0.4989202340245247
    outer loop
      vertex -2.4950150052184266 29.631830711186534 11.258986210253877
      vertex -2.592909649383465 29.67571567959403 11.42276714203921
      vertex -2.592909649383465 29.73574321833201 11.41486436664033
    endloop
  endfacet
  facet normal -0.8641551942546359 -0.1925760221988944 -0.4649196445804194
    outer loop
      vertex -2.4950150052184266 29.521714464121725 11.304597853225747
      vertex -2.592909649383465 29.606493712863088 11.451439819473306
      vertex -2.592909649383465 29.67571567959403 11.42276714203921
    endloop
  endfacet
  facet normal -0.8641551942546336 -0.06568409490621067 -0.4989202340245265
    outer loop
      vertex -2.4950150052184266 29.631830711186534 11.258986210253877
      vertex -2.592909649383465 29.73574321833201 11.41486436664033
      vertex -2.4950150052184266 29.727320735502893 11.246414710057948
    endloop
  endfacet
  facet normal -0.7040625922196367 -0.6560818900783126 -0.27175801689781726
    outer loop
      vertex -2.3565710717565405 29.23470188984791 11.402492497390787
      vertex -2.3565710717565405 29.175259639429992 11.545998784527695
      vertex -2.4950150052184266 29.354597853225744 11.47171446412173
    endloop
  endfacet
  facet normal -0.7040625922196366 -0.563390291354746 -0.4323045753218209
    outer loop
      vertex -2.3565710717565405 29.23470188984791 11.402492497390787
      vertex -2.4950150052184266 29.354597853225744 11.47171446412173
      vertex -2.4950150052184266 29.427155499067336 11.37715549906734
    endloop
  endfacet
  facet normal -0.7040625922196375 -0.6560818900783126 -0.27175801689781565
    outer loop
      vertex -2.4950150052184266 29.354597853225744 11.47171446412173
      vertex -2.3565710717565405 29.175259639429992 11.545998784527695
      vertex -2.4950150052184266 29.308986210253874 11.581830711186537
    endloop
  endfacet
  facet normal -0.7040625922196372 -0.7040625922196376 -0.09269159872355785
    outer loop
      vertex -2.3565710717565405 29.175259639429992 11.545998784527695
      vertex -2.3565710717565405 29.15498499478157 11.7
      vertex -2.4950150052184266 29.308986210253874 11.581830711186537
    endloop
  endfacet
  facet normal -0.7040625922196375 -0.7040625922196375 -0.09269159872355708
    outer loop
      vertex -2.4950150052184266 29.308986210253874 11.581830711186537
      vertex -2.3565710717565405 29.15498499478157 11.7
      vertex -2.4950150052184266 29.293428928243458 11.7
    endloop
  endfacet
  facet normal -0.8641551942546343 -0.399235549674209 -0.30634421182563165
    outer loop
      vertex -2.4950150052184266 29.427155499067336 11.37715549906734
      vertex -2.4950150052184266 29.354597853225744 11.47171446412173
      vertex -2.592909649383465 29.54705146244517 11.497051462445176
    endloop
  endfacet
  facet normal -0.8641551942546327 -0.46491964458042534 -0.19257602219889433
    outer loop
      vertex -2.4950150052184266 29.354597853225744 11.47171446412173
      vertex -2.4950150052184266 29.308986210253874 11.581830711186537
      vertex -2.592909649383465 29.5014398194733 11.556493712863091
    endloop
  endfacet
  facet normal -0.8641551942546345 -0.3063442118256323 -0.3992355496742084
    outer loop
      vertex -2.4950150052184266 29.427155499067336 11.37715549906734
      vertex -2.592909649383465 29.54705146244517 11.497051462445176
      vertex -2.592909649383465 29.606493712863088 11.451439819473306
    endloop
  endfacet
  facet normal -0.8641551942546323 -0.3992355496742068 -0.3063442118256402
    outer loop
      vertex -2.4950150052184266 29.354597853225744 11.47171446412173
      vertex -2.592909649383465 29.5014398194733 11.556493712863091
      vertex -2.592909649383465 29.54705146244517 11.497051462445176
    endloop
  endfacet
  facet normal -0.8641551942546339 -0.4989202340245264 -0.06568409490620673
    outer loop
      vertex -2.4950150052184266 29.308986210253874 11.581830711186537
      vertex -2.4950150052184266 29.293428928243458 11.7
      vertex -2.592909649383465 29.472767142039206 11.625715679594034
    endloop
  endfacet
  facet normal -0.8641551942546349 -0.4649196445804252 -0.19257602219888487
    outer loop
      vertex -2.4950150052184266 29.308986210253874 11.581830711186537
      vertex -2.592909649383465 29.472767142039206 11.625715679594034
      vertex -2.592909649383465 29.5014398194733 11.556493712863091
    endloop
  endfacet
  facet normal -0.864155194254633 -0.49892023402452734 -0.06568409490621009
    outer loop
      vertex -2.592909649383465 29.472767142039206 11.625715679594034
      vertex -2.4950150052184266 29.293428928243458 11.7
      vertex -2.592909649383465 29.46298742572618 11.7
    endloop
  endfacet
  facet normal -0.25675136523052833 -0.9582091399530059 0.12615062648588193
    outer loop
      vertex -1.9978946441650387 29.006416353969637 11.7
      vertex -2.1870125742738176 29.080700674375603 11.87933821379575
      vertex -2.1870125742738176 29.05709035061653 11.7
    endloop
  endfacet
  facet normal -0.25675136523052616 -0.8929087705806845 0.3698549227364042
    outer loop
      vertex -2.1870125742738176 29.080700674375603 11.87933821379575
      vertex -1.9978946441650387 29.031753352293084 11.892453609219427
      vertex -2.1870125742738176 29.149922641106546 12.046454824691732
    endloop
  endfacet
  facet normal -0.49678152337643716 -0.860450838749453 0.11328050197253345
    outer loop
      vertex -2.1870125742738176 29.05709035061653 11.7
      vertex -2.1870125742738176 29.080700674375603 11.87933821379575
      vertex -2.3565710717565405 29.175259639429992 11.854001215472303
    endloop
  endfacet
  facet normal -0.49678152337644826 -0.8604508387494487 0.11328050197251782
    outer loop
      vertex -2.1870125742738176 29.05709035061653 11.7
      vertex -2.3565710717565405 29.175259639429992 11.854001215472303
      vertex -2.3565710717565405 29.15498499478157 11.7
    endloop
  endfacet
  facet normal -0.4967815233764431 -0.801812536050919 0.33212162691305513
    outer loop
      vertex -2.1870125742738176 29.080700674375603 11.87933821379575
      vertex -2.1870125742738176 29.149922641106546 12.046454824691732
      vertex -2.3565710717565405 29.23470188984791 11.997507502609212
    endloop
  endfacet
  facet normal -0.4967815233764368 -0.801812536050919 0.33212162691306424
    outer loop
      vertex -2.1870125742738176 29.080700674375603 11.87933821379575
      vertex -2.3565710717565405 29.23470188984791 11.997507502609212
      vertex -2.3565710717565405 29.175259639429992 11.854001215472303
    endloop
  endfacet
  facet normal -0.25675136523051495 -0.7667581440947988 0.5883542172166073
    outer loop
      vertex -2.1870125742738176 29.149922641106546 12.046454824691732
      vertex -1.9978946441650387 29.106037672699053 12.071791823015179
      vertex -2.1870125742738176 29.260038888171355 12.18996111182864
    endloop
  endfacet
  facet normal -0.25675136523052866 -0.5883542172165991 0.7667581440948005
    outer loop
      vertex -2.1870125742738176 29.260038888171355 12.18996111182864
      vertex -1.9978946441650387 29.378208176984817 12.343962327300945
      vertex -2.1870125742738176 29.403545175308263 12.300077358893448
    endloop
  endfacet
  facet normal -0.49678152337643755 -0.6885320340783827 0.5283292118363991
    outer loop
      vertex -2.1870125742738176 29.149922641106546 12.046454824691732
      vertex -2.1870125742738176 29.260038888171355 12.18996111182864
      vertex -2.3565710717565405 29.329260854902298 12.120739145097698
    endloop
  endfacet
  facet normal -0.4967815233764438 -0.688532034078385 0.5283292118363905
    outer loop
      vertex -2.1870125742738176 29.149922641106546 12.046454824691732
      vertex -2.3565710717565405 29.329260854902298 12.120739145097698
      vertex -2.3565710717565405 29.23470188984791 11.997507502609212
    endloop
  endfacet
  facet normal -0.4967815233764373 -0.5283292118363939 0.688532034078387
    outer loop
      vertex -2.1870125742738176 29.260038888171355 12.18996111182864
      vertex -2.1870125742738176 29.403545175308263 12.300077358893448
      vertex -2.3565710717565405 29.329260854902298 12.120739145097698
    endloop
  endfacet
  facet normal -0.4967815233764342 -0.33212162691306 0.8018125360509222
    outer loop
      vertex -2.1870125742738176 29.403545175308263 12.300077358893448
      vertex -2.1870125742738176 29.570661786204244 12.369299325624391
      vertex -2.3565710717565405 29.452492497390782 12.215298110152087
    endloop
  endfacet
  facet normal -0.49678152337643383 -0.5283292118363987 0.6885320340783858
    outer loop
      vertex -2.1870125742738176 29.403545175308263 12.300077358893448
      vertex -2.3565710717565405 29.452492497390782 12.215298110152087
      vertex -2.3565710717565405 29.329260854902298 12.120739145097698
    endloop
  endfacet
  facet normal -0.4967815233764373 -0.33212162691305563 0.8018125360509222
    outer loop
      vertex -2.1870125742738176 29.570661786204244 12.369299325624391
      vertex -2.3565710717565405 29.59599878452769 12.274740360570002
      vertex -2.3565710717565405 29.452492497390782 12.215298110152087
    endloop
  endfacet
  facet normal -0.7040625922196372 -0.7040625922196377 0.09269159872355787
    outer loop
      vertex -2.3565710717565405 29.15498499478157 11.7
      vertex -2.3565710717565405 29.175259639429992 11.854001215472303
      vertex -2.4950150052184266 29.308986210253874 11.818169288813461
    endloop
  endfacet
  facet normal -0.7040625922196375 -0.7040625922196375 0.09269159872355713
    outer loop
      vertex -2.3565710717565405 29.15498499478157 11.7
      vertex -2.4950150052184266 29.308986210253874 11.818169288813461
      vertex -2.4950150052184266 29.293428928243458 11.7
    endloop
  endfacet
  facet normal -0.7040625922196367 -0.6560818900783126 0.27175801689781726
    outer loop
      vertex -2.3565710717565405 29.175259639429992 11.854001215472303
      vertex -2.3565710717565405 29.23470188984791 11.997507502609212
      vertex -2.4950150052184266 29.354597853225744 11.928285535878269
    endloop
  endfacet
  facet normal -0.7040625922196375 -0.6560818900783125 0.2717580168978157
    outer loop
      vertex -2.3565710717565405 29.175259639429992 11.854001215472303
      vertex -2.4950150052184266 29.354597853225744 11.928285535878269
      vertex -2.4950150052184266 29.308986210253874 11.818169288813461
    endloop
  endfacet
  facet normal -0.7040625922196366 -0.563390291354746 0.4323045753218209
    outer loop
      vertex -2.3565710717565405 29.23470188984791 11.997507502609212
      vertex -2.4950150052184266 29.427155499067336 12.022844500932658
      vertex -2.4950150052184266 29.354597853225744 11.928285535878269
    endloop
  endfacet
  facet normal -0.8641551942546334 -0.49892023402452745 0.06568409490620687
    outer loop
      vertex -2.4950150052184266 29.293428928243458 11.7
      vertex -2.4950150052184266 29.308986210253874 11.818169288813461
      vertex -2.592909649383465 29.46298742572618 11.7
    endloop
  endfacet
  facet normal -0.8641551942546342 -0.4989202340245257 0.06568409490620987
    outer loop
      vertex -2.592909649383465 29.46298742572618 11.7
      vertex -2.4950150052184266 29.308986210253874 11.818169288813461
      vertex -2.592909649383465 29.472767142039206 11.774284320405965
    endloop
  endfacet
  facet normal -0.8641551942546349 -0.4649196445804252 0.19257602219888484
    outer loop
      vertex -2.592909649383465 29.472767142039206 11.774284320405965
      vertex -2.4950150052184266 29.308986210253874 11.818169288813461
      vertex -2.592909649383465 29.5014398194733 11.843506287136908
    endloop
  endfacet
  facet normal -0.8641551942546327 -0.46491964458042534 0.19257602219889433
    outer loop
      vertex -2.4950150052184266 29.308986210253874 11.818169288813461
      vertex -2.4950150052184266 29.354597853225744 11.928285535878269
      vertex -2.592909649383465 29.5014398194733 11.843506287136908
    endloop
  endfacet
  facet normal -0.8641551942546343 -0.399235549674209 0.30634421182563165
    outer loop
      vertex -2.4950150052184266 29.354597853225744 11.928285535878269
      vertex -2.4950150052184266 29.427155499067336 12.022844500932658
      vertex -2.592909649383465 29.54705146244517 11.902948537554822
    endloop
  endfacet
  facet normal -0.8641551942546323 -0.39923554967420677 0.30634421182564014
    outer loop
      vertex -2.592909649383465 29.5014398194733 11.843506287136908
      vertex -2.4950150052184266 29.354597853225744 11.928285535878269
      vertex -2.592909649383465 29.54705146244517 11.902948537554822
    endloop
  endfacet
  facet normal -0.8641551942546344 -0.3063442118256322 0.39923554967420843
    outer loop
      vertex -2.592909649383465 29.54705146244517 11.902948537554822
      vertex -2.4950150052184266 29.427155499067336 12.022844500932658
      vertex -2.592909649383465 29.606493712863088 11.948560180526693
    endloop
  endfacet
  facet normal -0.8641551942546359 -0.1925760221988944 0.4649196445804194
    outer loop
      vertex -2.592909649383465 29.606493712863088 11.948560180526693
      vertex -2.4950150052184266 29.521714464121725 12.095402146774251
      vertex -2.592909649383465 29.67571567959403 11.97723285796079
    endloop
  endfacet
  facet normal -0.7040625922196357 -0.5633902913547457 0.4323045753218229
    outer loop
      vertex -2.3565710717565405 29.23470188984791 11.997507502609212
      vertex -2.3565710717565405 29.329260854902298 12.120739145097698
      vertex -2.4950150052184266 29.427155499067336 12.022844500932658
    endloop
  endfacet
  facet normal -0.7040625922196362 -0.43230457532182653 0.5633902913547423
    outer loop
      vertex -2.3565710717565405 29.329260854902298 12.120739145097698
      vertex -2.3565710717565405 29.452492497390782 12.215298110152087
      vertex -2.4950150052184266 29.521714464121725 12.095402146774251
    endloop
  endfacet
  facet normal -0.704062592219637 -0.4323045753218273 0.5633902913547406
    outer loop
      vertex -2.4950150052184266 29.427155499067336 12.022844500932658
      vertex -2.3565710717565405 29.329260854902298 12.120739145097698
      vertex -2.4950150052184266 29.521714464121725 12.095402146774251
    endloop
  endfacet
  facet normal -0.7040625922196364 -0.27175801689781226 0.6560818900783151
    outer loop
      vertex -2.3565710717565405 29.452492497390782 12.215298110152087
      vertex -2.4950150052184266 29.631830711186534 12.141013789746122
      vertex -2.4950150052184266 29.521714464121725 12.095402146774251
    endloop
  endfacet
  facet normal -0.7040625922196355 -0.2717580168978108 0.6560818900783167
    outer loop
      vertex -2.3565710717565405 29.452492497390782 12.215298110152087
      vertex -2.3565710717565405 29.59599878452769 12.274740360570002
      vertex -2.4950150052184266 29.631830711186534 12.141013789746122
    endloop
  endfacet
  facet normal -0.7040625922196337 -0.09269159872356796 0.7040625922196397
    outer loop
      vertex -2.4950150052184266 29.631830711186534 12.141013789746122
      vertex -2.3565710717565405 29.59599878452769 12.274740360570002
      vertex -2.4950150052184266 29.749999999999996 12.15657107175654
    endloop
  endfacet
  facet normal -0.7040625922196364 -0.09269159872357284 0.7040625922196364
    outer loop
      vertex -2.4950150052184266 29.749999999999996 12.15657107175654
      vertex -2.3565710717565405 29.59599878452769 12.274740360570002
      vertex -2.3565710717565405 29.749999999999996 12.295015005218426
    endloop
  endfacet
  facet normal -0.7040625922196364 0.09269159872357229 0.7040625922196364
    outer loop
      vertex -2.4950150052184266 29.749999999999996 12.15657107175654
      vertex -2.3565710717565405 29.749999999999996 12.295015005218426
      vertex -2.3565710717565405 29.779556192929995 12.291123858600017
    endloop
  endfacet
  facet normal -0.7040625922196373 0.09269159872358843 0.7040625922196336
    outer loop
      vertex -2.4950150052184266 29.749999999999996 12.15657107175654
      vertex -2.3565710717565405 29.779556192929995 12.291123858600017
      vertex -2.4950150052184266 29.7726792644971 12.15358528994205
    endloop
  endfacet
  facet normal -0.8641551942546356 -0.3063442118256349 0.3992355496742035
    outer loop
      vertex -2.592909649383465 29.606493712863088 11.948560180526693
      vertex -2.4950150052184266 29.427155499067336 12.022844500932658
      vertex -2.4950150052184266 29.521714464121725 12.095402146774251
    endloop
  endfacet
  facet normal -0.8641551942546345 -0.19257602219889045 0.46491964458042334
    outer loop
      vertex -2.592909649383465 29.67571567959403 11.97723285796079
      vertex -2.4950150052184266 29.521714464121725 12.095402146774251
      vertex -2.4950150052184266 29.631830711186534 12.141013789746122
    endloop
  endfacet
  facet normal -0.8641551942546353 -0.06568409490621387 0.49892023402452335
    outer loop
      vertex -2.592909649383465 29.749999999999996 11.987012574273816
      vertex -2.4950150052184266 29.631830711186534 12.141013789746122
      vertex -2.4950150052184266 29.749999999999996 12.15657107175654
    endloop
  endfacet
  facet normal -0.8641551942546344 0.0656840949062286 0.49892023402452296
    outer loop
      vertex -2.592909649383465 29.749999999999996 11.987012574273816
      vertex -2.4950150052184266 29.749999999999996 12.15657107175654
      vertex -2.4950150052184266 29.7726792644971 12.15358528994205
    endloop
  endfacet
  facet normal -0.8641551942546342 -0.06568409490620988 0.49892023402452573
    outer loop
      vertex -2.592909649383465 29.67571567959403 11.97723285796079
      vertex -2.4950150052184266 29.631830711186534 12.141013789746122
      vertex -2.592909649383465 29.749999999999996 11.987012574273816
    endloop
  endfacet
  facet normal -0.8641551942546344 0.06568409490620747 0.4989202340245258
    outer loop
      vertex -2.592909649383465 29.749999999999996 11.987012574273816
      vertex -2.4950150052184266 29.7726792644971 12.15358528994205
      vertex -2.592909649383465 29.764256781667978 11.985135633359668
    endloop
  endfacet
  facet normal 0.49678152337643317 -0.11328050197253718 0.8604508387494549
    outer loop
      vertex -1.4434289282434596 29.59599878452769 12.274740360570002
      vertex -1.4434289282434596 29.749999999999996 12.295015005218426
      vertex -1.6129874257261827 29.749999999999996 12.392909649383464
    endloop
  endfacet
  facet normal 0.4967815233764332 0.11328050197253649 0.8604508387494549
    outer loop
      vertex -1.4434289282434596 29.749999999999996 12.295015005218426
      vertex -1.4434289282434596 29.779556192929995 12.291123858600017
      vertex -1.6129874257261827 29.749999999999996 12.392909649383464
    endloop
  endfacet
  facet normal 0.4967815233764366 -0.11328050197253232 0.8604508387494536
    outer loop
      vertex -1.4434289282434596 29.59599878452769 12.274740360570002
      vertex -1.6129874257261827 29.749999999999996 12.392909649383464
      vertex -1.6129874257261827 29.570661786204244 12.369299325624391
    endloop
  endfacet
  facet normal 0.2567513652305228 -0.3698549227364078 0.8929087705806839
    outer loop
      vertex -1.6129874257261827 29.403545175308263 12.300077358893448
      vertex -1.6129874257261827 29.570661786204244 12.369299325624391
      vertex -1.8021053558349616 29.55754639078057 12.41824664770691
    endloop
  endfacet
  facet normal 0.4967815233764354 0.11328050197252464 0.8604508387494552
    outer loop
      vertex -1.6129874257261827 29.749999999999996 12.392909649383464
      vertex -1.4434289282434596 29.779556192929995 12.291123858600017
      vertex -1.6129874257261827 29.784418915658634 12.388378313172755
    endloop
  endfacet
  facet normal 0.25675136523052844 -0.1261506264858807 0.958209139953006
    outer loop
      vertex -1.6129874257261827 29.570661786204244 12.369299325624391
      vertex -1.6129874257261827 29.749999999999996 12.392909649383464
      vertex -1.8021053558349616 29.749999999999996 12.443583646030357
    endloop
  endfacet
  facet normal 0.25675136523052866 0.12615062648587194 0.9582091399530072
    outer loop
      vertex -1.6129874257261827 29.749999999999996 12.392909649383464
      vertex -1.6129874257261827 29.784418915658634 12.388378313172755
      vertex -1.8021053558349616 29.749999999999996 12.443583646030357
    endloop
  endfacet
  facet normal 0.25675136523052855 -0.3698549227364015 0.892908770580685
    outer loop
      vertex -1.6129874257261827 29.403545175308263 12.300077358893448
      vertex -1.8021053558349616 29.55754639078057 12.41824664770691
      vertex -1.8021053558349616 29.378208176984817 12.343962327300945
    endloop
  endfacet
  facet normal 0.2567513652305251 -0.12615062648588435 0.9582091399530064
    outer loop
      vertex -1.6129874257261827 29.570661786204244 12.369299325624391
      vertex -1.8021053558349616 29.749999999999996 12.443583646030357
      vertex -1.8021053558349616 29.55754639078057 12.41824664770691
    endloop
  endfacet
  facet normal 0.2567513652305248 0.12615062648589137 0.9582091399530057
    outer loop
      vertex -1.8021053558349616 29.749999999999996 12.443583646030357
      vertex -1.6129874257261827 29.784418915658634 12.388378313172755
      vertex -1.8021053558349616 29.78693604616508 12.43872092330172
    endloop
  endfacet
  facet normal 0 -0.3826834323650857 0.9238795325112885
    outer loop
      vertex -1.8021053558349616 29.378208176984817 12.343962327300945
      vertex -1.8021053558349616 29.55754639078057 12.41824664770691
      vertex -1.9978946441650387 29.378208176984817 12.343962327300945
    endloop
  endfacet
  facet normal 0 -0.1305261922200521 0.9914448613738104
    outer loop
      vertex -1.8021053558349616 29.55754639078057 12.41824664770691
      vertex -1.8021053558349616 29.749999999999996 12.443583646030357
      vertex -1.9978946441650387 29.55754639078057 12.41824664770691
    endloop
  endfacet
  facet normal 0 -0.3826834323650857 0.9238795325112885
    outer loop
      vertex -1.8021053558349616 29.55754639078057 12.41824664770691
      vertex -1.9978946441650387 29.55754639078057 12.41824664770691
      vertex -1.9978946441650387 29.378208176984817 12.343962327300945
    endloop
  endfacet
  facet normal 0 0.13052619222005934 0.9914448613738094
    outer loop
      vertex -1.8021053558349616 29.749999999999996 12.443583646030357
      vertex -1.8021053558349616 29.78693604616508 12.43872092330172
      vertex -1.9978946441650387 29.749999999999996 12.443583646030357
    endloop
  endfacet
  facet normal 0 -0.1305261922200521 0.9914448613738104
    outer loop
      vertex -1.8021053558349616 29.749999999999996 12.443583646030357
      vertex -1.9978946441650387 29.749999999999996 12.443583646030357
      vertex -1.9978946441650387 29.55754639078057 12.41824664770691
    endloop
  endfacet
  facet normal 0 0.13052619222005934 0.9914448613738094
    outer loop
      vertex -1.9978946441650387 29.749999999999996 12.443583646030357
      vertex -1.8021053558349616 29.78693604616508 12.43872092330172
      vertex -1.9978946441650387 29.78693604616508 12.43872092330172
    endloop
  endfacet
  facet normal -0.2567513652305286 -0.3698549227364016 0.892908770580685
    outer loop
      vertex -1.9978946441650387 29.378208176984817 12.343962327300945
      vertex -1.9978946441650387 29.55754639078057 12.41824664770691
      vertex -2.1870125742738176 29.403545175308263 12.300077358893448
    endloop
  endfacet
  facet normal -0.2567513652305251 -0.12615062648588435 0.9582091399530066
    outer loop
      vertex -1.9978946441650387 29.55754639078057 12.41824664770691
      vertex -1.9978946441650387 29.749999999999996 12.443583646030357
      vertex -2.1870125742738176 29.570661786204244 12.369299325624391
    endloop
  endfacet
  facet normal -0.2567513652305281 0.12615062648589123 0.9582091399530048
    outer loop
      vertex -1.9978946441650387 29.749999999999996 12.443583646030357
      vertex -1.9978946441650387 29.78693604616508 12.43872092330172
      vertex -2.1870125742738176 29.749999999999996 12.392909649383464
    endloop
  endfacet
  facet normal -0.2567513652305227 -0.36985492273640774 0.8929087705806839
    outer loop
      vertex -1.9978946441650387 29.55754639078057 12.41824664770691
      vertex -2.1870125742738176 29.570661786204244 12.369299325624391
      vertex -2.1870125742738176 29.403545175308263 12.300077358893448
    endloop
  endfacet
  facet normal -0.25675136523052844 -0.1261506264858807 0.958209139953006
    outer loop
      vertex -1.9978946441650387 29.749999999999996 12.443583646030357
      vertex -2.1870125742738176 29.749999999999996 12.392909649383464
      vertex -2.1870125742738176 29.570661786204244 12.369299325624391
    endloop
  endfacet
  facet normal -0.2567513652305251 0.12615062648587208 0.9582091399530082
    outer loop
      vertex -2.1870125742738176 29.749999999999996 12.392909649383464
      vertex -1.9978946441650387 29.78693604616508 12.43872092330172
      vertex -2.1870125742738176 29.784418915658634 12.388378313172755
    endloop
  endfacet
  facet normal -0.4967815233764371 -0.11328050197253237 0.8604508387494534
    outer loop
      vertex -2.1870125742738176 29.570661786204244 12.369299325624391
      vertex -2.1870125742738176 29.749999999999996 12.392909649383464
      vertex -2.3565710717565405 29.59599878452769 12.274740360570002
    endloop
  endfacet
  facet normal -0.4967815233764344 0.11328050197252473 0.8604508387494558
    outer loop
      vertex -2.1870125742738176 29.749999999999996 12.392909649383464
      vertex -2.1870125742738176 29.784418915658634 12.388378313172755
      vertex -2.3565710717565405 29.749999999999996 12.295015005218426
    endloop
  endfacet
  facet normal -0.4967815233764336 -0.11328050197253718 0.8604508387494546
    outer loop
      vertex -2.1870125742738176 29.749999999999996 12.392909649383464
      vertex -2.3565710717565405 29.749999999999996 12.295015005218426
      vertex -2.3565710717565405 29.59599878452769 12.274740360570002
    endloop
  endfacet
  facet normal -0.49678152337643544 0.1132805019725363 0.8604508387494536
    outer loop
      vertex -2.3565710717565405 29.749999999999996 12.295015005218426
      vertex -2.1870125742738176 29.784418915658634 12.388378313172755
      vertex -2.3565710717565405 29.779556192929995 12.291123858600017
    endloop
  endfacet
  facet normal -0.9653655703464423 -0.09984247829830105 -0.2410410652086928
    outer loop
      vertex -2.592909649383465 29.67571567959403 11.42276714203921
      vertex -2.592909649383465 29.606493712863088 11.451439819473306
      vertex -2.6435836460303577 29.72466300167655 11.60544103494561
    endloop
  endfacet
  facet normal -0.9653655703464425 -0.1588264466768398 -0.20698665518747028
    outer loop
      vertex -2.592909649383465 29.606493712863088 11.451439819473306
      vertex -2.592909649383465 29.54705146244517 11.497051462445176
      vertex -2.6435836460303577 29.701052677917477 11.615220751258638
    endloop
  endfacet
  facet normal -0.9653655703464425 -0.03405441002122247 -0.258668924975139
    outer loop
      vertex -2.592909649383465 29.67571567959403 11.42276714203921
      vertex -2.6435836460303577 29.745137277271358 11.602745545427261
      vertex -2.592909649383465 29.73574321833201 11.41486436664033
    endloop
  endfacet
  facet normal -0.9653655703464423 -0.03405441002121864 -0.25866892497514044
    outer loop
      vertex -2.592909649383465 29.67571567959403 11.42276714203921
      vertex -2.6435836460303577 29.72466300167655 11.60544103494561
      vertex -2.6435836460303577 29.745137277271358 11.602745545427261
    endloop
  endfacet
  facet normal -0.9653655703464424 -0.20698665518746803 -0.15882644667684281
    outer loop
      vertex -2.592909649383465 29.54705146244517 11.497051462445176
      vertex -2.592909649383465 29.5014398194733 11.556493712863091
      vertex -2.6435836460303577 29.680778033269053 11.630778033269056
    endloop
  endfacet
  facet normal -0.9653655703464428 -0.09984247829830534 -0.24104106520868934
    outer loop
      vertex -2.592909649383465 29.606493712863088 11.451439819473306
      vertex -2.6435836460303577 29.701052677917477 11.615220751258638
      vertex -2.6435836460303577 29.72466300167655 11.60544103494561
    endloop
  endfacet
  facet normal -0.965365570346442 -0.15882644667683515 -0.2069866551874765
    outer loop
      vertex -2.592909649383465 29.54705146244517 11.497051462445176
      vertex -2.6435836460303577 29.680778033269053 11.630778033269056
      vertex -2.6435836460303577 29.701052677917477 11.615220751258638
    endloop
  endfacet
  facet normal -0.9653655703464423 -0.241041065208695 -0.09984247829829579
    outer loop
      vertex -2.592909649383465 29.5014398194733 11.556493712863091
      vertex -2.592909649383465 29.472767142039206 11.625715679594034
      vertex -2.6435836460303577 29.665220751258634 11.65105267791748
    endloop
  endfacet
  facet normal -0.9653655703464421 -0.20698665518746678 -0.15882644667684595
    outer loop
      vertex -2.592909649383465 29.5014398194733 11.556493712863091
      vertex -2.6435836460303577 29.665220751258634 11.65105267791748
      vertex -2.6435836460303577 29.680778033269053 11.630778033269056
    endloop
  endfacet
  facet normal -0.9653655703464429 -0.24104106520869586 -0.09984247829829003
    outer loop
      vertex -2.592909649383465 29.472767142039206 11.625715679594034
      vertex -2.6435836460303577 29.655441034945607 11.674663001676553
      vertex -2.6435836460303577 29.665220751258634 11.65105267791748
    endloop
  endfacet
  facet normal -0.9653655703464423 -0.25866892497513994 -0.034054410021220276
    outer loop
      vertex -2.592909649383465 29.472767142039206 11.625715679594034
      vertex -2.592909649383465 29.46298742572618 11.7
      vertex -2.6435836460303577 29.655441034945607 11.674663001676553
    endloop
  endfacet
  facet normal -0.9653655703464428 -0.2586689249751393 -0.034054410021214544
    outer loop
      vertex -2.6435836460303577 29.655441034945607 11.674663001676553
      vertex -2.592909649383465 29.46298742572618 11.7
      vertex -2.6435836460303577 29.65210535583496 11.7
    endloop
  endfacet
  facet normal -1 0 0
    outer loop
      vertex -2.6435836460303577 29.72466300167655 11.60544103494561
      vertex -2.6435836460303577 29.75486272272863 11.797254454572737
      vertex -2.6435836460303577 29.745137277271358 11.602745545427261
    endloop
  endfacet
  facet normal -1 0 0
    outer loop
      vertex -2.6435836460303577 29.72466300167655 11.60544103494561
      vertex -2.6435836460303577 29.701052677917477 11.615220751258638
      vertex -2.6435836460303577 29.75486272272863 11.797254454572737
    endloop
  endfacet
  facet normal -1 0 0
    outer loop
      vertex -2.6435836460303577 29.701052677917477 11.615220751258638
      vertex -2.6435836460303577 29.680778033269053 11.630778033269056
      vertex -2.6435836460303577 29.75486272272863 11.797254454572737
    endloop
  endfacet
  facet normal -1 0 0
    outer loop
      vertex -2.6435836460303577 29.680778033269053 11.630778033269056
      vertex -2.6435836460303577 29.665220751258634 11.65105267791748
      vertex -2.6435836460303577 29.75486272272863 11.797254454572737
    endloop
  endfacet
  facet normal -0.9653655703464425 -0.2586689249751392 0.034054410021220186
    outer loop
      vertex -2.592909649383465 29.46298742572618 11.7
      vertex -2.592909649383465 29.472767142039206 11.774284320405965
      vertex -2.6435836460303577 29.65210535583496 11.7
    endloop
  endfacet
  facet normal -0.9653655703464423 -0.2586689249751414 0.03405441002121482
    outer loop
      vertex -2.6435836460303577 29.65210535583496 11.7
      vertex -2.592909649383465 29.472767142039206 11.774284320405965
      vertex -2.6435836460303577 29.655441034945607 11.725336998323446
    endloop
  endfacet
  facet normal -0.9653655703464429 -0.24104106520869586 0.09984247829829003
    outer loop
      vertex -2.6435836460303577 29.655441034945607 11.725336998323446
      vertex -2.592909649383465 29.472767142039206 11.774284320405965
      vertex -2.6435836460303577 29.665220751258634 11.748947322082518
    endloop
  endfacet
  facet normal -0.9653655703464423 -0.241041065208695 0.09984247829829579
    outer loop
      vertex -2.592909649383465 29.472767142039206 11.774284320405965
      vertex -2.592909649383465 29.5014398194733 11.843506287136908
      vertex -2.6435836460303577 29.665220751258634 11.748947322082518
    endloop
  endfacet
  facet normal -0.9653655703464422 -0.20698665518746673 0.15882644667684576
    outer loop
      vertex -2.6435836460303577 29.665220751258634 11.748947322082518
      vertex -2.592909649383465 29.5014398194733 11.843506287136908
      vertex -2.6435836460303577 29.680778033269053 11.769221966730942
    endloop
  endfacet
  facet normal -0.9653655703464424 -0.20698665518746806 0.15882644667684284
    outer loop
      vertex -2.6435836460303577 29.680778033269053 11.769221966730942
      vertex -2.592909649383465 29.5014398194733 11.843506287136908
      vertex -2.592909649383465 29.54705146244517 11.902948537554822
    endloop
  endfacet
  facet normal -0.965365570346442 -0.15882644667683501 0.20698665518747633
    outer loop
      vertex -2.6435836460303577 29.680778033269053 11.769221966730942
      vertex -2.592909649383465 29.54705146244517 11.902948537554822
      vertex -2.6435836460303577 29.701052677917477 11.78477924874136
    endloop
  endfacet
  facet normal -0.9653655703464428 -0.0998424782983055 0.24104106520868948
    outer loop
      vertex -2.6435836460303577 29.701052677917477 11.78477924874136
      vertex -2.592909649383465 29.606493712863088 11.948560180526693
      vertex -2.6435836460303577 29.72466300167655 11.794558965054389
    endloop
  endfacet
  facet normal -1 0 0
    outer loop
      vertex -2.6435836460303577 29.665220751258634 11.65105267791748
      vertex -2.6435836460303577 29.655441034945607 11.674663001676553
      vertex -2.6435836460303577 29.75486272272863 11.797254454572737
    endloop
  endfacet
  facet normal -1 0 0
    outer loop
      vertex -2.6435836460303577 29.655441034945607 11.674663001676553
      vertex -2.6435836460303577 29.65210535583496 11.7
      vertex -2.6435836460303577 29.75486272272863 11.797254454572737
    endloop
  endfacet
  facet normal -1 0 0
    outer loop
      vertex -2.6435836460303577 29.65210535583496 11.7
      vertex -2.6435836460303577 29.655441034945607 11.725336998323446
      vertex -2.6435836460303577 29.75486272272863 11.797254454572737
    endloop
  endfacet
  facet normal -1 0 0
    outer loop
      vertex -2.6435836460303577 29.655441034945607 11.725336998323446
      vertex -2.6435836460303577 29.665220751258634 11.748947322082518
      vertex -2.6435836460303577 29.75486272272863 11.797254454572737
    endloop
  endfacet
  facet normal -1 0 0
    outer loop
      vertex -2.6435836460303577 29.665220751258634 11.748947322082518
      vertex -2.6435836460303577 29.680778033269053 11.769221966730942
      vertex -2.6435836460303577 29.75486272272863 11.797254454572737
    endloop
  endfacet
  facet normal -0.9653655703464423 -0.03405441002121482 0.2586689249751414
    outer loop
      vertex -2.6435836460303577 29.72466300167655 11.794558965054389
      vertex -2.592909649383465 29.67571567959403 11.97723285796079
      vertex -2.6435836460303577 29.749999999999996 11.797894644165037
    endloop
  endfacet
  facet normal -1 0 0
    outer loop
      vertex -2.6435836460303577 29.680778033269053 11.769221966730942
      vertex -2.6435836460303577 29.701052677917477 11.78477924874136
      vertex -2.6435836460303577 29.75486272272863 11.797254454572737
    endloop
  endfacet
  facet normal -1 0 0
    outer loop
      vertex -2.6435836460303577 29.701052677917477 11.78477924874136
      vertex -2.6435836460303577 29.72466300167655 11.794558965054389
      vertex -2.6435836460303577 29.75486272272863 11.797254454572737
    endloop
  endfacet
  facet normal -1 0 0
    outer loop
      vertex -2.6435836460303577 29.72466300167655 11.794558965054389
      vertex -2.6435836460303577 29.749999999999996 11.797894644165037
      vertex -2.6435836460303577 29.75486272272863 11.797254454572737
    endloop
  endfacet
  facet normal -0.9653655703464425 -0.15882644667683976 0.20698665518747028
    outer loop
      vertex -2.6435836460303577 29.701052677917477 11.78477924874136
      vertex -2.592909649383465 29.54705146244517 11.902948537554822
      vertex -2.592909649383465 29.606493712863088 11.948560180526693
    endloop
  endfacet
  facet normal -0.9653655703464424 -0.09984247829830108 0.2410410652086928
    outer loop
      vertex -2.6435836460303577 29.72466300167655 11.794558965054389
      vertex -2.592909649383465 29.606493712863088 11.948560180526693
      vertex -2.592909649383465 29.67571567959403 11.97723285796079
    endloop
  endfacet
  facet normal -0.9653655703464425 0.034054410021223704 0.2586689249751389
    outer loop
      vertex -2.6435836460303577 29.749999999999996 11.797894644165037
      vertex -2.592909649383465 29.764256781667978 11.985135633359668
      vertex -2.6435836460303577 29.75486272272863 11.797254454572737
    endloop
  endfacet
  facet normal -0.9653655703464425 -0.034054410021220186 0.2586689249751392
    outer loop
      vertex -2.6435836460303577 29.749999999999996 11.797894644165037
      vertex -2.592909649383465 29.67571567959403 11.97723285796079
      vertex -2.592909649383465 29.749999999999996 11.987012574273816
    endloop
  endfacet
  facet normal -0.9653655703464425 0.03405441002121879 0.25866892497513927
    outer loop
      vertex -2.6435836460303577 29.749999999999996 11.797894644165037
      vertex -2.592909649383465 29.749999999999996 11.987012574273816
      vertex -2.592909649383465 29.764256781667978 11.985135633359668
    endloop
  endfacet
endsolid OpenSCAD_Model
