solid OpenSCAD_Model
  facet normal 0.6596716918342368 -0.08684741948412843 -0.7465191120939261
    outer loop
      vertex 2.399999998509884 -30.799999997019768 0.5999999999999999
      vertex 2.352296158671379 -31.16234666109085 0.5999999999999999
      vertex 1.7999999970197678 -30.200000002980232 0
    endloop
  endfacet
  facet normal 0.6596716903214332 -0.08684742107072282 -0.7465191132461564
    outer loop
      vertex 2.352296158671379 -31.16234666109085 0.5999999999999999
      vertex 1.752296157181263 -30.562346659600735 0
      vertex 1.7999999970197678 -30.200000002980232 0
    endloop
  endfacet
  facet normal 0.46066637150142187 -0.3534817412420917 -0.8141481147654724
    outer loop
      vertex 2.2124355658888817 -31.5 0.5999999999999999
      vertex 1.989949494600296 -31.789949491620064 0.5999999999999999
      vertex 1.6124355643987656 -30.899999998509884 0
    endloop
  endfacet
  facet normal 0.5615166669787476 -0.23258781966918626 -0.7941044886201138
    outer loop
      vertex 2.2124355658888817 -31.5 0.5999999999999999
      vertex 1.752296157181263 -30.562346659600735 0
      vertex 2.352296158671379 -31.16234666109085 0.5999999999999999
    endloop
  endfacet
  facet normal 0.4606663715014219 -0.35348174124209164 -0.8141481147654724
    outer loop
      vertex 1.989949494600296 -31.789949491620064 0.5999999999999999
      vertex 1.38994949311018 -31.189949490129948 0
      vertex 1.6124355643987656 -30.899999998509884 0
    endloop
  endfacet
  facet normal 0.5615166669787476 -0.23258781966918624 -0.7941044886201137
    outer loop
      vertex 2.2124355658888817 -31.5 0.5999999999999999
      vertex 1.6124355643987656 -30.899999998509884 0
      vertex 1.752296157181263 -30.562346659600735 0
    endloop
  endfacet
  facet normal 0 0 -1
    outer loop
      vertex 1.7999999970197678 -30.200000002980232 0
      vertex 1.752296157181263 -30.562346659600735 0
      vertex 1.38994949311018 -31.189949490129948 0
    endloop
  endfacet
  facet normal 0.35348174819373956 -0.46066636513425885 -0.8141481153499573
    outer loop
      vertex 1.989949494600296 -31.789949491620064 0.5999999999999999
      vertex 1.1000000014901161 -31.412435568869114 0
      vertex 1.38994949311018 -31.189949490129948 0
    endloop
  endfacet
  facet normal 0 0 -1
    outer loop
      vertex 1.752296157181263 -30.562346659600735 0
      vertex 1.6124355643987656 -30.899999998509884 0
      vertex 1.38994949311018 -31.189949490129948 0
    endloop
  endfacet
  facet normal 0.3534817428883417 -0.4606663736468566 -0.8141481128367707
    outer loop
      vertex 1.989949494600296 -31.789949491620064 0.5999999999999999
      vertex 1.7000000029802322 -32.01243556290865 0.5999999999999999
      vertex 1.1000000014901161 -31.412435568869114 0
    endloop
  endfacet
  facet normal 0.23258782095703875 -0.5615166700878985 -0.7941044860444086
    outer loop
      vertex 1.7000000029802322 -32.01243556290865 0.5999999999999999
      vertex 1.362346664071083 -32.15229615569115 0.5999999999999999
      vertex 1.1000000014901161 -31.412435568869114 0
    endloop
  endfacet
  facet normal 0 0 -1
    outer loop
      vertex 1.7999999970197678 -30.200000002980232 0
      vertex 1.38994949311018 -31.189949490129948 0
      vertex 0.3999999985098839 -31.600000001490116 0
    endloop
  endfacet
  facet normal 0 0 -1
    outer loop
      vertex 1.38994949311018 -31.189949490129948 0
      vertex 1.1000000014901161 -31.412435568869114 0
      vertex 0.3999999985098839 -31.600000001490116 0
    endloop
  endfacet
  facet normal 0.23258781023764402 -0.5615166741218138 -0.7941044863316379
    outer loop
      vertex 1.362346664071083 -32.15229615569115 0.5999999999999999
      vertex 0.762346662580967 -31.55229615420103 0
      vertex 1.1000000014901161 -31.412435568869114 0
    endloop
  endfacet
  facet normal 0.08684743199667648 -0.6596716838462634 -0.7465191176969402
    outer loop
      vertex 1.362346664071083 -32.15229615569115 0.5999999999999999
      vertex 1 -32.20000000298023 0.5999999999999999
      vertex 0.762346662580967 -31.55229615420103 0
    endloop
  endfacet
  facet normal 0 0 -1
    outer loop
      vertex 1.1000000014901161 -31.412435568869114 0
      vertex 0.762346662580967 -31.55229615420103 0
      vertex 0.3999999985098839 -31.600000001490116 0
    endloop
  endfacet
  facet normal 0.08684743199667656 -0.6596716838462634 -0.7465191176969402
    outer loop
      vertex 1 -32.20000000298023 0.5999999999999999
      vertex 0.3999999985098839 -31.600000001490116 0
      vertex 0.762346662580967 -31.55229615420103 0
    endloop
  endfacet
  facet normal 0 -0.7071067803084882 -0.7071067820646069
    outer loop
      vertex 1 -32.20000000298023 0.5999999999999999
      vertex 0.20000000298023224 -31.600000001490116 0
      vertex 0.3999999985098839 -31.600000001490116 0
    endloop
  endfacet
  facet normal 0 0 -1
    outer loop
      vertex 1.7999999970197678 -30.200000002980232 0
      vertex 0.3999999985098839 -31.600000001490116 0
      vertex -1.2000000029802322 -30.200000002980232 0
    endloop
  endfacet
  facet normal 0 0 -1
    outer loop
      vertex 0.3999999985098839 -31.600000001490116 0
      vertex 0.20000000298023224 -31.600000001490116 0
      vertex -0.16234666109085083 -31.55229615420103 0
    endloop
  endfacet
  facet normal 0 -0.7071067803084881 -0.707106782064607
    outer loop
      vertex 1 -32.20000000298023 0.5999999999999999
      vertex -0.3999999985098839 -32.20000000298023 0.5999999999999999
      vertex 0.20000000298023224 -31.600000001490116 0
    endloop
  endfacet
  facet normal 0 0 -1
    outer loop
      vertex 0.3999999985098839 -31.600000001490116 0
      vertex -0.16234666109085083 -31.55229615420103 0
      vertex -0.5 -31.412435568869114 0
    endloop
  endfacet
  facet normal -0.08684743199667648 -0.6596716838462634 -0.7465191176969402
    outer loop
      vertex 0.20000000298023224 -31.600000001490116 0
      vertex -0.3999999985098839 -32.20000000298023 0.5999999999999999
      vertex -0.16234666109085083 -31.55229615420103 0
    endloop
  endfacet
  facet normal 0 0 -1
    outer loop
      vertex 0.3999999985098839 -31.600000001490116 0
      vertex -0.5 -31.412435568869114 0
      vertex -0.7899494916200638 -31.189949490129948 0
    endloop
  endfacet
  facet normal -0.232587810237644 -0.5615166741218139 -0.7941044863316379
    outer loop
      vertex -0.16234666109085083 -31.55229615420103 0
      vertex -0.762346662580967 -32.15229615569115 0.5999999999999999
      vertex -0.5 -31.412435568869114 0
    endloop
  endfacet
  facet normal -0.08684743199667656 -0.6596716838462634 -0.7465191176969402
    outer loop
      vertex -0.16234666109085083 -31.55229615420103 0
      vertex -0.3999999985098839 -32.20000000298023 0.5999999999999999
      vertex -0.762346662580967 -32.15229615569115 0.5999999999999999
    endloop
  endfacet
  facet normal 0.7071067803084882 0 -0.707106782064607
    outer loop
      vertex 2.399999998509884 -30.799999997019768 0.5999999999999999
      vertex 1.7999999970197678 -30.200000002980232 0
      vertex 1.7999999970197678 30.200000002980232 0
    endloop
  endfacet
  facet normal 0 0 -1
    outer loop
      vertex 1.7999999970197678 -30.200000002980232 0
      vertex -1.2000000029802322 -30.200000002980232 0
      vertex -1.2000000029802322 30.200000002980232 0
    endloop
  endfacet
  facet normal 0 0 -1
    outer loop
      vertex 0.3999999985098839 -31.600000001490116 0
      vertex -0.7899494916200638 -31.189949490129948 0
      vertex -1.2000000029802322 -30.200000002980232 0
    endloop
  endfacet
  facet normal -0.3534817481937397 -0.4606663651342588 -0.8141481153499573
    outer loop
      vertex -0.5 -31.412435568869114 0
      vertex -1.38994949311018 -31.789949491620064 0.5999999999999999
      vertex -0.7899494916200638 -31.189949490129948 0
    endloop
  endfacet
  facet normal 0 0 -1
    outer loop
      vertex -0.7899494916200638 -31.189949490129948 0
      vertex -1.0124355629086494 -30.899999998509884 0
      vertex -1.2000000029802322 -30.200000002980232 0
    endloop
  endfacet
  facet normal -0.23258782095703887 -0.5615166700878985 -0.7941044860444088
    outer loop
      vertex -0.5 -31.412435568869114 0
      vertex -0.762346662580967 -32.15229615569115 0.5999999999999999
      vertex -1.1000000014901161 -32.01243556290865 0.5999999999999999
    endloop
  endfacet
  facet normal -0.3534817428883416 -0.4606663736468567 -0.8141481128367705
    outer loop
      vertex -0.5 -31.412435568869114 0
      vertex -1.1000000014901161 -32.01243556290865 0.5999999999999999
      vertex -1.38994949311018 -31.789949491620064 0.5999999999999999
    endloop
  endfacet
  facet normal -0.46066637150142187 -0.3534817412420917 -0.8141481147654724
    outer loop
      vertex -0.7899494916200638 -31.189949490129948 0
      vertex -1.6124355643987656 -31.5 0.5999999999999999
      vertex -1.0124355629086494 -30.899999998509884 0
    endloop
  endfacet
  facet normal 0 0 -1
    outer loop
      vertex -1.0124355629086494 -30.899999998509884 0
      vertex -1.1522961556911469 -30.562346659600735 0
      vertex -1.2000000029802322 -30.200000002980232 0
    endloop
  endfacet
  facet normal -0.5615166669787476 -0.23258781966918626 -0.7941044886201138
    outer loop
      vertex -1.0124355629086494 -30.899999998509884 0
      vertex -1.6124355643987656 -31.5 0.5999999999999999
      vertex -1.1522961556911469 -30.562346659600735 0
    endloop
  endfacet
  facet normal -0.46066637150142176 -0.3534817412420918 -0.8141481147654724
    outer loop
      vertex -0.7899494916200638 -31.189949490129948 0
      vertex -1.38994949311018 -31.789949491620064 0.5999999999999999
      vertex -1.6124355643987656 -31.5 0.5999999999999999
    endloop
  endfacet
  facet normal -0.6596716828645454 -0.08684743365318981 -0.7465191183717357
    outer loop
      vertex -1.1522961556911469 -30.562346659600735 0
      vertex -1.752296157181263 -31.16234666109085 0.5999999999999999
      vertex -1.2000000029802322 -30.200000002980232 0
    endloop
  endfacet
  facet normal -0.5615166669787476 -0.23258781966918624 -0.7941044886201137
    outer loop
      vertex -1.1522961556911469 -30.562346659600735 0
      vertex -1.6124355643987656 -31.5 0.5999999999999999
      vertex -1.752296157181263 -31.16234666109085 0.5999999999999999
    endloop
  endfacet
  facet normal -0.659671695868233 -0.08684742001521395 -0.7465191084674461
    outer loop
      vertex -1.2000000029802322 -30.200000002980232 0
      vertex -1.752296157181263 -31.16234666109085 0.5999999999999999
      vertex -1.7999999970197678 -30.799999997019768 0.5999999999999999
    endloop
  endfacet
  facet normal -0.7071067846987849 0 -0.7071067776743101
    outer loop
      vertex -1.2000000029802322 -30.200000002980232 0
      vertex -1.7999999970197678 -30.799999997019768 0.5999999999999999
      vertex -1.7999999970197678 30.799999997019768 0.5999999999999999
    endloop
  endfacet
  facet normal 0.7071067803084881 0 -0.707106782064607
    outer loop
      vertex 2.399999998509884 -30.799999997019768 0.5999999999999999
      vertex 1.7999999970197678 30.200000002980232 0
      vertex 2.399999998509884 30.799999997019768 0.5999999999999999
    endloop
  endfacet
  facet normal 0 0 -1
    outer loop
      vertex 1.7999999970197678 -30.200000002980232 0
      vertex -1.2000000029802322 30.200000002980232 0
      vertex 1.7999999970197678 30.200000002980232 0
    endloop
  endfacet
  facet normal 0.6596716918342368 0.08684741948412843 -0.7465191120939261
    outer loop
      vertex 2.399999998509884 30.799999997019768 0.5999999999999999
      vertex 1.7999999970197678 30.200000002980232 0
      vertex 2.352296158671379 31.16234666109085 0.5999999999999999
    endloop
  endfacet
  facet normal 0.6596716903214332 0.08684742107072282 -0.7465191132461564
    outer loop
      vertex 2.352296158671379 31.16234666109085 0.5999999999999999
      vertex 1.7999999970197678 30.200000002980232 0
      vertex 1.752296157181263 30.562346659600735 0
    endloop
  endfacet
  facet normal 0.5615166669787476 0.23258781966918626 -0.7941044886201138
    outer loop
      vertex 2.352296158671379 31.16234666109085 0.5999999999999999
      vertex 1.752296157181263 30.562346659600735 0
      vertex 2.2124355658888817 31.5 0.5999999999999999
    endloop
  endfacet
  facet normal 0.46066637150142187 0.3534817412420917 -0.8141481147654724
    outer loop
      vertex 2.2124355658888817 31.5 0.5999999999999999
      vertex 1.6124355643987656 30.899999998509884 0
      vertex 1.989949494600296 31.789949491620064 0.5999999999999999
    endloop
  endfacet
  facet normal 0.5615166669787476 0.23258781966918624 -0.7941044886201137
    outer loop
      vertex 2.2124355658888817 31.5 0.5999999999999999
      vertex 1.752296157181263 30.562346659600735 0
      vertex 1.6124355643987656 30.899999998509884 0
    endloop
  endfacet
  facet normal 0 0 -1
    outer loop
      vertex 1.7999999970197678 30.200000002980232 0
      vertex 1.6124355643987656 30.899999998509884 0
      vertex 1.752296157181263 30.562346659600735 0
    endloop
  endfacet
  facet normal 0.4606663715014219 0.35348174124209164 -0.8141481147654724
    outer loop
      vertex 1.989949494600296 31.789949491620064 0.5999999999999999
      vertex 1.6124355643987656 30.899999998509884 0
      vertex 1.38994949311018 31.189949490129948 0
    endloop
  endfacet
  facet normal 0 0 -1
    outer loop
      vertex 1.7999999970197678 30.200000002980232 0
      vertex 1.1000000014901161 31.412435568869114 0
      vertex 1.6124355643987656 30.899999998509884 0
    endloop
  endfacet
  facet normal 0 0 -1
    outer loop
      vertex 1.6124355643987656 30.899999998509884 0
      vertex 1.1000000014901161 31.412435568869114 0
      vertex 1.38994949311018 31.189949490129948 0
    endloop
  endfacet
  facet normal 0.35348174819373956 0.46066636513425885 -0.8141481153499573
    outer loop
      vertex 1.989949494600296 31.789949491620064 0.5999999999999999
      vertex 1.38994949311018 31.189949490129948 0
      vertex 1.1000000014901161 31.412435568869114 0
    endloop
  endfacet
  facet normal 0.3534817428883417 0.4606663736468566 -0.8141481128367707
    outer loop
      vertex 1.989949494600296 31.789949491620064 0.5999999999999999
      vertex 1.1000000014901161 31.412435568869114 0
      vertex 1.7000000029802322 32.01243556290865 0.5999999999999999
    endloop
  endfacet
  facet normal 0.23258782095703875 0.5615166700878985 -0.7941044860444086
    outer loop
      vertex 1.7000000029802322 32.01243556290865 0.5999999999999999
      vertex 1.1000000014901161 31.412435568869114 0
      vertex 1.362346664071083 32.15229615569115 0.5999999999999999
    endloop
  endfacet
  facet normal 0 0 -1
    outer loop
      vertex 1.7999999970197678 30.200000002980232 0
      vertex 0.3999999985098839 31.600000001490116 0
      vertex 1.1000000014901161 31.412435568869114 0
    endloop
  endfacet
  facet normal 0.23258781023764402 0.5615166741218138 -0.7941044863316379
    outer loop
      vertex 1.362346664071083 32.15229615569115 0.5999999999999999
      vertex 1.1000000014901161 31.412435568869114 0
      vertex 0.762346662580967 31.55229615420103 0
    endloop
  endfacet
  facet normal 0.08684743199667648 0.6596716838462634 -0.7465191176969402
    outer loop
      vertex 1.362346664071083 32.15229615569115 0.5999999999999999
      vertex 0.762346662580967 31.55229615420103 0
      vertex 1 32.20000000298023 0.5999999999999999
    endloop
  endfacet
  facet normal 0 0 -1
    outer loop
      vertex 1.1000000014901161 31.412435568869114 0
      vertex 0.3999999985098839 31.600000001490116 0
      vertex 0.762346662580967 31.55229615420103 0
    endloop
  endfacet
  facet normal 0.08684743199667656 0.6596716838462634 -0.7465191176969402
    outer loop
      vertex 1 32.20000000298023 0.5999999999999999
      vertex 0.762346662580967 31.55229615420103 0
      vertex 0.3999999985098839 31.600000001490116 0
    endloop
  endfacet
  facet normal 0 0 -1
    outer loop
      vertex 1.7999999970197678 30.200000002980232 0
      vertex -1.2000000029802322 30.200000002980232 0
      vertex 0.3999999985098839 31.600000001490116 0
    endloop
  endfacet
  facet normal 0 0.7071067803084882 -0.7071067820646069
    outer loop
      vertex 1 32.20000000298023 0.5999999999999999
      vertex 0.3999999985098839 31.600000001490116 0
      vertex 0.20000000298023224 31.600000001490116 0
    endloop
  endfacet
  facet normal 0 0 -1
    outer loop
      vertex 0.3999999985098839 31.600000001490116 0
      vertex -0.16234666109085083 31.55229615420103 0
      vertex 0.20000000298023224 31.600000001490116 0
    endloop
  endfacet
  facet normal 0 0.7071067803084881 -0.707106782064607
    outer loop
      vertex 1 32.20000000298023 0.5999999999999999
      vertex 0.20000000298023224 31.600000001490116 0
      vertex -0.3999999985098839 32.20000000298023 0.5999999999999999
    endloop
  endfacet
  facet normal 0 0 -1
    outer loop
      vertex 0.3999999985098839 31.600000001490116 0
      vertex -0.7899494916200638 31.189949490129948 0
      vertex -0.16234666109085083 31.55229615420103 0
    endloop
  endfacet
  facet normal -0.08684743199667648 0.6596716838462634 -0.7465191176969402
    outer loop
      vertex 0.20000000298023224 31.600000001490116 0
      vertex -0.16234666109085083 31.55229615420103 0
      vertex -0.762346662580967 32.15229615569115 0.5999999999999999
    endloop
  endfacet
  facet normal 0 0 -1
    outer loop
      vertex -0.16234666109085083 31.55229615420103 0
      vertex -0.7899494916200638 31.189949490129948 0
      vertex -0.5 31.412435568869114 0
    endloop
  endfacet
  facet normal -0.232587810237644 0.5615166741218139 -0.7941044863316379
    outer loop
      vertex -0.16234666109085083 31.55229615420103 0
      vertex -0.5 31.412435568869114 0
      vertex -0.762346662580967 32.15229615569115 0.5999999999999999
    endloop
  endfacet
  facet normal -0.0868474319966764 0.6596716838462634 -0.7465191176969405
    outer loop
      vertex 0.20000000298023224 31.600000001490116 0
      vertex -0.762346662580967 32.15229615569115 0.5999999999999999
      vertex -0.3999999985098839 32.20000000298023 0.5999999999999999
    endloop
  endfacet
  facet normal -0.7071067846987849 0 -0.7071067776743103
    outer loop
      vertex -1.2000000029802322 -30.200000002980232 0
      vertex -1.7999999970197678 30.799999997019768 0.5999999999999999
      vertex -1.2000000029802322 30.200000002980232 0
    endloop
  endfacet
  facet normal 0 0 -1
    outer loop
      vertex 0.3999999985098839 31.600000001490116 0
      vertex -1.2000000029802322 30.200000002980232 0
      vertex -0.7899494916200638 31.189949490129948 0
    endloop
  endfacet
  facet normal 0 0 -1
    outer loop
      vertex -0.7899494916200638 31.189949490129948 0
      vertex -1.2000000029802322 30.200000002980232 0
      vertex -1.0124355629086494 30.899999998509884 0
    endloop
  endfacet
  facet normal -0.3534817481937397 0.4606663651342588 -0.8141481153499573
    outer loop
      vertex -0.5 31.412435568869114 0
      vertex -0.7899494916200638 31.189949490129948 0
      vertex -1.38994949311018 31.789949491620064 0.5999999999999999
    endloop
  endfacet
  facet normal -0.23258782095703887 0.5615166700878985 -0.7941044860444088
    outer loop
      vertex -0.5 31.412435568869114 0
      vertex -1.1000000014901161 32.01243556290865 0.5999999999999999
      vertex -0.762346662580967 32.15229615569115 0.5999999999999999
    endloop
  endfacet
  facet normal -0.3534817428883416 0.4606663736468567 -0.8141481128367705
    outer loop
      vertex -0.5 31.412435568869114 0
      vertex -1.38994949311018 31.789949491620064 0.5999999999999999
      vertex -1.1000000014901161 32.01243556290865 0.5999999999999999
    endloop
  endfacet
  facet normal 0 0 -1
    outer loop
      vertex -1.0124355629086494 30.899999998509884 0
      vertex -1.2000000029802322 30.200000002980232 0
      vertex -1.1522961556911469 30.562346659600735 0
    endloop
  endfacet
  facet normal -0.5615166669787476 0.23258781966918626 -0.7941044886201138
    outer loop
      vertex -1.0124355629086494 30.899999998509884 0
      vertex -1.1522961556911469 30.562346659600735 0
      vertex -1.6124355643987656 31.5 0.5999999999999999
    endloop
  endfacet
  facet normal -0.46066637150142187 0.3534817412420917 -0.8141481147654724
    outer loop
      vertex -0.7899494916200638 31.189949490129948 0
      vertex -1.0124355629086494 30.899999998509884 0
      vertex -1.38994949311018 31.789949491620064 0.5999999999999999
    endloop
  endfacet
  facet normal -0.6596716828645454 0.08684743365318981 -0.7465191183717357
    outer loop
      vertex -1.1522961556911469 30.562346659600735 0
      vertex -1.2000000029802322 30.200000002980232 0
      vertex -1.752296157181263 31.16234666109085 0.5999999999999999
    endloop
  endfacet
  facet normal -0.5615166669787476 0.23258781966918624 -0.7941044886201137
    outer loop
      vertex -1.1522961556911469 30.562346659600735 0
      vertex -1.752296157181263 31.16234666109085 0.5999999999999999
      vertex -1.6124355643987656 31.5 0.5999999999999999
    endloop
  endfacet
  facet normal -0.4606663715014219 0.35348174124209164 -0.8141481147654724
    outer loop
      vertex -1.0124355629086494 30.899999998509884 0
      vertex -1.6124355643987656 31.5 0.5999999999999999
      vertex -1.38994949311018 31.789949491620064 0.5999999999999999
    endloop
  endfacet
  facet normal -0.659671695868233 0.08684742001521395 -0.7465191084674461
    outer loop
      vertex -1.2000000029802322 30.200000002980232 0
      vertex -1.7999999970197678 30.799999997019768 0.5999999999999999
      vertex -1.752296157181263 31.16234666109085 0.5999999999999999
    endloop
  endfacet
  facet normal 0.9125546777193719 -0.37799252506907144 -0.1560948787257314
    outer loop
      vertex 2.2124355658888817 -31.5 0.5999999999999999
      vertex 2.352296158671379 -31.16234666109085 0.5999999999999999
      vertex 3.5124355629086494 -31.5 8.2
    endloop
  endfacet
  facet normal 0.977487974369171 -0.12868872380241872 -0.16720189092758345
    outer loop
      vertex 2.399999998509884 -30.799999997019768 0.5999999999999999
      vertex 3.7000000029802322 -30.799999997019768 8.2
      vertex 2.352296158671379 -31.16234666109085 0.5999999999999999
    endloop
  endfacet
  facet normal 0.786147557205755 -0.6032322404793758 -0.13447260816112885
    outer loop
      vertex 2.2124355658888817 -31.5 0.5999999999999999
      vertex 3.5124355629086494 -31.5 8.2
      vertex 1.989949494600296 -31.789949491620064 0.5999999999999999
    endloop
  endfacet
  facet normal 0.6054875981506022 -0.7890867965316418 -0.1035702468146433
    outer loop
      vertex 1.989949494600296 -31.789949491620064 0.5999999999999999
      vertex 3.289949491620064 -31.789949491620064 8.2
      vertex 1.7000000029802322 -32.01243556290865 0.5999999999999999
    endloop
  endfacet
  facet normal 0.3818661821618431 -0.9219065131802548 -0.06531921522004555
    outer loop
      vertex 1.7000000029802322 -32.01243556290865 0.5999999999999999
      vertex 2.662346661090851 -32.15229615569115 8.2
      vertex 1.362346664071083 -32.15229615569115 0.5999999999999999
    endloop
  endfacet
  facet normal 0.13049368217070345 -0.9911978405088745 -0.022321287688554344
    outer loop
      vertex 1.362346664071083 -32.15229615569115 0.5999999999999999
      vertex 2.662346661090851 -32.15229615569115 8.2
      vertex 1 -32.20000000298023 0.5999999999999999
    endloop
  endfacet
  facet normal 0.9856838996454753 0 -0.16860382551914058
    outer loop
      vertex 2.399999998509884 -30.799999997019768 0.5999999999999999
      vertex 2.399999998509884 30.799999997019768 0.5999999999999999
      vertex 3.7000000029802322 -30.799999997019768 8.2
    endloop
  endfacet
  facet normal 0.977487971997485 -0.1286887435893111 -0.16720188956363022
    outer loop
      vertex 2.352296158671379 -31.16234666109085 0.5999999999999999
      vertex 3.7000000029802322 -30.799999997019768 8.2
      vertex 3.652296155691147 -31.16234666109085 8.2
    endloop
  endfacet
  facet normal 0.9125546777193719 -0.37799252506907116 -0.1560948787257314
    outer loop
      vertex 2.352296158671379 -31.16234666109085 0.5999999999999999
      vertex 3.652296155691147 -31.16234666109085 8.2
      vertex 3.5124355629086494 -31.5 8.2
    endloop
  endfacet
  facet normal 0.786147557205755 -0.6032322404793758 -0.13447260816112885
    outer loop
      vertex 1.989949494600296 -31.789949491620064 0.5999999999999999
      vertex 3.5124355629086494 -31.5 8.2
      vertex 3.289949491620064 -31.789949491620064 8.2
    endloop
  endfacet
  facet normal 0.605487598150602 -0.7890867965316418 -0.10357024681464329
    outer loop
      vertex 1.7000000029802322 -32.01243556290865 0.5999999999999999
      vertex 3.289949491620064 -31.789949491620064 8.2
      vertex 3 -32.01243556290865 8.2
    endloop
  endfacet
  facet normal 0.3818661821618431 -0.9219065131802548 -0.06531921522004555
    outer loop
      vertex 1.7000000029802322 -32.01243556290865 0.5999999999999999
      vertex 3 -32.01243556290865 8.2
      vertex 2.662346661090851 -32.15229615569115 8.2
    endloop
  endfacet
  facet normal 0.13049368217070348 -0.9911978405088745 -0.022321287688554348
    outer loop
      vertex 1 -32.20000000298023 0.5999999999999999
      vertex 2.662346661090851 -32.15229615569115 8.2
      vertex 2.2999999970197678 -32.20000000298023 8.2
    endloop
  endfacet
  facet normal 0 -1 0
    outer loop
      vertex 1 -32.20000000298023 0.5999999999999999
      vertex 2.2999999970197678 -32.20000000298023 8.2
      vertex 2.2999999970197678 -32.20000000298023 8.209999999999999
    endloop
  endfacet
  facet normal 0.9238795320994044 -0.3826834333594615 0
    outer loop
      vertex 3.5124355629086494 -31.5 8.209999999999999
      vertex 3.652296155691147 -31.16234666109085 8.2
      vertex 3.652296155691147 -31.16234666109085 8.209999999999999
    endloop
  endfacet
  facet normal 0.793353338682037 -0.6087614311058687 0
    outer loop
      vertex 3.5124355629086494 -31.5 8.2
      vertex 3.5124355629086494 -31.5 8.209999999999999
      vertex 3.289949491620064 -31.789949491620064 8.209999999999999
    endloop
  endfacet
  facet normal 0 -1 0
    outer loop
      vertex 1 -32.20000000298023 0.5999999999999999
      vertex 2.2999999970197678 -32.20000000298023 8.209999999999999
      vertex -3.2999999970197678 -32.20000000298023 8.209999999999999
    endloop
  endfacet
  facet normal 0 -1 0
    outer loop
      vertex 1 -32.20000000298023 0.5999999999999999
      vertex -3.2999999970197678 -32.20000000298023 8.209999999999999
      vertex -0.3999999985098839 -32.20000000298023 0.5999999999999999
    endloop
  endfacet
  facet normal -0.13036460904470512 -0.9902174328628559 -0.049744390267814007
    outer loop
      vertex -0.3999999985098839 -32.20000000298023 0.5999999999999999
      vertex -3.2999999970197678 -32.20000000298023 8.2
      vertex -0.762346662580967 -32.15229615569115 0.5999999999999999
    endloop
  endfacet
  facet normal -0.37866756537857654 -0.9141843691847665 -0.14449157092547546
    outer loop
      vertex -0.762346662580967 -32.15229615569115 0.5999999999999999
      vertex -3.662346661090851 -32.15229615569115 8.2
      vertex -1.1000000014901161 -32.01243556290865 0.5999999999999999
    endloop
  endfacet
  facet normal -0.5929735093635105 -0.7727781185955785 -0.22626620740402384
    outer loop
      vertex -1.1000000014901161 -32.01243556290865 0.5999999999999999
      vertex -4.289949491620064 -31.789949491620064 8.2
      vertex -1.38994949311018 -31.789949491620064 0.5999999999999999
    endloop
  endfacet
  facet normal -0.7593224112831928 -0.5826485819438597 -0.28974144626181325
    outer loop
      vertex -1.38994949311018 -31.789949491620064 0.5999999999999999
      vertex -4.289949491620064 -31.789949491620064 8.2
      vertex -1.6124355643987656 -31.5 0.5999999999999999
    endloop
  endfacet
  facet normal -0.8713210366985038 -0.3609129916802101 -0.33247776383253835
    outer loop
      vertex -1.6124355643987656 -31.5 0.5999999999999999
      vertex -4.652296155691147 -31.16234666109085 8.2
      vertex -1.752296157181263 -31.16234666109085 0.5999999999999999
    endloop
  endfacet
  facet normal -0.9273043634270662 -0.12208192656575265 -0.35383982361390226
    outer loop
      vertex -1.752296157181263 -31.16234666109085 0.5999999999999999
      vertex -4.700000002980232 -30.799999997019768 8.2
      vertex -1.7999999970197678 -30.799999997019768 0.5999999999999999
    endloop
  endfacet
  facet normal 0 -1 0
    outer loop
      vertex -0.3999999985098839 -32.20000000298023 0.5999999999999999
      vertex -3.2999999970197678 -32.20000000298023 8.209999999999999
      vertex -3.2999999970197678 -32.20000000298023 8.2
    endloop
  endfacet
  facet normal -0.13036460904470515 -0.9902174328628559 -0.04974439026781401
    outer loop
      vertex -0.762346662580967 -32.15229615569115 0.5999999999999999
      vertex -3.2999999970197678 -32.20000000298023 8.2
      vertex -3.662346661090851 -32.15229615569115 8.2
    endloop
  endfacet
  facet normal -0.37866756537857643 -0.9141843691847666 -0.1444915709254754
    outer loop
      vertex -1.1000000014901161 -32.01243556290865 0.5999999999999999
      vertex -3.662346661090851 -32.15229615569115 8.2
      vertex -4 -32.01243556290865 8.2
    endloop
  endfacet
  facet normal -0.9342928490841766 8.060394319528718e-17 -0.3565064826201226
    outer loop
      vertex -1.7999999970197678 -30.799999997019768 0.5999999999999999
      vertex -4.700000002980232 -30.799999997019768 8.2
      vertex -4.368571430235493 -25.381571428488225 7.331428569764507
    endloop
  endfacet
  facet normal -0.5929735093635107 -0.7727781185955783 -0.22626620740402387
    outer loop
      vertex -1.1000000014901161 -32.01243556290865 0.5999999999999999
      vertex -4 -32.01243556290865 8.2
      vertex -4.289949491620064 -31.789949491620064 8.2
    endloop
  endfacet
  facet normal -0.7593224112831928 -0.5826485819438597 -0.28974144626181325
    outer loop
      vertex -1.6124355643987656 -31.5 0.5999999999999999
      vertex -4.289949491620064 -31.789949491620064 8.2
      vertex -4.5124355629086494 -31.5 8.2
    endloop
  endfacet
  facet normal -0.8713210366985038 -0.3609129916802099 -0.33247776383253835
    outer loop
      vertex -1.6124355643987656 -31.5 0.5999999999999999
      vertex -4.5124355629086494 -31.5 8.2
      vertex -4.652296155691147 -31.16234666109085 8.2
    endloop
  endfacet
  facet normal -0.9273043615668002 -0.12208194538809754 -0.3538398219949908
    outer loop
      vertex -1.752296157181263 -31.16234666109085 0.5999999999999999
      vertex -4.652296155691147 -31.16234666109085 8.2
      vertex -4.700000002980232 -30.799999997019768 8.2
    endloop
  endfacet
  facet normal -0.3826834333594615 -0.9238795320994044 0
    outer loop
      vertex -3.662346661090851 -32.15229615569115 8.209999999999999
      vertex -4 -32.01243556290865 8.209999999999999
      vertex -4 -32.01243556290865 8.2
    endloop
  endfacet
  facet normal -0.9238795320994044 -0.3826834333594615 0
    outer loop
      vertex -4.5124355629086494 -31.5 8.209999999999999
      vertex -4.652296155691147 -31.16234666109085 8.209999999999999
      vertex -4.652296155691147 -31.16234666109085 8.2
    endloop
  endfacet
  facet normal -0.9342928490841765 0 -0.35650648262012313
    outer loop
      vertex -4.368571430235493 -25.381571428488225 7.331428569764507
      vertex -4.700000002980232 -30.799999997019768 8.2
      vertex -4.700000002980232 -25.425 8.2
    endloop
  endfacet
  facet normal -0.9342928490841768 0 -0.35650648262012247
    outer loop
      vertex -1.7999999970197678 -30.799999997019768 0.5999999999999999
      vertex -4.368571430235493 -25.381571428488225 7.331428569764507
      vertex -4.368571430235493 25.381571428488225 7.331428569764507
    endloop
  endfacet
  facet normal 0.977487974369171 0.12868872380241872 -0.16720189092758345
    outer loop
      vertex 2.399999998509884 30.799999997019768 0.5999999999999999
      vertex 2.352296158671379 31.16234666109085 0.5999999999999999
      vertex 3.7000000029802322 30.799999997019768 8.2
    endloop
  endfacet
  facet normal 0.9125546777193719 0.37799252506907144 -0.1560948787257314
    outer loop
      vertex 2.352296158671379 31.16234666109085 0.5999999999999999
      vertex 2.2124355658888817 31.5 0.5999999999999999
      vertex 3.5124355629086494 31.5 8.2
    endloop
  endfacet
  facet normal 0.786147557205755 0.6032322404793758 -0.13447260816112885
    outer loop
      vertex 2.2124355658888817 31.5 0.5999999999999999
      vertex 1.989949494600296 31.789949491620064 0.5999999999999999
      vertex 3.5124355629086494 31.5 8.2
    endloop
  endfacet
  facet normal 0.6054875981506022 0.7890867965316418 -0.1035702468146433
    outer loop
      vertex 1.989949494600296 31.789949491620064 0.5999999999999999
      vertex 1.7000000029802322 32.01243556290865 0.5999999999999999
      vertex 3.289949491620064 31.789949491620064 8.2
    endloop
  endfacet
  facet normal 0.3818661821618431 0.9219065131802548 -0.06531921522004555
    outer loop
      vertex 1.7000000029802322 32.01243556290865 0.5999999999999999
      vertex 1.362346664071083 32.15229615569115 0.5999999999999999
      vertex 2.662346661090851 32.15229615569115 8.2
    endloop
  endfacet
  facet normal 0.13049368217070345 0.9911978405088745 -0.022321287688554344
    outer loop
      vertex 1.362346664071083 32.15229615569115 0.5999999999999999
      vertex 1 32.20000000298023 0.5999999999999999
      vertex 2.662346661090851 32.15229615569115 8.2
    endloop
  endfacet
  facet normal 0.9856838996454753 0 -0.16860382551914058
    outer loop
      vertex 3.7000000029802322 -30.799999997019768 8.2
      vertex 2.399999998509884 30.799999997019768 0.5999999999999999
      vertex 3.7000000029802322 30.799999997019768 8.2
    endloop
  endfacet
  facet normal 0.977487971997485 0.1286887435893111 -0.16720188956363022
    outer loop
      vertex 2.352296158671379 31.16234666109085 0.5999999999999999
      vertex 3.652296155691147 31.16234666109085 8.2
      vertex 3.7000000029802322 30.799999997019768 8.2
    endloop
  endfacet
  facet normal 0.9125546777193719 0.37799252506907116 -0.1560948787257314
    outer loop
      vertex 2.352296158671379 31.16234666109085 0.5999999999999999
      vertex 3.5124355629086494 31.5 8.2
      vertex 3.652296155691147 31.16234666109085 8.2
    endloop
  endfacet
  facet normal 0.786147557205755 0.6032322404793758 -0.13447260816112885
    outer loop
      vertex 1.989949494600296 31.789949491620064 0.5999999999999999
      vertex 3.289949491620064 31.789949491620064 8.2
      vertex 3.5124355629086494 31.5 8.2
    endloop
  endfacet
  facet normal 0.605487598150602 0.7890867965316418 -0.10357024681464329
    outer loop
      vertex 1.7000000029802322 32.01243556290865 0.5999999999999999
      vertex 3 32.01243556290865 8.2
      vertex 3.289949491620064 31.789949491620064 8.2
    endloop
  endfacet
  facet normal 0.3818661821618431 0.9219065131802548 -0.06531921522004555
    outer loop
      vertex 1.7000000029802322 32.01243556290865 0.5999999999999999
      vertex 2.662346661090851 32.15229615569115 8.2
      vertex 3 32.01243556290865 8.2
    endloop
  endfacet
  facet normal 0.13049368217070348 0.9911978405088745 -0.022321287688554348
    outer loop
      vertex 1 32.20000000298023 0.5999999999999999
      vertex 2.2999999970197678 32.20000000298023 8.2
      vertex 2.662346661090851 32.15229615569115 8.2
    endloop
  endfacet
  facet normal 0 1 0
    outer loop
      vertex 1 32.20000000298023 0.5999999999999999
      vertex 2.2999999970197678 32.20000000298023 8.209999999999999
      vertex 2.2999999970197678 32.20000000298023 8.2
    endloop
  endfacet
  facet normal 0.6087614311058687 0.793353338682037 0
    outer loop
      vertex 3.289949491620064 31.789949491620064 8.2
      vertex 3 32.01243556290865 8.209999999999999
      vertex 3.289949491620064 31.789949491620064 8.209999999999999
    endloop
  endfacet
  facet normal 0.3826834333594615 0.9238795320994044 0
    outer loop
      vertex 3 32.01243556290865 8.2
      vertex 2.662346661090851 32.15229615569115 8.2
      vertex 3 32.01243556290865 8.209999999999999
    endloop
  endfacet
  facet normal 0.3826834333594615 0.9238795320994044 0
    outer loop
      vertex 3 32.01243556290865 8.209999999999999
      vertex 2.662346661090851 32.15229615569115 8.2
      vertex 2.662346661090851 32.15229615569115 8.209999999999999
    endloop
  endfacet
  facet normal 0.13052620290209085 0.9914448599674932 -9.493023362758425e-16
    outer loop
      vertex 2.662346661090851 32.15229615569115 8.2
      vertex 2.2999999970197678 32.20000000298023 8.2
      vertex 2.3003150810754818 32.199958521373894 8.209999999999999
    endloop
  endfacet
  facet normal 0 1 0
    outer loop
      vertex 1 32.20000000298023 0.5999999999999999
      vertex -3.2999999970197678 32.20000000298023 8.209999999999999
      vertex 2.2999999970197678 32.20000000298023 8.209999999999999
    endloop
  endfacet
  facet normal -0.9342928490841768 0 -0.3565064826201226
    outer loop
      vertex -1.7999999970197678 -30.799999997019768 0.5999999999999999
      vertex -4.368571430235493 25.381571428488225 7.331428569764507
      vertex -1.7999999970197678 30.799999997019768 0.5999999999999999
    endloop
  endfacet
  facet normal 0 1 0
    outer loop
      vertex 1 32.20000000298023 0.5999999999999999
      vertex -0.3999999985098839 32.20000000298023 0.5999999999999999
      vertex -3.2999999970197678 32.20000000298023 8.209999999999999
    endloop
  endfacet
  facet normal -0.13036460904470512 0.9902174328628559 -0.049744390267814007
    outer loop
      vertex -0.3999999985098839 32.20000000298023 0.5999999999999999
      vertex -0.762346662580967 32.15229615569115 0.5999999999999999
      vertex -3.2999999970197678 32.20000000298023 8.2
    endloop
  endfacet
  facet normal -0.37866756537857654 0.9141843691847665 -0.14449157092547546
    outer loop
      vertex -0.762346662580967 32.15229615569115 0.5999999999999999
      vertex -1.1000000014901161 32.01243556290865 0.5999999999999999
      vertex -4 32.01243556290865 8.2
    endloop
  endfacet
  facet normal -0.5929735093635105 0.7727781185955785 -0.22626620740402378
    outer loop
      vertex -1.1000000014901161 32.01243556290865 0.5999999999999999
      vertex -1.38994949311018 31.789949491620064 0.5999999999999999
      vertex -4 32.01243556290865 8.2
    endloop
  endfacet
  facet normal -0.7593224112831928 0.5826485819438597 -0.28974144626181325
    outer loop
      vertex -1.38994949311018 31.789949491620064 0.5999999999999999
      vertex -1.6124355643987656 31.5 0.5999999999999999
      vertex -4.5124355629086494 31.5 8.2
    endloop
  endfacet
  facet normal -0.9273043634270662 0.12208192656575265 -0.35383982361390226
    outer loop
      vertex -1.7999999970197678 30.799999997019768 0.5999999999999999
      vertex -4.700000002980232 30.799999997019768 8.2
      vertex -1.752296157181263 31.16234666109085 0.5999999999999999
    endloop
  endfacet
  facet normal -0.8713210366985038 0.3609129916802101 -0.33247776383253835
    outer loop
      vertex -1.752296157181263 31.16234666109085 0.5999999999999999
      vertex -4.5124355629086494 31.5 8.2
      vertex -1.6124355643987656 31.5 0.5999999999999999
    endloop
  endfacet
  facet normal 0 1 0
    outer loop
      vertex -0.3999999985098839 32.20000000298023 0.5999999999999999
      vertex -3.2999999970197678 32.20000000298023 8.2
      vertex -3.2999999970197678 32.20000000298023 8.209999999999999
    endloop
  endfacet
  facet normal -0.13036460904470515 0.9902174328628559 -0.04974439026781401
    outer loop
      vertex -0.762346662580967 32.15229615569115 0.5999999999999999
      vertex -3.662346661090851 32.15229615569115 8.2
      vertex -3.2999999970197678 32.20000000298023 8.2
    endloop
  endfacet
  facet normal -0.9342928490841765 -6.64037131960344e-16 -0.35650648262012297
    outer loop
      vertex -1.7999999970197678 30.799999997019768 0.5999999999999999
      vertex -4.368571430235493 25.381571428488225 7.331428569764507
      vertex -4.700000002980232 25.425 8.2
    endloop
  endfacet
  facet normal -0.37866756537857643 0.9141843691847666 -0.1444915709254754
    outer loop
      vertex -0.762346662580967 32.15229615569115 0.5999999999999999
      vertex -4 32.01243556290865 8.2
      vertex -3.662346661090851 32.15229615569115 8.2
    endloop
  endfacet
  facet normal -0.5929735093635107 0.7727781185955783 -0.22626620740402387
    outer loop
      vertex -1.38994949311018 31.789949491620064 0.5999999999999999
      vertex -4.289949491620064 31.789949491620064 8.2
      vertex -4 32.01243556290865 8.2
    endloop
  endfacet
  facet normal -0.7593224112831928 0.5826485819438597 -0.28974144626181325
    outer loop
      vertex -1.38994949311018 31.789949491620064 0.5999999999999999
      vertex -4.5124355629086494 31.5 8.2
      vertex -4.289949491620064 31.789949491620064 8.2
    endloop
  endfacet
  facet normal -0.8713210366985038 0.3609129916802099 -0.33247776383253835
    outer loop
      vertex -1.752296157181263 31.16234666109085 0.5999999999999999
      vertex -4.652296155691147 31.16234666109085 8.2
      vertex -4.5124355629086494 31.5 8.2
    endloop
  endfacet
  facet normal -0.9342928490841766 0 -0.3565064826201226
    outer loop
      vertex -1.7999999970197678 30.799999997019768 0.5999999999999999
      vertex -4.700000002980232 25.425 8.2
      vertex -4.700000002980232 30.799999997019768 8.2
    endloop
  endfacet
  facet normal -0.9273043615668002 0.12208194538809754 -0.3538398219949908
    outer loop
      vertex -1.752296157181263 31.16234666109085 0.5999999999999999
      vertex -4.700000002980232 30.799999997019768 8.2
      vertex -4.652296155691147 31.16234666109085 8.2
    endloop
  endfacet
  facet normal -0.6087614311058687 0.793353338682037 0
    outer loop
      vertex -4 32.01243556290865 8.2
      vertex -4.289949491620064 31.789949491620064 8.209999999999999
      vertex -4 32.01243556290865 8.209999999999999
    endloop
  endfacet
  facet normal 0.9238795320994044 -0.3826834333594615 0
    outer loop
      vertex 3.5124355629086494 -31.5 8.2
      vertex 3.652296155691147 -31.16234666109085 8.2
      vertex 3.5124355629086494 -31.5 8.209999999999999
    endloop
  endfacet
  facet normal 0.793353338682037 -0.6087614311058687 0
    outer loop
      vertex 3.5124355629086494 -31.5 8.2
      vertex 3.289949491620064 -31.789949491620064 8.209999999999999
      vertex 3.289949491620064 -31.789949491620064 8.2
    endloop
  endfacet
  facet normal 0.6087614311058687 -0.793353338682037 0
    outer loop
      vertex 3.289949491620064 -31.789949491620064 8.2
      vertex 3.289949491620064 -31.789949491620064 8.209999999999999
      vertex 3 -32.01243556290865 8.2
    endloop
  endfacet
  facet normal 0.13052620290209085 -0.9914448599674932 0
    outer loop
      vertex 2.662346661090851 -32.15229615569115 8.2
      vertex 2.2999999970197678 -32.20000000298023 8.209999999999999
      vertex 2.2999999970197678 -32.20000000298023 8.2
    endloop
  endfacet
  facet normal -0.13052620290209085 -0.9914448599674932 0
    outer loop
      vertex -3.2999999970197678 -32.20000000298023 8.209999999999999
      vertex -3.662346661090851 -32.15229615569115 8.2
      vertex -3.2999999970197678 -32.20000000298023 8.2
    endloop
  endfacet
  facet normal -0.3826834333594615 -0.9238795320994044 0
    outer loop
      vertex -3.662346661090851 -32.15229615569115 8.2
      vertex -3.662346661090851 -32.15229615569115 8.209999999999999
      vertex -4 -32.01243556290865 8.2
    endloop
  endfacet
  facet normal -0.6087614311058687 -0.793353338682037 0
    outer loop
      vertex -4 -32.01243556290865 8.2
      vertex -4 -32.01243556290865 8.209999999999999
      vertex -4.289949491620064 -31.789949491620064 8.2
    endloop
  endfacet
  facet normal -0.793353338682037 -0.6087614311058687 0
    outer loop
      vertex -4.289949491620064 -31.789949491620064 8.2
      vertex -4.5124355629086494 -31.5 8.209999999999999
      vertex -4.5124355629086494 -31.5 8.2
    endloop
  endfacet
  facet normal -0.9238795320994044 -0.3826834333594615 0
    outer loop
      vertex -4.5124355629086494 -31.5 8.2
      vertex -4.5124355629086494 -31.5 8.209999999999999
      vertex -4.652296155691147 -31.16234666109085 8.2
    endloop
  endfacet
  facet normal 0.6087614311058687 0.793353338682037 0
    outer loop
      vertex 3.289949491620064 31.789949491620064 8.2
      vertex 3 32.01243556290865 8.2
      vertex 3 32.01243556290865 8.209999999999999
    endloop
  endfacet
  facet normal 0.1305262029020909 0.9914448599674932 0
    outer loop
      vertex 2.662346661090851 32.15229615569115 8.2
      vertex 2.3003150810754818 32.199958521373894 8.209999999999999
      vertex 2.662346661090851 32.15229615569115 8.209999999999999
    endloop
  endfacet
  facet normal 0.1305262029020426 0.9914448599674996 0
    outer loop
      vertex 2.3003150810754818 32.199958521373894 8.209999999999999
      vertex 2.2999999970197678 32.20000000298023 8.2
      vertex 2.2999999970197678 32.20000000298023 8.209999999999999
    endloop
  endfacet
  facet normal -0.13052620290209085 0.9914448599674932 0
    outer loop
      vertex -3.2999999970197678 32.20000000298023 8.209999999999999
      vertex -3.2999999970197678 32.20000000298023 8.2
      vertex -3.662346661090851 32.15229615569115 8.2
    endloop
  endfacet
  facet normal -0.3826834333594615 0.9238795320994044 0
    outer loop
      vertex -3.662346661090851 32.15229615569115 8.2
      vertex -4 32.01243556290865 8.2
      vertex -4 32.01243556290865 8.209999999999999
    endloop
  endfacet
  facet normal -0.6087614311058687 0.793353338682037 0
    outer loop
      vertex -4 32.01243556290865 8.2
      vertex -4.289949491620064 31.789949491620064 8.2
      vertex -4.289949491620064 31.789949491620064 8.209999999999999
    endloop
  endfacet
  facet normal -0.793353338682037 0.6087614311058687 0
    outer loop
      vertex -4.289949491620064 31.789949491620064 8.2
      vertex -4.5124355629086494 31.5 8.2
      vertex -4.289949491620064 31.789949491620064 8.209999999999999
    endloop
  endfacet
  facet normal 0.9238795320994047 -0.38268343335946153 0
    outer loop
      vertex 3.5124355629086494 -31.5 8.209999999999999
      vertex 3.652296155691147 -31.16234666109085 8.209999999999999
      vertex 3.5124355629086494 -31.5 19.71
    endloop
  endfacet
  facet normal 0.9914448599674932 -0.13052620290209085 0
    outer loop
      vertex 3.652296155691147 -31.16234666109085 8.2
      vertex 3.7000000029802322 -30.799999997019768 19.71
      vertex 3.652296155691147 -31.16234666109085 8.209999999999999
    endloop
  endfacet
  facet normal 0.9914448599674931 -0.13052620290209085 0
    outer loop
      vertex 3.652296155691147 -31.16234666109085 8.2
      vertex 3.7000000029802322 -30.799999997019768 8.2
      vertex 3.7000000029802322 -30.799999997019768 19.71
    endloop
  endfacet
  facet normal 0.7933533386820368 -0.6087614311058687 0
    outer loop
      vertex 3.5124355629086494 -31.5 8.209999999999999
      vertex 3.289949491620064 -31.789949491620064 19.71
      vertex 3.289949491620064 -31.789949491620064 8.209999999999999
    endloop
  endfacet
  facet normal 0.6087614311058687 -0.7933533386820368 0
    outer loop
      vertex 3.289949491620064 -31.789949491620064 8.209999999999999
      vertex 3.289949491620064 -31.789949491620064 19.71
      vertex 3 -32.01243556290865 8.2
    endloop
  endfacet
  facet normal 0.38268343335946153 -0.9238795320994045 0
    outer loop
      vertex 3 -32.01243556290865 8.2
      vertex 3 -32.01243556290865 19.71
      vertex 2.662346661090851 -32.15229615569115 8.2
    endloop
  endfacet
  facet normal 0.13052620290209088 -0.9914448599674931 0
    outer loop
      vertex 2.662346661090851 -32.15229615569115 8.2
      vertex 2.2999999970197678 -32.20000000298023 19.71
      vertex 2.2999999970197678 -32.20000000298023 8.209999999999999
    endloop
  endfacet
  facet normal 0.9238795320994047 -0.38268343335946153 0
    outer loop
      vertex 3.652296155691147 -31.16234666109085 8.209999999999999
      vertex 3.652296155691147 -31.16234666109085 19.71
      vertex 3.5124355629086494 -31.5 19.71
    endloop
  endfacet
  facet normal 0.7933533386820368 -0.6087614311058687 0
    outer loop
      vertex 3.5124355629086494 -31.5 8.209999999999999
      vertex 3.5124355629086494 -31.5 19.71
      vertex 3.289949491620064 -31.789949491620064 19.71
    endloop
  endfacet
  facet normal 0.9914448599674933 -0.13052620290209088 0
    outer loop
      vertex 3.652296155691147 -31.16234666109085 8.209999999999999
      vertex 3.7000000029802322 -30.799999997019768 19.71
      vertex 3.652296155691147 -31.16234666109085 19.71
    endloop
  endfacet
  facet normal 0.6087614311058687 -0.7933533386820368 0
    outer loop
      vertex 3 -32.01243556290865 8.2
      vertex 3.289949491620064 -31.789949491620064 19.71
      vertex 3 -32.01243556290865 19.71
    endloop
  endfacet
  facet normal 0.38268343335946153 -0.9238795320994045 0
    outer loop
      vertex 2.662346661090851 -32.15229615569115 8.2
      vertex 3 -32.01243556290865 19.71
      vertex 2.662346661090851 -32.15229615569115 19.71
    endloop
  endfacet
  facet normal 0.13052620290209085 -0.9914448599674931 0
    outer loop
      vertex 2.662346661090851 -32.15229615569115 8.2
      vertex 2.662346661090851 -32.15229615569115 19.71
      vertex 2.2999999970197678 -32.20000000298023 19.71
    endloop
  endfacet
  facet normal 0 0 1
    outer loop
      vertex 3.5124355629086494 -31.5 19.71
      vertex 3.7000000029802322 -30.799999997019768 19.71
      vertex 3.289949491620064 -31.789949491620064 19.71
    endloop
  endfacet
  facet normal 0 0 1
    outer loop
      vertex 3.5124355629086494 -31.5 19.71
      vertex 3.652296155691147 -31.16234666109085 19.71
      vertex 3.7000000029802322 -30.799999997019768 19.71
    endloop
  endfacet
  facet normal 0 0 1
    outer loop
      vertex 3.7000000029802322 -30.799999997019768 19.71
      vertex 2.2999999970197678 -32.20000000298023 19.71
      vertex 3.289949491620064 -31.789949491620064 19.71
    endloop
  endfacet
  facet normal 0 0 1
    outer loop
      vertex 3.7000000029802322 -30.799999997019768 19.71
      vertex 3.3 -30.95 19.71
      vertex 2.2999999970197678 -32.20000000298023 19.71
    endloop
  endfacet
  facet normal 0 0 1
    outer loop
      vertex 3.289949491620064 -31.789949491620064 19.71
      vertex 2.2999999970197678 -32.20000000298023 19.71
      vertex 3 -32.01243556290865 19.71
    endloop
  endfacet
  facet normal 0 0 1
    outer loop
      vertex 3 -32.01243556290865 19.71
      vertex 2.2999999970197678 -32.20000000298023 19.71
      vertex 2.662346661090851 -32.15229615569115 19.71
    endloop
  endfacet
  facet normal 0 0 1
    outer loop
      vertex 3.3 -30.95 19.71
      vertex 2.5 -31 19.71
      vertex 2.2999999970197678 -32.20000000298023 19.71
    endloop
  endfacet
  facet normal 0 0 1
    outer loop
      vertex 3.3 -30.95 19.71
      vertex 2.5 -30.95 19.71
      vertex 2.5 -31 19.71
    endloop
  endfacet
  facet normal 0 0 1
    outer loop
      vertex 2.5 -31 19.71
      vertex 1.2 -31 19.71
      vertex 2.2999999970197678 -32.20000000298023 19.71
    endloop
  endfacet
  facet normal 0 -1 0
    outer loop
      vertex 2.2999999970197678 -32.20000000298023 8.209999999999999
      vertex 2.2999999970197678 -32.20000000298023 19.71
      vertex -3.2999999970197678 -32.20000000298023 19.7
    endloop
  endfacet
  facet normal 0 0 1
    outer loop
      vertex 2.2999999970197678 -32.20000000298023 19.71
      vertex 1.2 -31 19.71
      vertex -0.5999999999999999 -30.999999999999996 19.71
    endloop
  endfacet
  facet normal 1 0 0
    outer loop
      vertex 3.7000000029802322 -30.799999997019768 8.2
      vertex 3.7000000029802322 30.799999997019768 19.71
      vertex 3.7000000029802322 -30.799999997019768 19.71
    endloop
  endfacet
  facet normal 0 0 1
    outer loop
      vertex 3.7000000029802322 -30.799999997019768 19.71
      vertex 3.7000000029802322 30.799999997019768 19.71
      vertex 3.3 -30.95 19.71
    endloop
  endfacet
  facet normal 0 -1 0
    outer loop
      vertex 2.2999999970197678 -32.20000000298023 8.209999999999999
      vertex -3.2999999970197678 -32.20000000298023 19.7
      vertex -3.2999999970197678 -32.20000000298023 8.209999999999999
    endloop
  endfacet
  facet normal -0.13052620290209088 -0.9914448599674932 0
    outer loop
      vertex -3.2999999970197678 -32.20000000298023 8.209999999999999
      vertex -3.2999999970197678 -32.20000000298023 19.7
      vertex -3.662346661090851 -32.15229615569115 8.2
    endloop
  endfacet
  facet normal -0.13052620290209085 -0.9914448599674932 0
    outer loop
      vertex -3.662346661090851 -32.15229615569115 8.2
      vertex -3.2999999970197678 -32.20000000298023 19.7
      vertex -3.662346661090851 -32.15229615569115 8.209999999999999
    endloop
  endfacet
  facet normal -0.38268343335946153 -0.9238795320994047 0
    outer loop
      vertex -3.662346661090851 -32.15229615569115 8.209999999999999
      vertex -4 -32.01243556290865 19.71
      vertex -4 -32.01243556290865 8.209999999999999
    endloop
  endfacet
  facet normal -0.6087614311058687 -0.7933533386820368 0
    outer loop
      vertex -4 -32.01243556290865 8.209999999999999
      vertex -4 -32.01243556290865 19.71
      vertex -4.289949491620064 -31.789949491620064 8.2
    endloop
  endfacet
  facet normal -0.7933533386820368 -0.6087614311058687 0
    outer loop
      vertex -4.289949491620064 -31.789949491620064 8.2
      vertex -4.5124355629086494 -31.5 19.71
      vertex -4.5124355629086494 -31.5 8.209999999999999
    endloop
  endfacet
  facet normal -0.9238795320994047 -0.38268343335946153 0
    outer loop
      vertex -4.5124355629086494 -31.5 8.209999999999999
      vertex -4.652296155691147 -31.16234666109085 19.71
      vertex -4.652296155691147 -31.16234666109085 8.209999999999999
    endloop
  endfacet
  facet normal -0.9914448599674932 -0.13052620290209085 0
    outer loop
      vertex -4.652296155691147 -31.16234666109085 8.2
      vertex -4.652296155691147 -31.16234666109085 8.209999999999999
      vertex -4.700000002980232 -30.799999997019768 19.71
    endloop
  endfacet
  facet normal -0.9914448599674931 -0.13052620290209085 0
    outer loop
      vertex -4.652296155691147 -31.16234666109085 8.2
      vertex -4.700000002980232 -30.799999997019768 19.71
      vertex -4.700000002980232 -30.799999997019768 8.2
    endloop
  endfacet
  facet normal -1 0 0
    outer loop
      vertex -4.700000002980232 -30.799999997019768 8.2
      vertex -4.700000002980232 -30.799999997019768 19.71
      vertex -4.700000002980232 -25.425 8.2
    endloop
  endfacet
  facet normal 0 0 1
    outer loop
      vertex 2.2999999970197678 -32.20000000298023 19.71
      vertex -0.5999999999999999 -30.999999999999996 19.71
      vertex -4.3 -30.95 19.71
    endloop
  endfacet
  facet normal 0 -1 0
    outer loop
      vertex 2.2999999970197678 -32.20000000298023 19.71
      vertex -3.2999999970197678 -32.20000000298023 19.71
      vertex -3.2999999970197678 -32.20000000298023 19.7
    endloop
  endfacet
  facet normal 0 0 1
    outer loop
      vertex 2.2999999970197678 -32.20000000298023 19.71
      vertex -3.662346661090851 -32.15229615569115 19.71
      vertex -3.2999999970197678 -32.20000000298023 19.71
    endloop
  endfacet
  facet normal 0 0 1
    outer loop
      vertex 2.2999999970197678 -32.20000000298023 19.71
      vertex -4.3 -30.95 19.71
      vertex -3.662346661090851 -32.15229615569115 19.71
    endloop
  endfacet
  facet normal 0 0 1
    outer loop
      vertex -0.5999999999999999 -30.999999999999996 19.71
      vertex -0.6000000000000001 -30.95 19.71
      vertex -4.3 -30.95 19.71
    endloop
  endfacet
  facet normal -0.13052620290209088 -0.9914448599674933 0
    outer loop
      vertex -3.662346661090851 -32.15229615569115 8.209999999999999
      vertex -3.2999999970197678 -32.20000000298023 19.7
      vertex -3.662346661090851 -32.15229615569115 19.71
    endloop
  endfacet
  facet normal -0.38268343335946153 -0.9238795320994047 0
    outer loop
      vertex -3.662346661090851 -32.15229615569115 8.209999999999999
      vertex -3.662346661090851 -32.15229615569115 19.71
      vertex -4 -32.01243556290865 19.71
    endloop
  endfacet
  facet normal -0.6087614311058687 -0.7933533386820368 0
    outer loop
      vertex -4.289949491620064 -31.789949491620064 8.2
      vertex -4 -32.01243556290865 19.71
      vertex -4.289949491620064 -31.789949491620064 19.71
    endloop
  endfacet
  facet normal -0.7933533386820368 -0.6087614311058687 0
    outer loop
      vertex -4.289949491620064 -31.789949491620064 8.2
      vertex -4.289949491620064 -31.789949491620064 19.71
      vertex -4.5124355629086494 -31.5 19.71
    endloop
  endfacet
  facet normal -0.9238795320994047 -0.38268343335946153 0
    outer loop
      vertex -4.5124355629086494 -31.5 8.209999999999999
      vertex -4.5124355629086494 -31.5 19.71
      vertex -4.652296155691147 -31.16234666109085 19.71
    endloop
  endfacet
  facet normal -0.9914448599674933 -0.13052620290209088 0
    outer loop
      vertex -4.652296155691147 -31.16234666109085 8.209999999999999
      vertex -4.652296155691147 -31.16234666109085 19.71
      vertex -4.700000002980232 -30.799999997019768 19.71
    endloop
  endfacet
  facet normal -1 0 0
    outer loop
      vertex -4.700000002980232 -25.425 8.2
      vertex -4.700000002980232 -30.799999997019768 19.71
      vertex -4.700000002980232 -26.0005 19.71
    endloop
  endfacet
  facet normal -0.13052620290209085 -0.9914448599674932 0
    outer loop
      vertex -3.2999999970197678 -32.20000000298023 19.7
      vertex -3.2999999970197678 -32.20000000298023 19.71
      vertex -3.662346661090851 -32.15229615569115 19.71
    endloop
  endfacet
  facet normal 0 0 1
    outer loop
      vertex -3.662346661090851 -32.15229615569115 19.71
      vertex -4.5124355629086494 -31.5 19.71
      vertex -4 -32.01243556290865 19.71
    endloop
  endfacet
  facet normal 0 0 1
    outer loop
      vertex -4 -32.01243556290865 19.71
      vertex -4.5124355629086494 -31.5 19.71
      vertex -4.289949491620064 -31.789949491620064 19.71
    endloop
  endfacet
  facet normal 0 0 1
    outer loop
      vertex -3.662346661090851 -32.15229615569115 19.71
      vertex -4.3 -30.95 19.71
      vertex -4.700000002980232 -30.799999997019768 19.71
    endloop
  endfacet
  facet normal 0 0 1
    outer loop
      vertex -3.662346661090851 -32.15229615569115 19.71
      vertex -4.700000002980232 -30.799999997019768 19.71
      vertex -4.5124355629086494 -31.5 19.71
    endloop
  endfacet
  facet normal 0 0 1
    outer loop
      vertex -4.5124355629086494 -31.5 19.71
      vertex -4.700000002980232 -30.799999997019768 19.71
      vertex -4.652296155691147 -31.16234666109085 19.71
    endloop
  endfacet
  facet normal 0 0 1
    outer loop
      vertex -4.3 -30.95 19.71
      vertex -4.3 -26.0005 19.71
      vertex -4.700000002980232 -30.799999997019768 19.71
    endloop
  endfacet
  facet normal 0 0 1
    outer loop
      vertex -4.700000002980232 -30.799999997019768 19.71
      vertex -4.3 -26.0005 19.71
      vertex -4.700000002980232 -26.0005 19.71
    endloop
  endfacet
  facet normal 1 0 0
    outer loop
      vertex 3.7000000029802322 -30.799999997019768 8.2
      vertex 3.7000000029802322 30.799999997019768 8.2
      vertex 3.7000000029802322 30.799999997019768 19.71
    endloop
  endfacet
  facet normal 0.9914448599674931 0.13052620290209085 0
    outer loop
      vertex 3.7000000029802322 30.799999997019768 8.2
      vertex 3.652296155691147 31.16234666109085 8.2
      vertex 3.7000000029802322 30.799999997019768 19.71
    endloop
  endfacet
  facet normal 0.9238795320994045 0.3826834333594615 0
    outer loop
      vertex 3.652296155691147 31.16234666109085 8.2
      vertex 3.5124355629086494 31.5 8.2
      vertex 3.652296155691147 31.16234666109085 19.7
    endloop
  endfacet
  facet normal 0.793353338682037 0.6087614311058687 0
    outer loop
      vertex 3.5124355629086494 31.5 8.2
      vertex 3.289949491620064 31.789949491620064 8.2
      vertex 3.5124355629086494 31.5 19.7
    endloop
  endfacet
  facet normal 0.793353338682037 0.6087614311058687 0
    outer loop
      vertex 3.289949491620064 31.789949491620064 8.2
      vertex 3.289949491620064 31.789949491620064 8.209999999999999
      vertex 3.5124355629086494 31.5 19.7
    endloop
  endfacet
  facet normal 0.6087614311058687 0.793353338682037 0
    outer loop
      vertex 3.289949491620064 31.789949491620064 8.209999999999999
      vertex 3 32.01243556290865 8.209999999999999
      vertex 3.289949491620064 31.789949491620064 19.7
    endloop
  endfacet
  facet normal 0.3826834333594615 0.9238795320994045 0
    outer loop
      vertex 3 32.01243556290865 8.209999999999999
      vertex 2.662346661090851 32.15229615569115 8.209999999999999
      vertex 3 32.01243556290865 19.7
    endloop
  endfacet
  facet normal 0.13052620290209088 0.9914448599674931 0
    outer loop
      vertex 2.662346661090851 32.15229615569115 8.209999999999999
      vertex 2.3003150810754818 32.199958521373894 8.209999999999999
      vertex 2.662346661090851 32.15229615569115 19.7
    endloop
  endfacet
  facet normal 0.13052620290204256 0.9914448599674995 0
    outer loop
      vertex 2.3003150810754818 32.199958521373894 8.209999999999999
      vertex 2.2999999970197678 32.20000000298023 8.209999999999999
      vertex 2.2999999970197678 32.20000000298023 19.71
    endloop
  endfacet
  facet normal 0 1 0
    outer loop
      vertex 2.2999999970197678 32.20000000298023 8.209999999999999
      vertex -3.2999999970197678 32.20000000298023 8.209999999999999
      vertex 2.2999999970197678 32.20000000298023 19.71
    endloop
  endfacet
  facet normal 0 0 1
    outer loop
      vertex 3.3 -30.95 19.71
      vertex 3.7000000029802322 30.799999997019768 19.71
      vertex 3.3 30.95 19.71
    endloop
  endfacet
  facet normal 0.9914448599674931 0.13052620290209085 0
    outer loop
      vertex 3.652296155691147 31.16234666109085 8.2
      vertex 3.652296155691147 31.16234666109085 19.7
      vertex 3.7000000029802322 30.799999997019768 19.71
    endloop
  endfacet
  facet normal 0.9238795320994045 0.3826834333594615 0
    outer loop
      vertex 3.5124355629086494 31.5 8.2
      vertex 3.5124355629086494 31.5 19.7
      vertex 3.652296155691147 31.16234666109085 19.7
    endloop
  endfacet
  facet normal 0.793353338682037 0.6087614311058687 0
    outer loop
      vertex 3.289949491620064 31.789949491620064 8.209999999999999
      vertex 3.289949491620064 31.789949491620064 19.7
      vertex 3.5124355629086494 31.5 19.7
    endloop
  endfacet
  facet normal 0.6087614311058687 0.793353338682037 0
    outer loop
      vertex 3 32.01243556290865 8.209999999999999
      vertex 3 32.01243556290865 19.7
      vertex 3.289949491620064 31.789949491620064 19.7
    endloop
  endfacet
  facet normal 0.3826834333594615 0.9238795320994045 0
    outer loop
      vertex 2.662346661090851 32.15229615569115 8.209999999999999
      vertex 2.662346661090851 32.15229615569115 19.7
      vertex 3 32.01243556290865 19.7
    endloop
  endfacet
  facet normal 0.13052620290209085 0.9914448599674931 1.3458402248602523e-18
    outer loop
      vertex 2.3003150810754818 32.199958521373894 8.209999999999999
      vertex 2.2999999970197678 32.20000000298023 19.71
      vertex 2.662346661090851 32.15229615569115 19.7
    endloop
  endfacet
  facet normal 0.9914448599674932 0.13052620290209085 0
    outer loop
      vertex 3.7000000029802322 30.799999997019768 19.71
      vertex 3.652296155691147 31.16234666109085 19.7
      vertex 3.652296155691147 31.16234666109085 19.71
    endloop
  endfacet
  facet normal 0 0 1
    outer loop
      vertex 3.7000000029802322 30.799999997019768 19.71
      vertex 3.652296155691147 31.16234666109085 19.71
      vertex 3.5124355629086494 31.5 19.71
    endloop
  endfacet
  facet normal 0.9238795320994044 0.3826834333594615 0
    outer loop
      vertex 3.652296155691147 31.16234666109085 19.7
      vertex 3.5124355629086494 31.5 19.71
      vertex 3.652296155691147 31.16234666109085 19.71
    endloop
  endfacet
  facet normal 0.9238795320994044 0.3826834333594615 0
    outer loop
      vertex 3.652296155691147 31.16234666109085 19.7
      vertex 3.5124355629086494 31.5 19.7
      vertex 3.5124355629086494 31.5 19.71
    endloop
  endfacet
  facet normal 0 0 1
    outer loop
      vertex 3.7000000029802322 30.799999997019768 19.71
      vertex 3.5124355629086494 31.5 19.71
      vertex 3.289949491620064 31.789949491620064 19.71
    endloop
  endfacet
  facet normal 0.793353338682037 0.6087614311058688 0
    outer loop
      vertex 3.5124355629086494 31.5 19.7
      vertex 3.289949491620064 31.789949491620064 19.71
      vertex 3.5124355629086494 31.5 19.71
    endloop
  endfacet
  facet normal 0.793353338682037 0.6087614311058688 0
    outer loop
      vertex 3.5124355629086494 31.5 19.7
      vertex 3.289949491620064 31.789949491620064 19.7
      vertex 3.289949491620064 31.789949491620064 19.71
    endloop
  endfacet
  facet normal 0.6087614311058688 0.793353338682037 0
    outer loop
      vertex 3.289949491620064 31.789949491620064 19.7
      vertex 3 32.01243556290865 19.7
      vertex 3.289949491620064 31.789949491620064 19.71
    endloop
  endfacet
  facet normal 0 0 1
    outer loop
      vertex 3.7000000029802322 30.799999997019768 19.71
      vertex 2.2999999970197678 32.20000000298023 19.71
      vertex 3.3 30.95 19.71
    endloop
  endfacet
  facet normal 0 0 1
    outer loop
      vertex 3.7000000029802322 30.799999997019768 19.71
      vertex 3.289949491620064 31.789949491620064 19.71
      vertex 2.2999999970197678 32.20000000298023 19.71
    endloop
  endfacet
  facet normal 0.6087614311058688 0.793353338682037 0
    outer loop
      vertex 3.289949491620064 31.789949491620064 19.71
      vertex 3 32.01243556290865 19.7
      vertex 3 32.01243556290865 19.71
    endloop
  endfacet
  facet normal 0 0 1
    outer loop
      vertex 3.3 30.95 19.71
      vertex 2.5 31 19.71
      vertex 2.5 30.95 19.71
    endloop
  endfacet
  facet normal 0.3826834333594615 0.9238795320994044 0
    outer loop
      vertex 3 32.01243556290865 19.7
      vertex 2.662346661090851 32.15229615569115 19.7
      vertex 3 32.01243556290865 19.71
    endloop
  endfacet
  facet normal 0 0 1
    outer loop
      vertex 3.289949491620064 31.789949491620064 19.71
      vertex 3 32.01243556290865 19.71
      vertex 2.2999999970197678 32.20000000298023 19.71
    endloop
  endfacet
  facet normal 0 0 1
    outer loop
      vertex 3.3 30.95 19.71
      vertex 2.2999999970197678 32.20000000298023 19.71
      vertex 2.5 31 19.71
    endloop
  endfacet
  facet normal 0.3826834333594615 0.9238795320994044 0
    outer loop
      vertex 3 32.01243556290865 19.71
      vertex 2.662346661090851 32.15229615569115 19.7
      vertex 2.662346661090851 32.15229615569115 19.71
    endloop
  endfacet
  facet normal 0 0 1
    outer loop
      vertex 3 32.01243556290865 19.71
      vertex 2.662346661090851 32.15229615569115 19.71
      vertex 2.2999999970197678 32.20000000298023 19.71
    endloop
  endfacet
  facet normal 0.13052620290209085 0.9914448599674932 0
    outer loop
      vertex 2.662346661090851 32.15229615569115 19.7
      vertex 2.2999999970197678 32.20000000298023 19.71
      vertex 2.662346661090851 32.15229615569115 19.71
    endloop
  endfacet
  facet normal 0 0 1
    outer loop
      vertex 2.5 31 19.71
      vertex 2.2999999970197678 32.20000000298023 19.71
      vertex 1.2 31 19.71
    endloop
  endfacet
  facet normal 0 0 1
    outer loop
      vertex 2.2999999970197678 32.20000000298023 19.71
      vertex -0.5999999999999999 31 19.71
      vertex 1.2 31 19.71
    endloop
  endfacet
  facet normal -0.13052620290209088 0.9914448599674932 0
    outer loop
      vertex -3.2999999970197678 32.20000000298023 8.209999999999999
      vertex -3.662346661090851 32.15229615569115 8.2
      vertex -3.2999999970197678 32.20000000298023 19.7
    endloop
  endfacet
  facet normal -1 0 0
    outer loop
      vertex -4.700000002980232 25.425 8.2
      vertex -4.700000002980232 26.0005 19.71
      vertex -4.700000002980232 30.799999997019768 8.2
    endloop
  endfacet
  facet normal -0.38268343335946153 0.9238795320994047 0
    outer loop
      vertex -3.662346661090851 32.15229615569115 8.2
      vertex -4 32.01243556290865 8.209999999999999
      vertex -4 32.01243556290865 19.71
    endloop
  endfacet
  facet normal -0.6087614311058687 0.793353338682037 0
    outer loop
      vertex -4 32.01243556290865 8.209999999999999
      vertex -4.289949491620064 31.789949491620064 8.209999999999999
      vertex -4.289949491620064 31.789949491620064 19.7
    endloop
  endfacet
  facet normal -0.793353338682037 0.6087614311058687 0
    outer loop
      vertex -4.289949491620064 31.789949491620064 8.209999999999999
      vertex -4.5124355629086494 31.5 8.2
      vertex -4.289949491620064 31.789949491620064 19.7
    endloop
  endfacet
  facet normal -0.9914448599674931 0.13052620290209085 0
    outer loop
      vertex -4.700000002980232 30.799999997019768 8.2
      vertex -4.700000002980232 30.799999997019768 19.71
      vertex -4.652296155691147 31.16234666109085 8.2
    endloop
  endfacet
  facet normal -0.9238795320994045 0.38268343335946153 0
    outer loop
      vertex -4.652296155691147 31.16234666109085 8.2
      vertex -4.5124355629086494 31.5 19.71
      vertex -4.5124355629086494 31.5 8.2
    endloop
  endfacet
  facet normal 0 1 0
    outer loop
      vertex -3.2999999970197678 32.20000000298023 8.209999999999999
      vertex -3.2999999970197678 32.20000000298023 19.7
      vertex 2.2999999970197678 32.20000000298023 19.71
    endloop
  endfacet
  facet normal 0 0 1
    outer loop
      vertex 2.2999999970197678 32.20000000298023 19.71
      vertex -4.3 30.95 19.71
      vertex -0.5999999999999999 31 19.71
    endloop
  endfacet
  facet normal 0 1 0
    outer loop
      vertex 2.2999999970197678 32.20000000298023 19.71
      vertex -3.2999999970197678 32.20000000298023 19.7
      vertex -3.2999999970197678 32.20000000298023 19.71
    endloop
  endfacet
  facet normal 0 0 1
    outer loop
      vertex 2.2999999970197678 32.20000000298023 19.71
      vertex -3.2999999970197678 32.20000000298023 19.71
      vertex -3.662346661090851 32.15229615569115 19.71
    endloop
  endfacet
  facet normal 0 0 1
    outer loop
      vertex 2.2999999970197678 32.20000000298023 19.71
      vertex -3.662346661090851 32.15229615569115 19.71
      vertex -4 32.01243556290865 19.71
    endloop
  endfacet
  facet normal 0 0 1
    outer loop
      vertex -0.5999999999999999 31 19.71
      vertex -4.3 30.95 19.71
      vertex -0.6000000000000001 30.95 19.71
    endloop
  endfacet
  facet normal 0 0 1
    outer loop
      vertex 2.2999999970197678 32.20000000298023 19.71
      vertex -4 32.01243556290865 19.71
      vertex -4.3 30.95 19.71
    endloop
  endfacet
  facet normal -0.13052620290209085 0.9914448599674931 0
    outer loop
      vertex -3.662346661090851 32.15229615569115 8.2
      vertex -3.662346661090851 32.15229615569115 19.71
      vertex -3.2999999970197678 32.20000000298023 19.7
    endloop
  endfacet
  facet normal -0.38268343335946153 0.9238795320994045 0
    outer loop
      vertex -3.662346661090851 32.15229615569115 8.2
      vertex -4 32.01243556290865 19.71
      vertex -3.662346661090851 32.15229615569115 19.71
    endloop
  endfacet
  facet normal -0.6087614311058687 0.7933533386820368 0
    outer loop
      vertex -4 32.01243556290865 8.209999999999999
      vertex -4.289949491620064 31.789949491620064 19.7
      vertex -4 32.01243556290865 19.71
    endloop
  endfacet
  facet normal -1 0 0
    outer loop
      vertex -4.700000002980232 30.799999997019768 8.2
      vertex -4.700000002980232 26.0005 19.71
      vertex -4.700000002980232 30.799999997019768 19.71
    endloop
  endfacet
  facet normal -0.9914448599674931 0.13052620290209085 0
    outer loop
      vertex -4.652296155691147 31.16234666109085 8.2
      vertex -4.700000002980232 30.799999997019768 19.71
      vertex -4.652296155691147 31.16234666109085 19.71
    endloop
  endfacet
  facet normal -0.7933533386820368 0.6087614311058687 0
    outer loop
      vertex -4.5124355629086494 31.5 8.2
      vertex -4.5124355629086494 31.5 19.71
      vertex -4.289949491620064 31.789949491620064 19.7
    endloop
  endfacet
  facet normal -0.9238795320994045 0.38268343335946153 0
    outer loop
      vertex -4.652296155691147 31.16234666109085 8.2
      vertex -4.652296155691147 31.16234666109085 19.71
      vertex -4.5124355629086494 31.5 19.71
    endloop
  endfacet
  facet normal -0.13052620290209085 0.9914448599674932 0
    outer loop
      vertex -3.2999999970197678 32.20000000298023 19.7
      vertex -3.662346661090851 32.15229615569115 19.71
      vertex -3.2999999970197678 32.20000000298023 19.71
    endloop
  endfacet
  facet normal 0 0 1
    outer loop
      vertex -4.3 26.0005 19.71
      vertex -4.3 30.95 19.71
      vertex -4.700000002980232 26.0005 19.71
    endloop
  endfacet
  facet normal 0 0 1
    outer loop
      vertex -4.700000002980232 26.0005 19.71
      vertex -4.3 30.95 19.71
      vertex -4.700000002980232 30.799999997019768 19.71
    endloop
  endfacet
  facet normal -0.6087614311058688 0.793353338682037 0
    outer loop
      vertex -4 32.01243556290865 19.71
      vertex -4.289949491620064 31.789949491620064 19.7
      vertex -4.289949491620064 31.789949491620064 19.71
    endloop
  endfacet
  facet normal 0 0 1
    outer loop
      vertex -4 32.01243556290865 19.71
      vertex -4.289949491620064 31.789949491620064 19.71
      vertex -4.5124355629086494 31.5 19.71
    endloop
  endfacet
  facet normal 0 0 1
    outer loop
      vertex -4 32.01243556290865 19.71
      vertex -4.700000002980232 30.799999997019768 19.71
      vertex -4.3 30.95 19.71
    endloop
  endfacet
  facet normal -0.793353338682037 0.6087614311058688 0
    outer loop
      vertex -4.289949491620064 31.789949491620064 19.7
      vertex -4.5124355629086494 31.5 19.71
      vertex -4.289949491620064 31.789949491620064 19.71
    endloop
  endfacet
  facet normal 0 0 1
    outer loop
      vertex -4 32.01243556290865 19.71
      vertex -4.5124355629086494 31.5 19.71
      vertex -4.700000002980232 30.799999997019768 19.71
    endloop
  endfacet
  facet normal 0 0 1
    outer loop
      vertex -4.700000002980232 30.799999997019768 19.71
      vertex -4.5124355629086494 31.5 19.71
      vertex -4.652296155691147 31.16234666109085 19.71
    endloop
  endfacet
  facet normal -0.7387660247839692 0.6739619875222131 0
    outer loop
      vertex 2.4956666666666667 -29.579749999999997 8.2
      vertex 1.2 -31 5.2
      vertex 1.2 -31 5.21
    endloop
  endfacet
  facet normal -0.9175556253099241 -2.7719493376691394e-16 0.39760743763430073
    outer loop
      vertex 2.1966666666666668 -29.539999999999996 7.5
      vertex 1.2 -31 5.2
      vertex 2.5 -29.574999999999996 8.2
    endloop
  endfacet
  facet normal -0.7387660247840659 0.6739619875221071 9.34410808658269e-14
    outer loop
      vertex 2.4956666666666667 -29.579749999999997 8.2
      vertex 2.5 -29.574999999999996 8.2
      vertex 1.2 -31 5.2
    endloop
  endfacet
  facet normal 0 0.9032775043542893 -0.4290568145682884
    outer loop
      vertex 2.4956666666666667 -29.579749999999997 8.2
      vertex 1.2 -31 5.21
      vertex 1.2 -29.579749999999997 8.2
    endloop
  endfacet
  facet normal -0.9175556253099241 0 0.39760743763430056
    outer loop
      vertex 2.1966666666666668 -29.539999999999996 7.5
      vertex 1.2 31 5.2
      vertex 1.2 -31 5.2
    endloop
  endfacet
  facet normal 0.4410132275410893 0.897500603416951 0
    outer loop
      vertex -0.5999999999999999 -31 5.2
      vertex -3.5 -29.574999999999996 8.2
      vertex -0.5999999999999999 -31 5.21
    endloop
  endfacet
  facet normal 1.0180821039142152e-15 0.9032775043542894 -0.4290568145682884
    outer loop
      vertex -0.5999999999999999 -31 5.21
      vertex -3.4990793650793672 -29.575452380952374 8.20904761904762
      vertex -0.5999999999999999 -29.579749999999997 8.2
    endloop
  endfacet
  facet normal 0.7189883760491117 -5.792199180245423e-16 0.6950220968474753
    outer loop
      vertex -0.5999999999999999 -31 5.2
      vertex -2.8233333333333333 -29.539999999999996 7.5
      vertex -3.5 -29.574999999999996 8.2
    endloop
  endfacet
  facet normal 0.44101322754093786 0.8975006034170255 -1.6497802934780546e-13
    outer loop
      vertex -0.5999999999999999 -31 5.21
      vertex -3.5 -29.574999999999996 8.2
      vertex -3.4990793650793672 -29.575452380952374 8.20904761904762
    endloop
  endfacet
  facet normal 1.1068026714068741e-15 0.9032775043543035 -0.42905681456825867
    outer loop
      vertex -0.5999999999999999 -29.579749999999997 8.2
      vertex -3.4990793650793672 -29.575452380952374 8.20904761904762
      vertex -0.6000000000000001 -29.575452380952377 8.20904761904762
    endloop
  endfacet
  facet normal 0.7189883760491119 0 0.695022096847475
    outer loop
      vertex -0.5999999999999999 -31 5.2
      vertex -2.8233333333333333 29.539999999999996 7.5
      vertex -2.8233333333333333 -29.539999999999996 7.5
    endloop
  endfacet
  facet normal -0.9175556253099241 0 0.39760743763430056
    outer loop
      vertex 2.1966666666666668 -29.539999999999996 7.5
      vertex 2.1966666666666668 29.539999999999996 7.5
      vertex 1.2 31 5.2
    endloop
  endfacet
  facet normal -0.7387660247839823 -0.6739619875221988 0
    outer loop
      vertex 2.5 29.574999999999996 8.2
      vertex 1.2 31 5.21
      vertex 1.2 31 5.2
    endloop
  endfacet
  facet normal -0.9175556253099241 2.7719493376691394e-16 0.39760743763430073
    outer loop
      vertex 2.1966666666666668 29.539999999999996 7.5
      vertex 2.5 29.574999999999996 8.2
      vertex 1.2 31 5.2
    endloop
  endfacet
  facet normal -0.738766024784066 -0.673961987522107 9.375359284196678e-14
    outer loop
      vertex 2.4956666666666667 29.579749999999997 8.2
      vertex 1.2 31 5.21
      vertex 2.5 29.574999999999996 8.2
    endloop
  endfacet
  facet normal 0 -0.9032775043542893 -0.4290568145682884
    outer loop
      vertex 2.4956666666666667 29.579749999999997 8.2
      vertex 1.2 29.579749999999997 8.2
      vertex 1.2 31 5.21
    endloop
  endfacet
  facet normal 0.7189883760491119 0 0.6950220968474751
    outer loop
      vertex -0.5999999999999999 -31 5.2
      vertex -0.5999999999999999 31 5.2
      vertex -2.8233333333333333 29.539999999999996 7.5
    endloop
  endfacet
  facet normal 0.4410132275410893 -0.897500603416951 0
    outer loop
      vertex -0.5999999999999999 31 5.2
      vertex -0.5999999999999999 31 5.21
      vertex -3.5 29.574999999999996 8.2
    endloop
  endfacet
  facet normal 1.0180821039142152e-15 -0.9032775043542894 -0.4290568145682884
    outer loop
      vertex -0.5999999999999999 31 5.21
      vertex -0.5999999999999999 29.579749999999997 8.2
      vertex -3.4990793650793672 29.575452380952374 8.20904761904762
    endloop
  endfacet
  facet normal 0.7189883760491117 5.792199180245423e-16 0.6950220968474753
    outer loop
      vertex -0.5999999999999999 31 5.2
      vertex -3.5 29.574999999999996 8.2
      vertex -2.8233333333333333 29.539999999999996 7.5
    endloop
  endfacet
  facet normal 0.44101322754093786 -0.8975006034170255 -1.6497802934780546e-13
    outer loop
      vertex -0.5999999999999999 31 5.21
      vertex -3.4990793650793672 29.575452380952374 8.20904761904762
      vertex -3.5 29.574999999999996 8.2
    endloop
  endfacet
  facet normal 1.1068026714068741e-15 -0.9032775043543035 -0.42905681456825867
    outer loop
      vertex -0.5999999999999999 29.579749999999997 8.2
      vertex -0.6000000000000001 29.575452380952377 8.20904761904762
      vertex -3.4990793650793672 29.575452380952374 8.20904761904762
    endloop
  endfacet
  facet normal 0 0.9987523388778446 0.04993761694389249
    outer loop
      vertex 2.5 -29.539999999999996 7.5
      vertex 2.1966666666666668 -29.539999999999996 7.5
      vertex 2.5 -29.574999999999996 8.2
    endloop
  endfacet
  facet normal 0 0 1
    outer loop
      vertex 2.5 -29.539999999999996 7.5
      vertex 2.5 29.539999999999996 7.5
      vertex 2.1966666666666668 -29.539999999999996 7.5
    endloop
  endfacet
  facet normal 0 0.9987523388778446 0.04993761694389248
    outer loop
      vertex -2.8233333333333333 -29.539999999999996 7.5
      vertex -3.5 -29.539999999999996 7.5
      vertex -3.5 -29.574999999999996 8.2
    endloop
  endfacet
  facet normal 0 0 1
    outer loop
      vertex -2.8233333333333333 -29.539999999999996 7.5
      vertex -2.8233333333333333 29.539999999999996 7.5
      vertex -3.5 -29.539999999999996 7.5
    endloop
  endfacet
  facet normal 1 0 0
    outer loop
      vertex -3.5 -29.539999999999996 7.5
      vertex -3.5 29.539999999999996 7.5
      vertex -3.5 -25.425 8.2
    endloop
  endfacet
  facet normal 0 0 1
    outer loop
      vertex 2.1966666666666668 -29.539999999999996 7.5
      vertex 2.5 29.539999999999996 7.5
      vertex 2.1966666666666668 29.539999999999996 7.5
    endloop
  endfacet
  facet normal 0 -0.9987523388778446 0.04993761694389249
    outer loop
      vertex 2.5 29.539999999999996 7.5
      vertex 2.5 29.574999999999996 8.2
      vertex 2.1966666666666668 29.539999999999996 7.5
    endloop
  endfacet
  facet normal 0 0 1
    outer loop
      vertex -3.5 -29.539999999999996 7.5
      vertex -2.8233333333333333 29.539999999999996 7.5
      vertex -3.5 29.539999999999996 7.5
    endloop
  endfacet
  facet normal 1 0 0
    outer loop
      vertex -3.5 -25.425 8.2
      vertex -3.5 29.539999999999996 7.5
      vertex -3.5 25.425 8.2
    endloop
  endfacet
  facet normal 0 -0.9987523388778446 0.04993761694389248
    outer loop
      vertex -2.8233333333333333 29.539999999999996 7.5
      vertex -3.5 29.574999999999996 8.2
      vertex -3.5 29.539999999999996 7.5
    endloop
  endfacet
  facet normal -1 0 0
    outer loop
      vertex 2.5 -29.539999999999996 7.5
      vertex 2.5 -29.574999999999996 8.2
      vertex 2.5 30.10956850870552 18.9
    endloop
  endfacet
  facet normal -1 0 0
    outer loop
      vertex 2.5 -29.574999999999996 8.2
      vertex 2.5 -30.109999999999996 18.9
      vertex 2.5 30.10956850870552 18.9
    endloop
  endfacet
  facet normal 1.2239337559384724e-15 0.9987523388778446 0.04993761694389218
    outer loop
      vertex -0.6000000000000001 -29.575452380952377 8.20904761904762
      vertex -3.4990793650793672 -29.575452380952374 8.20904761904762
      vertex -0.6000000000000001 -30.109999999999996 18.9
    endloop
  endfacet
  facet normal 1 0 0
    outer loop
      vertex -3.5 -29.539999999999996 7.5
      vertex -3.5 -25.96 18.9
      vertex -3.5 -29.574999999999996 8.2
    endloop
  endfacet
  facet normal -3.0834429636644414e-12 0.9987523388778446 0.049937616943892246
    outer loop
      vertex -3.5 -29.574999999999996 8.2
      vertex -3.5 -30.109999999999996 18.9
      vertex -3.4990793650793672 -29.575452380952374 8.20904761904762
    endloop
  endfacet
  facet normal 1 0 0
    outer loop
      vertex -3.5 -29.539999999999996 7.5
      vertex -3.5 -25.425 8.2
      vertex -3.5 -25.96 18.9
    endloop
  endfacet
  facet normal 0 0.9987523388778448 0.04993761694389252
    outer loop
      vertex -3.4990793650793672 -29.575452380952374 8.20904761904762
      vertex -3.5 -30.109999999999996 18.9
      vertex -0.6000000000000001 -30.109999999999996 18.9
    endloop
  endfacet
  facet normal 1 0 0
    outer loop
      vertex -3.5 -29.574999999999996 8.2
      vertex -3.5 -25.96 18.9
      vertex -3.5 -30.109999999999996 18.9
    endloop
  endfacet
  facet normal -1 0 0
    outer loop
      vertex 2.5 -29.539999999999996 7.5
      vertex 2.5 30.109203340174524 18.89269109652352
      vertex 2.5 29.539999999999996 7.5
    endloop
  endfacet
  facet normal -1 0 0
    outer loop
      vertex 2.5 29.539999999999996 7.5
      vertex 2.5 30.109203340174524 18.89269109652352
      vertex 2.5 29.574999999999996 8.2
    endloop
  endfacet
  facet normal -1 0 0
    outer loop
      vertex 2.5 -29.539999999999996 7.5
      vertex 2.5 30.10956850870552 18.9
      vertex 2.5 30.109203340174524 18.89269109652352
    endloop
  endfacet
  facet normal 1.2239337559384724e-15 -0.9987523388778446 0.0499376169438925
    outer loop
      vertex -0.6000000000000001 29.575452380952377 8.20904761904762
      vertex -3.5 30.109999999999996 18.9
      vertex -3.4990793650793672 29.575452380952374 8.20904761904762
    endloop
  endfacet
  facet normal 1 0 0
    outer loop
      vertex -3.5 25.425 8.2
      vertex -3.5 29.539999999999996 7.5
      vertex -3.5 25.96 18.9
    endloop
  endfacet
  facet normal 1 0 0
    outer loop
      vertex -3.5 29.539999999999996 7.5
      vertex -3.5 29.574999999999996 8.2
      vertex -3.5 25.96 18.9
    endloop
  endfacet
  facet normal -3.0834429636644414e-12 -0.9987523388778446 0.049937616943892246
    outer loop
      vertex -3.5 29.574999999999996 8.2
      vertex -3.4990793650793672 29.575452380952374 8.20904761904762
      vertex -3.5 30.109999999999996 18.9
    endloop
  endfacet
  facet normal 0 -0.9987523388778446 0.049937616943892184
    outer loop
      vertex -0.6000000000000001 29.575452380952377 8.20904761904762
      vertex -0.6000000000000001 30.109999999999996 18.9
      vertex -3.5 30.109999999999996 18.9
    endloop
  endfacet
  facet normal 1 0 0
    outer loop
      vertex -3.5 29.574999999999996 8.2
      vertex -3.5 30.109999999999996 18.9
      vertex -3.5 25.96 18.9
    endloop
  endfacet
  facet normal -0.7071067811865471 0 0.7071067811865479
    outer loop
      vertex -4.368571430235493 -25.381571428488225 7.331428569764507
      vertex -3.5 -25.425 8.2
      vertex -4.368571430235493 25.381571428488225 7.331428569764507
    endloop
  endfacet
  facet normal -0.7071067811865471 0 0.7071067811865479
    outer loop
      vertex -3.5 -25.425 8.2
      vertex -3.5 25.425 8.2
      vertex -4.368571430235493 25.381571428488225 7.331428569764507
    endloop
  endfacet
  facet normal 0 -0.9987523388778445 0.049937616943892996
    outer loop
      vertex -4.368571430235493 25.381571428488225 7.331428569764507
      vertex -3.5 25.425 8.2
      vertex -4.700000002980232 25.425 8.2
    endloop
  endfacet
  facet normal 7.397251948042861e-16 0.9987523388778448 0.04993761694389225
    outer loop
      vertex -4.368571430235493 -25.381571428488225 7.331428569764507
      vertex -3.5 -25.96 18.9
      vertex -3.5 -25.425 8.2
    endloop
  endfacet
  facet normal -1.4982429068990352e-15 0.9987523388778445 0.04993761694389242
    outer loop
      vertex -4.368571430235493 -25.381571428488225 7.331428569764507
      vertex -4.700000002980232 -25.425 8.2
      vertex -3.5 -25.96 18.9
    endloop
  endfacet
  facet normal 0 0.9987523388778446 0.04993761694389226
    outer loop
      vertex -4.700000002980232 -25.425 8.2
      vertex -4.7 -25.761904761904763 14.938095238095237
      vertex -4 -25.761904761904763 14.938095238095237
    endloop
  endfacet
  facet normal -1.489086820429246e-15 0.9987523388778446 0.04993761694389221
    outer loop
      vertex -4.700000002980232 -25.425 8.2
      vertex -4 -25.761904761904763 14.938095238095237
      vertex -3.5 -25.96 18.9
    endloop
  endfacet
  facet normal 4.3962414975523917e-7 0.9987523388777481 0.049937616943887236
    outer loop
      vertex -4.700000002980232 -25.425 8.2
      vertex -4.700000002980232 -26.0005 19.71
      vertex -4.7 -25.761904761904763 14.938095238095237
    endloop
  endfacet
  facet normal 2.9844140890463535e-15 0.9987523388778448 0.049937616943891865
    outer loop
      vertex -3.5 -25.96 18.9
      vertex -4 -25.761904761904763 14.938095238095237
      vertex -4 -25.973684210526315 19.173684210526314
    endloop
  endfacet
  facet normal 1.0980298857409621e-7 0.9987523388778387 0.04993761694389156
    outer loop
      vertex -4.700000002980232 -26.0005 19.71
      vertex -4.7 -25.973684210526315 19.173684210526314
      vertex -4.7 -25.761904761904763 14.938095238095237
    endloop
  endfacet
  facet normal 5.712912267309674e-15 0.9987523388778444 0.049937616943896826
    outer loop
      vertex -3.5 -25.96 18.9
      vertex -4 -25.973684210526315 19.173684210526314
      vertex -4.3 -26 19.7
    endloop
  endfacet
  facet normal 0 0.9987523388778446 0.049937616943893585
    outer loop
      vertex -4.3 -26 19.7
      vertex -4 -25.973684210526315 19.173684210526314
      vertex -4.7 -25.973684210526315 19.173684210526314
    endloop
  endfacet
  facet normal 0 0.9987523388778508 0.04993761694376835
    outer loop
      vertex -4.3 -26 19.7
      vertex -4.700000002980232 -26.0005 19.71
      vertex -4.3 -26.0005 19.71
    endloop
  endfacet
  facet normal 3.080063769966578e-15 0.9987523388778446 0.04993761694389123
    outer loop
      vertex -4.3 -26 19.7
      vertex -4.7 -25.973684210526315 19.173684210526314
      vertex -4.700000002980232 -26.0005 19.71
    endloop
  endfacet
  facet normal 0 -0.9987523388778446 0.049937616943892246
    outer loop
      vertex -3.5 25.425 8.2
      vertex -4 25.761904761904763 14.938095238095237
      vertex -4.700000002980232 25.425 8.2
    endloop
  endfacet
  facet normal 0 -0.9987523388778446 0.04993761694389226
    outer loop
      vertex -4.700000002980232 25.425 8.2
      vertex -4 25.761904761904763 14.938095238095237
      vertex -4.7 25.761904761904763 14.938095238095237
    endloop
  endfacet
  facet normal -1.6580752785351927e-16 -0.9987523388778448 0.04993761694389225
    outer loop
      vertex -3.5 25.425 8.2
      vertex -3.5 25.96 18.9
      vertex -4 25.761904761904763 14.938095238095237
    endloop
  endfacet
  facet normal 4.3962414975523917e-7 -0.9987523388777481 0.049937616943887236
    outer loop
      vertex -4.700000002980232 25.425 8.2
      vertex -4.7 25.761904761904763 14.938095238095237
      vertex -4.700000002980232 26.0005 19.71
    endloop
  endfacet
  facet normal 2.9844140890463535e-15 -0.9987523388778448 0.049937616943891865
    outer loop
      vertex -3.5 25.96 18.9
      vertex -4 25.973684210526315 19.173684210526314
      vertex -4 25.761904761904763 14.938095238095237
    endloop
  endfacet
  facet normal 1.0980298857409621e-7 -0.9987523388778387 0.04993761694389156
    outer loop
      vertex -4.700000002980232 26.0005 19.71
      vertex -4.7 25.761904761904763 14.938095238095237
      vertex -4.7 25.973684210526315 19.173684210526314
    endloop
  endfacet
  facet normal 5.712912267309674e-15 -0.9987523388778444 0.049937616943896826
    outer loop
      vertex -3.5 25.96 18.9
      vertex -4.3 26 19.7
      vertex -4 25.973684210526315 19.173684210526314
    endloop
  endfacet
  facet normal 3.1839563589367473e-15 -0.9987523388778445 0.04993761694389539
    outer loop
      vertex -4.3 26 19.7
      vertex -4.700000002980232 26.0005 19.71
      vertex -4 25.973684210526315 19.173684210526314
    endloop
  endfacet
  facet normal 0 -0.9987523388778508 0.04993761694376835
    outer loop
      vertex -4.3 26 19.7
      vertex -4.3 26.0005 19.71
      vertex -4.700000002980232 26.0005 19.71
    endloop
  endfacet
  facet normal 0 -0.9987523388778448 0.04993761694389125
    outer loop
      vertex -4.700000002980232 26.0005 19.71
      vertex -4.7 25.973684210526315 19.173684210526314
      vertex -4 25.973684210526315 19.173684210526314
    endloop
  endfacet
  facet normal 0 1 0
    outer loop
      vertex 3.3 -30.95 19.7
      vertex 2.5 -30.95 19.71
      vertex 3.3 -30.95 19.71
    endloop
  endfacet
  facet normal -0.7071067811865488 0 0.7071067811865464
    outer loop
      vertex 3.3 -30.95 19.7
      vertex 2.5 -30.109999999999996 18.9
      vertex 2.5 -30.15 18.9
    endloop
  endfacet
  facet normal 0 0.7071067811865475 0.7071067811865475
    outer loop
      vertex 3.3 -30.95 19.7
      vertex 2.5 -30.15 18.9
      vertex 2.5 -30.95 19.7
    endloop
  endfacet
  facet normal 0 1 0
    outer loop
      vertex 3.3 -30.95 19.7
      vertex 2.5 -30.95 19.7
      vertex 2.5 -30.95 19.71
    endloop
  endfacet
  facet normal -1 0 0
    outer loop
      vertex 3.3 -30.95 19.7
      vertex 3.3 -30.95 19.71
      vertex 3.3 30.95 19.7
    endloop
  endfacet
  facet normal -0.7071067811865479 0 0.7071067811865471
    outer loop
      vertex 3.3 -30.95 19.7
      vertex 2.5 30.10956850870552 18.9
      vertex 2.5 -30.109999999999996 18.9
    endloop
  endfacet
  facet normal 0 0 1
    outer loop
      vertex -0.6000000000000001 -30.15 18.9
      vertex -0.6000000000000001 -30.109999999999996 18.9
      vertex -3.5 -30.15 18.9
    endloop
  endfacet
  facet normal 0 0.7071067811865475 0.7071067811865475
    outer loop
      vertex -0.6000000000000001 -30.15 18.9
      vertex -3.5 -30.15 18.9
      vertex -0.6000000000000001 -30.95 19.7
    endloop
  endfacet
  facet normal 0 1 0
    outer loop
      vertex -0.6000000000000001 -30.95 19.7
      vertex -4.3 -30.95 19.71
      vertex -0.6000000000000001 -30.95 19.71
    endloop
  endfacet
  facet normal 0 0 1
    outer loop
      vertex -0.6000000000000001 -30.109999999999996 18.9
      vertex -3.5 -30.109999999999996 18.9
      vertex -3.5 -30.15 18.9
    endloop
  endfacet
  facet normal 0 0.7071067811865475 0.7071067811865475
    outer loop
      vertex -0.6000000000000001 -30.95 19.7
      vertex -3.5 -30.15 18.9
      vertex -4.3 -30.95 19.7
    endloop
  endfacet
  facet normal 0 1 0
    outer loop
      vertex -0.6000000000000001 -30.95 19.7
      vertex -4.3 -30.95 19.7
      vertex -4.3 -30.95 19.71
    endloop
  endfacet
  facet normal 0.7071067811865478 0 0.707106781186547
    outer loop
      vertex -3.5 -30.15 18.9
      vertex -3.5 -30.109999999999996 18.9
      vertex -4.3 -30.95 19.7
    endloop
  endfacet
  facet normal 0.707106781186548 0 0.7071067811865472
    outer loop
      vertex -3.5 -30.109999999999996 18.9
      vertex -3.5 -25.96 18.9
      vertex -4.3 -30.95 19.7
    endloop
  endfacet
  facet normal 1 0 0
    outer loop
      vertex -4.3 -30.95 19.7
      vertex -4.3 -26.0005 19.71
      vertex -4.3 -30.95 19.71
    endloop
  endfacet
  facet normal 0.7071067811865476 0 0.7071067811865476
    outer loop
      vertex -3.5 -25.96 18.9
      vertex -4 -26.2 19.4
      vertex -4 -26.5 19.4
    endloop
  endfacet
  facet normal 0.7071067811865475 1.5221448945068106e-16 0.7071067811865476
    outer loop
      vertex -3.5 -25.96 18.9
      vertex -4 -26.5 19.4
      vertex -4.3 -30.95 19.7
    endloop
  endfacet
  facet normal 0.707106781186548 -1.8256889054462583e-15 0.7071067811865471
    outer loop
      vertex -3.5 -25.96 18.9
      vertex -4.3 -26 19.7
      vertex -4 -26.2 19.4
    endloop
  endfacet
  facet normal 0.7071067811865485 0 0.7071067811865465
    outer loop
      vertex -4.3 -30.95 19.7
      vertex -4 -26.5 19.4
      vertex -4.3 -26.5 19.7
    endloop
  endfacet
  facet normal 1 0 0
    outer loop
      vertex -4.3 -30.95 19.7
      vertex -4.3 -26.5 19.7
      vertex -4.3 -26.0005 19.71
    endloop
  endfacet
  facet normal 0.7071067811865486 0 0.7071067811865465
    outer loop
      vertex -4.3 -26 19.7
      vertex -4.3 -26.5 19.7
      vertex -4 -26.2 19.4
    endloop
  endfacet
  facet normal 1 0 0
    outer loop
      vertex -4.3 -26 19.7
      vertex -4.3 -26.0005 19.71
      vertex -4.3 -26.5 19.7
    endloop
  endfacet
  facet normal -1 0 0
    outer loop
      vertex 3.3 -30.95 19.71
      vertex 3.3 30.95 19.71
      vertex 3.3 30.95 19.7
    endloop
  endfacet
  facet normal -0.707106781186548 0 0.7071067811865471
    outer loop
      vertex 3.3 -30.95 19.7
      vertex 3.3 30.95 19.7
      vertex 2.5 30.15 18.9
    endloop
  endfacet
  facet normal -0.7071067811865476 0 0.7071067811865476
    outer loop
      vertex 3.3 -30.95 19.7
      vertex 2.5 30.15 18.9
      vertex 2.5 30.10956850870552 18.9
    endloop
  endfacet
  facet normal 0 -1 0
    outer loop
      vertex 3.3 30.95 19.7
      vertex 3.3 30.95 19.71
      vertex 2.5 30.95 19.7
    endloop
  endfacet
  facet normal 0 -0.7071067811865475 0.7071067811865475
    outer loop
      vertex 3.3 30.95 19.7
      vertex 2.5 30.95 19.7
      vertex 2.5 30.15 18.9
    endloop
  endfacet
  facet normal 0 -1 0
    outer loop
      vertex 3.3 30.95 19.71
      vertex 2.5 30.95 19.71
      vertex 2.5 30.95 19.7
    endloop
  endfacet
  facet normal 0 0 1
    outer loop
      vertex -0.6000000000000001 30.109999999999996 18.9
      vertex -0.6000000000000001 30.15 18.9
      vertex -3.5 30.109999999999996 18.9
    endloop
  endfacet
  facet normal 0 -0.7071067811865475 0.7071067811865475
    outer loop
      vertex -0.6000000000000001 30.15 18.9
      vertex -0.6000000000000001 30.95 19.7
      vertex -3.5 30.15 18.9
    endloop
  endfacet
  facet normal 0 -1 0
    outer loop
      vertex -0.6000000000000001 30.95 19.7
      vertex -0.6000000000000001 30.95 19.71
      vertex -4.3 30.95 19.71
    endloop
  endfacet
  facet normal 0 0 1
    outer loop
      vertex -0.6000000000000001 30.15 18.9
      vertex -3.5 30.15 18.9
      vertex -3.5 30.109999999999996 18.9
    endloop
  endfacet
  facet normal 0 -0.7071067811865475 0.7071067811865475
    outer loop
      vertex -0.6000000000000001 30.95 19.7
      vertex -4.3 30.95 19.7
      vertex -3.5 30.15 18.9
    endloop
  endfacet
  facet normal 0 -1 0
    outer loop
      vertex -0.6000000000000001 30.95 19.7
      vertex -4.3 30.95 19.71
      vertex -4.3 30.95 19.7
    endloop
  endfacet
  facet normal 0.7071067811865476 0 0.7071067811865476
    outer loop
      vertex -3.5 25.96 18.9
      vertex -3.5 30.109999999999996 18.9
      vertex -4 26.2 19.4
    endloop
  endfacet
  facet normal 0.707106781186548 1.8256889054462583e-15 0.7071067811865471
    outer loop
      vertex -3.5 25.96 18.9
      vertex -4 26.2 19.4
      vertex -4.3 26 19.7
    endloop
  endfacet
  facet normal 0.7071067811865476 0 0.7071067811865476
    outer loop
      vertex -3.5 30.109999999999996 18.9
      vertex -4 26.5 19.4
      vertex -4 26.2 19.4
    endloop
  endfacet
  facet normal 0.7071067811865485 -2.867748782984063e-16 0.7071067811865465
    outer loop
      vertex -3.5 30.15 18.9
      vertex -4.3 26.5 19.7
      vertex -4 26.5 19.4
    endloop
  endfacet
  facet normal 0.7071067811865486 0 0.7071067811865465
    outer loop
      vertex -4.3 26 19.7
      vertex -4 26.2 19.4
      vertex -4.3 26.5 19.7
    endloop
  endfacet
  facet normal 1 0 0
    outer loop
      vertex -4.3 26 19.7
      vertex -4.3 30.95 19.71
      vertex -4.3 26.0005 19.71
    endloop
  endfacet
  facet normal 1 0 0
    outer loop
      vertex -4.3 26 19.7
      vertex -4.3 26.5 19.7
      vertex -4.3 30.95 19.71
    endloop
  endfacet
  facet normal 0.7071067811865476 0 0.7071067811865476
    outer loop
      vertex -3.5 30.109999999999996 18.9
      vertex -3.5 30.15 18.9
      vertex -4 26.5 19.4
    endloop
  endfacet
  facet normal 0.7071067811865479 0 0.7071067811865472
    outer loop
      vertex -3.5 30.15 18.9
      vertex -4.3 30.95 19.7
      vertex -4.3 26.5 19.7
    endloop
  endfacet
  facet normal 1 0 0
    outer loop
      vertex -4.3 30.95 19.7
      vertex -4.3 30.95 19.71
      vertex -4.3 26.5 19.7
    endloop
  endfacet
  facet normal 0 1 0
    outer loop
      vertex 1.2 -31 1.2
      vertex -0.5999999999999999 -31 1.2
      vertex -0.5999999999999999 -31 5.2
    endloop
  endfacet
  facet normal 0 1 0
    outer loop
      vertex 1.2 -31 1.2
      vertex -0.5999999999999999 -31 5.2
      vertex -0.5999999999999999 -31 5.21
    endloop
  endfacet
  facet normal 0 1 0
    outer loop
      vertex 1.2 -31 1.2
      vertex -0.5999999999999999 -31 5.21
      vertex -0.6000000000000001 -31 8.2
    endloop
  endfacet
  facet normal 0 0 1
    outer loop
      vertex 1.2 -31 1.2
      vertex -0.5999999999999999 31 1.2
      vertex -0.5999999999999999 -31 1.2
    endloop
  endfacet
  facet normal -1 0 0
    outer loop
      vertex 1.2 -31 1.2
      vertex 1.2 -31 5.2
      vertex 1.2 31 5.2
    endloop
  endfacet
  facet normal -1 0 0
    outer loop
      vertex 1.2 -31 5.21
      vertex 1.2 -31 8.2
      vertex 1.2 -29.579749999999997 8.2
    endloop
  endfacet
  facet normal 1.973729821555834e-15 1 0
    outer loop
      vertex 1.2 -31 1.2
      vertex -0.5999999999999999 -30.999999999999996 19.71
      vertex 1.2 -31 5.2
    endloop
  endfacet
  facet normal -1.2003569722754849e-15 1 -3.0866322144226757e-16
    outer loop
      vertex 1.2 -31 1.2
      vertex -0.6000000000000001 -31 8.2
      vertex -0.5999999999999999 -30.999999999999996 19.71
    endloop
  endfacet
  facet normal 1 0 0
    outer loop
      vertex -0.5999999999999999 -31 1.2
      vertex -0.5999999999999999 31 1.2
      vertex -0.5999999999999999 -31 5.2
    endloop
  endfacet
  facet normal 1 -1.5634191510299653e-16 7.426240967392353e-17
    outer loop
      vertex -0.5999999999999999 -31 5.21
      vertex -0.5999999999999999 -29.579749999999997 8.2
      vertex -0.6000000000000001 -31 8.2
    endloop
  endfacet
  facet normal 0 0 1
    outer loop
      vertex 1.2 -31 1.2
      vertex 1.2 31 1.2
      vertex -0.5999999999999999 31 1.2
    endloop
  endfacet
  facet normal -1 0 0
    outer loop
      vertex 1.2 -31 1.2
      vertex 1.2 31 5.2
      vertex 1.2 31 1.2
    endloop
  endfacet
  facet normal 0 -1 0
    outer loop
      vertex 1.2 31 1.2
      vertex 1.2 31 5.2
      vertex -0.5999999999999999 31 1.2
    endloop
  endfacet
  facet normal 0 -1 0
    outer loop
      vertex 1.2 31 5.2
      vertex 1.2 31 5.21
      vertex -0.5999999999999999 31 1.2
    endloop
  endfacet
  facet normal 0 -1 0
    outer loop
      vertex 1.2 31 5.21
      vertex 1.2 31 8.2
      vertex -0.5999999999999999 31 1.2
    endloop
  endfacet
  facet normal -1 0 0
    outer loop
      vertex 1.2 31 5.21
      vertex 1.2 29.579749999999997 8.2
      vertex 1.2 31 8.2
    endloop
  endfacet
  facet normal 0 -1 0
    outer loop
      vertex 1.2 31 8.2
      vertex 1.2 31 19.71
      vertex -0.5999999999999999 31 1.2
    endloop
  endfacet
  facet normal 0 -1 0
    outer loop
      vertex -0.5999999999999999 31 1.2
      vertex 1.2 31 19.71
      vertex -0.5999999999999999 31 5.2
    endloop
  endfacet
  facet normal 1 0 0
    outer loop
      vertex -0.5999999999999999 -31 5.2
      vertex -0.5999999999999999 31 1.2
      vertex -0.5999999999999999 31 5.2
    endloop
  endfacet
  facet normal 1 0 0
    outer loop
      vertex -0.5999999999999999 31 5.21
      vertex -0.5999999999999999 31 8.2
      vertex -0.5999999999999999 29.579749999999997 8.2
    endloop
  endfacet
  facet normal 1.9737298215558343e-15 1 0
    outer loop
      vertex 1.2 -31 5.2
      vertex -0.5999999999999999 -30.999999999999996 19.71
      vertex 1.2 -31 5.21
    endloop
  endfacet
  facet normal 1.9737298215558343e-15 1 0
    outer loop
      vertex 1.2 -31 5.21
      vertex -0.5999999999999999 -30.999999999999996 19.71
      vertex 1.2 -31 8.2
    endloop
  endfacet
  facet normal 1.973729821555834e-15 1 0
    outer loop
      vertex 1.2 -31 8.2
      vertex -0.5999999999999999 -30.999999999999996 19.71
      vertex 1.2 -31 19.71
    endloop
  endfacet
  facet normal 0 -1 0
    outer loop
      vertex -0.5999999999999999 31 5.2
      vertex 1.2 31 19.71
      vertex -0.5999999999999999 31 5.21
    endloop
  endfacet
  facet normal 0 -1 0
    outer loop
      vertex -0.5999999999999999 31 5.21
      vertex 1.2 31 19.71
      vertex -0.5999999999999999 31 8.2
    endloop
  endfacet
  facet normal 0 -1 0
    outer loop
      vertex -0.5999999999999999 31 8.2
      vertex 1.2 31 19.71
      vertex -0.5999999999999999 31 19.71
    endloop
  endfacet
  facet normal 0 0 1
    outer loop
      vertex 2.5 -31 8.2
      vertex 2.5 -29.574999999999996 8.2
      vertex 2.4956666666666667 -29.579749999999997 8.2
    endloop
  endfacet
  facet normal 0 0 1
    outer loop
      vertex 2.5 -31 8.2
      vertex 1.2 -29.579749999999997 8.2
      vertex 1.2 -31 8.2
    endloop
  endfacet
  facet normal 0 0 1
    outer loop
      vertex 2.5 -31 8.2
      vertex 2.4956666666666667 -29.579749999999997 8.2
      vertex 1.2 -29.579749999999997 8.2
    endloop
  endfacet
  facet normal 1 -1.5634191510299656e-16 2.461603453296164e-14
    outer loop
      vertex -0.6000000000000001 -31 8.2
      vertex -0.5999999999999999 -29.579749999999997 8.2
      vertex -0.6000000000000001 -29.575452380952377 8.20904761904762
    endloop
  endfacet
  facet normal 0 0 1
    outer loop
      vertex 2.4956666666666667 29.579749999999997 8.2
      vertex 2.5 29.574999999999996 8.2
      vertex 2.5 31 8.2
    endloop
  endfacet
  facet normal 0 0 1
    outer loop
      vertex 2.4956666666666667 29.579749999999997 8.2
      vertex 1.2 31 8.2
      vertex 1.2 29.579749999999997 8.2
    endloop
  endfacet
  facet normal 0 0 1
    outer loop
      vertex 2.4956666666666667 29.579749999999997 8.2
      vertex 2.5 31 8.2
      vertex 1.2 31 8.2
    endloop
  endfacet
  facet normal -1 0 0
    outer loop
      vertex 2.5 -31 8.2
      vertex 2.5 -30.109999999999996 18.9
      vertex 2.5 -29.574999999999996 8.2
    endloop
  endfacet
  facet normal 0 1 0
    outer loop
      vertex 2.5 -31 8.2
      vertex 1.2 -31 8.2
      vertex 1.2 -31 19.71
    endloop
  endfacet
  facet normal -1 0 0
    outer loop
      vertex 2.5 -31 8.2
      vertex 2.5 -30.15 18.9
      vertex 2.5 -30.109999999999996 18.9
    endloop
  endfacet
  facet normal -1 0 0
    outer loop
      vertex 2.5 -31 8.2
      vertex 2.5 -30.95 19.7
      vertex 2.5 -30.15 18.9
    endloop
  endfacet
  facet normal -1 0 0
    outer loop
      vertex 2.5 -31 8.2
      vertex 2.5 -31 19.71
      vertex 2.5 -30.95 19.7
    endloop
  endfacet
  facet normal 0 1 0
    outer loop
      vertex 2.5 -31 8.2
      vertex 1.2 -31 19.71
      vertex 2.5 -31 19.71
    endloop
  endfacet
  facet normal -1 0 0
    outer loop
      vertex 2.5 -30.95 19.7
      vertex 2.5 -31 19.71
      vertex 2.5 -30.95 19.71
    endloop
  endfacet
  facet normal 1 0 0
    outer loop
      vertex -0.6000000000000001 -31 8.2
      vertex -0.6000000000000001 -29.575452380952377 8.20904761904762
      vertex -0.6000000000000001 -30.15 18.9
    endloop
  endfacet
  facet normal 1 0 0
    outer loop
      vertex -0.6000000000000001 -29.575452380952377 8.20904761904762
      vertex -0.6000000000000001 -30.109999999999996 18.9
      vertex -0.6000000000000001 -30.15 18.9
    endloop
  endfacet
  facet normal 1 0 0
    outer loop
      vertex -0.6000000000000001 -31 8.2
      vertex -0.6000000000000001 -30.15 18.9
      vertex -0.6000000000000001 -30.95 19.7
    endloop
  endfacet
  facet normal 1 0 0
    outer loop
      vertex -0.6000000000000001 -31 8.2
      vertex -0.6000000000000001 -30.95 19.7
      vertex -0.6000000000000001 -30.95 19.71
    endloop
  endfacet
  facet normal 1 4.4408920985008786e-15 -1.9291451340143098e-17
    outer loop
      vertex -0.6000000000000001 -31 8.2
      vertex -0.6000000000000001 -30.95 19.71
      vertex -0.5999999999999999 -30.999999999999996 19.71
    endloop
  endfacet
  facet normal -1 0 0
    outer loop
      vertex 2.5 29.574999999999996 8.2
      vertex 2.5 30.15 18.9
      vertex 2.5 31 8.2
    endloop
  endfacet
  facet normal 0 -1 0
    outer loop
      vertex 2.5 31 8.2
      vertex 2.5 31 19.71
      vertex 1.2 31 8.2
    endloop
  endfacet
  facet normal -1 0 0
    outer loop
      vertex 2.5 29.574999999999996 8.2
      vertex 2.5 30.109203340174524 18.89269109652352
      vertex 2.5 30.15 18.9
    endloop
  endfacet
  facet normal -1 0 0
    outer loop
      vertex 2.5 31 8.2
      vertex 2.5 30.15 18.9
      vertex 2.5 30.95 19.7
    endloop
  endfacet
  facet normal -1 0 0
    outer loop
      vertex 2.5 31 8.2
      vertex 2.5 30.95 19.7
      vertex 2.5 30.95 19.71
    endloop
  endfacet
  facet normal -1 0 0
    outer loop
      vertex 2.5 31 8.2
      vertex 2.5 30.95 19.71
      vertex 2.5 31 19.71
    endloop
  endfacet
  facet normal 0 -1 0
    outer loop
      vertex 1.2 31 8.2
      vertex 2.5 31 19.71
      vertex 1.2 31 19.71
    endloop
  endfacet
  facet normal -1 0 0
    outer loop
      vertex 2.5 30.109203340174524 18.89269109652352
      vertex 2.5 30.10956850870552 18.9
      vertex 2.5 30.15 18.9
    endloop
  endfacet
  facet normal 1 -4.674623261578963e-14 2.337311630789479e-15
    outer loop
      vertex -0.5999999999999999 29.579749999999997 8.2
      vertex -0.6000000000000001 30.109999999999996 18.9
      vertex -0.6000000000000001 29.575452380952377 8.20904761904762
    endloop
  endfacet
  facet normal 1 0 2.0751832235984237e-17
    outer loop
      vertex -0.5999999999999999 29.579749999999997 8.2
      vertex -0.5999999999999999 31 8.2
      vertex -0.6000000000000001 30.109999999999996 18.9
    endloop
  endfacet
  facet normal 1 0 2.0751832235984218e-17
    outer loop
      vertex -0.5999999999999999 31 8.2
      vertex -0.6000000000000001 30.15 18.9
      vertex -0.6000000000000001 30.109999999999996 18.9
    endloop
  endfacet
  facet normal 1 -1.922464111905033e-17 1.922464111905033e-17
    outer loop
      vertex -0.5999999999999999 31 8.2
      vertex -0.6000000000000001 30.95 19.7
      vertex -0.6000000000000001 30.15 18.9
    endloop
  endfacet
  facet normal 1 -4.440892098500563e-15 0
    outer loop
      vertex -0.5999999999999999 31 8.2
      vertex -0.5999999999999999 31 19.71
      vertex -0.6000000000000001 30.95 19.7
    endloop
  endfacet
  facet normal 1 -4.440892098500563e-15 0
    outer loop
      vertex -0.6000000000000001 30.95 19.7
      vertex -0.5999999999999999 31 19.71
      vertex -0.6000000000000001 30.95 19.71
    endloop
  endfacet
  facet normal 0 -0.7071067811865476 -0.7071067811865476
    outer loop
      vertex -4 24.450000002980232 16.249999997019767
      vertex -4.7 25.761904761904763 14.938095238095237
      vertex -4 25.761904761904763 14.938095238095237
    endloop
  endfacet
  facet normal 0 -0.7071067811865476 -0.7071067811865476
    outer loop
      vertex -4 24.450000002980232 16.249999997019767
      vertex -4.7 24.450000002980232 16.249999997019767
      vertex -4.7 25.761904761904763 14.938095238095237
    endloop
  endfacet
  facet normal 1 0 0
    outer loop
      vertex -4 24.450000002980232 16.249999997019767
      vertex -4 25.761904761904763 14.938095238095237
      vertex -4 24.450000002980232 17.65000000298023
    endloop
  endfacet
  facet normal 0 -1 0
    outer loop
      vertex -4 24.450000002980232 16.249999997019767
      vertex -4 24.450000002980232 17.65000000298023
      vertex -4.7 24.450000002980232 16.249999997019767
    endloop
  endfacet
  facet normal -1 0 0
    outer loop
      vertex -4.7 24.450000002980232 16.249999997019767
      vertex -4.7 25.973684210526315 19.173684210526314
      vertex -4.7 25.761904761904763 14.938095238095237
    endloop
  endfacet
  facet normal 0 -1 0
    outer loop
      vertex -4.7 24.450000002980232 16.249999997019767
      vertex -4 24.450000002980232 17.65000000298023
      vertex -4.7 24.450000002980232 17.65000000298023
    endloop
  endfacet
  facet normal 1 0 0
    outer loop
      vertex -4 24.450000002980232 17.65000000298023
      vertex -4 25.761904761904763 14.938095238095237
      vertex -4 25.973684210526315 19.173684210526314
    endloop
  endfacet
  facet normal -1 0 0
    outer loop
      vertex -4.7 24.450000002980232 16.249999997019767
      vertex -4.7 24.450000002980232 17.65000000298023
      vertex -4.7 25.973684210526315 19.173684210526314
    endloop
  endfacet
  facet normal 0 -0.7071067811865475 0.7071067811865475
    outer loop
      vertex -4 24.450000002980232 17.65000000298023
      vertex -4 25.973684210526315 19.173684210526314
      vertex -4.7 24.450000002980232 17.65000000298023
    endloop
  endfacet
  facet normal 1 0 0
    outer loop
      vertex -4 26.5 19.7
      vertex -4 26.2 19.4
      vertex -4 26.5 19.4
    endloop
  endfacet
  facet normal 0 -0.7071067811865476 0.7071067811865476
    outer loop
      vertex -4 26.5 19.7
      vertex -4.3 26.5 19.7
      vertex -4 26.2 19.4
    endloop
  endfacet
  facet normal 0 1 0
    outer loop
      vertex -4 26.5 19.7
      vertex -4 26.5 19.4
      vertex -4.3 26.5 19.7
    endloop
  endfacet
  facet normal 0 -0.7071067811865475 0.7071067811865475
    outer loop
      vertex -4.7 24.450000002980232 17.65000000298023
      vertex -4 25.973684210526315 19.173684210526314
      vertex -4.7 25.973684210526315 19.173684210526314
    endloop
  endfacet
  facet normal 0 0.7071067811865476 -0.7071067811865476
    outer loop
      vertex -4.7 -24.450000002980232 16.249999997019767
      vertex -4 -25.761904761904763 14.938095238095237
      vertex -4.7 -25.761904761904763 14.938095238095237
    endloop
  endfacet
  facet normal 0 0.7071067811865476 -0.7071067811865476
    outer loop
      vertex -4 -24.450000002980232 16.249999997019767
      vertex -4 -25.761904761904763 14.938095238095237
      vertex -4.7 -24.450000002980232 16.249999997019767
    endloop
  endfacet
  facet normal 1 0 0
    outer loop
      vertex -4 -24.450000002980232 16.249999997019767
      vertex -4 -25.973684210526315 19.173684210526314
      vertex -4 -25.761904761904763 14.938095238095237
    endloop
  endfacet
  facet normal -1 0 0
    outer loop
      vertex -4.7 -24.450000002980232 16.249999997019767
      vertex -4.7 -25.761904761904763 14.938095238095237
      vertex -4.7 -24.450000002980232 17.65000000298023
    endloop
  endfacet
  facet normal 0 1 0
    outer loop
      vertex -4 -24.450000002980232 16.249999997019767
      vertex -4.7 -24.450000002980232 16.249999997019767
      vertex -4 -24.450000002980232 17.65000000298023
    endloop
  endfacet
  facet normal 0 1 0
    outer loop
      vertex -4.7 -24.450000002980232 16.249999997019767
      vertex -4.7 -24.450000002980232 17.65000000298023
      vertex -4 -24.450000002980232 17.65000000298023
    endloop
  endfacet
  facet normal 1 0 0
    outer loop
      vertex -4 -24.450000002980232 16.249999997019767
      vertex -4 -24.450000002980232 17.65000000298023
      vertex -4 -25.973684210526315 19.173684210526314
    endloop
  endfacet
  facet normal -1 0 0
    outer loop
      vertex -4.7 -24.450000002980232 17.65000000298023
      vertex -4.7 -25.761904761904763 14.938095238095237
      vertex -4.7 -25.973684210526315 19.173684210526314
    endloop
  endfacet
  facet normal 0 0.7071067811865475 0.7071067811865475
    outer loop
      vertex -4 -24.450000002980232 17.65000000298023
      vertex -4.7 -24.450000002980232 17.65000000298023
      vertex -4.7 -25.973684210526315 19.173684210526314
    endloop
  endfacet
  facet normal 1 0 0
    outer loop
      vertex -4 -26.5 19.7
      vertex -4 -26.5 19.4
      vertex -4 -26.2 19.4
    endloop
  endfacet
  facet normal 0 -1 0
    outer loop
      vertex -4 -26.5 19.7
      vertex -4.3 -26.5 19.7
      vertex -4 -26.5 19.4
    endloop
  endfacet
  facet normal 0 0.7071067811865476 0.7071067811865476
    outer loop
      vertex -4 -26.5 19.7
      vertex -4 -26.2 19.4
      vertex -4.3 -26.5 19.7
    endloop
  endfacet
  facet normal 0 0.7071067811865475 0.7071067811865475
    outer loop
      vertex -4 -24.450000002980232 17.65000000298023
      vertex -4.7 -25.973684210526315 19.173684210526314
      vertex -4 -25.973684210526315 19.173684210526314
    endloop
  endfacet
endsolid OpenSCAD_Model
