solid OpenSCAD_Model
  facet normal 0 -0.9998996191807155 0.014168682446161124
    outer loop
      vertex 146 -13.977327821660998 0
      vertex 146.01 -13.977327821660998 0
      vertex 146 -13.97601480036974 0.0926613673567771
    endloop
  endfacet
  facet normal 0.14239912627436024 -0.9897099615625193 0.014024293929296177
    outer loop
      vertex 146.01 -13.977327821660998 0
      vertex 146.04759676138772 -13.971918412662117 0
      vertex 146.01 -13.97601480036974 0.0926613673567771
    endloop
  endfacet
  facet normal 0 -0.9998996191807155 0.014168682446161124
    outer loop
      vertex 146.01 -13.977327821660998 0
      vertex 146.01 -13.97601480036974 0.0926613673567771
      vertex 146 -13.97601480036974 0.0926613673567771
    endloop
  endfacet
  facet normal 0.14257453728371616 -0.9896836799735673 0.014096627692892738
    outer loop
      vertex 146.04759676138772 -13.971918412662117 0
      vertex 146.45675925925926 -13.912974171195549 0
      vertex 146.45675925925926 -13.911888740956783 0.07620493471622458
    endloop
  endfacet
  facet normal 0.14257453728371516 -0.9896836799735673 0.01409662769289811
    outer loop
      vertex 146.04759676138772 -13.971918412662117 0
      vertex 146.45675925925926 -13.911888740956783 0.07620493471622458
      vertex 146.01 -13.97601480036974 0.0926613673567771
    endloop
  endfacet
  facet normal -1 0 0
    outer loop
      vertex 146 -13.977327821660998 0
      vertex 146 -13.97601480036974 0.0926613673567771
      vertex 146 -13.904100194573402 1.3420455619692802
    endloop
  endfacet
  facet normal 0 -0.9983475258743579 0.05746492478502213
    outer loop
      vertex 146 -13.97601480036974 0.0926613673567771
      vertex 146.01 -13.97601480036974 0.0926613673567771
      vertex 146 -13.904100194573402 1.3420455619692802
    endloop
  endfacet
  facet normal 0.14390209246678554 -0.9879566548714007 0.056866825821324234
    outer loop
      vertex 146.01 -13.97601480036974 0.0926613673567771
      vertex 146.45675925925926 -13.911888740956783 0.07620493471622458
      vertex 146.01 -13.904100194573402 1.3420455619692802
    endloop
  endfacet
  facet normal 0 -0.9983475258743579 0.05746492478502213
    outer loop
      vertex 146.01 -13.97601480036974 0.0926613673567771
      vertex 146.01 -13.904100194573402 1.3420455619692802
      vertex 146 -13.904100194573402 1.3420455619692802
    endloop
  endfacet
  facet normal 0.14471754598075276 -0.9878209735761592 0.05715379294813175
    outer loop
      vertex 146.45675925925926 -13.911888740956783 0.07620493471622458
      vertex 146.45675925925926 -13.840304099023342 1.3134423434734344
      vertex 146.01 -13.904100194573402 1.3420455619692802
    endloop
  endfacet
  facet normal -1 0 0
    outer loop
      vertex 146 -13.977327821660998 0
      vertex 146 -13.904100194573402 1.3420455619692802
      vertex 146 -13.784378416836262 2.457699106633663
    endloop
  endfacet
  facet normal -1 0 0
    outer loop
      vertex 146 -13.121414029541366 0
      vertex 146 -11.3 4.4
      vertex 146 -11.3 0
    endloop
  endfacet
  facet normal 0 -0.9942914423379141 0.10669830220575378
    outer loop
      vertex 146 -13.904100194573402 1.3420455619692802
      vertex 146.01 -13.904100194573402 1.3420455619692802
      vertex 146 -13.784378416836262 2.457699106633663
    endloop
  endfacet
  facet normal 0.1471926392841802 -0.9834614647773 0.10553612764662566
    outer loop
      vertex 146.01 -13.904100194573402 1.3420455619692802
      vertex 146.45675925925926 -13.840304099023342 1.3134423434734344
      vertex 146.01 -13.784378416836262 2.457699106633663
    endloop
  endfacet
  facet normal 0 -0.9942914423379141 0.10669830220575378
    outer loop
      vertex 146.01 -13.904100194573402 1.3420455619692802
      vertex 146.01 -13.784378416836262 2.457699106633663
      vertex 146 -13.784378416836262 2.457699106633663
    endloop
  endfacet
  facet normal 0.14855458575977906 -0.9832008146871155 0.10605514154595663
    outer loop
      vertex 146.45675925925926 -13.840304099023342 1.3134423434734344
      vertex 146.45675925925926 -13.721131645143032 2.4182492583990096
      vertex 146.01 -13.784378416836262 2.457699106633663
    endloop
  endfacet
  facet normal -1 0 0
    outer loop
      vertex 146 -13.977327821660998 0
      vertex 146 -13.784378416836262 2.457699106633663
      vertex 146 -13.140754826366901 5.3560546875
    endloop
  endfacet
  facet normal 0 -0.9870503440780264 0.1604107797358072
    outer loop
      vertex 146 -13.784378416836262 2.457699106633663
      vertex 146.01 -13.784378416836262 2.457699106633663
      vertex 146 -13.61705081909895 3.48731047809124
    endloop
  endfacet
  facet normal 0.15210847870325284 -0.975564833635987 0.15854420859612312
    outer loop
      vertex 146.01 -13.784378416836262 2.457699106633663
      vertex 146.45675925925926 -13.721131645143032 2.4182492583990096
      vertex 146.01 -13.61705081909895 3.48731047809124
    endloop
  endfacet
  facet normal 0 -0.9870503440780264 0.1604107797358072
    outer loop
      vertex 146.01 -13.784378416836262 2.457699106633663
      vertex 146.01 -13.61705081909895 3.48731047809124
      vertex 146 -13.61705081909895 3.48731047809124
    endloop
  endfacet
  facet normal 0.15400887732688665 -0.9751438887963805 0.1592974006303441
    outer loop
      vertex 146.45675925925926 -13.721131645143032 2.4182492583990096
      vertex 146.45675925925926 -13.55457178503275 3.4378505140542983
      vertex 146.01 -13.61705081909895 3.48731047809124
    endloop
  endfacet
  facet normal -1 0 0
    outer loop
      vertex 146 -13.784378416836262 2.457699106633663
      vertex 146 -13.61705081909895 3.48731047809124
      vertex 146 -13.140754826366901 5.3560546875
    endloop
  endfacet
  facet normal -1 0 0
    outer loop
      vertex 146 -13.977327821660998 0
      vertex 146 -10.610015965998173 9.767874249815941
      vertex 146 -13.121414029541366 0
    endloop
  endfacet
  facet normal 0 -0.9760411878480724 0.21758584426410565
    outer loop
      vertex 146 -13.61705081909895 3.48731047809124
      vertex 146.01 -13.61705081909895 3.48731047809124
      vertex 146 -13.402394086122513 4.4502123311162
    endloop
  endfacet
  facet normal 0 -0.9760411878480724 0.21758584426410565
    outer loop
      vertex 146.01 -13.61705081909895 3.48731047809124
      vertex 146.01 -13.402394086122513 4.4502123311162
      vertex 146 -13.402394086122513 4.4502123311162
    endloop
  endfacet
  facet normal 0.1585559481204816 -0.9636942612936532 0.2148333821017933
    outer loop
      vertex 146.01 -13.61705081909895 3.48731047809124
      vertex 146.45675925925926 -13.55457178503275 3.4378505140542983
      vertex 146.01 -13.402394086122513 4.4502123311162
    endloop
  endfacet
  facet normal 0.16097622912401616 -0.9630749716122725 0.21580837034515832
    outer loop
      vertex 146.45675925925926 -13.55457178503275 3.4378505140542983
      vertex 146.45675925925926 -13.340899966657162 4.3913908243179325
      vertex 146.01 -13.402394086122513 4.4502123311162
    endloop
  endfacet
  facet normal -1 0 0
    outer loop
      vertex 146 -13.61705081909895 3.48731047809124
      vertex 146 -13.402394086122513 4.4502123311162
      vertex 146 -13.140754826366901 5.3560546875
    endloop
  endfacet
  facet normal 0 -0.9607279061499013 0.27749214465427036
    outer loop
      vertex 146 -13.402394086122513 4.4502123311162
      vertex 146.01 -13.402394086122513 4.4502123311162
      vertex 146.01 -13.140754826366901 5.3560546875
    endloop
  endfacet
  facet normal 0.16642101878473495 -0.9473303516143239 0.2736224578080762
    outer loop
      vertex 146.01 -13.402394086122513 4.4502123311162
      vertex 146.45675925925926 -13.340899966657162 4.3913908243179325
      vertex 146.01 -13.140754826366901 5.3560546875
    endloop
  endfacet
  facet normal 0 -0.9607279061499013 0.27749214465427036
    outer loop
      vertex 146 -13.402394086122513 4.4502123311162
      vertex 146.01 -13.140754826366901 5.3560546875
      vertex 146 -13.140754826366901 5.3560546875
    endloop
  endfacet
  facet normal 0.16933108897015714 -0.9464755080313423 0.27479282196773847
    outer loop
      vertex 146.45675925925926 -13.340899966657162 4.3913908243179325
      vertex 146.45675925925926 -13.08046118170023 5.288426378369332
      vertex 146.01 -13.140754826366901 5.3560546875
    endloop
  endfacet
  facet normal -1 0 0
    outer loop
      vertex 146 -13.977327821660998 0
      vertex 146 -13.140754826366901 5.3560546875
      vertex 146 -10.610015965998173 9.767874249815941
    endloop
  endfacet
  facet normal 0 -0.9406200700263643 0.3394611669449062
    outer loop
      vertex 146 -13.140754826366901 5.3560546875
      vertex 146.01 -13.140754826366901 5.3560546875
      vertex 146.01 -12.832542032003403 6.210087986290455
    endloop
  endfacet
  facet normal 0.1755603387243512 -0.9260109918248335 0.33418888444497824
    outer loop
      vertex 146.01 -13.140754826366901 5.3560546875
      vertex 146.45675925925926 -13.08046118170023 5.288426378369332
      vertex 146.01 -12.832542032003403 6.210087986290455
    endloop
  endfacet
  facet normal 0 -0.9406200700263643 0.3394611669449062
    outer loop
      vertex 146 -13.140754826366901 5.3560546875
      vertex 146.01 -12.832542032003403 6.210087986290455
      vertex 146 -12.832542032003403 6.210087986290455
    endloop
  endfacet
  facet normal 0.17891742877353498 -0.924888507388615 0.33551423603407177
    outer loop
      vertex 146.45675925925926 -13.08046118170023 5.288426378369332
      vertex 146.45675925925926 -12.773662559688091 6.13415657132864
      vertex 146.01 -12.832542032003403 6.210087986290455
    endloop
  endfacet
  facet normal -1 0 0
    outer loop
      vertex 146 -13.121414029541366 0
      vertex 146 -10.610015965998173 9.767874249815941
      vertex 146 -11.3 4.4
    endloop
  endfacet
  facet normal -1 0 0
    outer loop
      vertex 146 -13.140754826366901 5.3560546875
      vertex 146 -12.832542032003403 6.210087986290455
      vertex 146 -12.078281328082085 7.773082377016545
    endloop
  endfacet
  facet normal 0 -0.91529031942205 0.40279477550271414
    outer loop
      vertex 146 -12.832542032003403 6.210087986290455
      vertex 146.01 -12.832542032003403 6.210087986290455
      vertex 146 -12.478217206895351 7.015237660706044
    endloop
  endfacet
  facet normal 0 -0.91529031942205 0.40279477550271414
    outer loop
      vertex 146.01 -12.832542032003403 6.210087986290455
      vertex 146.01 -12.478217206895351 7.015237660706044
      vertex 146 -12.478217206895351 7.015237660706044
    endloop
  endfacet
  facet normal 0.18579519461177693 -0.8993537351913786 0.39578151126156413
    outer loop
      vertex 146.01 -12.832542032003403 6.210087986290455
      vertex 146.45675925925926 -12.773662559688091 6.13415657132864
      vertex 146.01 -12.478217206895351 7.015237660706044
    endloop
  endfacet
  facet normal 0.18954364524206682 -0.8979412890338913 0.39720856989307685
    outer loop
      vertex 146.45675925925926 -12.773662559688091 6.13415657132864
      vertex 146.45675925925926 -12.420963481068611 6.93147840499878
      vertex 146.01 -12.478217206895351 7.015237660706044
    endloop
  endfacet
  facet normal -1 0 0
    outer loop
      vertex 146 -12.832542032003403 6.210087986290455
      vertex 146 -12.478217206895351 7.015237660706044
      vertex 146 -12.078281328082085 7.773082377016545
    endloop
  endfacet
  facet normal 0 -0.8844029237299366 0.4667241888931193
    outer loop
      vertex 146 -12.478217206895351 7.015237660706044
      vertex 146.01 -12.478217206895351 7.015237660706044
      vertex 146.01 -12.078281328082085 7.773082377016545
    endloop
  endfacet
  facet normal 0.19690943460940927 -0.8670878020607912 0.4575865143108886
    outer loop
      vertex 146.01 -12.478217206895351 7.015237660706044
      vertex 146.45675925925926 -12.420963481068611 6.93147840499878
      vertex 146.01 -12.078281328082085 7.773082377016545
    endloop
  endfacet
  facet normal 0 -0.8844029237299366 0.4667241888931193
    outer loop
      vertex 146 -12.478217206895351 7.015237660706044
      vertex 146.01 -12.078281328082085 7.773082377016545
      vertex 146 -12.078281328082085 7.773082377016545
    endloop
  endfacet
  facet normal 0.20098111502697388 -0.865377527592101 0.45905155063576114
    outer loop
      vertex 146.45675925925926 -12.420963481068611 6.93147840499878
      vertex 146.45675925925926 -12.022862628102303 7.681955190002919
      vertex 146.01 -12.078281328082085 7.773082377016545
    endloop
  endfacet
  facet normal -1 0 0
    outer loop
      vertex 146 -13.140754826366901 5.3560546875
      vertex 146 -12.078281328082085 7.773082377016545
      vertex 146 -10.610015965998173 9.767874249815941
    endloop
  endfacet
  facet normal 0 -0.847748686125408 0.5303981195033071
    outer loop
      vertex 146 -12.078281328082085 7.773082377016545
      vertex 146.01 -12.078281328082085 7.773082377016545
      vertex 146.01 -11.633257985115051 8.484374405443669
    endloop
  endfacet
  facet normal 0 -0.847748686125408 0.5303981195033071
    outer loop
      vertex 146 -12.078281328082085 7.773082377016545
      vertex 146.01 -11.633257985115051 8.484374405443669
      vertex 146 -11.633257985115051 8.484374405443669
    endloop
  endfacet
  facet normal 0.20865140453690756 -0.8290898031126916 0.5187240979165453
    outer loop
      vertex 146.01 -12.078281328082085 7.773082377016545
      vertex 146.45675925925926 -12.022862628102303 7.681955190002919
      vertex 146.01 -11.633257985115051 8.484374405443669
    endloop
  endfacet
  facet normal 0.2129671733190198 -0.827092251606978 0.5201570824474141
    outer loop
      vertex 146.45675925925926 -12.022862628102303 7.681955190002919
      vertex 146.45675925925926 -11.579881183803082 8.38633187264204
      vertex 146.01 -11.633257985115051 8.484374405443669
    endloop
  endfacet
  facet normal -1 0 0
    outer loop
      vertex 146 -12.078281328082085 7.773082377016545
      vertex 146 -11.633257985115051 8.484374405443669
      vertex 146 -10.610015965998173 9.767874249815941
    endloop
  endfacet
  facet normal 0.22074065218491734 -0.7854165119615426 0.5782685078846517
    outer loop
      vertex 146.01 -11.633257985115051 8.484374405443669
      vertex 146.45675925925926 -11.579881183803082 8.38633187264204
      vertex 146.01 -11.143671184778214 9.149341547489167
    endloop
  endfacet
  facet normal 0 -0.8052807420883114 0.5928936889710488
    outer loop
      vertex 146 -11.633257985115051 8.484374405443669
      vertex 146.01 -11.633257985115051 8.484374405443669
      vertex 146.01 -11.143671184778214 9.149341547489167
    endloop
  endfacet
  facet normal 0 -0.8052807420883114 0.5928936889710488
    outer loop
      vertex 146 -11.633257985115051 8.484374405443669
      vertex 146.01 -11.143671184778214 9.149341547489167
      vertex 146 -11.143671184778214 9.149341547489167
    endloop
  endfacet
  facet normal 0.2252127595599985 -0.7831631225108118 0.5795987719711675
    outer loop
      vertex 146.45675925925926 -11.579881183803082 8.38633187264204
      vertex 146.45675925925926 -11.092540748417377 9.04483405649662
      vertex 146.01 -11.143671184778214 9.149341547489167
    endloop
  endfacet
  facet normal -1 0 0
    outer loop
      vertex 146 -11.633257985115051 8.484374405443669
      vertex 146 -11.143671184778214 9.149341547489167
      vertex 146 -10.610015965998173 9.767874249815941
    endloop
  endfacet
  facet normal 0 -0.7571451277120609 0.6532467034604054
    outer loop
      vertex 146 -11.143671184778214 9.149341547489167
      vertex 146.01 -11.143671184778214 9.149341547489167
      vertex 146.01 -10.610015965998173 9.767874249815941
    endloop
  endfacet
  facet normal 0.23287917511103498 -0.7363279342352431 0.6352861269258626
    outer loop
      vertex 146.01 -11.143671184778214 9.149341547489167
      vertex 146.45675925925926 -11.092540748417377 9.04483405649662
      vertex 146.01 -10.610015965998173 9.767874249815941
    endloop
  endfacet
  facet normal 0 -0.7571451277120609 0.6532467034604054
    outer loop
      vertex 146 -11.143671184778214 9.149341547489167
      vertex 146.01 -10.610015965998173 9.767874249815941
      vertex 146 -10.610015965998173 9.767874249815941
    endloop
  endfacet
  facet normal 0.23741468124799314 -0.7338711700072279 0.6364490356345402
    outer loop
      vertex 146.45675925925926 -11.092540748417377 9.04483405649662
      vertex 146.45675925925926 -10.56133409589529 9.657353246212006
      vertex 146.01 -10.610015965998173 9.767874249815941
    endloop
  endfacet
  facet normal 0 -0.7036994905293832 0.710497731895526
    outer loop
      vertex 146 -10.610015965998173 9.767874249815941
      vertex 146.01 -10.610015965998173 9.767874249815941
      vertex 146.01 -10.032718777656555 10.339647696912289
    endloop
  endfacet
  facet normal 0 -0.7036994905293832 0.710497731895526
    outer loop
      vertex 146 -10.610015965998173 9.767874249815941
      vertex 146.01 -10.032718777656555 10.339647696912289
      vertex 146 -10.032718777656555 10.339647696912289
    endloop
  endfacet
  facet normal 0.2447665475452213 -0.68229438935703 0.6888858421064483
    outer loop
      vertex 146.01 -10.610015965998173 9.767874249815941
      vertex 146.45675925925926 -10.56133409589529 9.657353246212006
      vertex 146.01 -10.032718777656555 10.339647696912289
    endloop
  endfacet
  facet normal 0.2492712852454212 -0.6797051741864115 0.6898294735195907
    outer loop
      vertex 146.45675925925926 -10.56133409589529 9.657353246212006
      vertex 146.45675925925926 -9.98668571561575 10.223567785322667
      vertex 146.01 -10.032718777656555 10.339647696912289
    endloop
  endfacet
  facet normal -1 0 0
    outer loop
      vertex 146 -10.610015965998173 9.767874249815941
      vertex 146 -10.032718777656555 10.339647696912289
      vertex 146 -9.412082776427269 10.864204981923104
    endloop
  endfacet
  facet normal 0 -0.6455145442878696 0.7637479774852591
    outer loop
      vertex 146 -10.032718777656555 10.339647696912289
      vertex 146.01 -10.032718777656555 10.339647696912289
      vertex 146 -9.412082776427269 10.864204981923104
    endloop
  endfacet
  facet normal 0.25611700562486783 -0.6239839153191296 0.7382737655184293
    outer loop
      vertex 146.01 -10.032718777656555 10.339647696912289
      vertex 146.45675925925926 -9.98668571561575 10.223567785322667
      vertex 146.01 -9.412082776427269 10.864204981923104
    endloop
  endfacet
  facet normal 0 -0.6455145442878696 0.7637479774852591
    outer loop
      vertex 146.01 -10.032718777656555 10.339647696912289
      vertex 146.01 -9.412082776427269 10.864204981923104
      vertex 146 -9.412082776427269 10.864204981923104
    endloop
  endfacet
  facet normal -1 0 0
    outer loop
      vertex 146 -10.610015965998173 9.767874249815941
      vertex 146 -9.412082776427269 10.864204981923104
      vertex 146 -8.748210221529007 11.341015712916851
    endloop
  endfacet
  facet normal 0.26049966615234876 -0.6213464527034447 0.7389644846996104
    outer loop
      vertex 146.45675925925926 -9.98668571561575 10.223567785322667
      vertex 146.45675925925926 -9.368897378444672 10.743025214970112
      vertex 146.01 -9.412082776427269 10.864204981923104
    endloop
  endfacet
  facet normal 0 -0.5833555472683469 0.8122169078954508
    outer loop
      vertex 146 -9.412082776427269 10.864204981923104
      vertex 146.01 -9.412082776427269 10.864204981923104
      vertex 146 -8.748210221529007 11.341015712916851
    endloop
  endfacet
  facet normal 0 -0.5833555472683469 0.8122169078954508
    outer loop
      vertex 146.01 -9.412082776427269 10.864204981923104
      vertex 146.01 -8.748210221529007 11.341015712916851
      vertex 146 -8.748210221529007 11.341015712916851
    endloop
  endfacet
  facet normal 0.2666762060863024 -0.5622300145890157 0.7828034311387829
    outer loop
      vertex 146.01 -9.412082776427269 10.864204981923104
      vertex 146.45675925925926 -9.368897378444672 10.743025214970112
      vertex 146.01 -8.748210221529007 11.341015712916851
    endloop
  endfacet
  facet normal 0.270852179220327 -0.5596345809591634 0.7832293615578142
    outer loop
      vertex 146.45675925925926 -9.368897378444672 10.743025214970112
      vertex 146.45675925925926 -8.708070859313011 11.21520027667284
      vertex 146.01 -8.748210221529007 11.341015712916851
    endloop
  endfacet
  facet normal 0 -0.5181450735220744 0.8552927468328047
    outer loop
      vertex 146 -8.748210221529007 11.341015712916851
      vertex 146.01 -8.748210221529007 11.341015712916851
      vertex 146.01 -8.040888488292694 11.76951843649149
    endloop
  endfacet
  facet normal 0 -0.5181450735220744 0.8552927468328047
    outer loop
      vertex 146 -8.748210221529007 11.341015712916851
      vertex 146.01 -8.040888488292694 11.76951843649149
      vertex 146 -8.040888488292694 11.76951843649149
    endloop
  endfacet
  facet normal 0.2762354065567123 -0.4979840519634371 0.8220133114217341
    outer loop
      vertex 146.01 -8.748210221529007 11.341015712916851
      vertex 146.45675925925926 -8.708070859313011 11.21520027667284
      vertex 146.01 -8.040888488292694 11.76951843649149
    endloop
  endfacet
  facet normal 0.2801295061967719 -0.49551915354666914 0.8221850328401419
    outer loop
      vertex 146.45675925925926 -8.708070859313011 11.21520027667284
      vertex 146.45675925925926 -8.253737712247128 11.489020362748347
      vertex 146.36193727982356 -8.133753433642562 11.593640295018128
    endloop
  endfacet
  facet normal 0.2801295061967775 -0.4955191535466676 0.8221850328401409
    outer loop
      vertex 146.45675925925926 -8.708070859313011 11.21520027667284
      vertex 146.36193727982356 -8.133753433642562 11.593640295018128
      vertex 146.01 -8.040888488292694 11.76951843649149
    endloop
  endfacet
  facet normal 0.2801295061967841 -0.49551915354665377 0.8221850328401469
    outer loop
      vertex 146.01 -8.040888488292694 11.76951843649149
      vertex 146.36193727982356 -8.133753433642562 11.593640295018128
      vertex 146.29244189293976 -8.017564067451605 11.6873439769383
    endloop
  endfacet
  facet normal 0.28464081587485385 -0.43226056917105277 0.8556461922301852
    outer loop
      vertex 146.01 -8.040888488292694 11.76951843649149
      vertex 146.29244189293976 -8.017564067451605 11.6873439769383
      vertex 146.01118232618472 -7.45208868599306 12.066578601882387
    endloop
  endfacet
  facet normal 0 -0.4509129250476361 0.8925679436463001
    outer loop
      vertex 146 -8.040888488292694 11.76951843649149
      vertex 146.01 -8.040888488292694 11.76951843649149
      vertex 146 -7.415937119114943 12.085235186005557
    endloop
  endfacet
  facet normal 0.2846408158744051 -0.43226056917111205 0.8556461922303045
    outer loop
      vertex 146.01 -8.040888488292694 11.76951843649149
      vertex 146.01118232618472 -7.45208868599306 12.066578601882387
      vertex 146.01 -7.448962556297748 12.068551193949736
    endloop
  endfacet
  facet normal -1.674110608297887e-14 -0.45091292504763625 0.8925679436463001
    outer loop
      vertex 146.01 -8.040888488292694 11.76951843649149
      vertex 146.01 -7.448962556297748 12.068551193949736
      vertex 146 -7.415937119114943 12.085235186005557
    endloop
  endfacet
  facet normal -1 0 0
    outer loop
      vertex 146 -11.3 4.4
      vertex 146 -10.610015965998173 9.767874249815941
      vertex 146 7.415937119114943 12.085235186005557
    endloop
  endfacet
  facet normal -1 0 0
    outer loop
      vertex 146 -10.610015965998173 9.767874249815941
      vertex 146 -8.748210221529007 11.341015712916851
      vertex 146 7.415937119114943 12.085235186005557
    endloop
  endfacet
  facet normal -1 0 0
    outer loop
      vertex 146 -8.748210221529007 11.341015712916851
      vertex 146 -8.040888488292694 11.76951843649149
      vertex 146 7.415937119114943 12.085235186005557
    endloop
  endfacet
  facet normal -1 0 0
    outer loop
      vertex 146 -8.040888488292694 11.76951843649149
      vertex 146 -7.415937119114943 12.085235186005557
      vertex 146 7.415937119114943 12.085235186005557
    endloop
  endfacet
  facet normal -1 0 0
    outer loop
      vertex 146 11.3 0
      vertex 146 11.3 4.4
      vertex 146 13.977327821660998 0
    endloop
  endfacet
  facet normal 0 0.9998996191807155 0.014168682446161124
    outer loop
      vertex 146 13.977327821660998 0
      vertex 146.01 13.97601480036974 0.0926613673567771
      vertex 146.01 13.977327821660998 0
    endloop
  endfacet
  facet normal 0.14239912627436024 0.9897099615625193 0.014024293929296177
    outer loop
      vertex 146.01 13.977327821660998 0
      vertex 146.01 13.97601480036974 0.0926613673567771
      vertex 146.04759676138772 13.971918412662117 0
    endloop
  endfacet
  facet normal 0 0.9998996191807155 0.014168682446161124
    outer loop
      vertex 146 13.977327821660998 0
      vertex 146 13.97601480036974 0.0926613673567771
      vertex 146.01 13.97601480036974 0.0926613673567771
    endloop
  endfacet
  facet normal 0.14257453728371616 0.9896836799735673 0.014096627692892738
    outer loop
      vertex 146.04759676138772 13.971918412662117 0
      vertex 146.45675925925926 13.911888740956783 0.07620493471622458
      vertex 146.45675925925926 13.912974171195549 0
    endloop
  endfacet
  facet normal 0.14257453728371516 0.9896836799735673 0.01409662769289811
    outer loop
      vertex 146.04759676138772 13.971918412662117 0
      vertex 146.01 13.97601480036974 0.0926613673567771
      vertex 146.45675925925926 13.911888740956783 0.07620493471622458
    endloop
  endfacet
  facet normal 0 0.9983475258743579 0.05746492478502213
    outer loop
      vertex 146 13.97601480036974 0.0926613673567771
      vertex 146.01 13.904100194573402 1.3420455619692802
      vertex 146.01 13.97601480036974 0.0926613673567771
    endloop
  endfacet
  facet normal 0.14390209246678554 0.9879566548714007 0.056866825821324234
    outer loop
      vertex 146.01 13.97601480036974 0.0926613673567771
      vertex 146.01 13.904100194573402 1.3420455619692802
      vertex 146.45675925925926 13.911888740956783 0.07620493471622458
    endloop
  endfacet
  facet normal -1 0 0
    outer loop
      vertex 146 13.977327821660998 0
      vertex 146 11.3 4.4
      vertex 146 13.97601480036974 0.0926613673567771
    endloop
  endfacet
  facet normal 0 0.9983475258743579 0.05746492478502213
    outer loop
      vertex 146 13.97601480036974 0.0926613673567771
      vertex 146 13.904100194573402 1.3420455619692802
      vertex 146.01 13.904100194573402 1.3420455619692802
    endloop
  endfacet
  facet normal 0.14471754598075276 0.9878209735761592 0.05715379294813175
    outer loop
      vertex 146.45675925925926 13.911888740956783 0.07620493471622458
      vertex 146.01 13.904100194573402 1.3420455619692802
      vertex 146.45675925925926 13.840304099023342 1.3134423434734344
    endloop
  endfacet
  facet normal -1 0 0
    outer loop
      vertex 146 13.97601480036974 0.0926613673567771
      vertex 146 13.61705081909895 3.48731047809124
      vertex 146 13.904100194573402 1.3420455619692802
    endloop
  endfacet
  facet normal 0 0.9942914423379141 0.10669830220575378
    outer loop
      vertex 146 13.904100194573402 1.3420455619692802
      vertex 146.01 13.784378416836262 2.457699106633663
      vertex 146.01 13.904100194573402 1.3420455619692802
    endloop
  endfacet
  facet normal 0.1471926392841802 0.9834614647773 0.10553612764662566
    outer loop
      vertex 146.01 13.904100194573402 1.3420455619692802
      vertex 146.01 13.784378416836262 2.457699106633663
      vertex 146.45675925925926 13.840304099023342 1.3134423434734344
    endloop
  endfacet
  facet normal 0 0.9942914423379141 0.10669830220575378
    outer loop
      vertex 146 13.904100194573402 1.3420455619692802
      vertex 146 13.784378416836262 2.457699106633663
      vertex 146.01 13.784378416836262 2.457699106633663
    endloop
  endfacet
  facet normal 0.14855458575977906 0.9832008146871155 0.10605514154595663
    outer loop
      vertex 146.45675925925926 13.840304099023342 1.3134423434734344
      vertex 146.01 13.784378416836262 2.457699106633663
      vertex 146.45675925925926 13.721131645143032 2.4182492583990096
    endloop
  endfacet
  facet normal -1 0 0
    outer loop
      vertex 146 13.904100194573402 1.3420455619692802
      vertex 146 13.61705081909895 3.48731047809124
      vertex 146 13.784378416836262 2.457699106633663
    endloop
  endfacet
  facet normal 0 0.9870503440780264 0.1604107797358072
    outer loop
      vertex 146 13.784378416836262 2.457699106633663
      vertex 146 13.61705081909895 3.48731047809124
      vertex 146.01 13.784378416836262 2.457699106633663
    endloop
  endfacet
  facet normal 0.15210847870325284 0.975564833635987 0.15854420859612312
    outer loop
      vertex 146.01 13.784378416836262 2.457699106633663
      vertex 146.01 13.61705081909895 3.48731047809124
      vertex 146.45675925925926 13.721131645143032 2.4182492583990096
    endloop
  endfacet
  facet normal -1 0 0
    outer loop
      vertex 146 13.97601480036974 0.0926613673567771
      vertex 146 12.832542032003403 6.210087986290455
      vertex 146 13.61705081909895 3.48731047809124
    endloop
  endfacet
  facet normal 0 0.9870503440780264 0.1604107797358072
    outer loop
      vertex 146.01 13.784378416836262 2.457699106633663
      vertex 146 13.61705081909895 3.48731047809124
      vertex 146.01 13.61705081909895 3.48731047809124
    endloop
  endfacet
  facet normal 0.15400887732688665 0.9751438887963805 0.1592974006303441
    outer loop
      vertex 146.45675925925926 13.721131645143032 2.4182492583990096
      vertex 146.01 13.61705081909895 3.48731047809124
      vertex 146.45675925925926 13.55457178503275 3.4378505140542983
    endloop
  endfacet
  facet normal 0 0.9760411878480724 0.21758584426410565
    outer loop
      vertex 146 13.61705081909895 3.48731047809124
      vertex 146 13.402394086122513 4.4502123311162
      vertex 146.01 13.402394086122513 4.4502123311162
    endloop
  endfacet
  facet normal 0 0.9760411878480724 0.21758584426410565
    outer loop
      vertex 146 13.61705081909895 3.48731047809124
      vertex 146.01 13.402394086122513 4.4502123311162
      vertex 146.01 13.61705081909895 3.48731047809124
    endloop
  endfacet
  facet normal 0.1585559481204816 0.9636942612936532 0.2148333821017933
    outer loop
      vertex 146.01 13.61705081909895 3.48731047809124
      vertex 146.01 13.402394086122513 4.4502123311162
      vertex 146.45675925925926 13.55457178503275 3.4378505140542983
    endloop
  endfacet
  facet normal 0.16097622912401616 0.9630749716122725 0.21580837034515832
    outer loop
      vertex 146.45675925925926 13.55457178503275 3.4378505140542983
      vertex 146.01 13.402394086122513 4.4502123311162
      vertex 146.45675925925926 13.340899966657162 4.3913908243179325
    endloop
  endfacet
  facet normal -1 0 0
    outer loop
      vertex 146 13.97601480036974 0.0926613673567771
      vertex 146 11.3 4.4
      vertex 146 10.032718777656555 10.339647696912289
    endloop
  endfacet
  facet normal -1 0 0
    outer loop
      vertex 146 13.61705081909895 3.48731047809124
      vertex 146 12.832542032003403 6.210087986290455
      vertex 146 13.402394086122513 4.4502123311162
    endloop
  endfacet
  facet normal 0 0.9607279061499013 0.27749214465427036
    outer loop
      vertex 146 13.402394086122513 4.4502123311162
      vertex 146.01 13.140754826366901 5.3560546875
      vertex 146.01 13.402394086122513 4.4502123311162
    endloop
  endfacet
  facet normal 0.16642101878473495 0.9473303516143239 0.2736224578080762
    outer loop
      vertex 146.01 13.402394086122513 4.4502123311162
      vertex 146.01 13.140754826366901 5.3560546875
      vertex 146.45675925925926 13.340899966657162 4.3913908243179325
    endloop
  endfacet
  facet normal 0 0.9607279061499013 0.27749214465427036
    outer loop
      vertex 146 13.402394086122513 4.4502123311162
      vertex 146 13.140754826366901 5.3560546875
      vertex 146.01 13.140754826366901 5.3560546875
    endloop
  endfacet
  facet normal 0.16933108897015714 0.9464755080313423 0.27479282196773847
    outer loop
      vertex 146.45675925925926 13.340899966657162 4.3913908243179325
      vertex 146.01 13.140754826366901 5.3560546875
      vertex 146.45675925925926 13.08046118170023 5.288426378369332
    endloop
  endfacet
  facet normal -1 0 0
    outer loop
      vertex 146 13.97601480036974 0.0926613673567771
      vertex 146 10.032718777656555 10.339647696912289
      vertex 146 12.832542032003403 6.210087986290455
    endloop
  endfacet
  facet normal 0 0.9406200700263643 0.3394611669449062
    outer loop
      vertex 146 13.140754826366901 5.3560546875
      vertex 146 12.832542032003403 6.210087986290455
      vertex 146.01 13.140754826366901 5.3560546875
    endloop
  endfacet
  facet normal 0.1755603387243512 0.9260109918248335 0.33418888444497824
    outer loop
      vertex 146.45675925925926 13.08046118170023 5.288426378369332
      vertex 146.01 13.140754826366901 5.3560546875
      vertex 146.01 12.832542032003403 6.210087986290455
    endloop
  endfacet
  facet normal 0 0.9406200700263643 0.3394611669449062
    outer loop
      vertex 146.01 13.140754826366901 5.3560546875
      vertex 146 12.832542032003403 6.210087986290455
      vertex 146.01 12.832542032003403 6.210087986290455
    endloop
  endfacet
  facet normal 0.17891742877353498 0.924888507388615 0.33551423603407177
    outer loop
      vertex 146.45675925925926 13.08046118170023 5.288426378369332
      vertex 146.01 12.832542032003403 6.210087986290455
      vertex 146.45675925925926 12.773662559688091 6.13415657132864
    endloop
  endfacet
  facet normal -1 0 0
    outer loop
      vertex 146 13.402394086122513 4.4502123311162
      vertex 146 12.832542032003403 6.210087986290455
      vertex 146 13.140754826366901 5.3560546875
    endloop
  endfacet
  facet normal -1 0 0
    outer loop
      vertex 146 -11.3 4.4
      vertex 146 10.032718777656555 10.339647696912289
      vertex 146 11.3 4.4
    endloop
  endfacet
  facet normal -1 0 0
    outer loop
      vertex 146 -11.3 4.4
      vertex 146 7.415937119114943 12.085235186005557
      vertex 146 10.032718777656555 10.339647696912289
    endloop
  endfacet
  facet normal 0 0.8844029237299366 0.4667241888931193
    outer loop
      vertex 146 12.078281328082085 7.773082377016545
      vertex 146.01 12.078281328082085 7.773082377016545
      vertex 146 12.478217206895351 7.015237660706044
    endloop
  endfacet
  facet normal 0.20098111502697388 0.865377527592101 0.45905155063576114
    outer loop
      vertex 146.01 12.078281328082085 7.773082377016545
      vertex 146.45675925925926 12.022862628102303 7.681955190002919
      vertex 146.45675925925926 12.420963481068611 6.93147840499878
    endloop
  endfacet
  facet normal 0 0.91529031942205 0.40279477550271414
    outer loop
      vertex 146 12.832542032003403 6.210087986290455
      vertex 146 12.478217206895351 7.015237660706044
      vertex 146.01 12.478217206895351 7.015237660706044
    endloop
  endfacet
  facet normal 0 0.91529031942205 0.40279477550271414
    outer loop
      vertex 146 12.832542032003403 6.210087986290455
      vertex 146.01 12.478217206895351 7.015237660706044
      vertex 146.01 12.832542032003403 6.210087986290455
    endloop
  endfacet
  facet normal 0.18954364524206682 0.8979412890338913 0.39720856989307685
    outer loop
      vertex 146.45675925925926 12.773662559688091 6.13415657132864
      vertex 146.01 12.478217206895351 7.015237660706044
      vertex 146.45675925925926 12.420963481068611 6.93147840499878
    endloop
  endfacet
  facet normal 0.18579519461177693 0.8993537351913786 0.39578151126156413
    outer loop
      vertex 146.01 12.832542032003403 6.210087986290455
      vertex 146.01 12.478217206895351 7.015237660706044
      vertex 146.45675925925926 12.773662559688091 6.13415657132864
    endloop
  endfacet
  facet normal -1 0 0
    outer loop
      vertex 146 12.832542032003403 6.210087986290455
      vertex 146 11.633257985115051 8.484374405443669
      vertex 146 12.478217206895351 7.015237660706044
    endloop
  endfacet
  facet normal 0 0.8844029237299366 0.4667241888931193
    outer loop
      vertex 146.01 12.078281328082085 7.773082377016545
      vertex 146.01 12.478217206895351 7.015237660706044
      vertex 146 12.478217206895351 7.015237660706044
    endloop
  endfacet
  facet normal 0.19690943460940927 0.8670878020607912 0.4575865143108886
    outer loop
      vertex 146.01 12.078281328082085 7.773082377016545
      vertex 146.45675925925926 12.420963481068611 6.93147840499878
      vertex 146.01 12.478217206895351 7.015237660706044
    endloop
  endfacet
  facet normal -1 0 0
    outer loop
      vertex 146 12.078281328082085 7.773082377016545
      vertex 146 12.478217206895351 7.015237660706044
      vertex 146 11.633257985115051 8.484374405443669
    endloop
  endfacet
  facet normal 0 0.847748686125408 0.5303981195033071
    outer loop
      vertex 146.01 12.078281328082085 7.773082377016545
      vertex 146 11.633257985115051 8.484374405443669
      vertex 146.01 11.633257985115051 8.484374405443669
    endloop
  endfacet
  facet normal 0 0.847748686125408 0.5303981195033071
    outer loop
      vertex 146 12.078281328082085 7.773082377016545
      vertex 146 11.633257985115051 8.484374405443669
      vertex 146.01 12.078281328082085 7.773082377016545
    endloop
  endfacet
  facet normal 0.2129671733190198 0.827092251606978 0.5201570824474141
    outer loop
      vertex 146.45675925925926 12.022862628102303 7.681955190002919
      vertex 146.01 11.633257985115051 8.484374405443669
      vertex 146.45675925925926 11.579881183803082 8.38633187264204
    endloop
  endfacet
  facet normal 0.20865140453690756 0.8290898031126916 0.5187240979165453
    outer loop
      vertex 146.01 12.078281328082085 7.773082377016545
      vertex 146.01 11.633257985115051 8.484374405443669
      vertex 146.45675925925926 12.022862628102303 7.681955190002919
    endloop
  endfacet
  facet normal 0 0.8052807420883114 0.5928936889710488
    outer loop
      vertex 146 11.143671184778214 9.149341547489167
      vertex 146.01 11.143671184778214 9.149341547489167
      vertex 146.01 11.633257985115051 8.484374405443669
    endloop
  endfacet
  facet normal 0.2252127595599985 0.7831631225108118 0.5795987719711675
    outer loop
      vertex 146.01 11.143671184778214 9.149341547489167
      vertex 146.45675925925926 11.092540748417377 9.04483405649662
      vertex 146.45675925925926 11.579881183803082 8.38633187264204
    endloop
  endfacet
  facet normal -1 0 0
    outer loop
      vertex 146 12.832542032003403 6.210087986290455
      vertex 146 10.032718777656555 10.339647696912289
      vertex 146 11.633257985115051 8.484374405443669
    endloop
  endfacet
  facet normal 0.22074065218491734 0.7854165119615426 0.5782685078846517
    outer loop
      vertex 146.01 11.143671184778214 9.149341547489167
      vertex 146.45675925925926 11.579881183803082 8.38633187264204
      vertex 146.01 11.633257985115051 8.484374405443669
    endloop
  endfacet
  facet normal 0 0.8052807420883114 0.5928936889710488
    outer loop
      vertex 146 11.143671184778214 9.149341547489167
      vertex 146.01 11.633257985115051 8.484374405443669
      vertex 146 11.633257985115051 8.484374405443669
    endloop
  endfacet
  facet normal 0 0.7036994905293832 0.710497731895526
    outer loop
      vertex 146 10.610015965998173 9.767874249815941
      vertex 146 10.032718777656555 10.339647696912289
      vertex 146.01 10.610015965998173 9.767874249815941
    endloop
  endfacet
  facet normal 0 0.7036994905293832 0.710497731895526
    outer loop
      vertex 146.01 10.610015965998173 9.767874249815941
      vertex 146 10.032718777656555 10.339647696912289
      vertex 146.01 10.032718777656555 10.339647696912289
    endloop
  endfacet
  facet normal 0.2447665475452213 0.68229438935703 0.6888858421064483
    outer loop
      vertex 146.01 10.610015965998173 9.767874249815941
      vertex 146.01 10.032718777656555 10.339647696912289
      vertex 146.45675925925926 10.56133409589529 9.657353246212006
    endloop
  endfacet
  facet normal 0.2492712852454212 0.6797051741864115 0.6898294735195907
    outer loop
      vertex 146.45675925925926 10.56133409589529 9.657353246212006
      vertex 146.01 10.032718777656555 10.339647696912289
      vertex 146.45675925925926 9.98668571561575 10.223567785322667
    endloop
  endfacet
  facet normal 0 0.6455145442878696 0.7637479774852591
    outer loop
      vertex 146.01 9.412082776427269 10.864204981923104
      vertex 146.01 10.032718777656555 10.339647696912289
      vertex 146 10.032718777656555 10.339647696912289
    endloop
  endfacet
  facet normal 0.25611700562486783 0.6239839153191296 0.7382737655184293
    outer loop
      vertex 146.01 9.412082776427269 10.864204981923104
      vertex 146.45675925925926 9.98668571561575 10.223567785322667
      vertex 146.01 10.032718777656555 10.339647696912289
    endloop
  endfacet
  facet normal -1 0 0
    outer loop
      vertex 146 9.412082776427269 10.864204981923104
      vertex 146 8.040888488292694 11.76951843649149
      vertex 146 8.748210221529007 11.341015712916851
    endloop
  endfacet
  facet normal 0.28464081587485873 0.4322605691710521 0.8556461922301839
    outer loop
      vertex 146.01 8.040888488292694 11.76951843649149
      vertex 146.01118232618472 7.45208868599306 12.066578601882387
      vertex 146.29244189293976 8.017564067451605 11.687343976938298
    endloop
  endfacet
  facet normal 0 0.45091292504763625 0.8925679436463001
    outer loop
      vertex 146 8.040888488292694 11.76951843649149
      vertex 146.01 7.448962556297748 12.068551193949736
      vertex 146.01 8.040888488292694 11.76951843649149
    endloop
  endfacet
  facet normal -1.585642549088493e-14 0.4509129250476361 0.8925679436463001
    outer loop
      vertex 146 8.040888488292694 11.76951843649149
      vertex 146 7.415937119114943 12.085235186005557
      vertex 146.01 7.448962556297748 12.068551193949736
    endloop
  endfacet
  facet normal 0.2846408158744051 0.43226056917111205 0.8556461922303045
    outer loop
      vertex 146.01 8.040888488292694 11.76951843649149
      vertex 146.01 7.448962556297748 12.068551193949736
      vertex 146.01118232618472 7.45208868599306 12.066578601882387
    endloop
  endfacet
  facet normal 0 0.5181450735220744 0.8552927468328047
    outer loop
      vertex 146.01 8.748210221529007 11.341015712916851
      vertex 146 8.040888488292694 11.76951843649149
      vertex 146.01 8.040888488292694 11.76951843649149
    endloop
  endfacet
  facet normal -1 0 0
    outer loop
      vertex 146 10.032718777656555 10.339647696912289
      vertex 146 7.415937119114943 12.085235186005557
      vertex 146 8.040888488292694 11.76951843649149
    endloop
  endfacet
  facet normal 0 0.5181450735220744 0.8552927468328047
    outer loop
      vertex 146 8.748210221529007 11.341015712916851
      vertex 146 8.040888488292694 11.76951843649149
      vertex 146.01 8.748210221529007 11.341015712916851
    endloop
  endfacet
  facet normal 0.28012950619678983 0.495519153546642 0.8221850328401521
    outer loop
      vertex 146.01 8.040888488292694 11.76951843649149
      vertex 146.29244189293976 8.017564067451605 11.687343976938298
      vertex 146.36193727982356 8.133753433642562 11.593640295018128
    endloop
  endfacet
  facet normal 0.2801295061967775 0.4955191535466676 0.8221850328401409
    outer loop
      vertex 146.45675925925926 8.708070859313011 11.21520027667284
      vertex 146.01 8.040888488292694 11.76951843649149
      vertex 146.36193727982356 8.133753433642562 11.593640295018128
    endloop
  endfacet
  facet normal 0.2801295061967719 0.49551915354666914 0.8221850328401419
    outer loop
      vertex 146.45675925925926 8.708070859313011 11.21520027667284
      vertex 146.36193727982356 8.133753433642562 11.593640295018128
      vertex 146.45675925925926 8.253737712247128 11.489020362748347
    endloop
  endfacet
  facet normal 0.2762354065567123 0.49798405196343715 0.8220133114217341
    outer loop
      vertex 146.45675925925926 8.708070859313011 11.21520027667284
      vertex 146.01 8.748210221529007 11.341015712916851
      vertex 146.01 8.040888488292694 11.76951843649149
    endloop
  endfacet
  facet normal 0.2604996661523488 0.6213464527034449 0.7389644846996104
    outer loop
      vertex 146.01 9.412082776427269 10.864204981923104
      vertex 146.45675925925926 9.368897378444672 10.743025214970112
      vertex 146.45675925925926 9.98668571561575 10.223567785322667
    endloop
  endfacet
  facet normal -1 0 0
    outer loop
      vertex 146 9.412082776427269 10.864204981923104
      vertex 146 10.032718777656555 10.339647696912289
      vertex 146 8.040888488292694 11.76951843649149
    endloop
  endfacet
  facet normal 0 0.5833555472683469 0.8122169078954508
    outer loop
      vertex 146 9.412082776427269 10.864204981923104
      vertex 146 8.748210221529007 11.341015712916851
      vertex 146.01 8.748210221529007 11.341015712916851
    endloop
  endfacet
  facet normal 0 0.5833555472683469 0.8122169078954508
    outer loop
      vertex 146 9.412082776427269 10.864204981923104
      vertex 146.01 8.748210221529007 11.341015712916851
      vertex 146.01 9.412082776427269 10.864204981923104
    endloop
  endfacet
  facet normal 0.270852179220327 0.5596345809591634 0.7832293615578142
    outer loop
      vertex 146.45675925925926 8.708070859313011 11.21520027667284
      vertex 146.45675925925926 9.368897378444672 10.743025214970112
      vertex 146.01 8.748210221529007 11.341015712916851
    endloop
  endfacet
  facet normal 0.2666762060863024 0.5622300145890157 0.7828034311387829
    outer loop
      vertex 146.01 9.412082776427269 10.864204981923104
      vertex 146.01 8.748210221529007 11.341015712916851
      vertex 146.45675925925926 9.368897378444672 10.743025214970112
    endloop
  endfacet
  facet normal 0 0.6455145442878696 0.7637479774852591
    outer loop
      vertex 146 9.412082776427269 10.864204981923104
      vertex 146.01 9.412082776427269 10.864204981923104
      vertex 146 10.032718777656555 10.339647696912289
    endloop
  endfacet
  facet normal -1 0 0
    outer loop
      vertex 146 11.143671184778214 9.149341547489167
      vertex 146 11.633257985115051 8.484374405443669
      vertex 146 10.032718777656555 10.339647696912289
    endloop
  endfacet
  facet normal 0 0.7571451277120609 0.6532467034604054
    outer loop
      vertex 146 11.143671184778214 9.149341547489167
      vertex 146.01 10.610015965998173 9.767874249815941
      vertex 146.01 11.143671184778214 9.149341547489167
    endloop
  endfacet
  facet normal 0.23287917511103498 0.7363279342352431 0.6352861269258626
    outer loop
      vertex 146.01 11.143671184778214 9.149341547489167
      vertex 146.01 10.610015965998173 9.767874249815941
      vertex 146.45675925925926 11.092540748417377 9.04483405649662
    endloop
  endfacet
  facet normal 0 0.7571451277120609 0.6532467034604054
    outer loop
      vertex 146 11.143671184778214 9.149341547489167
      vertex 146 10.610015965998173 9.767874249815941
      vertex 146.01 10.610015965998173 9.767874249815941
    endloop
  endfacet
  facet normal -1 0 0
    outer loop
      vertex 146 11.143671184778214 9.149341547489167
      vertex 146 10.032718777656555 10.339647696912289
      vertex 146 10.610015965998173 9.767874249815941
    endloop
  endfacet
  facet normal 0.23741468124799314 0.7338711700072279 0.6364490356345402
    outer loop
      vertex 146.45675925925926 11.092540748417377 9.04483405649662
      vertex 146.01 10.610015965998173 9.767874249815941
      vertex 146.45675925925926 10.56133409589529 9.657353246212006
    endloop
  endfacet
  facet normal 0.1182548099153426 -0.992882570275515 0.014142191307337864
    outer loop
      vertex 146.45675925925926 -13.912974171195549 0
      vertex 146.5008311951095 -13.907725092852754 0
      vertex 146.45675925925926 -13.911888740956783 0.07620493471622458
    endloop
  endfacet
  facet normal 0.11843206390317969 -0.9928599596458806 0.014245938776131112
    outer loop
      vertex 146.45675925925926 -13.911888740956783 0.07620493471622458
      vertex 146.5008311951095 -13.907725092852754 0
      vertex 147.08407407407407 -13.837363861501217 0.05504666417837134
    endloop
  endfacet
  facet normal 0.11843206390318065 -0.9928599596458808 0.014245938776121292
    outer loop
      vertex 146.5008311951095 -13.907725092852754 0
      vertex 147.08407407407407 -13.838153692332943 0
      vertex 147.08407407407407 -13.837363861501217 0.05504666417837134
    endloop
  endfacet
  facet normal 0.11968317377687687 -0.991154527645673 0.05734666722815501
    outer loop
      vertex 146.45675925925926 -13.911888740956783 0.07620493471622458
      vertex 147.08407407407407 -13.837363861501217 0.05504666417837134
      vertex 146.45675925925926 -13.840304099023342 1.3134423434734344
    endloop
  endfacet
  facet normal 0.12051451921571178 -0.9910297032686733 0.05776138759942897
    outer loop
      vertex 147.08407407407407 -13.837363861501217 0.05504666417837134
      vertex 147.08407407407407 -13.766162693500519 1.2766667693853377
      vertex 146.45675925925926 -13.840304099023342 1.3134423434734344
    endloop
  endfacet
  facet normal 0.12285618648420499 -0.9867007871579935 0.10643267385701766
    outer loop
      vertex 146.45675925925926 -13.840304099023342 1.3134423434734344
      vertex 147.08407407407407 -13.766162693500519 1.2766667693853377
      vertex 146.45675925925926 -13.721131645143032 2.4182492583990096
    endloop
  endfacet
  facet normal 0.12424918527814041 -0.9864445572192956 0.10718803799933185
    outer loop
      vertex 147.08407407407407 -13.766162693500519 1.2766667693853377
      vertex 147.08407407407407 -13.647628635168076 2.3675280153751372
      vertex 146.45675925925926 -13.721131645143032 2.4182492583990096
    endloop
  endfacet
  facet normal 0.12762133049446397 -0.9788482888619475 0.15990254342836546
    outer loop
      vertex 146.45675925925926 -13.721131645143032 2.4182492583990096
      vertex 147.08407407407407 -13.647628635168076 2.3675280153751372
      vertex 146.45675925925926 -13.55457178503275 3.4378505140542983
    endloop
  endfacet
  facet normal 0.129571041840783 -0.9784109628719884 0.16100724470719469
    outer loop
      vertex 147.08407407407407 -13.647628635168076 2.3675280153751372
      vertex 147.08407407407407 -13.481961026787758 3.3742591381072997
      vertex 146.45675925925926 -13.55457178503275 3.4378505140542983
    endloop
  endfacet
  facet normal 0.13389661041673473 -0.9670143030299052 0.21669110608074243
    outer loop
      vertex 146.45675925925926 -13.55457178503275 3.4378505140542983
      vertex 147.08407407407407 -13.481961026787758 3.3742591381072997
      vertex 146.45675925925926 -13.340899966657162 4.3913908243179325
    endloop
  endfacet
  facet normal 0.13638711612186574 -0.9663416498840621 0.21813383564983463
    outer loop
      vertex 147.08407407407407 -13.481961026787758 3.3742591381072997
      vertex 147.08407407407407 -13.269433826208115 4.315763169527054
      vertex 146.45675925925926 -13.340899966657162 4.3913908243179325
    endloop
  endfacet
  facet normal 0.1415792357246195 -0.9506700041711666 0.2760106215000186
    outer loop
      vertex 146.45675925925926 -13.340899966657162 4.3913908243179325
      vertex 147.08407407407407 -13.269433826208115 4.315763169527054
      vertex 146.45675925925926 -13.08046118170023 5.288426378369332
    endloop
  endfacet
  facet normal 0.1445819995080302 -0.9497079772296455 0.27776033446954834
    outer loop
      vertex 147.08407407407407 -13.269433826208115 4.315763169527054
      vertex 147.08407407407407 -13.010390192270279 5.201475688815117
      vertex 146.45675925925926 -13.08046118170023 5.288426378369332
    endloop
  endfacet
  facet normal 0.1505366258310889 -0.9293446976487908 0.33713077171250366
    outer loop
      vertex 147.08407407407407 -13.010390192270279 5.201475688815117
      vertex 146.45675925925926 -12.773662559688091 6.13415657132864
      vertex 146.45675925925926 -13.08046118170023 5.288426378369332
    endloop
  endfacet
  facet normal 0.15400939012291628 -0.928044960531676 0.33913663763404756
    outer loop
      vertex 147.08407407407407 -13.010390192270279 5.201475688815117
      vertex 147.08407407407407 -12.705235071480274 6.036530473828316
      vertex 146.45675925925926 -12.773662559688091 6.13415657132864
    endloop
  endfacet
  facet normal 0.1606006582350751 -0.9026484766417865 0.3992908165619679
    outer loop
      vertex 147.08407407407407 -12.705235071480274 6.036530473828316
      vertex 146.45675925925926 -12.420963481068611 6.93147840499878
      vertex 146.45675925925926 -12.773662559688091 6.13415657132864
    endloop
  endfacet
  facet normal 0.1644868914238511 -0.9009746410481028 0.4014831985749347
    outer loop
      vertex 147.08407407407407 -12.705235071480274 6.036530473828316
      vertex 147.08407407407407 -12.354425370693207 6.8237879365682605
      vertex 146.45675925925926 -12.420963481068611 6.93147840499878
    endloop
  endfacet
  facet normal 0.17156520302342484 -0.8703048427897222 0.46166531354249246
    outer loop
      vertex 147.08407407407407 -12.354425370693207 6.8237879365682605
      vertex 146.45675925925926 -12.022862628102303 7.681955190002919
      vertex 146.45675925925926 -12.420963481068611 6.93147840499878
    endloop
  endfacet
  facet normal 0.17579435060605833 -0.8682388918215106 0.4639585897723521
    outer loop
      vertex 147.08407407407407 -12.354425370693207 6.8237879365682605
      vertex 147.08407407407407 -11.958457112312317 7.564791658520699
      vertex 146.45675925925926 -12.022862628102303 7.681955190002919
    endloop
  endfacet
  facet normal 0.1831875863492842 -0.8321870857796362 0.5233612160536162
    outer loop
      vertex 146.45675925925926 -12.022862628102303 7.681955190002919
      vertex 147.08407407407407 -11.958457112312317 7.564791658520699
      vertex 146.45675925925926 -11.579881183803082 8.38633187264204
    endloop
  endfacet
  facet normal 0.18767660747529286 -0.8297349662690486 0.5256589928433313
    outer loop
      vertex 147.08407407407407 -11.958457112312317 7.564791658520699
      vertex 147.08407407407407 -11.517848677933216 8.260277190804482
      vertex 146.45675925925926 -11.579881183803082 8.38633187264204
    endloop
  endfacet
  facet normal 0.1951948204040172 -0.7883516417667276 0.5834386608814577
    outer loop
      vertex 147.08407407407407 -11.517848677933216 8.260277190804482
      vertex 146.45675925925926 -11.092540748417377 9.04483405649662
      vertex 146.45675925925926 -11.579881183803082 8.38633187264204
    endloop
  endfacet
  facet normal 0.19985079972364023 -0.7855470389944225 0.585641107997822
    outer loop
      vertex 147.08407407407407 -11.517848677933216 8.260277190804482
      vertex 147.08407407407407 -11.033118888735771 8.910467290878296
      vertex 146.45675925925926 -11.092540748417377 9.04483405649662
    endloop
  endfacet
  facet normal 0.20729435547178585 -0.7390614250113624 0.6409502790776451
    outer loop
      vertex 147.08407407407407 -11.033118888735771 8.910467290878296
      vertex 146.45675925925926 -10.56133409589529 9.657353246212006
      vertex 146.45675925925926 -11.092540748417377 9.04483405649662
    endloop
  endfacet
  facet normal 0.21201833638044046 -0.7359665422307433 0.6429630422935629
    outer loop
      vertex 147.08407407407407 -11.033118888735771 8.910467290878296
      vertex 147.08407407407407 -10.50475787371397 9.515254819393158
      vertex 146.45675925925926 -10.56133409589529 9.657353246212006
    endloop
  endfacet
  facet normal 0.21918880325200477 -0.684792794989616 0.6949928751140286
    outer loop
      vertex 147.08407407407407 -10.50475787371397 9.515254819393158
      vertex 146.45675925925926 -9.98668571561575 10.223567785322667
      vertex 146.45675925925926 -10.56133409589529 9.657353246212006
    endloop
  endfacet
  facet normal 0.22388022047859557 -0.6814956333328399 0.6967362116516744
    outer loop
      vertex 147.08407407407407 -10.50475787371397 9.515254819393158
      vertex 147.08407407407407 -9.933187834918499 10.074322195351124
      vertex 146.45675925925926 -9.98668571561575 10.223567785322667
    endloop
  endfacet
  facet normal 0.23059271143860752 -0.626222382077361 0.744763405127257
    outer loop
      vertex 146.45675925925926 -9.98668571561575 10.223567785322667
      vertex 147.08407407407407 -9.933187834918499 10.074322195351124
      vertex 146.45675925925926 -9.368897378444672 10.743025214970112
    endloop
  endfacet
  facet normal 0.23515412262615137 -0.6228304095174595 0.7461801522368701
    outer loop
      vertex 147.08407407407407 -9.933187834918499 10.074322195351124
      vertex 147.08407407407407 -9.318708941340446 10.58722265213728
      vertex 146.45675925925926 -9.368897378444672 10.743025214970112
    endloop
  endfacet
  facet normal 0.24124933856976777 -0.5641937734664123 0.7896101206427005
    outer loop
      vertex 147.08407407407407 -9.318708941340446 10.58722265213728
      vertex 146.45675925925926 -8.708070859313011 11.21520027667284
      vertex 146.45675925925926 -9.368897378444672 10.743025214970112
    endloop
  endfacet
  facet normal 0.2455906933318069 -0.560824880867546 0.790671021568835
    outer loop
      vertex 147.08407407407407 -9.318708941340446 10.58722265213728
      vertex 147.08407407407407 -8.932386198959781 10.861242313996353
      vertex 146.78769685023212 -8.683461647319044 11.129862971787253
    endloop
  endfacet
  facet normal 0.2455906933317943 -0.5608248808675518 0.7906710215688348
    outer loop
      vertex 147.08407407407407 -9.318708941340446 10.58722265213728
      vertex 146.78769685023212 -8.683461647319044 11.129862971787253
      vertex 146.45675925925926 -8.708070859313011 11.21520027667284
    endloop
  endfacet
  facet normal 0.25094486548676276 -0.49966885803725697 0.8290703871165428
    outer loop
      vertex 146.45675925925926 -8.708070859313011 11.21520027667284
      vertex 146.78769685023212 -8.683461647319044 11.129862971787253
      vertex 146.7573593128807 -8.653074816760029 11.157359312880715
    endloop
  endfacet
  facet normal 0.25094486548676503 -0.4996688580372926 0.8290703871165207
    outer loop
      vertex 146.45675925925926 -8.708070859313011 11.21520027667284
      vertex 146.7573593128807 -8.653074816760029 11.157359312880715
      vertex 146.45675925925926 -8.253737712247128 11.489020362748347
    endloop
  endfacet
  facet normal 0.1182548099153426 0.992882570275515 0.014142191307337864
    outer loop
      vertex 146.45675925925926 13.912974171195549 0
      vertex 146.45675925925926 13.911888740956783 0.07620493471622458
      vertex 146.5008311951095 13.907725092852754 0
    endloop
  endfacet
  facet normal 0.11843206390317969 0.9928599596458806 0.014245938776131112
    outer loop
      vertex 146.45675925925926 13.911888740956783 0.07620493471622458
      vertex 147.08407407407407 13.837363861501217 0.05504666417837134
      vertex 146.5008311951095 13.907725092852754 0
    endloop
  endfacet
  facet normal 0.11843206390318065 0.9928599596458808 0.014245938776121292
    outer loop
      vertex 146.5008311951095 13.907725092852754 0
      vertex 147.08407407407407 13.837363861501217 0.05504666417837134
      vertex 147.08407407407407 13.838153692332943 0
    endloop
  endfacet
  facet normal 0.11968317377687687 0.991154527645673 0.05734666722815501
    outer loop
      vertex 146.45675925925926 13.911888740956783 0.07620493471622458
      vertex 146.45675925925926 13.840304099023342 1.3134423434734344
      vertex 147.08407407407407 13.837363861501217 0.05504666417837134
    endloop
  endfacet
  facet normal 0.12051451921571178 0.9910297032686733 0.05776138759942897
    outer loop
      vertex 147.08407407407407 13.837363861501217 0.05504666417837134
      vertex 146.45675925925926 13.840304099023342 1.3134423434734344
      vertex 147.08407407407407 13.766162693500519 1.2766667693853377
    endloop
  endfacet
  facet normal 0.12285618648420499 0.9867007871579935 0.10643267385701766
    outer loop
      vertex 146.45675925925926 13.840304099023342 1.3134423434734344
      vertex 146.45675925925926 13.721131645143032 2.4182492583990096
      vertex 147.08407407407407 13.766162693500519 1.2766667693853377
    endloop
  endfacet
  facet normal 0.12424918527814041 0.9864445572192956 0.10718803799933185
    outer loop
      vertex 147.08407407407407 13.766162693500519 1.2766667693853377
      vertex 146.45675925925926 13.721131645143032 2.4182492583990096
      vertex 147.08407407407407 13.647628635168076 2.3675280153751372
    endloop
  endfacet
  facet normal 0.12762133049446397 0.9788482888619475 0.15990254342836546
    outer loop
      vertex 146.45675925925926 13.721131645143032 2.4182492583990096
      vertex 146.45675925925926 13.55457178503275 3.4378505140542983
      vertex 147.08407407407407 13.647628635168076 2.3675280153751372
    endloop
  endfacet
  facet normal 0.129571041840783 0.9784109628719884 0.16100724470719469
    outer loop
      vertex 147.08407407407407 13.647628635168076 2.3675280153751372
      vertex 146.45675925925926 13.55457178503275 3.4378505140542983
      vertex 147.08407407407407 13.481961026787758 3.3742591381072997
    endloop
  endfacet
  facet normal 0.13389661041673473 0.9670143030299052 0.21669110608074243
    outer loop
      vertex 147.08407407407407 13.481961026787758 3.3742591381072997
      vertex 146.45675925925926 13.55457178503275 3.4378505140542983
      vertex 146.45675925925926 13.340899966657162 4.3913908243179325
    endloop
  endfacet
  facet normal 0.13638711612186574 0.9663416498840621 0.21813383564983463
    outer loop
      vertex 147.08407407407407 13.481961026787758 3.3742591381072997
      vertex 146.45675925925926 13.340899966657162 4.3913908243179325
      vertex 147.08407407407407 13.269433826208115 4.315763169527054
    endloop
  endfacet
  facet normal 0.1415792357246195 0.9506700041711666 0.2760106215000186
    outer loop
      vertex 146.45675925925926 13.340899966657162 4.3913908243179325
      vertex 146.45675925925926 13.08046118170023 5.288426378369332
      vertex 147.08407407407407 13.269433826208115 4.315763169527054
    endloop
  endfacet
  facet normal 0.1445819995080302 0.9497079772296455 0.27776033446954834
    outer loop
      vertex 147.08407407407407 13.269433826208115 4.315763169527054
      vertex 146.45675925925926 13.08046118170023 5.288426378369332
      vertex 147.08407407407407 13.010390192270279 5.201475688815117
    endloop
  endfacet
  facet normal 0.1505366258310889 0.9293446976487908 0.33713077171250366
    outer loop
      vertex 147.08407407407407 13.010390192270279 5.201475688815117
      vertex 146.45675925925926 13.08046118170023 5.288426378369332
      vertex 146.45675925925926 12.773662559688091 6.13415657132864
    endloop
  endfacet
  facet normal 0.15400939012291628 0.928044960531676 0.33913663763404756
    outer loop
      vertex 147.08407407407407 13.010390192270279 5.201475688815117
      vertex 146.45675925925926 12.773662559688091 6.13415657132864
      vertex 147.08407407407407 12.705235071480274 6.036530473828316
    endloop
  endfacet
  facet normal 0.17579435060605833 0.8682388918215106 0.46395858977235205
    outer loop
      vertex 146.45675925925926 12.022862628102303 7.681955190002919
      vertex 147.08407407407407 11.958457112312317 7.564791658520699
      vertex 147.08407407407407 12.354425370693207 6.8237879365682605
    endloop
  endfacet
  facet normal 0.1606006582350751 0.9026484766417865 0.3992908165619679
    outer loop
      vertex 147.08407407407407 12.705235071480274 6.036530473828316
      vertex 146.45675925925926 12.773662559688091 6.13415657132864
      vertex 146.45675925925926 12.420963481068611 6.93147840499878
    endloop
  endfacet
  facet normal 0.1644868914238511 0.9009746410481028 0.4014831985749347
    outer loop
      vertex 147.08407407407407 12.705235071480274 6.036530473828316
      vertex 146.45675925925926 12.420963481068611 6.93147840499878
      vertex 147.08407407407407 12.354425370693207 6.8237879365682605
    endloop
  endfacet
  facet normal 0.17156520302342484 0.8703048427897223 0.46166531354249246
    outer loop
      vertex 146.45675925925926 12.022862628102303 7.681955190002919
      vertex 147.08407407407407 12.354425370693207 6.8237879365682605
      vertex 146.45675925925926 12.420963481068611 6.93147840499878
    endloop
  endfacet
  facet normal 0.1831875863492842 0.8321870857796362 0.5233612160536162
    outer loop
      vertex 146.45675925925926 12.022862628102303 7.681955190002919
      vertex 146.45675925925926 11.579881183803082 8.38633187264204
      vertex 147.08407407407407 11.958457112312317 7.564791658520699
    endloop
  endfacet
  facet normal 0.18767660747529286 0.8297349662690486 0.5256589928433313
    outer loop
      vertex 147.08407407407407 11.958457112312317 7.564791658520699
      vertex 146.45675925925926 11.579881183803082 8.38633187264204
      vertex 147.08407407407407 11.517848677933216 8.260277190804482
    endloop
  endfacet
  facet normal 0.19985079972364023 0.7855470389944225 0.585641107997822
    outer loop
      vertex 147.08407407407407 11.517848677933216 8.260277190804482
      vertex 146.45675925925926 11.092540748417377 9.04483405649662
      vertex 147.08407407407407 11.033118888735771 8.910467290878296
    endloop
  endfacet
  facet normal 0.1951948204040172 0.7883516417667276 0.5834386608814577
    outer loop
      vertex 147.08407407407407 11.517848677933216 8.260277190804482
      vertex 146.45675925925926 11.579881183803082 8.38633187264204
      vertex 146.45675925925926 11.092540748417377 9.04483405649662
    endloop
  endfacet
  facet normal 0.21918880325200477 0.684792794989616 0.6949928751140286
    outer loop
      vertex 147.08407407407407 10.50475787371397 9.515254819393158
      vertex 146.45675925925926 10.56133409589529 9.657353246212006
      vertex 146.45675925925926 9.98668571561575 10.223567785322667
    endloop
  endfacet
  facet normal 0.23515412262615137 0.6228304095174595 0.7461801522368701
    outer loop
      vertex 147.08407407407407 9.318708941340446 10.58722265213728
      vertex 147.08407407407407 9.933187834918499 10.074322195351124
      vertex 146.45675925925926 9.368897378444672 10.743025214970112
    endloop
  endfacet
  facet normal 0.22388022047859557 0.6814956333328399 0.6967362116516744
    outer loop
      vertex 147.08407407407407 10.50475787371397 9.515254819393158
      vertex 146.45675925925926 9.98668571561575 10.223567785322667
      vertex 147.08407407407407 9.933187834918499 10.074322195351124
    endloop
  endfacet
  facet normal 0.23059271143860752 0.626222382077361 0.744763405127257
    outer loop
      vertex 146.45675925925926 9.368897378444672 10.743025214970112
      vertex 147.08407407407407 9.933187834918499 10.074322195351124
      vertex 146.45675925925926 9.98668571561575 10.223567785322667
    endloop
  endfacet
  facet normal 0.25094486548676387 0.49966885803727484 0.8290703871165316
    outer loop
      vertex 146.45675925925926 8.708070859313011 11.21520027667284
      vertex 146.7573593128807 8.653074816760029 11.157359312880715
      vertex 146.78769685023212 8.683461647319042 11.129862971787253
    endloop
  endfacet
  facet normal 0.25094486548676503 0.4996688580372926 0.8290703871165207
    outer loop
      vertex 146.45675925925926 8.708070859313011 11.21520027667284
      vertex 146.45675925925926 8.253737712247128 11.489020362748347
      vertex 146.7573593128807 8.653074816760029 11.157359312880715
    endloop
  endfacet
  facet normal 0.24124933856976777 0.5641937734664123 0.7896101206427005
    outer loop
      vertex 146.45675925925926 8.708070859313011 11.21520027667284
      vertex 147.08407407407407 9.318708941340446 10.58722265213728
      vertex 146.45675925925926 9.368897378444672 10.743025214970112
    endloop
  endfacet
  facet normal 0.24559069333180367 0.5608248808675466 0.7906710215688357
    outer loop
      vertex 147.08407407407407 9.318708941340446 10.58722265213728
      vertex 146.78769685023212 8.683461647319042 11.129862971787253
      vertex 147.08407407407407 8.932386198959781 10.861242313996353
    endloop
  endfacet
  facet normal 0.2455906933317973 0.5608248808675494 0.7906710215688356
    outer loop
      vertex 146.45675925925926 8.708070859313011 11.21520027667284
      vertex 146.78769685023212 8.683461647319042 11.129862971787253
      vertex 147.08407407407407 9.318708941340446 10.58722265213728
    endloop
  endfacet
  facet normal 0.20729435547178585 0.7390614250113624 0.6409502790776451
    outer loop
      vertex 147.08407407407407 11.033118888735771 8.910467290878296
      vertex 146.45675925925926 11.092540748417377 9.04483405649662
      vertex 146.45675925925926 10.56133409589529 9.657353246212006
    endloop
  endfacet
  facet normal 0.21201833638044046 0.7359665422307433 0.6429630422935629
    outer loop
      vertex 147.08407407407407 11.033118888735771 8.910467290878296
      vertex 146.45675925925926 10.56133409589529 9.657353246212006
      vertex 147.08407407407407 10.50475787371397 9.515254819393158
    endloop
  endfacet
  facet normal 0.12832910637383804 -0.9916295661053302 0.01422828461363944
    outer loop
      vertex 147.08407407407407 -13.838153692332943 0
      vertex 147.12229104638448 -13.833207944371665 0
      vertex 147.08407407407407 -13.837363861501217 0.05504666417837134
    endloop
  endfacet
  facet normal 0.12850774598695586 -0.9916046169764445 0.014354191455836317
    outer loop
      vertex 147.12229104638448 -13.833207944371665 0
      vertex 147.8225 -13.74204134196043 0.029186563193797976
      vertex 147.08407407407407 -13.837363861501217 0.05504666417837134
    endloop
  endfacet
  facet normal 0.12980032911609418 -0.9898602759746207 0.05769322844841832
    outer loop
      vertex 147.08407407407407 -13.837363861501217 0.05504666417837134
      vertex 147.8225 -13.74204134196043 0.029186563193797976
      vertex 147.08407407407407 -13.766162693500519 1.2766667693853377
    endloop
  endfacet
  facet normal 0.12850774598695516 -0.9916046169764444 0.01435419145585314
    outer loop
      vertex 147.12229104638448 -13.833207944371665 0
      vertex 147.8225 -13.7424638384967 0
      vertex 147.8225 -13.74204134196043 0.029186563193797976
    endloop
  endfacet
  facet normal 0.13064673687044465 -0.9897194263493997 0.058196969437591894
    outer loop
      vertex 147.8225 -13.74204134196043 0.029186563193797976
      vertex 147.8225 -13.671330660581589 1.2317188546061515
      vertex 147.08407407407407 -13.766162693500519 1.2766667693853377
    endloop
  endfacet
  facet normal 0.1330548825728854 -0.9853088666199652 0.10706463273927379
    outer loop
      vertex 147.08407407407407 -13.766162693500519 1.2766667693853377
      vertex 147.8225 -13.671330660581589 1.2317188546061515
      vertex 147.08407407407407 -13.647628635168076 2.3675280153751372
    endloop
  endfacet
  facet normal 0.13447638385795602 -0.9850156564894357 0.10798267756994048
    outer loop
      vertex 147.8225 -13.671330660581589 1.2317188546061515
      vertex 147.8225 -13.553613156080246 2.305535392463207
      vertex 147.08407407407407 -13.647628635168076 2.3675280153751372
    endloop
  endfacet
  facet normal 0.13792991443327296 -0.9772977848954414 0.16082406021144205
    outer loop
      vertex 147.08407407407407 -13.647628635168076 2.3675280153751372
      vertex 147.8225 -13.553613156080246 2.305535392463207
      vertex 147.08407407407407 -13.481961026787758 3.3742591381072997
    endloop
  endfacet
  facet normal 0.13992322913343613 -0.9767923079692336 0.16216743520512994
    outer loop
      vertex 147.8225 -13.553613156080246 2.305535392463207
      vertex 147.8225 -13.389086797833443 3.296536335349083
      vertex 147.08407407407407 -13.481961026787758 3.3742591381072997
    endloop
  endfacet
  facet normal 0.14433519011021395 -0.9652425398694812 0.21788573180032092
    outer loop
      vertex 147.8225 -13.389086797833443 3.296536335349083
      vertex 147.08407407407407 -13.269433826208115 4.315763169527054
      vertex 147.08407407407407 -13.481961026787758 3.3742591381072997
    endloop
  endfacet
  facet normal 0.14688500843858862 -0.9644597205889698 0.21964116567128758
    outer loop
      vertex 147.8225 -13.389086797833443 3.296536335349083
      vertex 147.8225 -13.178023651242256 4.223329374194146
      vertex 147.08407407407407 -13.269433826208115 4.315763169527054
    endloop
  endfacet
  facet normal 0.15215904090322493 -0.948616884618408 0.2774412234839603
    outer loop
      vertex 147.08407407407407 -13.269433826208115 4.315763169527054
      vertex 147.8225 -13.178023651242256 4.223329374194146
      vertex 147.08407407407407 -13.010390192270279 5.201475688815117
    endloop
  endfacet
  facet normal 0.15523637605410073 -0.9474921508673074 0.27957162158279464
    outer loop
      vertex 147.8225 -13.178023651242256 4.223329374194146
      vertex 147.8225 -12.92076450586319 5.095202633738518
      vertex 147.08407407407407 -13.010390192270279 5.201475688815117
    endloop
  endfacet
  facet normal 0.16125938858710293 -0.9269579407836365 0.3387394066397855
    outer loop
      vertex 147.08407407407407 -13.010390192270279 5.201475688815117
      vertex 147.8225 -12.92076450586319 5.095202633738518
      vertex 147.08407407407407 -12.705235071480274 6.036530473828316
    endloop
  endfacet
  facet normal 0.1648202864543663 -0.9254338893501809 0.3411838062031926
    outer loop
      vertex 147.8225 -12.92076450586319 5.095202633738518
      vertex 147.8225 -12.617711529135704 5.917209686338902
      vertex 147.08407407407407 -12.705235071480274 6.036530473828316
    endloop
  endfacet
  facet normal 0.17145813059354806 -0.8998896292162312 0.4009997065864758
    outer loop
      vertex 147.08407407407407 -12.705235071480274 6.036530473828316
      vertex 147.8225 -12.617711529135704 5.917209686338902
      vertex 147.08407407407407 -12.354425370693207 6.8237879365682605
    endloop
  endfacet
  facet normal 0.17544319176292758 -0.897923439013018 0.40367460179589176
    outer loop
      vertex 147.8225 -12.617711529135704 5.917209686338902
      vertex 147.8225 -12.269318483769894 6.692166247963906
      vertex 147.08407407407407 -12.354425370693207 6.8237879365682605
    endloop
  endfacet
  facet normal 0.18253925960348816 -0.8671555214358101 0.46337967191796264
    outer loop
      vertex 147.8225 -12.269318483769894 6.692166247963906
      vertex 147.08407407407407 -11.958457112312317 7.564791658520699
      vertex 147.08407407407407 -12.354425370693207 6.8237879365682605
    endloop
  endfacet
  facet normal 0.18687415375187594 -0.864726456871026 0.4661825880991288
    outer loop
      vertex 147.8225 -12.269318483769894 6.692166247963906
      vertex 147.8225 -11.876077957451344 7.421591790020466
      vertex 147.08407407407407 -11.958457112312317 7.564791658520699
    endloop
  endfacet
  facet normal 0.19425121462148612 -0.8286544875970404 0.524974481097285
    outer loop
      vertex 147.8225 -11.876077957451344 7.421591790020466
      vertex 147.08407407407407 -11.517848677933216 8.260277190804482
      vertex 147.08407407407407 -11.958457112312317 7.564791658520699
    endloop
  endfacet
  facet normal 0.19884839047990555 -0.8257704286386062 0.5277902204375935
    outer loop
      vertex 147.8225 -11.876077957451344 7.421591790020466
      vertex 147.8225 -11.438504785299301 8.106210359930992
      vertex 147.08407407407407 -11.517848677933216 8.260277190804482
    endloop
  endfacet
  facet normal 0.20631388371016546 -0.784472349228292 0.5848399051746324
    outer loop
      vertex 147.08407407407407 -11.517848677933216 8.260277190804482
      vertex 147.8225 -11.438504785299301 8.106210359930992
      vertex 147.08407407407407 -11.033118888735771 8.910467290878296
    endloop
  endfacet
  facet normal 0.21843034074610132 -0.7349023206209938 0.6420333055125879
    outer loop
      vertex 147.08407407407407 -11.033118888735771 8.910467290878296
      vertex 147.8225 -10.957114189863205 8.746241235733033
      vertex 147.08407407407407 -10.50475787371397 9.515254819393158
    endloop
  endfacet
  facet normal 0.2110757602184878 -0.7811739172920953 0.5875494314444617
    outer loop
      vertex 147.8225 -11.438504785299301 8.106210359930992
      vertex 147.8225 -10.957114189863205 8.746241235733033
      vertex 147.08407407407407 -11.033118888735771 8.910467290878296
    endloop
  endfacet
  facet normal 0.22325345431271715 -0.7312636126030728 0.6445241842011381
    outer loop
      vertex 147.8225 -10.957114189863205 8.746241235733033
      vertex 147.8225 -10.432392932474613 9.341578961908818
      vertex 147.08407407407407 -10.50475787371397 9.515254819393158
    endloop
  endfacet
  facet normal 0.2303019855190829 -0.6804485440686189 0.6956657058824052
    outer loop
      vertex 147.08407407407407 -10.50475787371397 9.515254819393158
      vertex 147.8225 -10.432392932474613 9.341578961908818
      vertex 147.08407407407407 -9.933187834918499 10.074322195351124
    endloop
  endfacet
  facet normal 0.23508203106772393 -0.6765735573820109 0.6978428620545778
    outer loop
      vertex 147.8225 -10.432392932474613 9.341578961908818
      vertex 147.8225 -9.86476031690836 9.89191090464592
      vertex 147.08407407407407 -9.933187834918499 10.074322195351124
    endloop
  endfacet
  facet normal 0.2416456252686569 -0.6218092769075334 0.7449567872972569
    outer loop
      vertex 147.8225 -9.86476031690836 9.89191090464592
      vertex 147.08407407407407 -9.318708941340446 10.58722265213728
      vertex 147.08407407407407 -9.933187834918499 10.074322195351124
    endloop
  endfacet
  facet normal 0.24628249554011086 -0.6178243219529083 0.746751658581328
    outer loop
      vertex 147.08407407407407 -9.318708941340446 10.58722265213728
      vertex 147.66657860188238 -9.299282280778037 10.41118232618473
      vertex 147.61319791166738 -9.27270994926753 10.450772144243057
    endloop
  endfacet
  facet normal 0.24628249554010523 -0.6178243219529123 0.7467516585813267
    outer loop
      vertex 147.8225 -9.86476031690836 9.89191090464592
      vertex 147.8225 -9.350085525301687 10.317726636685595
      vertex 147.66657860188238 -9.299282280778037 10.41118232618473
    endloop
  endfacet
  facet normal 0.2462824955401104 -0.6178243219529106 0.7467516585813263
    outer loop
      vertex 147.8225 -9.86476031690836 9.89191090464592
      vertex 147.66657860188238 -9.299282280778037 10.41118232618473
      vertex 147.08407407407407 -9.318708941340446 10.58722265213728
    endloop
  endfacet
  facet normal 0.2522098646257214 -0.5598407449062697 0.789283551411195
    outer loop
      vertex 147.08407407407407 -9.318708941340446 10.58722265213728
      vertex 147.61319791166738 -9.27270994926753 10.450772144243057
      vertex 147.19364029501813 -9.023030098595097 10.761937279823579
    endloop
  endfacet
  facet normal 0.2522098646257194 -0.5598407449062693 0.7892835514111958
    outer loop
      vertex 147.08407407407407 -9.318708941340446 10.58722265213728
      vertex 147.19364029501813 -9.023030098595097 10.761937279823579
      vertex 147.08407407407407 -8.932386198959781 10.861242313996353
    endloop
  endfacet
  facet normal 0.12832910637383804 0.9916295661053302 0.01422828461363944
    outer loop
      vertex 147.08407407407407 13.838153692332943 0
      vertex 147.08407407407407 13.837363861501217 0.05504666417837134
      vertex 147.12229104638448 13.833207944371665 0
    endloop
  endfacet
  facet normal 0.12850774598695586 0.9916046169764445 0.014354191455836317
    outer loop
      vertex 147.12229104638448 13.833207944371665 0
      vertex 147.08407407407407 13.837363861501217 0.05504666417837134
      vertex 147.8225 13.74204134196043 0.029186563193797976
    endloop
  endfacet
  facet normal 0.12980032911609418 0.9898602759746207 0.05769322844841832
    outer loop
      vertex 147.08407407407407 13.837363861501217 0.05504666417837134
      vertex 147.08407407407407 13.766162693500519 1.2766667693853377
      vertex 147.8225 13.74204134196043 0.029186563193797976
    endloop
  endfacet
  facet normal 0.12850774598695516 0.9916046169764444 0.01435419145585314
    outer loop
      vertex 147.12229104638448 13.833207944371665 0
      vertex 147.8225 13.74204134196043 0.029186563193797976
      vertex 147.8225 13.7424638384967 0
    endloop
  endfacet
  facet normal 0.13064673687044465 0.9897194263493997 0.058196969437591894
    outer loop
      vertex 147.8225 13.74204134196043 0.029186563193797976
      vertex 147.08407407407407 13.766162693500519 1.2766667693853377
      vertex 147.8225 13.671330660581589 1.2317188546061515
    endloop
  endfacet
  facet normal 0.1330548825728854 0.9853088666199652 0.10706463273927379
    outer loop
      vertex 147.08407407407407 13.766162693500519 1.2766667693853377
      vertex 147.08407407407407 13.647628635168076 2.3675280153751372
      vertex 147.8225 13.671330660581589 1.2317188546061515
    endloop
  endfacet
  facet normal 0.13447638385795602 0.9850156564894357 0.10798267756994048
    outer loop
      vertex 147.8225 13.671330660581589 1.2317188546061515
      vertex 147.08407407407407 13.647628635168076 2.3675280153751372
      vertex 147.8225 13.553613156080246 2.305535392463207
    endloop
  endfacet
  facet normal 0.13792991443327296 0.9772977848954414 0.16082406021144205
    outer loop
      vertex 147.08407407407407 13.647628635168076 2.3675280153751372
      vertex 147.08407407407407 13.481961026787758 3.3742591381072997
      vertex 147.8225 13.553613156080246 2.305535392463207
    endloop
  endfacet
  facet normal 0.13992322913343613 0.9767923079692336 0.16216743520512994
    outer loop
      vertex 147.8225 13.553613156080246 2.305535392463207
      vertex 147.08407407407407 13.481961026787758 3.3742591381072997
      vertex 147.8225 13.389086797833443 3.296536335349083
    endloop
  endfacet
  facet normal 0.14433519011021395 0.9652425398694812 0.21788573180032092
    outer loop
      vertex 147.8225 13.389086797833443 3.296536335349083
      vertex 147.08407407407407 13.481961026787758 3.3742591381072997
      vertex 147.08407407407407 13.269433826208115 4.315763169527054
    endloop
  endfacet
  facet normal 0.14688500843858862 0.9644597205889698 0.21964116567128758
    outer loop
      vertex 147.8225 13.389086797833443 3.296536335349083
      vertex 147.08407407407407 13.269433826208115 4.315763169527054
      vertex 147.8225 13.178023651242256 4.223329374194146
    endloop
  endfacet
  facet normal 0.15215904090322493 0.948616884618408 0.2774412234839603
    outer loop
      vertex 147.08407407407407 13.269433826208115 4.315763169527054
      vertex 147.08407407407407 13.010390192270279 5.201475688815117
      vertex 147.8225 13.178023651242256 4.223329374194146
    endloop
  endfacet
  facet normal 0.15523637605410073 0.9474921508673074 0.27957162158279464
    outer loop
      vertex 147.8225 13.178023651242256 4.223329374194146
      vertex 147.08407407407407 13.010390192270279 5.201475688815117
      vertex 147.8225 12.92076450586319 5.095202633738518
    endloop
  endfacet
  facet normal 0.16125938858710293 0.9269579407836365 0.3387394066397855
    outer loop
      vertex 147.08407407407407 13.010390192270279 5.201475688815117
      vertex 147.08407407407407 12.705235071480274 6.036530473828316
      vertex 147.8225 12.92076450586319 5.095202633738518
    endloop
  endfacet
  facet normal 0.1648202864543663 0.9254338893501809 0.3411838062031926
    outer loop
      vertex 147.8225 12.92076450586319 5.095202633738518
      vertex 147.08407407407407 12.705235071480274 6.036530473828316
      vertex 147.8225 12.617711529135704 5.917209686338902
    endloop
  endfacet
  facet normal 0.18253925960348816 0.8671555214358101 0.46337967191796264
    outer loop
      vertex 147.8225 12.269318483769894 6.692166247963906
      vertex 147.08407407407407 12.354425370693207 6.8237879365682605
      vertex 147.08407407407407 11.958457112312317 7.564791658520699
    endloop
  endfacet
  facet normal 0.18687415375187594 0.864726456871026 0.4661825880991288
    outer loop
      vertex 147.8225 12.269318483769894 6.692166247963906
      vertex 147.08407407407407 11.958457112312317 7.564791658520699
      vertex 147.8225 11.876077957451344 7.421591790020466
    endloop
  endfacet
  facet normal 0.17145813059354806 0.8998896292162312 0.4009997065864758
    outer loop
      vertex 147.08407407407407 12.705235071480274 6.036530473828316
      vertex 147.08407407407407 12.354425370693207 6.8237879365682605
      vertex 147.8225 12.617711529135704 5.917209686338902
    endloop
  endfacet
  facet normal 0.17544319176292758 0.897923439013018 0.40367460179589176
    outer loop
      vertex 147.8225 12.617711529135704 5.917209686338902
      vertex 147.08407407407407 12.354425370693207 6.8237879365682605
      vertex 147.8225 12.269318483769894 6.692166247963906
    endloop
  endfacet
  facet normal 0.19425121462148612 0.8286544875970404 0.524974481097285
    outer loop
      vertex 147.8225 11.876077957451344 7.421591790020466
      vertex 147.08407407407407 11.958457112312317 7.564791658520699
      vertex 147.08407407407407 11.517848677933216 8.260277190804482
    endloop
  endfacet
  facet normal 0.19884839047990555 0.8257704286386062 0.5277902204375935
    outer loop
      vertex 147.8225 11.876077957451344 7.421591790020466
      vertex 147.08407407407407 11.517848677933216 8.260277190804482
      vertex 147.8225 11.438504785299301 8.106210359930992
    endloop
  endfacet
  facet normal 0.20631388371016546 0.784472349228292 0.5848399051746324
    outer loop
      vertex 147.08407407407407 11.517848677933216 8.260277190804482
      vertex 147.08407407407407 11.033118888735771 8.910467290878296
      vertex 147.8225 11.438504785299301 8.106210359930992
    endloop
  endfacet
  facet normal 0.21843034074610132 0.7349023206209938 0.6420333055125879
    outer loop
      vertex 147.08407407407407 11.033118888735771 8.910467290878296
      vertex 147.08407407407407 10.50475787371397 9.515254819393158
      vertex 147.8225 10.957114189863205 8.746241235733033
    endloop
  endfacet
  facet normal 0.2110757602184878 0.7811739172920953 0.5875494314444617
    outer loop
      vertex 147.8225 11.438504785299301 8.106210359930992
      vertex 147.08407407407407 11.033118888735771 8.910467290878296
      vertex 147.8225 10.957114189863205 8.746241235733033
    endloop
  endfacet
  facet normal 0.2303019855190829 0.6804485440686188 0.6956657058824052
    outer loop
      vertex 147.8225 10.432392932474613 9.341578961908818
      vertex 147.08407407407407 10.50475787371397 9.515254819393158
      vertex 147.08407407407407 9.933187834918499 10.074322195351124
    endloop
  endfacet
  facet normal 0.23508203106772393 0.6765735573820109 0.6978428620545778
    outer loop
      vertex 147.8225 10.432392932474613 9.341578961908818
      vertex 147.08407407407407 9.933187834918499 10.074322195351124
      vertex 147.8225 9.86476031690836 9.89191090464592
    endloop
  endfacet
  facet normal 0.24628249554011086 0.6178243219529083 0.746751658581328
    outer loop
      vertex 147.08407407407407 9.318708941340446 10.58722265213728
      vertex 147.61319791166738 9.27270994926753 10.450772144243057
      vertex 147.66657860188238 9.299282280778037 10.41118232618473
    endloop
  endfacet
  facet normal 0.2416456252686569 0.6218092769075334 0.7449567872972569
    outer loop
      vertex 147.8225 9.86476031690836 9.89191090464592
      vertex 147.08407407407407 9.933187834918499 10.074322195351124
      vertex 147.08407407407407 9.318708941340446 10.58722265213728
    endloop
  endfacet
  facet normal 0.24628249554010523 0.6178243219529123 0.7467516585813267
    outer loop
      vertex 147.8225 9.86476031690836 9.89191090464592
      vertex 147.66657860188238 9.299282280778037 10.41118232618473
      vertex 147.8225 9.350085525301687 10.317726636685595
    endloop
  endfacet
  facet normal 0.2462824955401104 0.6178243219529106 0.7467516585813263
    outer loop
      vertex 147.8225 9.86476031690836 9.89191090464592
      vertex 147.08407407407407 9.318708941340446 10.58722265213728
      vertex 147.66657860188238 9.299282280778037 10.41118232618473
    endloop
  endfacet
  facet normal 0.2522098646257194 0.5598407449062693 0.7892835514111958
    outer loop
      vertex 147.08407407407407 9.318708941340446 10.58722265213728
      vertex 147.08407407407407 8.932386198959781 10.861242313996353
      vertex 147.19364029501813 9.023030098595097 10.761937279823579
    endloop
  endfacet
  facet normal 0.2522098646257214 0.5598407449062697 0.789283551411195
    outer loop
      vertex 147.08407407407407 9.318708941340446 10.58722265213728
      vertex 147.19364029501813 9.023030098595097 10.761937279823579
      vertex 147.61319791166738 9.27270994926753 10.450772144243057
    endloop
  endfacet
  facet normal 0.22325345431271715 0.7312636126030728 0.6445241842011381
    outer loop
      vertex 147.8225 10.432392932474613 9.341578961908818
      vertex 147.8225 10.957114189863205 8.746241235733033
      vertex 147.08407407407407 10.50475787371397 9.515254819393158
    endloop
  endfacet
  facet normal 0.16044674975954054 -0.9869410981216717 0.014286683659546615
    outer loop
      vertex 147.8225 -13.7424638384967 0
      vertex 147.84443829154762 -13.73889733632064 0
      vertex 147.8225 -13.74204134196043 0.029186563193797976
    endloop
  endfacet
  facet normal 0.1606266952724056 -0.9869098110568735 0.014425311280936425
    outer loop
      vertex 147.8225 -13.74204134196043 0.029186563193797976
      vertex 147.84443829154762 -13.73889733632064 0
      vertex 148.56748616853858 -13.62121607537501 0
    endloop
  endfacet
  facet normal 0.16203467488629555 -0.9850835149273254 0.057924370975594115
    outer loop
      vertex 147.8225 -13.74204134196043 0.029186563193797976
      vertex 148.56748616853858 -13.62121607537501 0
      vertex 148.60172248845947 -13.615584602628159 0
    endloop
  endfacet
  facet normal 0.16203467488624326 -0.9850835149274474 0.05792437097366774
    outer loop
      vertex 147.8225 -13.74204134196043 0.029186563193797976
      vertex 148.60172248845947 -13.615584602628159 0
      vertex 147.8225 -13.671330660581589 1.2317188546061515
    endloop
  endfacet
  facet normal 0.1628970758831392 -0.9849085649971071 0.058477869865972525
    outer loop
      vertex 148.60172248845947 -13.615584602628159 0
      vertex 148.6025925925926 -13.615440693412586 0
      vertex 148.6025925925926 -13.545462690293789 1.1785985842347144
    endloop
  endfacet
  facet normal 0.16289707588544589 -0.9849085649967273 0.058477869865948225
    outer loop
      vertex 148.60172248845947 -13.615584602628159 0
      vertex 148.6025925925926 -13.545462690293789 1.1785985842347144
      vertex 147.8225 -13.671330660581589 1.2317188546061515
    endloop
  endfacet
  facet normal 0.16549561844385863 -0.9803374099654184 0.10746982319786275
    outer loop
      vertex 147.8225 -13.671330660581589 1.2317188546061515
      vertex 148.6025925925926 -13.545462690293789 1.1785985842347144
      vertex 147.8225 -13.553613156080246 2.305535392463207
    endloop
  endfacet
  facet normal 0.16694619432590227 -0.9799805156934969 0.10847652769703676
    outer loop
      vertex 148.6025925925926 -13.545462690293789 1.1785985842347144
      vertex 148.6025925925926 -13.428828977048397 2.2322713822126388
      vertex 147.8225 -13.553613156080246 2.305535392463207
    endloop
  endfacet
  facet normal 0.1706423456732919 -0.972028197373583 0.16137649572902324
    outer loop
      vertex 147.8225 -13.553613156080246 2.305535392463207
      vertex 148.6025925925926 -13.428828977048397 2.2322713822126388
      vertex 147.8225 -13.389086797833443 3.296536335349083
    endloop
  endfacet
  facet normal 0.17267811423450444 -0.9714233966152718 0.16284610333951474
    outer loop
      vertex 148.6025925925926 -13.428828977048397 2.2322713822126388
      vertex 148.6025925925926 -13.265817359089851 3.204682120680809
      vertex 147.8225 -13.389086797833443 3.296536335349083
    endloop
  endfacet
  facet normal 0.17736267262704697 -0.9595767287006887 0.21852913786192452
    outer loop
      vertex 147.8225 -13.389086797833443 3.296536335349083
      vertex 148.6025925925926 -13.265817359089851 3.204682120680809
      vertex 147.8225 -13.178023651242256 4.223329374194146
    endloop
  endfacet
  facet normal 0.17996723699074094 -0.9586533087735446 0.22044415888712818
    outer loop
      vertex 148.6025925925926 -13.265817359089851 3.204682120680809
      vertex 148.6025925925926 -13.05669741332531 4.114089423418045
      vertex 147.8225 -13.178023651242256 4.223329374194146
    endloop
  endfacet
  facet normal 0.18552244720335603 -0.9424689289027703 0.2780894453886062
    outer loop
      vertex 148.6025925925926 -13.05669741332531 4.114089423418045
      vertex 147.8225 -12.92076450586319 5.095202633738518
      vertex 147.8225 -13.178023651242256 4.223329374194146
    endloop
  endfacet
  facet normal 0.18866441505745812 -0.9411579073072273 0.28040601278165855
    outer loop
      vertex 148.6025925925926 -13.05669741332531 4.114089423418045
      vertex 148.6025925925926 -12.801806785166264 4.969607205688954
      vertex 147.8225 -12.92076450586319 5.095202633738518
    endloop
  endfacet
  facet normal 0.19495633555992836 -0.9202624559201029 0.3392772309615626
    outer loop
      vertex 148.6025925925926 -12.801806785166264 4.969607205688954
      vertex 147.8225 -12.617711529135704 5.917209686338902
      vertex 147.8225 -12.92076450586319 5.095202633738518
    endloop
  endfacet
  facet normal 0.19858822151965969 -0.9185040451047308 0.3419254851570808
    outer loop
      vertex 148.6025925925926 -12.801806785166264 4.969607205688954
      vertex 148.6025925925926 -12.501543924212456 5.776194208860398
      vertex 147.8225 -12.617711529135704 5.917209686338902
    endloop
  endfacet
  facet normal 0.20546286091299296 -0.8926109567012211 0.40128629775059416
    outer loop
      vertex 148.6025925925926 -12.501543924212456 5.776194208860398
      vertex 147.8225 -12.269318483769894 6.692166247963906
      vertex 147.8225 -12.617711529135704 5.917209686338902
    endloop
  endfacet
  facet normal 0.20952075949752808 -0.8903627611495879 0.4041722465702722
    outer loop
      vertex 148.6025925925926 -12.501543924212456 5.776194208860398
      vertex 148.6025925925926 -12.156358428299427 6.536613346636296
      vertex 147.8225 -12.269318483769894 6.692166247963906
    endloop
  endfacet
  facet normal 0.21680362698867267 -0.8592966310755034 0.46325531529260044
    outer loop
      vertex 147.8225 -12.269318483769894 6.692166247963906
      vertex 148.6025925925926 -12.156358428299427 6.536613346636296
      vertex 147.8225 -11.876077957451344 7.421591790020466
    endloop
  endfacet
  facet normal 0.22120823114521881 -0.8565416136399082 0.4662653563977764
    outer loop
      vertex 148.6025925925926 -12.156358428299427 6.536613346636296
      vertex 148.6025925925926 -11.76673835515976 7.25235557705164
      vertex 147.8225 -11.876077957451344 7.421591790020466
    endloop
  endfacet
  facet normal 0.22870739686646868 -0.8202640141225187 0.5242708019279504
    outer loop
      vertex 147.8225 -11.876077957451344 7.421591790020466
      vertex 148.6025925925926 -11.76673835515976 7.25235557705164
      vertex 147.8225 -11.438504785299301 8.106210359930992
    endloop
  endfacet
  facet normal 0.23336629390351812 -0.8170171061596947 0.5272790732735133
    outer loop
      vertex 148.6025925925926 -11.76673835515976 7.25235557705164
      vertex 148.6025925925926 -11.33319379389286 7.9241313800215725
      vertex 147.8225 -11.438504785299301 8.106210359930992
    endloop
  endfacet
  facet normal 0.2408789521290737 -0.7756479586617093 0.5833931561521123
    outer loop
      vertex 147.8225 -11.438504785299301 8.106210359930992
      vertex 148.6025925925926 -11.33319379389286 7.9241313800215725
      vertex 147.8225 -10.957114189863205 8.746241235733033
    endloop
  endfacet
  facet normal 0.24569033125053633 -0.7719598511233132 0.5862714809571362
    outer loop
      vertex 148.6025925925926 -11.33319379389286 7.9241313800215725
      vertex 148.6025925925926 -10.856235221028328 8.55215590596199
      vertex 147.8225 -10.957114189863205 8.746241235733033
    endloop
  endfacet
  facet normal 0.25301235276577566 -0.725789129397435 0.6396990612752532
    outer loop
      vertex 147.8225 -10.957114189863205 8.746241235733033
      vertex 148.6025925925926 -10.856235221028328 8.55215590596199
      vertex 147.8225 -10.432392932474613 9.341578961908818
    endloop
  endfacet
  facet normal 0.2578697521476801 -0.7217461280064722 0.6423283565552429
    outer loop
      vertex 148.6025925925926 -10.856235221028328 8.55215590596199
      vertex 148.6025925925926 -10.336344920098782 9.136325681209565
      vertex 147.8225 -10.432392932474613 9.341578961908818
    endloop
  endfacet
  facet normal 0.2648071732777451 -0.671231729172576 0.6923331038832707
    outer loop
      vertex 148.6025925925926 -10.336344920098782 9.136325681209565
      vertex 147.8225 -9.86476031690836 9.89191090464592
      vertex 147.8225 -10.432392932474613 9.341578961908818
    endloop
  endfacet
  facet normal 0.2696048421421755 -0.6669510388014463 0.694614670832084
    outer loop
      vertex 148.6025925925926 -10.336344920098782 9.136325681209565
      vertex 148.6025925925926 -9.773938335478306 9.676333935558796
      vertex 147.8225 -9.86476031690836 9.89191090464592
    endloop
  endfacet
  facet normal 0.27598569457293376 -0.6127014797158611 0.7405597836401121
    outer loop
      vertex 148.6025925925926 -9.773938335478306 9.676333935558796
      vertex 148.0664064342077 -9.416919292809785 10.171534746044896
      vertex 147.8225 -9.86476031690836 9.89191090464592
    endloop
  endfacet
  facet normal 0.2806237906879804 -0.6083223259060039 0.7424245658006059
    outer loop
      vertex 148.6025925925926 -9.773938335478306 9.676333935558796
      vertex 148.6025925925926 -9.495306329211141 9.904637359141658
      vertex 148.171619579044 -9.44534782860911 10.10847241390987
    endloop
  endfacet
  facet normal 0.28062379068803245 -0.6083223259059588 0.7424245658006231
    outer loop
      vertex 148.6025925925926 -9.773938335478306 9.676333935558796
      vertex 148.171619579044 -9.44534782860911 10.10847241390987
      vertex 148.0664064342077 -9.416919292809785 10.171534746044896
    endloop
  endfacet
  facet normal 0.2759856945729245 -0.6127014797158591 0.7405597836401171
    outer loop
      vertex 147.8225 -9.86476031690836 9.89191090464592
      vertex 148.0664064342077 -9.416919292809785 10.171534746044896
      vertex 147.8225 -9.350085525301687 10.317726636685595
    endloop
  endfacet
  facet normal 0.16044674975954054 0.9869410981216717 0.014286683659546615
    outer loop
      vertex 147.8225 13.7424638384967 0
      vertex 147.8225 13.74204134196043 0.029186563193797976
      vertex 147.84443829154762 13.73889733632064 0
    endloop
  endfacet
  facet normal 0.1606266952724056 0.9869098110568735 0.014425311280936425
    outer loop
      vertex 147.8225 13.74204134196043 0.029186563193797976
      vertex 148.56748616853858 13.62121607537501 0
      vertex 147.84443829154762 13.73889733632064 0
    endloop
  endfacet
  facet normal 0.16203467488629555 0.9850835149273254 0.057924370975594115
    outer loop
      vertex 147.8225 13.74204134196043 0.029186563193797976
      vertex 148.60172248845947 13.615584602628159 0
      vertex 148.56748616853858 13.62121607537501 0
    endloop
  endfacet
  facet normal 0.16203467488624326 0.9850835149274474 0.05792437097366774
    outer loop
      vertex 147.8225 13.74204134196043 0.029186563193797976
      vertex 147.8225 13.671330660581589 1.2317188546061515
      vertex 148.60172248845947 13.615584602628159 0
    endloop
  endfacet
  facet normal 0.1628970758831392 0.9849085649971071 0.058477869865972525
    outer loop
      vertex 148.60172248845947 13.615584602628159 0
      vertex 148.6025925925926 13.545462690293789 1.1785985842347144
      vertex 148.6025925925926 13.615440693412586 0
    endloop
  endfacet
  facet normal 0.16289707588544589 0.9849085649967273 0.058477869865948225
    outer loop
      vertex 148.60172248845947 13.615584602628159 0
      vertex 147.8225 13.671330660581589 1.2317188546061515
      vertex 148.6025925925926 13.545462690293789 1.1785985842347144
    endloop
  endfacet
  facet normal 0.16549561844385863 0.9803374099654184 0.10746982319786275
    outer loop
      vertex 147.8225 13.671330660581589 1.2317188546061515
      vertex 147.8225 13.553613156080246 2.305535392463207
      vertex 148.6025925925926 13.545462690293789 1.1785985842347144
    endloop
  endfacet
  facet normal 0.16694619432590227 0.9799805156934969 0.10847652769703676
    outer loop
      vertex 148.6025925925926 13.545462690293789 1.1785985842347144
      vertex 147.8225 13.553613156080246 2.305535392463207
      vertex 148.6025925925926 13.428828977048397 2.2322713822126388
    endloop
  endfacet
  facet normal 0.1706423456732919 0.972028197373583 0.16137649572902324
    outer loop
      vertex 148.6025925925926 13.428828977048397 2.2322713822126388
      vertex 147.8225 13.553613156080246 2.305535392463207
      vertex 147.8225 13.389086797833443 3.296536335349083
    endloop
  endfacet
  facet normal 0.17267811423450444 0.9714233966152718 0.16284610333951474
    outer loop
      vertex 148.6025925925926 13.428828977048397 2.2322713822126388
      vertex 147.8225 13.389086797833443 3.296536335349083
      vertex 148.6025925925926 13.265817359089851 3.204682120680809
    endloop
  endfacet
  facet normal 0.17736267262704697 0.9595767287006887 0.21852913786192452
    outer loop
      vertex 147.8225 13.389086797833443 3.296536335349083
      vertex 147.8225 13.178023651242256 4.223329374194146
      vertex 148.6025925925926 13.265817359089851 3.204682120680809
    endloop
  endfacet
  facet normal 0.18552244720335603 0.9424689289027703 0.2780894453886062
    outer loop
      vertex 148.6025925925926 13.05669741332531 4.114089423418045
      vertex 147.8225 13.178023651242256 4.223329374194146
      vertex 147.8225 12.92076450586319 5.095202633738518
    endloop
  endfacet
  facet normal 0.17996723699074094 0.9586533087735446 0.22044415888712818
    outer loop
      vertex 148.6025925925926 13.265817359089851 3.204682120680809
      vertex 147.8225 13.178023651242256 4.223329374194146
      vertex 148.6025925925926 13.05669741332531 4.114089423418045
    endloop
  endfacet
  facet normal 0.18866441505745812 0.9411579073072273 0.28040601278165855
    outer loop
      vertex 148.6025925925926 13.05669741332531 4.114089423418045
      vertex 147.8225 12.92076450586319 5.095202633738518
      vertex 148.6025925925926 12.801806785166264 4.969607205688954
    endloop
  endfacet
  facet normal 0.19858822151965969 0.9185040451047308 0.3419254851570808
    outer loop
      vertex 148.6025925925926 12.801806785166264 4.969607205688954
      vertex 147.8225 12.617711529135704 5.917209686338902
      vertex 148.6025925925926 12.501543924212456 5.776194208860398
    endloop
  endfacet
  facet normal 0.19495633555992836 0.9202624559201029 0.3392772309615626
    outer loop
      vertex 148.6025925925926 12.801806785166264 4.969607205688954
      vertex 147.8225 12.92076450586319 5.095202633738518
      vertex 147.8225 12.617711529135704 5.917209686338902
    endloop
  endfacet
  facet normal 0.21680362698867267 0.8592966310755035 0.46325531529260044
    outer loop
      vertex 148.6025925925926 12.156358428299427 6.536613346636296
      vertex 147.8225 12.269318483769894 6.692166247963906
      vertex 147.8225 11.876077957451344 7.421591790020466
    endloop
  endfacet
  facet normal 0.22120823114521881 0.8565416136399082 0.4662653563977764
    outer loop
      vertex 148.6025925925926 12.156358428299427 6.536613346636296
      vertex 147.8225 11.876077957451344 7.421591790020466
      vertex 148.6025925925926 11.76673835515976 7.25235557705164
    endloop
  endfacet
  facet normal 0.20546286091299296 0.8926109567012211 0.40128629775059416
    outer loop
      vertex 148.6025925925926 12.501543924212456 5.776194208860398
      vertex 147.8225 12.617711529135704 5.917209686338902
      vertex 147.8225 12.269318483769894 6.692166247963906
    endloop
  endfacet
  facet normal 0.20952075949752808 0.8903627611495879 0.4041722465702722
    outer loop
      vertex 148.6025925925926 12.156358428299427 6.536613346636296
      vertex 148.6025925925926 12.501543924212456 5.776194208860398
      vertex 147.8225 12.269318483769894 6.692166247963906
    endloop
  endfacet
  facet normal 0.2408789521290737 0.7756479586617093 0.5833931561521123
    outer loop
      vertex 148.6025925925926 11.33319379389286 7.9241313800215725
      vertex 147.8225 11.438504785299301 8.106210359930992
      vertex 147.8225 10.957114189863205 8.746241235733033
    endloop
  endfacet
  facet normal 0.22870739686646874 0.8202640141225186 0.5242708019279505
    outer loop
      vertex 148.6025925925926 11.76673835515976 7.25235557705164
      vertex 147.8225 11.876077957451344 7.421591790020466
      vertex 147.8225 11.438504785299301 8.106210359930992
    endloop
  endfacet
  facet normal 0.23336629390351812 0.8170171061596947 0.5272790732735133
    outer loop
      vertex 148.6025925925926 11.76673835515976 7.25235557705164
      vertex 147.8225 11.438504785299301 8.106210359930992
      vertex 148.6025925925926 11.33319379389286 7.9241313800215725
    endloop
  endfacet
  facet normal 0.24569033125053633 0.7719598511233132 0.5862714809571362
    outer loop
      vertex 148.6025925925926 11.33319379389286 7.9241313800215725
      vertex 147.8225 10.957114189863205 8.746241235733033
      vertex 148.6025925925926 10.856235221028328 8.55215590596199
    endloop
  endfacet
  facet normal 0.25301235276577566 0.725789129397435 0.6396990612752532
    outer loop
      vertex 147.8225 10.432392932474613 9.341578961908818
      vertex 148.6025925925926 10.856235221028328 8.55215590596199
      vertex 147.8225 10.957114189863205 8.746241235733033
    endloop
  endfacet
  facet normal 0.2578697521476801 0.7217461280064722 0.6423283565552429
    outer loop
      vertex 148.6025925925926 10.336344920098782 9.136325681209565
      vertex 148.6025925925926 10.856235221028328 8.55215590596199
      vertex 147.8225 10.432392932474613 9.341578961908818
    endloop
  endfacet
  facet normal 0.2696048421421755 0.6669510388014463 0.694614670832084
    outer loop
      vertex 148.6025925925926 10.336344920098782 9.136325681209565
      vertex 147.8225 9.86476031690836 9.89191090464592
      vertex 148.6025925925926 9.773938335478306 9.676333935558796
    endloop
  endfacet
  facet normal 0.2648071732777451 0.671231729172576 0.6923331038832707
    outer loop
      vertex 148.6025925925926 10.336344920098782 9.136325681209565
      vertex 147.8225 10.432392932474613 9.341578961908818
      vertex 147.8225 9.86476031690836 9.89191090464592
    endloop
  endfacet
  facet normal 0.2806237906879804 0.6083223259060039 0.7424245658006059
    outer loop
      vertex 148.6025925925926 9.773938335478306 9.676333935558796
      vertex 148.171619579044 9.44534782860911 10.10847241390987
      vertex 148.6025925925926 9.495306329211141 9.904637359141658
    endloop
  endfacet
  facet normal 0.28062379068789783 0.6083223259060759 0.742424565800578
    outer loop
      vertex 148.6025925925926 9.773938335478306 9.676333935558796
      vertex 148.06640643420766 9.416919292809785 10.171534746044896
      vertex 148.171619579044 9.44534782860911 10.10847241390987
    endloop
  endfacet
  facet normal 0.27598569457295413 0.6127014797158536 0.7405597836401105
    outer loop
      vertex 147.8225 9.86476031690836 9.89191090464592
      vertex 147.8225 9.350085525301687 10.317726636685595
      vertex 148.06640643420766 9.416919292809785 10.171534746044896
    endloop
  endfacet
  facet normal 0.2759856945729349 0.6127014797158498 0.740559783640121
    outer loop
      vertex 148.6025925925926 9.773938335478306 9.676333935558796
      vertex 147.8225 9.86476031690836 9.89191090464592
      vertex 148.06640643420766 9.416919292809785 10.171534746044896
    endloop
  endfacet
  facet normal 0.22117417677595433 -0.9734857480153086 0.058373640785495215
    outer loop
      vertex 149.3322252755026 -13.450364413001356 0
      vertex 149.35490740740738 -13.445211074226965 0
      vertex 149.35490740740738 -13.378213465213776 1.1173059731721877
    endloop
  endfacet
  facet normal 0.22029942866002838 -0.9737175006386994 0.05781341264784019
    outer loop
      vertex 148.6025925925926 -13.615440693412586 0
      vertex 149.3322252755026 -13.450364413001356 0
      vertex 148.6025925925926 -13.545462690293789 1.1785985842347144
    endloop
  endfacet
  facet normal 0.2211741767758946 -0.9734857480153221 0.0583736407854973
    outer loop
      vertex 149.3322252755026 -13.450364413001356 0
      vertex 149.35490740740738 -13.378213465213776 1.1173059731721877
      vertex 148.6025925925926 -13.545462690293789 1.1785985842347144
    endloop
  endfacet
  facet normal 0.22407995815087353 -0.9686544481712771 0.10722281656952201
    outer loop
      vertex 148.6025925925926 -13.545462690293789 1.1785985842347144
      vertex 149.35490740740738 -13.378213465213776 1.1173059731721877
      vertex 148.6025925925926 -13.428828977048397 2.2322713822126388
    endloop
  endfacet
  facet normal 0.22555213105148347 -0.9681998933720574 0.10823678973653718
    outer loop
      vertex 149.35490740740738 -13.378213465213776 1.1173059731721877
      vertex 149.35490740740738 -13.263019859790802 2.147735984623432
      vertex 148.6025925925926 -13.428828977048397 2.2322713822126388
    endloop
  endfacet
  facet normal 0.22963783038620186 -0.9598822799936156 0.16091138993177503
    outer loop
      vertex 148.6025925925926 -13.428828977048397 2.2322713822126388
      vertex 149.35490740740738 -13.263019859790802 2.147735984623432
      vertex 148.6025925925926 -13.265817359089851 3.204682120680809
    endloop
  endfacet
  facet normal 0.23170298528703204 -0.9591378371379756 0.1623832995703796
    outer loop
      vertex 149.35490740740738 -13.263019859790802 2.147735984623432
      vertex 149.35490740740738 -13.102020993828773 3.0986964866518973
      vertex 148.6025925925926 -13.265817359089851 3.204682120680809
    endloop
  endfacet
  facet normal 0.23682279716566812 -0.9468418259514599 0.21772808585833386
    outer loop
      vertex 148.6025925925926 -13.265817359089851 3.204682120680809
      vertex 149.35490740740738 -13.102020993828773 3.0986964866518973
      vertex 148.6025925925926 -13.05669741332531 4.114089423418045
    endloop
  endfacet
  facet normal 0.23946143345945053 -0.9457373972240889 0.219633780137189
    outer loop
      vertex 149.35490740740738 -13.102020993828773 3.0986964866518973
      vertex 149.35490740740738 -12.89548309892416 3.988043339550495
      vertex 148.6025925925926 -13.05669741332531 4.114089423418045
    endloop
  endfacet
  facet normal 0.2454626864039134 -0.9290483654596857 0.27679812900390127
    outer loop
      vertex 148.6025925925926 -13.05669741332531 4.114089423418045
      vertex 149.35490740740738 -12.89548309892416 3.988043339550495
      vertex 148.6025925925926 -12.801806785166264 4.969607205688954
    endloop
  endfacet
  facet normal 0.24863883727258398 -0.9275179250478791 0.2790864154963736
    outer loop
      vertex 149.35490740740738 -12.89548309892416 3.988043339550495
      vertex 149.35490740740738 -12.64373966306448 4.824689397215844
      vertex 148.6025925925926 -12.801806785166264 4.969607205688954
    endloop
  endfacet
  facet normal 0.25535399581162116 -0.9061002418271714 0.3373080025492727
    outer loop
      vertex 148.6025925925926 -12.801806785166264 4.969607205688954
      vertex 149.35490740740738 -12.64373966306448 4.824689397215844
      vertex 148.6025925925926 -12.501543924212456 5.776194208860398
    endloop
  endfacet
  facet normal 0.2590145569086937 -0.9040897235335682 0.33990179627414335
    outer loop
      vertex 149.35490740740738 -12.64373966306448 4.824689397215844
      vertex 149.35490740740738 -12.347184233367443 5.6134840413928035
      vertex 148.6025925925926 -12.501543924212456 5.776194208860398
    endloop
  endfacet
  facet normal 0.26625816855996864 -0.877703559108283 0.39842571453627856
    outer loop
      vertex 148.6025925925926 -12.501543924212456 5.776194208860398
      vertex 149.35490740740738 -12.347184233367443 5.6134840413928035
      vertex 148.6025925925926 -12.156358428299427 6.536613346636296
    endloop
  endfacet
  facet normal 0.27033335515525514 -0.8751790629851965 0.40122498028270387
    outer loop
      vertex 149.35490740740738 -12.347184233367443 5.6134840413928035
      vertex 149.35490740740738 -12.006260827183723 6.3571292325854305
      vertex 148.6025925925926 -12.156358428299427 6.536613346636296
    endloop
  endfacet
  facet normal 0.2779031500486719 -0.843703061561113 0.4592765867159247
    outer loop
      vertex 148.6025925925926 -12.156358428299427 6.536613346636296
      vertex 149.35490740740738 -12.006260827183723 6.3571292325854305
      vertex 148.6025925925926 -11.76673835515976 7.25235557705164
    endloop
  endfacet
  facet normal 0.28230806719285906 -0.8406585682177156 0.4621637446619676
    outer loop
      vertex 149.35490740740738 -12.006260827183723 6.3571292325854305
      vertex 149.35490740740738 -11.621451489627361 7.057083027064801
      vertex 148.6025925925926 -11.76673835515976 7.25235557705164
    endloop
  endfacet
  facet normal 0.28998991983914846 -0.8041120542078923 0.5189505281520079
    outer loop
      vertex 149.35490740740738 -11.621451489627361 7.057083027064801
      vertex 148.6025925925926 -11.33319379389286 7.9241313800215725
      vertex 148.6025925925926 -11.76673835515976 7.25235557705164
    endloop
  endfacet
  facet normal 0.2946277289050583 -0.8005751434182944 0.5217987553655383
    outer loop
      vertex 149.35490740740738 -11.621451489627361 7.057083027064801
      vertex 149.35490740740738 -11.193260006606579 7.714040243625641
      vertex 148.6025925925926 -11.33319379389286 7.9241313800215725
    endloop
  endfacet
  facet normal 0.3022040333812691 -0.7591342309837206 0.5765309545521801
    outer loop
      vertex 148.6025925925926 -11.33319379389286 7.9241313800215725
      vertex 149.35490740740738 -11.193260006606579 7.714040243625641
      vertex 148.6025925925926 -10.856235221028328 8.55215590596199
    endloop
  endfacet
  facet normal 0.30697031605802444 -0.7551686125534052 0.5792146335111031
    outer loop
      vertex 149.35490740740738 -11.193260006606579 7.714040243625641
      vertex 149.35490740740738 -10.72219056636095 8.32821128666401
      vertex 148.6025925925926 -10.856235221028328 8.55215590596199
    endloop
  endfacet
  facet normal 0.3142308421391947 -0.7091716425252687 0.6311375121845518
    outer loop
      vertex 149.35490740740738 -10.72219056636095 8.32821128666401
      vertex 148.6025925925926 -10.336344920098782 9.136325681209565
      vertex 148.6025925925926 -10.856235221028328 8.55215590596199
    endloop
  endfacet
  facet normal 0.3190188944008685 -0.7048754280772781 0.6335436653523745
    outer loop
      vertex 149.35490740740738 -10.72219056636095 8.32821128666401
      vertex 149.35490740740738 -10.208719477057457 8.899494962394238
      vertex 148.6025925925926 -10.336344920098782 9.136325681209565
    endloop
  endfacet
  facet normal 0.32577270993223423 -0.6548147095112082 0.6819749538444653
    outer loop
      vertex 148.6025925925926 -10.336344920098782 9.136325681209565
      vertex 149.35490740740738 -10.208719477057457 8.899494962394238
      vertex 148.6025925925926 -9.773938335478306 9.676333935558796
    endloop
  endfacet
  facet normal 0.33047891654635775 -0.650314356746259 0.6840138325560711
    outer loop
      vertex 149.35490740740738 -10.208719477057457 8.899494962394238
      vertex 149.35490740740738 -9.653257064521313 9.427591273188591
      vertex 148.6025925925926 -9.773938335478306 9.676333935558796
    endloop
  endfacet
  facet normal 0.3365656292217016 -0.596814086868596 0.728379381189366
    outer loop
      vertex 149.35490740740738 -9.653257064521313 9.427591273188591
      vertex 149.04415018042369 -9.453354316385784 9.734979131093617
      vertex 148.6025925925926 -9.773938335478306 9.676333935558796
    endloop
  endfacet
  facet normal 0.3365656292216947 -0.5968140868685883 0.7283793811893756
    outer loop
      vertex 148.6025925925926 -9.773938335478306 9.676333935558796
      vertex 149.04415018042369 -9.453354316385784 9.734979131093617
      vertex 148.70389940580947 -9.496652782031028 9.85672280493228
    endloop
  endfacet
  facet normal 0.3365656292216951 -0.5968140868685884 0.7283793811893755
    outer loop
      vertex 148.6025925925926 -9.773938335478306 9.676333935558796
      vertex 148.70389940580947 -9.496652782031028 9.85672280493228
      vertex 148.6025925925926 -9.495306329211141 9.904637359141658
    endloop
  endfacet
  facet normal 0.34109446193426013 -0.5922544687243471 0.7299926111364546
    outer loop
      vertex 149.35490740740738 -9.653257064521313 9.427591273188591
      vertex 149.25829193647323 -9.424465219048955 9.658357985606747
      vertex 149.04415018042369 -9.453354316385784 9.734979131093617
    endloop
  endfacet
  facet normal 0.34109446193425247 -0.5922544687243508 0.7299926111364551
    outer loop
      vertex 149.35490740740738 -9.653257064521313 9.427591273188591
      vertex 149.35490740740738 -9.398651125118812 9.634157069985
      vertex 149.25829193647323 -9.424465219048955 9.658357985606747
    endloop
  endfacet
  facet normal 0.22117417677595433 0.9734857480153086 0.058373640785495215
    outer loop
      vertex 149.3322252755026 13.450364413001356 0
      vertex 149.35490740740738 13.378213465213776 1.1173059731721877
      vertex 149.35490740740738 13.445211074226965 0
    endloop
  endfacet
  facet normal 0.22029942866002838 0.9737175006386994 0.05781341264784019
    outer loop
      vertex 148.6025925925926 13.615440693412586 0
      vertex 148.6025925925926 13.545462690293789 1.1785985842347144
      vertex 149.3322252755026 13.450364413001356 0
    endloop
  endfacet
  facet normal 0.2211741767758946 0.9734857480153221 0.0583736407854973
    outer loop
      vertex 149.3322252755026 13.450364413001356 0
      vertex 148.6025925925926 13.545462690293789 1.1785985842347144
      vertex 149.35490740740738 13.378213465213776 1.1173059731721877
    endloop
  endfacet
  facet normal 0.22407995815087353 0.9686544481712771 0.10722281656952201
    outer loop
      vertex 148.6025925925926 13.545462690293789 1.1785985842347144
      vertex 148.6025925925926 13.428828977048397 2.2322713822126388
      vertex 149.35490740740738 13.378213465213776 1.1173059731721877
    endloop
  endfacet
  facet normal 0.22555213105148347 0.9681998933720574 0.10823678973653718
    outer loop
      vertex 149.35490740740738 13.378213465213776 1.1173059731721877
      vertex 148.6025925925926 13.428828977048397 2.2322713822126388
      vertex 149.35490740740738 13.263019859790802 2.147735984623432
    endloop
  endfacet
  facet normal 0.22963783038620186 0.9598822799936156 0.16091138993177503
    outer loop
      vertex 148.6025925925926 13.428828977048397 2.2322713822126388
      vertex 148.6025925925926 13.265817359089851 3.204682120680809
      vertex 149.35490740740738 13.263019859790802 2.147735984623432
    endloop
  endfacet
  facet normal 0.23170298528703204 0.9591378371379756 0.1623832995703796
    outer loop
      vertex 149.35490740740738 13.263019859790802 2.147735984623432
      vertex 148.6025925925926 13.265817359089851 3.204682120680809
      vertex 149.35490740740738 13.102020993828773 3.0986964866518973
    endloop
  endfacet
  facet normal 0.23946143345945053 0.9457373972240889 0.219633780137189
    outer loop
      vertex 149.35490740740738 13.102020993828773 3.0986964866518973
      vertex 148.6025925925926 13.05669741332531 4.114089423418045
      vertex 149.35490740740738 12.89548309892416 3.988043339550495
    endloop
  endfacet
  facet normal 0.23682279716566812 0.9468418259514599 0.21772808585833386
    outer loop
      vertex 149.35490740740738 13.102020993828773 3.0986964866518973
      vertex 148.6025925925926 13.265817359089851 3.204682120680809
      vertex 148.6025925925926 13.05669741332531 4.114089423418045
    endloop
  endfacet
  facet normal 0.2454626864039134 0.9290483654596857 0.27679812900390127
    outer loop
      vertex 148.6025925925926 13.05669741332531 4.114089423418045
      vertex 148.6025925925926 12.801806785166264 4.969607205688954
      vertex 149.35490740740738 12.89548309892416 3.988043339550495
    endloop
  endfacet
  facet normal 0.24863883727258398 0.9275179250478791 0.2790864154963736
    outer loop
      vertex 149.35490740740738 12.89548309892416 3.988043339550495
      vertex 148.6025925925926 12.801806785166264 4.969607205688954
      vertex 149.35490740740738 12.64373966306448 4.824689397215844
    endloop
  endfacet
  facet normal 0.25535399581162116 0.9061002418271714 0.3373080025492727
    outer loop
      vertex 148.6025925925926 12.801806785166264 4.969607205688954
      vertex 148.6025925925926 12.501543924212456 5.776194208860398
      vertex 149.35490740740738 12.64373966306448 4.824689397215844
    endloop
  endfacet
  facet normal 0.2590145569086937 0.9040897235335682 0.33990179627414335
    outer loop
      vertex 149.35490740740738 12.64373966306448 4.824689397215844
      vertex 148.6025925925926 12.501543924212456 5.776194208860398
      vertex 149.35490740740738 12.347184233367443 5.6134840413928035
    endloop
  endfacet
  facet normal 0.26625816855996864 0.877703559108283 0.39842571453627856
    outer loop
      vertex 148.6025925925926 12.156358428299427 6.536613346636296
      vertex 149.35490740740738 12.347184233367443 5.6134840413928035
      vertex 148.6025925925926 12.501543924212456 5.776194208860398
    endloop
  endfacet
  facet normal 0.3190188944008685 0.7048754280772782 0.6335436653523745
    outer loop
      vertex 148.6025925925926 10.336344920098782 9.136325681209565
      vertex 149.35490740740738 10.208719477057457 8.899494962394238
      vertex 149.35490740740738 10.72219056636095 8.32821128666401
    endloop
  endfacet
  facet normal 0.2703333551552551 0.8751790629851965 0.40122498028270387
    outer loop
      vertex 148.6025925925926 12.156358428299427 6.536613346636296
      vertex 149.35490740740738 12.006260827183723 6.3571292325854305
      vertex 149.35490740740738 12.347184233367443 5.6134840413928035
    endloop
  endfacet
  facet normal 0.2779031500486719 0.843703061561113 0.4592765867159247
    outer loop
      vertex 148.6025925925926 12.156358428299427 6.536613346636296
      vertex 148.6025925925926 11.76673835515976 7.25235557705164
      vertex 149.35490740740738 12.006260827183723 6.3571292325854305
    endloop
  endfacet
  facet normal 0.28230806719285906 0.8406585682177156 0.4621637446619676
    outer loop
      vertex 149.35490740740738 12.006260827183723 6.3571292325854305
      vertex 148.6025925925926 11.76673835515976 7.25235557705164
      vertex 149.35490740740738 11.621451489627361 7.057083027064801
    endloop
  endfacet
  facet normal 0.28998991983914846 0.8041120542078923 0.5189505281520079
    outer loop
      vertex 149.35490740740738 11.621451489627361 7.057083027064801
      vertex 148.6025925925926 11.76673835515976 7.25235557705164
      vertex 148.6025925925926 11.33319379389286 7.9241313800215725
    endloop
  endfacet
  facet normal 0.3022040333812691 0.7591342309837206 0.5765309545521801
    outer loop
      vertex 148.6025925925926 11.33319379389286 7.9241313800215725
      vertex 148.6025925925926 10.856235221028328 8.55215590596199
      vertex 149.35490740740738 11.193260006606579 7.714040243625641
    endloop
  endfacet
  facet normal 0.30697031605802444 0.7551686125534052 0.5792146335111031
    outer loop
      vertex 149.35490740740738 11.193260006606579 7.714040243625641
      vertex 148.6025925925926 10.856235221028328 8.55215590596199
      vertex 149.35490740740738 10.72219056636095 8.32821128666401
    endloop
  endfacet
  facet normal 0.2946277289050583 0.8005751434182944 0.5217987553655383
    outer loop
      vertex 149.35490740740738 11.621451489627361 7.057083027064801
      vertex 148.6025925925926 11.33319379389286 7.9241313800215725
      vertex 149.35490740740738 11.193260006606579 7.714040243625641
    endloop
  endfacet
  facet normal 0.31423084213919467 0.7091716425252685 0.6311375121845518
    outer loop
      vertex 148.6025925925926 10.336344920098782 9.136325681209565
      vertex 149.35490740740738 10.72219056636095 8.32821128666401
      vertex 148.6025925925926 10.856235221028328 8.55215590596199
    endloop
  endfacet
  facet normal 0.3365656292216947 0.5968140868685883 0.7283793811893756
    outer loop
      vertex 148.6025925925926 9.773938335478306 9.676333935558796
      vertex 148.70389940580947 9.496652782031028 9.85672280493228
      vertex 149.04415018042369 9.453354316385784 9.734979131093617
    endloop
  endfacet
  facet normal 0.3365656292216951 0.5968140868685884 0.7283793811893755
    outer loop
      vertex 148.6025925925926 9.773938335478306 9.676333935558796
      vertex 148.6025925925926 9.495306329211141 9.904637359141658
      vertex 148.70389940580947 9.496652782031028 9.85672280493228
    endloop
  endfacet
  facet normal 0.34109446193425247 0.5922544687243508 0.7299926111364551
    outer loop
      vertex 149.35490740740738 9.653257064521313 9.427591273188591
      vertex 149.25829193647323 9.424465219048955 9.658357985606747
      vertex 149.35490740740738 9.398651125118812 9.634157069985
    endloop
  endfacet
  facet normal 0.34109446193426013 0.5922544687243471 0.7299926111364546
    outer loop
      vertex 149.35490740740738 9.653257064521313 9.427591273188591
      vertex 149.04415018042369 9.453354316385784 9.734979131093617
      vertex 149.25829193647323 9.424465219048955 9.658357985606747
    endloop
  endfacet
  facet normal 0.33047891654635775 0.650314356746259 0.6840138325560711
    outer loop
      vertex 149.35490740740738 10.208719477057457 8.899494962394238
      vertex 148.6025925925926 9.773938335478306 9.676333935558796
      vertex 149.35490740740738 9.653257064521313 9.427591273188591
    endloop
  endfacet
  facet normal 0.32577270993223423 0.6548147095112082 0.6819749538444653
    outer loop
      vertex 148.6025925925926 10.336344920098782 9.136325681209565
      vertex 148.6025925925926 9.773938335478306 9.676333935558796
      vertex 149.35490740740738 10.208719477057457 8.899494962394238
    endloop
  endfacet
  facet normal 0.3365656292217016 0.596814086868596 0.728379381189366
    outer loop
      vertex 149.35490740740738 9.653257064521313 9.427591273188591
      vertex 148.6025925925926 9.773938335478306 9.676333935558796
      vertex 149.04415018042369 9.453354316385784 9.734979131093617
    endloop
  endfacet
  facet normal 0.32109194457975143 -0.9453499888507383 0.05668652137768854
    outer loop
      vertex 149.35490740740738 -13.445211074226965 0
      vertex 149.96796736021696 -13.236982783421242 0
      vertex 149.35490740740738 -13.378213465213776 1.1173059731721877
    endloop
  endfacet
  facet normal 0.3219561693394754 -0.9450249620784982 0.05720180130716219
    outer loop
      vertex 149.96796736021696 -13.236982783421242 0
      vertex 150.01 -13.222662878408356 0
      vertex 150.01 -13.159237682819366 1.0478410065174102
    endloop
  endfacet
  facet normal 0.32195616933947413 -0.9450249620784985 0.057201801307162244
    outer loop
      vertex 149.96796736021696 -13.236982783421242 0
      vertex 150.01 -13.159237682819366 1.0478410065174102
      vertex 149.35490740740738 -13.378213465213776 1.1173059731721877
    endloop
  endfacet
  facet normal 0.3252729133707115 -0.9397660996925271 0.10505812532129463
    outer loop
      vertex 149.35490740740738 -13.378213465213776 1.1173059731721877
      vertex 150.01 -13.159237682819366 1.0478410065174102
      vertex 149.35490740740738 -13.263019859790802 2.147735984623432
    endloop
  endfacet
  facet normal 0.3267260541430437 -0.9391581974002163 0.10598096904677366
    outer loop
      vertex 150.01 -13.159237682819366 1.0478410065174102
      vertex 150.01 -13.045929573476315 2.051929199695587
      vertex 149.35490740740738 -13.263019859790802 2.147735984623432
    endloop
  endfacet
  facet normal 0.3313185020449448 -0.9302808717508101 0.15749777730890918
    outer loop
      vertex 149.35490740740738 -13.263019859790802 2.147735984623432
      vertex 150.01 -13.045929573476315 2.051929199695587
      vertex 149.35490740740738 -13.102020993828773 3.0986964866518973
    endloop
  endfacet
  facet normal 0.33335200721090563 -0.9293288977121177 0.15882140650945234
    outer loop
      vertex 150.01 -13.045929573476315 2.051929199695587
      vertex 150.01 -12.887565948069096 2.978579433262348
      vertex 149.35490740740738 -13.102020993828773 3.0986964866518973
    endloop
  endfacet
  facet normal 0.33901793662728646 -0.9163923757837971 0.21281882494343665
    outer loop
      vertex 149.35490740740738 -13.102020993828773 3.0986964866518973
      vertex 150.01 -12.887565948069096 2.978579433262348
      vertex 149.35490740740738 -12.89548309892416 3.988043339550495
    endloop
  endfacet
  facet normal 0.34160637952072137 -0.9150359934743529 0.2145092355054881
    outer loop
      vertex 150.01 -12.887565948069096 2.978579433262348
      vertex 150.01 -12.684408687055111 3.8451911002397536
      vertex 149.35490740740738 -12.89548309892416 3.988043339550495
    endloop
  endfacet
  facet normal 0.3481404057175094 -0.897685301422982 0.2701098989596229
    outer loop
      vertex 150.01 -12.684408687055111 3.8451911002397536
      vertex 149.35490740740738 -12.64373966306448 4.824689397215844
      vertex 149.35490740740738 -12.89548309892416 3.988043339550495
    endloop
  endfacet
  facet normal 0.3512408775814172 -0.8958721778901761 0.2721082262596058
    outer loop
      vertex 150.01 -12.684408687055111 3.8451911002397536
      vertex 150.01 -12.436785817146301 4.660449215769768
      vertex 149.35490740740738 -12.64373966306448 4.824689397215844
    endloop
  endfacet
  facet normal 0.3584265670361218 -0.87384134310539 0.328529607680143
    outer loop
      vertex 150.01 -12.436785817146301 4.660449215769768
      vertex 149.35490740740738 -12.347184233367443 5.6134840413928035
      vertex 149.35490740740738 -12.64373966306448 4.824689397215844
    endloop
  endfacet
  facet normal 0.3619789580829402 -0.8715346530798216 0.3307545651782061
    outer loop
      vertex 150.01 -12.436785817146301 4.660449215769768
      vertex 150.01 -12.145084425807 5.429079183936119
      vertex 149.35490740740738 -12.347184233367443 5.6134840413928035
    endloop
  endfacet
  facet normal 0.3695875026866643 -0.8446623201195365 0.3872346095432545
    outer loop
      vertex 149.35490740740738 -12.347184233367443 5.6134840413928035
      vertex 150.01 -12.145084425807 5.429079183936119
      vertex 149.35490740740738 -12.006260827183723 6.3571292325854305
    endloop
  endfacet
  facet normal 0.3735158838032849 -0.8418480639852425 0.3895866036081708
    outer loop
      vertex 150.01 -12.145084425807 5.429079183936119
      vertex 150.01 -11.809741280972958 6.15371389836073
      vertex 149.35490740740738 -12.006260827183723 6.3571292325854305
    endloop
  endfacet
  facet normal 0.3813096685357282 -0.8100962367132009 0.4453616776781349
    outer loop
      vertex 150.01 -11.809741280972958 6.15371389836073
      vertex 149.35490740740738 -11.621451489627361 7.057083027064801
      vertex 149.35490740740738 -12.006260827183723 6.3571292325854305
    endloop
  endfacet
  facet normal 0.3855251657505434 -0.8067891914593796 0.44772932349505157
    outer loop
      vertex 150.01 -11.809741280972958 6.15371389836073
      vertex 150.01 -11.431230545043945 6.835774140059948
      vertex 149.35490740740738 -11.621451489627361 7.057083027064801
    endloop
  endfacet
  facet normal 0.3932652629721622 -0.7702590198018772 0.5020393165413317
    outer loop
      vertex 150.01 -11.431230545043945 6.835774140059948
      vertex 149.35490740740738 -11.193260006606579 7.714040243625641
      vertex 149.35490740740738 -11.621451489627361 7.057083027064801
    endloop
  endfacet
  facet normal 0.39767013364007886 -0.766506264810649 0.5043080515089058
    outer loop
      vertex 150.01 -11.431230545043945 6.835774140059948
      vertex 150.01 -11.010047733783722 7.475936958193779
      vertex 149.35490740740738 -11.193260006606579 7.714040243625641
    endloop
  endfacet
  facet normal 0.40512662510800596 -0.725446095749137 0.5564174510122154
    outer loop
      vertex 150.01 -11.010047733783722 7.475936958193779
      vertex 149.35490740740738 -10.72219056636095 8.32821128666401
      vertex 149.35490740740738 -11.193260006606579 7.714040243625641
    endloop
  endfacet
  facet normal 0.4096191162597894 -0.721327207012755 0.5584793998150039
    outer loop
      vertex 150.01 -11.010047733783722 7.475936958193779
      vertex 150.01 -10.546688795089722 8.07440739274025
      vertex 149.35490740740738 -10.72219056636095 8.32821128666401
    endloop
  endfacet
  facet normal 0.4165827841135418 -0.6761295730740936 0.6077068243773919
    outer loop
      vertex 150.01 -10.546688795089722 8.07440739274025
      vertex 149.35490740740738 -10.208719477057457 8.899494962394238
      vertex 149.35490740740738 -10.72219056636095 8.32821128666401
    endloop
  endfacet
  facet normal 0.4210625154237253 -0.6717527421335884 0.6094707634834091
    outer loop
      vertex 150.01 -10.546688795089722 8.07440739274025
      vertex 150.01 -10.041622251272202 8.631086820363999
      vertex 149.35490740740738 -10.208719477057457 8.899494962394238
    endloop
  endfacet
  facet normal 0.4273561365444353 -0.6229392467855098 0.6552201365740493
    outer loop
      vertex 150.01 -10.041622251272202 8.631086820363999
      vertex 149.35490740740738 -9.653257064521313 9.427591273188591
      vertex 149.35490740740738 -10.208719477057457 8.899494962394238
    endloop
  endfacet
  facet normal 0.43172902324242013 -0.6184338230201059 0.6566198725555619
    outer loop
      vertex 150.01 -10.041622251272202 8.631086820363999
      vertex 150.01 -9.495251700282097 9.145682924985886
      vertex 149.35490740740738 -9.653257064521313 9.427591273188591
    endloop
  endfacet
  facet normal 0.4372166051316205 -0.5666290463797253 0.6984075915938942
    outer loop
      vertex 150.01 -9.495251700282097 9.145682924985886
      vertex 149.35490740740738 -9.398651125118812 9.634157069985
      vertex 149.35490740740738 -9.653257064521313 9.427591273188591
    endloop
  endfacet
  facet normal 0.44139884758498515 -0.5621353838670723 0.6994075117949953
    outer loop
      vertex 150.01 -9.495251700282097 9.145682924985886
      vertex 149.82945806790323 -9.177154330245875 9.515288317580618
      vertex 149.65718722814546 -9.258735385245737 9.55843991656115
    endloop
  endfacet
  facet normal 0.4413988475849564 -0.5621353838670915 0.6994075117949977
    outer loop
      vertex 150.01 -9.495251700282097 9.145682924985886
      vertex 150.01 -9.068710236861733 9.488507451790964
      vertex 149.82945806790323 -9.177154330245875 9.515288317580618
    endloop
  endfacet
  facet normal 0.437216605131605 -0.5666290463797555 0.6984075915938794
    outer loop
      vertex 150.01 -9.495251700282097 9.145682924985886
      vertex 149.65718722814546 -9.258735385245737 9.55843991656115
      vertex 149.35490740740738 -9.398651125118812 9.634157069985
    endloop
  endfacet
  facet normal 0.3219561693394754 0.9450249620784982 0.05720180130716219
    outer loop
      vertex 149.96796736021696 13.236982783421242 0
      vertex 150.01 13.159237682819366 1.0478410065174102
      vertex 150.01 13.222662878408356 0
    endloop
  endfacet
  facet normal 0.32109194457975143 0.9453499888507383 0.05668652137768854
    outer loop
      vertex 149.35490740740738 13.445211074226965 0
      vertex 149.35490740740738 13.378213465213776 1.1173059731721877
      vertex 149.96796736021696 13.236982783421242 0
    endloop
  endfacet
  facet normal 0.32195616933947413 0.9450249620784985 0.057201801307162244
    outer loop
      vertex 149.96796736021696 13.236982783421242 0
      vertex 149.35490740740738 13.378213465213776 1.1173059731721877
      vertex 150.01 13.159237682819366 1.0478410065174102
    endloop
  endfacet
  facet normal 0.3252729133707115 0.9397660996925271 0.10505812532129463
    outer loop
      vertex 149.35490740740738 13.378213465213776 1.1173059731721877
      vertex 149.35490740740738 13.263019859790802 2.147735984623432
      vertex 150.01 13.159237682819366 1.0478410065174102
    endloop
  endfacet
  facet normal 0.3267260541430437 0.9391581974002163 0.10598096904677366
    outer loop
      vertex 150.01 13.159237682819366 1.0478410065174102
      vertex 149.35490740740738 13.263019859790802 2.147735984623432
      vertex 150.01 13.045929573476315 2.051929199695587
    endloop
  endfacet
  facet normal 0.33335200721090563 0.9293288977121177 0.15882140650945234
    outer loop
      vertex 150.01 13.045929573476315 2.051929199695587
      vertex 149.35490740740738 13.102020993828773 3.0986964866518973
      vertex 150.01 12.887565948069096 2.978579433262348
    endloop
  endfacet
  facet normal 0.3313185020449448 0.9302808717508101 0.15749777730890918
    outer loop
      vertex 150.01 13.045929573476315 2.051929199695587
      vertex 149.35490740740738 13.263019859790802 2.147735984623432
      vertex 149.35490740740738 13.102020993828773 3.0986964866518973
    endloop
  endfacet
  facet normal 0.33901793662728646 0.9163923757837971 0.21281882494343665
    outer loop
      vertex 149.35490740740738 13.102020993828773 3.0986964866518973
      vertex 149.35490740740738 12.89548309892416 3.988043339550495
      vertex 150.01 12.887565948069096 2.978579433262348
    endloop
  endfacet
  facet normal 0.34160637952072137 0.9150359934743529 0.2145092355054881
    outer loop
      vertex 150.01 12.887565948069096 2.978579433262348
      vertex 149.35490740740738 12.89548309892416 3.988043339550495
      vertex 150.01 12.684408687055111 3.8451911002397536
    endloop
  endfacet
  facet normal 0.3512408775814172 0.8958721778901761 0.2721082262596058
    outer loop
      vertex 150.01 12.684408687055111 3.8451911002397536
      vertex 149.35490740740738 12.64373966306448 4.824689397215844
      vertex 150.01 12.436785817146301 4.660449215769768
    endloop
  endfacet
  facet normal 0.3481404057175094 0.897685301422982 0.2701098989596229
    outer loop
      vertex 150.01 12.684408687055111 3.8451911002397536
      vertex 149.35490740740738 12.89548309892416 3.988043339550495
      vertex 149.35490740740738 12.64373966306448 4.824689397215844
    endloop
  endfacet
  facet normal 0.3695875026866643 0.8446623201195363 0.3872346095432545
    outer loop
      vertex 150.01 12.145084425807 5.429079183936119
      vertex 149.35490740740738 12.347184233367443 5.6134840413928035
      vertex 149.35490740740738 12.006260827183723 6.3571292325854305
    endloop
  endfacet
  facet normal 0.3735158838032849 0.8418480639852425 0.3895866036081708
    outer loop
      vertex 150.01 12.145084425807 5.429079183936119
      vertex 149.35490740740738 12.006260827183723 6.3571292325854305
      vertex 150.01 11.809741280972958 6.15371389836073
    endloop
  endfacet
  facet normal 0.3584265670361218 0.87384134310539 0.328529607680143
    outer loop
      vertex 150.01 12.436785817146301 4.660449215769768
      vertex 149.35490740740738 12.64373966306448 4.824689397215844
      vertex 149.35490740740738 12.347184233367443 5.6134840413928035
    endloop
  endfacet
  facet normal 0.3619789580829402 0.8715346530798216 0.3307545651782061
    outer loop
      vertex 150.01 12.436785817146301 4.660449215769768
      vertex 149.35490740740738 12.347184233367443 5.6134840413928035
      vertex 150.01 12.145084425807 5.429079183936119
    endloop
  endfacet
  facet normal 0.4210625154237253 0.6717527421335884 0.6094707634834091
    outer loop
      vertex 150.01 10.041622251272202 8.631086820363999
      vertex 150.01 10.546688795089722 8.07440739274025
      vertex 149.35490740740738 10.208719477057457 8.899494962394238
    endloop
  endfacet
  facet normal 0.4273561365444353 0.6229392467855098 0.6552201365740493
    outer loop
      vertex 150.01 10.041622251272202 8.631086820363999
      vertex 149.35490740740738 10.208719477057457 8.899494962394238
      vertex 149.35490740740738 9.653257064521313 9.427591273188591
    endloop
  endfacet
  facet normal 0.3855251657505434 0.8067891914593796 0.44772932349505157
    outer loop
      vertex 150.01 11.809741280972958 6.15371389836073
      vertex 149.35490740740738 11.621451489627361 7.057083027064801
      vertex 150.01 11.431230545043945 6.835774140059948
    endloop
  endfacet
  facet normal 0.3813096685357282 0.8100962367132009 0.4453616776781349
    outer loop
      vertex 150.01 11.809741280972958 6.15371389836073
      vertex 149.35490740740738 12.006260827183723 6.3571292325854305
      vertex 149.35490740740738 11.621451489627361 7.057083027064801
    endloop
  endfacet
  facet normal 0.39767013364007886 0.766506264810649 0.5043080515089058
    outer loop
      vertex 150.01 11.010047733783722 7.475936958193779
      vertex 150.01 11.431230545043945 6.835774140059948
      vertex 149.35490740740738 11.193260006606579 7.714040243625641
    endloop
  endfacet
  facet normal 0.3932652629721622 0.7702590198018772 0.5020393165413317
    outer loop
      vertex 150.01 11.431230545043945 6.835774140059948
      vertex 149.35490740740738 11.621451489627361 7.057083027064801
      vertex 149.35490740740738 11.193260006606579 7.714040243625641
    endloop
  endfacet
  facet normal 0.40512662510800596 0.725446095749137 0.5564174510122154
    outer loop
      vertex 150.01 11.010047733783722 7.475936958193779
      vertex 149.35490740740738 11.193260006606579 7.714040243625641
      vertex 149.35490740740738 10.72219056636095 8.32821128666401
    endloop
  endfacet
  facet normal 0.4096191162597894 0.721327207012755 0.5584793998150039
    outer loop
      vertex 150.01 11.010047733783722 7.475936958193779
      vertex 149.35490740740738 10.72219056636095 8.32821128666401
      vertex 150.01 10.546688795089722 8.07440739274025
    endloop
  endfacet
  facet normal 0.4165827841135418 0.6761295730740935 0.6077068243773919
    outer loop
      vertex 149.35490740740738 10.208719477057457 8.899494962394238
      vertex 150.01 10.546688795089722 8.07440739274025
      vertex 149.35490740740738 10.72219056636095 8.32821128666401
    endloop
  endfacet
  facet normal 0.4413988475849564 0.5621353838670915 0.6994075117949977
    outer loop
      vertex 150.01 9.495251700282097 9.145682924985886
      vertex 149.82945806790323 9.177154330245875 9.515288317580618
      vertex 150.01 9.068710236861733 9.488507451790964
    endloop
  endfacet
  facet normal 0.4413988475849298 0.5621353838671096 0.699407511795
    outer loop
      vertex 150.01 9.495251700282097 9.145682924985886
      vertex 149.65718722814543 9.258735385245739 9.558439916561149
      vertex 149.82945806790323 9.177154330245875 9.515288317580618
    endloop
  endfacet
  facet normal 0.43721660513162125 0.566629046379716 0.6984075915939014
    outer loop
      vertex 150.01 9.495251700282097 9.145682924985886
      vertex 149.35490740740738 9.653257064521313 9.427591273188591
      vertex 149.65718722814543 9.258735385245739 9.558439916561149
    endloop
  endfacet
  facet normal 0.4372166051316334 0.5666290463797213 0.6984075915938893
    outer loop
      vertex 149.35490740740738 9.653257064521313 9.427591273188591
      vertex 149.35490740740738 9.398651125118812 9.634157069985
      vertex 149.65718722814543 9.258735385245739 9.558439916561149
    endloop
  endfacet
  facet normal 0.43172902324242013 0.6184338230201059 0.6566198725555619
    outer loop
      vertex 150.01 9.495251700282097 9.145682924985886
      vertex 150.01 10.041622251272202 8.631086820363999
      vertex 149.35490740740738 9.653257064521313 9.427591273188591
    endloop
  endfacet
  facet normal 0.3928324161079232 -0.9179300536520271 0.055561762545817774
    outer loop
      vertex 150.01 -13.222662878408356 0
      vertex 150.51575416957215 -13.00622304010124 0
      vertex 150.01 -13.159237682819366 1.0478410065174102
    endloop
  endfacet
  facet normal 0.3938632257065063 -0.9174537105301994 0.056128855951593094
    outer loop
      vertex 150.51575416957215 -13.00622304010124 0
      vertex 150.5736574074074 -12.981365158149389 0
      vertex 150.5736574074074 -12.921870231628418 0.9724737867712974
    endloop
  endfacet
  facet normal 0.3938632257064778 -0.9174537105302115 0.05612885595159583
    outer loop
      vertex 150.01 -13.159237682819366 1.0478410065174102
      vertex 150.51575416957215 -13.00622304010124 0
      vertex 150.5736574074074 -12.921870231628418 0.9724737867712974
    endloop
  endfacet
  facet normal 0.39770354815963954 -0.9117271895530482 0.10288546841480325
    outer loop
      vertex 150.01 -13.159237682819366 1.0478410065174102
      vertex 150.5736574074074 -12.921870231628418 0.9724737867712974
      vertex 150.01 -13.045929573476315 2.051929199695587
    endloop
  endfacet
  facet normal 0.3994357149313511 -0.9108556157887729 0.10389011898797534
    outer loop
      vertex 150.5736574074074 -12.921870231628418 0.9724737867712974
      vertex 150.5736574074074 -12.810605987906456 1.9479819700121879
      vertex 150.01 -13.045929573476315 2.051929199695587
    endloop
  endfacet
  facet normal 0.4047247187801097 -0.901370377151403 0.15404332248526256
    outer loop
      vertex 150.01 -13.045929573476315 2.051929199695587
      vertex 150.5736574074074 -12.810605987906456 1.9479819700121879
      vertex 150.01 -12.887565948069096 2.978579433262348
    endloop
  endfacet
  facet normal 0.40714347576995696 -0.9000358655736361 0.15546585097401314
    outer loop
      vertex 150.01 -12.887565948069096 2.978579433262348
      vertex 150.5736574074074 -12.810605987906456 1.9479819700121879
      vertex 150.5736574074074 -12.65509893745184 2.8482563510537147
    endloop
  endfacet
  facet normal 0.4136262376078824 -0.8864155712822276 0.20779983289394025
    outer loop
      vertex 150.01 -12.887565948069096 2.978579433262348
      vertex 150.5736574074074 -12.65509893745184 2.8482563510537147
      vertex 150.01 -12.684408687055111 3.8451911002397536
    endloop
  endfacet
  facet normal 0.41669402797091976 -0.8845555557442464 0.2095890165427516
    outer loop
      vertex 150.5736574074074 -12.65509893745184 2.8482563510537147
      vertex 150.5736574074074 -12.455606244504452 3.690201090276241
      vertex 150.01 -12.684408687055111 3.8451911002397536
    endloop
  endfacet
  facet normal 0.4241127673335018 -0.8665204932344639 0.26319307625661487
    outer loop
      vertex 150.01 -12.684408687055111 3.8451911002397536
      vertex 150.5736574074074 -12.455606244504452 3.690201090276241
      vertex 150.01 -12.436785817146301 4.660449215769768
    endloop
  endfacet
  facet normal 0.42776935717524556 -0.8640863026942205 0.26527012375710446
    outer loop
      vertex 150.01 -12.436785817146301 4.660449215769768
      vertex 150.5736574074074 -12.455606244504452 3.690201090276241
      vertex 150.5736574074074 -12.21245001256466 4.482253985106945
    endloop
  endfacet
  facet normal 0.4358568188539662 -0.8414575254847523 0.31934004801086
    outer loop
      vertex 150.01 -12.436785817146301 4.660449215769768
      vertex 150.5736574074074 -12.21245001256466 4.482253985106945
      vertex 150.01 -12.145084425807 5.429079183936119
    endloop
  endfacet
  facet normal 0.4400206758771239 -0.8384231304673098 0.3216029525642382
    outer loop
      vertex 150.5736574074074 -12.21245001256466 4.482253985106945
      vertex 150.5736574074074 -11.926010355353355 5.229005941748619
      vertex 150.01 -12.145084425807 5.429079183936119
    endloop
  endfacet
  facet normal 0.44850124039421035 -0.8111357593500395 0.3753737034855925
    outer loop
      vertex 150.01 -12.145084425807 5.429079183936119
      vertex 150.5736574074074 -11.926010355353355 5.229005941748619
      vertex 150.01 -11.809741280972958 6.15371389836073
    endloop
  endfacet
  facet normal 0.4530726868342882 -0.8075054184073717 0.37770377240304936
    outer loop
      vertex 150.01 -11.809741280972958 6.15371389836073
      vertex 150.5736574074074 -11.926010355353355 5.229005941748619
      vertex 150.5736574074074 -11.596716165542603 5.933014908432961
    endloop
  endfacet
  facet normal 0.46166884917330125 -0.7756218997536559 0.43043297076958353
    outer loop
      vertex 150.01 -11.809741280972958 6.15371389836073
      vertex 150.5736574074074 -11.596716165542603 5.933014908432961
      vertex 150.01 -11.431230545043945 6.835774140059948
    endloop
  endfacet
  facet normal 0.4665348716434872 -0.7714354614746842 0.4327037581532382
    outer loop
      vertex 150.5736574074074 -11.596716165542603 5.933014908432961
      vertex 150.5736574074074 -11.225033029913902 6.595661224424839
      vertex 150.01 -11.431230545043945 6.835774140059948
    endloop
  endfacet
  facet normal 0.4749774330067241 -0.7351531807873037 0.4836798930208415
    outer loop
      vertex 150.5736574074074 -11.225033029913902 6.595661224424839
      vertex 150.01 -11.010047733783722 7.475936958193779
      vertex 150.01 -11.431230545043945 6.835774140059948
    endloop
  endfacet
  facet normal 0.48001768984599236 -0.7304879025649182 0.48576788864767845
    outer loop
      vertex 150.5736574074074 -11.225033029913902 6.595661224424839
      vertex 150.5736574074074 -10.81144755333662 7.217602679133416
      vertex 150.01 -11.010047733783722 7.475936958193779
    endloop
  endfacet
  facet normal 0.48805792864775066 -0.6901374728451821 0.534331102275483
    outer loop
      vertex 150.01 -11.010047733783722 7.475936958193779
      vertex 150.5736574074074 -10.81144755333662 7.217602679133416
      vertex 150.01 -10.546688795089722 8.07440739274025
    endloop
  endfacet
  facet normal 0.49315165096158897 -0.6851052593200574 0.5361270677795107
    outer loop
      vertex 150.01 -10.546688795089722 8.07440739274025
      vertex 150.5736574074074 -10.81144755333662 7.217602679133416
      vertex 150.5736574074074 -10.356446728110313 7.799038456380368
    endloop
  endfacet
  facet normal 0.5005735053785788 -0.6411378952434807 0.5816943914082044
    outer loop
      vertex 150.01 -10.546688795089722 8.07440739274025
      vertex 150.5736574074074 -10.356446728110313 7.799038456380368
      vertex 150.01 -10.041622251272202 8.631086820363999
    endloop
  endfacet
  facet normal 0.5056059383350957 -0.6358783796086337 0.5831134722046695
    outer loop
      vertex 150.5736574074074 -10.356446728110313 7.799038456380368
      vertex 150.5736574074074 -9.86049061268568 8.339872764050961
      vertex 150.01 -10.041622251272202 8.631086820363999
    endloop
  endfacet
  facet normal 0.5122362851878967 -0.5888431854193115 0.6252021202156485
    outer loop
      vertex 150.5736574074074 -9.86049061268568 8.339872764050961
      vertex 150.01 -9.495251700282097 9.145682924985886
      vertex 150.01 -10.041622251272202 8.631086820363999
    endloop
  endfacet
  facet normal 0.5171042182682797 -0.5835131830774131 0.626191338668954
    outer loop
      vertex 150.5736574074074 -9.86049061268568 8.339872764050961
      vertex 150.5736574074074 -9.323975540697575 8.83982157856226
      vertex 150.01 -9.495251700282097 9.145682924985886
    endloop
  endfacet
  facet normal 0.522819775819217 -0.5340272230383011 0.6644354047357381
    outer loop
      vertex 150.01 -9.495251700282097 9.145682924985886
      vertex 150.11494379537262 -8.985337212868789 9.472940510268343
      vertex 150.01 -9.068710236861733 9.488507451790964
    endloop
  endfacet
  facet normal 0.522819775819216 -0.5340272230383014 0.6644354047357388
    outer loop
      vertex 150.01 -9.495251700282097 9.145682924985886
      vertex 150.5736574074074 -9.323975540697575 8.83982157856226
      vertex 150.11494379537262 -8.985337212868789 9.472940510268343
    endloop
  endfacet
  facet normal 0.5274352824819118 -0.5287883695448804 0.6649773552740669
    outer loop
      vertex 150.5736574074074 -9.323975540697575 8.83982157856226
      vertex 150.5736574074074 -8.747183240950108 9.298485407233239
      vertex 150.11494379537262 -8.985337212868789 9.472940510268343
    endloop
  endfacet
  facet normal 0.527435282481905 -0.5287883695448382 0.6649773552741062
    outer loop
      vertex 150.5736574074074 -8.747183240950108 9.298485407233239
      vertex 150.319170743801 -8.81972930195187 9.442646304191273
      vertex 150.11494379537262 -8.985337212868789 9.472940510268343
    endloop
  endfacet
  facet normal 0.5321653488981458 -0.4775040729391364 0.6991351098025692
    outer loop
      vertex 150.5736574074074 -8.747183240950108 9.298485407233239
      vertex 150.41189715802264 -8.736527046421516 9.42889163996682
      vertex 150.319170743801 -8.81972930195187 9.442646304191273
    endloop
  endfacet
  facet normal 0.5321653488981566 -0.4775040729391084 0.6991351098025802
    outer loop
      vertex 150.5736574074074 -8.747183240950108 9.298485407233239
      vertex 150.4778872654251 -8.66772945075262 9.425649753874188
      vertex 150.41189715802264 -8.736527046421516 9.42889163996682
    endloop
  endfacet
  facet normal 0.5364576056885141 -0.47251037990306555 0.6992475800335725
    outer loop
      vertex 150.5736574074074 -8.747183240950108 9.298485407233239
      vertex 150.5736574074074 -8.565960805247842 9.420944868496623
      vertex 150.4778872654251 -8.66772945075262 9.425649753874188
    endloop
  endfacet
  facet normal 0.3938632257065063 0.9174537105301994 0.056128855951593094
    outer loop
      vertex 150.5736574074074 12.981365158149389 0
      vertex 150.51575416957215 13.00622304010124 0
      vertex 150.5736574074074 12.921870231628418 0.9724737867712974
    endloop
  endfacet
  facet normal 0.3938632257064778 0.9174537105302115 0.05612885595159583
    outer loop
      vertex 150.01 13.159237682819366 1.0478410065174102
      vertex 150.5736574074074 12.921870231628418 0.9724737867712974
      vertex 150.51575416957215 13.00622304010124 0
    endloop
  endfacet
  facet normal 0.3928324161079232 0.9179300536520271 0.055561762545817774
    outer loop
      vertex 150.01 13.222662878408356 0
      vertex 150.01 13.159237682819366 1.0478410065174102
      vertex 150.51575416957215 13.00622304010124 0
    endloop
  endfacet
  facet normal 0.39770354815963954 0.9117271895530482 0.10288546841480325
    outer loop
      vertex 150.01 13.159237682819366 1.0478410065174102
      vertex 150.01 13.045929573476315 2.051929199695587
      vertex 150.5736574074074 12.921870231628418 0.9724737867712974
    endloop
  endfacet
  facet normal 0.3994357149313511 0.9108556157887729 0.10389011898797534
    outer loop
      vertex 150.5736574074074 12.921870231628418 0.9724737867712974
      vertex 150.01 13.045929573476315 2.051929199695587
      vertex 150.5736574074074 12.810605987906456 1.9479819700121879
    endloop
  endfacet
  facet normal 0.4047247187801097 0.901370377151403 0.15404332248526256
    outer loop
      vertex 150.01 13.045929573476315 2.051929199695587
      vertex 150.01 12.887565948069096 2.978579433262348
      vertex 150.5736574074074 12.810605987906456 1.9479819700121879
    endloop
  endfacet
  facet normal 0.40714347576995696 0.9000358655736361 0.15546585097401314
    outer loop
      vertex 150.01 12.887565948069096 2.978579433262348
      vertex 150.5736574074074 12.65509893745184 2.8482563510537147
      vertex 150.5736574074074 12.810605987906456 1.9479819700121879
    endloop
  endfacet
  facet normal 0.4136262376078824 0.8864155712822276 0.20779983289394025
    outer loop
      vertex 150.01 12.887565948069096 2.978579433262348
      vertex 150.01 12.684408687055111 3.8451911002397536
      vertex 150.5736574074074 12.65509893745184 2.8482563510537147
    endloop
  endfacet
  facet normal 0.41669402797091976 0.8845555557442464 0.2095890165427516
    outer loop
      vertex 150.5736574074074 12.65509893745184 2.8482563510537147
      vertex 150.01 12.684408687055111 3.8451911002397536
      vertex 150.5736574074074 12.455606244504452 3.690201090276241
    endloop
  endfacet
  facet normal 0.4241127673335018 0.8665204932344639 0.26319307625661487
    outer loop
      vertex 150.01 12.684408687055111 3.8451911002397536
      vertex 150.01 12.436785817146301 4.660449215769768
      vertex 150.5736574074074 12.455606244504452 3.690201090276241
    endloop
  endfacet
  facet normal 0.42776935717524556 0.8640863026942205 0.26527012375710446
    outer loop
      vertex 150.01 12.436785817146301 4.660449215769768
      vertex 150.5736574074074 12.21245001256466 4.482253985106945
      vertex 150.5736574074074 12.455606244504452 3.690201090276241
    endloop
  endfacet
  facet normal 0.4400206758771239 0.8384231304673098 0.3216029525642382
    outer loop
      vertex 150.5736574074074 12.21245001256466 4.482253985106945
      vertex 150.01 12.145084425807 5.429079183936119
      vertex 150.5736574074074 11.926010355353355 5.229005941748619
    endloop
  endfacet
  facet normal 0.44850124039421035 0.8111357593500395 0.3753737034855925
    outer loop
      vertex 150.01 12.145084425807 5.429079183936119
      vertex 150.01 11.809741280972958 6.15371389836073
      vertex 150.5736574074074 11.926010355353355 5.229005941748619
    endloop
  endfacet
  facet normal 0.4530726868342882 0.8075054184073717 0.37770377240304936
    outer loop
      vertex 150.01 11.809741280972958 6.15371389836073
      vertex 150.5736574074074 11.596716165542603 5.933014908432961
      vertex 150.5736574074074 11.926010355353355 5.229005941748619
    endloop
  endfacet
  facet normal 0.4358568188539662 0.8414575254847523 0.31934004801086
    outer loop
      vertex 150.01 12.436785817146301 4.660449215769768
      vertex 150.01 12.145084425807 5.429079183936119
      vertex 150.5736574074074 12.21245001256466 4.482253985106945
    endloop
  endfacet
  facet normal 0.5056059383350957 0.6358783796086337 0.5831134722046695
    outer loop
      vertex 150.5736574074074 10.356446728110313 7.799038456380368
      vertex 150.01 10.041622251272202 8.631086820363999
      vertex 150.5736574074074 9.86049061268568 8.339872764050961
    endloop
  endfacet
  facet normal 0.5005735053785788 0.6411378952434807 0.5816943914082044
    outer loop
      vertex 150.5736574074074 10.356446728110313 7.799038456380368
      vertex 150.01 10.546688795089722 8.07440739274025
      vertex 150.01 10.041622251272202 8.631086820363999
    endloop
  endfacet
  facet normal 0.5171042182682797 0.5835131830774131 0.626191338668954
    outer loop
      vertex 150.5736574074074 9.86049061268568 8.339872764050961
      vertex 150.01 9.495251700282097 9.145682924985886
      vertex 150.5736574074074 9.323975540697575 8.83982157856226
    endloop
  endfacet
  facet normal 0.5122362851878967 0.5888431854193115 0.6252021202156485
    outer loop
      vertex 150.5736574074074 9.86049061268568 8.339872764050961
      vertex 150.01 10.041622251272202 8.631086820363999
      vertex 150.01 9.495251700282097 9.145682924985886
    endloop
  endfacet
  facet normal 0.46166884917330125 0.7756218997536559 0.43043297076958353
    outer loop
      vertex 150.01 11.809741280972958 6.15371389836073
      vertex 150.01 11.431230545043945 6.835774140059948
      vertex 150.5736574074074 11.596716165542603 5.933014908432961
    endloop
  endfacet
  facet normal 0.4665348716434872 0.7714354614746842 0.4327037581532382
    outer loop
      vertex 150.5736574074074 11.225033029913902 6.595661224424839
      vertex 150.5736574074074 11.596716165542603 5.933014908432961
      vertex 150.01 11.431230545043945 6.835774140059948
    endloop
  endfacet
  facet normal 0.4749774330067241 0.7351531807873037 0.4836798930208415
    outer loop
      vertex 150.5736574074074 11.225033029913902 6.595661224424839
      vertex 150.01 11.431230545043945 6.835774140059948
      vertex 150.01 11.010047733783722 7.475936958193779
    endloop
  endfacet
  facet normal 0.48001768984599236 0.7304879025649182 0.48576788864767845
    outer loop
      vertex 150.5736574074074 11.225033029913902 6.595661224424839
      vertex 150.01 11.010047733783722 7.475936958193779
      vertex 150.5736574074074 10.81144755333662 7.217602679133416
    endloop
  endfacet
  facet normal 0.49315165096158897 0.6851052593200574 0.5361270677795107
    outer loop
      vertex 150.5736574074074 10.356446728110313 7.799038456380368
      vertex 150.5736574074074 10.81144755333662 7.217602679133416
      vertex 150.01 10.546688795089722 8.07440739274025
    endloop
  endfacet
  facet normal 0.48805792864775066 0.6901374728451821 0.534331102275483
    outer loop
      vertex 150.01 11.010047733783722 7.475936958193779
      vertex 150.01 10.546688795089722 8.07440739274025
      vertex 150.5736574074074 10.81144755333662 7.217602679133416
    endloop
  endfacet
  facet normal 0.522819775819217 0.5340272230383011 0.6644354047357381
    outer loop
      vertex 150.01 9.495251700282097 9.145682924985886
      vertex 150.01 9.068710236861733 9.488507451790964
      vertex 150.11494379537262 8.985337212868789 9.472940510268343
    endloop
  endfacet
  facet normal 0.5321653488981566 0.4775040729391084 0.6991351098025802
    outer loop
      vertex 150.5736574074074 8.747183240950108 9.298485407233239
      vertex 150.41189715802264 8.736527046421516 9.42889163996682
      vertex 150.4778872654251 8.66772945075262 9.425649753874188
    endloop
  endfacet
  facet normal 0.5364576056885141 0.47251037990306555 0.6992475800335725
    outer loop
      vertex 150.5736574074074 8.747183240950108 9.298485407233239
      vertex 150.4778872654251 8.66772945075262 9.425649753874188
      vertex 150.5736574074074 8.565960805247842 9.420944868496623
    endloop
  endfacet
  facet normal 0.5274352824818995 0.5287883695448853 0.664977355274073
    outer loop
      vertex 150.5736574074074 9.323975540697575 8.83982157856226
      vertex 150.319170743801 8.81972930195187 9.442646304191273
      vertex 150.5736574074074 8.747183240950108 9.298485407233239
    endloop
  endfacet
  facet normal 0.5274352824819232 0.5287883695448676 0.6649773552740682
    outer loop
      vertex 150.5736574074074 9.323975540697575 8.83982157856226
      vertex 150.11494379537262 8.985337212868789 9.472940510268343
      vertex 150.319170743801 8.81972930195187 9.442646304191273
    endloop
  endfacet
  facet normal 0.5321653488981458 0.4775040729391364 0.6991351098025692
    outer loop
      vertex 150.5736574074074 8.747183240950108 9.298485407233239
      vertex 150.319170743801 8.81972930195187 9.442646304191273
      vertex 150.41189715802264 8.736527046421516 9.42889163996682
    endloop
  endfacet
  facet normal 0.522819775819216 0.5340272230383014 0.6644354047357388
    outer loop
      vertex 150.01 9.495251700282097 9.145682924985886
      vertex 150.11494379537262 8.985337212868789 9.472940510268343
      vertex 150.5736574074074 9.323975540697575 8.83982157856226
    endloop
  endfacet
  facet normal 0.4195179838321579 -0.9060529919633468 0.05543137194467385
    outer loop
      vertex 150.5736574074074 -12.981365158149389 0
      vertex 151.02528563802636 -12.772253586937214 0
      vertex 150.5736574074074 -12.921870231628418 0.9724737867712974
    endloop
  endfacet
  facet normal 0.42079716959364166 -0.9054169858289136 0.05612329137234252
    outer loop
      vertex 151.02528563802636 -12.772253586937214 0
      vertex 151.10259259259257 -12.736324784870856 0
      vertex 151.10259259259257 -12.681054338812828 0.8916583374142646
    endloop
  endfacet
  facet normal 0.4207971695936983 -0.9054169858288876 0.05612329137233496
    outer loop
      vertex 151.02528563802636 -12.772253586937214 0
      vertex 151.10259259259257 -12.681054338812828 0.8916583374142646
      vertex 150.5736574074074 -12.921870231628418 0.9724737867712974
    endloop
  endfacet
  facet normal 0.42511347920431214 -0.8993093312946598 0.10257317605084074
    outer loop
      vertex 150.5736574074074 -12.921870231628418 0.9724737867712974
      vertex 151.10259259259257 -12.681054338812828 0.8916583374142646
      vertex 150.5736574074074 -12.810605987906456 1.9479819700121879
    endloop
  endfacet
  facet normal 0.4272643393491535 -0.8981493825716181 0.10379244147216395
    outer loop
      vertex 151.10259259259257 -12.681054338812828 0.8916583374142646
      vertex 151.10259259259257 -12.571863651275635 1.836520479619503
      vertex 150.5736574074074 -12.810605987906456 1.9479819700121879
    endloop
  endfacet
  facet normal 0.43320422645631695 -0.8881435480932885 0.1534116558826242
    outer loop
      vertex 150.5736574074074 -12.810605987906456 1.9479819700121879
      vertex 151.10259259259257 -12.571863651275635 1.836520479619503
      vertex 150.5736574074074 -12.65509893745184 2.8482563510537147
    endloop
  endfacet
  facet normal 0.436205453844127 -0.8863750143919598 0.1551261934629093
    outer loop
      vertex 151.10259259259257 -12.571863651275635 1.836520479619503
      vertex 151.10259259259257 -12.419254682958126 2.7085123300552367
      vertex 150.5736574074074 -12.65509893745184 2.8482563510537147
    endloop
  endfacet
  facet normal 0.44347074434945605 -0.872141322974644 0.20664755422258727
    outer loop
      vertex 151.10259259259257 -12.419254682958126 2.7085123300552367
      vertex 150.5736574074074 -12.455606244504452 3.690201090276241
      vertex 150.5736574074074 -12.65509893745184 2.8482563510537147
    endloop
  endfacet
  facet normal 0.4472696351225204 -0.8696887986055686 0.20878521757387478
    outer loop
      vertex 151.10259259259257 -12.419254682958126 2.7085123300552367
      vertex 151.10259259259257 -12.2234797924757 3.524006986618042
      vertex 150.5736574074074 -12.455606244504452 3.690201090276241
    endloop
  endfacet
  facet normal 0.4555573708230196 -0.8510072546840618 0.2612549221812178
    outer loop
      vertex 150.5736574074074 -12.455606244504452 3.690201090276241
      vertex 151.10259259259257 -12.2234797924757 3.524006986618042
      vertex 150.5736574074074 -12.21245001256466 4.482253985106945
    endloop
  endfacet
  facet normal 0.4600704217987389 -0.8478163733771894 0.2637093172784777
    outer loop
      vertex 151.10259259259257 -12.2234797924757 3.524006986618042
      vertex 151.10259259259257 -11.984855093061924 4.2911771774292
      vertex 150.5736574074074 -12.21245001256466 4.482253985106945
    endloop
  endfacet
  facet normal 0.469068276531368 -0.8245808019616753 0.31629330215502915
    outer loop
      vertex 151.10259259259257 -11.984855093061924 4.2911771774292
      vertex 150.5736574074074 -11.926010355353355 5.229005941748619
      vertex 150.5736574074074 -12.21245001256466 4.482253985106945
    endloop
  endfacet
  facet normal 0.47418410119021015 -0.8206294234748812 0.31893069389087736
    outer loop
      vertex 151.10259259259257 -11.984855093061924 4.2911771774292
      vertex 151.10259259259257 -11.703753612935543 5.014469572901726
      vertex 150.5736574074074 -11.926010355353355 5.229005941748619
    endloop
  endfacet
  facet normal 0.4835743211093373 -0.7928582282244167 0.37085267411801454
    outer loop
      vertex 151.10259259259257 -11.703753612935543 5.014469572901726
      vertex 150.5736574074074 -11.596716165542603 5.933014908432961
      vertex 150.5736574074074 -11.926010355353355 5.229005941748619
    endloop
  endfacet
  facet normal 0.48915893453341763 -0.788165642833705 0.3735216944471423
    outer loop
      vertex 151.10259259259257 -11.703753612935543 5.014469572901726
      vertex 151.10259259259257 -11.380596250295639 5.696361774206162
      vertex 150.5736574074074 -11.596716165542603 5.933014908432961
    endloop
  endfacet
  facet normal 0.49862788880703146 -0.7560097131310616 0.424051343772582
    outer loop
      vertex 151.10259259259257 -11.380596250295639 5.696361774206162
      vertex 150.5736574074074 -11.225033029913902 6.595661224424839
      vertex 150.5736574074074 -11.596716165542603 5.933014908432961
    endloop
  endfacet
  facet normal 0.5045323147672419 -0.7506419594594421 0.42659558372596645
    outer loop
      vertex 151.10259259259257 -11.380596250295639 5.696361774206162
      vertex 151.10259259259257 -11.015839919447899 6.338190750777722
      vertex 150.5736574074074 -11.225033029913902 6.595661224424839
    endloop
  endfacet
  facet normal 0.5137833310828954 -0.7143845796777579 0.47505932368494463
    outer loop
      vertex 151.10259259259257 -11.015839919447899 6.338190750777722
      vertex 150.5736574074074 -10.81144755333662 7.217602679133416
      vertex 150.5736574074074 -11.225033029913902 6.595661224424839
    endloop
  endfacet
  facet normal 0.519852730645215 -0.7084544483633797 0.477331575568653
    outer loop
      vertex 151.10259259259257 -11.015839919447899 6.338190750777722
      vertex 151.10259259259257 -10.60996214300394 6.940593631565571
      vertex 150.5736574074074 -10.81144755333662 7.217602679133416
    endloop
  endfacet
  facet normal 0.528619901836174 -0.6685004439376285 0.5231330192579201
    outer loop
      vertex 151.10259259259257 -10.60996214300394 6.940593631565571
      vertex 150.5736574074074 -10.356446728110313 7.799038456380368
      vertex 150.5736574074074 -10.81144755333662 7.217602679133416
    endloop
  endfacet
  facet normal 0.5347030235185211 -0.662161630983582 0.5250091914369828
    outer loop
      vertex 151.10259259259257 -10.60996214300394 6.940593631565571
      vertex 151.10259259259257 -10.163440845906734 7.503763334453106
      vertex 150.5736574074074 -10.356446728110313 7.799038456380368
    endloop
  endfacet
  facet normal 0.5427635702903656 -0.619016002880069 0.5676503280577205
    outer loop
      vertex 151.10259259259257 -10.163440845906734 7.503763334453106
      vertex 150.5736574074074 -9.86049061268568 8.339872764050961
      vertex 150.5736574074074 -10.356446728110313 7.799038456380368
    endloop
  endfacet
  facet normal 0.5487213084692788 -0.6124519383740686 0.5690409025839959
    outer loop
      vertex 151.10259259259257 -10.163440845906734 7.503763334453106
      vertex 151.10259259259257 -9.676727525889874 8.027607077360154
      vertex 150.5736574074074 -9.86049061268568 8.339872764050961
    endloop
  endfacet
  facet normal 0.5559045516920469 -0.5666904516858556 0.6081381926635964
    outer loop
      vertex 151.10259259259257 -9.676727525889874 8.027607077360154
      vertex 150.5736574074074 -9.323975540697575 8.83982157856226
      vertex 150.5736574074074 -9.86049061268568 8.339872764050961
    endloop
  endfacet
  facet normal 0.5616164672183823 -0.560099535335133 0.6089954468356161
    outer loop
      vertex 151.10259259259257 -9.676727525889874 8.027607077360154
      vertex 151.10259259259257 -9.150211110711098 8.511849777400494
      vertex 150.5736574074074 -9.323975540697575 8.83982157856226
    endloop
  endfacet
  facet normal 0.5678082254760031 -0.5123356264165787 0.6442872224296586
    outer loop
      vertex 151.10259259259257 -9.150211110711098 8.511849777400494
      vertex 150.5736574074074 -8.747183240950108 9.298485407233239
      vertex 150.5736574074074 -9.323975540697575 8.83982157856226
    endloop
  endfacet
  facet normal 0.5731763255411779 -0.5059153009739 0.6446073285959458
    outer loop
      vertex 151.10259259259257 -9.150211110711098 8.511849777400494
      vertex 151.10259259259257 -8.584168083965778 8.956104466319085
      vertex 150.5736574074074 -8.747183240950108 9.298485407233239
    endloop
  endfacet
  facet normal 0.578318583366485 -0.4567682398740565 0.6759514710209145
    outer loop
      vertex 150.5736574074074 -8.747183240950108 9.298485407233239
      vertex 151.10259259259257 -8.584168083965778 8.956104466319085
      vertex 150.5736574074074 -8.565960805247842 9.420944868496623
    endloop
  endfacet
  facet normal 0.5783185833664837 -0.4567682398740602 0.6759514710209131
    outer loop
      vertex 151.10259259259257 -8.584168083965778 8.956104466319085
      vertex 150.78604738797696 -8.312492742717023 9.41051081782864
      vertex 150.5736574074074 -8.565960805247842 9.420944868496623
    endloop
  endfacet
  facet normal 0.5832682367344048 -0.45070036246387485 0.6757716680149222
    outer loop
      vertex 151.10259259259257 -8.584168083965778 8.956104466319085
      vertex 151 -8.051368369042777 9.4
      vertex 150.78604738797696 -8.312492742717023 9.41051081782864
    endloop
  endfacet
  facet normal 0.5832682367344916 -0.45070036246382406 0.6757716680148811
    outer loop
      vertex 151.10259259259257 -8.584168083965778 8.956104466319085
      vertex 151.04003207050843 -7.996612608329083 9.40196664951383
      vertex 151 -8.051368369042777 9.4
    endloop
  endfacet
  facet normal 0.5832682367343388 -0.45070036246390127 0.6757716680149616
    outer loop
      vertex 151.10259259259257 -8.584168083965778 8.956104466319085
      vertex 151.10259259259257 -7.978691726922989 9.359921948611737
      vertex 151.04003207050843 -7.996612608329083 9.40196664951383
    endloop
  endfacet
  facet normal 0.5873548270885192 -0.400769085197112 0.703134729227682
    outer loop
      vertex 151.10259259259257 -7.978691726922989 9.359921948611737
      vertex 151.0710315203427 -7.9485088876939765 9.403489554828774
      vertex 151.04003207050843 -7.996612608329083 9.40196664951383
    endloop
  endfacet
  facet normal 0.5918334032798207 -0.3952082422720743 0.7025266315254123
    outer loop
      vertex 151.10259259259257 -7.978691726922989 9.359921948611737
      vertex 151.10259259259257 -7.89848927915076 9.405040050883755
      vertex 151.0710315203427 -7.9485088876939765 9.403489554828774
    endloop
  endfacet
  facet normal 0.4195179838321579 0.9060529919633468 0.05543137194467385
    outer loop
      vertex 150.5736574074074 12.981365158149389 0
      vertex 150.5736574074074 12.921870231628418 0.9724737867712974
      vertex 151.02528563802636 12.772253586937214 0
    endloop
  endfacet
  facet normal 0.42079716959364166 0.9054169858289136 0.05612329137234252
    outer loop
      vertex 151.02528563802636 12.772253586937214 0
      vertex 151.10259259259257 12.681054338812828 0.8916583374142646
      vertex 151.10259259259257 12.736324784870856 0
    endloop
  endfacet
  facet normal 0.4207971695936983 0.9054169858288876 0.05612329137233496
    outer loop
      vertex 151.02528563802636 12.772253586937214 0
      vertex 150.5736574074074 12.921870231628418 0.9724737867712974
      vertex 151.10259259259257 12.681054338812828 0.8916583374142646
    endloop
  endfacet
  facet normal 0.42511347920431214 0.8993093312946598 0.10257317605084074
    outer loop
      vertex 150.5736574074074 12.921870231628418 0.9724737867712974
      vertex 150.5736574074074 12.810605987906456 1.9479819700121879
      vertex 151.10259259259257 12.681054338812828 0.8916583374142646
    endloop
  endfacet
  facet normal 0.4272643393491535 0.8981493825716181 0.10379244147216395
    outer loop
      vertex 151.10259259259257 12.681054338812828 0.8916583374142646
      vertex 150.5736574074074 12.810605987906456 1.9479819700121879
      vertex 151.10259259259257 12.571863651275635 1.836520479619503
    endloop
  endfacet
  facet normal 0.43320422645631695 0.8881435480932885 0.1534116558826242
    outer loop
      vertex 151.10259259259257 12.571863651275635 1.836520479619503
      vertex 150.5736574074074 12.810605987906456 1.9479819700121879
      vertex 150.5736574074074 12.65509893745184 2.8482563510537147
    endloop
  endfacet
  facet normal 0.436205453844127 0.8863750143919598 0.1551261934629093
    outer loop
      vertex 151.10259259259257 12.571863651275635 1.836520479619503
      vertex 150.5736574074074 12.65509893745184 2.8482563510537147
      vertex 151.10259259259257 12.419254682958126 2.7085123300552367
    endloop
  endfacet
  facet normal 0.4600704217987389 0.8478163733771894 0.2637093172784777
    outer loop
      vertex 151.10259259259257 12.2234797924757 3.524006986618042
      vertex 150.5736574074074 12.21245001256466 4.482253985106945
      vertex 151.10259259259257 11.984855093061924 4.2911771774292
    endloop
  endfacet
  facet normal 0.44347074434945605 0.872141322974644 0.20664755422258727
    outer loop
      vertex 151.10259259259257 12.419254682958126 2.7085123300552367
      vertex 150.5736574074074 12.65509893745184 2.8482563510537147
      vertex 150.5736574074074 12.455606244504452 3.690201090276241
    endloop
  endfacet
  facet normal 0.4472696351225204 0.8696887986055686 0.20878521757387478
    outer loop
      vertex 151.10259259259257 12.419254682958126 2.7085123300552367
      vertex 150.5736574074074 12.455606244504452 3.690201090276241
      vertex 151.10259259259257 12.2234797924757 3.524006986618042
    endloop
  endfacet
  facet normal 0.45555737082301956 0.8510072546840618 0.26125492218121776
    outer loop
      vertex 151.10259259259257 12.2234797924757 3.524006986618042
      vertex 150.5736574074074 12.455606244504452 3.690201090276241
      vertex 150.5736574074074 12.21245001256466 4.482253985106945
    endloop
  endfacet
  facet normal 0.469068276531368 0.8245808019616753 0.31629330215502915
    outer loop
      vertex 151.10259259259257 11.984855093061924 4.2911771774292
      vertex 150.5736574074074 12.21245001256466 4.482253985106945
      vertex 150.5736574074074 11.926010355353355 5.229005941748619
    endloop
  endfacet
  facet normal 0.47418410119021015 0.8206294234748812 0.31893069389087736
    outer loop
      vertex 151.10259259259257 11.984855093061924 4.2911771774292
      vertex 150.5736574074074 11.926010355353355 5.229005941748619
      vertex 151.10259259259257 11.703753612935543 5.014469572901726
    endloop
  endfacet
  facet normal 0.4835743211093373 0.7928582282244167 0.37085267411801454
    outer loop
      vertex 151.10259259259257 11.703753612935543 5.014469572901726
      vertex 150.5736574074074 11.926010355353355 5.229005941748619
      vertex 150.5736574074074 11.596716165542603 5.933014908432961
    endloop
  endfacet
  facet normal 0.48915893453341763 0.788165642833705 0.3735216944471423
    outer loop
      vertex 151.10259259259257 11.703753612935543 5.014469572901726
      vertex 150.5736574074074 11.596716165542603 5.933014908432961
      vertex 151.10259259259257 11.380596250295639 5.696361774206162
    endloop
  endfacet
  facet normal 0.5347030235185211 0.662161630983582 0.5250091914369828
    outer loop
      vertex 151.10259259259257 10.163440845906734 7.503763334453106
      vertex 151.10259259259257 10.60996214300394 6.940593631565571
      vertex 150.5736574074074 10.356446728110313 7.799038456380368
    endloop
  endfacet
  facet normal 0.5427635702903656 0.619016002880069 0.5676503280577205
    outer loop
      vertex 151.10259259259257 10.163440845906734 7.503763334453106
      vertex 150.5736574074074 10.356446728110313 7.799038456380368
      vertex 150.5736574074074 9.86049061268568 8.339872764050961
    endloop
  endfacet
  facet normal 0.5487213084692788 0.6124519383740686 0.5690409025839959
    outer loop
      vertex 151.10259259259257 10.163440845906734 7.503763334453106
      vertex 150.5736574074074 9.86049061268568 8.339872764050961
      vertex 151.10259259259257 9.676727525889874 8.027607077360154
    endloop
  endfacet
  facet normal 0.5616164672183823 0.560099535335133 0.6089954468356161
    outer loop
      vertex 151.10259259259257 9.676727525889874 8.027607077360154
      vertex 150.5736574074074 9.323975540697575 8.83982157856226
      vertex 151.10259259259257 9.150211110711098 8.511849777400494
    endloop
  endfacet
  facet normal 0.5678082254760031 0.5123356264165787 0.6442872224296586
    outer loop
      vertex 151.10259259259257 9.150211110711098 8.511849777400494
      vertex 150.5736574074074 9.323975540697575 8.83982157856226
      vertex 150.5736574074074 8.747183240950108 9.298485407233239
    endloop
  endfacet
  facet normal 0.5731763255411779 0.5059153009739 0.6446073285959458
    outer loop
      vertex 151.10259259259257 8.584168083965778 8.956104466319085
      vertex 151.10259259259257 9.150211110711098 8.511849777400494
      vertex 150.5736574074074 8.747183240950108 9.298485407233239
    endloop
  endfacet
  facet normal 0.5559045516920469 0.5666904516858556 0.6081381926635964
    outer loop
      vertex 151.10259259259257 9.676727525889874 8.027607077360154
      vertex 150.5736574074074 9.86049061268568 8.339872764050961
      vertex 150.5736574074074 9.323975540697575 8.83982157856226
    endloop
  endfacet
  facet normal 0.5045323147672419 0.7506419594594421 0.42659558372596645
    outer loop
      vertex 151.10259259259257 11.380596250295639 5.696361774206162
      vertex 150.5736574074074 11.225033029913902 6.595661224424839
      vertex 151.10259259259257 11.015839919447899 6.338190750777722
    endloop
  endfacet
  facet normal 0.5137833310828954 0.7143845796777579 0.47505932368494463
    outer loop
      vertex 151.10259259259257 11.015839919447899 6.338190750777722
      vertex 150.5736574074074 11.225033029913902 6.595661224424839
      vertex 150.5736574074074 10.81144755333662 7.217602679133416
    endloop
  endfacet
  facet normal 0.49862788880703146 0.7560097131310616 0.424051343772582
    outer loop
      vertex 151.10259259259257 11.380596250295639 5.696361774206162
      vertex 150.5736574074074 11.596716165542603 5.933014908432961
      vertex 150.5736574074074 11.225033029913902 6.595661224424839
    endloop
  endfacet
  facet normal 0.519852730645215 0.7084544483633797 0.477331575568653
    outer loop
      vertex 151.10259259259257 11.015839919447899 6.338190750777722
      vertex 150.5736574074074 10.81144755333662 7.217602679133416
      vertex 151.10259259259257 10.60996214300394 6.940593631565571
    endloop
  endfacet
  facet normal 0.528619901836174 0.6685004439376285 0.5231330192579201
    outer loop
      vertex 150.5736574074074 10.356446728110313 7.799038456380368
      vertex 151.10259259259257 10.60996214300394 6.940593631565571
      vertex 150.5736574074074 10.81144755333662 7.217602679133416
    endloop
  endfacet
  facet normal 0.5832682367343388 0.45070036246390127 0.6757716680149616
    outer loop
      vertex 151.10259259259257 8.584168083965778 8.956104466319085
      vertex 151.04003207050843 7.996612608329083 9.40196664951383
      vertex 151.10259259259257 7.978691726922989 9.359921948611737
    endloop
  endfacet
  facet normal 0.5832682367344916 0.45070036246382406 0.6757716680148811
    outer loop
      vertex 151.10259259259257 8.584168083965778 8.956104466319085
      vertex 151 8.051368369042777 9.4
      vertex 151.04003207050843 7.996612608329083 9.40196664951383
    endloop
  endfacet
  facet normal 0.5918334032798207 0.3952082422720743 0.7025266315254123
    outer loop
      vertex 151.10259259259257 7.978691726922989 9.359921948611737
      vertex 151.0710315203427 7.9485088876939765 9.403489554828774
      vertex 151.10259259259257 7.89848927915076 9.405040050883755
    endloop
  endfacet
  facet normal 0.5873548270885192 0.400769085197112 0.703134729227682
    outer loop
      vertex 151.10259259259257 7.978691726922989 9.359921948611737
      vertex 151.04003207050843 7.996612608329083 9.40196664951383
      vertex 151.0710315203427 7.9485088876939765 9.403489554828774
    endloop
  endfacet
  facet normal 0.5783185833664849 0.4567682398740589 0.6759514710209131
    outer loop
      vertex 151.10259259259257 8.584168083965778 8.956104466319085
      vertex 150.5736574074074 8.747183240950108 9.298485407233239
      vertex 150.78604738797696 8.312492742717023 9.41051081782864
    endloop
  endfacet
  facet normal 0.5783185833664813 0.45676823987405796 0.6759514710209167
    outer loop
      vertex 150.5736574074074 8.747183240950108 9.298485407233239
      vertex 150.5736574074074 8.565960805247842 9.420944868496623
      vertex 150.78604738797696 8.312492742717023 9.41051081782864
    endloop
  endfacet
  facet normal 0.5832682367344048 0.45070036246387485 0.6757716680149222
    outer loop
      vertex 151.10259259259257 8.584168083965778 8.956104466319085
      vertex 150.78604738797696 8.312492742717023 9.41051081782864
      vertex 151 8.051368369042777 9.4
    endloop
  endfacet
  facet normal 0.4960150360876173 -0.8666505709384698 0.053720311494109246
    outer loop
      vertex 151.10259259259257 -12.736324784870856 0
      vertex 151.50541765213484 -12.505773634100265 0
      vertex 151.10259259259257 -12.681054338812828 0.8916583374142646
    endloop
  endfacet
  facet normal 0.4972448812835997 -0.8659016396400289 0.05442314310997168
    outer loop
      vertex 151.50541765213484 -12.505773634100265 0
      vertex 151.60375 -12.449306185140506 0
      vertex 151.60375 -12.398857206106186 0.8026705399155616
    endloop
  endfacet
  facet normal 0.4972448812836155 -0.86590163964002 0.05442314310996855
    outer loop
      vertex 151.50541765213484 -12.505773634100265 0
      vertex 151.60375 -12.398857206106186 0.8026705399155616
      vertex 151.10259259259257 -12.681054338812828 0.8916583374142646
    endloop
  endfacet
  facet normal 0.5015577050000926 -0.8594046768050551 0.09931500410632406
    outer loop
      vertex 151.60375 -12.398857206106186 0.8026705399155616
      vertex 151.10259259259257 -12.571863651275635 1.836520479619503
      vertex 151.10259259259257 -12.681054338812828 0.8916583374142646
    endloop
  endfacet
  facet normal 0.5036240271880322 -0.8580524205447163 0.10054294026067456
    outer loop
      vertex 151.60375 -12.398857206106186 0.8026705399155616
      vertex 151.60375 -12.292096376419067 1.7137876018881797
      vertex 151.10259259259257 -12.571863651275635 1.836520479619503
    endloop
  endfacet
  facet normal 0.5094906406945893 -0.8475935554761967 0.14833897586216563
    outer loop
      vertex 151.10259259259257 -12.571863651275635 1.836520479619503
      vertex 151.60375 -12.292096376419067 1.7137876018881797
      vertex 151.10259259259257 -12.419254682958126 2.7085123300552367
    endloop
  endfacet
  facet normal 0.5123664740822529 -0.8455566931598926 0.15004824187249657
    outer loop
      vertex 151.60375 -12.292096376419067 1.7137876018881797
      vertex 151.60375 -12.142883487045765 2.554636889696121
      vertex 151.10259259259257 -12.419254682958126 2.7085123300552367
    endloop
  endfacet
  facet normal 0.519453470635838 -0.8308907319143997 0.19947100907935417
    outer loop
      vertex 151.10259259259257 -12.419254682958126 2.7085123300552367
      vertex 151.60375 -12.142883487045765 2.554636889696121
      vertex 151.10259259259257 -12.2234797924757 3.524006986618042
    endloop
  endfacet
  facet normal 0.5230787840997834 -0.828103431211832 0.20157701466159947
    outer loop
      vertex 151.60375 -12.142883487045765 2.554636889696121
      vertex 151.60375 -11.951465263962746 3.3410067424178123
      vertex 151.10259259259257 -12.2234797924757 3.524006986618042
    endloop
  endfacet
  facet normal 0.5310552686900446 -0.8091007484138315 0.25166700322593405
    outer loop
      vertex 151.60375 -11.951465263962746 3.3410067424178123
      vertex 151.10259259259257 -11.984855093061924 4.2911771774292
      vertex 151.10259259259257 -12.2234797924757 3.524006986618042
    endloop
  endfacet
  facet normal 0.5353391569450919 -0.8055243512970238 0.2540521728087115
    outer loop
      vertex 151.60375 -11.951465263962746 3.3410067424178123
      vertex 151.60375 -11.718150787055492 4.080777989327908
      vertex 151.10259259259257 -11.984855093061924 4.2911771774292
    endloop
  endfacet
  facet normal 0.5438747512926393 -0.7821723421582272 0.3039846740694058
    outer loop
      vertex 151.60375 -11.718150787055492 4.080777989327908
      vertex 151.10259259259257 -11.703753612935543 5.014469572901726
      vertex 151.10259259259257 -11.984855093061924 4.2911771774292
    endloop
  endfacet
  facet normal 0.5487000538894586 -0.777805578351223 0.3065073133669485
    outer loop
      vertex 151.60375 -11.718150787055492 4.080777989327908
      vertex 151.60375 -11.443304784595966 4.7782385215163234
      vertex 151.10259259259257 -11.703753612935543 5.014469572901726
    endloop
  endfacet
  facet normal 0.5574711497454068 -0.7502134961352501 0.35553569077950414
    outer loop
      vertex 151.10259259259257 -11.703753612935543 5.014469572901726
      vertex 151.60375 -11.443304784595966 4.7782385215163234
      vertex 151.10259259259257 -11.380596250295639 5.696361774206162
    endloop
  endfacet
  facet normal 0.5627014850208268 -0.7450995943478792 0.3580413848397725
    outer loop
      vertex 151.60375 -11.443304784595966 4.7782385215163234
      vertex 151.60375 -11.127338781952858 5.435777427256108
      vertex 151.10259259259257 -11.380596250295639 5.696361774206162
    endloop
  endfacet
  facet normal 0.5714020022744595 -0.713498607055366 0.4054867316285342
    outer loop
      vertex 151.10259259259257 -11.380596250295639 5.696361774206162
      vertex 151.60375 -11.127338781952858 5.435777427256108
      vertex 151.10259259259257 -11.015839919447899 6.338190750777722
    endloop
  endfacet
  facet normal 0.5768904849277156 -0.7077278965926082 0.40782176595231867
    outer loop
      vertex 151.60375 -11.127338781952858 5.435777427256108
      vertex 151.60375 -10.77069953083992 6.054683940112591
      vertex 151.10259259259257 -11.015839919447899 6.338190750777722
    endloop
  endfacet
  facet normal 0.5852442889797529 -0.6724627493641743 0.4530816404735013
    outer loop
      vertex 151.60375 -10.77069953083992 6.054683940112591
      vertex 151.10259259259257 -10.60996214300394 6.940593631565571
      vertex 151.10259259259257 -11.015839919447899 6.338190750777722
    endloop
  endfacet
  facet normal 0.59084314309111 -0.6661695890107997 0.4551070851342576
    outer loop
      vertex 151.60375 -10.77069953083992 6.054683940112591
      vertex 151.60375 -10.37385393679142 6.635572427511216
      vertex 151.10259259259257 -10.60996214300394 6.940593631565571
    endloop
  endfacet
  facet normal 0.5986156589782478 -0.6276809765558832 0.4976704577286972
    outer loop
      vertex 151.60375 -10.37385393679142 6.635572427511216
      vertex 151.10259259259257 -10.163440845906734 7.503763334453106
      vertex 151.10259259259257 -10.60996214300394 6.940593631565571
    endloop
  endfacet
  facet normal 0.6041853022361539 -0.6210352240234898 0.4992748452344673
    outer loop
      vertex 151.60375 -10.37385393679142 6.635572427511216
      vertex 151.60375 -9.937269277870655 7.178628930449486
      vertex 151.10259259259257 -10.163440845906734 7.503763334453106
    endloop
  endfacet
  facet normal 0.6111922580381581 -0.5798345612715935 0.5387354687313582
    outer loop
      vertex 151.10259259259257 -10.163440845906734 7.503763334453106
      vertex 151.60375 -9.937269277870655 7.178628930449486
      vertex 151.10259259259257 -9.676727525889874 8.027607077360154
    endloop
  endfacet
  facet normal 0.6166086994867575 -0.5730287494038603 0.5398442035197725
    outer loop
      vertex 151.60375 -9.937269277870655 7.178628930449486
      vertex 151.60375 -9.461387008428574 7.683763967454434
      vertex 151.10259259259257 -9.676727525889874 8.027607077360154
    endloop
  endfacet
  facet normal 0.6227207409192943 -0.5296686456726675 0.5759079827717335
    outer loop
      vertex 151.10259259259257 -9.676727525889874 8.027607077360154
      vertex 151.60375 -9.461387008428574 7.683763967454434
      vertex 151.10259259259257 -9.150211110711098 8.511849777400494
    endloop
  endfacet
  facet normal 0.6278804685255429 -0.522902892695859 0.5764882323642415
    outer loop
      vertex 151.60375 -9.461387008428574 7.683763967454434
      vertex 151.60375 -8.946587391197681 8.150712282955647
      vertex 151.10259259259257 -9.150211110711098 8.511849777400494
    endloop
  endfacet
  facet normal 0.6330232757644262 -0.47794762792809264 0.6089725751611356
    outer loop
      vertex 151.60375 -8.946587391197681 8.150712282955647
      vertex 151.10259259259257 -8.584168083965778 8.956104466319085
      vertex 151.10259259259257 -9.150211110711098 8.511849777400494
    endloop
  endfacet
  facet normal 0.6378453129218475 -0.4714146509135891 0.609033319029139
    outer loop
      vertex 151.60375 -8.946587391197681 8.150712282955647
      vertex 151.60375 -8.393140777945518 8.57910073697567
      vertex 151.10259259259257 -8.584168083965778 8.956104466319085
    endloop
  endfacet
  facet normal 0.6419957844008438 -0.4254146534899138 0.6378587503574767
    outer loop
      vertex 151.60375 -8.393140777945518 8.57910073697567
      vertex 151.10259259259257 -7.978691726922989 9.359921948611737
      vertex 151.10259259259257 -8.584168083965778 8.956104466319085
    endloop
  endfacet
  facet normal 0.6464212734006111 -0.4192867669886398 0.637446581544953
    outer loop
      vertex 151.60375 -8.393140777945518 8.57910073697567
      vertex 151.60375 -7.801138356328011 8.96849616020918
      vertex 151.10259259259257 -7.978691726922989 9.359921948611737
    endloop
  endfacet
  facet normal 0.6496009520879026 -0.37276005267373796 0.6626224763597766
    outer loop
      vertex 151.60375 -7.801138356328011 8.96849616020918
      vertex 151.10259259259257 -7.89848927915076 9.405040050883755
      vertex 151.10259259259257 -7.978691726922989 9.359921948611737
    endloop
  endfacet
  facet normal 0.6496009520879046 -0.3727600526737258 0.6626224763597814
    outer loop
      vertex 151.60375 -7.801138356328011 8.96849616020918
      vertex 151.30704855353832 -7.524333438756615 9.41508432816161
      vertex 151.10259259259257 -7.89848927915076 9.405040050883755
    endloop
  endfacet
  facet normal 0.6535906146365327 -0.36717985025806765 0.6618143742950151
    outer loop
      vertex 151.60375 -7.1703905165195465 9.31844005137682
      vertex 151.4738246718934 -7.212699580219931 9.423277513473174
      vertex 151.30704855353832 -7.524333438756615 9.41508432816161
    endloop
  endfacet
  facet normal 0.6535906146365352 -0.36717985025807093 0.661814374295011
    outer loop
      vertex 151.60375 -7.801138356328011 8.96849616020918
      vertex 151.60375 -7.1703905165195465 9.31844005137682
      vertex 151.30704855353832 -7.524333438756615 9.41508432816161
    endloop
  endfacet
  facet normal 0.6558578050397323 -0.3206022524878977 0.683421345341328
    outer loop
      vertex 151.60375 -7.1703905165195465 9.31844005137682
      vertex 151.52948338830154 -7.093009503743309 9.42601185087252
      vertex 151.4738246718934 -7.212699580219931 9.423277513473174
    endloop
  endfacet
  facet normal 0.6593883883625815 -0.3156770128107555 0.682315892292914
    outer loop
      vertex 151.60375 -7.1703905165195465 9.31844005137682
      vertex 151.58810284197736 -6.9643402902651825 9.42889163996682
      vertex 151.52948338830154 -7.093009503743309 9.42601185087252
    endloop
  endfacet
  facet normal 0.6593883883626371 -0.3156770128107291 0.6823158922928726
    outer loop
      vertex 151.60375 -7.1703905165195465 9.31844005137682
      vertex 151.60375 -6.926639621504534 9.431212676604275
      vertex 151.58810284197736 -6.9643402902651825 9.42889163996682
    endloop
  endfacet
  facet normal 0.4960150360876173 0.8666505709384698 0.053720311494109246
    outer loop
      vertex 151.10259259259257 12.736324784870856 0
      vertex 151.10259259259257 12.681054338812828 0.8916583374142646
      vertex 151.50541765213484 12.505773634100265 0
    endloop
  endfacet
  facet normal 0.4972448812835997 0.8659016396400289 0.05442314310997168
    outer loop
      vertex 151.60375 12.449306185140506 0
      vertex 151.50541765213484 12.505773634100265 0
      vertex 151.60375 12.398857206106186 0.8026705399155616
    endloop
  endfacet
  facet normal 0.4972448812836155 0.86590163964002 0.05442314310996855
    outer loop
      vertex 151.50541765213484 12.505773634100265 0
      vertex 151.10259259259257 12.681054338812828 0.8916583374142646
      vertex 151.60375 12.398857206106186 0.8026705399155616
    endloop
  endfacet
  facet normal 0.5015577050000926 0.8594046768050551 0.09931500410632406
    outer loop
      vertex 151.60375 12.398857206106186 0.8026705399155616
      vertex 151.10259259259257 12.681054338812828 0.8916583374142646
      vertex 151.10259259259257 12.571863651275635 1.836520479619503
    endloop
  endfacet
  facet normal 0.5036240271880322 0.8580524205447163 0.10054294026067456
    outer loop
      vertex 151.60375 12.398857206106186 0.8026705399155616
      vertex 151.10259259259257 12.571863651275635 1.836520479619503
      vertex 151.60375 12.292096376419067 1.7137876018881797
    endloop
  endfacet
  facet normal 0.5094906406945893 0.8475935554761967 0.14833897586216563
    outer loop
      vertex 151.10259259259257 12.571863651275635 1.836520479619503
      vertex 151.10259259259257 12.419254682958126 2.7085123300552367
      vertex 151.60375 12.292096376419067 1.7137876018881797
    endloop
  endfacet
  facet normal 0.5123664740822529 0.8455566931598926 0.15004824187249657
    outer loop
      vertex 151.60375 12.142883487045765 2.554636889696121
      vertex 151.60375 12.292096376419067 1.7137876018881797
      vertex 151.10259259259257 12.419254682958126 2.7085123300552367
    endloop
  endfacet
  facet normal 0.5194534706358381 0.8308907319143997 0.1994710090793542
    outer loop
      vertex 151.60375 12.142883487045765 2.554636889696121
      vertex 151.10259259259257 12.419254682958126 2.7085123300552367
      vertex 151.10259259259257 12.2234797924757 3.524006986618042
    endloop
  endfacet
  facet normal 0.5230787840997834 0.828103431211832 0.20157701466159947
    outer loop
      vertex 151.60375 12.142883487045765 2.554636889696121
      vertex 151.10259259259257 12.2234797924757 3.524006986618042
      vertex 151.60375 11.951465263962746 3.3410067424178123
    endloop
  endfacet
  facet normal 0.5310552686900446 0.8091007484138315 0.25166700322593405
    outer loop
      vertex 151.60375 11.951465263962746 3.3410067424178123
      vertex 151.10259259259257 12.2234797924757 3.524006986618042
      vertex 151.10259259259257 11.984855093061924 4.2911771774292
    endloop
  endfacet
  facet normal 0.5353391569450919 0.8055243512970238 0.2540521728087115
    outer loop
      vertex 151.60375 11.951465263962746 3.3410067424178123
      vertex 151.10259259259257 11.984855093061924 4.2911771774292
      vertex 151.60375 11.718150787055492 4.080777989327908
    endloop
  endfacet
  facet normal 0.5438747512926393 0.7821723421582272 0.3039846740694058
    outer loop
      vertex 151.60375 11.718150787055492 4.080777989327908
      vertex 151.10259259259257 11.984855093061924 4.2911771774292
      vertex 151.10259259259257 11.703753612935543 5.014469572901726
    endloop
  endfacet
  facet normal 0.5487000538894586 0.777805578351223 0.3065073133669485
    outer loop
      vertex 151.60375 11.718150787055492 4.080777989327908
      vertex 151.10259259259257 11.703753612935543 5.014469572901726
      vertex 151.60375 11.443304784595966 4.7782385215163234
    endloop
  endfacet
  facet normal 0.5574711497454068 0.7502134961352501 0.35553569077950414
    outer loop
      vertex 151.10259259259257 11.703753612935543 5.014469572901726
      vertex 151.10259259259257 11.380596250295639 5.696361774206162
      vertex 151.60375 11.443304784595966 4.7782385215163234
    endloop
  endfacet
  facet normal 0.5627014850208268 0.7450995943478792 0.3580413848397725
    outer loop
      vertex 151.60375 11.443304784595966 4.7782385215163234
      vertex 151.10259259259257 11.380596250295639 5.696361774206162
      vertex 151.60375 11.127338781952858 5.435777427256108
    endloop
  endfacet
  facet normal 0.5714020022744595 0.713498607055366 0.4054867316285342
    outer loop
      vertex 151.60375 11.127338781952858 5.435777427256108
      vertex 151.10259259259257 11.380596250295639 5.696361774206162
      vertex 151.10259259259257 11.015839919447899 6.338190750777722
    endloop
  endfacet
  facet normal 0.5768904849277156 0.7077278965926082 0.40782176595231867
    outer loop
      vertex 151.60375 11.127338781952858 5.435777427256108
      vertex 151.10259259259257 11.015839919447899 6.338190750777722
      vertex 151.60375 10.77069953083992 6.054683940112591
    endloop
  endfacet
  facet normal 0.6041853022361539 0.6210352240234898 0.4992748452344673
    outer loop
      vertex 151.60375 10.37385393679142 6.635572427511216
      vertex 151.10259259259257 10.163440845906734 7.503763334453106
      vertex 151.60375 9.937269277870655 7.178628930449486
    endloop
  endfacet
  facet normal 0.5986156589782478 0.6276809765558832 0.4976704577286972
    outer loop
      vertex 151.60375 10.37385393679142 6.635572427511216
      vertex 151.10259259259257 10.60996214300394 6.940593631565571
      vertex 151.10259259259257 10.163440845906734 7.503763334453106
    endloop
  endfacet
  facet normal 0.6378453129218475 0.4714146509135891 0.609033319029139
    outer loop
      vertex 151.60375 8.946587391197681 8.150712282955647
      vertex 151.10259259259257 8.584168083965778 8.956104466319085
      vertex 151.60375 8.393140777945518 8.57910073697567
    endloop
  endfacet
  facet normal 0.6464212734006111 0.4192867669886398 0.637446581544953
    outer loop
      vertex 151.60375 7.801138356328011 8.96849616020918
      vertex 151.60375 8.393140777945518 8.57910073697567
      vertex 151.10259259259257 7.978691726922989 9.359921948611737
    endloop
  endfacet
  facet normal 0.6419957844008438 0.4254146534899138 0.6378587503574767
    outer loop
      vertex 151.60375 8.393140777945518 8.57910073697567
      vertex 151.10259259259257 8.584168083965778 8.956104466319085
      vertex 151.10259259259257 7.978691726922989 9.359921948611737
    endloop
  endfacet
  facet normal 0.6278804685255429 0.522902892695859 0.5764882323642415
    outer loop
      vertex 151.60375 9.461387008428574 7.683763967454434
      vertex 151.10259259259257 9.150211110711098 8.511849777400494
      vertex 151.60375 8.946587391197681 8.150712282955647
    endloop
  endfacet
  facet normal 0.6227207409192943 0.5296686456726675 0.5759079827717335
    outer loop
      vertex 151.60375 9.461387008428574 7.683763967454434
      vertex 151.10259259259257 9.676727525889874 8.027607077360154
      vertex 151.10259259259257 9.150211110711098 8.511849777400494
    endloop
  endfacet
  facet normal 0.6166086994867575 0.5730287494038603 0.5398442035197725
    outer loop
      vertex 151.60375 9.937269277870655 7.178628930449486
      vertex 151.10259259259257 9.676727525889874 8.027607077360154
      vertex 151.60375 9.461387008428574 7.683763967454434
    endloop
  endfacet
  facet normal 0.6111922580381581 0.5798345612715935 0.5387354687313582
    outer loop
      vertex 151.10259259259257 10.163440845906734 7.503763334453106
      vertex 151.10259259259257 9.676727525889874 8.027607077360154
      vertex 151.60375 9.937269277870655 7.178628930449486
    endloop
  endfacet
  facet normal 0.6330232757644262 0.47794762792809264 0.6089725751611356
    outer loop
      vertex 151.60375 8.946587391197681 8.150712282955647
      vertex 151.10259259259257 9.150211110711098 8.511849777400494
      vertex 151.10259259259257 8.584168083965778 8.956104466319085
    endloop
  endfacet
  facet normal 0.59084314309111 0.6661695890107997 0.4551070851342576
    outer loop
      vertex 151.60375 10.37385393679142 6.635572427511216
      vertex 151.60375 10.77069953083992 6.054683940112591
      vertex 151.10259259259257 10.60996214300394 6.940593631565571
    endloop
  endfacet
  facet normal 0.5852442889797529 0.6724627493641743 0.4530816404735013
    outer loop
      vertex 151.60375 10.77069953083992 6.054683940112591
      vertex 151.10259259259257 11.015839919447899 6.338190750777722
      vertex 151.10259259259257 10.60996214300394 6.940593631565571
    endloop
  endfacet
  facet normal 0.6496009520879032 0.37276005267372786 0.6626224763597817
    outer loop
      vertex 151.60375 7.801138356328011 8.96849616020918
      vertex 151.10259259259257 7.978691726922989 9.359921948611737
      vertex 151.30704855353832 7.524333438756615 9.41508432816161
    endloop
  endfacet
  facet normal 0.6535906146365342 0.3671798502580722 0.6618143742950111
    outer loop
      vertex 151.60375 7.801138356328011 8.96849616020918
      vertex 151.30704855353832 7.524333438756615 9.41508432816161
      vertex 151.4738246718934 7.212699580219931 9.423277513473176
    endloop
  endfacet
  facet normal 0.6496009520879167 0.3727600526737321 0.662622476359766
    outer loop
      vertex 151.10259259259257 7.978691726922989 9.359921948611737
      vertex 151.10259259259257 7.89848927915076 9.405040050883755
      vertex 151.30704855353832 7.524333438756615 9.41508432816161
    endloop
  endfacet
  facet normal 0.6535906146365376 0.36717985025806993 0.6618143742950091
    outer loop
      vertex 151.60375 7.801138356328011 8.96849616020918
      vertex 151.4738246718934 7.212699580219931 9.423277513473176
      vertex 151.60375 7.1703905165195465 9.31844005137682
    endloop
  endfacet
  facet normal 0.6593883883626371 0.3156770128107291 0.6823158922928726
    outer loop
      vertex 151.60375 7.1703905165195465 9.31844005137682
      vertex 151.58810284197736 6.9643402902651825 9.42889163996682
      vertex 151.60375 6.926639621504534 9.431212676604275
    endloop
  endfacet
  facet normal 0.6593883883625791 0.3156770128107567 0.6823158922929158
    outer loop
      vertex 151.60375 7.1703905165195465 9.31844005137682
      vertex 151.52948338830154 7.093009503743308 9.42601185087252
      vertex 151.58810284197736 6.9643402902651825 9.42889163996682
    endloop
  endfacet
  facet normal 0.6558578050397378 0.32060225248788776 0.6834213453413275
    outer loop
      vertex 151.60375 7.1703905165195465 9.31844005137682
      vertex 151.4738246718934 7.212699580219931 9.423277513473176
      vertex 151.52948338830154 7.093009503743308 9.42601185087252
    endloop
  endfacet
  facet normal 0.6063667942619112 -0.7936191076740776 0.04988008371217513
    outer loop
      vertex 151.60375 -12.449306185140506 0
      vertex 151.96146287929338 -12.175994706389659 0
      vertex 151.60375 -12.398857206106186 0.8026705399155616
    endloop
  endfacet
  facet normal 0.6109516598421599 -0.7862883742941276 0.0921339339549098
    outer loop
      vertex 151.60375 -12.398857206106186 0.8026705399155616
      vertex 152.08407407407407 -12.037345997989178 0.7027862757444381
      vertex 151.60375 -12.292096376419067 1.7137876018881797
    endloop
  endfacet
  facet normal 0.6072627040797922 -0.7928958066617229 0.05048017444457237
    outer loop
      vertex 151.96146287929338 -12.175994706389659 0
      vertex 152.08407407407407 -12.082089296539584 0
      vertex 152.08407407407407 -12.037345997989178 0.7027862757444381
    endloop
  endfacet
  facet normal 0.607262704079753 -0.7928958066617522 0.05048017444458498
    outer loop
      vertex 151.60375 -12.398857206106186 0.8026705399155616
      vertex 151.96146287929338 -12.175994706389659 0
      vertex 152.08407407407407 -12.037345997989178 0.7027862757444381
    endloop
  endfacet
  facet normal 0.612454886777363 -0.7849953049830839 0.0931739385077323
    outer loop
      vertex 152.08407407407407 -12.037345997989178 0.7027862757444381
      vertex 152.08407407407407 -11.933697983622551 1.5760262176394462
      vertex 151.60375 -12.292096376419067 1.7137876018881797
    endloop
  endfacet
  facet normal 0.6173740029696633 -0.7745686205095738 0.13745105521279238
    outer loop
      vertex 152.08407407407407 -11.933697983622551 1.5760262176394462
      vertex 151.60375 -12.142883487045765 2.554636889696121
      vertex 151.60375 -12.292096376419067 1.7137876018881797
    endloop
  endfacet
  facet normal 0.619459560886289 -0.7726451804080982 0.1388858438383975
    outer loop
      vertex 152.08407407407407 -11.933697983622551 1.5760262176394462
      vertex 152.08407407407407 -11.788835659623146 2.3819195568561553
      vertex 151.60375 -12.142883487045765 2.554636889696121
    endloop
  endfacet
  facet normal 0.6252829469497165 -0.7582567704944944 0.18457493397841856
    outer loop
      vertex 152.08407407407407 -11.788835659623146 2.3819195568561553
      vertex 151.60375 -11.951465263962746 3.3410067424178123
      vertex 151.60375 -12.142883487045765 2.554636889696121
    endloop
  endfacet
  facet normal 0.62790034795138 -0.7556611774986327 0.18632589155540324
    outer loop
      vertex 152.08407407407407 -11.788835659623146 2.3819195568561553
      vertex 152.08407407407407 -11.602998584508896 3.1355982959270476
      vertex 151.60375 -11.951465263962746 3.3410067424178123
    endloop
  endfacet
  facet normal 0.6343179253038385 -0.7372734264145474 0.2325266959752946
    outer loop
      vertex 151.60375 -11.951465263962746 3.3410067424178123
      vertex 152.08407407407407 -11.602998584508896 3.1355982959270476
      vertex 151.60375 -11.718150787055492 4.080777989327908
    endloop
  endfacet
  facet normal 0.6373945759857063 -0.7339908300418293 0.23449011902105443
    outer loop
      vertex 152.08407407407407 -11.602998584508896 3.1355982959270476
      vertex 152.08407407407407 -11.37648681551218 3.844615639746189
      vertex 151.60375 -11.718150787055492 4.080777989327908
    endloop
  endfacet
  facet normal 0.6441108692341443 -0.7116683770691403 0.2804448416609067
    outer loop
      vertex 152.08407407407407 -11.37648681551218 3.844615639746189
      vertex 151.60375 -11.443304784595966 4.7782385215163234
      vertex 151.60375 -11.718150787055492 4.080777989327908
    endloop
  endfacet
  facet normal 0.6475568483875164 -0.7077171770708864 0.282500487407089
    outer loop
      vertex 152.08407407407407 -11.37648681551218 3.844615639746189
      vertex 152.08407407407407 -11.109654448926449 4.5130812093615535
      vertex 151.60375 -11.443304784595966 4.7782385215163234
    endloop
  endfacet
  facet normal 0.6542964452791857 -0.6816256175252868 0.32754034748148625
    outer loop
      vertex 151.60375 -11.443304784595966 4.7782385215163234
      vertex 152.08407407407407 -11.109654448926449 4.5130812093615535
      vertex 151.60375 -11.127338781952858 5.435777427256108
    endloop
  endfacet
  facet normal 0.6580106552271187 -0.6770607868964374 0.3295613273045773
    outer loop
      vertex 152.08407407407407 -11.109654448926449 4.5130812093615535
      vertex 152.08407407407407 -10.80290100723505 5.143284784257412
      vertex 151.60375 -11.127338781952858 5.435777427256108
    endloop
  endfacet
  facet normal 0.6645263166940188 -0.6474611490944271 0.37309360063448516
    outer loop
      vertex 151.60375 -11.127338781952858 5.435777427256108
      vertex 152.08407407407407 -10.80290100723505 5.143284784257412
      vertex 151.60375 -10.77069953083992 6.054683940112591
    endloop
  endfacet
  facet normal 0.6684033323332853 -0.64237383786232 0.3749571145555095
    outer loop
      vertex 152.08407407407407 -10.80290100723505 5.143284784257412
      vertex 152.08407407407407 -10.456660225987434 5.736462005972863
      vertex 151.60375 -10.77069953083992 6.054683940112591
    endloop
  endfacet
  facet normal 0.6744842392220819 -0.6096109349126256 0.4164679088188714
    outer loop
      vertex 151.60375 -10.77069953083992 6.054683940112591
      vertex 152.08407407407407 -10.456660225987434 5.736462005972863
      vertex 151.60375 -10.37385393679142 6.635572427511216
    endloop
  endfacet
  facet normal 0.6784211114632208 -0.6041240231191716 0.4180657367105259
    outer loop
      vertex 152.08407407407407 -10.456660225987434 5.736462005972863
      vertex 152.08407407407407 -10.071385383605957 6.293201693892479
      vertex 151.60375 -10.37385393679142 6.635572427511216
    endloop
  endfacet
  facet normal 0.683899422896388 -0.5686089965471078 0.4571273218783565
    outer loop
      vertex 152.08407407407407 -10.071385383605957 6.293201693892479
      vertex 151.60375 -9.937269277870655 7.178628930449486
      vertex 151.60375 -10.37385393679142 6.635572427511216
    endloop
  endfacet
  facet normal 0.6878014814440344 -0.5628692234068313 0.45837469330754105
    outer loop
      vertex 152.08407407407407 -10.071385383605957 6.293201693892479
      vertex 152.08407407407407 -9.647530145943165 6.813682147860527
      vertex 151.60375 -9.937269277870655 7.178628930449486
    endloop
  endfacet
  facet normal 0.6925560635192368 -0.5250580559304213 0.4946515306610356
    outer loop
      vertex 152.08407407407407 -9.647530145943165 6.813682147860527
      vertex 151.60375 -9.461387008428574 7.683763967454434
      vertex 151.60375 -9.937269277870655 7.178628930449486
    endloop
  endfacet
  facet normal 0.6963412392999683 -0.5192256070899662 0.4954933373843087
    outer loop
      vertex 152.08407407407407 -9.647530145943165 6.813682147860527
      vertex 152.08407407407407 -9.185523077845573 7.297817619144917
      vertex 151.60375 -9.461387008428574 7.683763967454434
    endloop
  endfacet
  facet normal 0.7002981051337617 -0.479596312409408 0.5287437385627942
    outer loop
      vertex 152.08407407407407 -9.185523077845573 7.297817619144917
      vertex 151.60375 -8.946587391197681 8.150712282955647
      vertex 151.60375 -9.461387008428574 7.683763967454434
    endloop
  endfacet
  facet normal 0.7038992951129904 -0.4738335471701779 0.5291573980542671
    outer loop
      vertex 152.08407407407407 -9.185523077845573 7.297817619144917
      vertex 152.08407407407407 -8.685733385384083 7.7453538790345196
      vertex 151.60375 -8.946587391197681 8.150712282955647
    endloop
  endfacet
  facet normal 0.7070289944893383 -0.4328648778860162 0.5592298261395932
    outer loop
      vertex 151.60375 -8.946587391197681 8.150712282955647
      vertex 152.08407407407407 -8.685733385384083 7.7453538790345196
      vertex 151.60375 -8.393140777945518 8.57910073697567
    endloop
  endfacet
  facet normal 0.7103946537879453 -0.4273254627858916 0.5592248069643628
    outer loop
      vertex 152.08407407407407 -8.685733385384083 7.7453538790345196
      vertex 152.08407407407407 -8.14842351526022 8.155933284759522
      vertex 151.60375 -8.393140777945518 8.57910073697567
    endloop
  endfacet
  facet normal 0.7127073261997088 -0.3854796545642172 0.5860492326573884
    outer loop
      vertex 152.08407407407407 -8.14842351526022 8.155933284759522
      vertex 151.60375 -7.801138356328011 8.96849616020918
      vertex 151.60375 -8.393140777945518 8.57910073697567
    endloop
  endfacet
  facet normal 0.7158003555195411 -0.38029971035007276 0.5856637101150705
    outer loop
      vertex 152.08407407407407 -8.14842351526022 8.155933284759522
      vertex 152.08407407407407 -7.573681995272636 8.529140689969063
      vertex 151.60375 -7.801138356328011 8.96849616020918
    endloop
  endfacet
  facet normal 0.7173394711940093 -0.3380108767506973 0.6092394687356723
    outer loop
      vertex 152.08407407407407 -7.573681995272636 8.529140689969063
      vertex 151.60375 -7.1703905165195465 9.31844005137682
      vertex 151.60375 -7.801138356328011 8.96849616020918
    endloop
  endfacet
  facet normal 0.720135135811159 -0.33330247096730165 0.608535002294309
    outer loop
      vertex 152.08407407407407 -7.573681995272636 8.529140689969063
      vertex 152.08407407407407 -6.961324751377106 8.864536651968956
      vertex 151.60375 -7.1703905165195465 9.31844005137682
    endloop
  endfacet
  facet normal 0.7209709470051705 -0.2909716603402 0.6289168358800191
    outer loop
      vertex 151.60375 -7.1703905165195465 9.31844005137682
      vertex 152.08407407407407 -6.961324751377106 8.864536651968956
      vertex 151.71719704910006 -6.609166727524919 9.44804095666585
    endloop
  endfacet
  facet normal 0.7234541844935464 -0.28681910869015304 0.6279720072017254
    outer loop
      vertex 152.08407407407407 -6.961324751377106 8.864536651968956
      vertex 152.08407407407407 -6.310743935406208 9.161682078242302
      vertex 151.71719704910006 -6.609166727524919 9.44804095666585
    endloop
  endfacet
  facet normal 0.7209709470052268 -0.29097166034019684 0.6289168358799558
    outer loop
      vertex 151.60375 -7.1703905165195465 9.31844005137682
      vertex 151.71719704910006 -6.609166727524919 9.44804095666585
      vertex 151.60375 -6.926639621504534 9.431212676604275
    endloop
  endfacet
  facet normal 0.7234541844935622 -0.28681910869021826 0.6279720072016775
    outer loop
      vertex 152.08407407407407 -6.310743935406208 9.161682078242302
      vertex 151.77985070810632 -6.430784982068947 9.45733474904743
      vertex 151.71719704910006 -6.609166727524919 9.44804095666585
    endloop
  endfacet
  facet normal 0.7236777928329131 -0.24481636712705146 0.6452560720730924
    outer loop
      vertex 152.08407407407407 -6.310743935406208 9.161682078242302
      vertex 151.88142557724925 -6.090817169155686 9.472401957570824
      vertex 151.77985070810632 -6.430784982068947 9.45733474904743
    endloop
  endfacet
  facet normal 0.7258404016695325 -0.24127504699118485 0.644159966936485
    outer loop
      vertex 152.08407407407407 -6.310743935406208 9.161682078242302
      vertex 152.08407407407407 -5.620663940906525 9.42015682309866
      vertex 151.88142557724925 -6.090817169155686 9.472401957570824
    endloop
  endfacet
  facet normal 0.7258404016694747 -0.24127504699115135 0.6441599669365626
    outer loop
      vertex 152.08407407407407 -5.620663940906525 9.42015682309866
      vertex 152.012097827338 -5.645958870012807 9.491785354831599
      vertex 151.88142557724925 -6.090817169155686 9.472401957570824
    endloop
  endfacet
  facet normal 0.7255591298194383 -0.19994915484243805 0.6584711721962127
    outer loop
      vertex 152.08407407407407 -5.620663940906525 9.42015682309866
      vertex 152.03327246574122 -5.558778284366716 9.494926315729906
      vertex 152.012097827338 -5.645958870012807 9.491785354831599
    endloop
  endfacet
  facet normal 0.72739718881316 -0.1970462676273346 0.6573173496271408
    outer loop
      vertex 152.08407407407407 -5.620663940906525 9.42015682309866
      vertex 152.08407407407407 -5.346105908607502 9.502462022470494
      vertex 152.03327246574122 -5.558778284366716 9.494926315729906
    endloop
  endfacet
  facet normal 0.6072627040797922 0.7928958066617229 0.050480174444572375
    outer loop
      vertex 152.08407407407407 12.082089296539584 0
      vertex 151.96146287929338 12.175994706389659 0
      vertex 152.08407407407407 12.037345997989178 0.7027862757444381
    endloop
  endfacet
  facet normal 0.607262704079753 0.7928958066617522 0.05048017444458499
    outer loop
      vertex 151.96146287929338 12.175994706389659 0
      vertex 151.60375 12.398857206106186 0.8026705399155616
      vertex 152.08407407407407 12.037345997989178 0.7027862757444381
    endloop
  endfacet
  facet normal 0.612454886777363 0.7849953049830839 0.0931739385077323
    outer loop
      vertex 152.08407407407407 12.037345997989178 0.7027862757444381
      vertex 151.60375 12.292096376419067 1.7137876018881797
      vertex 152.08407407407407 11.933697983622551 1.5760262176394462
    endloop
  endfacet
  facet normal 0.6063667942619112 0.7936191076740776 0.04988008371217514
    outer loop
      vertex 151.96146287929338 12.175994706389659 0
      vertex 151.60375 12.449306185140506 0
      vertex 151.60375 12.398857206106186 0.8026705399155616
    endloop
  endfacet
  facet normal 0.6109516598421599 0.7862883742941276 0.09213393395490982
    outer loop
      vertex 152.08407407407407 12.037345997989178 0.7027862757444381
      vertex 151.60375 12.398857206106186 0.8026705399155616
      vertex 151.60375 12.292096376419067 1.7137876018881797
    endloop
  endfacet
  facet normal 0.6173740029696633 0.7745686205095738 0.13745105521279238
    outer loop
      vertex 152.08407407407407 11.933697983622551 1.5760262176394462
      vertex 151.60375 12.292096376419067 1.7137876018881797
      vertex 151.60375 12.142883487045765 2.554636889696121
    endloop
  endfacet
  facet normal 0.619459560886289 0.7726451804080982 0.1388858438383975
    outer loop
      vertex 152.08407407407407 11.933697983622551 1.5760262176394462
      vertex 151.60375 12.142883487045765 2.554636889696121
      vertex 152.08407407407407 11.788835659623146 2.3819195568561553
    endloop
  endfacet
  facet normal 0.62790034795138 0.7556611774986327 0.18632589155540324
    outer loop
      vertex 152.08407407407407 11.788835659623146 2.3819195568561553
      vertex 151.60375 11.951465263962746 3.3410067424178123
      vertex 152.08407407407407 11.602998584508896 3.1355982959270476
    endloop
  endfacet
  facet normal 0.6252829469497165 0.7582567704944944 0.18457493397841856
    outer loop
      vertex 152.08407407407407 11.788835659623146 2.3819195568561553
      vertex 151.60375 12.142883487045765 2.554636889696121
      vertex 151.60375 11.951465263962746 3.3410067424178123
    endloop
  endfacet
  facet normal 0.6343179253038385 0.7372734264145474 0.23252669597529457
    outer loop
      vertex 152.08407407407407 11.602998584508896 3.1355982959270476
      vertex 151.60375 11.951465263962746 3.3410067424178123
      vertex 151.60375 11.718150787055492 4.080777989327908
    endloop
  endfacet
  facet normal 0.6373945759857063 0.7339908300418293 0.23449011902105443
    outer loop
      vertex 152.08407407407407 11.602998584508896 3.1355982959270476
      vertex 151.60375 11.718150787055492 4.080777989327908
      vertex 152.08407407407407 11.37648681551218 3.844615639746189
    endloop
  endfacet
  facet normal 0.6475568483875164 0.7077171770708864 0.282500487407089
    outer loop
      vertex 152.08407407407407 11.37648681551218 3.844615639746189
      vertex 151.60375 11.443304784595966 4.7782385215163234
      vertex 152.08407407407407 11.109654448926449 4.5130812093615535
    endloop
  endfacet
  facet normal 0.6441108692341443 0.7116683770691403 0.2804448416609067
    outer loop
      vertex 152.08407407407407 11.37648681551218 3.844615639746189
      vertex 151.60375 11.718150787055492 4.080777989327908
      vertex 151.60375 11.443304784595966 4.7782385215163234
    endloop
  endfacet
  facet normal 0.6542964452791858 0.6816256175252868 0.3275403474814863
    outer loop
      vertex 152.08407407407407 11.109654448926449 4.5130812093615535
      vertex 151.60375 11.443304784595966 4.7782385215163234
      vertex 151.60375 11.127338781952858 5.435777427256108
    endloop
  endfacet
  facet normal 0.6580106552271187 0.6770607868964374 0.3295613273045773
    outer loop
      vertex 152.08407407407407 11.109654448926449 4.5130812093615535
      vertex 151.60375 11.127338781952858 5.435777427256108
      vertex 152.08407407407407 10.80290100723505 5.143284784257412
    endloop
  endfacet
  facet normal 0.6684033323332853 0.64237383786232 0.3749571145555095
    outer loop
      vertex 152.08407407407407 10.456660225987434 5.736462005972863
      vertex 152.08407407407407 10.80290100723505 5.143284784257412
      vertex 151.60375 10.77069953083992 6.054683940112591
    endloop
  endfacet
  facet normal 0.6645263166940188 0.6474611490944271 0.37309360063448516
    outer loop
      vertex 152.08407407407407 10.80290100723505 5.143284784257412
      vertex 151.60375 11.127338781952858 5.435777427256108
      vertex 151.60375 10.77069953083992 6.054683940112591
    endloop
  endfacet
  facet normal 0.7258404016694727 0.24127504699120692 0.6441599669365439
    outer loop
      vertex 152.08407407407407 6.310743935406208 9.161682078242302
      vertex 152.012097827338 5.645958870012806 9.491785354831599
      vertex 152.08407407407407 5.620663940906525 9.42015682309866
    endloop
  endfacet
  facet normal 0.7258404016695437 0.241275046991167 0.6441599669364789
    outer loop
      vertex 152.08407407407407 6.310743935406208 9.161682078242302
      vertex 151.88142557724925 6.090817169155687 9.472401957570824
      vertex 152.012097827338 5.645958870012806 9.491785354831599
    endloop
  endfacet
  facet normal 0.72739718881316 0.1970462676273346 0.6573173496271408
    outer loop
      vertex 152.08407407407407 5.620663940906525 9.42015682309866
      vertex 152.03327246574122 5.558778284366716 9.494926315729906
      vertex 152.08407407407407 5.346105908607502 9.502462022470494
    endloop
  endfacet
  facet normal 0.7255591298194372 0.19994915484243986 0.6584711721962133
    outer loop
      vertex 152.08407407407407 5.620663940906525 9.42015682309866
      vertex 152.012097827338 5.645958870012806 9.491785354831599
      vertex 152.03327246574122 5.558778284366716 9.494926315729906
    endloop
  endfacet
  facet normal 0.7236777928329134 0.24481636712705157 0.6452560720730921
    outer loop
      vertex 152.08407407407407 6.310743935406208 9.161682078242302
      vertex 151.77985070810632 6.430784982068948 9.45733474904743
      vertex 151.88142557724925 6.090817169155687 9.472401957570824
    endloop
  endfacet
  facet normal 0.7234541844935649 0.2868191086901127 0.6279720072017225
    outer loop
      vertex 152.08407407407407 6.310743935406208 9.161682078242302
      vertex 151.7171970491001 6.6091667275249195 9.448040956665848
      vertex 151.77985070810632 6.430784982068948 9.45733474904743
    endloop
  endfacet
  facet normal 0.723454184493572 0.2868191086901419 0.627972007201701
    outer loop
      vertex 152.08407407407407 6.310743935406208 9.161682078242302
      vertex 152.08407407407407 6.961324751377106 8.864536651968956
      vertex 151.7171970491001 6.6091667275249195 9.448040956665848
    endloop
  endfacet
  facet normal 0.7209709470051705 0.29097166034023164 0.6289168358800044
    outer loop
      vertex 152.08407407407407 6.961324751377106 8.864536651968956
      vertex 151.60375 7.1703905165195465 9.31844005137682
      vertex 151.7171970491001 6.6091667275249195 9.448040956665848
    endloop
  endfacet
  facet normal 0.7209709470051439 0.2909716603402331 0.6289168358800343
    outer loop
      vertex 151.60375 7.1703905165195465 9.31844005137682
      vertex 151.60375 6.926639621504534 9.431212676604275
      vertex 151.7171970491001 6.6091667275249195 9.448040956665848
    endloop
  endfacet
  facet normal 0.6784211114632208 0.6041240231191716 0.4180657367105259
    outer loop
      vertex 152.08407407407407 10.456660225987434 5.736462005972863
      vertex 151.60375 10.37385393679142 6.635572427511216
      vertex 152.08407407407407 10.071385383605957 6.293201693892479
    endloop
  endfacet
  facet normal 0.6878014814440344 0.5628692234068313 0.45837469330754105
    outer loop
      vertex 152.08407407407407 10.071385383605957 6.293201693892479
      vertex 151.60375 9.937269277870655 7.178628930449486
      vertex 152.08407407407407 9.647530145943165 6.813682147860527
    endloop
  endfacet
  facet normal 0.683899422896388 0.5686089965471078 0.4571273218783565
    outer loop
      vertex 152.08407407407407 10.071385383605957 6.293201693892479
      vertex 151.60375 10.37385393679142 6.635572427511216
      vertex 151.60375 9.937269277870655 7.178628930449486
    endloop
  endfacet
  facet normal 0.6963412392999683 0.5192256070899662 0.4954933373843087
    outer loop
      vertex 152.08407407407407 9.185523077845573 7.297817619144917
      vertex 152.08407407407407 9.647530145943165 6.813682147860527
      vertex 151.60375 9.461387008428574 7.683763967454434
    endloop
  endfacet
  facet normal 0.6925560635192368 0.5250580559304213 0.4946515306610356
    outer loop
      vertex 152.08407407407407 9.647530145943165 6.813682147860527
      vertex 151.60375 9.937269277870655 7.178628930449486
      vertex 151.60375 9.461387008428574 7.683763967454434
    endloop
  endfacet
  facet normal 0.7103946537879453 0.4273254627858916 0.5592248069643628
    outer loop
      vertex 152.08407407407407 8.685733385384083 7.7453538790345196
      vertex 151.60375 8.393140777945518 8.57910073697567
      vertex 152.08407407407407 8.14842351526022 8.155933284759522
    endloop
  endfacet
  facet normal 0.7070289944893383 0.43286487788601613 0.5592298261395932
    outer loop
      vertex 152.08407407407407 8.685733385384083 7.7453538790345196
      vertex 151.60375 8.946587391197681 8.150712282955647
      vertex 151.60375 8.393140777945518 8.57910073697567
    endloop
  endfacet
  facet normal 0.7158003555195411 0.38029971035007276 0.5856637101150705
    outer loop
      vertex 152.08407407407407 8.14842351526022 8.155933284759522
      vertex 151.60375 7.801138356328011 8.96849616020918
      vertex 152.08407407407407 7.573681995272636 8.529140689969063
    endloop
  endfacet
  facet normal 0.720135135811159 0.33330247096730165 0.608535002294309
    outer loop
      vertex 152.08407407407407 6.961324751377106 8.864536651968956
      vertex 152.08407407407407 7.573681995272636 8.529140689969063
      vertex 151.60375 7.1703905165195465 9.31844005137682
    endloop
  endfacet
  facet normal 0.7173394711940093 0.3380108767506973 0.6092394687356723
    outer loop
      vertex 152.08407407407407 7.573681995272636 8.529140689969063
      vertex 151.60375 7.801138356328011 8.96849616020918
      vertex 151.60375 7.1703905165195465 9.31844005137682
    endloop
  endfacet
  facet normal 0.7127073261997088 0.3854796545642172 0.5860492326573884
    outer loop
      vertex 152.08407407407407 8.14842351526022 8.155933284759522
      vertex 151.60375 8.393140777945518 8.57910073697567
      vertex 151.60375 7.801138356328011 8.96849616020918
    endloop
  endfacet
  facet normal 0.7038992951129904 0.4738335471701779 0.5291573980542671
    outer loop
      vertex 152.08407407407407 8.685733385384083 7.7453538790345196
      vertex 152.08407407407407 9.185523077845573 7.297817619144917
      vertex 151.60375 8.946587391197681 8.150712282955647
    endloop
  endfacet
  facet normal 0.7002981051337617 0.479596312409408 0.5287437385627942
    outer loop
      vertex 152.08407407407407 9.185523077845573 7.297817619144917
      vertex 151.60375 9.461387008428574 7.683763967454434
      vertex 151.60375 8.946587391197681 8.150712282955647
    endloop
  endfacet
  facet normal 0.674484239222082 0.6096109349126257 0.4164679088188714
    outer loop
      vertex 152.08407407407407 10.456660225987434 5.736462005972863
      vertex 151.60375 10.77069953083992 6.054683940112591
      vertex 151.60375 10.37385393679142 6.635572427511216
    endloop
  endfacet
  facet normal 0.720346067894399 -0.6922133794424613 0.04407016893460549
    outer loop
      vertex 152.08407407407407 -12.082089296539584 0
      vertex 152.3982986786403 -11.755094088042947 0
      vertex 152.08407407407407 -12.037345997989178 0.7027862757444381
    endloop
  endfacet
  facet normal 0.7208062160077586 -0.6917080528554422 0.044478855420401565
    outer loop
      vertex 152.3982986786403 -11.755094088042947 0
      vertex 152.55050925925923 -11.596480447216631 0
      vertex 152.55050925925923 -11.558587923645973 0.5892814338207244
    endloop
  endfacet
  facet normal 0.7208062160077632 -0.6917080528554377 0.04447885542039886
    outer loop
      vertex 152.3982986786403 -11.755094088042947 0
      vertex 152.55050925925923 -11.558587923645973 0.5892814338207244
      vertex 152.08407407407407 -12.037345997989178 0.7027862757444381
    endloop
  endfacet
  facet normal 0.7234634191315769 -0.6855505281018599 0.08137047743321545
    outer loop
      vertex 152.08407407407407 -12.037345997989178 0.7027862757444381
      vertex 152.55050925925923 -11.558587923645973 0.5892814338207244
      vertex 152.08407407407407 -11.933697983622551 1.5760262176394462
    endloop
  endfacet
  facet normal 0.7242350784930801 -0.6846509182285374 0.08207722734682664
    outer loop
      vertex 152.55050925925923 -11.558587923645973 0.5892814338207244
      vertex 152.55050925925923 -11.45906227082014 1.4194791853427886
      vertex 152.08407407407407 -11.933697983622551 1.5760262176394462
    endloop
  endfacet
  facet normal 0.7276867257440477 -0.675089794631212 0.12134990053846409
    outer loop
      vertex 152.08407407407407 -11.933697983622551 1.5760262176394462
      vertex 152.55050925925923 -11.45906227082014 1.4194791853427886
      vertex 152.08407407407407 -11.788835659623146 2.3819195568561553
    endloop
  endfacet
  facet normal 0.7287552511523557 -0.6737601849902969 0.1223233299076995
    outer loop
      vertex 152.55050925925923 -11.45906227082014 1.4194791853427886
      vertex 152.55050925925923 -11.31996151804924 2.1856498658657073
      vertex 152.08407407407407 -11.788835659623146 2.3819195568561553
    endloop
  endfacet
  facet normal 0.7327341492893668 -0.6607258125797092 0.16291736265994075
    outer loop
      vertex 152.08407407407407 -11.788835659623146 2.3819195568561553
      vertex 152.55050925925923 -11.31996151804924 2.1856498658657073
      vertex 152.08407407407407 -11.602998584508896 3.1355982959270476
    endloop
  endfacet
  facet normal 0.7340717488097598 -0.658944829174578 0.16410478269528617
    outer loop
      vertex 152.55050925925923 -11.31996151804924 2.1856498658657073
      vertex 152.55050925925923 -11.14151568710804 2.902179607748985
      vertex 152.08407407407407 -11.602998584508896 3.1355982959270476
    endloop
  endfacet
  facet normal 0.7383350044322482 -0.6424456078829478 0.20524390890338629
    outer loop
      vertex 152.08407407407407 -11.602998584508896 3.1355982959270476
      vertex 152.55050925925923 -11.14151568710804 2.902179607748985
      vertex 152.08407407407407 -11.37648681551218 3.844615639746189
    endloop
  endfacet
  facet normal 0.7399031045373128 -0.6402102835478273 0.20657731902524257
    outer loop
      vertex 152.55050925925923 -11.14151568710804 2.902179607748985
      vertex 152.55050925925923 -10.924012906849384 3.5762493327260017
      vertex 152.08407407407407 -11.37648681551218 3.844615639746189
    endloop
  endfacet
  facet normal 0.7442295469881531 -0.6203288791187301 0.24761757433814793
    outer loop
      vertex 152.08407407407407 -11.37648681551218 3.844615639746189
      vertex 152.55050925925923 -10.924012906849384 3.5762493327260017
      vertex 152.08407407407407 -11.109654448926449 4.5130812093615535
    endloop
  endfacet
  facet normal 0.7459817619198592 -0.6176573192935869 0.24901937034295676
    outer loop
      vertex 152.55050925925923 -10.924012906849384 3.5762493327260017
      vertex 152.55050925925923 -10.667793191969395 4.211766088008881
      vertex 152.08407407407407 -11.109654448926449 4.5130812093615535
    endloop
  endfacet
  facet normal 0.7501743259905238 -0.5945479742364282 0.2893979733101509
    outer loop
      vertex 152.08407407407407 -11.109654448926449 4.5130812093615535
      vertex 152.55050925925923 -10.667793191969395 4.211766088008881
      vertex 152.08407407407407 -10.80290100723505 5.143284784257412
    endloop
  endfacet
  facet normal 0.7520597780177708 -0.5914803576949851 0.29078699549476694
    outer loop
      vertex 152.55050925925923 -10.667793191969395 4.211766088008881
      vertex 152.55050925925923 -10.373240172863007 4.810906791687012
      vertex 152.08407407407407 -10.80290100723505 5.143284784257412
    endloop
  endfacet
  facet normal 0.7559495308814712 -0.5653639076081035 0.3300059980275806
    outer loop
      vertex 152.08407407407407 -10.80290100723505 5.143284784257412
      vertex 152.55050925925923 -10.373240172863007 4.810906791687012
      vertex 152.08407407407407 -10.456660225987434 5.736462005972863
    endloop
  endfacet
  facet normal 0.7579162590478932 -0.5619615131626019 0.3313037910963979
    outer loop
      vertex 152.55050925925923 -10.373240172863007 4.810906791687012
      vertex 152.55050925925923 -10.040770329535007 5.374846176803112
      vertex 152.08407407407407 -10.456660225987434 5.736462005972863
    endloop
  endfacet
  facet normal 0.761366315023131 -0.53311707338929 0.3689275273125289
    outer loop
      vertex 152.55050925925923 -10.040770329535007 5.374846176803112
      vertex 152.08407407407407 -10.071385383605957 6.293201693892479
      vertex 152.08407407407407 -10.456660225987434 5.736462005972863
    endloop
  endfacet
  facet normal 0.7633643924439439 -0.5294593694504441 0.3700642923193567
    outer loop
      vertex 152.55050925925923 -10.040770329535007 5.374846176803112
      vertex 152.55050925925923 -9.67081892490387 5.904144035279751
      vertex 152.08407407407407 -10.071385383605957 6.293201693892479
    endloop
  endfacet
  facet normal 0.7662726466552301 -0.4982129872479479 0.40572164143100015
    outer loop
      vertex 152.55050925925923 -9.67081892490387 5.904144035279751
      vertex 152.08407407407407 -9.647530145943165 6.813682147860527
      vertex 152.08407407407407 -10.071385383605957 6.293201693892479
    endloop
  endfacet
  facet normal 0.7682567351876847 -0.49439298458670156 0.4066413230725739
    outer loop
      vertex 152.55050925925923 -9.67081892490387 5.904144035279751
      vertex 152.55050925925923 -9.263821557164192 6.398969897627831
      vertex 152.08407407407407 -9.647530145943165 6.813682147860527
    endloop
  endfacet
  facet normal 0.770556861929969 -0.4611041823034348 0.44002847134579753
    outer loop
      vertex 152.55050925925923 -9.263821557164192 6.398969897627831
      vertex 152.08407407407407 -9.185523077845573 7.297817619144917
      vertex 152.08407407407407 -9.647530145943165 6.813682147860527
    endloop
  endfacet
  facet normal 0.7724879098219201 -0.4572227172175251 0.44069242793493074
    outer loop
      vertex 152.55050925925923 -9.263821557164192 6.398969897627831
      vertex 152.55050925925923 -8.820189774036407 6.859242224693299
      vertex 152.08407407407407 -9.185523077845573 7.297817619144917
    endloop
  endfacet
  facet normal 0.7741484909281112 -0.4222703658309621 0.4715738034864888
    outer loop
      vertex 152.55050925925923 -8.820189774036407 6.859242224693299
      vertex 152.08407407407407 -8.685733385384083 7.7453538790345196
      vertex 152.08407407407407 -9.185523077845573 7.297817619144917
    endloop
  endfacet
  facet normal 0.775994586336602 -0.41842981929238615 0.4719628039403392
    outer loop
      vertex 152.55050925925923 -8.820189774036407 6.859242224693299
      vertex 152.55050925925923 -8.340278081595898 7.2847193196415905
      vertex 152.08407407407407 -8.685733385384083 7.7453538790345196
    endloop
  endfacet
  facet normal 0.7770165692428094 -0.38219883085477446 0.5001692761609593
    outer loop
      vertex 152.55050925925923 -8.340278081595898 7.2847193196415905
      vertex 152.08407407407407 -8.14842351526022 8.155933284759522
      vertex 152.08407407407407 -8.685733385384083 7.7453538790345196
    endloop
  endfacet
  facet normal 0.7787529050925913 -0.3784971717548752 0.5002837232845078
    outer loop
      vertex 152.55050925925923 -8.340278081595898 7.2847193196415905
      vertex 152.55050925925923 -7.824338488280773 7.675061175227166
      vertex 152.08407407407407 -8.14842351526022 8.155933284759522
    endloop
  endfacet
  facet normal 0.7807740535625599 -0.3378930735372508 0.5255665021089517
    outer loop
      vertex 152.55050925925923 -7.824338488280773 7.675061175227166
      vertex 152.55050925925923 -7.272456005215645 8.029873111844063
      vertex 152.08407407407407 -7.573681995272636 8.529140689969063
    endloop
  endfacet
  facet normal 0.7791658503530668 -0.3413675116296007 0.5257079033526094
    outer loop
      vertex 152.08407407407407 -8.14842351526022 8.155933284759522
      vertex 152.55050925925923 -7.824338488280773 7.675061175227166
      vertex 152.08407407407407 -7.573681995272636 8.529140689969063
    endloop
  endfacet
  facet normal 0.7806317517711074 -0.30023201505343605 0.548155822064972
    outer loop
      vertex 152.55050925925923 -7.272456005215645 8.029873111844063
      vertex 152.08407407407407 -6.961324751377106 8.864536651968956
      vertex 152.08407407407407 -7.573681995272636 8.529140689969063
    endloop
  endfacet
  facet normal 0.7820987645052766 -0.2970594631029556 0.5477930247276829
    outer loop
      vertex 152.55050925925923 -7.272456005215645 8.029873111844063
      vertex 152.55050925925923 -6.684453882277012 8.34873733073473
      vertex 152.08407407407407 -6.961324751377106 8.864536651968956
    endloop
  endfacet
  facet normal 0.7814748061684902 -0.25921806492110017 0.5675412955393475
    outer loop
      vertex 152.55050925925923 -6.684453882277012 8.34873733073473
      vertex 152.08407407407407 -6.310743935406208 9.161682078242302
      vertex 152.08407407407407 -6.961324751377106 8.864536651968956
    endloop
  endfacet
  facet normal 0.7827915244244956 -0.2564057820212959 0.5670039719748197
    outer loop
      vertex 152.55050925925923 -6.684453882277012 8.34873733073473
      vertex 152.55050925925923 -6.059748433530331 8.631236390769482
      vertex 152.08407407407407 -6.310743935406208 9.161682078242302
    endloop
  endfacet
  facet normal 0.7829352707936771 -0.2163088726906291 0.5832862362018673
    outer loop
      vertex 152.55050925925923 -6.059748433530331 8.631236390769482
      vertex 152.55050925925923 -5.397114805877209 8.876970858871937
      vertex 152.08407407407407 -5.620663940906525 9.42015682309866
    endloop
  endfacet
  facet normal 0.7817753521600047 -0.21872012209342465 0.5839424688670434
    outer loop
      vertex 152.08407407407407 -6.310743935406208 9.161682078242302
      vertex 152.55050925925923 -6.059748433530331 8.631236390769482
      vertex 152.08407407407407 -5.620663940906525 9.42015682309866
    endloop
  endfacet
  facet normal 0.7816291517931132 -0.17910715247647613 0.5974751015723975
    outer loop
      vertex 152.55050925925923 -5.397114805877209 8.876970858871937
      vertex 152.1609608210161 -4.972524127278137 9.513867094006752
      vertex 152.08407407407407 -5.620663940906525 9.42015682309866
    endloop
  endfacet
  facet normal 0.7816291517931233 -0.17910715247647538 0.5974751015723845
    outer loop
      vertex 152.08407407407407 -5.620663940906525 9.42015682309866
      vertex 152.1609608210161 -4.972524127278137 9.513867094006752
      vertex 152.08407407407407 -5.346105908607502 9.502462022470494
    endloop
  endfacet
  facet normal 0.7826271543159785 -0.17711985059678018 0.5967606688211347
    outer loop
      vertex 152.55050925925923 -5.397114805877209 8.876970858871937
      vertex 152.55050925925923 -4.694283187389374 9.085572795569897
      vertex 152.1609608210161 -4.972524127278137 9.513867094006752
    endloop
  endfacet
  facet normal 0.7826271543159852 -0.1771198505968219 0.5967606688211133
    outer loop
      vertex 152.55050925925923 -4.694283187389374 9.085572795569897
      vertex 152.17054193209677 -4.925400284283599 9.515288317580618
      vertex 152.1609608210161 -4.972524127278137 9.513867094006752
    endloop
  endfacet
  facet normal 0.7826271543159703 -0.17711985059668744 0.5967606688211728
    outer loop
      vertex 152.55050925925923 -4.694283187389374 9.085572795569897
      vertex 152.1855498544762 -4.846419846638441 9.51904760643623
      vertex 152.17054193209677 -4.925400284283599 9.515288317580618
    endloop
  endfacet
  facet normal 0.7811444505191072 -0.14073751679991528 0.6082814305797898
    outer loop
      vertex 152.55050925925923 -4.694283187389374 9.085572795569897
      vertex 152.26276487915283 -4.334253099256582 9.53838896324857
      vertex 152.1855498544762 -4.846419846638441 9.51904760643623
    endloop
  endfacet
  facet normal 0.7819757911166035 -0.13917988218696153 0.6075712489099411
    outer loop
      vertex 152.55050925925923 -4.694283187389374 9.085572795569897
      vertex 152.55050925925923 -3.947179824113846 9.256716111302376
      vertex 152.26276487915283 -4.334253099256582 9.53838896324857
    endloop
  endfacet
  facet normal 0.7811005230505087 -0.10285007542935728 0.6158764769614092
    outer loop
      vertex 152.55050925925923 -3.947179824113846 9.256716111302376
      vertex 152.55050925925923 -3.148317389190197 9.390124456584454
      vertex 152.3492971158481 -3.658818176855852 9.560064160176925
    endloop
  endfacet
  facet normal 0.7819757911165769 -0.13917988218690805 0.6075712489099876
    outer loop
      vertex 152.55050925925923 -3.947179824113846 9.256716111302376
      vertex 152.30775720586894 -4.032268126885235 9.549658954399629
      vertex 152.26276487915283 -4.334253099256582 9.53838896324857
    endloop
  endfacet
  facet normal 0.7804409744864083 -0.1039884378884398 0.6165211189636794
    outer loop
      vertex 152.55050925925923 -3.947179824113846 9.256716111302376
      vertex 152.3492971158481 -3.658818176855852 9.560064160176925
      vertex 152.30775720586894 -4.032268126885235 9.549658954399629
    endloop
  endfacet
  facet normal 0.7811005230505174 -0.10285007542936472 0.615876476961397
    outer loop
      vertex 152.55050925925923 -3.148317389190197 9.390124456584454
      vertex 152.40082870718393 -3.190164350617226 9.57297215184446
      vertex 152.3492971158481 -3.658818176855852 9.560064160176925
    endloop
  endfacet
  facet normal 0.7796517406865988 -0.0693157496795142 0.6223652384980409
    outer loop
      vertex 152.55050925925923 -3.148317389190197 9.390124456584454
      vertex 152.41992352891899 -2.9324438986363 9.577755155696268
      vertex 152.40082870718393 -3.190164350617226 9.57297215184446
    endloop
  endfacet
  facet normal 0.780133427453535 -0.06857122745269748 0.6218438888782541
    outer loop
      vertex 152.55050925925923 -3.148317389190197 9.390124456584454
      vertex 152.55050925925923 -2.282695919275284 9.485577234625817
      vertex 152.41992352891899 -2.9324438986363 9.577755155696268
    endloop
  endfacet
  facet normal 0.7801334274535607 -0.06857122745270738 0.6218438888782208
    outer loop
      vertex 152.55050925925923 -2.282695919275284 9.485577234625817
      vertex 152.46627821101967 -2.2997701170206084 9.589366399106302
      vertex 152.41992352891899 -2.9324438986363 9.577755155696268
    endloop
  endfacet
  facet normal 0.7789295852998268 -0.037396853595201694 0.625995348613565
    outer loop
      vertex 152.55050925925923 -2.282695919275284 9.485577234625817
      vertex 152.47303445711455 -2.1307172808194754 9.591058750652914
      vertex 152.46627821101967 -2.2997701170206084 9.589366399106302
    endloop
  endfacet
  facet normal 0.7792260323839578 -0.03700573302921881 0.6256495554047211
    outer loop
      vertex 152.55050925925923 -2.282695919275284 9.485577234625817
      vertex 152.55050925925923 -1.3133145347237587 9.542913915216923
      vertex 152.47303445711455 -2.1307172808194754 9.591058750652914
    endloop
  endfacet
  facet normal 0.7792260323839524 -0.03700573302921787 0.6256495554047281
    outer loop
      vertex 152.55050925925923 -1.3133145347237587 9.542913915216923
      vertex 152.50514410443049 -1.3186052108086963 9.599101798601898
      vertex 152.47303445711455 -2.1307172808194754 9.591058750652914
    endloop
  endfacet
  facet normal 0.7784502043426313 -0.009230508534989874 0.6276384923434039
    outer loop
      vertex 152.55050925925923 -1.3133145347237587 9.542913915216923
      vertex 152.5064209313177 -1.189177583360861 9.599421627087567
      vertex 152.50514410443049 -1.3186052108086963 9.599101798601898
    endloop
  endfacet
  facet normal 0.7785523259414476 -0.009137195078056971 0.6275131771024952
    outer loop
      vertex 152.55050925925923 -1.3133145347237587 9.542913915216923
      vertex 152.55050925925923 0 9.562037037312985
      vertex 152.5064209313177 -1.189177583360861 9.599421627087567
    endloop
  endfacet
  facet normal 0.7785523259414757 -0.009137195078059117 0.6275131771024602
    outer loop
      vertex 152.55050925925923 0 9.562037037312985
      vertex 152.51803290874201 0 9.602330276014392
      vertex 152.5064209313177 -1.189177583360861 9.599421627087567
    endloop
  endfacet
  facet normal 0.7208062160077586 0.6917080528554422 0.044478855420401565
    outer loop
      vertex 152.3982986786403 11.755094088042947 0
      vertex 152.55050925925923 11.558587923645973 0.5892814338207244
      vertex 152.55050925925923 11.596480447216631 0
    endloop
  endfacet
  facet normal 0.720346067894399 0.6922133794424613 0.04407016893460551
    outer loop
      vertex 152.3982986786403 11.755094088042947 0
      vertex 152.08407407407407 12.082089296539584 0
      vertex 152.08407407407407 12.037345997989178 0.7027862757444381
    endloop
  endfacet
  facet normal 0.7208062160077632 0.6917080528554377 0.04447885542039886
    outer loop
      vertex 152.3982986786403 11.755094088042947 0
      vertex 152.08407407407407 12.037345997989178 0.7027862757444381
      vertex 152.55050925925923 11.558587923645973 0.5892814338207244
    endloop
  endfacet
  facet normal 0.7234634191315769 0.6855505281018599 0.08137047743321546
    outer loop
      vertex 152.55050925925923 11.558587923645973 0.5892814338207244
      vertex 152.08407407407407 12.037345997989178 0.7027862757444381
      vertex 152.08407407407407 11.933697983622551 1.5760262176394462
    endloop
  endfacet
  facet normal 0.7242350784930801 0.6846509182285374 0.08207722734682664
    outer loop
      vertex 152.55050925925923 11.558587923645973 0.5892814338207244
      vertex 152.08407407407407 11.933697983622551 1.5760262176394462
      vertex 152.55050925925923 11.45906227082014 1.4194791853427886
    endloop
  endfacet
  facet normal 0.7276867257440477 0.675089794631212 0.12134990053846409
    outer loop
      vertex 152.55050925925923 11.45906227082014 1.4194791853427886
      vertex 152.08407407407407 11.933697983622551 1.5760262176394462
      vertex 152.08407407407407 11.788835659623146 2.3819195568561553
    endloop
  endfacet
  facet normal 0.7287552511523557 0.6737601849902969 0.1223233299076995
    outer loop
      vertex 152.55050925925923 11.45906227082014 1.4194791853427886
      vertex 152.08407407407407 11.788835659623146 2.3819195568561553
      vertex 152.55050925925923 11.31996151804924 2.1856498658657073
    endloop
  endfacet
  facet normal 0.7340717488097598 0.658944829174578 0.16410478269528617
    outer loop
      vertex 152.55050925925923 11.31996151804924 2.1856498658657073
      vertex 152.08407407407407 11.602998584508896 3.1355982959270476
      vertex 152.55050925925923 11.14151568710804 2.902179607748985
    endloop
  endfacet
  facet normal 0.732734149289367 0.6607258125797093 0.16291736265994078
    outer loop
      vertex 152.55050925925923 11.31996151804924 2.1856498658657073
      vertex 152.08407407407407 11.788835659623146 2.3819195568561553
      vertex 152.08407407407407 11.602998584508896 3.1355982959270476
    endloop
  endfacet
  facet normal 0.7579162590478932 0.5619615131626019 0.3313037910963979
    outer loop
      vertex 152.55050925925923 10.373240172863007 4.810906791687012
      vertex 152.08407407407407 10.456660225987434 5.736462005972863
      vertex 152.55050925925923 10.040770329535007 5.374846176803112
    endloop
  endfacet
  facet normal 0.7633643924439439 0.5294593694504441 0.3700642923193567
    outer loop
      vertex 152.55050925925923 10.040770329535007 5.374846176803112
      vertex 152.08407407407407 10.071385383605957 6.293201693892479
      vertex 152.55050925925923 9.67081892490387 5.904144035279751
    endloop
  endfacet
  facet normal 0.761366315023131 0.53311707338929 0.3689275273125289
    outer loop
      vertex 152.55050925925923 10.040770329535007 5.374846176803112
      vertex 152.08407407407407 10.456660225987434 5.736462005972863
      vertex 152.08407407407407 10.071385383605957 6.293201693892479
    endloop
  endfacet
  facet normal 0.7399031045373128 0.6402102835478273 0.20657731902524257
    outer loop
      vertex 152.55050925925923 11.14151568710804 2.902179607748985
      vertex 152.08407407407407 11.37648681551218 3.844615639746189
      vertex 152.55050925925923 10.924012906849384 3.5762493327260017
    endloop
  endfacet
  facet normal 0.7383350044322484 0.6424456078829478 0.2052439089033863
    outer loop
      vertex 152.55050925925923 11.14151568710804 2.902179607748985
      vertex 152.08407407407407 11.602998584508896 3.1355982959270476
      vertex 152.08407407407407 11.37648681551218 3.844615639746189
    endloop
  endfacet
  facet normal 0.7459817619198592 0.6176573192935869 0.24901937034295676
    outer loop
      vertex 152.55050925925923 10.924012906849384 3.5762493327260017
      vertex 152.08407407407407 11.109654448926449 4.5130812093615535
      vertex 152.55050925925923 10.667793191969395 4.211766088008881
    endloop
  endfacet
  facet normal 0.7442295469881531 0.62032887911873 0.2476175743381479
    outer loop
      vertex 152.55050925925923 10.924012906849384 3.5762493327260017
      vertex 152.08407407407407 11.37648681551218 3.844615639746189
      vertex 152.08407407407407 11.109654448926449 4.5130812093615535
    endloop
  endfacet
  facet normal 0.7501743259905238 0.5945479742364282 0.2893979733101509
    outer loop
      vertex 152.55050925925923 10.667793191969395 4.211766088008881
      vertex 152.08407407407407 11.109654448926449 4.5130812093615535
      vertex 152.08407407407407 10.80290100723505 5.143284784257412
    endloop
  endfacet
  facet normal 0.7520597780177708 0.5914803576949851 0.29078699549476694
    outer loop
      vertex 152.55050925925923 10.373240172863007 4.810906791687012
      vertex 152.55050925925923 10.667793191969395 4.211766088008881
      vertex 152.08407407407407 10.80290100723505 5.143284784257412
    endloop
  endfacet
  facet normal 0.7559495308814712 0.5653639076081035 0.3300059980275806
    outer loop
      vertex 152.55050925925923 10.373240172863007 4.810906791687012
      vertex 152.08407407407407 10.80290100723505 5.143284784257412
      vertex 152.08407407407407 10.456660225987434 5.736462005972863
    endloop
  endfacet
  facet normal 0.7829352707936771 0.2163088726906291 0.5832862362018673
    outer loop
      vertex 152.55050925925923 6.059748433530331 8.631236390769482
      vertex 152.08407407407407 5.620663940906525 9.42015682309866
      vertex 152.55050925925923 5.397114805877209 8.876970858871937
    endloop
  endfacet
  facet normal 0.7820987645052766 0.2970594631029556 0.5477930247276829
    outer loop
      vertex 152.55050925925923 6.684453882277012 8.34873733073473
      vertex 152.55050925925923 7.272456005215645 8.029873111844063
      vertex 152.08407407407407 6.961324751377106 8.864536651968956
    endloop
  endfacet
  facet normal 0.7827915244244956 0.2564057820212959 0.5670039719748197
    outer loop
      vertex 152.55050925925923 6.684453882277012 8.34873733073473
      vertex 152.08407407407407 6.310743935406208 9.161682078242302
      vertex 152.55050925925923 6.059748433530331 8.631236390769482
    endloop
  endfacet
  facet normal 0.7814748061684902 0.25921806492110017 0.5675412955393475
    outer loop
      vertex 152.55050925925923 6.684453882277012 8.34873733073473
      vertex 152.08407407407407 6.961324751377106 8.864536651968956
      vertex 152.08407407407407 6.310743935406208 9.161682078242302
    endloop
  endfacet
  facet normal 0.7785523259414757 0.009137195078059105 0.6275131771024602
    outer loop
      vertex 152.55050925925923 0 9.562037037312985
      vertex 152.5064209313177 1.1891775833608627 9.599421627087567
      vertex 152.51803290874201 0 9.602330276014392
    endloop
  endfacet
  facet normal 0.7785523259414476 0.00913719507805697 0.627513177102495
    outer loop
      vertex 152.55050925925923 0 9.562037037312985
      vertex 152.55050925925923 1.3133145347237587 9.542913915216923
      vertex 152.5064209313177 1.1891775833608627 9.599421627087567
    endloop
  endfacet
  facet normal 0.7784502043426315 0.009230508534989986 0.6276384923434039
    outer loop
      vertex 152.55050925925923 1.3133145347237587 9.542913915216923
      vertex 152.50514410443049 1.3186052108086963 9.599101798601898
      vertex 152.5064209313177 1.1891775833608627 9.599421627087567
    endloop
  endfacet
  facet normal 0.7792260323839523 0.037005733029219216 0.625649555404728
    outer loop
      vertex 152.55050925925923 1.3133145347237587 9.542913915216923
      vertex 152.55050925925923 2.282695919275284 9.485577234625817
      vertex 152.50514410443049 1.3186052108086963 9.599101798601898
    endloop
  endfacet
  facet normal 0.7792260323839585 0.037005733029218016 0.6256495554047203
    outer loop
      vertex 152.55050925925923 2.282695919275284 9.485577234625817
      vertex 152.47303445711455 2.130717280819476 9.591058750652914
      vertex 152.50514410443049 1.3186052108086963 9.599101798601898
    endloop
  endfacet
  facet normal 0.7789295852998268 0.0373968535952018 0.6259953486135651
    outer loop
      vertex 152.55050925925923 2.282695919275284 9.485577234625817
      vertex 152.46627821101967 2.2997701170206084 9.589366399106302
      vertex 152.47303445711455 2.130717280819476 9.591058750652914
    endloop
  endfacet
  facet normal 0.7801334274535607 0.06857122745270573 0.621843888878221
    outer loop
      vertex 152.55050925925923 2.282695919275284 9.485577234625817
      vertex 152.41992352891899 2.9324438986362993 9.57775515569627
      vertex 152.46627821101967 2.2997701170206084 9.589366399106302
    endloop
  endfacet
  facet normal 0.7801334274535382 0.06857122745269705 0.6218438888782503
    outer loop
      vertex 152.55050925925923 2.282695919275284 9.485577234625817
      vertex 152.55050925925923 3.148317389190197 9.390124456584454
      vertex 152.41992352891899 2.9324438986362993 9.57775515569627
    endloop
  endfacet
  facet normal 0.7796517406865989 0.0693157496795184 0.6223652384980404
    outer loop
      vertex 152.55050925925923 3.148317389190197 9.390124456584454
      vertex 152.40082870718393 3.1901643506172257 9.57297215184446
      vertex 152.41992352891899 2.9324438986362993 9.57775515569627
    endloop
  endfacet
  facet normal 0.7811005230505172 0.10285007542936472 0.6158764769613972
    outer loop
      vertex 152.55050925925923 3.148317389190197 9.390124456584454
      vertex 152.3492971158481 3.6588181768558514 9.560064160176925
      vertex 152.40082870718393 3.1901643506172257 9.57297215184446
    endloop
  endfacet
  facet normal 0.7811005230505086 0.1028500754293573 0.6158764769614093
    outer loop
      vertex 152.55050925925923 3.148317389190197 9.390124456584454
      vertex 152.55050925925923 3.947179824113846 9.256716111302376
      vertex 152.3492971158481 3.6588181768558514 9.560064160176925
    endloop
  endfacet
  facet normal 0.7819757911166035 0.13917988218696153 0.6075712489099411
    outer loop
      vertex 152.55050925925923 4.694283187389374 9.085572795569897
      vertex 152.26276487915283 4.334253099256582 9.53838896324857
      vertex 152.55050925925923 3.947179824113846 9.256716111302376
    endloop
  endfacet
  facet normal 0.7804409744864083 0.1039884378884397 0.6165211189636797
    outer loop
      vertex 152.55050925925923 3.947179824113846 9.256716111302376
      vertex 152.30775720586894 4.032268126885235 9.549658954399629
      vertex 152.3492971158481 3.6588181768558514 9.560064160176925
    endloop
  endfacet
  facet normal 0.7819757911165769 0.13917988218690805 0.6075712489099876
    outer loop
      vertex 152.55050925925923 3.947179824113846 9.256716111302376
      vertex 152.26276487915283 4.334253099256582 9.53838896324857
      vertex 152.30775720586894 4.032268126885235 9.549658954399629
    endloop
  endfacet
  facet normal 0.7811444505191072 0.14073751679991528 0.6082814305797898
    outer loop
      vertex 152.55050925925923 4.694283187389374 9.085572795569897
      vertex 152.1855498544762 4.846419846638441 9.51904760643623
      vertex 152.26276487915283 4.334253099256582 9.53838896324857
    endloop
  endfacet
  facet normal 0.7826271543159785 0.17711985059678018 0.5967606688211347
    outer loop
      vertex 152.55050925925923 4.694283187389374 9.085572795569897
      vertex 152.55050925925923 5.397114805877209 8.876970858871937
      vertex 152.1609608210161 4.972524127278137 9.513867094006752
    endloop
  endfacet
  facet normal 0.7826271543159703 0.17711985059668744 0.5967606688211728
    outer loop
      vertex 152.55050925925923 4.694283187389374 9.085572795569897
      vertex 152.17054193209677 4.925400284283599 9.515288317580618
      vertex 152.1855498544762 4.846419846638441 9.51904760643623
    endloop
  endfacet
  facet normal 0.7826271543159852 0.1771198505968219 0.5967606688211133
    outer loop
      vertex 152.55050925925923 4.694283187389374 9.085572795569897
      vertex 152.1609608210161 4.972524127278137 9.513867094006752
      vertex 152.17054193209677 4.925400284283599 9.515288317580618
    endloop
  endfacet
  facet normal 0.7816291517931132 0.17910715247647613 0.5974751015723975
    outer loop
      vertex 152.55050925925923 5.397114805877209 8.876970858871937
      vertex 152.08407407407407 5.620663940906525 9.42015682309866
      vertex 152.1609608210161 4.972524127278137 9.513867094006752
    endloop
  endfacet
  facet normal 0.7817753521600047 0.21872012209342465 0.5839424688670434
    outer loop
      vertex 152.55050925925923 6.059748433530331 8.631236390769482
      vertex 152.08407407407407 6.310743935406208 9.161682078242302
      vertex 152.08407407407407 5.620663940906525 9.42015682309866
    endloop
  endfacet
  facet normal 0.7816291517931233 0.17910715247647538 0.5974751015723845
    outer loop
      vertex 152.08407407407407 5.620663940906525 9.42015682309866
      vertex 152.08407407407407 5.346105908607502 9.502462022470494
      vertex 152.1609608210161 4.972524127278137 9.513867094006752
    endloop
  endfacet
  facet normal 0.775994586336602 0.41842981929238615 0.4719628039403392
    outer loop
      vertex 152.55050925925923 8.340278081595898 7.2847193196415905
      vertex 152.55050925925923 8.820189774036407 6.859242224693299
      vertex 152.08407407407407 8.685733385384083 7.7453538790345196
    endloop
  endfacet
  facet normal 0.7682567351876847 0.49439298458670156 0.4066413230725739
    outer loop
      vertex 152.55050925925923 9.263821557164192 6.398969897627831
      vertex 152.55050925925923 9.67081892490387 5.904144035279751
      vertex 152.08407407407407 9.647530145943165 6.813682147860527
    endloop
  endfacet
  facet normal 0.7662726466552301 0.4982129872479479 0.40572164143100015
    outer loop
      vertex 152.55050925925923 9.67081892490387 5.904144035279751
      vertex 152.08407407407407 10.071385383605957 6.293201693892479
      vertex 152.08407407407407 9.647530145943165 6.813682147860527
    endloop
  endfacet
  facet normal 0.7724879098219201 0.4572227172175251 0.44069242793493074
    outer loop
      vertex 152.55050925925923 9.263821557164192 6.398969897627831
      vertex 152.08407407407407 9.185523077845573 7.297817619144917
      vertex 152.55050925925923 8.820189774036407 6.859242224693299
    endloop
  endfacet
  facet normal 0.770556861929969 0.4611041823034348 0.44002847134579753
    outer loop
      vertex 152.55050925925923 9.263821557164192 6.398969897627831
      vertex 152.08407407407407 9.647530145943165 6.813682147860527
      vertex 152.08407407407407 9.185523077845573 7.297817619144917
    endloop
  endfacet
  facet normal 0.7741484909281112 0.42227036583096206 0.47157380348648886
    outer loop
      vertex 152.08407407407407 8.685733385384083 7.7453538790345196
      vertex 152.55050925925923 8.820189774036407 6.859242224693299
      vertex 152.08407407407407 9.185523077845573 7.297817619144917
    endloop
  endfacet
  facet normal 0.7807740535625599 0.3378930735372508 0.5255665021089517
    outer loop
      vertex 152.55050925925923 7.824338488280773 7.675061175227166
      vertex 152.08407407407407 7.573681995272636 8.529140689969063
      vertex 152.55050925925923 7.272456005215645 8.029873111844063
    endloop
  endfacet
  facet normal 0.7791658503530668 0.34136751162960066 0.5257079033526095
    outer loop
      vertex 152.55050925925923 7.824338488280773 7.675061175227166
      vertex 152.08407407407407 8.14842351526022 8.155933284759522
      vertex 152.08407407407407 7.573681995272636 8.529140689969063
    endloop
  endfacet
  facet normal 0.7787529050925913 0.3784971717548752 0.5002837232845078
    outer loop
      vertex 152.55050925925923 8.340278081595898 7.2847193196415905
      vertex 152.08407407407407 8.14842351526022 8.155933284759522
      vertex 152.55050925925923 7.824338488280773 7.675061175227166
    endloop
  endfacet
  facet normal 0.7770165692428094 0.38219883085477446 0.5001692761609593
    outer loop
      vertex 152.55050925925923 8.340278081595898 7.2847193196415905
      vertex 152.08407407407407 8.685733385384083 7.7453538790345196
      vertex 152.08407407407407 8.14842351526022 8.155933284759522
    endloop
  endfacet
  facet normal 0.7806317517711074 0.30023201505343605 0.5481558220649722
    outer loop
      vertex 152.08407407407407 6.961324751377106 8.864536651968956
      vertex 152.55050925925923 7.272456005215645 8.029873111844063
      vertex 152.08407407407407 7.573681995272636 8.529140689969063
    endloop
  endfacet
  facet normal 0.8126222844373178 -0.5815895622243283 0.03739791367962676
    outer loop
      vertex 152.55050925925923 -11.596480447216631 0
      vertex 152.82008749643745 -11.219813984887901 0
      vertex 152.55050925925923 -11.558587923645973 0.5892814338207244
    endloop
  endfacet
  facet normal 0.8127486371335789 -0.5814023102521719 0.037563366075837996
    outer loop
      vertex 152.55050925925923 -11.558587923645973 0.5892814338207244
      vertex 152.82008749643745 -11.219813984887901 0
      vertex 153.01 -10.924650147557259 0.45943189561367026
    endloop
  endfacet
  facet normal 0.8127486371335618 -0.5814023102521942 0.037563366075859486
    outer loop
      vertex 152.82008749643745 -11.219813984887901 0
      vertex 153.01 -10.95433322273179 0
      vertex 153.01 -10.924650147557259 0.45943189561367026
    endloop
  endfacet
  facet normal 0.8144154747861082 -0.5761568065759977 0.06907075115464101
    outer loop
      vertex 152.55050925925923 -11.558587923645973 0.5892814338207244
      vertex 153.01 -10.924650147557259 0.45943189561367026
      vertex 152.55050925925923 -11.45906227082014 1.4194791853427886
    endloop
  endfacet
  facet normal 0.814627507984054 -0.5758224017533975 0.06935837998856931
    outer loop
      vertex 153.01 -10.924650147557259 0.45943189561367026
      vertex 153.01 -10.830583043396473 1.2403893783688544
      vertex 152.55050925925923 -11.45906227082014 1.4194791853427886
    endloop
  endfacet
  facet normal 0.8167242117428603 -0.5677471563222269 0.10307632337752665
    outer loop
      vertex 152.55050925925923 -11.45906227082014 1.4194791853427886
      vertex 153.01 -10.830583043396473 1.2403893783688544
      vertex 152.55050925925923 -11.31996151804924 2.1856498658657073
    endloop
  endfacet
  facet normal 0.8170177468031595 -0.5672520188383168 0.1034753522948449
    outer loop
      vertex 153.01 -10.830583043396473 1.2403893783688544
      vertex 153.01 -10.699111357331276 1.961117336153984
      vertex 152.55050925925923 -11.31996151804924 2.1856498658657073
    endloop
  endfacet
  facet normal 0.8193525276581566 -0.5562982042371422 0.13854148614303471
    outer loop
      vertex 152.55050925925923 -11.31996151804924 2.1856498658657073
      vertex 153.01 -10.699111357331276 1.961117336153984
      vertex 152.55050925925923 -11.14151568710804 2.902179607748985
    endloop
  endfacet
  facet normal 0.8197198148198062 -0.5556340901826895 0.13903302851710356
    outer loop
      vertex 153.01 -10.699111357331276 1.961117336153984
      vertex 153.01 -10.530452497303486 2.6351486310362815
      vertex 152.55050925925923 -11.14151568710804 2.902179607748985
    endloop
  endfacet
  facet normal 0.8221239230666508 -0.541801566534568 0.17482367580561722
    outer loop
      vertex 152.55050925925923 -11.14151568710804 2.902179607748985
      vertex 153.01 -10.530452497303486 2.6351486310362815
      vertex 152.55050925925923 -10.924012906849384 3.5762493327260017
    endloop
  endfacet
  facet normal 0.8248785539658642 -0.5243025164129128 0.21138174587762376
    outer loop
      vertex 153.01 -10.3248787894845 3.269238279759884
      vertex 152.55050925925923 -10.667793191969395 4.211766088008881
      vertex 152.55050925925923 -10.924012906849384 3.5762493327260017
    endloop
  endfacet
  facet normal 0.8225544328007609 -0.5409667384085006 0.17538298952716988
    outer loop
      vertex 153.01 -10.530452497303486 2.6351486310362815
      vertex 153.01 -10.3248787894845 3.269238279759884
      vertex 152.55050925925923 -10.924012906849384 3.5762493327260017
    endloop
  endfacet
  facet normal 0.8274743321090772 -0.5039006002869886 0.24773052845995677
    outer loop
      vertex 152.55050925925923 -10.667793191969395 4.211766088008881
      vertex 153.01 -10.082711599767208 3.867061586678028
      vertex 152.55050925925923 -10.373240172863007 4.810906791687012
    endloop
  endfacet
  facet normal 0.8253598379564333 -0.5233025263675213 0.2119801966833219
    outer loop
      vertex 153.01 -10.3248787894845 3.269238279759884
      vertex 153.01 -10.082711599767208 3.867061586678028
      vertex 152.55050925925923 -10.667793191969395 4.211766088008881
    endloop
  endfacet
  facet normal 0.8279929170024549 -0.5027486176168906 0.24833758651897855
    outer loop
      vertex 153.01 -10.082711599767208 3.867061586678028
      vertex 153.01 -9.804313518106937 4.430666366219521
      vertex 152.55050925925923 -10.373240172863007 4.810906791687012
    endloop
  endfacet
  facet normal 0.8297895036999553 -0.4807490179931647 0.2834250540230865
    outer loop
      vertex 152.55050925925923 -10.373240172863007 4.810906791687012
      vertex 153.01 -9.804313518106937 4.430666366219521
      vertex 152.55050925925923 -10.040770329535007 5.374846176803112
    endloop
  endfacet
  facet normal 0.8303317731964515 -0.4794655954051984 0.28401036819661224
    outer loop
      vertex 153.01 -9.804313518106937 4.430666366219521
      vertex 153.01 -9.490078188478947 4.961157666146756
      vertex 152.55050925925923 -10.040770329535007 5.374846176803112
    endloop
  endfacet
  facet normal 0.8317255003375372 -0.45505187346237247 0.31805736046609323
    outer loop
      vertex 153.01 -9.490078188478947 4.961157666146756
      vertex 152.55050925925923 -9.67081892490387 5.904144035279751
      vertex 152.55050925925923 -10.040770329535007 5.374846176803112
    endloop
  endfacet
  facet normal 0.8332092976515477 -0.4270591416794148 0.3512588159962054
    outer loop
      vertex 153.01 -9.140416987240314 5.459062078595162
      vertex 152.55050925925923 -9.263821557164192 6.398969897627831
      vertex 152.55050925925923 -9.67081892490387 5.904144035279751
    endloop
  endfacet
  facet normal 0.8322784759320738 -0.4536641626409978 0.31859279030672766
    outer loop
      vertex 153.01 -9.490078188478947 4.961157666146756
      vertex 153.01 -9.140416987240314 5.459062078595162
      vertex 152.55050925925923 -9.67081892490387 5.904144035279751
    endloop
  endfacet
  facet normal 0.8337612324707363 -0.42559965305270553 0.3517202617852656
    outer loop
      vertex 153.01 -9.140416987240314 5.459062078595162
      vertex 153.01 -8.755741640925407 5.924539083242417
      vertex 152.55050925925923 -9.263821557164192 6.398969897627831
    endloop
  endfacet
  facet normal 0.8341948095195638 -0.3970596087736412 0.3827044379820302
    outer loop
      vertex 152.55050925925923 -9.263821557164192 6.398969897627831
      vertex 153.01 -8.755741640925407 5.924539083242417
      vertex 152.55050925925923 -8.820189774036407 6.859242224693299
    endloop
  endfacet
  facet normal 0.8347356090508946 -0.39556446807356516 0.3830733801507345
    outer loop
      vertex 153.01 -8.755741640925407 5.924539083242417
      vertex 153.01 -8.336441114544868 6.357511976361275
      vertex 152.55050925925923 -8.820189774036407 6.859242224693299
    endloop
  endfacet
  facet normal 0.8346631411208774 -0.36537225041589627 0.4121171671748872
    outer loop
      vertex 153.01 -8.336441114544868 6.357511976361275
      vertex 152.55050925925923 -8.340278081595898 7.2847193196415905
      vertex 152.55050925925923 -8.820189774036407 6.859242224693299
    endloop
  endfacet
  facet normal 0.8346216063446065 -0.33233698501515485 0.4392708761274589
    outer loop
      vertex 152.55050925925923 -8.340278081595898 7.2847193196415905
      vertex 153.01 -7.882850468158722 6.7577533885836605
      vertex 152.55050925925923 -7.824338488280773 7.675061175227166
    endloop
  endfacet
  facet normal 0.8351845176984712 -0.3638792899717188 0.4123817208927304
    outer loop
      vertex 153.01 -8.336441114544868 6.357511976361275
      vertex 153.01 -7.882850468158722 6.7577533885836605
      vertex 152.55050925925923 -8.340278081595898 7.2847193196415905
    endloop
  endfacet
  facet normal 0.8351170211950034 -0.3308837470695762 0.43942633834987727
    outer loop
      vertex 153.01 -7.882850468158722 6.7577533885836605
      vertex 153.01 -7.395207896828651 7.124943488836289
      vertex 152.55050925925923 -7.824338488280773 7.675061175227166
    endloop
  endfacet
  facet normal 0.8345661464822314 -0.29692748759236925 0.46404031533680584
    outer loop
      vertex 153.01 -7.395207896828651 7.124943488836289
      vertex 153.01 -6.873593740165234 7.458710999786854
      vertex 152.55050925925923 -7.272456005215645 8.029873111844063
    endloop
  endfacet
  facet normal 0.8341016976448539 -0.29830571942901724 0.4639914392980859
    outer loop
      vertex 153.01 -7.395207896828651 7.124943488836289
      vertex 152.55050925925923 -7.272456005215645 8.029873111844063
      vertex 152.55050925925923 -7.824338488280773 7.675061175227166
    endloop
  endfacet
  facet normal 0.8331563047802545 -0.2636345403990901 0.48615573730387307
    outer loop
      vertex 152.55050925925923 -7.272456005215645 8.029873111844063
      vertex 153.01 -6.873593740165234 7.458710999786854
      vertex 152.55050925925923 -6.684453882277012 8.34873733073473
    endloop
  endfacet
  facet normal 0.8318564951707318 -0.2286782828633859 0.5056886536090361
    outer loop
      vertex 152.55050925925923 -6.684453882277012 8.34873733073473
      vertex 153.01 -6.317840956151485 7.758662903308869
      vertex 152.55050925925923 -6.059748433530331 8.631236390769482
    endloop
  endfacet
  facet normal 0.8335859502119751 -0.2623626997122109 0.48610726944669214
    outer loop
      vertex 153.01 -6.873593740165234 7.458710999786854
      vertex 153.01 -6.317840956151485 7.758662903308869
      vertex 152.55050925925923 -6.684453882277012 8.34873733073473
    endloop
  endfacet
  facet normal 0.832248265347194 -0.22753894825900306 0.5055579609221613
    outer loop
      vertex 153.01 -6.317840956151485 7.758662903308869
      vertex 153.01 -5.7273978516459465 8.024406524002552
      vertex 152.55050925925923 -6.059748433530331 8.631236390769482
    endloop
  endfacet
  facet normal 0.8302883008237386 -0.1937883022930573 0.5225585435236932
    outer loop
      vertex 153.01 -5.7273978516459465 8.024406524002552
      vertex 152.55050925925923 -5.397114805877209 8.876970858871937
      vertex 152.55050925925923 -6.059748433530331 8.631236390769482
    endloop
  endfacet
  facet normal 0.8306394721105794 -0.1928013879343693 0.5223654775944127
    outer loop
      vertex 153.01 -5.7273978516459465 8.024406524002552
      vertex 153.01 -5.101106770336628 8.255566114187241
      vertex 152.55050925925923 -5.397114805877209 8.876970858871937
    endloop
  endfacet
  facet normal 0.8285498691657635 -0.1593149926644971 0.5367716902163409
    outer loop
      vertex 153.01 -5.101106770336628 8.255566114187241
      vertex 152.55050925925923 -4.694283187389374 9.085572795569897
      vertex 152.55050925925923 -5.397114805877209 8.876970858871937
    endloop
  endfacet
  facet normal 0.8267494031848581 -0.12561747565466755 0.5483663685380699
    outer loop
      vertex 152.55050925925923 -4.694283187389374 9.085572795569897
      vertex 153.01 -4.43682237714529 8.451795564591885
      vertex 152.55050925925923 -3.947179824113846 9.256716111302376
    endloop
  endfacet
  facet normal 0.8288577053804128 -0.15849364855584688 0.5365395303227642
    outer loop
      vertex 153.01 -5.101106770336628 8.255566114187241
      vertex 153.01 -4.43682237714529 8.451795564591885
      vertex 152.55050925925923 -4.694283187389374 9.085572795569897
    endloop
  endfacet
  facet normal 0.827010876546657 -0.12496786295167198 0.5481204642255407
    outer loop
      vertex 153.01 -4.43682237714529 8.451795564591885
      vertex 153.01 -3.730694353580475 8.612788112461567
      vertex 152.55050925925923 -3.947179824113846 9.256716111302376
    endloop
  endfacet
  facet normal 0.825215944819019 -0.09260719219728786 0.5571737183049722
    outer loop
      vertex 153.01 -3.730694353580475 8.612788112461567
      vertex 153.01 -2.975646011531353 8.738283814489842
      vertex 152.55050925925923 -3.148317389190197 9.390124456584454
    endloop
  endfacet
  facet normal 0.8236002359973871 -0.0618753294186782 0.5637855043138111
    outer loop
      vertex 153.01 -2.975646011531353 8.738283814489842
      vertex 153.01 -2.1575000807642937 8.828075142204762
      vertex 152.55050925925923 -2.282695919275284 9.485577234625817
    endloop
  endfacet
  facet normal 0.8250043573828346 -0.09308583682623271 0.557407245451381
    outer loop
      vertex 153.01 -3.730694353580475 8.612788112461567
      vertex 152.55050925925923 -3.148317389190197 9.390124456584454
      vertex 152.55050925925923 -3.947179824113846 9.256716111302376
    endloop
  endfacet
  facet normal 0.8234426379668759 -0.06219063786765251 0.5639809806542831
    outer loop
      vertex 153.01 -2.975646011531353 8.738283814489842
      vertex 152.55050925925923 -2.282695919275284 9.485577234625817
      vertex 152.55050925925923 -3.148317389190197 9.390124456584454
    endloop
  endfacet
  facet normal 0.8222075475013475 -0.033607414224893065 0.5681947646194355
    outer loop
      vertex 153.01 -2.1575000807642937 8.828075142204762
      vertex 152.55050925925923 -1.3133145347237587 9.542913915216923
      vertex 152.55050925925923 -2.282695919275284 9.485577234625817
    endloop
  endfacet
  facet normal 0.821456691691422 -0.008302812410903646 0.5702104584988367
    outer loop
      vertex 153.01 -1.241285003721714 8.88201110213995
      vertex 152.55050925925923 0 9.562037037312985
      vertex 152.55050925925923 -1.3133145347237587 9.542913915216923
    endloop
  endfacet
  facet normal 0.8223064057113412 -0.03344077619855767 0.5680615192154217
    outer loop
      vertex 153.01 -2.1575000807642937 8.828075142204762
      vertex 153.01 -1.241285003721714 8.88201110213995
      vertex 152.55050925925923 -1.3133145347237587 9.542913915216923
    endloop
  endfacet
  facet normal 0.821491421166959 -0.008262863103194469 0.5701610036142668
    outer loop
      vertex 153.01 -1.241285003721714 8.88201110213995
      vertex 153.01 0 8.9
      vertex 152.55050925925923 0 9.562037037312985
    endloop
  endfacet
  facet normal 0.8127486371335789 0.5814023102521719 0.037563366075837996
    outer loop
      vertex 152.82008749643745 11.219813984887901 0
      vertex 152.55050925925923 11.558587923645973 0.5892814338207244
      vertex 153.01 10.924650147557259 0.45943189561367026
    endloop
  endfacet
  facet normal 0.8126222844373178 0.5815895622243283 0.03739791367962679
    outer loop
      vertex 152.82008749643745 11.219813984887901 0
      vertex 152.55050925925923 11.596480447216631 0
      vertex 152.55050925925923 11.558587923645973 0.5892814338207244
    endloop
  endfacet
  facet normal 0.8127486371335618 0.5814023102521942 0.037563366075859486
    outer loop
      vertex 152.82008749643745 11.219813984887901 0
      vertex 153.01 10.924650147557259 0.45943189561367026
      vertex 153.01 10.95433322273179 0
    endloop
  endfacet
  facet normal 0.8144154747861082 0.5761568065759977 0.06907075115464101
    outer loop
      vertex 152.55050925925923 11.558587923645973 0.5892814338207244
      vertex 152.55050925925923 11.45906227082014 1.4194791853427886
      vertex 153.01 10.924650147557259 0.45943189561367026
    endloop
  endfacet
  facet normal 0.814627507984054 0.5758224017533975 0.06935837998856931
    outer loop
      vertex 153.01 10.924650147557259 0.45943189561367026
      vertex 152.55050925925923 11.45906227082014 1.4194791853427886
      vertex 153.01 10.830583043396473 1.2403893783688544
    endloop
  endfacet
  facet normal 0.8167242117428603 0.5677471563222269 0.10307632337752665
    outer loop
      vertex 152.55050925925923 11.45906227082014 1.4194791853427886
      vertex 152.55050925925923 11.31996151804924 2.1856498658657073
      vertex 153.01 10.830583043396473 1.2403893783688544
    endloop
  endfacet
  facet normal 0.8170177468031595 0.5672520188383168 0.1034753522948449
    outer loop
      vertex 153.01 10.830583043396473 1.2403893783688544
      vertex 152.55050925925923 11.31996151804924 2.1856498658657073
      vertex 153.01 10.699111357331276 1.961117336153984
    endloop
  endfacet
  facet normal 0.8193525276581566 0.5562982042371422 0.13854148614303471
    outer loop
      vertex 152.55050925925923 11.31996151804924 2.1856498658657073
      vertex 152.55050925925923 11.14151568710804 2.902179607748985
      vertex 153.01 10.699111357331276 1.961117336153984
    endloop
  endfacet
  facet normal 0.8197198148198062 0.5556340901826895 0.13903302851710356
    outer loop
      vertex 153.01 10.699111357331276 1.961117336153984
      vertex 152.55050925925923 11.14151568710804 2.902179607748985
      vertex 153.01 10.530452497303486 2.6351486310362815
    endloop
  endfacet
  facet normal 0.8274743321090772 0.5039006002869886 0.24773052845995672
    outer loop
      vertex 153.01 10.082711599767208 3.867061586678028
      vertex 152.55050925925923 10.667793191969395 4.211766088008881
      vertex 152.55050925925923 10.373240172863007 4.810906791687012
    endloop
  endfacet
  facet normal 0.8253598379564333 0.5233025263675213 0.2119801966833219
    outer loop
      vertex 153.01 10.3248787894845 3.269238279759884
      vertex 152.55050925925923 10.667793191969395 4.211766088008881
      vertex 153.01 10.082711599767208 3.867061586678028
    endloop
  endfacet
  facet normal 0.8279929170024549 0.5027486176168906 0.24833758651897855
    outer loop
      vertex 153.01 10.082711599767208 3.867061586678028
      vertex 152.55050925925923 10.373240172863007 4.810906791687012
      vertex 153.01 9.804313518106937 4.430666366219521
    endloop
  endfacet
  facet normal 0.8297895036999553 0.4807490179931647 0.2834250540230865
    outer loop
      vertex 152.55050925925923 10.373240172863007 4.810906791687012
      vertex 152.55050925925923 10.040770329535007 5.374846176803112
      vertex 153.01 9.804313518106937 4.430666366219521
    endloop
  endfacet
  facet normal 0.8303317731964515 0.4794655954051984 0.28401036819661224
    outer loop
      vertex 153.01 9.490078188478947 4.961157666146756
      vertex 153.01 9.804313518106937 4.430666366219521
      vertex 152.55050925925923 10.040770329535007 5.374846176803112
    endloop
  endfacet
  facet normal 0.8332092976515477 0.4270591416794148 0.3512588159962054
    outer loop
      vertex 153.01 9.140416987240314 5.459062078595162
      vertex 152.55050925925923 9.67081892490387 5.904144035279751
      vertex 152.55050925925923 9.263821557164192 6.398969897627831
    endloop
  endfacet
  facet normal 0.8317255003375372 0.45505187346237247 0.31805736046609323
    outer loop
      vertex 153.01 9.490078188478947 4.961157666146756
      vertex 152.55050925925923 10.040770329535007 5.374846176803112
      vertex 152.55050925925923 9.67081892490387 5.904144035279751
    endloop
  endfacet
  facet normal 0.8322784759320738 0.4536641626409978 0.31859279030672766
    outer loop
      vertex 153.01 9.490078188478947 4.961157666146756
      vertex 152.55050925925923 9.67081892490387 5.904144035279751
      vertex 153.01 9.140416987240314 5.459062078595162
    endloop
  endfacet
  facet normal 0.8337612324707363 0.42559965305270553 0.3517202617852656
    outer loop
      vertex 153.01 9.140416987240314 5.459062078595162
      vertex 152.55050925925923 9.263821557164192 6.398969897627831
      vertex 153.01 8.755741640925407 5.924539083242417
    endloop
  endfacet
  facet normal 0.8221239230666508 0.541801566534568 0.17482367580561722
    outer loop
      vertex 152.55050925925923 11.14151568710804 2.902179607748985
      vertex 152.55050925925923 10.924012906849384 3.5762493327260017
      vertex 153.01 10.530452497303486 2.6351486310362815
    endloop
  endfacet
  facet normal 0.8248785539658642 0.5243025164129128 0.21138174587762376
    outer loop
      vertex 153.01 10.3248787894845 3.269238279759884
      vertex 152.55050925925923 10.924012906849384 3.5762493327260017
      vertex 152.55050925925923 10.667793191969395 4.211766088008881
    endloop
  endfacet
  facet normal 0.8225544328007609 0.5409667384085006 0.17538298952716988
    outer loop
      vertex 153.01 10.3248787894845 3.269238279759884
      vertex 153.01 10.530452497303486 2.6351486310362815
      vertex 152.55050925925923 10.924012906849384 3.5762493327260017
    endloop
  endfacet
  facet normal 0.8236002359973871 0.0618753294186782 0.5637855043138111
    outer loop
      vertex 153.01 2.1575000807642937 8.828075142204762
      vertex 153.01 2.975646011531353 8.738283814489842
      vertex 152.55050925925923 2.282695919275284 9.485577234625817
    endloop
  endfacet
  facet normal 0.825215944819019 0.09260719219728786 0.5571737183049722
    outer loop
      vertex 153.01 2.975646011531353 8.738283814489842
      vertex 153.01 3.730694353580475 8.612788112461567
      vertex 152.55050925925923 3.148317389190197 9.390124456584454
    endloop
  endfacet
  facet normal 0.8267494031848581 0.12561747565466755 0.5483663685380699
    outer loop
      vertex 152.55050925925923 4.694283187389374 9.085572795569897
      vertex 152.55050925925923 3.947179824113846 9.256716111302376
      vertex 153.01 4.43682237714529 8.451795564591885
    endloop
  endfacet
  facet normal 0.8285498691657635 0.1593149926644971 0.5367716902163409
    outer loop
      vertex 153.01 5.101106770336628 8.255566114187241
      vertex 152.55050925925923 5.397114805877209 8.876970858871937
      vertex 152.55050925925923 4.694283187389374 9.085572795569897
    endloop
  endfacet
  facet normal 0.8270108765466571 0.12496786295167198 0.5481204642255407
    outer loop
      vertex 153.01 3.730694353580475 8.612788112461567
      vertex 153.01 4.43682237714529 8.451795564591885
      vertex 152.55050925925923 3.947179824113846 9.256716111302376
    endloop
  endfacet
  facet normal 0.8288577053804128 0.15849364855584688 0.5365395303227642
    outer loop
      vertex 153.01 5.101106770336628 8.255566114187241
      vertex 152.55050925925923 4.694283187389374 9.085572795569897
      vertex 153.01 4.43682237714529 8.451795564591885
    endloop
  endfacet
  facet normal 0.8318564951707318 0.2286782828633859 0.5056886536090361
    outer loop
      vertex 152.55050925925923 6.684453882277012 8.34873733073473
      vertex 152.55050925925923 6.059748433530331 8.631236390769482
      vertex 153.01 6.317840956151485 7.758662903308869
    endloop
  endfacet
  facet normal 0.8331563047802544 0.2636345403990901 0.486155737303873
    outer loop
      vertex 153.01 6.873593740165234 7.458710999786854
      vertex 152.55050925925923 7.272456005215645 8.029873111844063
      vertex 152.55050925925923 6.684453882277012 8.34873733073473
    endloop
  endfacet
  facet normal 0.832248265347194 0.22753894825900306 0.5055579609221613
    outer loop
      vertex 153.01 5.7273978516459465 8.024406524002552
      vertex 153.01 6.317840956151485 7.758662903308869
      vertex 152.55050925925923 6.059748433530331 8.631236390769482
    endloop
  endfacet
  facet normal 0.8335859502119751 0.2623626997122109 0.48610726944669214
    outer loop
      vertex 153.01 6.873593740165234 7.458710999786854
      vertex 152.55050925925923 6.684453882277012 8.34873733073473
      vertex 153.01 6.317840956151485 7.758662903308869
    endloop
  endfacet
  facet normal 0.8302883008237386 0.1937883022930573 0.5225585435236932
    outer loop
      vertex 153.01 5.7273978516459465 8.024406524002552
      vertex 152.55050925925923 6.059748433530331 8.631236390769482
      vertex 152.55050925925923 5.397114805877209 8.876970858871937
    endloop
  endfacet
  facet normal 0.8306394721105794 0.1928013879343693 0.5223654775944127
    outer loop
      vertex 153.01 5.101106770336628 8.255566114187241
      vertex 153.01 5.7273978516459465 8.024406524002552
      vertex 152.55050925925923 5.397114805877209 8.876970858871937
    endloop
  endfacet
  facet normal 0.821456691691422 0.008302812410903646 0.5702104584988367
    outer loop
      vertex 153.01 1.241285003721714 8.88201110213995
      vertex 152.55050925925923 1.3133145347237587 9.542913915216923
      vertex 152.55050925925923 0 9.562037037312985
    endloop
  endfacet
  facet normal 0.821491421166959 0.008262863103194469 0.5701610036142668
    outer loop
      vertex 153.01 0 8.9
      vertex 153.01 1.241285003721714 8.88201110213995
      vertex 152.55050925925923 0 9.562037037312985
    endloop
  endfacet
  facet normal 0.8223064057113412 0.03344077619855767 0.5680615192154217
    outer loop
      vertex 153.01 1.241285003721714 8.88201110213995
      vertex 153.01 2.1575000807642937 8.828075142204762
      vertex 152.55050925925923 1.3133145347237587 9.542913915216923
    endloop
  endfacet
  facet normal 0.8222075475013475 0.03360741422489307 0.5681947646194355
    outer loop
      vertex 152.55050925925923 1.3133145347237587 9.542913915216923
      vertex 153.01 2.1575000807642937 8.828075142204762
      vertex 152.55050925925923 2.282695919275284 9.485577234625817
    endloop
  endfacet
  facet normal 0.8234426379668759 0.06219063786765251 0.5639809806542831
    outer loop
      vertex 153.01 2.975646011531353 8.738283814489842
      vertex 152.55050925925923 3.148317389190197 9.390124456584454
      vertex 152.55050925925923 2.282695919275284 9.485577234625817
    endloop
  endfacet
  facet normal 0.8250043573828346 0.09308583682623271 0.557407245451381
    outer loop
      vertex 152.55050925925923 3.148317389190197 9.390124456584454
      vertex 153.01 3.730694353580475 8.612788112461567
      vertex 152.55050925925923 3.947179824113846 9.256716111302376
    endloop
  endfacet
  facet normal 0.8347356090508946 0.39556446807356516 0.3830733801507345
    outer loop
      vertex 153.01 8.336441114544868 6.357511976361275
      vertex 153.01 8.755741640925407 5.924539083242417
      vertex 152.55050925925923 8.820189774036407 6.859242224693299
    endloop
  endfacet
  facet normal 0.8346631411208774 0.36537225041589627 0.4121171671748872
    outer loop
      vertex 153.01 8.336441114544868 6.357511976361275
      vertex 152.55050925925923 8.820189774036407 6.859242224693299
      vertex 152.55050925925923 8.340278081595898 7.2847193196415905
    endloop
  endfacet
  facet normal 0.8346216063446065 0.33233698501515485 0.4392708761274589
    outer loop
      vertex 152.55050925925923 8.340278081595898 7.2847193196415905
      vertex 152.55050925925923 7.824338488280773 7.675061175227166
      vertex 153.01 7.882850468158722 6.7577533885836605
    endloop
  endfacet
  facet normal 0.8345661464822314 0.29692748759236925 0.46404031533680584
    outer loop
      vertex 153.01 6.873593740165234 7.458710999786854
      vertex 153.01 7.395207896828651 7.124943488836289
      vertex 152.55050925925923 7.272456005215645 8.029873111844063
    endloop
  endfacet
  facet normal 0.8351170211950034 0.3308837470695762 0.43942633834987727
    outer loop
      vertex 153.01 7.395207896828651 7.124943488836289
      vertex 153.01 7.882850468158722 6.7577533885836605
      vertex 152.55050925925923 7.824338488280773 7.675061175227166
    endloop
  endfacet
  facet normal 0.8351845176984712 0.3638792899717188 0.4123817208927304
    outer loop
      vertex 153.01 8.336441114544868 6.357511976361275
      vertex 152.55050925925923 8.340278081595898 7.2847193196415905
      vertex 153.01 7.882850468158722 6.7577533885836605
    endloop
  endfacet
  facet normal 0.8341948095195638 0.3970596087736412 0.3827044379820302
    outer loop
      vertex 152.55050925925923 9.263821557164192 6.398969897627831
      vertex 152.55050925925923 8.820189774036407 6.859242224693299
      vertex 153.01 8.755741640925407 5.924539083242417
    endloop
  endfacet
  facet normal 0.8341016976448539 0.29830571942901724 0.4639914392980859
    outer loop
      vertex 153.01 7.395207896828651 7.124943488836289
      vertex 152.55050925925923 7.824338488280773 7.675061175227166
      vertex 152.55050925925923 7.272456005215645 8.029873111844063
    endloop
  endfacet
  facet normal 0.8877272504266412 -0.4594119289693715 0.029681785165263083
    outer loop
      vertex 153.01 -10.95433322273179 0
      vertex 153.28720105565492 -10.418694255968441 0
      vertex 153.01 -10.924650147557259 0.45943189561367026
    endloop
  endfacet
  facet normal 0.8885656014474704 -0.45545748292075267 0.05486030601251871
    outer loop
      vertex 153.01 -10.924650147557259 0.45943189561367026
      vertex 153.48453703703706 -9.932022988796234 1.014335462450981
      vertex 153.01 -10.830583043396473 1.2403893783688544
    endloop
  endfacet
  facet normal 0.8877647011693384 -0.459346854418813 0.029568609931092907
    outer loop
      vertex 153.28720105565492 -10.418694255968441 0
      vertex 153.48453703703706 -10.03730943346143 0
      vertex 153.48453703703706 -10.018285818397999 0.2955308943986892
    endloop
  endfacet
  facet normal 0.8877272504266411 -0.45941192896937116 0.029681785165263454
    outer loop
      vertex 153.01 -10.924650147557259 0.45943189561367026
      vertex 153.28720105565492 -10.418694255968441 0
      vertex 153.48453703703706 -10.018285818397999 0.2955308943986892
    endloop
  endfacet
  facet normal 0.8886249534235421 -0.45536719640364653 0.054648042897166765
    outer loop
      vertex 153.01 -10.924650147557259 0.45943189561367026
      vertex 153.48453703703706 -10.018285818397999 0.2955308943986892
      vertex 153.48453703703706 -9.932022988796234 1.014335462450981
    endloop
  endfacet
  facet normal 0.8896475594696495 -0.4492877954888878 0.08165596582266262
    outer loop
      vertex 153.01 -10.830583043396473 1.2403893783688544
      vertex 153.48453703703706 -9.932022988796234 1.014335462450981
      vertex 153.48453703703706 -9.811458863317966 1.677703896164894
    endloop
  endfacet
  facet normal 0.8895677990810705 -0.44938759892202357 0.08197509849435168
    outer loop
      vertex 153.01 -10.830583043396473 1.2403893783688544
      vertex 153.48453703703706 -9.811458863317966 1.677703896164894
      vertex 153.01 -10.699111357331276 1.961117336153984
    endloop
  endfacet
  facet normal 0.8907134819647525 -0.441064989657709 0.10995984696456876
    outer loop
      vertex 153.01 -10.699111357331276 1.961117336153984
      vertex 153.48453703703706 -9.811458863317966 1.677703896164894
      vertex 153.48453703703706 -9.656792797148228 2.2980920538306235
    endloop
  endfacet
  facet normal 0.890614221136468 -0.4411583619884064 0.1103884448535654
    outer loop
      vertex 153.01 -10.699111357331276 1.961117336153984
      vertex 153.48453703703706 -9.656792797148228 2.2980920538306235
      vertex 153.01 -10.530452497303486 2.6351486310362815
    endloop
  endfacet
  facet normal 0.8917201398443731 -0.4306767809177225 0.13911399129591304
    outer loop
      vertex 153.01 -10.530452497303486 2.6351486310362815
      vertex 153.48453703703706 -9.656792797148228 2.2980920538306235
      vertex 153.48453703703706 -9.468274526298046 2.8817173331975936
    endloop
  endfacet
  facet normal 0.8916018212849541 -0.4307483140274665 0.13964985586762305
    outer loop
      vertex 153.01 -10.530452497303486 2.6351486310362815
      vertex 153.48453703703706 -9.468274526298046 2.8817173331975936
      vertex 153.01 -10.3248787894845 3.269238279759884
    endloop
  endfacet
  facet normal 0.8925780049524813 -0.41812343119057804 0.16875218921384808
    outer loop
      vertex 153.01 -10.3248787894845 3.269238279759884
      vertex 153.48453703703706 -9.468274526298046 2.8817173331975936
      vertex 153.48453703703706 -9.246198751032352 3.431962551176548
    endloop
  endfacet
  facet normal 0.8924407748464592 -0.41815905348496674 0.1693885160806602
    outer loop
      vertex 153.01 -10.3248787894845 3.269238279759884
      vertex 153.48453703703706 -9.246198751032352 3.431962551176548
      vertex 153.01 -10.082711599767208 3.867061586678028
    endloop
  endfacet
  facet normal 0.8932099711603583 -0.4034294780084551 0.19854622558370982
    outer loop
      vertex 153.01 -10.082711599767208 3.867061586678028
      vertex 153.48453703703706 -9.246198751032352 3.431962551176548
      vertex 153.48453703703706 -8.990897990763187 3.950712540745735
    endloop
  endfacet
  facet normal 0.8930538896653829 -0.4034172372534841 0.19927188171013002
    outer loop
      vertex 153.01 -10.082711599767208 3.867061586678028
      vertex 153.48453703703706 -8.990897990763187 3.950712540745735
      vertex 153.01 -9.804313518106937 4.430666366219521
    endloop
  endfacet
  facet normal 0.8935519881228764 -0.3866459720781062 0.22818794183179592
    outer loop
      vertex 153.48453703703706 -8.990897990763187 3.950712540745735
      vertex 153.48453703703706 -8.70273321121931 4.438984403014183
      vertex 153.01 -9.804313518106937 4.430666366219521
    endloop
  endfacet
  facet normal 0.8933772825510974 -0.3865767529543817 0.22898787106932922
    outer loop
      vertex 153.01 -9.804313518106937 4.430666366219521
      vertex 153.48453703703706 -8.70273321121931 4.438984403014183
      vertex 153.01 -9.490078188478947 4.961157666146756
    endloop
  endfacet
  facet normal 0.8935542822072523 -0.3678524614807553 0.25738164528892055
    outer loop
      vertex 153.01 -9.490078188478947 4.961157666146756
      vertex 153.48453703703706 -8.70273321121931 4.438984403014183
      vertex 153.48453703703706 -8.382081679999828 4.897262828052044
    endloop
  endfacet
  facet normal 0.8933615952108914 -0.36772057885717735 0.25823755746830074
    outer loop
      vertex 153.01 -9.490078188478947 4.961157666146756
      vertex 153.48453703703706 -8.382081679999828 4.897262828052044
      vertex 153.01 -9.140416987240314 5.459062078595162
    endloop
  endfacet
  facet normal 0.8931827340284865 -0.34715833239590765 0.28584208206891154
    outer loop
      vertex 153.48453703703706 -8.382081679999828 4.897262828052044
      vertex 153.48453703703706 -8.029320947825909 5.3256945922970775
      vertex 153.01 -9.140416987240314 5.459062078595162
    endloop
  endfacet
  facet normal 0.8929733869539775 -0.34696195933756635 0.28673320171298416
    outer loop
      vertex 153.01 -9.140416987240314 5.459062078595162
      vertex 153.48453703703706 -8.029320947825909 5.3256945922970775
      vertex 153.01 -8.755741640925407 5.924539083242417
    endloop
  endfacet
  facet normal 0.8924201713538101 -0.32470335806484246 0.31329533514281854
    outer loop
      vertex 153.01 -8.755741640925407 5.924539083242417
      vertex 153.48453703703706 -8.029320947825909 5.3256945922970775
      vertex 153.48453703703706 -7.64480771869421 5.724209101498127
    endloop
  endfacet
  facet normal 0.8921963536924237 -0.32444472008252745 0.3141994431384533
    outer loop
      vertex 153.01 -8.755741640925407 5.924539083242417
      vertex 153.48453703703706 -7.64480771869421 5.724209101498127
      vertex 153.01 -8.336441114544868 6.357511976361275
    endloop
  endfacet
  facet normal 0.8912672955495818 -0.30065731939799667 0.339481640411003
    outer loop
      vertex 153.48453703703706 -7.64480771869421 5.724209101498127
      vertex 153.48453703703706 -7.228849247097969 6.092597091197968
      vertex 153.01 -8.336441114544868 6.357511976361275
    endloop
  endfacet
  facet normal 0.8910322034404539 -0.3003426541588862 0.34037611920468985
    outer loop
      vertex 153.01 -8.336441114544868 6.357511976361275
      vertex 153.48453703703706 -7.228849247097969 6.092597091197968
      vertex 153.01 -7.882850468158722 6.7577533885836605
    endloop
  endfacet
  facet normal 0.8897431314308942 -0.2752187378505211 0.3641590399914748
    outer loop
      vertex 153.48453703703706 -7.228849247097969 6.092597091197968
      vertex 153.48453703703706 -6.781663976609707 6.430564166605473
      vertex 153.01 -7.882850468158722 6.7577533885836605
    endloop
  endfacet
  facet normal 0.8895010023725641 -0.2748579946706736 0.3650219850143543
    outer loop
      vertex 153.48453703703706 -6.781663976609707 6.430564166605473
      vertex 153.01 -7.395207896828651 7.124943488836289
      vertex 153.01 -7.882850468158722 6.7577533885836605
    endloop
  endfacet
  facet normal 0.8878848702284075 -0.24861289053486574 0.38710733379694945
    outer loop
      vertex 153.48453703703706 -6.781663976609707 6.430564166605473
      vertex 153.48453703703706 -6.303325578570366 6.7377686068415645
      vertex 153.01 -7.395207896828651 7.124943488836289
    endloop
  endfacet
  facet normal 0.8876409024896077 -0.248219178379382 0.38791863542771376
    outer loop
      vertex 153.01 -7.395207896828651 7.124943488836289
      vertex 153.48453703703706 -6.303325578570366 6.7377686068415645
      vertex 153.01 -6.873593740165234 7.458710999786854
    endloop
  endfacet
  facet normal 0.8857470762526831 -0.22108943467101932 0.4081318154550957
    outer loop
      vertex 153.48453703703706 -6.303325578570366 6.7377686068415645
      vertex 153.48453703703706 -5.793680854141712 7.013848686218262
      vertex 153.01 -6.873593740165234 7.458710999786854
    endloop
  endfacet
  facet normal 0.8855072422551722 -0.22067826998517048 0.40887409439825356
    outer loop
      vertex 153.01 -6.873593740165234 7.458710999786854
      vertex 153.48453703703706 -5.793680854141712 7.013848686218262
      vertex 153.01 -6.317840956151485 7.758662903308869
    endloop
  endfacet
  facet normal 0.8834003171525298 -0.19292020280380606 0.4270663590180665
    outer loop
      vertex 153.48453703703706 -5.793680854141712 7.013848686218262
      vertex 153.48453703703706 -5.252223908901215 7.258442954719067
      vertex 153.01 -6.317840956151485 7.758662903308869
    endloop
  endfacet
  facet normal 0.8831710774587566 -0.1925086064978647 0.42772571160100875
    outer loop
      vertex 153.48453703703706 -5.252223908901215 7.258442954719067
      vertex 153.01 -5.7273978516459465 8.024406524002552
      vertex 153.01 -6.317840956151485 7.758662903308869
    endloop
  endfacet
  facet normal 0.8809293444465932 -0.16439804526135327 0.4437755883407082
    outer loop
      vertex 153.48453703703706 -5.252223908901215 7.258442954719067
      vertex 153.48453703703706 -4.677893102169037 7.471205586194992
      vertex 153.01 -5.7273978516459465 8.024406524002552
    endloop
  endfacet
  facet normal 0.8807172711820536 -0.1640035258173541 0.44434213367754516
    outer loop
      vertex 153.01 -5.7273978516459465 8.024406524002552
      vertex 153.48453703703706 -4.677893102169037 7.471205586194992
      vertex 153.01 -5.101106770336628 8.255566114187241
    endloop
  endfacet
  facet normal 0.8784310058039086 -0.13583796465327255 0.45815610374760896
    outer loop
      vertex 153.48453703703706 -4.677893102169037 7.471205586194992
      vertex 153.48453703703706 -4.068721108138561 7.651818008720875
      vertex 153.01 -5.101106770336628 8.255566114187241
    endloop
  endfacet
  facet normal 0.8782423693599914 -0.13547748951199703 0.4586242367085226
    outer loop
      vertex 153.01 -5.101106770336628 8.255566114187241
      vertex 153.48453703703706 -4.068721108138561 7.651818008720875
      vertex 153.01 -4.43682237714529 8.451795564591885
    endloop
  endfacet
  facet normal 0.8760122175279796 -0.1075830831018225 0.4701366556353781
    outer loop
      vertex 153.48453703703706 -4.068721108138561 7.651818008720875
      vertex 153.48453703703706 -3.4211770445108414 7.799997875094414
      vertex 153.01 -4.43682237714529 8.451795564591885
    endloop
  endfacet
  facet normal 0.8758525542975195 -0.10727206018035286 0.47050505654580754
    outer loop
      vertex 153.01 -4.43682237714529 8.451795564591885
      vertex 153.48453703703706 -3.4211770445108414 7.799997875094414
      vertex 153.01 -3.730694353580475 8.612788112461567
    endloop
  endfacet
  facet normal 0.8737883969763521 -0.08002046078575843 0.4796775616652626
    outer loop
      vertex 153.01 -3.730694353580475 8.612788112461567
      vertex 153.48453703703706 -3.4211770445108414 7.799997875094414
      vertex 153.48453703703706 -2.7287713438272476 7.915505932271481
    endloop
  endfacet
  facet normal 0.8718830560591019 -0.05361975878048277 0.48676982037238486
    outer loop
      vertex 153.48453703703706 -2.7287713438272476 7.915505932271481
      vertex 153.48453703703706 -1.9785029366612434 7.998151177167893
      vertex 153.01 -2.975646011531353 8.738283814489842
    endloop
  endfacet
  facet normal 0.8704299904060169 -0.02903653093674112 0.49143515510486335
    outer loop
      vertex 153.48453703703706 -1.9785029366612434 7.998151177167893
      vertex 153.48453703703706 -1.138301707804203 8.047794611752034
      vertex 153.01 -2.1575000807642937 8.828075142204762
    endloop
  endfacet
  facet normal 0.8736620941686226 -0.07977175677649878 0.4799489681556654
    outer loop
      vertex 153.01 -3.730694353580475 8.612788112461567
      vertex 153.48453703703706 -2.7287713438272476 7.915505932271481
      vertex 153.01 -2.975646011531353 8.738283814489842
    endloop
  endfacet
  facet normal 0.8717929797090408 -0.05344271520322887 0.4869505896102176
    outer loop
      vertex 153.48453703703706 -1.9785029366612434 7.998151177167893
      vertex 153.01 -2.1575000807642937 8.828075142204762
      vertex 153.01 -2.975646011531353 8.738283814489842
    endloop
  endfacet
  facet normal 0.8703771704267479 -0.028935774258415935 0.4915346398454478
    outer loop
      vertex 153.48453703703706 -1.138301707804203 8.047794611752034
      vertex 153.01 -1.241285003721714 8.88201110213995
      vertex 153.01 -2.1575000807642937 8.828075142204762
    endloop
  endfacet
  facet normal 0.8695684955284915 -0.007182018755118233 0.49376011401379605
    outer loop
      vertex 153.48453703703706 -1.138301707804203 8.047794611752034
      vertex 153.48453703703706 0 8.064351850748062
      vertex 153.01 -1.241285003721714 8.88201110213995
    endloop
  endfacet
  facet normal 0.8695518384421943 -0.007156079941886666 0.49378982450194886
    outer loop
      vertex 153.01 -1.241285003721714 8.88201110213995
      vertex 153.48453703703706 0 8.064351850748062
      vertex 153.01 0 8.9
    endloop
  endfacet
  facet normal 0.8877647011693384 0.459346854418813 0.029568609931092827
    outer loop
      vertex 153.48453703703706 10.03730943346143 0
      vertex 153.28720105565492 10.418694255968441 0
      vertex 153.48453703703706 10.018285818397999 0.2955308943986892
    endloop
  endfacet
  facet normal 0.8877272504266414 0.45941192896937116 0.029681785165263385
    outer loop
      vertex 153.48453703703706 10.018285818397999 0.2955308943986892
      vertex 153.28720105565492 10.418694255968441 0
      vertex 153.01 10.924650147557259 0.45943189561367026
    endloop
  endfacet
  facet normal 0.8886249534235421 0.45536719640364653 0.054648042897166765
    outer loop
      vertex 153.48453703703706 10.018285818397999 0.2955308943986892
      vertex 153.01 10.924650147557259 0.45943189561367026
      vertex 153.48453703703706 9.932022988796234 1.014335462450981
    endloop
  endfacet
  facet normal 0.8896475594696495 0.4492877954888878 0.08165596582266266
    outer loop
      vertex 153.48453703703706 9.932022988796234 1.014335462450981
      vertex 153.01 10.830583043396473 1.2403893783688544
      vertex 153.48453703703706 9.811458863317966 1.677703896164894
    endloop
  endfacet
  facet normal 0.8895677990810705 0.44938759892202357 0.08197509849435165
    outer loop
      vertex 153.48453703703706 9.811458863317966 1.677703896164894
      vertex 153.01 10.830583043396473 1.2403893783688544
      vertex 153.01 10.699111357331276 1.961117336153984
    endloop
  endfacet
  facet normal 0.8907134819647525 0.441064989657709 0.10995984696456876
    outer loop
      vertex 153.48453703703706 9.811458863317966 1.677703896164894
      vertex 153.01 10.699111357331276 1.961117336153984
      vertex 153.48453703703706 9.656792797148228 2.2980920538306235
    endloop
  endfacet
  facet normal 0.8917201398443731 0.4306767809177225 0.1391139912959131
    outer loop
      vertex 153.48453703703706 9.656792797148228 2.2980920538306235
      vertex 153.01 10.530452497303486 2.6351486310362815
      vertex 153.48453703703706 9.468274526298046 2.8817173331975936
    endloop
  endfacet
  facet normal 0.890614221136468 0.4411583619884064 0.11038844485356542
    outer loop
      vertex 153.48453703703706 9.656792797148228 2.2980920538306235
      vertex 153.01 10.699111357331276 1.961117336153984
      vertex 153.01 10.530452497303486 2.6351486310362815
    endloop
  endfacet
  facet normal 0.8916018212849541 0.4307483140274665 0.139649855867623
    outer loop
      vertex 153.48453703703706 9.468274526298046 2.8817173331975936
      vertex 153.01 10.530452497303486 2.6351486310362815
      vertex 153.01 10.3248787894845 3.269238279759884
    endloop
  endfacet
  facet normal 0.8877272504266412 0.4594119289693715 0.029681785165263062
    outer loop
      vertex 153.28720105565492 10.418694255968441 0
      vertex 153.01 10.95433322273179 0
      vertex 153.01 10.924650147557259 0.45943189561367026
    endloop
  endfacet
  facet normal 0.8885656014474704 0.45545748292075267 0.05486030601251872
    outer loop
      vertex 153.48453703703706 9.932022988796234 1.014335462450981
      vertex 153.01 10.924650147557259 0.45943189561367026
      vertex 153.01 10.830583043396473 1.2403893783688544
    endloop
  endfacet
  facet normal 0.8932099711603583 0.40342947800845513 0.19854622558370988
    outer loop
      vertex 153.48453703703706 9.246198751032352 3.431962551176548
      vertex 153.01 10.082711599767208 3.867061586678028
      vertex 153.48453703703706 8.990897990763187 3.950712540745735
    endloop
  endfacet
  facet normal 0.8925780049524813 0.41812343119057804 0.16875218921384802
    outer loop
      vertex 153.48453703703706 9.468274526298046 2.8817173331975936
      vertex 153.01 10.3248787894845 3.269238279759884
      vertex 153.48453703703706 9.246198751032352 3.431962551176548
    endloop
  endfacet
  facet normal 0.8924407748464592 0.41815905348496674 0.1693885160806602
    outer loop
      vertex 153.01 10.3248787894845 3.269238279759884
      vertex 153.01 10.082711599767208 3.867061586678028
      vertex 153.48453703703706 9.246198751032352 3.431962551176548
    endloop
  endfacet
  facet normal 0.8935519881228764 0.3866459720781063 0.22818794183179597
    outer loop
      vertex 153.48453703703706 8.70273321121931 4.438984403014183
      vertex 153.48453703703706 8.990897990763187 3.950712540745735
      vertex 153.01 9.804313518106937 4.430666366219521
    endloop
  endfacet
  facet normal 0.8930538896653829 0.4034172372534841 0.19927188171012997
    outer loop
      vertex 153.48453703703706 8.990897990763187 3.950712540745735
      vertex 153.01 10.082711599767208 3.867061586678028
      vertex 153.01 9.804313518106937 4.430666366219521
    endloop
  endfacet
  facet normal 0.8931827340284865 0.34715833239590765 0.28584208206891154
    outer loop
      vertex 153.48453703703706 8.382081679999828 4.897262828052044
      vertex 153.01 9.140416987240314 5.459062078595162
      vertex 153.48453703703706 8.029320947825909 5.3256945922970775
    endloop
  endfacet
  facet normal 0.8924201713538101 0.32470335806484246 0.31329533514281854
    outer loop
      vertex 153.48453703703706 7.64480771869421 5.724209101498127
      vertex 153.48453703703706 8.029320947825909 5.3256945922970775
      vertex 153.01 8.755741640925407 5.924539083242417
    endloop
  endfacet
  facet normal 0.8929733869539775 0.34696195933756635 0.2867332017129842
    outer loop
      vertex 153.48453703703706 8.029320947825909 5.3256945922970775
      vertex 153.01 9.140416987240314 5.459062078595162
      vertex 153.01 8.755741640925407 5.924539083242417
    endloop
  endfacet
  facet normal 0.8921963536924237 0.32444472008252734 0.3141994431384532
    outer loop
      vertex 153.48453703703706 7.64480771869421 5.724209101498127
      vertex 153.01 8.755741640925407 5.924539083242417
      vertex 153.01 8.336441114544868 6.357511976361275
    endloop
  endfacet
  facet normal 0.8935542822072523 0.3678524614807553 0.25738164528892055
    outer loop
      vertex 153.48453703703706 8.70273321121931 4.438984403014183
      vertex 153.01 9.490078188478947 4.961157666146756
      vertex 153.48453703703706 8.382081679999828 4.897262828052044
    endloop
  endfacet
  facet normal 0.8933772825510974 0.3865767529543817 0.22898787106932927
    outer loop
      vertex 153.48453703703706 8.70273321121931 4.438984403014183
      vertex 153.01 9.804313518106937 4.430666366219521
      vertex 153.01 9.490078188478947 4.961157666146756
    endloop
  endfacet
  facet normal 0.8933615952108914 0.36772057885717735 0.2582375574683008
    outer loop
      vertex 153.48453703703706 8.382081679999828 4.897262828052044
      vertex 153.01 9.490078188478947 4.961157666146756
      vertex 153.01 9.140416987240314 5.459062078595162
    endloop
  endfacet
  facet normal 0.8695518384421943 0.007156079941886654 0.49378982450194886
    outer loop
      vertex 153.48453703703706 0 8.064351850748062
      vertex 153.01 1.241285003721714 8.88201110213995
      vertex 153.01 0 8.9
    endloop
  endfacet
  facet normal 0.8695684955284916 0.007182018755118233 0.49376011401379605
    outer loop
      vertex 153.48453703703706 0 8.064351850748062
      vertex 153.48453703703706 1.138301707804203 8.047794611752034
      vertex 153.01 1.241285003721714 8.88201110213995
    endloop
  endfacet
  facet normal 0.8703771704267479 0.028935774258415935 0.4915346398454478
    outer loop
      vertex 153.48453703703706 1.138301707804203 8.047794611752034
      vertex 153.01 2.1575000807642937 8.828075142204762
      vertex 153.01 1.241285003721714 8.88201110213995
    endloop
  endfacet
  facet normal 0.8704299904060169 0.02903653093674112 0.49143515510486335
    outer loop
      vertex 153.48453703703706 1.138301707804203 8.047794611752034
      vertex 153.48453703703706 1.9785029366612434 7.998151177167893
      vertex 153.01 2.1575000807642937 8.828075142204762
    endloop
  endfacet
  facet normal 0.8718830560591019 0.05361975878048278 0.4867698203723849
    outer loop
      vertex 153.48453703703706 1.9785029366612434 7.998151177167893
      vertex 153.48453703703706 2.7287713438272476 7.915505932271481
      vertex 153.01 2.975646011531353 8.738283814489842
    endloop
  endfacet
  facet normal 0.8737883969763521 0.08002046078575849 0.4796775616652626
    outer loop
      vertex 153.48453703703706 2.7287713438272476 7.915505932271481
      vertex 153.48453703703706 3.4211770445108414 7.799997875094414
      vertex 153.01 3.730694353580475 8.612788112461567
    endloop
  endfacet
  facet normal 0.8717929797090408 0.05344271520322887 0.4869505896102176
    outer loop
      vertex 153.48453703703706 1.9785029366612434 7.998151177167893
      vertex 153.01 2.975646011531353 8.738283814489842
      vertex 153.01 2.1575000807642937 8.828075142204762
    endloop
  endfacet
  facet normal 0.8736620941686226 0.07977175677649878 0.4799489681556654
    outer loop
      vertex 153.48453703703706 2.7287713438272476 7.915505932271481
      vertex 153.01 3.730694353580475 8.612788112461567
      vertex 153.01 2.975646011531353 8.738283814489842
    endloop
  endfacet
  facet normal 0.8878848702284075 0.24861289053486574 0.38710733379694945
    outer loop
      vertex 153.48453703703706 6.781663976609707 6.430564166605473
      vertex 153.01 7.395207896828651 7.124943488836289
      vertex 153.48453703703706 6.303325578570366 6.7377686068415645
    endloop
  endfacet
  facet normal 0.8834003171525298 0.19292020280380606 0.4270663590180665
    outer loop
      vertex 153.48453703703706 5.793680854141712 7.013848686218262
      vertex 153.01 6.317840956151485 7.758662903308869
      vertex 153.48453703703706 5.252223908901215 7.258442954719067
    endloop
  endfacet
  facet normal 0.8857470762526831 0.22108943467101932 0.4081318154550957
    outer loop
      vertex 153.48453703703706 5.793680854141712 7.013848686218262
      vertex 153.48453703703706 6.303325578570366 6.7377686068415645
      vertex 153.01 6.873593740165234 7.458710999786854
    endloop
  endfacet
  facet normal 0.8876409024896075 0.24821917837938196 0.38791863542771376
    outer loop
      vertex 153.48453703703706 6.303325578570366 6.7377686068415645
      vertex 153.01 7.395207896828651 7.124943488836289
      vertex 153.01 6.873593740165234 7.458710999786854
    endloop
  endfacet
  facet normal 0.8855072422551722 0.22067826998517048 0.4088740943982536
    outer loop
      vertex 153.48453703703706 5.793680854141712 7.013848686218262
      vertex 153.01 6.873593740165234 7.458710999786854
      vertex 153.01 6.317840956151485 7.758662903308869
    endloop
  endfacet
  facet normal 0.8758525542975195 0.10727206018035282 0.47050505654580743
    outer loop
      vertex 153.48453703703706 3.4211770445108414 7.799997875094414
      vertex 153.01 4.43682237714529 8.451795564591885
      vertex 153.01 3.730694353580475 8.612788112461567
    endloop
  endfacet
  facet normal 0.8760122175279796 0.1075830831018225 0.4701366556353781
    outer loop
      vertex 153.48453703703706 3.4211770445108414 7.799997875094414
      vertex 153.48453703703706 4.068721108138561 7.651818008720875
      vertex 153.01 4.43682237714529 8.451795564591885
    endloop
  endfacet
  facet normal 0.8784310058039086 0.13583796465327255 0.45815610374760896
    outer loop
      vertex 153.48453703703706 4.677893102169037 7.471205586194992
      vertex 153.01 5.101106770336628 8.255566114187241
      vertex 153.48453703703706 4.068721108138561 7.651818008720875
    endloop
  endfacet
  facet normal 0.8809293444465932 0.16439804526135327 0.4437755883407082
    outer loop
      vertex 153.48453703703706 4.677893102169037 7.471205586194992
      vertex 153.48453703703706 5.252223908901215 7.258442954719067
      vertex 153.01 5.7273978516459465 8.024406524002552
    endloop
  endfacet
  facet normal 0.8807172711820536 0.16400352581735408 0.44434213367754516
    outer loop
      vertex 153.48453703703706 4.677893102169037 7.471205586194992
      vertex 153.01 5.7273978516459465 8.024406524002552
      vertex 153.01 5.101106770336628 8.255566114187241
    endloop
  endfacet
  facet normal 0.8782423693599914 0.1354774895119971 0.4586242367085226
    outer loop
      vertex 153.48453703703706 4.068721108138561 7.651818008720875
      vertex 153.01 5.101106770336628 8.255566114187241
      vertex 153.01 4.43682237714529 8.451795564591885
    endloop
  endfacet
  facet normal 0.8831710774587566 0.1925086064978647 0.42772571160100875
    outer loop
      vertex 153.48453703703706 5.252223908901215 7.258442954719067
      vertex 153.01 6.317840956151485 7.758662903308869
      vertex 153.01 5.7273978516459465 8.024406524002552
    endloop
  endfacet
  facet normal 0.8912672955495818 0.30065731939799667 0.339481640411003
    outer loop
      vertex 153.48453703703706 7.64480771869421 5.724209101498127
      vertex 153.01 8.336441114544868 6.357511976361275
      vertex 153.48453703703706 7.228849247097969 6.092597091197968
    endloop
  endfacet
  facet normal 0.8910322034404539 0.3003426541588862 0.3403761192046899
    outer loop
      vertex 153.48453703703706 7.228849247097969 6.092597091197968
      vertex 153.01 8.336441114544868 6.357511976361275
      vertex 153.01 7.882850468158722 6.7577533885836605
    endloop
  endfacet
  facet normal 0.8897431314308942 0.2752187378505211 0.3641590399914748
    outer loop
      vertex 153.48453703703706 6.781663976609707 6.430564166605473
      vertex 153.48453703703706 7.228849247097969 6.092597091197968
      vertex 153.01 7.882850468158722 6.7577533885836605
    endloop
  endfacet
  facet normal 0.8895010023725641 0.2748579946706736 0.3650219850143543
    outer loop
      vertex 153.48453703703706 6.781663976609707 6.430564166605473
      vertex 153.01 7.882850468158722 6.7577533885836605
      vertex 153.01 7.395207896828651 7.124943488836289
    endloop
  endfacet
  facet normal 0.9242354824421328 -0.3810343448670814 0.024527556475768902
    outer loop
      vertex 153.48453703703706 -10.03730943346143 0
      vertex 153.89536951622014 -9.040795707820422 0
      vertex 153.48453703703706 -10.018285818397999 0.2955308943986892
    endloop
  endfacet
  facet normal 0.9242354824421268 -0.3810343448671005 0.024527556475697584
    outer loop
      vertex 153.48453703703706 -10.018285818397999 0.2955308943986892
      vertex 153.89536951622014 -9.040795707820422 0
      vertex 153.97296296296295 -8.846391789615154 0.09621638953685752
    endloop
  endfacet
  facet normal 0.9247937509815857 -0.37782871162666437 0.044743522614381755
    outer loop
      vertex 153.48453703703706 -10.018285818397999 0.2955308943986892
      vertex 153.97296296296295 -8.846391789615154 0.09621638953685752
      vertex 153.97296296296295 -8.77021960169077 0.7394388705492019
    endloop
  endfacet
  facet normal 0.9243013424599126 -0.38089585034437107 0.024194617526259805
    outer loop
      vertex 153.89536951622014 -9.040795707820422 0
      vertex 153.97296296296295 -8.852503483251347 0
      vertex 153.97296296296295 -8.846391789615154 0.09621638953685752
    endloop
  endfacet
  facet normal 0.924689872783384 -0.3780088797990334 0.04536436889155354
    outer loop
      vertex 153.48453703703706 -10.018285818397999 0.2955308943986892
      vertex 153.97296296296295 -8.77021960169077 0.7394388705492019
      vertex 153.48453703703706 -9.932022988796234 1.014335462450981
    endloop
  endfacet
  facet normal 0.9253414823637781 -0.3731807141942689 0.06692753969974487
    outer loop
      vertex 153.97296296296295 -8.77021960169077 0.7394388705492019
      vertex 153.97296296296295 -8.663758523762226 1.3330543130636214
      vertex 153.48453703703706 -9.932022988796234 1.014335462450981
    endloop
  endfacet
  facet normal 0.9252014088822457 -0.3733602160165 0.06785648162423612
    outer loop
      vertex 153.48453703703706 -9.932022988796234 1.014335462450981
      vertex 153.97296296296295 -8.663758523762226 1.3330543130636214
      vertex 153.48453703703706 -9.811458863317966 1.677703896164894
    endloop
  endfacet
  facet normal 0.9258653460639994 -0.36691368153584303 0.09026467337560447
    outer loop
      vertex 153.97296296296295 -8.663758523762226 1.3330543130636214
      vertex 153.97296296296295 -8.527184598147869 1.8882088378071784
      vertex 153.48453703703706 -9.811458863317966 1.677703896164894
    endloop
  endfacet
  facet normal 0.9256891295307539 -0.3670503942258886 0.09150761480453384
    outer loop
      vertex 153.48453703703706 -9.811458863317966 1.677703896164894
      vertex 153.97296296296295 -8.527184598147869 1.8882088378071784
      vertex 153.48453703703706 -9.656792797148228 2.2980920538306235
    endloop
  endfacet
  facet normal 0.9262977566399186 -0.3589967968611322 0.11442799433399613
    outer loop
      vertex 153.48453703703706 -9.656792797148228 2.2980920538306235
      vertex 153.97296296296295 -8.527184598147869 1.8882088378071784
      vertex 153.97296296296295 -8.360718347132206 2.4104660987854003
    endloop
  endfacet
  facet normal 0.9260841004016506 -0.3590506588297532 0.11597785727105757
    outer loop
      vertex 153.48453703703706 -9.656792797148228 2.2980920538306235
      vertex 153.97296296296295 -8.360718347132206 2.4104660987854003
      vertex 153.48453703703706 -9.468274526298046 2.8817173331975936
    endloop
  endfacet
  facet normal 0.9265798187538562 -0.34940757809728035 0.1391552508756463
    outer loop
      vertex 153.48453703703706 -9.468274526298046 2.8817173331975936
      vertex 153.97296296296295 -8.360718347132206 2.4104660987854003
      vertex 153.97296296296295 -8.164619997143745 2.9028531923890113
    endloop
  endfacet
  facet normal 0.926326570588387 -0.3493424848962913 0.14099259863000765
    outer loop
      vertex 153.48453703703706 -9.468274526298046 2.8817173331975936
      vertex 153.97296296296295 -8.164619997143745 2.9028531923890113
      vertex 153.48453703703706 -9.246198751032352 3.431962551176548
    endloop
  endfacet
  facet normal 0.9266604595005394 -0.3381342018185355 0.16421222353646822
    outer loop
      vertex 153.97296296296295 -8.164619997143745 2.9028531923890113
      vertex 153.97296296296295 -7.939183168113232 3.3670567736029624
      vertex 153.48453703703706 -9.246198751032352 3.431962551176548
    endloop
  endfacet
  facet normal 0.9263651986149921 -0.3379198911177063 0.16630594091013018
    outer loop
      vertex 153.48453703703706 -9.246198751032352 3.431962551176548
      vertex 153.97296296296295 -7.939183168113232 3.3670567736029624
      vertex 153.48453703703706 -8.990897990763187 3.950712540745735
    endloop
  endfacet
  facet normal 0.9264966164732176 -0.325178443129459 0.18937528821781546
    outer loop
      vertex 153.48453703703706 -8.990897990763187 3.950712540745735
      vertex 153.97296296296295 -7.939183168113232 3.3670567736029624
      vertex 153.97296296296295 -7.684726610779762 3.8039869979023933
    endloop
  endfacet
  facet normal 0.9261573234367578 -0.3247922736755811 0.191683570514291
    outer loop
      vertex 153.48453703703706 -8.990897990763187 3.950712540745735
      vertex 153.97296296296295 -7.684726610779762 3.8039869979023933
      vertex 153.48453703703706 -8.70273321121931 4.438984403014183
    endloop
  endfacet
  facet normal 0.926054058239901 -0.3105589715512926 0.21442249510350755
    outer loop
      vertex 153.97296296296295 -7.684726610779762 3.8039869979023933
      vertex 153.97296296296295 -7.401583455502987 4.214077585935593
      vertex 153.48453703703706 -8.70273321121931 4.438984403014183
    endloop
  endfacet
  facet normal 0.9256698300531694 -0.3099874883558911 0.21689426638835582
    outer loop
      vertex 153.48453703703706 -8.70273321121931 4.438984403014183
      vertex 153.97296296296295 -7.401583455502987 4.214077585935593
      vertex 153.48453703703706 -8.382081679999828 4.897262828052044
    endloop
  endfacet
  facet normal 0.9253085950147668 -0.2943147123633945 0.23912936682526165
    outer loop
      vertex 153.48453703703706 -8.382081679999828 4.897262828052044
      vertex 153.97296296296295 -7.401583455502987 4.214077585935593
      vertex 153.97296296296295 -7.0900870859622955 4.597459876537323
    endloop
  endfacet
  facet normal 0.9248803384728833 -0.2935548611718463 0.2417062328295709
    outer loop
      vertex 153.48453703703706 -8.382081679999828 4.897262828052044
      vertex 153.97296296296295 -7.0900870859622955 4.597459876537323
      vertex 153.48453703703706 -8.029320947825909 5.3256945922970775
    endloop
  endfacet
  facet normal 0.9242474815942323 -0.27650814724906214 0.26326761531113213
    outer loop
      vertex 153.97296296296295 -7.0900870859622955 4.597459876537323
      vertex 153.97296296296295 -6.750552482903004 4.954070711135865
      vertex 153.48453703703706 -8.029320947825909 5.3256945922970775
    endloop
  endfacet
  facet normal 0.9237785181884312 -0.2755680106045612 0.2658862931123585
    outer loop
      vertex 153.48453703703706 -8.029320947825909 5.3256945922970775
      vertex 153.97296296296295 -6.750552482903004 4.954070711135865
      vertex 153.48453703703706 -7.64480771869421 5.724209101498127
    endloop
  endfacet
  facet normal 0.9223673483242533 -0.2561271579910206 0.2892012338921265
    outer loop
      vertex 153.48453703703706 -7.64480771869421 5.724209101498127
      vertex 153.97296296296295 -6.383250966668129 5.283722804486752
      vertex 153.48453703703706 -7.228849247097969 6.092597091197968
    endloop
  endfacet
  facet normal 0.9228708377287345 -0.25722820102775573 0.28660612251989376
    outer loop
      vertex 153.48453703703706 -7.64480771869421 5.724209101498127
      vertex 153.97296296296295 -6.750552482903004 4.954070711135865
      vertex 153.97296296296295 -6.383250966668129 5.283722804486752
    endloop
  endfacet
  facet normal 0.9211929176342198 -0.23659269521842727 0.30891342649654135
    outer loop
      vertex 153.48453703703706 -7.228849247097969 6.092597091197968
      vertex 153.97296296296295 -6.383250966668129 5.283722804486752
      vertex 153.97296296296295 -5.9883754178881645 5.586152748763562
    endloop
  endfacet
  facet normal 0.9206641329608282 -0.2353608823566813 0.31142063087690747
    outer loop
      vertex 153.48453703703706 -7.228849247097969 6.092597091197968
      vertex 153.97296296296295 -5.9883754178881645 5.586152748763562
      vertex 153.48453703703706 -6.781663976609707 6.430564166605473
    endloop
  endfacet
  facet normal 0.9192430261187748 -0.21475006507440259 0.32996161668069435
    outer loop
      vertex 153.97296296296295 -5.9883754178881645 5.586152748763562
      vertex 153.97296296296295 -5.565990895032883 5.861054734885693
      vertex 153.48453703703706 -6.781663976609707 6.430564166605473
    endloop
  endfacet
  facet normal 0.9187011332826275 -0.21342716220357413 0.3323207398567614
    outer loop
      vertex 153.97296296296295 -5.565990895032883 5.861054734885693
      vertex 153.48453703703706 -6.303325578570366 6.7377686068415645
      vertex 153.48453703703706 -6.781663976609707 6.430564166605473
    endloop
  endfacet
  facet normal 0.91706596183646 -0.19188049325870588 0.34953096851032267
    outer loop
      vertex 153.97296296296295 -5.565990895032883 5.861054734885693
      vertex 153.97296296296295 -5.115962117910385 6.108105072379113
      vertex 153.48453703703706 -6.303325578570366 6.7377686068415645
    endloop
  endfacet
  facet normal 0.9165256637347338 -0.1905137884473214 0.35168907308452896
    outer loop
      vertex 153.97296296296295 -5.115962117910385 6.108105072379113
      vertex 153.48453703703706 -5.793680854141712 7.013848686218262
      vertex 153.48453703703706 -6.303325578570366 6.7377686068415645
    endloop
  endfacet
  facet normal 0.9147218374379753 -0.16819653432000292 0.36741514116437035
    outer loop
      vertex 153.97296296296295 -5.115962117910385 6.108105072379113
      vertex 153.97296296296295 -4.637842372059822 6.326980331540108
      vertex 153.48453703703706 -5.793680854141712 7.013848686218262
    endloop
  endfacet
  facet normal 0.9122852504466918 -0.1439437799924952 0.38342640756589624
    outer loop
      vertex 153.97296296296295 -4.637842372059822 6.326980331540108
      vertex 153.97296296296295 -4.130694203078747 6.517371037602425
      vertex 153.48453703703706 -5.252223908901215 7.258442954719067
    endloop
  endfacet
  facet normal 0.9141995884205706 -0.166838393924473 0.36932920659536483
    outer loop
      vertex 153.97296296296295 -4.637842372059822 6.326980331540108
      vertex 153.48453703703706 -5.252223908901215 7.258442954719067
      vertex 153.48453703703706 -5.793680854141712 7.013848686218262
    endloop
  endfacet
  facet normal 0.9117982161381438 -0.1426486764396009 0.385065407635286
    outer loop
      vertex 153.97296296296295 -4.130694203078747 6.517371037602425
      vertex 153.48453703703706 -4.677893102169037 7.471205586194992
      vertex 153.48453703703706 -5.252223908901215 7.258442954719067
    endloop
  endfacet
  facet normal 0.909843853030529 -0.11940259534551202 0.3974005326208274
    outer loop
      vertex 153.97296296296295 -4.130694203078747 6.517371037602425
      vertex 153.97296296296295 -3.5927804112434387 6.678992116451264
      vertex 153.48453703703706 -4.677893102169037 7.471205586194992
    endloop
  endfacet
  facet normal 0.9074964651760355 -0.09489300825141642 0.40920102966390126
    outer loop
      vertex 153.97296296296295 -3.5927804112434387 6.678992116451264
      vertex 153.97296296296295 -3.020983137190342 6.811590911448002
      vertex 153.48453703703706 -4.068721108138561 7.651818008720875
    endloop
  endfacet
  facet normal 0.9094086517859435 -0.11822380539057865 0.398746831831731
    outer loop
      vertex 153.97296296296295 -3.5927804112434387 6.678992116451264
      vertex 153.48453703703706 -4.068721108138561 7.651818008720875
      vertex 153.48453703703706 -4.677893102169037 7.471205586194992
    endloop
  endfacet
  facet normal 0.9071278208720578 -0.09387921020247496 0.41025091162808064
    outer loop
      vertex 153.48453703703706 -4.068721108138561 7.651818008720875
      vertex 153.97296296296295 -3.020983137190342 6.811590911448002
      vertex 153.48453703703706 -3.4211770445108414 7.799997875094414
    endloop
  endfacet
  facet normal 0.9053510836552932 -0.07078734872543745 0.41872254129030306
    outer loop
      vertex 153.97296296296295 -3.020983137190342 6.811590911448002
      vertex 153.97296296296295 -2.4095719382166862 6.914953337609768
      vertex 153.48453703703706 -3.4211770445108414 7.799997875094414
    endloop
  endfacet
  facet normal 0.9050604969086862 -0.06997920377818335 0.41948588530959363
    outer loop
      vertex 153.97296296296295 -2.4095719382166862 6.914953337609768
      vertex 153.48453703703706 -2.7287713438272476 7.915505932271481
      vertex 153.48453703703706 -3.4211770445108414 7.799997875094414
    endloop
  endfacet
  facet normal 0.9035233867508826 -0.04754225117588621 0.42589344201025664
    outer loop
      vertex 153.97296296296295 -2.4095719382166862 6.914953337609768
      vertex 153.97296296296295 -1.7470665648579597 6.988908448815346
      vertex 153.48453703703706 -2.7287713438272476 7.915505932271481
    endloop
  endfacet
  facet normal 0.9021370209663794 -0.025787495793733416 0.4306783027534527
    outer loop
      vertex 153.48453703703706 -1.9785029366612434 7.998151177167893
      vertex 153.97296296296295 -1.7470665648579597 6.988908448815346
      vertex 153.97296296296295 -1.0051482915878296 7.033331894874573
    endloop
  endfacet
  facet normal 0.9013172023685755 -0.00638423883921595 0.4331126206991988
    outer loop
      vertex 153.97296296296295 -1.0051482915878296 7.033331894874573
      vertex 153.97296296296295 0 7.048148149251938
      vertex 153.48453703703706 -1.138301707804203 8.047794611752034
    endloop
  endfacet
  facet normal 0.9033179454977237 -0.04696894664332222 0.4263925508178915
    outer loop
      vertex 153.48453703703706 -2.7287713438272476 7.915505932271481
      vertex 153.97296296296295 -1.7470665648579597 6.988908448815346
      vertex 153.48453703703706 -1.9785029366612434 7.998151177167893
    endloop
  endfacet
  facet normal 0.902018366599205 -0.025462523657120414 0.43094608271419854
    outer loop
      vertex 153.48453703703706 -1.9785029366612434 7.998151177167893
      vertex 153.97296296296295 -1.0051482915878296 7.033331894874573
      vertex 153.48453703703706 -1.138301707804203 8.047794611752034
    endloop
  endfacet
  facet normal 0.9012807812225148 -0.006300986898180401 0.43318962471767775
    outer loop
      vertex 153.48453703703706 -1.138301707804203 8.047794611752034
      vertex 153.97296296296295 0 7.048148149251938
      vertex 153.48453703703706 0 8.064351850748062
    endloop
  endfacet
  facet normal 0.9192430261187748 0.21475006507440259 0.32996161668069435
    outer loop
      vertex 153.97296296296295 5.565990895032883 5.861054734885693
      vertex 153.97296296296295 5.9883754178881645 5.586152748763562
      vertex 153.48453703703706 6.781663976609707 6.430564166605473
    endloop
  endfacet
  facet normal 0.9211929176342198 0.23659269521842727 0.30891342649654135
    outer loop
      vertex 153.97296296296295 5.9883754178881645 5.586152748763562
      vertex 153.97296296296295 6.383250966668129 5.283722804486752
      vertex 153.48453703703706 7.228849247097969 6.092597091197968
    endloop
  endfacet
  facet normal 0.9228708377287345 0.25722820102775573 0.2866061225198937
    outer loop
      vertex 153.97296296296295 6.750552482903004 4.954070711135865
      vertex 153.48453703703706 7.64480771869421 5.724209101498127
      vertex 153.97296296296295 6.383250966668129 5.283722804486752
    endloop
  endfacet
  facet normal 0.920664132960828 0.2353608823566813 0.3114206308769076
    outer loop
      vertex 153.97296296296295 5.9883754178881645 5.586152748763562
      vertex 153.48453703703706 7.228849247097969 6.092597091197968
      vertex 153.48453703703706 6.781663976609707 6.430564166605473
    endloop
  endfacet
  facet normal 0.9243013424599126 0.38089585034437107 0.024194617526259805
    outer loop
      vertex 153.97296296296295 8.852503483251347 0
      vertex 153.89536951622014 9.040795707820422 0
      vertex 153.97296296296295 8.846391789615154 0.09621638953685752
    endloop
  endfacet
  facet normal 0.9242354824421268 0.3810343448671005 0.024527556475697668
    outer loop
      vertex 153.97296296296295 8.846391789615154 0.09621638953685752
      vertex 153.89536951622014 9.040795707820422 0
      vertex 153.48453703703706 10.018285818397999 0.2955308943986892
    endloop
  endfacet
  facet normal 0.9247937509815857 0.37782871162666437 0.04474352261438176
    outer loop
      vertex 153.97296296296295 8.846391789615154 0.09621638953685752
      vertex 153.48453703703706 10.018285818397999 0.2955308943986892
      vertex 153.97296296296295 8.77021960169077 0.7394388705492019
    endloop
  endfacet
  facet normal 0.924689872783384 0.3780088797990334 0.04536436889155352
    outer loop
      vertex 153.97296296296295 8.77021960169077 0.7394388705492019
      vertex 153.48453703703706 10.018285818397999 0.2955308943986892
      vertex 153.48453703703706 9.932022988796234 1.014335462450981
    endloop
  endfacet
  facet normal 0.9242354824421328 0.3810343448670814 0.02452755647576881
    outer loop
      vertex 153.89536951622014 9.040795707820422 0
      vertex 153.48453703703706 10.03730943346143 0
      vertex 153.48453703703706 10.018285818397999 0.2955308943986892
    endloop
  endfacet
  facet normal 0.9253414823637781 0.3731807141942689 0.06692753969974487
    outer loop
      vertex 153.97296296296295 8.663758523762226 1.3330543130636214
      vertex 153.97296296296295 8.77021960169077 0.7394388705492019
      vertex 153.48453703703706 9.932022988796234 1.014335462450981
    endloop
  endfacet
  facet normal 0.9252014088822457 0.3733602160165 0.06785648162423608
    outer loop
      vertex 153.97296296296295 8.663758523762226 1.3330543130636214
      vertex 153.48453703703706 9.932022988796234 1.014335462450981
      vertex 153.48453703703706 9.811458863317966 1.677703896164894
    endloop
  endfacet
  facet normal 0.9265798187538562 0.3494075780972804 0.13915525087564634
    outer loop
      vertex 153.97296296296295 8.360718347132206 2.4104660987854003
      vertex 153.48453703703706 9.468274526298046 2.8817173331975936
      vertex 153.97296296296295 8.164619997143745 2.9028531923890113
    endloop
  endfacet
  facet normal 0.9258653460639994 0.36691368153584303 0.09026467337560447
    outer loop
      vertex 153.97296296296295 8.663758523762226 1.3330543130636214
      vertex 153.48453703703706 9.811458863317966 1.677703896164894
      vertex 153.97296296296295 8.527184598147869 1.8882088378071784
    endloop
  endfacet
  facet normal 0.9262977566399186 0.35899679686113223 0.11442799433399604
    outer loop
      vertex 153.97296296296295 8.527184598147869 1.8882088378071784
      vertex 153.48453703703706 9.656792797148228 2.2980920538306235
      vertex 153.97296296296295 8.360718347132206 2.4104660987854003
    endloop
  endfacet
  facet normal 0.9256891295307539 0.3670503942258886 0.09150761480453388
    outer loop
      vertex 153.97296296296295 8.527184598147869 1.8882088378071784
      vertex 153.48453703703706 9.811458863317966 1.677703896164894
      vertex 153.48453703703706 9.656792797148228 2.2980920538306235
    endloop
  endfacet
  facet normal 0.9260841004016506 0.3590506588297532 0.11597785727105761
    outer loop
      vertex 153.97296296296295 8.360718347132206 2.4104660987854003
      vertex 153.48453703703706 9.656792797148228 2.2980920538306235
      vertex 153.48453703703706 9.468274526298046 2.8817173331975936
    endloop
  endfacet
  facet normal 0.9266604595005394 0.3381342018185355 0.16421222353646822
    outer loop
      vertex 153.97296296296295 8.164619997143745 2.9028531923890113
      vertex 153.48453703703706 9.246198751032352 3.431962551176548
      vertex 153.97296296296295 7.939183168113232 3.3670567736029624
    endloop
  endfacet
  facet normal 0.9264966164732177 0.325178443129459 0.18937528821781555
    outer loop
      vertex 153.97296296296295 7.684726610779762 3.8039869979023933
      vertex 153.97296296296295 7.939183168113232 3.3670567736029624
      vertex 153.48453703703706 8.990897990763187 3.950712540745735
    endloop
  endfacet
  facet normal 0.9263651986149921 0.3379198911177063 0.16630594091013007
    outer loop
      vertex 153.97296296296295 7.939183168113232 3.3670567736029624
      vertex 153.48453703703706 9.246198751032352 3.431962551176548
      vertex 153.48453703703706 8.990897990763187 3.950712540745735
    endloop
  endfacet
  facet normal 0.926054058239901 0.3105589715512926 0.21442249510350755
    outer loop
      vertex 153.97296296296295 7.684726610779762 3.8039869979023933
      vertex 153.48453703703706 8.70273321121931 4.438984403014183
      vertex 153.97296296296295 7.401583455502987 4.214077585935593
    endloop
  endfacet
  facet normal 0.9261573234367578 0.3247922736755811 0.19168357051429097
    outer loop
      vertex 153.97296296296295 7.684726610779762 3.8039869979023933
      vertex 153.48453703703706 8.990897990763187 3.950712540745735
      vertex 153.48453703703706 8.70273321121931 4.438984403014183
    endloop
  endfacet
  facet normal 0.9256698300531694 0.3099874883558911 0.21689426638835588
    outer loop
      vertex 153.97296296296295 7.401583455502987 4.214077585935593
      vertex 153.48453703703706 8.70273321121931 4.438984403014183
      vertex 153.48453703703706 8.382081679999828 4.897262828052044
    endloop
  endfacet
  facet normal 0.926326570588387 0.3493424848962914 0.1409925986300076
    outer loop
      vertex 153.97296296296295 8.164619997143745 2.9028531923890113
      vertex 153.48453703703706 9.468274526298046 2.8817173331975936
      vertex 153.48453703703706 9.246198751032352 3.431962551176548
    endloop
  endfacet
  facet normal 0.9253085950147668 0.29431471236339446 0.2391293668252616
    outer loop
      vertex 153.97296296296295 7.401583455502987 4.214077585935593
      vertex 153.48453703703706 8.382081679999828 4.897262828052044
      vertex 153.97296296296295 7.0900870859622955 4.597459876537323
    endloop
  endfacet
  facet normal 0.9242474815942323 0.27650814724906214 0.26326761531113213
    outer loop
      vertex 153.97296296296295 6.750552482903004 4.954070711135865
      vertex 153.97296296296295 7.0900870859622955 4.597459876537323
      vertex 153.48453703703706 8.029320947825909 5.3256945922970775
    endloop
  endfacet
  facet normal 0.9248803384728833 0.29355486117184626 0.24170623282957093
    outer loop
      vertex 153.97296296296295 7.0900870859622955 4.597459876537323
      vertex 153.48453703703706 8.382081679999828 4.897262828052044
      vertex 153.48453703703706 8.029320947825909 5.3256945922970775
    endloop
  endfacet
  facet normal 0.9237785181884312 0.2755680106045612 0.2658862931123585
    outer loop
      vertex 153.97296296296295 6.750552482903004 4.954070711135865
      vertex 153.48453703703706 8.029320947825909 5.3256945922970775
      vertex 153.48453703703706 7.64480771869421 5.724209101498127
    endloop
  endfacet
  facet normal 0.9223673483242533 0.2561271579910206 0.2892012338921265
    outer loop
      vertex 153.97296296296295 6.383250966668129 5.283722804486752
      vertex 153.48453703703706 7.64480771869421 5.724209101498127
      vertex 153.48453703703706 7.228849247097969 6.092597091197968
    endloop
  endfacet
  facet normal 0.9013172023685755 0.00638423883921595 0.4331126206991988
    outer loop
      vertex 153.97296296296295 0 7.048148149251938
      vertex 153.97296296296295 1.0051482915878296 7.033331894874573
      vertex 153.48453703703706 1.138301707804203 8.047794611752034
    endloop
  endfacet
  facet normal 0.9021370209663794 0.02578749579373341 0.4306783027534526
    outer loop
      vertex 153.97296296296295 1.0051482915878296 7.033331894874573
      vertex 153.97296296296295 1.7470665648579597 6.988908448815346
      vertex 153.48453703703706 1.9785029366612434 7.998151177167893
    endloop
  endfacet
  facet normal 0.9035233867508826 0.04754225117588621 0.42589344201025664
    outer loop
      vertex 153.97296296296295 1.7470665648579597 6.988908448815346
      vertex 153.97296296296295 2.4095719382166862 6.914953337609768
      vertex 153.48453703703706 2.7287713438272476 7.915505932271481
    endloop
  endfacet
  facet normal 0.9053510836552932 0.07078734872543745 0.41872254129030306
    outer loop
      vertex 153.97296296296295 2.4095719382166862 6.914953337609768
      vertex 153.97296296296295 3.020983137190342 6.811590911448002
      vertex 153.48453703703706 3.4211770445108414 7.799997875094414
    endloop
  endfacet
  facet normal 0.9050604969086862 0.06997920377818335 0.41948588530959363
    outer loop
      vertex 153.97296296296295 2.4095719382166862 6.914953337609768
      vertex 153.48453703703706 3.4211770445108414 7.799997875094414
      vertex 153.48453703703706 2.7287713438272476 7.915505932271481
    endloop
  endfacet
  facet normal 0.9012807812225148 0.006300986898180408 0.43318962471767775
    outer loop
      vertex 153.97296296296295 0 7.048148149251938
      vertex 153.48453703703706 1.138301707804203 8.047794611752034
      vertex 153.48453703703706 0 8.064351850748062
    endloop
  endfacet
  facet normal 0.902018366599205 0.025462523657120394 0.43094608271419854
    outer loop
      vertex 153.97296296296295 1.0051482915878296 7.033331894874573
      vertex 153.48453703703706 1.9785029366612434 7.998151177167893
      vertex 153.48453703703706 1.138301707804203 8.047794611752034
    endloop
  endfacet
  facet normal 0.9033179454977237 0.04696894664332221 0.42639255081789146
    outer loop
      vertex 153.97296296296295 1.7470665648579597 6.988908448815346
      vertex 153.48453703703706 2.7287713438272476 7.915505932271481
      vertex 153.48453703703706 1.9785029366612434 7.998151177167893
    endloop
  endfacet
  facet normal 0.9122852504466918 0.1439437799924952 0.38342640756589624
    outer loop
      vertex 153.97296296296295 4.130694203078747 6.517371037602425
      vertex 153.97296296296295 4.637842372059822 6.326980331540108
      vertex 153.48453703703706 5.252223908901215 7.258442954719067
    endloop
  endfacet
  facet normal 0.9147218374379753 0.16819653432000292 0.36741514116437035
    outer loop
      vertex 153.97296296296295 5.115962117910385 6.108105072379113
      vertex 153.48453703703706 5.793680854141712 7.013848686218262
      vertex 153.97296296296295 4.637842372059822 6.326980331540108
    endloop
  endfacet
  facet normal 0.9074964651760355 0.09489300825141642 0.40920102966390126
    outer loop
      vertex 153.97296296296295 3.5927804112434387 6.678992116451264
      vertex 153.48453703703706 4.068721108138561 7.651818008720875
      vertex 153.97296296296295 3.020983137190342 6.811590911448002
    endloop
  endfacet
  facet normal 0.909843853030529 0.11940259534551202 0.3974005326208274
    outer loop
      vertex 153.97296296296295 3.5927804112434387 6.678992116451264
      vertex 153.97296296296295 4.130694203078747 6.517371037602425
      vertex 153.48453703703706 4.677893102169037 7.471205586194992
    endloop
  endfacet
  facet normal 0.9071278208720578 0.093879210202475 0.41025091162808075
    outer loop
      vertex 153.97296296296295 3.020983137190342 6.811590911448002
      vertex 153.48453703703706 4.068721108138561 7.651818008720875
      vertex 153.48453703703706 3.4211770445108414 7.799997875094414
    endloop
  endfacet
  facet normal 0.9094086517859435 0.11822380539057865 0.398746831831731
    outer loop
      vertex 153.97296296296295 3.5927804112434387 6.678992116451264
      vertex 153.48453703703706 4.677893102169037 7.471205586194992
      vertex 153.48453703703706 4.068721108138561 7.651818008720875
    endloop
  endfacet
  facet normal 0.9117982161381438 0.1426486764396009 0.385065407635286
    outer loop
      vertex 153.97296296296295 4.130694203078747 6.517371037602425
      vertex 153.48453703703706 5.252223908901215 7.258442954719067
      vertex 153.48453703703706 4.677893102169037 7.471205586194992
    endloop
  endfacet
  facet normal 0.9141995884205706 0.166838393924473 0.36932920659536483
    outer loop
      vertex 153.97296296296295 4.637842372059822 6.326980331540108
      vertex 153.48453703703706 5.793680854141712 7.013848686218262
      vertex 153.48453703703706 5.252223908901215 7.258442954719067
    endloop
  endfacet
  facet normal 0.91706596183646 0.19188049325870588 0.34953096851032267
    outer loop
      vertex 153.97296296296295 5.115962117910385 6.108105072379113
      vertex 153.97296296296295 5.565990895032883 5.861054734885693
      vertex 153.48453703703706 6.303325578570366 6.7377686068415645
    endloop
  endfacet
  facet normal 0.9165256637347338 0.1905137884473214 0.35168907308452896
    outer loop
      vertex 153.97296296296295 5.115962117910385 6.108105072379113
      vertex 153.48453703703706 6.303325578570366 6.7377686068415645
      vertex 153.48453703703706 5.793680854141712 7.013848686218262
    endloop
  endfacet
  facet normal 0.9187011332826275 0.21342716220357413 0.3323207398567614
    outer loop
      vertex 153.97296296296295 5.565990895032883 5.861054734885693
      vertex 153.48453703703706 6.781663976609707 6.430564166605473
      vertex 153.48453703703706 6.303325578570366 6.7377686068415645
    endloop
  endfacet
  facet normal 0.9393766657124044 -0.3421973196181742 0.021736475362458246
    outer loop
      vertex 153.97296296296295 -8.852503483251347 0
      vertex 154.18738625030775 -8.263883347530232 0
      vertex 153.97296296296295 -8.846391789615154 0.09621638953685752
    endloop
  endfacet
  facet normal 0.9398013123175772 -0.33945729454471235 0.039271345107394585
    outer loop
      vertex 153.97296296296295 -8.846391789615154 0.09621638953685752
      vertex 154.18738625030775 -8.263883347530232 0
      vertex 154.4475 -7.4921788945794106 0.44575663059949866
    endloop
  endfacet
  facet normal 0.9396867037584923 -0.33966298322306904 0.04022383133796023
    outer loop
      vertex 153.97296296296295 -8.846391789615154 0.09621638953685752
      vertex 154.4475 -7.4921788945794106 0.44575663059949866
      vertex 153.97296296296295 -8.77021960169077 0.7394388705492019
    endloop
  endfacet
  facet normal 0.9401760779167283 -0.3355774064527732 0.05879410507481406
    outer loop
      vertex 153.97296296296295 -8.77021960169077 0.7394388705492019
      vertex 154.4475 -7.4921788945794106 0.44575663059949866
      vertex 154.4475 -7.401231862604618 0.9648523643612861
    endloop
  endfacet
  facet normal 0.9398013123175735 -0.33945729454472057 0.039271345107411024
    outer loop
      vertex 154.18738625030775 -8.263883347530232 0
      vertex 154.4475 -7.543747862916556 0
      vertex 154.4475 -7.4921788945794106 0.44575663059949866
    endloop
  endfacet
  facet normal 0.9400215986342826 -0.33575798647512095 0.06021601630148003
    outer loop
      vertex 153.97296296296295 -8.77021960169077 0.7394388705492019
      vertex 154.4475 -7.401231862604618 0.9648523643612861
      vertex 153.97296296296295 -8.663758523762226 1.3330543130636214
    endloop
  endfacet
  facet normal 0.9405134605000729 -0.3303500272747426 0.07939326229444534
    outer loop
      vertex 153.97296296296295 -8.663758523762226 1.3330543130636214
      vertex 154.4475 -7.401231862604618 0.9648523643612861
      vertex 154.4475 -7.284560181200504 1.450315387547016
    endloop
  endfacet
  facet normal 0.9403180550235698 -0.33044429697595135 0.08129281636627037
    outer loop
      vertex 153.97296296296295 -8.663758523762226 1.3330543130636214
      vertex 154.4475 -7.284560181200504 1.450315387547016
      vertex 153.97296296296295 -8.527184598147869 1.8882088378071784
    endloop
  endfacet
  facet normal 0.9405221405749247 -0.32368716341866144 0.10317326846786683
    outer loop
      vertex 153.97296296296295 -8.527184598147869 1.8882088378071784
      vertex 154.4475 -7.142352230846882 1.907010906934738
      vertex 153.97296296296295 -8.360718347132206 2.4104660987854003
    endloop
  endfacet
  facet normal 0.9407615579648364 -0.3237370732517702 0.10080673815748514
    outer loop
      vertex 154.4475 -7.284560181200504 1.450315387547016
      vertex 154.4475 -7.142352230846882 1.907010906934738
      vertex 153.97296296296295 -8.527184598147869 1.8882088378071784
    endloop
  endfacet
  facet normal 0.9408746467329974 -0.315702337727614 0.12282887725765805
    outer loop
      vertex 153.97296296296295 -8.360718347132206 2.4104660987854003
      vertex 154.4475 -7.142352230846882 1.907010906934738
      vertex 154.4475 -6.974830321967602 2.337586024403572
    endloop
  endfacet
  facet normal 0.9405867822166445 -0.3154562686495348 0.12563378402743056
    outer loop
      vertex 153.97296296296295 -8.360718347132206 2.4104660987854003
      vertex 154.4475 -6.974830321967602 2.337586024403572
      vertex 153.97296296296295 -8.164619997143745 2.9028531923890113
    endloop
  endfacet
  facet normal 0.9404709891062537 -0.3057280787435762 0.14847444398705914
    outer loop
      vertex 153.97296296296295 -8.164619997143745 2.9028531923890113
      vertex 154.4475 -6.78224528580904 2.743515656888485
      vertex 153.97296296296295 -7.939183168113232 3.3670567736029624
    endloop
  endfacet
  facet normal 0.9408122747240998 -0.30621379574296825 0.14527689088478107
    outer loop
      vertex 153.97296296296295 -8.164619997143745 2.9028531923890113
      vertex 154.4475 -6.974830321967602 2.337586024403572
      vertex 154.4475 -6.78224528580904 2.743515656888485
    endloop
  endfacet
  facet normal 0.9405392883366361 -0.295246668293452 0.167973962139465
    outer loop
      vertex 153.97296296296295 -7.939183168113232 3.3670567736029624
      vertex 154.4475 -6.78224528580904 2.743515656888485
      vertex 154.4475 -6.564869426190853 3.125595697760582
    endloop
  endfacet
  facet normal 0.9401399973376955 -0.2944888506362863 0.17150248469569493
    outer loop
      vertex 153.97296296296295 -7.939183168113232 3.3670567736029624
      vertex 154.4475 -6.564869426190853 3.125595697760582
      vertex 153.97296296296295 -7.684726610779762 3.8039869979023933
    endloop
  endfacet
  facet normal 0.9395660038730084 -0.28173811811999405 0.19452341032459353
    outer loop
      vertex 153.97296296296295 -7.684726610779762 3.8039869979023933
      vertex 154.4475 -6.32298731803894 3.48420542627573
      vertex 153.97296296296295 -7.401583455502987 4.214077585935593
    endloop
  endfacet
  facet normal 0.9400264825439884 -0.2827871065427043 0.19073978213571952
    outer loop
      vertex 153.97296296296295 -7.684726610779762 3.8039869979023933
      vertex 154.4475 -6.564869426190853 3.125595697760582
      vertex 154.4475 -6.32298731803894 3.48420542627573
    endloop
  endfacet
  facet normal 0.9392517195074513 -0.26883632145162367 0.21338519084194874
    outer loop
      vertex 153.97296296296295 -7.401583455502987 4.214077585935593
      vertex 154.4475 -6.32298731803894 3.48420542627573
      vertex 154.4475 -6.056883782148361 3.819459693133831
    endloop
  endfacet
  facet normal 0.9387292958833956 -0.2674924356570942 0.21733638884572348
    outer loop
      vertex 153.97296296296295 -7.401583455502987 4.214077585935593
      vertex 154.4475 -6.056883782148361 3.819459693133831
      vertex 153.97296296296295 -7.0900870859622955 4.597459876537323
    endloop
  endfacet
  facet normal 0.9382013832344982 -0.2534149957416253 0.23570957644980528
    outer loop
      vertex 153.97296296296295 -7.0900870859622955 4.597459876537323
      vertex 154.4475 -6.056883782148361 3.819459693133831
      vertex 154.4475 -5.766827873885632 4.13130326718092
    endloop
  endfacet
  facet normal 0.93687204800484 -0.23656778310176368 0.25750038769977307
    outer loop
      vertex 154.4475 -5.766827873885632 4.13130326718092
      vertex 154.4475 -5.453051388263702 4.419572377204895
      vertex 153.97296296296295 -6.750552482903004 4.954070711135865
    endloop
  endfacet
  facet normal 0.9376196345554584 -0.2517892311303547 0.2397323590650069
    outer loop
      vertex 153.97296296296295 -7.0900870859622955 4.597459876537323
      vertex 154.4475 -5.766827873885632 4.13130326718092
      vertex 153.97296296296295 -6.750552482903004 4.954070711135865
    endloop
  endfacet
  facet normal 0.9362377177491221 -0.23469048443677498 0.2614943830730347
    outer loop
      vertex 153.97296296296295 -6.750552482903004 4.954070711135865
      vertex 154.4475 -5.453051388263702 4.419572377204895
      vertex 153.97296296296295 -6.383250966668129 5.283722804486752
    endloop
  endfacet
  facet normal 0.9352721778127685 -0.21836764751654608 0.27853460095192967
    outer loop
      vertex 154.4475 -5.453051388263702 4.419572377204895
      vertex 154.4475 -5.115719094872475 4.684036681056023
      vertex 153.97296296296295 -6.383250966668129 5.283722804486752
    endloop
  endfacet
  facet normal 0.9345965789506705 -0.21628612463469382 0.28239962270550006
    outer loop
      vertex 154.4475 -5.115719094872475 4.684036681056023
      vertex 153.97296296296295 -5.9883754178881645 5.586152748763562
      vertex 153.97296296296295 -6.383250966668129 5.283722804486752
    endloop
  endfacet
  facet normal 0.9334236885150685 -0.1989197671794186 0.2985818881717545
    outer loop
      vertex 154.4475 -5.115719094872475 4.684036681056023
      vertex 154.4475 -4.754886582493782 4.9244287550449375
      vertex 153.97296296296295 -5.9883754178881645 5.586152748763562
    endloop
  endfacet
  facet normal 0.9327227171587692 -0.19669680126614214 0.302222933060399
    outer loop
      vertex 154.4475 -4.754886582493782 4.9244287550449375
      vertex 153.97296296296295 -5.565990895032883 5.861054734885693
      vertex 153.97296296296295 -5.9883754178881645 5.586152748763562
    endloop
  endfacet
  facet normal 0.9313631490349461 -0.17836489125146804 0.3174092786743337
    outer loop
      vertex 154.4475 -4.754886582493782 4.9244287550449375
      vertex 154.4475 -4.370438270270824 5.140465544164181
      vertex 153.97296296296295 -5.565990895032883 5.861054734885693
    endloop
  endfacet
  facet normal 0.9291424278496032 -0.15688204555958624 0.33478705553050403
    outer loop
      vertex 154.4475 -4.370438270270824 5.140465544164181
      vertex 154.4475 -3.961992546916008 5.331864224374295
      vertex 153.97296296296295 -5.115962117910385 6.108105072379113
    endloop
  endfacet
  facet normal 0.9306567967191135 -0.17607608816158726 0.3207415437673012
    outer loop
      vertex 153.97296296296295 -5.565990895032883 5.861054734885693
      vertex 154.4475 -4.370438270270824 5.140465544164181
      vertex 153.97296296296295 -5.115962117910385 6.108105072379113
    endloop
  endfacet
  facet normal 0.9284537493902366 -0.15461204841104886 0.3377406545403605
    outer loop
      vertex 154.4475 -3.961992546916008 5.331864224374295
      vertex 153.97296296296295 -4.637842372059822 6.326980331540108
      vertex 153.97296296296295 -5.115962117910385 6.108105072379113
    endloop
  endfacet
  facet normal 0.9268286099809901 -0.13469080687165128 0.35049552674031237
    outer loop
      vertex 154.4475 -3.961992546916008 5.331864224374295
      vertex 154.4475 -3.528748571872711 5.498354168236256
      vertex 153.97296296296295 -4.637842372059822 6.326980331540108
    endloop
  endfacet
  facet normal 0.9245031216781769 -0.112054001319202 0.36433209959549573
    outer loop
      vertex 154.4475 -3.528748571872711 5.498354168236256
      vertex 154.4475 -3.0692223012447357 5.639686094224453
      vertex 153.97296296296295 -4.130694203078747 6.517371037602425
    endloop
  endfacet
  facet normal 0.9222600936715185 -0.08928253512022591 0.37611826403872967
    outer loop
      vertex 153.97296296296295 -3.5927804112434387 6.678992116451264
      vertex 154.4475 -3.0692223012447357 5.639686094224453
      vertex 154.4475 -2.580750212073326 5.755639055371285
    endloop
  endfacet
  facet normal 0.926182193565037 -0.13252856677081196 0.3530194375848599
    outer loop
      vertex 154.4475 -3.528748571872711 5.498354168236256
      vertex 153.97296296296295 -4.130694203078747 6.517371037602425
      vertex 153.97296296296295 -4.637842372059822 6.326980331540108
    endloop
  endfacet
  facet normal 0.9239231531556519 -0.1100873144454727 0.3663970390998016
    outer loop
      vertex 153.97296296296295 -4.130694203078747 6.517371037602425
      vertex 154.4475 -3.0692223012447357 5.639686094224453
      vertex 153.97296296296295 -3.5927804112434387 6.678992116451264
    endloop
  endfacet
  facet normal 0.9217681954037529 -0.0875921838687979 0.37771815321374697
    outer loop
      vertex 153.97296296296295 -3.5927804112434387 6.678992116451264
      vertex 154.4475 -2.580750212073326 5.755639055371285
      vertex 153.97296296296295 -3.020983137190342 6.811590911448002
    endloop
  endfacet
  facet normal 0.9202042294240326 -0.06674675771493807 0.38570590672773714
    outer loop
      vertex 154.4475 -2.580750212073326 5.755639055371285
      vertex 154.4475 -2.058436945080757 5.846025840938092
      vertex 153.97296296296295 -3.020983137190342 6.811590911448002
    endloop
  endfacet
  facet normal 0.9184487094316302 -0.04490523418878723 0.3929828088934976
    outer loop
      vertex 154.4475 -2.058436945080757 5.846025840938092
      vertex 154.4475 -1.4924751967191696 5.910696977376938
      vertex 153.97296296296295 -2.4095719382166862 6.914953337609768
    endloop
  endfacet
  facet normal 0.9198172640671213 -0.06540044444268493 0.386857832531248
    outer loop
      vertex 154.4475 -2.058436945080757 5.846025840938092
      vertex 153.97296296296295 -2.4095719382166862 6.914953337609768
      vertex 153.97296296296295 -3.020983137190342 6.811590911448002
    endloop
  endfacet
  facet normal 0.9181767711279815 -0.04395135102484736 0.39372540647522997
    outer loop
      vertex 154.4475 -1.4924751967191696 5.910696977376938
      vertex 153.97296296296295 -1.7470665648579597 6.988908448815346
      vertex 153.97296296296295 -2.4095719382166862 6.914953337609768
    endloop
  endfacet
  facet normal 0.9171143645639304 -0.024386539177856346 0.3978775427407599
    outer loop
      vertex 154.4475 -1.4924751967191696 5.910696977376938
      vertex 154.4475 -0.8586730062961578 5.949543708562851
      vertex 153.97296296296295 -1.7470665648579597 6.988908448815346
    endloop
  endfacet
  facet normal 0.9169590964372755 -0.023846876971719264 0.3982679273047618
    outer loop
      vertex 154.4475 -0.8586730062961578 5.949543708562851
      vertex 153.97296296296295 -1.0051482915878296 7.033331894874573
      vertex 153.97296296296295 -1.7470665648579597 6.988908448815346
    endloop
  endfacet
  facet normal 0.9163224665829419 -0.006041464060407002 0.4003956018082117
    outer loop
      vertex 154.4475 -0.8586730062961578 5.949543708562851
      vertex 154.4475 0 5.9625
      vertex 153.97296296296295 -1.0051482915878296 7.033331894874573
    endloop
  endfacet
  facet normal 0.9162758338966613 -0.005903581148832858 0.4005043619570163
    outer loop
      vertex 153.97296296296295 -1.0051482915878296 7.033331894874573
      vertex 154.4475 0 5.9625
      vertex 153.97296296296295 0 7.048148149251938
    endloop
  endfacet
  facet normal 0.9222600936715185 0.08928253512022596 0.3761182640387296
    outer loop
      vertex 154.4475 2.580750212073326 5.755639055371285
      vertex 154.4475 3.0692223012447357 5.639686094224453
      vertex 153.97296296296295 3.5927804112434387 6.678992116451264
    endloop
  endfacet
  facet normal 0.9400264825439886 0.28278710654270434 0.19073978213571946
    outer loop
      vertex 154.4475 6.564869426190853 3.125595697760582
      vertex 153.97296296296295 7.684726610779762 3.8039869979023933
      vertex 154.4475 6.32298731803894 3.48420542627573
    endloop
  endfacet
  facet normal 0.93687204800484 0.23656778310176368 0.25750038769977307
    outer loop
      vertex 154.4475 5.766827873885632 4.13130326718092
      vertex 153.97296296296295 6.750552482903004 4.954070711135865
      vertex 154.4475 5.453051388263702 4.419572377204895
    endloop
  endfacet
  facet normal 0.9392517195074513 0.2688363214516237 0.21338519084194862
    outer loop
      vertex 154.4475 6.056883782148361 3.819459693133831
      vertex 154.4475 6.32298731803894 3.48420542627573
      vertex 153.97296296296295 7.401583455502987 4.214077585935593
    endloop
  endfacet
  facet normal 0.9387292958833956 0.2674924356570943 0.2173363888457235
    outer loop
      vertex 154.4475 6.056883782148361 3.819459693133831
      vertex 153.97296296296295 7.401583455502987 4.214077585935593
      vertex 153.97296296296295 7.0900870859622955 4.597459876537323
    endloop
  endfacet
  facet normal 0.938201383234498 0.25341499574162524 0.23570957644980534
    outer loop
      vertex 154.4475 6.056883782148361 3.819459693133831
      vertex 153.97296296296295 7.0900870859622955 4.597459876537323
      vertex 154.4475 5.766827873885632 4.13130326718092
    endloop
  endfacet
  facet normal 0.9245031216781769 0.112054001319202 0.36433209959549573
    outer loop
      vertex 154.4475 3.0692223012447357 5.639686094224453
      vertex 154.4475 3.528748571872711 5.498354168236256
      vertex 153.97296296296295 4.130694203078747 6.517371037602425
    endloop
  endfacet
  facet normal 0.9268286099809901 0.13469080687165128 0.35049552674031237
    outer loop
      vertex 154.4475 3.961992546916008 5.331864224374295
      vertex 153.97296296296295 4.637842372059822 6.326980331540108
      vertex 154.4475 3.528748571872711 5.498354168236256
    endloop
  endfacet
  facet normal 0.9291424278496032 0.15688204555958624 0.33478705553050403
    outer loop
      vertex 154.4475 3.961992546916008 5.331864224374295
      vertex 154.4475 4.370438270270824 5.140465544164181
      vertex 153.97296296296295 5.115962117910385 6.108105072379113
    endloop
  endfacet
  facet normal 0.9313631490349461 0.17836489125146804 0.3174092786743337
    outer loop
      vertex 154.4475 4.754886582493782 4.9244287550449375
      vertex 153.97296296296295 5.565990895032883 5.861054734885693
      vertex 154.4475 4.370438270270824 5.140465544164181
    endloop
  endfacet
  facet normal 0.9284537493902366 0.15461204841104886 0.3377406545403605
    outer loop
      vertex 154.4475 3.961992546916008 5.331864224374295
      vertex 153.97296296296295 5.115962117910385 6.108105072379113
      vertex 153.97296296296295 4.637842372059822 6.326980331540108
    endloop
  endfacet
  facet normal 0.9306567967191135 0.17607608816158726 0.32074154376730124
    outer loop
      vertex 154.4475 4.370438270270824 5.140465544164181
      vertex 153.97296296296295 5.565990895032883 5.861054734885693
      vertex 153.97296296296295 5.115962117910385 6.108105072379113
    endloop
  endfacet
  facet normal 0.9352721778127685 0.21836764751654608 0.27853460095192967
    outer loop
      vertex 154.4475 5.115719094872475 4.684036681056023
      vertex 154.4475 5.453051388263702 4.419572377204895
      vertex 153.97296296296295 6.383250966668129 5.283722804486752
    endloop
  endfacet
  facet normal 0.9345965789506705 0.21628612463469382 0.28239962270550006
    outer loop
      vertex 154.4475 5.115719094872475 4.684036681056023
      vertex 153.97296296296295 6.383250966668129 5.283722804486752
      vertex 153.97296296296295 5.9883754178881645 5.586152748763562
    endloop
  endfacet
  facet normal 0.9334236885150685 0.1989197671794186 0.2985818881717545
    outer loop
      vertex 154.4475 4.754886582493782 4.9244287550449375
      vertex 154.4475 5.115719094872475 4.684036681056023
      vertex 153.97296296296295 5.9883754178881645 5.586152748763562
    endloop
  endfacet
  facet normal 0.9376196345554585 0.25178923113035473 0.2397323590650069
    outer loop
      vertex 154.4475 5.766827873885632 4.13130326718092
      vertex 153.97296296296295 7.0900870859622955 4.597459876537323
      vertex 153.97296296296295 6.750552482903004 4.954070711135865
    endloop
  endfacet
  facet normal 0.9362377177491221 0.2346904844367749 0.2614943830730347
    outer loop
      vertex 154.4475 5.453051388263702 4.419572377204895
      vertex 153.97296296296295 6.750552482903004 4.954070711135865
      vertex 153.97296296296295 6.383250966668129 5.283722804486752
    endloop
  endfacet
  facet normal 0.9327227171587692 0.19669680126614214 0.302222933060399
    outer loop
      vertex 154.4475 4.754886582493782 4.9244287550449375
      vertex 153.97296296296295 5.9883754178881645 5.586152748763562
      vertex 153.97296296296295 5.565990895032883 5.861054734885693
    endloop
  endfacet
  facet normal 0.9398013123175735 0.33945729454472057 0.039271345107411065
    outer loop
      vertex 154.4475 7.543747862916556 0
      vertex 154.18738625030775 8.263883347530232 0
      vertex 154.4475 7.4921788945794106 0.44575663059949866
    endloop
  endfacet
  facet normal 0.9393766657124044 0.3421973196181742 0.021736475362458364
    outer loop
      vertex 154.18738625030775 8.263883347530232 0
      vertex 153.97296296296295 8.852503483251347 0
      vertex 153.97296296296295 8.846391789615154 0.09621638953685752
    endloop
  endfacet
  facet normal 0.9398013123175772 0.3394572945447123 0.039271345107394585
    outer loop
      vertex 154.4475 7.4921788945794106 0.44575663059949866
      vertex 154.18738625030775 8.263883347530232 0
      vertex 153.97296296296295 8.846391789615154 0.09621638953685752
    endloop
  endfacet
  facet normal 0.9396867037584923 0.33966298322306904 0.04022383133796014
    outer loop
      vertex 154.4475 7.4921788945794106 0.44575663059949866
      vertex 153.97296296296295 8.846391789615154 0.09621638953685752
      vertex 153.97296296296295 8.77021960169077 0.7394388705492019
    endloop
  endfacet
  facet normal 0.9401760779167283 0.3355774064527732 0.05879410507481418
    outer loop
      vertex 154.4475 7.4921788945794106 0.44575663059949866
      vertex 153.97296296296295 8.77021960169077 0.7394388705492019
      vertex 154.4475 7.401231862604618 0.9648523643612861
    endloop
  endfacet
  facet normal 0.9405134605000729 0.3303500272747426 0.07939326229444535
    outer loop
      vertex 154.4475 7.401231862604618 0.9648523643612861
      vertex 153.97296296296295 8.663758523762226 1.3330543130636214
      vertex 154.4475 7.284560181200504 1.450315387547016
    endloop
  endfacet
  facet normal 0.9400215986342826 0.33575798647512095 0.060216016301479956
    outer loop
      vertex 154.4475 7.401231862604618 0.9648523643612861
      vertex 153.97296296296295 8.77021960169077 0.7394388705492019
      vertex 153.97296296296295 8.663758523762226 1.3330543130636214
    endloop
  endfacet
  facet normal 0.9407615579648364 0.3237370732517702 0.10080673815748514
    outer loop
      vertex 154.4475 7.284560181200504 1.450315387547016
      vertex 153.97296296296295 8.527184598147869 1.8882088378071784
      vertex 154.4475 7.142352230846882 1.907010906934738
    endloop
  endfacet
  facet normal 0.9408746467329974 0.315702337727614 0.12282887725765798
    outer loop
      vertex 154.4475 6.974830321967602 2.337586024403572
      vertex 154.4475 7.142352230846882 1.907010906934738
      vertex 153.97296296296295 8.360718347132206 2.4104660987854003
    endloop
  endfacet
  facet normal 0.9403180550235698 0.33044429697595135 0.08129281636627037
    outer loop
      vertex 154.4475 7.284560181200504 1.450315387547016
      vertex 153.97296296296295 8.663758523762226 1.3330543130636214
      vertex 153.97296296296295 8.527184598147869 1.8882088378071784
    endloop
  endfacet
  facet normal 0.9405221405749247 0.32368716341866144 0.1031732684678669
    outer loop
      vertex 154.4475 7.142352230846882 1.907010906934738
      vertex 153.97296296296295 8.527184598147869 1.8882088378071784
      vertex 153.97296296296295 8.360718347132206 2.4104660987854003
    endloop
  endfacet
  facet normal 0.9405867822166445 0.31545626864953474 0.12563378402743053
    outer loop
      vertex 154.4475 6.974830321967602 2.337586024403572
      vertex 153.97296296296295 8.360718347132206 2.4104660987854003
      vertex 153.97296296296295 8.164619997143745 2.9028531923890113
    endloop
  endfacet
  facet normal 0.9404709891062537 0.30572807874357616 0.14847444398705922
    outer loop
      vertex 154.4475 6.78224528580904 2.743515656888485
      vertex 153.97296296296295 8.164619997143745 2.9028531923890113
      vertex 153.97296296296295 7.939183168113232 3.3670567736029624
    endloop
  endfacet
  facet normal 0.9408122747240998 0.30621379574296836 0.14527689088478113
    outer loop
      vertex 154.4475 6.974830321967602 2.337586024403572
      vertex 153.97296296296295 8.164619997143745 2.9028531923890113
      vertex 154.4475 6.78224528580904 2.743515656888485
    endloop
  endfacet
  facet normal 0.9405392883366361 0.295246668293452 0.1679739621394649
    outer loop
      vertex 154.4475 6.78224528580904 2.743515656888485
      vertex 153.97296296296295 7.939183168113232 3.3670567736029624
      vertex 154.4475 6.564869426190853 3.125595697760582
    endloop
  endfacet
  facet normal 0.9401399973376955 0.29448885063628627 0.17150248469569496
    outer loop
      vertex 154.4475 6.564869426190853 3.125595697760582
      vertex 153.97296296296295 7.939183168113232 3.3670567736029624
      vertex 153.97296296296295 7.684726610779762 3.8039869979023933
    endloop
  endfacet
  facet normal 0.9395660038730084 0.28173811811999405 0.1945234103245937
    outer loop
      vertex 154.4475 6.32298731803894 3.48420542627573
      vertex 153.97296296296295 7.684726610779762 3.8039869979023933
      vertex 153.97296296296295 7.401583455502987 4.214077585935593
    endloop
  endfacet
  facet normal 0.9163224665829419 0.006041464060407002 0.4003956018082117
    outer loop
      vertex 154.4475 0 5.9625
      vertex 154.4475 0.8586730062961578 5.949543708562851
      vertex 153.97296296296295 1.0051482915878296 7.033331894874573
    endloop
  endfacet
  facet normal 0.9162758338966613 0.005903581148832845 0.4005043619570163
    outer loop
      vertex 154.4475 0 5.9625
      vertex 153.97296296296295 1.0051482915878296 7.033331894874573
      vertex 153.97296296296295 0 7.048148149251938
    endloop
  endfacet
  facet normal 0.9171143645639304 0.024386539177856346 0.3978775427407599
    outer loop
      vertex 154.4475 0.8586730062961578 5.949543708562851
      vertex 154.4475 1.4924751967191696 5.910696977376938
      vertex 153.97296296296295 1.7470665648579597 6.988908448815346
    endloop
  endfacet
  facet normal 0.9169590964372755 0.023846876971719264 0.3982679273047618
    outer loop
      vertex 154.4475 0.8586730062961578 5.949543708562851
      vertex 153.97296296296295 1.7470665648579597 6.988908448815346
      vertex 153.97296296296295 1.0051482915878296 7.033331894874573
    endloop
  endfacet
  facet normal 0.9184487094316302 0.04490523418878723 0.3929828088934976
    outer loop
      vertex 154.4475 1.4924751967191696 5.910696977376938
      vertex 154.4475 2.058436945080757 5.846025840938092
      vertex 153.97296296296295 2.4095719382166862 6.914953337609768
    endloop
  endfacet
  facet normal 0.9202042294240326 0.06674675771493807 0.38570590672773714
    outer loop
      vertex 154.4475 2.058436945080757 5.846025840938092
      vertex 154.4475 2.580750212073326 5.755639055371285
      vertex 153.97296296296295 3.020983137190342 6.811590911448002
    endloop
  endfacet
  facet normal 0.9181767711279815 0.04395135102484736 0.39372540647522997
    outer loop
      vertex 154.4475 1.4924751967191696 5.910696977376938
      vertex 153.97296296296295 2.4095719382166862 6.914953337609768
      vertex 153.97296296296295 1.7470665648579597 6.988908448815346
    endloop
  endfacet
  facet normal 0.9198172640671213 0.06540044444268493 0.386857832531248
    outer loop
      vertex 154.4475 2.058436945080757 5.846025840938092
      vertex 153.97296296296295 3.020983137190342 6.811590911448002
      vertex 153.97296296296295 2.4095719382166862 6.914953337609768
    endloop
  endfacet
  facet normal 0.9217681954037528 0.08759218386879786 0.37771815321374685
    outer loop
      vertex 154.4475 2.580750212073326 5.755639055371285
      vertex 153.97296296296295 3.5927804112434387 6.678992116451264
      vertex 153.97296296296295 3.020983137190342 6.811590911448002
    endloop
  endfacet
  facet normal 0.9239231531556519 0.11008731444547268 0.36639703909980165
    outer loop
      vertex 154.4475 3.0692223012447357 5.639686094224453
      vertex 153.97296296296295 4.130694203078747 6.517371037602425
      vertex 153.97296296296295 3.5927804112434387 6.678992116451264
    endloop
  endfacet
  facet normal 0.926182193565037 0.13252856677081196 0.3530194375848599
    outer loop
      vertex 154.4475 3.528748571872711 5.498354168236256
      vertex 153.97296296296295 4.637842372059822 6.326980331540108
      vertex 153.97296296296295 4.130694203078747 6.517371037602425
    endloop
  endfacet
  facet normal 0.9466426957082236 -0.32014967964894314 0.03703767383282553
    outer loop
      vertex 154.4475 -7.543747862916556 0
      vertex 154.62790154242066 -7.010322989231581 0
      vertex 154.4475 -7.4921788945794106 0.44575663059949866
    endloop
  endfacet
  facet normal 0.946895866350322 -0.316716161270318 0.05548956189110861
    outer loop
      vertex 154.4475 -7.4921788945794106 0.44575663059949866
      vertex 154.88037037037037 -6.169100403785706 0.6107818350195884
      vertex 154.4475 -7.401231862604618 0.9648523643612861
    endloop
  endfacet
  facet normal 0.9466426957082208 -0.3201496796489527 0.03703767383281415
    outer loop
      vertex 154.62790154242066 -7.010322989231581 0
      vertex 154.88037037037037 -6.244906887412071 0.16334578543901435
      vertex 154.4475 -7.4921788945794106 0.44575663059949866
    endloop
  endfacet
  facet normal 0.9467667650410028 -0.31992452987342646 0.03579088988920964
    outer loop
      vertex 154.62790154242066 -7.010322989231581 0
      vertex 154.88037037037037 -6.263180856659841 0
      vertex 154.88037037037037 -6.244906887412071 0.16334578543901435
    endloop
  endfacet
  facet normal 0.9470624059473888 -0.3165386200785849 0.05362929460554902
    outer loop
      vertex 154.4475 -7.4921788945794106 0.44575663059949866
      vertex 154.88037037037037 -6.244906887412071 0.16334578543901435
      vertex 154.88037037037037 -6.169100403785706 0.6107818350195884
    endloop
  endfacet
  facet normal 0.9473195668282398 -0.3119755668603296 0.07250437218907675
    outer loop
      vertex 154.4475 -7.401231862604618 0.9648523643612861
      vertex 154.88037037037037 -6.169100403785706 0.6107818350195884
      vertex 154.88037037037037 -6.071851819753647 1.029228077828884
    endloop
  endfacet
  facet normal 0.9471090025337893 -0.31202735920396335 0.07498976215225342
    outer loop
      vertex 154.4475 -7.401231862604618 0.9648523643612861
      vertex 154.88037037037037 -6.071851819753647 1.029228077828884
      vertex 154.4475 -7.284560181200504 1.450315387547016
    endloop
  endfacet
  facet normal 0.9474952261626433 -0.3061899583733453 0.09219818756532427
    outer loop
      vertex 154.4475 -7.284560181200504 1.450315387547016
      vertex 154.88037037037037 -6.071851819753647 1.029228077828884
      vertex 154.88037037037037 -5.953318156301975 1.422878088057041
    endloop
  endfacet
  facet normal 0.9472364315586626 -0.3060419457332004 0.09529674800247893
    outer loop
      vertex 154.4475 -7.284560181200504 1.450315387547016
      vertex 154.88037037037037 -5.953318156301975 1.422878088057041
      vertex 154.4475 -7.142352230846882 1.907010906934738
    endloop
  endfacet
  facet normal 0.94755090878949 -0.299133925239983 0.11254408035401875
    outer loop
      vertex 154.4475 -7.142352230846882 1.907010906934738
      vertex 154.88037037037037 -5.953318156301975 1.422878088057041
      vertex 154.88037037037037 -5.813684716820717 1.7940135464072227
    endloop
  endfacet
  facet normal 0.9472378022354362 -0.29871918432257943 0.11622131875793354
    outer loop
      vertex 154.4475 -7.142352230846882 1.907010906934738
      vertex 154.88037037037037 -5.813684716820717 1.7940135464072227
      vertex 154.4475 -6.974830321967602 2.337586024403572
    endloop
  endfacet
  facet normal 0.9474517297214691 -0.2907593145783388 0.133395055507057
    outer loop
      vertex 154.4475 -6.974830321967602 2.337586024403572
      vertex 154.88037037037037 -5.813684716820717 1.7940135464072227
      vertex 154.88037037037037 -5.653160572052002 2.1439057528972625
    endloop
  endfacet
  facet normal 0.9470772818664089 -0.29002125580273663 0.13759467051865798
    outer loop
      vertex 154.4475 -6.974830321967602 2.337586024403572
      vertex 154.88037037037037 -5.653160572052002 2.1439057528972625
      vertex 154.4475 -6.78224528580904 2.743515656888485
    endloop
  endfacet
  facet normal 0.9467236070680513 -0.279916364207311 0.1592521298727837
    outer loop
      vertex 154.88037037037037 -5.471972689032555 2.4732407346367835
      vertex 154.4475 -6.564869426190853 3.125595697760582
      vertex 154.4475 -6.78224528580904 2.743515656888485
    endloop
  endfacet
  facet normal 0.9471662806938348 -0.2810207401991504 0.15460718060468318
    outer loop
      vertex 154.88037037037037 -5.653160572052002 2.1439057528972625
      vertex 154.88037037037037 -5.471972689032555 2.4732407346367835
      vertex 154.4475 -6.78224528580904 2.743515656888485
    endloop
  endfacet
  facet normal 0.9466671336395758 -0.2698794319088772 0.17602962909456818
    outer loop
      vertex 154.88037037037037 -5.471972689032555 2.4732407346367835
      vertex 154.88037037037037 -5.27035827934742 2.782345415651798
      vertex 154.4475 -6.564869426190853 3.125595697760582
    endloop
  endfacet
  facet normal 0.9461507272062795 -0.2683824866023421 0.18102387216102755
    outer loop
      vertex 154.4475 -6.564869426190853 3.125595697760582
      vertex 154.88037037037037 -5.27035827934742 2.782345415651798
      vertex 154.4475 -6.32298731803894 3.48420542627573
    endloop
  endfacet
  facet normal 0.9459318612740147 -0.2573077875069159 0.19749839572759537
    outer loop
      vertex 154.88037037037037 -5.27035827934742 2.782345415651798
      vertex 154.88037037037037 -5.0485547333955765 3.0713187992572784
      vertex 154.4475 -6.32298731803894 3.48420542627573
    endloop
  endfacet
  facet normal 0.9453389049634406 -0.2554116230692138 0.20272951823469784
    outer loop
      vertex 154.88037037037037 -5.0485547333955765 3.0713187992572784
      vertex 154.4475 -6.056883782148361 3.819459693133831
      vertex 154.4475 -6.32298731803894 3.48420542627573
    endloop
  endfacet
  facet normal 0.9449445050846718 -0.24329458236473975 0.21883242104919393
    outer loop
      vertex 154.88037037037037 -5.0485547333955765 3.0713187992572784
      vertex 154.88037037037037 -4.806786336004734 3.340113253891468
      vertex 154.4475 -6.056883782148361 3.819459693133831
    endloop
  endfacet
  facet normal 0.9442761525976024 -0.24101440788712156 0.22417538407748888
    outer loop
      vertex 154.88037037037037 -4.806786336004734 3.340113253891468
      vertex 154.4475 -5.766827873885632 4.13130326718092
      vertex 154.4475 -6.056883782148361 3.819459693133831
    endloop
  endfacet
  facet normal 0.9429598876288445 -0.22522489220880304 0.24515382569425628
    outer loop
      vertex 154.4475 -5.766827873885632 4.13130326718092
      vertex 154.88037037037037 -4.54524627327919 3.5885876432061194
      vertex 154.4475 -5.453051388263702 4.419572377204895
    endloop
  endfacet
  facet normal 0.9436973940584465 -0.22785064153925416 0.2398318444190581
    outer loop
      vertex 154.88037037037037 -4.806786336004734 3.340113253891468
      vertex 154.88037037037037 -4.54524627327919 3.5885876432061194
      vertex 154.4475 -5.766827873885632 4.13130326718092
    endloop
  endfacet
  facet normal 0.9421931898449641 -0.21101471553693232 0.26027827960980315
    outer loop
      vertex 154.4475 -5.453051388263702 4.419572377204895
      vertex 154.88037037037037 -4.54524627327919 3.5885876432061194
      vertex 154.88037037037037 -4.264071889221668 3.816543401777744
    endloop
  endfacet
  facet normal 0.941398647688523 -0.2081052093788489 0.26544454780538584
    outer loop
      vertex 154.4475 -5.453051388263702 4.419572377204895
      vertex 154.88037037037037 -4.264071889221668 3.816543401777744
      vertex 154.4475 -5.115719094872475 4.684036681056023
    endloop
  endfacet
  facet normal 0.9404469765636964 -0.19285930961247832 0.2799370839456622
    outer loop
      vertex 154.88037037037037 -4.264071889221668 3.816543401777744
      vertex 154.88037037037037 -3.9633095264434814 4.023750038444996
      vertex 154.4475 -5.115719094872475 4.684036681056023
    endloop
  endfacet
  facet normal 0.9384881461012489 -0.1734960593871074 0.2985617473900267
    outer loop
      vertex 154.88037037037037 -3.9633095264434814 4.023750038444996
      vertex 154.88037037037037 -3.642862841486931 4.209963569045067
      vertex 154.4475 -4.754886582493782 4.9244287550449375
    endloop
  endfacet
  facet normal 0.9396136679063228 -0.18974987691676212 0.28481772994970006
    outer loop
      vertex 154.88037037037037 -3.9633095264434814 4.023750038444996
      vertex 154.4475 -4.754886582493782 4.9244287550449375
      vertex 154.4475 -5.115719094872475 4.684036681056023
    endloop
  endfacet
  facet normal 0.937640120324762 -0.1702895200458763 0.3030387501952698
    outer loop
      vertex 154.4475 -4.754886582493782 4.9244287550449375
      vertex 154.88037037037037 -3.642862841486931 4.209963569045067
      vertex 154.4475 -4.370438270270824 5.140465544164181
    endloop
  endfacet
  facet normal 0.9363618340836456 -0.15308054362374843 0.31590008362672034
    outer loop
      vertex 154.88037037037037 -3.642862841486931 4.209963569045067
      vertex 154.88037037037037 -3.302413746714592 4.374940203130246
      vertex 154.4475 -4.370438270270824 5.140465544164181
    endloop
  endfacet
  facet normal 0.9355277859506207 -0.14989390045719245 0.31987431956951273
    outer loop
      vertex 154.4475 -4.370438270270824 5.140465544164181
      vertex 154.88037037037037 -3.302413746714592 4.374940203130246
      vertex 154.4475 -3.961992546916008 5.331864224374295
    endloop
  endfacet
  facet normal 0.9341296149990034 -0.1318163967658508 0.3317021252953944
    outer loop
      vertex 154.4475 -3.961992546916008 5.331864224374295
      vertex 154.88037037037037 -3.302413746714592 4.374940203130246
      vertex 154.88037037037037 -2.9412947297096252 4.518446692824364
    endloop
  endfacet
  facet normal 0.9318692480440908 -0.10995922055649303 0.3457291922362781
    outer loop
      vertex 154.4475 -3.528748571872711 5.498354168236256
      vertex 154.88037037037037 -2.9412947297096252 4.518446692824364
      vertex 154.88037037037037 -2.558268792927265 4.640268148481846
    endloop
  endfacet
  facet normal 0.9333409792793397 -0.12877437526879912 0.3350996518530179
    outer loop
      vertex 154.4475 -3.961992546916008 5.331864224374295
      vertex 154.88037037037037 -2.9412947297096252 4.518446692824364
      vertex 154.4475 -3.528748571872711 5.498354168236256
    endloop
  endfacet
  facet normal 0.9311576490994419 -0.10718654509849357 0.3485060646150209
    outer loop
      vertex 154.4475 -3.528748571872711 5.498354168236256
      vertex 154.88037037037037 -2.558268792927265 4.640268148481846
      vertex 154.4475 -3.0692223012447357 5.639686094224453
    endloop
  endfacet
  facet normal 0.9296734291979577 -0.08782205581231835 0.35776333176585867
    outer loop
      vertex 154.88037037037037 -2.558268792927265 4.640268148481846
      vertex 154.88037037037037 -2.1511158496141434 4.740214133262635
      vertex 154.4475 -3.0692223012447357 5.639686094224453
    endloop
  endfacet
  facet normal 0.9276476350935671 -0.06578620139243488 0.36761670366247773
    outer loop
      vertex 154.88037037037037 -2.1511158496141434 4.740214133262635
      vertex 154.88037037037037 -1.7157554849982262 4.818123282492161
      vertex 154.4475 -2.580750212073326 5.755639055371285
    endloop
  endfacet
  facet normal 0.9290676523666247 -0.08543470574913083 0.35990861114945266
    outer loop
      vertex 154.88037037037037 -2.1511158496141434 4.740214133262635
      vertex 154.4475 -2.580750212073326 5.755639055371285
      vertex 154.4475 -3.0692223012447357 5.639686094224453
    endloop
  endfacet
  facet normal 0.9271704734566365 -0.06388226951702682 0.3691530425061541
    outer loop
      vertex 154.88037037037037 -1.7157554849982262 4.818123282492161
      vertex 154.4475 -2.058436945080757 5.846025840938092
      vertex 154.4475 -2.580750212073326 5.755639055371285
    endloop
  endfacet
  facet normal 0.9259076184824253 -0.044328450834213357 0.3751400678184648
    outer loop
      vertex 154.88037037037037 -1.7157554849982262 4.818123282492161
      vertex 154.88037037037037 -1.2440130934119225 4.873866753280163
      vertex 154.4475 -2.058436945080757 5.846025840938092
    endloop
  endfacet
  facet normal 0.9245777435055674 -0.024099797646503482 0.38023045113135123
    outer loop
      vertex 154.88037037037037 -1.2440130934119225 4.873866753280163
      vertex 154.88037037037037 -0.7157240957021713 4.907350809872151
      vertex 154.4475 -1.4924751967191696 5.910696977376938
    endloop
  endfacet
  facet normal 0.9237829582104734 -0.005974059127710902 0.38286989531359766
    outer loop
      vertex 154.88037037037037 -0.7157240957021713 4.907350809872151
      vertex 154.88037037037037 0 4.918518514931202
      vertex 154.4475 -0.8586730062961578 5.949543708562851
    endloop
  endfacet
  facet normal 0.925572889618978 -0.042978574869541646 0.3761218793217945
    outer loop
      vertex 154.88037037037037 -1.2440130934119225 4.873866753280163
      vertex 154.4475 -1.4924751967191696 5.910696977376938
      vertex 154.4475 -2.058436945080757 5.846025840938092
    endloop
  endfacet
  facet normal 0.9243877532449718 -0.023336132879073098 0.38073968344915565
    outer loop
      vertex 154.88037037037037 -0.7157240957021713 4.907350809872151
      vertex 154.4475 -0.8586730062961578 5.949543708562851
      vertex 154.4475 -1.4924751967191696 5.910696977376938
    endloop
  endfacet
  facet normal 0.9237266882520806 -0.005779116542379571 0.38300862552014825
    outer loop
      vertex 154.4475 -0.8586730062961578 5.949543708562851
      vertex 154.88037037037037 0 4.918518514931202
      vertex 154.4475 0 5.9625
    endloop
  endfacet
  facet normal 0.9467667650410028 0.31992452987342646 0.035790889889209525
    outer loop
      vertex 154.88037037037037 6.263180856659841 0
      vertex 154.62790154242066 7.010322989231581 0
      vertex 154.88037037037037 6.244906887412071 0.16334578543901435
    endloop
  endfacet
  facet normal 0.9466426957082208 0.32014967964895263 0.03703767383281412
    outer loop
      vertex 154.88037037037037 6.244906887412071 0.16334578543901435
      vertex 154.62790154242066 7.010322989231581 0
      vertex 154.4475 7.4921788945794106 0.44575663059949866
    endloop
  endfacet
  facet normal 0.9470624059473888 0.3165386200785849 0.053629294605548994
    outer loop
      vertex 154.88037037037037 6.244906887412071 0.16334578543901435
      vertex 154.4475 7.4921788945794106 0.44575663059949866
      vertex 154.88037037037037 6.169100403785706 0.6107818350195884
    endloop
  endfacet
  facet normal 0.9473195668282398 0.3119755668603297 0.07250437218907667
    outer loop
      vertex 154.88037037037037 6.169100403785706 0.6107818350195884
      vertex 154.4475 7.401231862604618 0.9648523643612861
      vertex 154.88037037037037 6.071851819753647 1.029228077828884
    endloop
  endfacet
  facet normal 0.9474952261626433 0.3061899583733453 0.09219818756532429
    outer loop
      vertex 154.88037037037037 6.071851819753647 1.029228077828884
      vertex 154.4475 7.284560181200504 1.450315387547016
      vertex 154.88037037037037 5.953318156301975 1.422878088057041
    endloop
  endfacet
  facet normal 0.9471090025337893 0.31202735920396335 0.07498976215225348
    outer loop
      vertex 154.88037037037037 6.071851819753647 1.029228077828884
      vertex 154.4475 7.401231862604618 0.9648523643612861
      vertex 154.4475 7.284560181200504 1.450315387547016
    endloop
  endfacet
  facet normal 0.94755090878949 0.29913392523998295 0.11254408035401879
    outer loop
      vertex 154.88037037037037 5.953318156301975 1.422878088057041
      vertex 154.4475 7.142352230846882 1.907010906934738
      vertex 154.88037037037037 5.813684716820717 1.7940135464072227
    endloop
  endfacet
  facet normal 0.9472364315586626 0.3060419457332005 0.09529674800247882
    outer loop
      vertex 154.88037037037037 5.953318156301975 1.422878088057041
      vertex 154.4475 7.284560181200504 1.450315387547016
      vertex 154.4475 7.142352230846882 1.907010906934738
    endloop
  endfacet
  facet normal 0.947451729721469 0.2907593145783388 0.1333950555070572
    outer loop
      vertex 154.88037037037037 5.813684716820717 1.7940135464072227
      vertex 154.4475 6.974830321967602 2.337586024403572
      vertex 154.88037037037037 5.653160572052002 2.1439057528972625
    endloop
  endfacet
  facet normal 0.9472378022354364 0.2987191843225795 0.11622131875793353
    outer loop
      vertex 154.88037037037037 5.813684716820717 1.7940135464072227
      vertex 154.4475 7.142352230846882 1.907010906934738
      vertex 154.4475 6.974830321967602 2.337586024403572
    endloop
  endfacet
  facet normal 0.9471662806938348 0.2810207401991504 0.15460718060468318
    outer loop
      vertex 154.88037037037037 5.653160572052002 2.1439057528972625
      vertex 154.4475 6.78224528580904 2.743515656888485
      vertex 154.88037037037037 5.471972689032555 2.4732407346367835
    endloop
  endfacet
  facet normal 0.9466671336395758 0.2698794319088772 0.17602962909456818
    outer loop
      vertex 154.88037037037037 5.471972689032555 2.4732407346367835
      vertex 154.4475 6.564869426190853 3.125595697760582
      vertex 154.88037037037037 5.27035827934742 2.782345415651798
    endloop
  endfacet
  facet normal 0.947077281866409 0.2900212558027368 0.1375946705186579
    outer loop
      vertex 154.88037037037037 5.653160572052002 2.1439057528972625
      vertex 154.4475 6.974830321967602 2.337586024403572
      vertex 154.4475 6.78224528580904 2.743515656888485
    endloop
  endfacet
  facet normal 0.9467236070680513 0.279916364207311 0.1592521298727837
    outer loop
      vertex 154.88037037037037 5.471972689032555 2.4732407346367835
      vertex 154.4475 6.78224528580904 2.743515656888485
      vertex 154.4475 6.564869426190853 3.125595697760582
    endloop
  endfacet
  facet normal 0.9237829582104734 0.005974059127710902 0.38286989531359766
    outer loop
      vertex 154.88037037037037 0 4.918518514931202
      vertex 154.88037037037037 0.7157240957021713 4.907350809872151
      vertex 154.4475 0.8586730062961578 5.949543708562851
    endloop
  endfacet
  facet normal 0.9245777435055675 0.02409979764650348 0.3802304511313511
    outer loop
      vertex 154.88037037037037 0.7157240957021713 4.907350809872151
      vertex 154.88037037037037 1.2440130934119225 4.873866753280163
      vertex 154.4475 1.4924751967191696 5.910696977376938
    endloop
  endfacet
  facet normal 0.9259076184824253 0.044328450834213357 0.3751400678184648
    outer loop
      vertex 154.88037037037037 1.2440130934119225 4.873866753280163
      vertex 154.88037037037037 1.7157554849982262 4.818123282492161
      vertex 154.4475 2.058436945080757 5.846025840938092
    endloop
  endfacet
  facet normal 0.9237266882520806 0.005779116542379587 0.38300862552014825
    outer loop
      vertex 154.88037037037037 0 4.918518514931202
      vertex 154.4475 0.8586730062961578 5.949543708562851
      vertex 154.4475 0 5.9625
    endloop
  endfacet
  facet normal 0.9243877532449718 0.023336132879073098 0.38073968344915565
    outer loop
      vertex 154.88037037037037 0.7157240957021713 4.907350809872151
      vertex 154.4475 1.4924751967191696 5.910696977376938
      vertex 154.4475 0.8586730062961578 5.949543708562851
    endloop
  endfacet
  facet normal 0.925572889618978 0.042978574869541646 0.3761218793217945
    outer loop
      vertex 154.88037037037037 1.2440130934119225 4.873866753280163
      vertex 154.4475 2.058436945080757 5.846025840938092
      vertex 154.4475 1.4924751967191696 5.910696977376938
    endloop
  endfacet
  facet normal 0.9276476350935671 0.06578620139243488 0.36761670366247773
    outer loop
      vertex 154.88037037037037 1.7157554849982262 4.818123282492161
      vertex 154.88037037037037 2.1511158496141434 4.740214133262635
      vertex 154.4475 2.580750212073326 5.755639055371285
    endloop
  endfacet
  facet normal 0.9296734291979577 0.08782205581231835 0.35776333176585867
    outer loop
      vertex 154.88037037037037 2.1511158496141434 4.740214133262635
      vertex 154.88037037037037 2.558268792927265 4.640268148481846
      vertex 154.4475 3.0692223012447357 5.639686094224453
    endloop
  endfacet
  facet normal 0.9318692480440908 0.10995922055649299 0.34572919223627807
    outer loop
      vertex 154.88037037037037 2.558268792927265 4.640268148481846
      vertex 154.88037037037037 2.9412947297096252 4.518446692824364
      vertex 154.4475 3.528748571872711 5.498354168236256
    endloop
  endfacet
  facet normal 0.9341296149990034 0.1318163967658508 0.3317021252953944
    outer loop
      vertex 154.88037037037037 2.9412947297096252 4.518446692824364
      vertex 154.88037037037037 3.302413746714592 4.374940203130246
      vertex 154.4475 3.961992546916008 5.331864224374295
    endloop
  endfacet
  facet normal 0.9311576490994419 0.1071865450984936 0.348506064615021
    outer loop
      vertex 154.88037037037037 2.558268792927265 4.640268148481846
      vertex 154.4475 3.528748571872711 5.498354168236256
      vertex 154.4475 3.0692223012447357 5.639686094224453
    endloop
  endfacet
  facet normal 0.9333409792793397 0.12877437526879917 0.3350996518530179
    outer loop
      vertex 154.88037037037037 2.9412947297096252 4.518446692824364
      vertex 154.4475 3.961992546916008 5.331864224374295
      vertex 154.4475 3.528748571872711 5.498354168236256
    endloop
  endfacet
  facet normal 0.9271704734566365 0.06388226951702682 0.3691530425061541
    outer loop
      vertex 154.88037037037037 1.7157554849982262 4.818123282492161
      vertex 154.4475 2.580750212073326 5.755639055371285
      vertex 154.4475 2.058436945080757 5.846025840938092
    endloop
  endfacet
  facet normal 0.9290676523666247 0.08543470574913083 0.35990861114945266
    outer loop
      vertex 154.88037037037037 2.1511158496141434 4.740214133262635
      vertex 154.4475 3.0692223012447357 5.639686094224453
      vertex 154.4475 2.580750212073326 5.755639055371285
    endloop
  endfacet
  facet normal 0.9436973940584465 0.22785064153925416 0.2398318444190581
    outer loop
      vertex 154.88037037037037 4.806786336004734 3.340113253891468
      vertex 154.4475 5.766827873885632 4.13130326718092
      vertex 154.88037037037037 4.54524627327919 3.5885876432061194
    endloop
  endfacet
  facet normal 0.9384881461012489 0.1734960593871074 0.2985617473900267
    outer loop
      vertex 154.88037037037037 3.9633095264434814 4.023750038444996
      vertex 154.4475 4.754886582493782 4.9244287550449375
      vertex 154.88037037037037 3.642862841486931 4.209963569045067
    endloop
  endfacet
  facet normal 0.9421931898449643 0.21101471553693232 0.2602782796098031
    outer loop
      vertex 154.88037037037037 4.264071889221668 3.816543401777744
      vertex 154.88037037037037 4.54524627327919 3.5885876432061194
      vertex 154.4475 5.453051388263702 4.419572377204895
    endloop
  endfacet
  facet normal 0.9404469765636964 0.19285930961247832 0.2799370839456622
    outer loop
      vertex 154.88037037037037 4.264071889221668 3.816543401777744
      vertex 154.4475 5.115719094872475 4.684036681056023
      vertex 154.88037037037037 3.9633095264434814 4.023750038444996
    endloop
  endfacet
  facet normal 0.941398647688523 0.20810520937884888 0.2654445478053859
    outer loop
      vertex 154.88037037037037 4.264071889221668 3.816543401777744
      vertex 154.4475 5.453051388263702 4.419572377204895
      vertex 154.4475 5.115719094872475 4.684036681056023
    endloop
  endfacet
  facet normal 0.9459318612740147 0.2573077875069159 0.19749839572759537
    outer loop
      vertex 154.88037037037037 5.0485547333955765 3.0713187992572784
      vertex 154.88037037037037 5.27035827934742 2.782345415651798
      vertex 154.4475 6.32298731803894 3.48420542627573
    endloop
  endfacet
  facet normal 0.9461507272062795 0.26838248660234215 0.18102387216102764
    outer loop
      vertex 154.88037037037037 5.27035827934742 2.782345415651798
      vertex 154.4475 6.564869426190853 3.125595697760582
      vertex 154.4475 6.32298731803894 3.48420542627573
    endloop
  endfacet
  facet normal 0.9449445050846718 0.24329458236473975 0.21883242104919393
    outer loop
      vertex 154.88037037037037 5.0485547333955765 3.0713187992572784
      vertex 154.4475 6.056883782148361 3.819459693133831
      vertex 154.88037037037037 4.806786336004734 3.340113253891468
    endloop
  endfacet
  facet normal 0.9442761525976024 0.24101440788712156 0.22417538407748888
    outer loop
      vertex 154.88037037037037 4.806786336004734 3.340113253891468
      vertex 154.4475 6.056883782148361 3.819459693133831
      vertex 154.4475 5.766827873885632 4.13130326718092
    endloop
  endfacet
  facet normal 0.9453389049634406 0.2554116230692138 0.20272951823469784
    outer loop
      vertex 154.88037037037037 5.0485547333955765 3.0713187992572784
      vertex 154.4475 6.32298731803894 3.48420542627573
      vertex 154.4475 6.056883782148361 3.819459693133831
    endloop
  endfacet
  facet normal 0.9429598876288445 0.22522489220880304 0.24515382569425617
    outer loop
      vertex 154.88037037037037 4.54524627327919 3.5885876432061194
      vertex 154.4475 5.766827873885632 4.13130326718092
      vertex 154.4475 5.453051388263702 4.419572377204895
    endloop
  endfacet
  facet normal 0.9363618340836456 0.15308054362374843 0.31590008362672034
    outer loop
      vertex 154.88037037037037 3.302413746714592 4.374940203130246
      vertex 154.88037037037037 3.642862841486931 4.209963569045067
      vertex 154.4475 4.370438270270824 5.140465544164181
    endloop
  endfacet
  facet normal 0.9376401203247618 0.17028952004587627 0.3030387501952698
    outer loop
      vertex 154.88037037037037 3.642862841486931 4.209963569045067
      vertex 154.4475 4.754886582493782 4.9244287550449375
      vertex 154.4475 4.370438270270824 5.140465544164181
    endloop
  endfacet
  facet normal 0.9355277859506209 0.14989390045719245 0.31987431956951273
    outer loop
      vertex 154.88037037037037 3.302413746714592 4.374940203130246
      vertex 154.4475 4.370438270270824 5.140465544164181
      vertex 154.4475 3.961992546916008 5.331864224374295
    endloop
  endfacet
  facet normal 0.9396136679063228 0.18974987691676212 0.28481772994970006
    outer loop
      vertex 154.88037037037037 3.9633095264434814 4.023750038444996
      vertex 154.4475 5.115719094872475 4.684036681056023
      vertex 154.4475 4.754886582493782 4.9244287550449375
    endloop
  endfacet
  facet normal 0.9466426957082236 0.32014967964894314 0.03703767383282551
    outer loop
      vertex 154.62790154242066 7.010322989231581 0
      vertex 154.4475 7.543747862916556 0
      vertex 154.4475 7.4921788945794106 0.44575663059949866
    endloop
  endfacet
  facet normal 0.946895866350322 0.316716161270318 0.05548956189110863
    outer loop
      vertex 154.88037037037037 6.169100403785706 0.6107818350195884
      vertex 154.4475 7.4921788945794106 0.44575663059949866
      vertex 154.4475 7.401231862604618 0.9648523643612861
    endloop
  endfacet
  facet normal 0.948630388212164 -0.31442496887821236 0.03517563796683717
    outer loop
      vertex 154.88037037037037 -6.263180856659841 0
      vertex 155.12661018696494 -5.5202672972094335 0
      vertex 154.88037037037037 -6.244906887412071 0.16334578543901435
    endloop
  endfacet
  facet normal 0.948846695770778 -0.3113008840089421 0.0527418954923689
    outer loop
      vertex 154.88037037037037 -6.244906887412071 0.16334578543901435
      vertex 155.2437962962963 -5.112585671246052 0.3085265100002288
      vertex 154.88037037037037 -6.169100403785706 0.6107818350195884
    endloop
  endfacet
  facet normal 0.9490339850441891 -0.3110859501783076 0.0505967077269406
    outer loop
      vertex 154.88037037037037 -6.244906887412071 0.16334578543901435
      vertex 155.12661018696494 -5.5202672972094335 0
      vertex 155.2437962962963 -5.112585671246052 0.3085265100002288
    endloop
  endfacet
  facet normal 0.949033985044174 -0.31108595017834456 0.05059670772699517
    outer loop
      vertex 155.12661018696494 -5.5202672972094335 0
      vertex 155.2437962962963 -5.162766097728064 0
      vertex 155.2437962962963 -5.112585671246052 0.3085265100002288
    endloop
  endfacet
  facet normal 0.9492616247087768 -0.30694108303705087 0.0684802117351839
    outer loop
      vertex 154.88037037037037 -6.169100403785706 0.6107818350195884
      vertex 155.2437962962963 -5.112585671246052 0.3085265100002288
      vertex 155.2437962962963 -5.031991794705391 0.6697632983326911
    endloop
  endfacet
  facet normal 0.94902628104759 -0.30701479718530295 0.0713514694329982
    outer loop
      vertex 154.88037037037037 -6.169100403785706 0.6107818350195884
      vertex 155.2437962962963 -5.031991794705391 0.6697632983326911
      vertex 154.88037037037037 -6.071851819753647 1.029228077828884
    endloop
  endfacet
  facet normal 0.9494156645082582 -0.30167121346045805 0.08720306735222795
    outer loop
      vertex 154.88037037037037 -6.071851819753647 1.029228077828884
      vertex 155.2437962962963 -5.031991794705391 0.6697632983326911
      vertex 155.2437962962963 -4.9337581023573875 1.0095939725637435
    endloop
  endfacet
  facet normal 0.9491281037335136 -0.30151748484075275 0.09079123877627647
    outer loop
      vertex 154.88037037037037 -6.071851819753647 1.029228077828884
      vertex 155.2437962962963 -4.9337581023573875 1.0095939725637435
      vertex 154.88037037037037 -5.953318156301975 1.422878088057041
    endloop
  endfacet
  facet normal 0.9494616554098304 -0.2952174440534742 0.10662657095188874
    outer loop
      vertex 154.88037037037037 -5.953318156301975 1.422878088057041
      vertex 155.2437962962963 -4.9337581023573875 1.0095939725637435
      vertex 155.2437962962963 -4.818038165569305 1.329988257586956
    endloop
  endfacet
  facet normal 0.9491153731384141 -0.29475714894578897 0.11089739229431392
    outer loop
      vertex 154.88037037037037 -5.953318156301975 1.422878088057041
      vertex 155.2437962962963 -4.818038165569305 1.329988257586956
      vertex 154.88037037037037 -5.813684716820717 1.7940135464072227
    endloop
  endfacet
  facet normal 0.9489546657795889 -0.286681697539628 0.13152431938978373
    outer loop
      vertex 155.2437962962963 -4.685005247592926 1.6320436388254165
      vertex 154.88037037037037 -5.653160572052002 2.1439057528972625
      vertex 154.88037037037037 -5.813684716820717 1.7940135464072227
    endloop
  endfacet
  facet normal 0.9493675974765775 -0.2875170327070947 0.1266298573199022
    outer loop
      vertex 155.2437962962963 -4.818038165569305 1.329988257586956
      vertex 155.2437962962963 -4.685005247592926 1.6320436388254165
      vertex 154.88037037037037 -5.813684716820717 1.7940135464072227
    endloop
  endfacet
  facet normal 0.9491036724767365 -0.2785063459364029 0.14709328388585302
    outer loop
      vertex 155.2437962962963 -4.685005247592926 1.6320436388254165
      vertex 155.2437962962963 -4.534847438335419 1.916352355480194
      vertex 154.88037037037037 -5.653160572052002 2.1439057528972625
    endloop
  endfacet
  facet normal 0.9486158646412505 -0.2772419242679054 0.15252821633770478
    outer loop
      vertex 154.88037037037037 -5.653160572052002 2.1439057528972625
      vertex 155.2437962962963 -4.534847438335419 1.916352355480194
      vertex 154.88037037037037 -5.471972689032555 2.4732407346367835
    endloop
  endfacet
  facet normal 0.9486425890284867 -0.26812477184721584 0.1678878941532363
    outer loop
      vertex 154.88037037037037 -5.471972689032555 2.4732407346367835
      vertex 155.2437962962963 -4.534847438335419 1.916352355480194
      vertex 155.2437962962963 -4.3677613362669945 2.1831966280937194
    endloop
  endfacet
  facet normal 0.9480727082408383 -0.26639550576435445 0.17375722833147378
    outer loop
      vertex 154.88037037037037 -5.471972689032555 2.4732407346367835
      vertex 155.2437962962963 -4.3677613362669945 2.1831966280937194
      vertex 154.88037037037037 -5.27035827934742 2.782345415651798
    endloop
  endfacet
  facet normal 0.9479604838799368 -0.2563195694016108 0.18886820628122974
    outer loop
      vertex 154.88037037037037 -5.27035827934742 2.782345415651798
      vertex 155.2437962962963 -4.3677613362669945 2.1831966280937194
      vertex 155.2437962962963 -4.183943673968315 2.4326619297266006
    endloop
  endfacet
  facet normal 0.947303853859494 -0.2541117197622916 0.19504523152951198
    outer loop
      vertex 154.88037037037037 -5.27035827934742 2.782345415651798
      vertex 155.2437962962963 -4.183943673968315 2.4326619297266006
      vertex 154.88037037037037 -5.0485547333955765 3.0713187992572784
    endloop
  endfacet
  facet normal 0.9470383564459611 -0.24305173058117346 0.20986711910546912
    outer loop
      vertex 155.2437962962963 -4.183943673968315 2.4326619297266006
      vertex 155.2437962962963 -3.9835803136229515 2.6647071480751037
      vertex 154.88037037037037 -5.0485547333955765 3.0713187992572784
    endloop
  endfacet
  facet normal 0.9458639956913986 -0.22830269540792586 0.23069282807269406
    outer loop
      vertex 154.88037037037037 -4.806786336004734 3.340113253891468
      vertex 155.2437962962963 -3.9835803136229515 2.6647071480751037
      vertex 155.2437962962963 -3.766831375658512 2.8792104214429854
    endloop
  endfacet
  facet normal 0.9462943767931686 -0.24037685010308266 0.2162080534673686
    outer loop
      vertex 154.88037037037037 -5.0485547333955765 3.0713187992572784
      vertex 155.2437962962963 -3.9835803136229515 2.6647071480751037
      vertex 154.88037037037037 -4.806786336004734 3.340113253891468
    endloop
  endfacet
  facet normal 0.9450376148259841 -0.2252000430553 0.23704186797252894
    outer loop
      vertex 154.88037037037037 -4.806786336004734 3.340113253891468
      vertex 155.2437962962963 -3.766831375658512 2.8792104214429854
      vertex 154.88037037037037 -4.54524627327919 3.5885876432061194
    endloop
  endfacet
  facet normal 0.9444343112919507 -0.21208170499713913 0.25112782016336876
    outer loop
      vertex 155.2437962962963 -3.766831375658512 2.8792104214429854
      vertex 155.2437962962963 -3.5338106751441956 3.0760003566741942
      vertex 154.88037037037037 -4.54524627327919 3.5885876432061194
    endloop
  endfacet
  facet normal 0.9427579098703328 -0.19443348080174797 0.2709301476769201
    outer loop
      vertex 155.2437962962963 -3.5338106751441956 3.0760003566741942
      vertex 155.2437962962963 -3.284556604921818 3.2548779636621474
      vertex 154.88037037037037 -4.264071889221668 3.816543401777744
    endloop
  endfacet
  facet normal 0.9435372201917206 -0.20861934889433706 0.2573236898922898
    outer loop
      vertex 155.2437962962963 -3.5338106751441956 3.0760003566741942
      vertex 154.88037037037037 -4.264071889221668 3.816543401777744
      vertex 154.88037037037037 -4.54524627327919 3.5885876432061194
    endloop
  endfacet
  facet normal 0.9418092318820115 -0.19070765940254236 0.2768139436282422
    outer loop
      vertex 155.2437962962963 -3.284556604921818 3.2548779636621474
      vertex 154.88037037037037 -3.9633095264434814 4.023750038444996
      vertex 154.88037037037037 -4.264071889221668 3.816543401777744
    endloop
  endfacet
  facet normal 0.9398839048433892 -0.17157811157728897 0.2952612352543325
    outer loop
      vertex 154.88037037037037 -3.9633095264434814 4.023750038444996
      vertex 155.2437962962963 -3.0189893394708633 3.4156326070427894
      vertex 154.88037037037037 -3.642862841486931 4.209963569045067
    endloop
  endfacet
  facet normal 0.9408576818131075 -0.17544583301327338 0.28983716506263285
    outer loop
      vertex 155.2437962962963 -3.284556604921818 3.2548779636621474
      vertex 155.2437962962963 -3.0189893394708633 3.4156326070427894
      vertex 154.88037037037037 -3.9633095264434814 4.023750038444996
    endloop
  endfacet
  facet normal 0.938773060448843 -0.1552567576638869 0.30757191057573857
    outer loop
      vertex 154.88037037037037 -3.642862841486931 4.209963569045067
      vertex 155.2437962962963 -3.0189893394708633 3.4156326070427894
      vertex 155.2437962962963 -2.736845262348652 3.5580538526177405
    endloop
  endfacet
  facet normal 0.9378070391903478 -0.15138881601325013 0.31240900056038645
    outer loop
      vertex 154.88037037037037 -3.642862841486931 4.209963569045067
      vertex 155.2437962962963 -2.736845262348652 3.5580538526177405
      vertex 154.88037037037037 -3.302413746714592 4.374940203130246
    endloop
  endfacet
  facet normal 0.9365615927321637 -0.1340606406723514 0.32385201503389066
    outer loop
      vertex 155.2437962962963 -2.736845262348652 3.5580538526177405
      vertex 155.2437962962963 -2.437571167945862 3.6819403037428855
      vertex 154.88037037037037 -3.302413746714592 4.374940203130246
    endloop
  endfacet
  facet normal 0.9356405343257062 -0.13034672281219473 0.3280038450671391
    outer loop
      vertex 155.2437962962963 -2.437571167945862 3.6819403037428855
      vertex 154.88037037037037 -2.9412947297096252 4.518446692824364
      vertex 154.88037037037037 -3.302413746714592 4.374940203130246
    endloop
  endfacet
  facet normal 0.9342994984523557 -0.11211407435679055 0.3384004750629003
    outer loop
      vertex 155.2437962962963 -2.437571167945862 3.6819403037428855
      vertex 155.2437962962963 -2.120141923427582 3.7871064856648444
      vertex 154.88037037037037 -2.9412947297096252 4.518446692824364
    endloop
  endfacet
  facet normal 0.9320809097528453 -0.08974215798466932 0.35095800710991476
    outer loop
      vertex 155.2437962962963 -2.120141923427582 3.7871064856648444
      vertex 155.2437962962963 -1.7827176377177238 3.873387986421585
      vertex 154.88037037037037 -2.558268792927265 4.640268148481846
    endloop
  endfacet
  facet normal 0.9334619295809137 -0.10871115517403128 0.34180507714749503
    outer loop
      vertex 155.2437962962963 -2.120141923427582 3.7871064856648444
      vertex 154.88037037037037 -2.558268792927265 4.640268148481846
      vertex 154.88037037037037 -2.9412947297096252 4.518446692824364
    endloop
  endfacet
  facet normal 0.930015904741386 -0.06734970143161029 0.361295494913975
    outer loop
      vertex 155.2437962962963 -1.7827176377177238 3.873387986421585
      vertex 155.2437962962963 -1.4219167083501816 3.940645495057106
      vertex 154.88037037037037 -2.1511158496141434 4.740214133262635
    endloop
  endfacet
  facet normal 0.9313629373884654 -0.08679870811234477 0.35359448967589596
    outer loop
      vertex 155.2437962962963 -1.7827176377177238 3.873387986421585
      vertex 154.88037037037037 -2.1511158496141434 4.740214133262635
      vertex 154.88037037037037 -2.558268792927265 4.640268148481846
    endloop
  endfacet
  facet normal 0.9294470588297239 -0.06499330390168569 0.36318595138127086
    outer loop
      vertex 154.88037037037037 -2.1511158496141434 4.740214133262635
      vertex 155.2437962962963 -1.4219167083501816 3.940645495057106
      vertex 154.88037037037037 -1.7157554849982262 4.818123282492161
    endloop
  endfacet
  facet normal 0.9282276855496587 -0.04544801654382812 0.3692260033791713
    outer loop
      vertex 155.2437962962963 -1.4219167083501816 3.940645495057106
      vertex 155.2437962962963 -1.0309645012021065 3.9887677893042564
      vertex 154.88037037037037 -1.7157554849982262 4.818123282492161
    endloop
  endfacet
  facet normal 0.92685022391966 -0.024733518997263285 0.37461569035224423
    outer loop
      vertex 155.2437962962963 -1.0309645012021065 3.9887677893042564
      vertex 155.2437962962963 -0.5931498110294342 4.017673940956593
      vertex 154.88037037037037 -1.2440130934119225 4.873866753280163
    endloop
  endfacet
  facet normal 0.9260192925341479 -0.00613457018715668 0.37742633308127166
    outer loop
      vertex 155.2437962962963 -0.5931498110294342 4.017673940956593
      vertex 155.2437962962963 0 4.027314813435078
      vertex 154.88037037037037 -0.7157240957021713 4.907350809872151
    endloop
  endfacet
  facet normal 0.9278268572480608 -0.04377235098694229 0.37043394047827555
    outer loop
      vertex 155.2437962962963 -1.0309645012021065 3.9887677893042564
      vertex 154.88037037037037 -1.2440130934119225 4.873866753280163
      vertex 154.88037037037037 -1.7157554849982262 4.818123282492161
    endloop
  endfacet
  facet normal 0.9266221067269166 -0.0237835563263337 0.3752410075850493
    outer loop
      vertex 155.2437962962963 -0.5931498110294342 4.017673940956593
      vertex 154.88037037037037 -0.7157240957021713 4.907350809872151
      vertex 154.88037037037037 -1.2440130934119225 4.873866753280163
    endloop
  endfacet
  facet normal 0.9259517374871985 -0.005891767114957662 0.37759590427426704
    outer loop
      vertex 154.88037037037037 -0.7157240957021713 4.907350809872151
      vertex 155.2437962962963 0 4.027314813435078
      vertex 154.88037037037037 0 4.918518514931202
    endloop
  endfacet
  facet normal 0.9494616554098304 0.2952174440534741 0.10662657095188867
    outer loop
      vertex 155.2437962962963 4.9337581023573875 1.0095939725637435
      vertex 154.88037037037037 5.953318156301975 1.422878088057041
      vertex 155.2437962962963 4.818038165569305 1.329988257586956
    endloop
  endfacet
  facet normal 0.9490339850441741 0.31108595017834456 0.050596707726995135
    outer loop
      vertex 155.2437962962963 5.162766097728064 0
      vertex 155.12661018696494 5.5202672972094335 0
      vertex 155.2437962962963 5.112585671246052 0.3085265100002288
    endloop
  endfacet
  facet normal 0.9490339850441889 0.3110859501783076 0.0505967077269406
    outer loop
      vertex 155.2437962962963 5.112585671246052 0.3085265100002288
      vertex 155.12661018696494 5.5202672972094335 0
      vertex 154.88037037037037 6.244906887412071 0.16334578543901435
    endloop
  endfacet
  facet normal 0.948630388212164 0.31442496887821236 0.03517563796683734
    outer loop
      vertex 155.12661018696494 5.5202672972094335 0
      vertex 154.88037037037037 6.263180856659841 0
      vertex 154.88037037037037 6.244906887412071 0.16334578543901435
    endloop
  endfacet
  facet normal 0.948846695770778 0.3113008840089421 0.052741895492368976
    outer loop
      vertex 155.2437962962963 5.112585671246052 0.3085265100002288
      vertex 154.88037037037037 6.244906887412071 0.16334578543901435
      vertex 154.88037037037037 6.169100403785706 0.6107818350195884
    endloop
  endfacet
  facet normal 0.9492616247087768 0.30694108303705087 0.06848021173518386
    outer loop
      vertex 155.2437962962963 5.112585671246052 0.3085265100002288
      vertex 154.88037037037037 6.169100403785706 0.6107818350195884
      vertex 155.2437962962963 5.031991794705391 0.6697632983326911
    endloop
  endfacet
  facet normal 0.9494156645082582 0.30167121346045805 0.08720306735222795
    outer loop
      vertex 155.2437962962963 5.031991794705391 0.6697632983326911
      vertex 154.88037037037037 6.071851819753647 1.029228077828884
      vertex 155.2437962962963 4.9337581023573875 1.0095939725637435
    endloop
  endfacet
  facet normal 0.94902628104759 0.30701479718530295 0.0713514694329982
    outer loop
      vertex 155.2437962962963 5.031991794705391 0.6697632983326911
      vertex 154.88037037037037 6.169100403785706 0.6107818350195884
      vertex 154.88037037037037 6.071851819753647 1.029228077828884
    endloop
  endfacet
  facet normal 0.9491281037335136 0.3015174848407528 0.09079123877627651
    outer loop
      vertex 155.2437962962963 4.9337581023573875 1.0095939725637435
      vertex 154.88037037037037 6.071851819753647 1.029228077828884
      vertex 154.88037037037037 5.953318156301975 1.422878088057041
    endloop
  endfacet
  facet normal 0.9493675974765775 0.2875170327070947 0.1266298573199022
    outer loop
      vertex 155.2437962962963 4.685005247592926 1.6320436388254165
      vertex 155.2437962962963 4.818038165569305 1.329988257586956
      vertex 154.88037037037037 5.813684716820717 1.7940135464072227
    endloop
  endfacet
  facet normal 0.9486425890284865 0.2681247718472159 0.16788789415323627
    outer loop
      vertex 155.2437962962963 4.3677613362669945 2.1831966280937194
      vertex 155.2437962962963 4.534847438335419 1.916352355480194
      vertex 154.88037037037037 5.471972689032555 2.4732407346367835
    endloop
  endfacet
  facet normal 0.9491036724767365 0.2785063459364029 0.14709328388585302
    outer loop
      vertex 155.2437962962963 4.685005247592926 1.6320436388254165
      vertex 154.88037037037037 5.653160572052002 2.1439057528972625
      vertex 155.2437962962963 4.534847438335419 1.916352355480194
    endloop
  endfacet
  facet normal 0.9486158646412505 0.2772419242679054 0.1525282163377048
    outer loop
      vertex 155.2437962962963 4.534847438335419 1.916352355480194
      vertex 154.88037037037037 5.653160572052002 2.1439057528972625
      vertex 154.88037037037037 5.471972689032555 2.4732407346367835
    endloop
  endfacet
  facet normal 0.9458639956913988 0.2283026954079259 0.230692828072694
    outer loop
      vertex 155.2437962962963 3.766831375658512 2.8792104214429854
      vertex 155.2437962962963 3.9835803136229515 2.6647071480751037
      vertex 154.88037037037037 4.806786336004734 3.340113253891468
    endloop
  endfacet
  facet normal 0.9479604838799368 0.2563195694016108 0.1888682062812298
    outer loop
      vertex 155.2437962962963 4.3677613362669945 2.1831966280937194
      vertex 154.88037037037037 5.27035827934742 2.782345415651798
      vertex 155.2437962962963 4.183943673968315 2.4326619297266006
    endloop
  endfacet
  facet normal 0.9480727082408383 0.2663955057643544 0.1737572283314738
    outer loop
      vertex 155.2437962962963 4.3677613362669945 2.1831966280937194
      vertex 154.88037037037037 5.471972689032555 2.4732407346367835
      vertex 154.88037037037037 5.27035827934742 2.782345415651798
    endloop
  endfacet
  facet normal 0.9470383564459611 0.24305173058117346 0.20986711910546912
    outer loop
      vertex 155.2437962962963 4.183943673968315 2.4326619297266006
      vertex 154.88037037037037 5.0485547333955765 3.0713187992572784
      vertex 155.2437962962963 3.9835803136229515 2.6647071480751037
    endloop
  endfacet
  facet normal 0.947303853859494 0.2541117197622916 0.19504523152951192
    outer loop
      vertex 155.2437962962963 4.183943673968315 2.4326619297266006
      vertex 154.88037037037037 5.27035827934742 2.782345415651798
      vertex 154.88037037037037 5.0485547333955765 3.0713187992572784
    endloop
  endfacet
  facet normal 0.9491153731384141 0.294757148945789 0.11089739229431393
    outer loop
      vertex 155.2437962962963 4.818038165569305 1.329988257586956
      vertex 154.88037037037037 5.953318156301975 1.422878088057041
      vertex 154.88037037037037 5.813684716820717 1.7940135464072227
    endloop
  endfacet
  facet normal 0.9489546657795889 0.286681697539628 0.13152431938978373
    outer loop
      vertex 155.2437962962963 4.685005247592926 1.6320436388254165
      vertex 154.88037037037037 5.813684716820717 1.7940135464072227
      vertex 154.88037037037037 5.653160572052002 2.1439057528972625
    endloop
  endfacet
  facet normal 0.9260192925341479 0.00613457018715668 0.37742633308127166
    outer loop
      vertex 155.2437962962963 0 4.027314813435078
      vertex 155.2437962962963 0.5931498110294342 4.017673940956593
      vertex 154.88037037037037 0.7157240957021713 4.907350809872151
    endloop
  endfacet
  facet normal 0.9268502239196598 0.024733518997263285 0.37461569035224423
    outer loop
      vertex 155.2437962962963 0.5931498110294342 4.017673940956593
      vertex 155.2437962962963 1.0309645012021065 3.9887677893042564
      vertex 154.88037037037037 1.2440130934119225 4.873866753280163
    endloop
  endfacet
  facet normal 0.9282276855496587 0.04544801654382812 0.3692260033791713
    outer loop
      vertex 155.2437962962963 1.0309645012021065 3.9887677893042564
      vertex 155.2437962962963 1.4219167083501816 3.940645495057106
      vertex 154.88037037037037 1.7157554849982262 4.818123282492161
    endloop
  endfacet
  facet normal 0.9408576818131075 0.17544583301327338 0.28983716506263285
    outer loop
      vertex 155.2437962962963 3.284556604921818 3.2548779636621474
      vertex 154.88037037037037 3.9633095264434814 4.023750038444996
      vertex 155.2437962962963 3.0189893394708633 3.4156326070427894
    endloop
  endfacet
  facet normal 0.9387730604488431 0.15525675766388683 0.30757191057573857
    outer loop
      vertex 155.2437962962963 2.736845262348652 3.5580538526177405
      vertex 155.2437962962963 3.0189893394708633 3.4156326070427894
      vertex 154.88037037037037 3.642862841486931 4.209963569045067
    endloop
  endfacet
  facet normal 0.9320809097528453 0.08974215798466932 0.35095800710991476
    outer loop
      vertex 155.2437962962963 1.7827176377177238 3.873387986421585
      vertex 155.2437962962963 2.120141923427582 3.7871064856648444
      vertex 154.88037037037037 2.558268792927265 4.640268148481846
    endloop
  endfacet
  facet normal 0.9342994984523557 0.11211407435679055 0.3384004750629003
    outer loop
      vertex 155.2437962962963 2.437571167945862 3.6819403037428855
      vertex 154.88037037037037 2.9412947297096252 4.518446692824364
      vertex 155.2437962962963 2.120141923427582 3.7871064856648444
    endloop
  endfacet
  facet normal 0.930015904741386 0.06734970143161029 0.361295494913975
    outer loop
      vertex 155.2437962962963 1.4219167083501816 3.940645495057106
      vertex 155.2437962962963 1.7827176377177238 3.873387986421585
      vertex 154.88037037037037 2.1511158496141434 4.740214133262635
    endloop
  endfacet
  facet normal 0.9294470588297239 0.06499330390168569 0.3631859513812709
    outer loop
      vertex 155.2437962962963 1.4219167083501816 3.940645495057106
      vertex 154.88037037037037 2.1511158496141434 4.740214133262635
      vertex 154.88037037037037 1.7157554849982262 4.818123282492161
    endloop
  endfacet
  facet normal 0.9313629373884654 0.08679870811234477 0.35359448967589596
    outer loop
      vertex 155.2437962962963 1.7827176377177238 3.873387986421585
      vertex 154.88037037037037 2.558268792927265 4.640268148481846
      vertex 154.88037037037037 2.1511158496141434 4.740214133262635
    endloop
  endfacet
  facet normal 0.9334619295809137 0.10871115517403128 0.34180507714749503
    outer loop
      vertex 155.2437962962963 2.120141923427582 3.7871064856648444
      vertex 154.88037037037037 2.9412947297096252 4.518446692824364
      vertex 154.88037037037037 2.558268792927265 4.640268148481846
    endloop
  endfacet
  facet normal 0.9365615927321637 0.1340606406723514 0.32385201503389066
    outer loop
      vertex 155.2437962962963 2.437571167945862 3.6819403037428855
      vertex 155.2437962962963 2.736845262348652 3.5580538526177405
      vertex 154.88037037037037 3.302413746714592 4.374940203130246
    endloop
  endfacet
  facet normal 0.9378070391903478 0.15138881601325016 0.31240900056038645
    outer loop
      vertex 155.2437962962963 2.736845262348652 3.5580538526177405
      vertex 154.88037037037037 3.642862841486931 4.209963569045067
      vertex 154.88037037037037 3.302413746714592 4.374940203130246
    endloop
  endfacet
  facet normal 0.9356405343257062 0.13034672281219473 0.3280038450671391
    outer loop
      vertex 155.2437962962963 2.437571167945862 3.6819403037428855
      vertex 154.88037037037037 3.302413746714592 4.374940203130246
      vertex 154.88037037037037 2.9412947297096252 4.518446692824364
    endloop
  endfacet
  facet normal 0.9259517374871985 0.0058917671149576216 0.37759590427426704
    outer loop
      vertex 155.2437962962963 0 4.027314813435078
      vertex 154.88037037037037 0.7157240957021713 4.907350809872151
      vertex 154.88037037037037 0 4.918518514931202
    endloop
  endfacet
  facet normal 0.9266221067269166 0.0237835563263337 0.3752410075850493
    outer loop
      vertex 155.2437962962963 0.5931498110294342 4.017673940956593
      vertex 154.88037037037037 1.2440130934119225 4.873866753280163
      vertex 154.88037037037037 0.7157240957021713 4.907350809872151
    endloop
  endfacet
  facet normal 0.9278268572480608 0.04377235098694229 0.37043394047827555
    outer loop
      vertex 155.2437962962963 1.0309645012021065 3.9887677893042564
      vertex 154.88037037037037 1.7157554849982262 4.818123282492161
      vertex 154.88037037037037 1.2440130934119225 4.873866753280163
    endloop
  endfacet
  facet normal 0.9427579098703328 0.19443348080174797 0.2709301476769201
    outer loop
      vertex 155.2437962962963 3.284556604921818 3.2548779636621474
      vertex 155.2437962962963 3.5338106751441956 3.0760003566741942
      vertex 154.88037037037037 4.264071889221668 3.816543401777744
    endloop
  endfacet
  facet normal 0.9444343112919507 0.21208170499713913 0.25112782016336876
    outer loop
      vertex 155.2437962962963 3.766831375658512 2.8792104214429854
      vertex 154.88037037037037 4.54524627327919 3.5885876432061194
      vertex 155.2437962962963 3.5338106751441956 3.0760003566741942
    endloop
  endfacet
  facet normal 0.9418092318820115 0.19070765940254236 0.2768139436282422
    outer loop
      vertex 155.2437962962963 3.284556604921818 3.2548779636621474
      vertex 154.88037037037037 4.264071889221668 3.816543401777744
      vertex 154.88037037037037 3.9633095264434814 4.023750038444996
    endloop
  endfacet
  facet normal 0.9435372201917206 0.20861934889433706 0.2573236898922898
    outer loop
      vertex 155.2437962962963 3.5338106751441956 3.0760003566741942
      vertex 154.88037037037037 4.54524627327919 3.5885876432061194
      vertex 154.88037037037037 4.264071889221668 3.816543401777744
    endloop
  endfacet
  facet normal 0.9462943767931687 0.24037685010308268 0.2162080534673687
    outer loop
      vertex 155.2437962962963 3.9835803136229515 2.6647071480751037
      vertex 154.88037037037037 5.0485547333955765 3.0713187992572784
      vertex 154.88037037037037 4.806786336004734 3.340113253891468
    endloop
  endfacet
  facet normal 0.9450376148259841 0.22520004305530003 0.237041867972529
    outer loop
      vertex 155.2437962962963 3.766831375658512 2.8792104214429854
      vertex 154.88037037037037 4.806786336004734 3.340113253891468
      vertex 154.88037037037037 4.54524627327919 3.5885876432061194
    endloop
  endfacet
  facet normal 0.9398839048433892 0.17157811157728894 0.2952612352543324
    outer loop
      vertex 155.2437962962963 3.0189893394708633 3.4156326070427894
      vertex 154.88037037037037 3.9633095264434814 4.023750038444996
      vertex 154.88037037037037 3.642862841486931 4.209963569045067
    endloop
  endfacet
  facet normal 0.9438187614971599 -0.32617741891200885 0.053051266128782616
    outer loop
      vertex 155.2437962962963 -5.162766097728064 0
      vertex 155.36306414176843 -4.817655664959835 0
      vertex 155.2437962962963 -5.112585671246052 0.3085265100002288
    endloop
  endfacet
  facet normal 0.9438187614971476 -0.3261774189120518 0.05305126612873684
    outer loop
      vertex 155.36306414176843 -4.817655664959835 0
      vertex 155.51 -4.37690918892622 0.09577015936374655
      vertex 155.2437962962963 -5.112585671246052 0.3085265100002288
    endloop
  endfacet
  facet normal 0.9440512421472483 -0.32582223663562965 0.05105998740690533
    outer loop
      vertex 155.36306414176843 -4.817655664959835 0
      vertex 155.51 -4.391917443677533 0
      vertex 155.51 -4.37690918892622 0.09577015936374655
    endloop
  endfacet
  facet normal 0.9443130951980726 -0.3216993607053687 0.06915417239178662
    outer loop
      vertex 155.2437962962963 -5.112585671246052 0.3085265100002288
      vertex 155.51 -4.37690918892622 0.09577015936374655
      vertex 155.51 -4.307912386953831 0.4167374461889266
    endloop
  endfacet
  facet normal 0.9440231382176996 -0.3219635185599765 0.07183179815434011
    outer loop
      vertex 155.2437962962963 -5.112585671246052 0.3085265100002288
      vertex 155.51 -4.307912386953831 0.4167374461889266
      vertex 155.2437962962963 -5.031991794705391 0.6697632983326911
    endloop
  endfacet
  facet normal 0.9445078366343391 -0.31644429616942443 0.08813599694879748
    outer loop
      vertex 155.2437962962963 -5.031991794705391 0.6697632983326911
      vertex 155.51 -4.307912386953831 0.4167374461889266
      vertex 155.51 -4.22381404787302 0.7186848983168601
    endloop
  endfacet
  facet normal 1 0 0
    outer loop
      vertex 155.51 -4.37690918892622 0.09577015936374655
      vertex 155.51 -4.22381404787302 0.7186848983168601
      vertex 155.51 -4.307912386953831 0.4167374461889266
    endloop
  endfacet
  facet normal 1 0 0
    outer loop
      vertex 155.51 -4.37690918892622 0.09577015936374655
      vertex 155.51 -4.010855533182621 1.2717458844184875
      vertex 155.51 -4.22381404787302 0.7186848983168601
    endloop
  endfacet
  facet normal 0.9441583263819213 -0.3165327476736166 0.09149904028939178
    outer loop
      vertex 155.2437962962963 -5.031991794705391 0.6697632983326911
      vertex 155.51 -4.22381404787302 0.7186848983168601
      vertex 155.2437962962963 -4.9337581023573875 1.0095939725637435
    endloop
  endfacet
  facet normal 0.9446005931963614 -0.3099877705716247 0.10787632469228864
    outer loop
      vertex 155.51 -4.22381404787302 0.7186848983168601
      vertex 155.51 -4.124745652079582 1.003362664580345
      vertex 155.2437962962963 -4.9337581023573875 1.0095939725637435
    endloop
  endfacet
  facet normal 0.944187108497055 -0.3098207150372191 0.11190097712619282
    outer loop
      vertex 155.2437962962963 -4.9337581023573875 1.0095939725637435
      vertex 155.51 -4.124745652079582 1.003362664580345
      vertex 155.2437962962963 -4.818038165569305 1.329988257586956
    endloop
  endfacet
  facet normal 0.9440749602491585 -0.30176029290625445 0.13290295352504863
    outer loop
      vertex 155.2437962962963 -4.818038165569305 1.329988257586956
      vertex 155.51 -4.010855533182621 1.2717458844184875
      vertex 155.2437962962963 -4.685005247592926 1.6320436388254165
    endloop
  endfacet
  facet normal 1 0 0
    outer loop
      vertex 155.51 -4.37690918892622 0.09577015936374655
      vertex 155.51 -3.8823047131299973 1.524360792338848
      vertex 155.51 -4.010855533182621 1.2717458844184875
    endloop
  endfacet
  facet normal 1 0 0
    outer loop
      vertex 155.51 -4.22381404787302 0.7186848983168601
      vertex 155.51 -4.010855533182621 1.2717458844184875
      vertex 155.51 -4.124745652079582 1.003362664580345
    endloop
  endfacet
  facet normal 0.9445584499076303 -0.3022544971945587 0.12826360993578498
    outer loop
      vertex 155.2437962962963 -4.818038165569305 1.329988257586956
      vertex 155.51 -4.124745652079582 1.003362664580345
      vertex 155.51 -4.010855533182621 1.2717458844184875
    endloop
  endfacet
  facet normal 0.9443500230328782 -0.2931661675472711 0.14918656844182648
    outer loop
      vertex 155.2437962962963 -4.685005247592926 1.6320436388254165
      vertex 155.51 -4.010855533182621 1.2717458844184875
      vertex 155.51 -3.8823047131299973 1.524360792338848
    endloop
  endfacet
  facet normal 1 0 0
    outer loop
      vertex 155.51 -4.37690918892622 0.09577015936374655
      vertex 155.51 -2.811924710869789 2.71367190182209
      vertex 155.51 -3.8823047131299973 1.524360792338848
    endloop
  endfacet
  facet normal 0.9437898370846095 -0.29228496613826543 0.15437046992660025
    outer loop
      vertex 155.2437962962963 -4.685005247592926 1.6320436388254165
      vertex 155.51 -3.8823047131299973 1.524360792338848
      vertex 155.2437962962963 -4.534847438335419 1.916352355480194
    endloop
  endfacet
  facet normal 0.9439456735731185 -0.28264554364214506 0.17052290755739452
    outer loop
      vertex 155.51 -3.8823047131299973 1.524360792338848
      vertex 155.51 -3.739261493086815 1.7614581376314162
      vertex 155.2437962962963 -4.534847438335419 1.916352355480194
    endloop
  endfacet
  facet normal 1 0 0
    outer loop
      vertex 155.51 -3.8823047131299973 1.524360792338848
      vertex 155.51 -3.410362273454666 2.1892914190888404
      vertex 155.51 -3.739261493086815 1.7614581376314162
    endloop
  endfacet
  facet normal 0.9433026271169481 -0.2813331901068422 0.17615842250250577
    outer loop
      vertex 155.2437962962963 -4.534847438335419 1.916352355480194
      vertex 155.51 -3.739261493086815 1.7614581376314162
      vertex 155.2437962962963 -4.3677613362669945 2.1831966280937194
    endloop
  endfacet
  facet normal 0.9425881908013066 -0.2688537245024855 0.1981039560005334
    outer loop
      vertex 155.51 -3.5818943083286285 1.9831138491630553
      vertex 155.2437962962963 -4.183943673968315 2.4326619297266006
      vertex 155.2437962962963 -4.3677613362669945 2.1831966280937194
    endloop
  endfacet
  facet normal 0.9433183360500642 -0.27062172354476116 0.1921312041741293
    outer loop
      vertex 155.51 -3.739261493086815 1.7614581376314162
      vertex 155.51 -3.5818943083286285 1.9831138491630553
      vertex 155.2437962962963 -4.3677613362669945 2.1831966280937194
    endloop
  endfacet
  facet normal 1 0 0
    outer loop
      vertex 155.51 -3.739261493086815 1.7614581376314162
      vertex 155.51 -3.410362273454666 2.1892914190888404
      vertex 155.51 -3.5818943083286285 1.9831138491630553
    endloop
  endfacet
  facet normal 0.94244495855294 -0.2570366775735 0.21384491221472599
    outer loop
      vertex 155.51 -3.5818943083286285 1.9831138491630553
      vertex 155.51 -3.410362273454666 2.1892914190888404
      vertex 155.2437962962963 -4.183943673968315 2.4326619297266006
    endloop
  endfacet
  facet normal 0.9416269550012303 -0.2548119595519695 0.22002168730467542
    outer loop
      vertex 155.2437962962963 -4.183943673968315 2.4326619297266006
      vertex 155.51 -3.410362273454666 2.1892914190888404
      vertex 155.2437962962963 -3.9835803136229515 2.6647071480751037
    endloop
  endfacet
  facet normal 0.9413085630682337 -0.24185293541048208 0.2354683561070366
    outer loop
      vertex 155.2437962962963 -3.9835803136229515 2.6647071480751037
      vertex 155.51 -3.410362273454666 2.1892914190888404
      vertex 155.51 -3.22480246424675 2.3798825681209563
    endloop
  endfacet
  facet normal 0.9404070018291711 -0.23919700255622245 0.24170118923742973
    outer loop
      vertex 155.2437962962963 -3.9835803136229515 2.6647071480751037
      vertex 155.51 -3.22480246424675 2.3798825681209563
      vertex 155.2437962962963 -3.766831375658512 2.8792104214429854
    endloop
  endfacet
  facet normal 1 0 0
    outer loop
      vertex 155.51 -4.391917443677533 0
      vertex 155.51 4.391917443677533 0
      vertex 155.51 -4.37690918892622 0.09577015936374655
    endloop
  endfacet
  facet normal 1 0 0
    outer loop
      vertex 155.51 -4.37690918892622 0.09577015936374655
      vertex 155.51 4.391917443677533 0
      vertex 155.51 -2.086816407740116 3.0931267231702804
    endloop
  endfacet
  facet normal 1 0 0
    outer loop
      vertex 155.51 -4.37690918892622 0.09577015936374655
      vertex 155.51 -2.086816407740116 3.0931267231702804
      vertex 155.51 -2.811924710869789 2.71367190182209
    endloop
  endfacet
  facet normal 1 0 0
    outer loop
      vertex 155.51 -3.8823047131299973 1.524360792338848
      vertex 155.51 -2.811924710869789 2.71367190182209
      vertex 155.51 -3.410362273454666 2.1892914190888404
    endloop
  endfacet
  facet normal 1 0 0
    outer loop
      vertex 155.51 -3.410362273454666 2.1892914190888404
      vertex 155.51 -3.0253123193979263 2.554734991490841
      vertex 155.51 -3.22480246424675 2.3798825681209563
    endloop
  endfacet
  facet normal 0.9399008722476562 -0.22506227116179087 0.2567748516650172
    outer loop
      vertex 155.2437962962963 -3.766831375658512 2.8792104214429854
      vertex 155.51 -3.22480246424675 2.3798825681209563
      vertex 155.51 -3.0253123193979263 2.554734991490841
    endloop
  endfacet
  facet normal 1 0 0
    outer loop
      vertex 155.51 -3.410362273454666 2.1892914190888404
      vertex 155.51 -2.811924710869789 2.71367190182209
      vertex 155.51 -3.0253123193979263 2.554734991490841
    endloop
  endfacet
  facet normal 0.9382253589975259 -0.2066950475056173 0.2775073567864713
    outer loop
      vertex 155.2437962962963 -3.5338106751441956 3.0760003566741942
      vertex 155.51 -3.0253123193979263 2.554734991490841
      vertex 155.51 -2.811924710869789 2.71367190182209
    endloop
  endfacet
  facet normal 0.9389265281360224 -0.22202925327108258 0.2629067999392952
    outer loop
      vertex 155.2437962962963 -3.766831375658512 2.8792104214429854
      vertex 155.51 -3.0253123193979263 2.554734991490841
      vertex 155.2437962962963 -3.5338106751441956 3.0760003566741942
    endloop
  endfacet
  facet normal 0.9371964801181931 -0.20336808290080047 0.2833799225621365
    outer loop
      vertex 155.2437962962963 -3.5338106751441956 3.0760003566741942
      vertex 155.51 -2.811924710869789 2.71367190182209
      vertex 155.2437962962963 -3.284556604921818 3.2548779636621474
    endloop
  endfacet
  facet normal 0.936300464402998 -0.186829625969242 0.2973821299589529
    outer loop
      vertex 155.51 -2.811924710869789 2.71367190182209
      vertex 155.51 -2.5845713019371033 2.85650614798069
      vertex 155.2437962962963 -3.284556604921818 3.2548779636621474
    endloop
  endfacet
  facet normal 1 0 0
    outer loop
      vertex 155.51 -2.811924710869789 2.71367190182209
      vertex 155.51 -2.343026392161846 2.983050727844238
      vertex 155.51 -2.5845713019371033 2.85650614798069
    endloop
  endfacet
  facet normal 1 0 0
    outer loop
      vertex 155.51 -2.811924710869789 2.71367190182209
      vertex 155.51 -2.086816407740116 3.0931267231702804
      vertex 155.51 -2.343026392161846 2.983050727844238
    endloop
  endfacet
  facet normal 0.9352431049484693 -0.18331914103017785 0.30284389902770714
    outer loop
      vertex 155.2437962962963 -3.284556604921818 3.2548779636621474
      vertex 155.51 -2.5845713019371033 2.85650614798069
      vertex 155.2437962962963 -3.0189893394708633 3.4156326070427894
    endloop
  endfacet
  facet normal 0.9341626451185332 -0.16560136670060432 0.3160954599674558
    outer loop
      vertex 155.51 -2.5845713019371033 2.85650614798069
      vertex 155.51 -2.343026392161846 2.983050727844238
      vertex 155.2437962962963 -3.0189893394708633 3.4156326070427894
    endloop
  endfacet
  facet normal 0.9331100597862294 -0.16204082382999968 0.3210115071741732
    outer loop
      vertex 155.51 -2.343026392161846 2.983050727844238
      vertex 155.2437962962963 -2.736845262348652 3.5580538526177405
      vertex 155.2437962962963 -3.0189893394708633 3.4156326070427894
    endloop
  endfacet
  facet normal 0.9318687846561177 -0.14321074086369867 0.3333335444938005
    outer loop
      vertex 155.51 -2.343026392161846 2.983050727844238
      vertex 155.51 -2.086816407740116 3.0931267231702804
      vertex 155.2437962962963 -2.736845262348652 3.5580538526177405
    endloop
  endfacet
  facet normal 1 0 0
    outer loop
      vertex 155.51 -2.086816407740116 3.0931267231702804
      vertex 155.51 -1.5261931419372559 3.263232433795929
      vertex 155.51 -1.815063700079918 3.186569319665432
    endloop
  endfacet
  facet normal 0.9294974585028083 -0.11993037220261533 0.3487852927807626
    outer loop
      vertex 155.51 -2.086816407740116 3.0931267231702804
      vertex 155.51 -1.815063700079918 3.186569319665432
      vertex 155.2437962962963 -2.437571167945862 3.6819403037428855
    endloop
  endfacet
  facet normal 0.9308596771453267 -0.13974959441565563 0.33759489380847824
    outer loop
      vertex 155.51 -2.086816407740116 3.0931267231702804
      vertex 155.2437962962963 -2.437571167945862 3.6819403037428855
      vertex 155.2437962962963 -2.736845262348652 3.5580538526177405
    endloop
  endfacet
  facet normal 0.9285731438964895 -0.11672469783570096 0.35231698986758186
    outer loop
      vertex 155.51 -1.815063700079918 3.186569319665432
      vertex 155.2437962962963 -2.120141923427582 3.7871064856648444
      vertex 155.2437962962963 -2.437571167945862 3.6819403037428855
    endloop
  endfacet
  facet normal 0.9271487747956949 -0.09611248513253115 0.36215678869308926
    outer loop
      vertex 155.51 -1.815063700079918 3.186569319665432
      vertex 155.51 -1.5261931419372559 3.263232433795929
      vertex 155.2437962962963 -2.120141923427582 3.7871064856648444
    endloop
  endfacet
  facet normal 0.9263493047145441 -0.09331336902072923 0.3649240754141631
    outer loop
      vertex 155.51 -1.5261931419372559 3.263232433795929
      vertex 155.2437962962963 -1.7827176377177238 3.873387986421585
      vertex 155.2437962962963 -2.120141923427582 3.7871064856648444
    endloop
  endfacet
  facet normal 1 0 0
    outer loop
      vertex 155.51 -2.086816407740116 3.0931267231702804
      vertex 155.51 -0.5077984109520912 3.39143385887146
      vertex 155.51 -1.5261931419372559 3.263232433795929
    endloop
  endfacet
  facet normal 1 0 0
    outer loop
      vertex 155.51 -1.5261931419372559 3.263232433795929
      vertex 155.51 -0.8826136663556099 3.365750068426132
      vertex 155.51 -1.2173097357153893 3.3229922890663146
    endloop
  endfacet
  facet normal 1 0 0
    outer loop
      vertex 155.51 -1.5261931419372559 3.263232433795929
      vertex 155.51 -0.5077984109520912 3.39143385887146
      vertex 155.51 -0.8826136663556099 3.365750068426132
    endloop
  endfacet
  facet normal 0.9249425867428407 -0.07220064257277624 0.3731866536219388
    outer loop
      vertex 155.51 -1.5261931419372559 3.263232433795929
      vertex 155.51 -1.2173097357153893 3.3229922890663146
      vertex 155.2437962962963 -1.7827176377177238 3.873387986421585
    endloop
  endfacet
  facet normal 0.924302285078059 -0.06994128179061838 0.37519795162149266
    outer loop
      vertex 155.51 -1.2173097357153893 3.3229922890663146
      vertex 155.2437962962963 -1.4219167083501816 3.940645495057106
      vertex 155.2437962962963 -1.7827176377177238 3.873387986421585
    endloop
  endfacet
  facet normal 0.923015561603467 -0.0487575746760267 0.3816608074580725
    outer loop
      vertex 155.51 -1.2173097357153893 3.3229922890663146
      vertex 155.51 -0.8826136663556099 3.365750068426132
      vertex 155.2437962962963 -1.4219167083501816 3.940645495057106
    endloop
  endfacet
  facet normal 0.922558433173953 -0.04713940987944031 0.3829671179302982
    outer loop
      vertex 155.51 -0.8826136663556099 3.365750068426132
      vertex 155.2437962962963 -1.0309645012021065 3.9887677893042564
      vertex 155.2437962962963 -1.4219167083501816 3.940645495057106
    endloop
  endfacet
  facet normal 1 0 0
    outer loop
      vertex 155.51 -2.086816407740116 3.0931267231702804
      vertex 155.51 1.815063700079918 3.186569319665432
      vertex 155.51 -0.5077984109520912 3.39143385887146
    endloop
  endfacet
  facet normal 0.9215184985241651 -0.026547923808733605 0.3874259472714935
    outer loop
      vertex 155.51 -0.8826136663556099 3.365750068426132
      vertex 155.51 -0.5077984109520912 3.39143385887146
      vertex 155.2437962962963 -1.0309645012021065 3.9887677893042564
    endloop
  endfacet
  facet normal 0.9206064905185395 -0.0065863347367546435 0.3904360508583623
    outer loop
      vertex 155.51 -0.5077984109520912 3.39143385887146
      vertex 155.51 0 3.4
      vertex 155.2437962962963 -0.5931498110294342 4.017673940956593
    endloop
  endfacet
  facet normal 0.9212540081920809 -0.025624892559324788 0.38811649961235634
    outer loop
      vertex 155.2437962962963 -1.0309645012021065 3.9887677893042564
      vertex 155.51 -0.5077984109520912 3.39143385887146
      vertex 155.2437962962963 -0.5931498110294342 4.017673940956593
    endloop
  endfacet
  facet normal 0.920526214371247 -0.006349165579264684 0.39062920621964253
    outer loop
      vertex 155.2437962962963 -0.5931498110294342 4.017673940956593
      vertex 155.51 0 3.4
      vertex 155.2437962962963 0 4.027314813435078
    endloop
  endfacet
  facet normal 1 0 0
    outer loop
      vertex 155.51 -2.086816407740116 3.0931267231702804
      vertex 155.51 4.391917443677533 0
      vertex 155.51 4.010855533182621 1.2717458844184875
    endloop
  endfacet
  facet normal 1 0 0
    outer loop
      vertex 155.51 -2.086816407740116 3.0931267231702804
      vertex 155.51 4.010855533182621 1.2717458844184875
      vertex 155.51 1.815063700079918 3.186569319665432
    endloop
  endfacet
  facet normal 1 0 0
    outer loop
      vertex 155.51 3.410362273454666 2.1892914190888404
      vertex 155.51 3.0253123193979263 2.554734991490841
      vertex 155.51 3.739261493086815 1.7614581376314162
    endloop
  endfacet
  facet normal 1 0 0
    outer loop
      vertex 155.51 1.815063700079918 3.186569319665432
      vertex 155.51 3.0253123193979263 2.554734991490841
      vertex 155.51 2.343026392161846 2.983050727844238
    endloop
  endfacet
  facet normal 1 0 0
    outer loop
      vertex 155.51 1.815063700079918 3.186569319665432
      vertex 155.51 4.010855533182621 1.2717458844184875
      vertex 155.51 3.0253123193979263 2.554734991490841
    endloop
  endfacet
  facet normal 1 0 0
    outer loop
      vertex 155.51 3.410362273454666 2.1892914190888404
      vertex 155.51 3.22480246424675 2.3798825681209563
      vertex 155.51 3.0253123193979263 2.554734991490841
    endloop
  endfacet
  facet normal 0.9399008722476562 0.2250622711617909 0.2567748516650171
    outer loop
      vertex 155.51 3.22480246424675 2.3798825681209563
      vertex 155.2437962962963 3.766831375658512 2.8792104214429854
      vertex 155.51 3.0253123193979263 2.554734991490841
    endloop
  endfacet
  facet normal 1 0 0
    outer loop
      vertex 155.51 2.5845713019371033 2.85650614798069
      vertex 155.51 3.0253123193979263 2.554734991490841
      vertex 155.51 2.811924710869789 2.71367190182209
    endloop
  endfacet
  facet normal 1 0 0
    outer loop
      vertex 155.51 2.5845713019371033 2.85650614798069
      vertex 155.51 2.343026392161846 2.983050727844238
      vertex 155.51 3.0253123193979263 2.554734991490841
    endloop
  endfacet
  facet normal 0.936300464402998 0.186829625969242 0.2973821299589529
    outer loop
      vertex 155.51 2.5845713019371033 2.85650614798069
      vertex 155.51 2.811924710869789 2.71367190182209
      vertex 155.2437962962963 3.284556604921818 3.2548779636621474
    endloop
  endfacet
  facet normal 0.9382253589975259 0.2066950475056173 0.27750735678647137
    outer loop
      vertex 155.51 2.811924710869789 2.71367190182209
      vertex 155.51 3.0253123193979263 2.554734991490841
      vertex 155.2437962962963 3.5338106751441956 3.0760003566741942
    endloop
  endfacet
  facet normal 0.9371964801181931 0.2033680829008005 0.28337992256213645
    outer loop
      vertex 155.51 2.811924710869789 2.71367190182209
      vertex 155.2437962962963 3.5338106751441956 3.0760003566741942
      vertex 155.2437962962963 3.284556604921818 3.2548779636621474
    endloop
  endfacet
  facet normal 0.9389265281360224 0.22202925327108258 0.2629067999392953
    outer loop
      vertex 155.51 3.0253123193979263 2.554734991490841
      vertex 155.2437962962963 3.766831375658512 2.8792104214429854
      vertex 155.2437962962963 3.5338106751441956 3.0760003566741942
    endloop
  endfacet
  facet normal 1 0 0
    outer loop
      vertex 155.51 4.22381404787302 0.7186848983168601
      vertex 155.51 4.391917443677533 0
      vertex 155.51 4.37690918892622 0.09577015936374655
    endloop
  endfacet
  facet normal 1 0 0
    outer loop
      vertex 155.51 4.307912386953831 0.4167374461889266
      vertex 155.51 4.22381404787302 0.7186848983168601
      vertex 155.51 4.37690918892622 0.09577015936374655
    endloop
  endfacet
  facet normal 1 0 0
    outer loop
      vertex 155.51 4.22381404787302 0.7186848983168601
      vertex 155.51 4.010855533182621 1.2717458844184875
      vertex 155.51 4.391917443677533 0
    endloop
  endfacet
  facet normal 0.9440512421472483 0.32582223663562965 0.05105998740690528
    outer loop
      vertex 155.51 4.391917443677533 0
      vertex 155.36306414176843 4.817655664959835 0
      vertex 155.51 4.37690918892622 0.09577015936374655
    endloop
  endfacet
  facet normal 0.9438187614971476 0.3261774189120518 0.05305126612873684
    outer loop
      vertex 155.51 4.37690918892622 0.09577015936374655
      vertex 155.36306414176843 4.817655664959835 0
      vertex 155.2437962962963 5.112585671246052 0.3085265100002288
    endloop
  endfacet
  facet normal 0.9443130951980726 0.3216993607053687 0.06915417239178666
    outer loop
      vertex 155.51 4.307912386953831 0.4167374461889266
      vertex 155.51 4.37690918892622 0.09577015936374655
      vertex 155.2437962962963 5.112585671246052 0.3085265100002288
    endloop
  endfacet
  facet normal 0.9438187614971599 0.32617741891200885 0.053051266128782644
    outer loop
      vertex 155.36306414176843 4.817655664959835 0
      vertex 155.2437962962963 5.162766097728064 0
      vertex 155.2437962962963 5.112585671246052 0.3085265100002288
    endloop
  endfacet
  facet normal 0.9445078366343391 0.31644429616942443 0.0881359969487974
    outer loop
      vertex 155.51 4.307912386953831 0.4167374461889266
      vertex 155.2437962962963 5.031991794705391 0.6697632983326911
      vertex 155.51 4.22381404787302 0.7186848983168601
    endloop
  endfacet
  facet normal 0.9440231382176996 0.3219635185599765 0.07183179815434013
    outer loop
      vertex 155.51 4.307912386953831 0.4167374461889266
      vertex 155.2437962962963 5.112585671246052 0.3085265100002288
      vertex 155.2437962962963 5.031991794705391 0.6697632983326911
    endloop
  endfacet
  facet normal 1 0 0
    outer loop
      vertex 155.51 4.22381404787302 0.7186848983168601
      vertex 155.51 4.124745652079582 1.003362664580345
      vertex 155.51 4.010855533182621 1.2717458844184875
    endloop
  endfacet
  facet normal 0.9445584499076303 0.3022544971945587 0.12826360993578498
    outer loop
      vertex 155.51 4.124745652079582 1.003362664580345
      vertex 155.2437962962963 4.818038165569305 1.329988257586956
      vertex 155.51 4.010855533182621 1.2717458844184875
    endloop
  endfacet
  facet normal 0.9443500230328782 0.293166167547271 0.14918656844182654
    outer loop
      vertex 155.51 3.8823047131299973 1.524360792338848
      vertex 155.51 4.010855533182621 1.2717458844184875
      vertex 155.2437962962963 4.685005247592926 1.6320436388254165
    endloop
  endfacet
  facet normal 0.9446005931963614 0.3099877705716247 0.10787632469228864
    outer loop
      vertex 155.51 4.22381404787302 0.7186848983168601
      vertex 155.2437962962963 4.9337581023573875 1.0095939725637435
      vertex 155.51 4.124745652079582 1.003362664580345
    endloop
  endfacet
  facet normal 0.9441583263819213 0.3165327476736166 0.09149904028939183
    outer loop
      vertex 155.51 4.22381404787302 0.7186848983168601
      vertex 155.2437962962963 5.031991794705391 0.6697632983326911
      vertex 155.2437962962963 4.9337581023573875 1.0095939725637435
    endloop
  endfacet
  facet normal 0.944187108497055 0.3098207150372191 0.11190097712619285
    outer loop
      vertex 155.51 4.124745652079582 1.003362664580345
      vertex 155.2437962962963 4.9337581023573875 1.0095939725637435
      vertex 155.2437962962963 4.818038165569305 1.329988257586956
    endloop
  endfacet
  facet normal 0.9440749602491585 0.30176029290625445 0.1329029535250486
    outer loop
      vertex 155.51 4.010855533182621 1.2717458844184875
      vertex 155.2437962962963 4.818038165569305 1.329988257586956
      vertex 155.2437962962963 4.685005247592926 1.6320436388254165
    endloop
  endfacet
  facet normal 1 0 0
    outer loop
      vertex 155.51 3.8823047131299973 1.524360792338848
      vertex 155.51 3.739261493086815 1.7614581376314162
      vertex 155.51 4.010855533182621 1.2717458844184875
    endloop
  endfacet
  facet normal 1 0 0
    outer loop
      vertex 155.51 3.0253123193979263 2.554734991490841
      vertex 155.51 4.010855533182621 1.2717458844184875
      vertex 155.51 3.739261493086815 1.7614581376314162
    endloop
  endfacet
  facet normal 0.9437898370846095 0.29228496613826543 0.1543704699266002
    outer loop
      vertex 155.51 3.8823047131299973 1.524360792338848
      vertex 155.2437962962963 4.685005247592926 1.6320436388254165
      vertex 155.2437962962963 4.534847438335419 1.916352355480194
    endloop
  endfacet
  facet normal 0.9439456735731185 0.28264554364214506 0.17052290755739452
    outer loop
      vertex 155.51 3.8823047131299973 1.524360792338848
      vertex 155.2437962962963 4.534847438335419 1.916352355480194
      vertex 155.51 3.739261493086815 1.7614581376314162
    endloop
  endfacet
  facet normal 1 0 0
    outer loop
      vertex 155.51 3.410362273454666 2.1892914190888404
      vertex 155.51 3.739261493086815 1.7614581376314162
      vertex 155.51 3.5818943083286285 1.9831138491630553
    endloop
  endfacet
  facet normal 0.9433183360500642 0.27062172354476116 0.1921312041741293
    outer loop
      vertex 155.51 3.739261493086815 1.7614581376314162
      vertex 155.2437962962963 4.3677613362669945 2.1831966280937194
      vertex 155.51 3.5818943083286285 1.9831138491630553
    endloop
  endfacet
  facet normal 0.94244495855294 0.2570366775735 0.21384491221472599
    outer loop
      vertex 155.51 3.410362273454666 2.1892914190888404
      vertex 155.51 3.5818943083286285 1.9831138491630553
      vertex 155.2437962962963 4.183943673968315 2.4326619297266006
    endloop
  endfacet
  facet normal 0.9433026271169481 0.2813331901068422 0.17615842250250582
    outer loop
      vertex 155.51 3.739261493086815 1.7614581376314162
      vertex 155.2437962962963 4.534847438335419 1.916352355480194
      vertex 155.2437962962963 4.3677613362669945 2.1831966280937194
    endloop
  endfacet
  facet normal 0.9425881908013066 0.2688537245024855 0.1981039560005334
    outer loop
      vertex 155.51 3.5818943083286285 1.9831138491630553
      vertex 155.2437962962963 4.3677613362669945 2.1831966280937194
      vertex 155.2437962962963 4.183943673968315 2.4326619297266006
    endloop
  endfacet
  facet normal 0.9413085630682337 0.24185293541048208 0.23546835610703654
    outer loop
      vertex 155.51 3.410362273454666 2.1892914190888404
      vertex 155.2437962962963 3.9835803136229515 2.6647071480751037
      vertex 155.51 3.22480246424675 2.3798825681209563
    endloop
  endfacet
  facet normal 0.9416269550012303 0.2548119595519695 0.22002168730467545
    outer loop
      vertex 155.51 3.410362273454666 2.1892914190888404
      vertex 155.2437962962963 4.183943673968315 2.4326619297266006
      vertex 155.2437962962963 3.9835803136229515 2.6647071480751037
    endloop
  endfacet
  facet normal 0.9404070018291711 0.2391970025562225 0.2417011892374297
    outer loop
      vertex 155.51 3.22480246424675 2.3798825681209563
      vertex 155.2437962962963 3.9835803136229515 2.6647071480751037
      vertex 155.2437962962963 3.766831375658512 2.8792104214429854
    endloop
  endfacet
  facet normal 1 0 0
    outer loop
      vertex 155.51 -0.5077984109520912 3.39143385887146
      vertex 155.51 0.5077984109520912 3.39143385887146
      vertex 155.51 0 3.4
    endloop
  endfacet
  facet normal 1 0 0
    outer loop
      vertex 155.51 -0.5077984109520912 3.39143385887146
      vertex 155.51 1.815063700079918 3.186569319665432
      vertex 155.51 0.5077984109520912 3.39143385887146
    endloop
  endfacet
  facet normal 1 0 0
    outer loop
      vertex 155.51 1.2173097357153893 3.3229922890663146
      vertex 155.51 0.8826136663556099 3.365750068426132
      vertex 155.51 0.5077984109520912 3.39143385887146
    endloop
  endfacet
  facet normal 0.9206064905185395 0.0065863347367546435 0.3904360508583623
    outer loop
      vertex 155.51 0 3.4
      vertex 155.51 0.5077984109520912 3.39143385887146
      vertex 155.2437962962963 0.5931498110294342 4.017673940956593
    endloop
  endfacet
  facet normal 0.9215184985241651 0.026547923808733605 0.3874259472714935
    outer loop
      vertex 155.51 0.5077984109520912 3.39143385887146
      vertex 155.51 0.8826136663556099 3.365750068426132
      vertex 155.2437962962963 1.0309645012021065 3.9887677893042564
    endloop
  endfacet
  facet normal 1 0 0
    outer loop
      vertex 155.51 1.2173097357153893 3.3229922890663146
      vertex 155.51 0.5077984109520912 3.39143385887146
      vertex 155.51 1.815063700079918 3.186569319665432
    endloop
  endfacet
  facet normal 1 0 0
    outer loop
      vertex 155.51 1.2173097357153893 3.3229922890663146
      vertex 155.51 1.815063700079918 3.186569319665432
      vertex 155.51 1.5261931419372559 3.263232433795929
    endloop
  endfacet
  facet normal 0.923015561603467 0.0487575746760267 0.3816608074580725
    outer loop
      vertex 155.51 1.2173097357153893 3.3229922890663146
      vertex 155.2437962962963 1.4219167083501816 3.940645495057106
      vertex 155.51 0.8826136663556099 3.365750068426132
    endloop
  endfacet
  facet normal 0.922558433173953 0.04713940987944031 0.3829671179302982
    outer loop
      vertex 155.51 0.8826136663556099 3.365750068426132
      vertex 155.2437962962963 1.4219167083501816 3.940645495057106
      vertex 155.2437962962963 1.0309645012021065 3.9887677893042564
    endloop
  endfacet
  facet normal 0.9249425867428407 0.07220064257277624 0.3731866536219388
    outer loop
      vertex 155.51 1.2173097357153893 3.3229922890663146
      vertex 155.51 1.5261931419372559 3.263232433795929
      vertex 155.2437962962963 1.7827176377177238 3.873387986421585
    endloop
  endfacet
  facet normal 0.924302285078059 0.06994128179061838 0.37519795162149266
    outer loop
      vertex 155.51 1.2173097357153893 3.3229922890663146
      vertex 155.2437962962963 1.7827176377177238 3.873387986421585
      vertex 155.2437962962963 1.4219167083501816 3.940645495057106
    endloop
  endfacet
  facet normal 0.920526214371247 0.006349165579264707 0.39062920621964253
    outer loop
      vertex 155.51 0 3.4
      vertex 155.2437962962963 0.5931498110294342 4.017673940956593
      vertex 155.2437962962963 0 4.027314813435078
    endloop
  endfacet
  facet normal 0.9212540081920809 0.025624892559324822 0.38811649961235634
    outer loop
      vertex 155.51 0.5077984109520912 3.39143385887146
      vertex 155.2437962962963 1.0309645012021065 3.9887677893042564
      vertex 155.2437962962963 0.5931498110294342 4.017673940956593
    endloop
  endfacet
  facet normal 1 0 0
    outer loop
      vertex 155.51 2.086816407740116 3.0931267231702804
      vertex 155.51 1.815063700079918 3.186569319665432
      vertex 155.51 2.343026392161846 2.983050727844238
    endloop
  endfacet
  facet normal 0.9294974585028083 0.11993037220261533 0.3487852927807626
    outer loop
      vertex 155.51 2.086816407740116 3.0931267231702804
      vertex 155.2437962962963 2.437571167945862 3.6819403037428855
      vertex 155.51 1.815063700079918 3.186569319665432
    endloop
  endfacet
  facet normal 0.9318687846561177 0.14321074086369867 0.3333335444938005
    outer loop
      vertex 155.51 2.086816407740116 3.0931267231702804
      vertex 155.51 2.343026392161846 2.983050727844238
      vertex 155.2437962962963 2.736845262348652 3.5580538526177405
    endloop
  endfacet
  facet normal 0.9271487747956949 0.09611248513253115 0.36215678869308926
    outer loop
      vertex 155.51 1.5261931419372559 3.263232433795929
      vertex 155.51 1.815063700079918 3.186569319665432
      vertex 155.2437962962963 2.120141923427582 3.7871064856648444
    endloop
  endfacet
  facet normal 0.9285731438964895 0.11672469783570096 0.35231698986758186
    outer loop
      vertex 155.51 1.815063700079918 3.186569319665432
      vertex 155.2437962962963 2.437571167945862 3.6819403037428855
      vertex 155.2437962962963 2.120141923427582 3.7871064856648444
    endloop
  endfacet
  facet normal 0.9263493047145441 0.09331336902072923 0.3649240754141631
    outer loop
      vertex 155.51 1.5261931419372559 3.263232433795929
      vertex 155.2437962962963 2.120141923427582 3.7871064856648444
      vertex 155.2437962962963 1.7827176377177238 3.873387986421585
    endloop
  endfacet
  facet normal 0.9308596771453267 0.13974959441565563 0.33759489380847824
    outer loop
      vertex 155.51 2.086816407740116 3.0931267231702804
      vertex 155.2437962962963 2.736845262348652 3.5580538526177405
      vertex 155.2437962962963 2.437571167945862 3.6819403037428855
    endloop
  endfacet
  facet normal 0.9341626451185332 0.16560136670060432 0.3160954599674558
    outer loop
      vertex 155.51 2.5845713019371033 2.85650614798069
      vertex 155.2437962962963 3.0189893394708633 3.4156326070427894
      vertex 155.51 2.343026392161846 2.983050727844238
    endloop
  endfacet
  facet normal 0.9352431049484693 0.18331914103017793 0.3028438990277072
    outer loop
      vertex 155.51 2.5845713019371033 2.85650614798069
      vertex 155.2437962962963 3.284556604921818 3.2548779636621474
      vertex 155.2437962962963 3.0189893394708633 3.4156326070427894
    endloop
  endfacet
  facet normal 0.9331100597862294 0.16204082382999968 0.3210115071741732
    outer loop
      vertex 155.51 2.343026392161846 2.983050727844238
      vertex 155.2437962962963 3.0189893394708633 3.4156326070427894
      vertex 155.2437962962963 2.736845262348652 3.5580538526177405
    endloop
  endfacet
  facet normal 0 0 -1
    outer loop
      vertex 146 -13.977327821660998 0
      vertex 146.04759676138772 -13.971918412662117 0
      vertex 146.01 -13.977327821660998 0
    endloop
  endfacet
  facet normal 0 0 -1
    outer loop
      vertex 146 -13.977327821660998 0
      vertex 146 -13.121414029541366 0
      vertex 146.45675925925926 -13.912974171195549 0
    endloop
  endfacet
  facet normal 0 0 -1
    outer loop
      vertex 146 -13.977327821660998 0
      vertex 146.45675925925926 -13.912974171195549 0
      vertex 146.04759676138772 -13.971918412662117 0
    endloop
  endfacet
  facet normal 0 0 -1
    outer loop
      vertex 146 -13.121414029541366 0
      vertex 146.5008311951095 -13.907725092852754 0
      vertex 146.45675925925926 -13.912974171195549 0
    endloop
  endfacet
  facet normal 0 0 -1
    outer loop
      vertex 146 -13.121414029541366 0
      vertex 147.08407407407407 -13.838153692332943 0
      vertex 146.5008311951095 -13.907725092852754 0
    endloop
  endfacet
  facet normal 0 0 -1
    outer loop
      vertex 146 -13.121414029541366 0
      vertex 146 -11.3 0
      vertex 146.00067213970286 -11.3 0
    endloop
  endfacet
  facet normal 0 0 -1
    outer loop
      vertex 146 -13.121414029541366 0
      vertex 146.00067213970286 -11.3 0
      vertex 146.03374953826955 -11.3 0
    endloop
  endfacet
  facet normal 0 0 -1
    outer loop
      vertex 147.08407407407407 -13.838153692332943 0
      vertex 155.51 4.391917443677533 0
      vertex 147.12229104638448 -13.833207944371665 0
    endloop
  endfacet
  facet normal 0 0 -1
    outer loop
      vertex 147.12229104638448 -13.833207944371665 0
      vertex 155.51 4.391917443677533 0
      vertex 147.8225 -13.7424638384967 0
    endloop
  endfacet
  facet normal 0 0 -1
    outer loop
      vertex 146 -13.121414029541366 0
      vertex 155.51 4.391917443677533 0
      vertex 147.08407407407407 -13.838153692332943 0
    endloop
  endfacet
  facet normal 0 0 -1
    outer loop
      vertex 147.8225 -13.7424638384967 0
      vertex 155.51 4.391917443677533 0
      vertex 147.84443829154762 -13.73889733632064 0
    endloop
  endfacet
  facet normal 0 0 -1
    outer loop
      vertex 147.84443829154762 -13.73889733632064 0
      vertex 155.51 4.391917443677533 0
      vertex 148.56748616853858 -13.62121607537501 0
    endloop
  endfacet
  facet normal 0 0 -1
    outer loop
      vertex 148.56748616853858 -13.62121607537501 0
      vertex 155.51 4.391917443677533 0
      vertex 148.60172248845947 -13.615584602628159 0
    endloop
  endfacet
  facet normal 0 0 -1
    outer loop
      vertex 148.60172248845947 -13.615584602628159 0
      vertex 155.51 4.391917443677533 0
      vertex 148.6025925925926 -13.615440693412586 0
    endloop
  endfacet
  facet normal 0 0 -1
    outer loop
      vertex 148.6025925925926 -13.615440693412586 0
      vertex 155.51 4.391917443677533 0
      vertex 149.3322252755026 -13.450364413001356 0
    endloop
  endfacet
  facet normal 0 0 -1
    outer loop
      vertex 149.3322252755026 -13.450364413001356 0
      vertex 155.51 4.391917443677533 0
      vertex 149.35490740740738 -13.445211074226965 0
    endloop
  endfacet
  facet normal 0 0 -1
    outer loop
      vertex 149.35490740740738 -13.445211074226965 0
      vertex 155.51 4.391917443677533 0
      vertex 149.96796736021696 -13.236982783421242 0
    endloop
  endfacet
  facet normal 0 0 -1
    outer loop
      vertex 149.96796736021696 -13.236982783421242 0
      vertex 155.51 4.391917443677533 0
      vertex 150.01 -13.222662878408356 0
    endloop
  endfacet
  facet normal 0 0 -1
    outer loop
      vertex 150.01 -13.222662878408356 0
      vertex 155.51 4.391917443677533 0
      vertex 150.51575416957215 -13.00622304010124 0
    endloop
  endfacet
  facet normal 0 0 -1
    outer loop
      vertex 150.51575416957215 -13.00622304010124 0
      vertex 155.51 4.391917443677533 0
      vertex 150.5736574074074 -12.981365158149389 0
    endloop
  endfacet
  facet normal 0 0 -1
    outer loop
      vertex 150.5736574074074 -12.981365158149389 0
      vertex 155.51 4.391917443677533 0
      vertex 151.02528563802636 -12.772253586937214 0
    endloop
  endfacet
  facet normal 0 0 -1
    outer loop
      vertex 151.02528563802636 -12.772253586937214 0
      vertex 155.51 4.391917443677533 0
      vertex 151.10259259259257 -12.736324784870856 0
    endloop
  endfacet
  facet normal 0 0 -1
    outer loop
      vertex 154.18738625030775 -8.263883347530232 0
      vertex 155.12661018696494 -5.5202672972094335 0
      vertex 154.4475 -7.543747862916556 0
    endloop
  endfacet
  facet normal 0 0 -1
    outer loop
      vertex 146 -13.121414029541366 0
      vertex 146.03374953826955 -11.3 0
      vertex 147.08407407407407 13.838153692332943 0
    endloop
  endfacet
  facet normal 0 0 -1
    outer loop
      vertex 151.10259259259257 -12.736324784870856 0
      vertex 155.51 4.391917443677533 0
      vertex 151.50541765213484 -12.505773634100265 0
    endloop
  endfacet
  facet normal 0 0 -1
    outer loop
      vertex 151.50541765213484 -12.505773634100265 0
      vertex 155.51 4.391917443677533 0
      vertex 151.60375 -12.449306185140506 0
    endloop
  endfacet
  facet normal 0 0 -1
    outer loop
      vertex 151.60375 -12.449306185140506 0
      vertex 155.51 4.391917443677533 0
      vertex 151.96146287929338 -12.175994706389659 0
    endloop
  endfacet
  facet normal 0 0 -1
    outer loop
      vertex 151.96146287929338 -12.175994706389659 0
      vertex 155.51 4.391917443677533 0
      vertex 152.08407407407407 -12.082089296539584 0
    endloop
  endfacet
  facet normal 0 0 -1
    outer loop
      vertex 152.08407407407407 -12.082089296539584 0
      vertex 155.51 4.391917443677533 0
      vertex 152.3982986786403 -11.755094088042947 0
    endloop
  endfacet
  facet normal 0 0 -1
    outer loop
      vertex 152.3982986786403 -11.755094088042947 0
      vertex 155.51 4.391917443677533 0
      vertex 152.55050925925923 -11.596480447216631 0
    endloop
  endfacet
  facet normal 0 0 -1
    outer loop
      vertex 152.55050925925923 -11.596480447216631 0
      vertex 155.51 4.391917443677533 0
      vertex 152.82008749643745 -11.219813984887901 0
    endloop
  endfacet
  facet normal 0 0 -1
    outer loop
      vertex 154.4475 -7.543747862916556 0
      vertex 154.88037037037037 -6.263180856659841 0
      vertex 154.62790154242066 -7.010322989231581 0
    endloop
  endfacet
  facet normal 0 0 -1
    outer loop
      vertex 154.4475 -7.543747862916556 0
      vertex 155.12661018696494 -5.5202672972094335 0
      vertex 154.88037037037037 -6.263180856659841 0
    endloop
  endfacet
  facet normal 0 0 -1
    outer loop
      vertex 154.18738625030775 -8.263883347530232 0
      vertex 155.2437962962963 -5.162766097728064 0
      vertex 155.12661018696494 -5.5202672972094335 0
    endloop
  endfacet
  facet normal 0 0 -1
    outer loop
      vertex 152.82008749643745 -11.219813984887901 0
      vertex 155.51 4.391917443677533 0
      vertex 153.01 -10.95433322273179 0
    endloop
  endfacet
  facet normal 0 0 -1
    outer loop
      vertex 153.01 -10.95433322273179 0
      vertex 155.51 4.391917443677533 0
      vertex 153.28720105565492 -10.418694255968441 0
    endloop
  endfacet
  facet normal 0 0 -1
    outer loop
      vertex 153.28720105565492 -10.418694255968441 0
      vertex 155.51 4.391917443677533 0
      vertex 153.48453703703706 -10.03730943346143 0
    endloop
  endfacet
  facet normal 0 0 -1
    outer loop
      vertex 153.48453703703706 -10.03730943346143 0
      vertex 155.51 4.391917443677533 0
      vertex 153.89536951622014 -9.040795707820422 0
    endloop
  endfacet
  facet normal 0 0 -1
    outer loop
      vertex 153.89536951622014 -9.040795707820422 0
      vertex 155.51 4.391917443677533 0
      vertex 153.97296296296295 -8.852503483251347 0
    endloop
  endfacet
  facet normal 0 0 -1
    outer loop
      vertex 153.97296296296295 -8.852503483251347 0
      vertex 155.51 4.391917443677533 0
      vertex 154.18738625030775 -8.263883347530232 0
    endloop
  endfacet
  facet normal 0 0 -1
    outer loop
      vertex 154.18738625030775 -8.263883347530232 0
      vertex 155.51 4.391917443677533 0
      vertex 155.2437962962963 -5.162766097728064 0
    endloop
  endfacet
  facet normal 0 0 -1
    outer loop
      vertex 155.2437962962963 -5.162766097728064 0
      vertex 155.51 4.391917443677533 0
      vertex 155.36306414176843 -4.817655664959835 0
    endloop
  endfacet
  facet normal 0 0 -1
    outer loop
      vertex 146 -13.121414029541366 0
      vertex 155.36306414176843 4.817655664959835 0
      vertex 155.51 4.391917443677533 0
    endloop
  endfacet
  facet normal 0 0 -1
    outer loop
      vertex 146 -13.121414029541366 0
      vertex 155.2437962962963 5.162766097728064 0
      vertex 155.36306414176843 4.817655664959835 0
    endloop
  endfacet
  facet normal 0 0 -1
    outer loop
      vertex 146 -13.121414029541366 0
      vertex 155.12661018696494 5.5202672972094335 0
      vertex 155.2437962962963 5.162766097728064 0
    endloop
  endfacet
  facet normal 0 0 -1
    outer loop
      vertex 146 -13.121414029541366 0
      vertex 154.88037037037037 6.263180856659841 0
      vertex 155.12661018696494 5.5202672972094335 0
    endloop
  endfacet
  facet normal 0 0 -1
    outer loop
      vertex 155.36306414176843 -4.817655664959835 0
      vertex 155.51 4.391917443677533 0
      vertex 155.51 -4.391917443677533 0
    endloop
  endfacet
  facet normal 0 0 -1
    outer loop
      vertex 146 -13.121414029541366 0
      vertex 154.62790154242066 7.010322989231581 0
      vertex 154.88037037037037 6.263180856659841 0
    endloop
  endfacet
  facet normal 0 0 -1
    outer loop
      vertex 146 -13.121414029541366 0
      vertex 154.4475 7.543747862916556 0
      vertex 154.62790154242066 7.010322989231581 0
    endloop
  endfacet
  facet normal 0 0 -1
    outer loop
      vertex 146 -13.121414029541366 0
      vertex 153.97296296296295 8.852503483251347 0
      vertex 154.18738625030775 8.263883347530232 0
    endloop
  endfacet
  facet normal 0 0 -1
    outer loop
      vertex 146 -13.121414029541366 0
      vertex 153.89536951622014 9.040795707820422 0
      vertex 153.97296296296295 8.852503483251347 0
    endloop
  endfacet
  facet normal 0 0 -1
    outer loop
      vertex 146 -13.121414029541366 0
      vertex 154.18738625030775 8.263883347530232 0
      vertex 154.4475 7.543747862916556 0
    endloop
  endfacet
  facet normal 0 0 -1
    outer loop
      vertex 146 -13.121414029541366 0
      vertex 153.48453703703706 10.03730943346143 0
      vertex 153.89536951622014 9.040795707820422 0
    endloop
  endfacet
  facet normal 0 0 -1
    outer loop
      vertex 146 -13.121414029541366 0
      vertex 153.28720105565492 10.418694255968441 0
      vertex 153.48453703703706 10.03730943346143 0
    endloop
  endfacet
  facet normal 0 0 -1
    outer loop
      vertex 146 -13.121414029541366 0
      vertex 153.01 10.95433322273179 0
      vertex 153.28720105565492 10.418694255968441 0
    endloop
  endfacet
  facet normal 0 0 -1
    outer loop
      vertex 146 -13.121414029541366 0
      vertex 152.82008749643745 11.219813984887901 0
      vertex 153.01 10.95433322273179 0
    endloop
  endfacet
  facet normal 0 0 -1
    outer loop
      vertex 146 -13.121414029541366 0
      vertex 152.55050925925923 11.596480447216631 0
      vertex 152.82008749643745 11.219813984887901 0
    endloop
  endfacet
  facet normal 0 0 -1
    outer loop
      vertex 146 -13.121414029541366 0
      vertex 152.3982986786403 11.755094088042947 0
      vertex 152.55050925925923 11.596480447216631 0
    endloop
  endfacet
  facet normal 0 0 -1
    outer loop
      vertex 146.03374953826955 -11.3 0
      vertex 146.45251185837975 11.3 0
      vertex 147.08407407407407 13.838153692332943 0
    endloop
  endfacet
  facet normal 0 0 -1
    outer loop
      vertex 146 -13.121414029541366 0
      vertex 147.8225 13.7424638384967 0
      vertex 147.84443829154762 13.73889733632064 0
    endloop
  endfacet
  facet normal 0 0 -1
    outer loop
      vertex 146 -13.121414029541366 0
      vertex 147.84443829154762 13.73889733632064 0
      vertex 148.56748616853858 13.62121607537501 0
    endloop
  endfacet
  facet normal 0 0 -1
    outer loop
      vertex 146 -13.121414029541366 0
      vertex 147.08407407407407 13.838153692332943 0
      vertex 147.12229104638448 13.833207944371665 0
    endloop
  endfacet
  facet normal 0 0 -1
    outer loop
      vertex 146 -13.121414029541366 0
      vertex 147.12229104638448 13.833207944371665 0
      vertex 147.8225 13.7424638384967 0
    endloop
  endfacet
  facet normal 0 0 -1
    outer loop
      vertex 146 -13.121414029541366 0
      vertex 152.08407407407407 12.082089296539584 0
      vertex 152.3982986786403 11.755094088042947 0
    endloop
  endfacet
  facet normal 0 0 -1
    outer loop
      vertex 146 -13.121414029541366 0
      vertex 151.96146287929338 12.175994706389659 0
      vertex 152.08407407407407 12.082089296539584 0
    endloop
  endfacet
  facet normal 0 0 -1
    outer loop
      vertex 146 -13.121414029541366 0
      vertex 151.60375 12.449306185140506 0
      vertex 151.96146287929338 12.175994706389659 0
    endloop
  endfacet
  facet normal 0 0 -1
    outer loop
      vertex 146 -13.121414029541366 0
      vertex 151.02528563802636 12.772253586937214 0
      vertex 151.10259259259257 12.736324784870856 0
    endloop
  endfacet
  facet normal 0 0 -1
    outer loop
      vertex 146 -13.121414029541366 0
      vertex 150.51575416957215 13.00622304010124 0
      vertex 150.5736574074074 12.981365158149389 0
    endloop
  endfacet
  facet normal 0 0 -1
    outer loop
      vertex 146 -13.121414029541366 0
      vertex 150.5736574074074 12.981365158149389 0
      vertex 151.02528563802636 12.772253586937214 0
    endloop
  endfacet
  facet normal 0 0 -1
    outer loop
      vertex 146 -13.121414029541366 0
      vertex 151.10259259259257 12.736324784870856 0
      vertex 151.50541765213484 12.505773634100265 0
    endloop
  endfacet
  facet normal 0 0 -1
    outer loop
      vertex 146 -13.121414029541366 0
      vertex 151.50541765213484 12.505773634100265 0
      vertex 151.60375 12.449306185140506 0
    endloop
  endfacet
  facet normal 0 0 -1
    outer loop
      vertex 146 -13.121414029541366 0
      vertex 148.56748616853858 13.62121607537501 0
      vertex 148.60172248845947 13.615584602628159 0
    endloop
  endfacet
  facet normal 0 0 -1
    outer loop
      vertex 146 -13.121414029541366 0
      vertex 148.60172248845947 13.615584602628159 0
      vertex 148.6025925925926 13.615440693412586 0
    endloop
  endfacet
  facet normal 0 0 -1
    outer loop
      vertex 146 -13.121414029541366 0
      vertex 148.6025925925926 13.615440693412586 0
      vertex 149.3322252755026 13.450364413001356 0
    endloop
  endfacet
  facet normal 0 0 -1
    outer loop
      vertex 146 -13.121414029541366 0
      vertex 149.35490740740738 13.445211074226965 0
      vertex 149.96796736021696 13.236982783421242 0
    endloop
  endfacet
  facet normal 0 0 -1
    outer loop
      vertex 146 -13.121414029541366 0
      vertex 149.96796736021696 13.236982783421242 0
      vertex 150.01 13.222662878408356 0
    endloop
  endfacet
  facet normal 0 0 -1
    outer loop
      vertex 146 -13.121414029541366 0
      vertex 149.3322252755026 13.450364413001356 0
      vertex 149.35490740740738 13.445211074226965 0
    endloop
  endfacet
  facet normal 0 0 -1
    outer loop
      vertex 146 -13.121414029541366 0
      vertex 150.01 13.222662878408356 0
      vertex 150.51575416957215 13.00622304010124 0
    endloop
  endfacet
  facet normal 0 0 -1
    outer loop
      vertex 146 11.3 0
      vertex 146 13.977327821660998 0
      vertex 146.0090120102858 11.3 0
    endloop
  endfacet
  facet normal 0 0 -1
    outer loop
      vertex 146.0090120102858 11.3 0
      vertex 146.5008311951095 13.907725092852754 0
      vertex 146.45251185837975 11.3 0
    endloop
  endfacet
  facet normal 0 0 -1
    outer loop
      vertex 146.0090120102858 11.3 0
      vertex 146 13.977327821660998 0
      vertex 146.01 13.977327821660998 0
    endloop
  endfacet
  facet normal 0 0 -1
    outer loop
      vertex 146.0090120102858 11.3 0
      vertex 146.01 13.977327821660998 0
      vertex 146.04759676138772 13.971918412662117 0
    endloop
  endfacet
  facet normal 0 0 -1
    outer loop
      vertex 146.0090120102858 11.3 0
      vertex 146.45675925925926 13.912974171195549 0
      vertex 146.5008311951095 13.907725092852754 0
    endloop
  endfacet
  facet normal 0 0 -1
    outer loop
      vertex 146.0090120102858 11.3 0
      vertex 146.04759676138772 13.971918412662117 0
      vertex 146.45675925925926 13.912974171195549 0
    endloop
  endfacet
  facet normal 0 0 -1
    outer loop
      vertex 146.45251185837975 11.3 0
      vertex 146.5008311951095 13.907725092852754 0
      vertex 147.08407407407407 13.838153692332943 0
    endloop
  endfacet
  facet normal 0 -1 0
    outer loop
      vertex 70 10.100000001490116 0
      vertex 80 10.100000001490116 0
      vertex 80 10.100000001490116 4.4
    endloop
  endfacet
  facet normal 0 -1 0
    outer loop
      vertex 70 10.100000001490116 0
      vertex 80 10.100000001490116 4.4
      vertex 70 10.100000001490116 4.4
    endloop
  endfacet
  facet normal 0 0 -1
    outer loop
      vertex 70 10.100000001490116 0
      vertex 70 11.299999997019768 0
      vertex 71.14999999850988 11.299999997019768 0
    endloop
  endfacet
  facet normal 0 0 -1
    outer loop
      vertex 71.14999999850988 11.299999997019768 0
      vertex 71.85000000149012 12 0
      vertex 72.85000000149012 11.299999997019768 0
    endloop
  endfacet
  facet normal 0 0 -1
    outer loop
      vertex 71.85000000149012 12 0
      vertex 72.14999999850988 12 0
      vertex 72.85000000149012 11.299999997019768 0
    endloop
  endfacet
  facet normal 0 0 -1
    outer loop
      vertex 70 10.100000001490116 0
      vertex 71.14999999850988 11.299999997019768 0
      vertex 80 10.100000001490116 0
    endloop
  endfacet
  facet normal 0 0 -1
    outer loop
      vertex 80 10.164171124235486 0
      vertex 71.14999999850988 11.299999997019768 0
      vertex 72.85000000149012 11.299999997019768 0
    endloop
  endfacet
  facet normal -1 0 0
    outer loop
      vertex 70 10.100000001490116 0
      vertex 70 11.299999997019768 4.4
      vertex 70 11.299999997019768 0
    endloop
  endfacet
  facet normal 0 1 0
    outer loop
      vertex 70 11.299999997019768 0
      vertex 71.14999999850988 11.299999997019768 4.4
      vertex 71.14999999850988 11.299999997019768 0
    endloop
  endfacet
  facet normal -0.7071067811865476 0.7071067811865476 0
    outer loop
      vertex 71.14999999850988 11.299999997019768 0
      vertex 71.85000000149012 12 4.4
      vertex 71.85000000149012 12 0
    endloop
  endfacet
  facet normal 0.7071067811865476 0.7071067811865476 0
    outer loop
      vertex 72.14999999850988 12 0
      vertex 72.85000000149012 11.299999997019768 4.4
      vertex 72.85000000149012 11.299999997019768 0
    endloop
  endfacet
  facet normal 0 1 0
    outer loop
      vertex 71.85000000149012 12 0
      vertex 72.14999999850988 12 4.4
      vertex 72.14999999850988 12 0
    endloop
  endfacet
  facet normal 0 1 0
    outer loop
      vertex 72.85000000149012 11.299999997019768 0
      vertex 72.85000000149012 11.299999997019768 4.4
      vertex 80 11.299999997019768 0
    endloop
  endfacet
  facet normal 0 0 -1
    outer loop
      vertex 80 10.100000001490116 0
      vertex 71.14999999850988 11.299999997019768 0
      vertex 80 10.164171124235486 0
    endloop
  endfacet
  facet normal 0 0 -1
    outer loop
      vertex 80 10.178431373762233 0
      vertex 80 10.164171124235486 0
      vertex 72.85000000149012 11.299999997019768 0
    endloop
  endfacet
  facet normal 0 0 -1
    outer loop
      vertex 80 10.178431373762233 0
      vertex 72.85000000149012 11.299999997019768 0
      vertex 80 11.299999997019768 0
    endloop
  endfacet
  facet normal -1 0 0
    outer loop
      vertex 70 10.100000001490116 0
      vertex 70 10.100000001490116 4.4
      vertex 70 11.299999997019768 4.4
    endloop
  endfacet
  facet normal 0 1 0
    outer loop
      vertex 70 11.299999997019768 0
      vertex 70 11.299999997019768 4.4
      vertex 71.14999999850988 11.299999997019768 4.4
    endloop
  endfacet
  facet normal -0.7071067811865476 0.7071067811865476 0
    outer loop
      vertex 71.14999999850988 11.299999997019768 0
      vertex 71.14999999850988 11.299999997019768 4.4
      vertex 71.85000000149012 12 4.4
    endloop
  endfacet
  facet normal 0.7071067811865476 0.7071067811865476 0
    outer loop
      vertex 72.14999999850988 12 0
      vertex 72.14999999850988 12 4.4
      vertex 72.85000000149012 11.299999997019768 4.4
    endloop
  endfacet
  facet normal 0 1 0
    outer loop
      vertex 71.85000000149012 12 0
      vertex 71.85000000149012 12 4.4
      vertex 72.14999999850988 12 4.4
    endloop
  endfacet
  facet normal 0 1 0
    outer loop
      vertex 80 11.299999997019768 0
      vertex 72.85000000149012 11.299999997019768 4.4
      vertex 80 11.299999997019768 4.4
    endloop
  endfacet
  facet normal 0 0 1
    outer loop
      vertex 70 10.100000001490116 4.4
      vertex 71.14999999850988 11.299999997019768 4.4
      vertex 70 11.299999997019768 4.4
    endloop
  endfacet
  facet normal 0 0 1
    outer loop
      vertex 71.14999999850988 11.299999997019768 4.4
      vertex 72.85000000149012 11.299999997019768 4.4
      vertex 71.85000000149012 12 4.4
    endloop
  endfacet
  facet normal 0 0 1
    outer loop
      vertex 71.85000000149012 12 4.4
      vertex 72.85000000149012 11.299999997019768 4.4
      vertex 72.14999999850988 12 4.4
    endloop
  endfacet
  facet normal 0 0 1
    outer loop
      vertex 70 10.100000001490116 4.4
      vertex 80 10.100000001490116 4.4
      vertex 71.14999999850988 11.299999997019768 4.4
    endloop
  endfacet
  facet normal 0 0 1
    outer loop
      vertex 80 10.100000001490116 4.4
      vertex 72.85000000149012 11.299999997019768 4.4
      vertex 71.14999999850988 11.299999997019768 4.4
    endloop
  endfacet
  facet normal 0 0 1
    outer loop
      vertex 80 10.100000001490116 4.4
      vertex 80 11.299999997019768 4.4
      vertex 72.85000000149012 11.299999997019768 4.4
    endloop
  endfacet
  facet normal 0 0 -1
    outer loop
      vertex 71.85000000149012 -12 0
      vertex 71.14999999850988 -11.299999997019768 0
      vertex 72.85000000149012 -11.299999997019768 0
    endloop
  endfacet
  facet normal 0 0 -1
    outer loop
      vertex 71.85000000149012 -12 0
      vertex 72.85000000149012 -11.299999997019768 0
      vertex 72.14999999850988 -12 0
    endloop
  endfacet
  facet normal 0 0 -1
    outer loop
      vertex 70 -11.299999997019768 0
      vertex 70 -10.100000001490116 0
      vertex 71.14999999850988 -11.299999997019768 0
    endloop
  endfacet
  facet normal 0 0 -1
    outer loop
      vertex 71.14999999850988 -11.299999997019768 0
      vertex 70 -10.100000001490116 0
      vertex 80 -10.100000001490116 0
    endloop
  endfacet
  facet normal 0 0 -1
    outer loop
      vertex 71.14999999850988 -11.299999997019768 0
      vertex 80 -10.164171124235486 0
      vertex 72.85000000149012 -11.299999997019768 0
    endloop
  endfacet
  facet normal 0 -1 0
    outer loop
      vertex 71.85000000149012 -12 0
      vertex 72.14999999850988 -12 0
      vertex 72.14999999850988 -12 4.4
    endloop
  endfacet
  facet normal -0.7071067811865476 -0.7071067811865476 0
    outer loop
      vertex 71.85000000149012 -12 0
      vertex 71.85000000149012 -12 4.4
      vertex 71.14999999850988 -11.299999997019768 0
    endloop
  endfacet
  facet normal 0.7071067811865476 -0.7071067811865476 0
    outer loop
      vertex 72.14999999850988 -12 0
      vertex 72.85000000149012 -11.299999997019768 0
      vertex 72.85000000149012 -11.299999997019768 4.4
    endloop
  endfacet
  facet normal 0 -1 0
    outer loop
      vertex 70 -11.299999997019768 0
      vertex 71.14999999850988 -11.299999997019768 0
      vertex 71.14999999850988 -11.299999997019768 4.4
    endloop
  endfacet
  facet normal -1 0 0
    outer loop
      vertex 70 -11.299999997019768 0
      vertex 70 -11.299999997019768 4.4
      vertex 70 -10.100000001490116 0
    endloop
  endfacet
  facet normal 0 0 -1
    outer loop
      vertex 72.85000000149012 -11.299999997019768 0
      vertex 80 -10.178431373762233 0
      vertex 80 -11.299999997019768 0
    endloop
  endfacet
  facet normal 0 0 -1
    outer loop
      vertex 71.14999999850988 -11.299999997019768 0
      vertex 80 -10.100000001490116 0
      vertex 80 -10.164171124235486 0
    endloop
  endfacet
  facet normal 0 0 -1
    outer loop
      vertex 72.85000000149012 -11.299999997019768 0
      vertex 80 -10.164171124235486 0
      vertex 80 -10.178431373762233 0
    endloop
  endfacet
  facet normal 0 -1 0
    outer loop
      vertex 72.85000000149012 -11.299999997019768 0
      vertex 80 -11.299999997019768 0
      vertex 80 -11.299999997019768 4.4
    endloop
  endfacet
  facet normal 0 -1 0
    outer loop
      vertex 71.85000000149012 -12 0
      vertex 72.14999999850988 -12 4.4
      vertex 71.85000000149012 -12 4.4
    endloop
  endfacet
  facet normal -0.7071067811865476 -0.7071067811865476 0
    outer loop
      vertex 71.14999999850988 -11.299999997019768 0
      vertex 71.85000000149012 -12 4.4
      vertex 71.14999999850988 -11.299999997019768 4.4
    endloop
  endfacet
  facet normal 0.7071067811865476 -0.7071067811865476 0
    outer loop
      vertex 72.14999999850988 -12 0
      vertex 72.85000000149012 -11.299999997019768 4.4
      vertex 72.14999999850988 -12 4.4
    endloop
  endfacet
  facet normal 0 -1 0
    outer loop
      vertex 70 -11.299999997019768 0
      vertex 71.14999999850988 -11.299999997019768 4.4
      vertex 70 -11.299999997019768 4.4
    endloop
  endfacet
  facet normal -1 0 0
    outer loop
      vertex 70 -10.100000001490116 0
      vertex 70 -11.299999997019768 4.4
      vertex 70 -10.100000001490116 4.4
    endloop
  endfacet
  facet normal 0 -1 0
    outer loop
      vertex 72.85000000149012 -11.299999997019768 0
      vertex 80 -11.299999997019768 4.4
      vertex 72.85000000149012 -11.299999997019768 4.4
    endloop
  endfacet
  facet normal 0 1 0
    outer loop
      vertex 70 -10.100000001490116 0
      vertex 70 -10.100000001490116 4.4
      vertex 80 -10.100000001490116 0
    endloop
  endfacet
  facet normal 0 1 0
    outer loop
      vertex 80 -10.100000001490116 0
      vertex 70 -10.100000001490116 4.4
      vertex 80 -10.100000001490116 4.4
    endloop
  endfacet
  facet normal 0 0 1
    outer loop
      vertex 71.85000000149012 -12 4.4
      vertex 72.85000000149012 -11.299999997019768 4.4
      vertex 71.14999999850988 -11.299999997019768 4.4
    endloop
  endfacet
  facet normal 0 0 1
    outer loop
      vertex 71.85000000149012 -12 4.4
      vertex 72.14999999850988 -12 4.4
      vertex 72.85000000149012 -11.299999997019768 4.4
    endloop
  endfacet
  facet normal 0 0 1
    outer loop
      vertex 70 -11.299999997019768 4.4
      vertex 71.14999999850988 -11.299999997019768 4.4
      vertex 70 -10.100000001490116 4.4
    endloop
  endfacet
  facet normal 0 0 1
    outer loop
      vertex 71.14999999850988 -11.299999997019768 4.4
      vertex 80 -10.100000001490116 4.4
      vertex 70 -10.100000001490116 4.4
    endloop
  endfacet
  facet normal 0 0 1
    outer loop
      vertex 71.14999999850988 -11.299999997019768 4.4
      vertex 72.85000000149012 -11.299999997019768 4.4
      vertex 80 -10.100000001490116 4.4
    endloop
  endfacet
  facet normal 0 0 1
    outer loop
      vertex 72.85000000149012 -11.299999997019768 4.4
      vertex 80 -11.299999997019768 4.4
      vertex 80 -10.100000001490116 4.4
    endloop
  endfacet
  facet normal -1 0 0
    outer loop
      vertex 80 -11.3 0
      vertex 80 -11.299999997019768 4.4
      vertex 80 -11.299999997019768 0
    endloop
  endfacet
  facet normal -1 0 0
    outer loop
      vertex 80 -11.3 0
      vertex 80 -11.3 4.4
      vertex 80 -11.299999997019768 4.4
    endloop
  endfacet
  facet normal 0 0 -1
    outer loop
      vertex 80 -11.3 0
      vertex 80 -11.299999997019768 0
      vertex 108.38060233744356 -1.913417161825449 0
    endloop
  endfacet
  facet normal 0 0 -1
    outer loop
      vertex 80 -11.299999997019768 0
      vertex 80 -10.178431373762233 0
      vertex 108.38060233744356 -1.913417161825449 0
    endloop
  endfacet
  facet normal 0 0 -1
    outer loop
      vertex 80 -10.164171124235486 0
      vertex 108.21529832133896 -1.4514233862723116 0
      vertex 80 -10.178431373762233 0
    endloop
  endfacet
  facet normal 0 0 -1
    outer loop
      vertex 80 -10.164171124235486 0
      vertex 80 -10.100000001490116 0
      vertex 108.21529832133896 -1.4514233862723116 0
    endloop
  endfacet
  facet normal -1 0 0
    outer loop
      vertex 80 -10.100000001490116 0
      vertex 80 -10.100000001490116 4.4
      vertex 80 10.100000001490116 4.4
    endloop
  endfacet
  facet normal 0 0 -1
    outer loop
      vertex 80 -10.100000001490116 0
      vertex 80 10.100000001490116 0
      vertex 108.09607359798385 -0.9754516100806412 0
    endloop
  endfacet
  facet normal 0 0 1
    outer loop
      vertex 80 -10.100000001490116 4.4
      vertex 81.88858898729086 -9.799999997019768 4.4
      vertex 80 10.100000001490116 4.4
    endloop
  endfacet
  facet normal 0 -1 0
    outer loop
      vertex 80 -11.3 0
      vertex 146 -11.3 0
      vertex 80 -11.3 4.4
    endloop
  endfacet
  facet normal 0 0 -1
    outer loop
      vertex 80 -11.3 0
      vertex 111.54857661372769 -4.784701678661044 0
      vertex 112.02454838991936 -4.903926402016152 0
    endloop
  endfacet
  facet normal 0 0 -1
    outer loop
      vertex 80 -11.3 0
      vertex 112.02454838991936 -4.903926402016152 0
      vertex 146 -11.3 0
    endloop
  endfacet
  facet normal 0 0 1
    outer loop
      vertex 80 -11.3 4.4
      vertex 146 -11.3 4.4
      vertex 80 -11.299999997019768 4.4
    endloop
  endfacet
  facet normal 0 0 1
    outer loop
      vertex 80 -11.299999997019768 4.4
      vertex 146 -11.3 4.4
      vertex 80 -10.100000001490116 4.4
    endloop
  endfacet
  facet normal 0 0 1
    outer loop
      vertex 80 -10.100000001490116 4.4
      vertex 146 -11.3 4.4
      vertex 81.88858898729086 -9.799999997019768 4.4
    endloop
  endfacet
  facet normal 0 0 -1
    outer loop
      vertex 80 -11.3 0
      vertex 108.84265193848728 -2.777851165098011 0
      vertex 109.13494773318631 -3.1719664208182277 0
    endloop
  endfacet
  facet normal 0 0 -1
    outer loop
      vertex 80 -11.3 0
      vertex 108.59039367825822 -2.3569836841299883 0
      vertex 108.84265193848728 -2.777851165098011 0
    endloop
  endfacet
  facet normal 0 0 -1
    outer loop
      vertex 80 -11.3 0
      vertex 110.64301631587001 -4.409606321741776 0
      vertex 111.08658283817455 -4.619397662556434 0
    endloop
  endfacet
  facet normal 0 0 -1
    outer loop
      vertex 80 -11.3 0
      vertex 110.22214883490199 -4.157348061512726 0
      vertex 110.64301631587001 -4.409606321741776 0
    endloop
  endfacet
  facet normal 0 0 -1
    outer loop
      vertex 80 -11.3 0
      vertex 109.82803357918178 -3.865052266813685 0
      vertex 110.22214883490199 -4.157348061512726 0
    endloop
  endfacet
  facet normal 0 0 -1
    outer loop
      vertex 80 -11.3 0
      vertex 109.46446609406726 -3.5355339059327378 0
      vertex 109.82803357918178 -3.865052266813685 0
    endloop
  endfacet
  facet normal 0 0 -1
    outer loop
      vertex 80 -11.3 0
      vertex 111.08658283817455 -4.619397662556434 0
      vertex 111.54857661372769 -4.784701678661044 0
    endloop
  endfacet
  facet normal 0 0 -1
    outer loop
      vertex 80 -11.3 0
      vertex 109.13494773318631 -3.1719664208182277 0
      vertex 109.46446609406726 -3.5355339059327378 0
    endloop
  endfacet
  facet normal 0 0 -1
    outer loop
      vertex 80 -11.3 0
      vertex 108.38060233744356 -1.913417161825449 0
      vertex 108.59039367825822 -2.3569836841299883 0
    endloop
  endfacet
  facet normal 0 0 -1
    outer loop
      vertex 80 -10.178431373762233 0
      vertex 108.21529832133896 -1.4514233862723116 0
      vertex 108.38060233744356 -1.913417161825449 0
    endloop
  endfacet
  facet normal 0 0 -1
    outer loop
      vertex 80 -10.100000001490116 0
      vertex 108.09607359798385 -0.9754516100806412 0
      vertex 108.21529832133896 -1.4514233862723116 0
    endloop
  endfacet
  facet normal -1 0 0
    outer loop
      vertex 80 -10.100000001490116 0
      vertex 80 10.100000001490116 4.4
      vertex 80 10.100000001490116 0
    endloop
  endfacet
  facet normal 0 0 1
    outer loop
      vertex 80 10.100000001490116 4.4
      vertex 81.88858898729086 -9.799999997019768 4.4
      vertex 97.05279951542616 9.799999997019768 4.4
    endloop
  endfacet
  facet normal -1 0 0
    outer loop
      vertex 80 11.3 0
      vertex 80 11.299999997019768 0
      vertex 80 11.3 4.4
    endloop
  endfacet
  facet normal -1 0 0
    outer loop
      vertex 80 11.299999997019768 0
      vertex 80 11.299999997019768 4.4
      vertex 80 11.3 4.4
    endloop
  endfacet
  facet normal 0 0 1
    outer loop
      vertex 80 10.100000001490116 4.4
      vertex 97.05279951542616 9.799999997019768 4.4
      vertex 80 11.299999997019768 4.4
    endloop
  endfacet
  facet normal 0 0 1
    outer loop
      vertex 80 11.3 4.4
      vertex 80 11.299999997019768 4.4
      vertex 97.05279951542616 9.799999997019768 4.4
    endloop
  endfacet
  facet normal 0 0 -1
    outer loop
      vertex 80 10.100000001490116 0
      vertex 108.02407636663901 -0.490085701647803 0
      vertex 108.09607359798385 -0.9754516100806412 0
    endloop
  endfacet
  facet normal 0 0 -1
    outer loop
      vertex 80 10.100000001490116 0
      vertex 108 0 0
      vertex 108.02407636663901 -0.490085701647803 0
    endloop
  endfacet
  facet normal 0 0 -1
    outer loop
      vertex 80 10.100000001490116 0
      vertex 108.02407636663901 0.490085701647803 0
      vertex 108 0 0
    endloop
  endfacet
  facet normal 0 0 -1
    outer loop
      vertex 80 10.100000001490116 0
      vertex 108.09607359798385 0.9754516100806412 0
      vertex 108.02407636663901 0.490085701647803 0
    endloop
  endfacet
  facet normal 0 0 -1
    outer loop
      vertex 80 10.100000001490116 0
      vertex 108.21529832133896 1.4514233862723116 0
      vertex 108.09607359798385 0.9754516100806412 0
    endloop
  endfacet
  facet normal 0 0 -1
    outer loop
      vertex 80 10.100000001490116 0
      vertex 108.38060233744356 1.913417161825449 0
      vertex 108.21529832133896 1.4514233862723116 0
    endloop
  endfacet
  facet normal 0 0 -1
    outer loop
      vertex 80 10.100000001490116 0
      vertex 108.59039367825822 2.3569836841299883 0
      vertex 108.38060233744356 1.913417161825449 0
    endloop
  endfacet
  facet normal 0 0 -1
    outer loop
      vertex 80 10.100000001490116 0
      vertex 108.84265193848728 2.777851165098011 0
      vertex 108.59039367825822 2.3569836841299883 0
    endloop
  endfacet
  facet normal 0 0 -1
    outer loop
      vertex 80 10.100000001490116 0
      vertex 109.13494773318631 3.1719664208182277 0
      vertex 108.84265193848728 2.777851165098011 0
    endloop
  endfacet
  facet normal 0 0 -1
    outer loop
      vertex 80 10.100000001490116 0
      vertex 109.46446609406726 3.5355339059327378 0
      vertex 109.13494773318631 3.1719664208182277 0
    endloop
  endfacet
  facet normal 0 0 -1
    outer loop
      vertex 80 10.100000001490116 0
      vertex 109.82803357918178 3.865052266813685 0
      vertex 109.46446609406726 3.5355339059327378 0
    endloop
  endfacet
  facet normal 0 0 -1
    outer loop
      vertex 80 10.100000001490116 0
      vertex 110.22214883490199 4.157348061512726 0
      vertex 109.82803357918178 3.865052266813685 0
    endloop
  endfacet
  facet normal 0 0 -1
    outer loop
      vertex 80 10.100000001490116 0
      vertex 110.64301631587001 4.409606321741776 0
      vertex 110.22214883490199 4.157348061512726 0
    endloop
  endfacet
  facet normal 0 0 -1
    outer loop
      vertex 80 10.100000001490116 0
      vertex 111.08658283817455 4.619397662556434 0
      vertex 110.64301631587001 4.409606321741776 0
    endloop
  endfacet
  facet normal 0 0 -1
    outer loop
      vertex 80 10.100000001490116 0
      vertex 111.54857661372769 4.784701678661044 0
      vertex 111.08658283817455 4.619397662556434 0
    endloop
  endfacet
  facet normal 0 0 -1
    outer loop
      vertex 80 10.100000001490116 0
      vertex 112.02454838991936 4.903926402016152 0
      vertex 111.54857661372769 4.784701678661044 0
    endloop
  endfacet
  facet normal 0 0 -1
    outer loop
      vertex 80 10.100000001490116 0
      vertex 112.5099142983522 4.975923633360985 0
      vertex 112.02454838991936 4.903926402016152 0
    endloop
  endfacet
  facet normal 0 0 -1
    outer loop
      vertex 80 10.100000001490116 0
      vertex 113 5 0
      vertex 112.5099142983522 4.975923633360985 0
    endloop
  endfacet
  facet normal 0 0 -1
    outer loop
      vertex 80 10.100000001490116 0
      vertex 113.4900857016478 4.975923633360985 0
      vertex 113 5 0
    endloop
  endfacet
  facet normal 0 0 -1
    outer loop
      vertex 80 10.100000001490116 0
      vertex 113.97545161008064 4.903926402016152 0
      vertex 113.4900857016478 4.975923633360985 0
    endloop
  endfacet
  facet normal 0 0 -1
    outer loop
      vertex 80 10.100000001490116 0
      vertex 80 10.164171124235486 0
      vertex 146.0090120102858 11.3 0
    endloop
  endfacet
  facet normal 0 0 -1
    outer loop
      vertex 80 10.178431373762233 0
      vertex 146.0090120102858 11.3 0
      vertex 80 10.164171124235486 0
    endloop
  endfacet
  facet normal 0 0 -1
    outer loop
      vertex 80 10.178431373762233 0
      vertex 80 11.299999997019768 0
      vertex 146.0090120102858 11.3 0
    endloop
  endfacet
  facet normal 0 0 -1
    outer loop
      vertex 80 11.3 0
      vertex 146.0090120102858 11.3 0
      vertex 80 11.299999997019768 0
    endloop
  endfacet
  facet normal 0 1 0
    outer loop
      vertex 80 11.3 0
      vertex 80 11.3 4.4
      vertex 146 11.3 4.4
    endloop
  endfacet
  facet normal 0 0 1
    outer loop
      vertex 80 11.3 4.4
      vertex 97.05279951542616 9.799999997019768 4.4
      vertex 128.94720048457384 9.799999997019768 4.4
    endloop
  endfacet
  facet normal 0 -1 0
    outer loop
      vertex 80 -11.3 4.4
      vertex 146 -11.3 0
      vertex 146 -11.3 4.4
    endloop
  endfacet
  facet normal 0 0 -1
    outer loop
      vertex 146 -11.3 0
      vertex 112.02454838991936 -4.903926402016152 0
      vertex 112.5099142983522 -4.975923633360985 0
    endloop
  endfacet
  facet normal 0 0 -1
    outer loop
      vertex 146 -11.3 0
      vertex 112.5099142983522 -4.975923633360985 0
      vertex 113 -5 0
    endloop
  endfacet
  facet normal 0 0 -1
    outer loop
      vertex 146 -11.3 0
      vertex 113 -5 0
      vertex 113.4900857016478 -4.975923633360985 0
    endloop
  endfacet
  facet normal 0 0 -1
    outer loop
      vertex 146 -11.3 0
      vertex 113.4900857016478 -4.975923633360985 0
      vertex 113.97545161008064 -4.903926402016152 0
    endloop
  endfacet
  facet normal 0 0 -1
    outer loop
      vertex 146 -11.3 0
      vertex 113.97545161008064 -4.903926402016152 0
      vertex 114.45142338627231 -4.784701678661044 0
    endloop
  endfacet
  facet normal 0 0 1
    outer loop
      vertex 146 -11.3 4.4
      vertex 144.11141101270914 -9.799999997019768 4.4
      vertex 81.88858898729086 -9.799999997019768 4.4
    endloop
  endfacet
  facet normal 0 0 -1
    outer loop
      vertex 146 -11.3 0
      vertex 114.45142338627231 -4.784701678661044 0
      vertex 114.91341716182545 -4.619397662556434 0
    endloop
  endfacet
  facet normal 0 0 -1
    outer loop
      vertex 146 -11.3 0
      vertex 114.91341716182545 -4.619397662556434 0
      vertex 115.35698368412999 -4.409606321741776 0
    endloop
  endfacet
  facet normal 0 0 -1
    outer loop
      vertex 146 -11.3 0
      vertex 115.35698368412999 -4.409606321741776 0
      vertex 115.77785116509801 -4.157348061512726 0
    endloop
  endfacet
  facet normal 0 0 -1
    outer loop
      vertex 146 -11.3 0
      vertex 115.77785116509801 -4.157348061512726 0
      vertex 116.17196642081822 -3.865052266813685 0
    endloop
  endfacet
  facet normal 0 0 -1
    outer loop
      vertex 146 -11.3 0
      vertex 116.17196642081822 -3.865052266813685 0
      vertex 116.53553390593274 -3.5355339059327378 0
    endloop
  endfacet
  facet normal 0 0 -1
    outer loop
      vertex 146 -11.3 0
      vertex 116.53553390593274 -3.5355339059327378 0
      vertex 116.86505226681369 -3.1719664208182277 0
    endloop
  endfacet
  facet normal 0 0 -1
    outer loop
      vertex 146 -11.3 0
      vertex 116.86505226681369 -3.1719664208182277 0
      vertex 117.15734806151272 -2.777851165098011 0
    endloop
  endfacet
  facet normal 0 0 -1
    outer loop
      vertex 146 -11.3 0
      vertex 117.15734806151272 -2.777851165098011 0
      vertex 117.40960632174178 -2.3569836841299883 0
    endloop
  endfacet
  facet normal 0 0 -1
    outer loop
      vertex 146 -11.3 0
      vertex 117.40960632174178 -2.3569836841299883 0
      vertex 117.61939766255644 -1.913417161825449 0
    endloop
  endfacet
  facet normal 0 0 -1
    outer loop
      vertex 146 -11.3 0
      vertex 117.61939766255644 -1.913417161825449 0
      vertex 117.78470167866104 -1.4514233862723116 0
    endloop
  endfacet
  facet normal 0 0 -1
    outer loop
      vertex 146 -11.3 0
      vertex 117.78470167866104 -1.4514233862723116 0
      vertex 117.90392640201615 -0.9754516100806412 0
    endloop
  endfacet
  facet normal 0 0 -1
    outer loop
      vertex 146 -11.3 0
      vertex 117.90392640201615 -0.9754516100806412 0
      vertex 117.97592363336099 -0.490085701647803 0
    endloop
  endfacet
  facet normal 0 0 -1
    outer loop
      vertex 146 -11.3 0
      vertex 117.97592363336099 -0.490085701647803 0
      vertex 118 0 0
    endloop
  endfacet
  facet normal 0 0 -1
    outer loop
      vertex 146 -11.3 0
      vertex 118 0 0
      vertex 117.97592363336099 0.490085701647803 0
    endloop
  endfacet
  facet normal 0 0 -1
    outer loop
      vertex 146 -11.3 0
      vertex 117.97592363336099 0.490085701647803 0
      vertex 117.90392640201615 0.9754516100806412 0
    endloop
  endfacet
  facet normal 0 0 -1
    outer loop
      vertex 146 -11.3 0
      vertex 146.45251185837975 11.3 0
      vertex 146.00067213970286 -11.3 0
    endloop
  endfacet
  facet normal 0 0 -1
    outer loop
      vertex 146.00067213970286 -11.3 0
      vertex 146.45251185837975 11.3 0
      vertex 146.03374953826955 -11.3 0
    endloop
  endfacet
  facet normal 0 0 1
    outer loop
      vertex 146 -11.3 4.4
      vertex 146 11.3 4.4
      vertex 144.11141101270914 -9.799999997019768 4.4
    endloop
  endfacet
  facet normal 0 0 -1
    outer loop
      vertex 146.45251185837975 11.3 0
      vertex 117.90392640201615 0.9754516100806412 0
      vertex 117.78470167866104 1.4514233862723116 0
    endloop
  endfacet
  facet normal 0 0 -1
    outer loop
      vertex 146.45251185837975 11.3 0
      vertex 117.78470167866104 1.4514233862723116 0
      vertex 117.61939766255644 1.913417161825449 0
    endloop
  endfacet
  facet normal 0 0 -1
    outer loop
      vertex 146.0090120102858 11.3 0
      vertex 117.61939766255644 1.913417161825449 0
      vertex 117.40960632174178 2.3569836841299883 0
    endloop
  endfacet
  facet normal 0 0 -1
    outer loop
      vertex 146.0090120102858 11.3 0
      vertex 116.17196642081822 3.865052266813685 0
      vertex 115.77785116509801 4.157348061512726 0
    endloop
  endfacet
  facet normal 0 0 -1
    outer loop
      vertex 146.0090120102858 11.3 0
      vertex 115.35698368412999 4.409606321741776 0
      vertex 114.91341716182545 4.619397662556434 0
    endloop
  endfacet
  facet normal 0 0 -1
    outer loop
      vertex 146.0090120102858 11.3 0
      vertex 114.91341716182545 4.619397662556434 0
      vertex 114.45142338627231 4.784701678661044 0
    endloop
  endfacet
  facet normal 0 0 -1
    outer loop
      vertex 146.0090120102858 11.3 0
      vertex 115.77785116509801 4.157348061512726 0
      vertex 115.35698368412999 4.409606321741776 0
    endloop
  endfacet
  facet normal 0 0 -1
    outer loop
      vertex 146.0090120102858 11.3 0
      vertex 117.40960632174178 2.3569836841299883 0
      vertex 117.15734806151272 2.777851165098011 0
    endloop
  endfacet
  facet normal 0 0 -1
    outer loop
      vertex 146.0090120102858 11.3 0
      vertex 117.15734806151272 2.777851165098011 0
      vertex 116.86505226681369 3.1719664208182277 0
    endloop
  endfacet
  facet normal 0 0 -1
    outer loop
      vertex 146.0090120102858 11.3 0
      vertex 116.86505226681369 3.1719664208182277 0
      vertex 116.53553390593274 3.5355339059327378 0
    endloop
  endfacet
  facet normal 0 0 -1
    outer loop
      vertex 146.0090120102858 11.3 0
      vertex 116.53553390593274 3.5355339059327378 0
      vertex 116.17196642081822 3.865052266813685 0
    endloop
  endfacet
  facet normal 0 0 -1
    outer loop
      vertex 80 10.100000001490116 0
      vertex 146.0090120102858 11.3 0
      vertex 113.97545161008064 4.903926402016152 0
    endloop
  endfacet
  facet normal 0 0 -1
    outer loop
      vertex 146.0090120102858 11.3 0
      vertex 114.45142338627231 4.784701678661044 0
      vertex 113.97545161008064 4.903926402016152 0
    endloop
  endfacet
  facet normal 0 0 0
    outer loop
      vertex 80 11.3 0
      vertex 146 11.3 0
      vertex 146.0090120102858 11.3 0
    endloop
  endfacet
  facet normal 0 1 0
    outer loop
      vertex 80 11.3 0
      vertex 146 11.3 4.4
      vertex 146 11.3 0
    endloop
  endfacet
  facet normal 0 0 1
    outer loop
      vertex 80 11.3 4.4
      vertex 128.94720048457384 9.799999997019768 4.4
      vertex 146 11.3 4.4
    endloop
  endfacet
  facet normal 0 0 -1
    outer loop
      vertex 146 -11.3 0
      vertex 117.90392640201615 0.9754516100806412 0
      vertex 146.45251185837975 11.3 0
    endloop
  endfacet
  facet normal 0 0 1
    outer loop
      vertex 146 11.3 4.4
      vertex 128.94720048457384 9.799999997019768 4.4
      vertex 144.11141101270914 -9.799999997019768 4.4
    endloop
  endfacet
  facet normal 0 0 -1
    outer loop
      vertex 146.0090120102858 11.3 0
      vertex 146.45251185837975 11.3 0
      vertex 117.61939766255644 1.913417161825449 0
    endloop
  endfacet
  facet normal 0.7909186683793068 -0.6119212857950801 0
    outer loop
      vertex 81.88858898729086 -9.799999997019768 1
      vertex 97.05279951542616 9.799999997019768 4.4
      vertex 81.88858898729086 -9.799999997019768 4.4
    endloop
  endfacet
  facet normal 0 0 1
    outer loop
      vertex 81.88858898729086 -9.799999997019768 1
      vertex 144.11141101270914 -9.799999997019768 1
      vertex 112.02454838991936 -4.903926402016152 1
    endloop
  endfacet
  facet normal 0 1 0
    outer loop
      vertex 81.88858898729086 -9.799999997019768 1
      vertex 81.88858898729086 -9.799999997019768 4.4
      vertex 144.11141101270914 -9.799999997019768 1
    endloop
  endfacet
  facet normal 0 0 1
    outer loop
      vertex 81.88858898729086 -9.799999997019768 1
      vertex 110.64301631587001 -4.409606321741776 1
      vertex 110.22214883490199 -4.157348061512726 1
    endloop
  endfacet
  facet normal 0 0 1
    outer loop
      vertex 81.88858898729086 -9.799999997019768 1
      vertex 111.08658283817455 -4.619397662556434 1
      vertex 110.64301631587001 -4.409606321741776 1
    endloop
  endfacet
  facet normal 0 0 1
    outer loop
      vertex 81.88858898729086 -9.799999997019768 1
      vertex 111.54857661372769 -4.784701678661044 1
      vertex 111.08658283817455 -4.619397662556434 1
    endloop
  endfacet
  facet normal 0 0 1
    outer loop
      vertex 81.88858898729086 -9.799999997019768 1
      vertex 112.02454838991936 -4.903926402016152 1
      vertex 111.54857661372769 -4.784701678661044 1
    endloop
  endfacet
  facet normal 0 0 1
    outer loop
      vertex 81.88858898729086 -9.799999997019768 1
      vertex 110.22214883490199 -4.157348061512726 1
      vertex 109.82803357918178 -3.865052266813685 1
    endloop
  endfacet
  facet normal 0 0 1
    outer loop
      vertex 81.88858898729086 -9.799999997019768 1
      vertex 109.82803357918178 -3.865052266813685 1
      vertex 109.46446609406726 -3.5355339059327378 1
    endloop
  endfacet
  facet normal 0 0 1
    outer loop
      vertex 81.88858898729086 -9.799999997019768 1
      vertex 109.13494773318631 -3.1719664208182277 1
      vertex 108.84265193848728 -2.777851165098011 1
    endloop
  endfacet
  facet normal 0 0 1
    outer loop
      vertex 81.88858898729086 -9.799999997019768 1
      vertex 109.46446609406726 -3.5355339059327378 1
      vertex 109.13494773318631 -3.1719664208182277 1
    endloop
  endfacet
  facet normal 0 0 1
    outer loop
      vertex 81.88858898729086 -9.799999997019768 1
      vertex 108.09607359798385 -0.9754516100806412 1
      vertex 108.02407636663901 -0.490085701647803 1
    endloop
  endfacet
  facet normal 0 0 1
    outer loop
      vertex 81.88858898729086 -9.799999997019768 1
      vertex 108.84265193848728 -2.777851165098011 1
      vertex 108.59039367825822 -2.3569836841299883 1
    endloop
  endfacet
  facet normal 0 0 1
    outer loop
      vertex 81.88858898729086 -9.799999997019768 1
      vertex 108.59039367825822 -2.3569836841299883 1
      vertex 108.38060233744356 -1.913417161825449 1
    endloop
  endfacet
  facet normal 0 0 1
    outer loop
      vertex 81.88858898729086 -9.799999997019768 1
      vertex 108.38060233744356 -1.913417161825449 1
      vertex 108.21529832133896 -1.4514233862723116 1
    endloop
  endfacet
  facet normal 0 0 1
    outer loop
      vertex 81.88858898729086 -9.799999997019768 1
      vertex 108.21529832133896 -1.4514233862723116 1
      vertex 108.09607359798385 -0.9754516100806412 1
    endloop
  endfacet
  facet normal 0 0 1
    outer loop
      vertex 81.88858898729086 -9.799999997019768 1
      vertex 108.02407636663901 -0.490085701647803 1
      vertex 108 0 1
    endloop
  endfacet
  facet normal 0 0 1
    outer loop
      vertex 81.88858898729086 -9.799999997019768 1
      vertex 108 0 1
      vertex 108.02407636663901 0.490085701647803 1
    endloop
  endfacet
  facet normal 0 0 1
    outer loop
      vertex 81.88858898729086 -9.799999997019768 1
      vertex 108.02407636663901 0.490085701647803 1
      vertex 108.09607359798385 0.9754516100806412 1
    endloop
  endfacet
  facet normal 0 0 1
    outer loop
      vertex 81.88858898729086 -9.799999997019768 1
      vertex 108.09607359798385 0.9754516100806412 1
      vertex 108.21529832133896 1.4514233862723116 1
    endloop
  endfacet
  facet normal 0 0 1
    outer loop
      vertex 81.88858898729086 -9.799999997019768 1
      vertex 108.21529832133896 1.4514233862723116 1
      vertex 108.38060233744356 1.913417161825449 1
    endloop
  endfacet
  facet normal 0 0 1
    outer loop
      vertex 81.88858898729086 -9.799999997019768 1
      vertex 108.38060233744356 1.913417161825449 1
      vertex 97.05279951542616 9.799999997019768 1
    endloop
  endfacet
  facet normal 0.7909186683793068 -0.6119212857950801 0
    outer loop
      vertex 81.88858898729086 -9.799999997019768 1
      vertex 97.05279951542616 9.799999997019768 1
      vertex 97.05279951542616 9.799999997019768 4.4
    endloop
  endfacet
  facet normal 0 0 1
    outer loop
      vertex 97.05279951542616 9.799999997019768 1
      vertex 108.38060233744356 1.913417161825449 1
      vertex 108.59039367825822 2.3569836841299883 1
    endloop
  endfacet
  facet normal 0 0 1
    outer loop
      vertex 97.05279951542616 9.799999997019768 1
      vertex 108.59039367825822 2.3569836841299883 1
      vertex 108.84265193848728 2.777851165098011 1
    endloop
  endfacet
  facet normal 0 0 1
    outer loop
      vertex 97.05279951542616 9.799999997019768 1
      vertex 108.84265193848728 2.777851165098011 1
      vertex 109.13494773318631 3.1719664208182277 1
    endloop
  endfacet
  facet normal 0 0 1
    outer loop
      vertex 97.05279951542616 9.799999997019768 1
      vertex 109.13494773318631 3.1719664208182277 1
      vertex 109.46446609406726 3.5355339059327378 1
    endloop
  endfacet
  facet normal 0 0 1
    outer loop
      vertex 97.05279951542616 9.799999997019768 1
      vertex 109.46446609406726 3.5355339059327378 1
      vertex 109.82803357918178 3.865052266813685 1
    endloop
  endfacet
  facet normal 0 0 1
    outer loop
      vertex 97.05279951542616 9.799999997019768 1
      vertex 109.82803357918178 3.865052266813685 1
      vertex 110.22214883490199 4.157348061512726 1
    endloop
  endfacet
  facet normal 0 0 1
    outer loop
      vertex 97.05279951542616 9.799999997019768 1
      vertex 110.22214883490199 4.157348061512726 1
      vertex 110.64301631587001 4.409606321741776 1
    endloop
  endfacet
  facet normal 0 0 1
    outer loop
      vertex 97.05279951542616 9.799999997019768 1
      vertex 110.64301631587001 4.409606321741776 1
      vertex 111.08658283817455 4.619397662556434 1
    endloop
  endfacet
  facet normal 0 0 1
    outer loop
      vertex 97.05279951542616 9.799999997019768 1
      vertex 111.08658283817455 4.619397662556434 1
      vertex 111.54857661372769 4.784701678661044 1
    endloop
  endfacet
  facet normal 0 0 1
    outer loop
      vertex 97.05279951542616 9.799999997019768 1
      vertex 111.54857661372769 4.784701678661044 1
      vertex 112.02454838991936 4.903926402016152 1
    endloop
  endfacet
  facet normal 0 0 1
    outer loop
      vertex 97.05279951542616 9.799999997019768 1
      vertex 112.02454838991936 4.903926402016152 1
      vertex 112.5099142983522 4.975923633360985 1
    endloop
  endfacet
  facet normal 0 0 1
    outer loop
      vertex 97.05279951542616 9.799999997019768 1
      vertex 113.97545161008064 4.903926402016152 1
      vertex 114.45142338627231 4.784701678661044 1
    endloop
  endfacet
  facet normal 0 0 1
    outer loop
      vertex 97.05279951542616 9.799999997019768 1
      vertex 112.5099142983522 4.975923633360985 1
      vertex 113 5 1
    endloop
  endfacet
  facet normal 0 0 1
    outer loop
      vertex 97.05279951542616 9.799999997019768 1
      vertex 113 5 1
      vertex 113.4900857016478 4.975923633360985 1
    endloop
  endfacet
  facet normal 0 0 1
    outer loop
      vertex 97.05279951542616 9.799999997019768 1
      vertex 113.4900857016478 4.975923633360985 1
      vertex 113.97545161008064 4.903926402016152 1
    endloop
  endfacet
  facet normal 0 -1 0
    outer loop
      vertex 97.05279951542616 9.799999997019768 1
      vertex 128.94720048457384 9.799999997019768 4.4
      vertex 97.05279951542616 9.799999997019768 4.4
    endloop
  endfacet
  facet normal 0 1 0
    outer loop
      vertex 144.11141101270914 -9.799999997019768 1
      vertex 81.88858898729086 -9.799999997019768 4.4
      vertex 144.11141101270914 -9.799999997019768 4.4
    endloop
  endfacet
  facet normal 0 0 1
    outer loop
      vertex 112.02454838991936 -4.903926402016152 1
      vertex 144.11141101270914 -9.799999997019768 1
      vertex 112.5099142983522 -4.975923633360985 1
    endloop
  endfacet
  facet normal 0 0 1
    outer loop
      vertex 112.5099142983522 -4.975923633360985 1
      vertex 144.11141101270914 -9.799999997019768 1
      vertex 113 -5 1
    endloop
  endfacet
  facet normal 0 0 1
    outer loop
      vertex 113 -5 1
      vertex 144.11141101270914 -9.799999997019768 1
      vertex 113.4900857016478 -4.975923633360985 1
    endloop
  endfacet
  facet normal 0 0 1
    outer loop
      vertex 113.4900857016478 -4.975923633360985 1
      vertex 144.11141101270914 -9.799999997019768 1
      vertex 113.97545161008064 -4.903926402016152 1
    endloop
  endfacet
  facet normal 0 0 1
    outer loop
      vertex 113.97545161008064 -4.903926402016152 1
      vertex 144.11141101270914 -9.799999997019768 1
      vertex 114.45142338627231 -4.784701678661044 1
    endloop
  endfacet
  facet normal 0 0 1
    outer loop
      vertex 114.45142338627231 -4.784701678661044 1
      vertex 144.11141101270914 -9.799999997019768 1
      vertex 114.91341716182545 -4.619397662556434 1
    endloop
  endfacet
  facet normal 0 0 1
    outer loop
      vertex 114.91341716182545 -4.619397662556434 1
      vertex 144.11141101270914 -9.799999997019768 1
      vertex 115.35698368412999 -4.409606321741776 1
    endloop
  endfacet
  facet normal 0 0 1
    outer loop
      vertex 115.35698368412999 -4.409606321741776 1
      vertex 144.11141101270914 -9.799999997019768 1
      vertex 115.77785116509801 -4.157348061512726 1
    endloop
  endfacet
  facet normal 0 0 1
    outer loop
      vertex 115.77785116509801 -4.157348061512726 1
      vertex 144.11141101270914 -9.799999997019768 1
      vertex 116.17196642081822 -3.865052266813685 1
    endloop
  endfacet
  facet normal 0 0 1
    outer loop
      vertex 116.17196642081822 -3.865052266813685 1
      vertex 144.11141101270914 -9.799999997019768 1
      vertex 116.53553390593274 -3.5355339059327378 1
    endloop
  endfacet
  facet normal 0 0 1
    outer loop
      vertex 116.53553390593274 -3.5355339059327378 1
      vertex 144.11141101270914 -9.799999997019768 1
      vertex 116.86505226681369 -3.1719664208182277 1
    endloop
  endfacet
  facet normal 0 0 1
    outer loop
      vertex 116.86505226681369 -3.1719664208182277 1
      vertex 144.11141101270914 -9.799999997019768 1
      vertex 117.15734806151272 -2.777851165098011 1
    endloop
  endfacet
  facet normal 0 0 1
    outer loop
      vertex 117.15734806151272 -2.777851165098011 1
      vertex 144.11141101270914 -9.799999997019768 1
      vertex 117.40960632174178 -2.3569836841299883 1
    endloop
  endfacet
  facet normal 0 0 1
    outer loop
      vertex 117.40960632174178 -2.3569836841299883 1
      vertex 144.11141101270914 -9.799999997019768 1
      vertex 117.61939766255644 -1.913417161825449 1
    endloop
  endfacet
  facet normal 0 0 1
    outer loop
      vertex 117.61939766255644 -1.913417161825449 1
      vertex 144.11141101270914 -9.799999997019768 1
      vertex 117.78470167866104 -1.4514233862723116 1
    endloop
  endfacet
  facet normal 0 0 1
    outer loop
      vertex 117.78470167866104 -1.4514233862723116 1
      vertex 144.11141101270914 -9.799999997019768 1
      vertex 117.90392640201615 -0.9754516100806412 1
    endloop
  endfacet
  facet normal 0 0 1
    outer loop
      vertex 117.90392640201615 -0.9754516100806412 1
      vertex 144.11141101270914 -9.799999997019768 1
      vertex 117.97592363336099 -0.490085701647803 1
    endloop
  endfacet
  facet normal 0 0 1
    outer loop
      vertex 117.97592363336099 -0.490085701647803 1
      vertex 144.11141101270914 -9.799999997019768 1
      vertex 118 0 1
    endloop
  endfacet
  facet normal 0 0 1
    outer loop
      vertex 118 0 1
      vertex 144.11141101270914 -9.799999997019768 1
      vertex 117.97592363336099 0.490085701647803 1
    endloop
  endfacet
  facet normal 0 0 1
    outer loop
      vertex 117.97592363336099 0.490085701647803 1
      vertex 144.11141101270914 -9.799999997019768 1
      vertex 117.90392640201615 0.9754516100806412 1
    endloop
  endfacet
  facet normal -0.7909186683793068 -0.6119212857950801 0
    outer loop
      vertex 144.11141101270914 -9.799999997019768 1
      vertex 144.11141101270914 -9.799999997019768 4.4
      vertex 128.94720048457384 9.799999997019768 1
    endloop
  endfacet
  facet normal 0 0 1
    outer loop
      vertex 117.90392640201615 0.9754516100806412 1
      vertex 128.94720048457384 9.799999997019768 1
      vertex 117.78470167866104 1.4514233862723116 1
    endloop
  endfacet
  facet normal 0 0 1
    outer loop
      vertex 117.61939766255644 1.913417161825449 1
      vertex 128.94720048457384 9.799999997019768 1
      vertex 117.40960632174178 2.3569836841299883 1
    endloop
  endfacet
  facet normal 0 0 1
    outer loop
      vertex 117.78470167866104 1.4514233862723116 1
      vertex 128.94720048457384 9.799999997019768 1
      vertex 117.61939766255644 1.913417161825449 1
    endloop
  endfacet
  facet normal 0 0 1
    outer loop
      vertex 117.40960632174178 2.3569836841299883 1
      vertex 128.94720048457384 9.799999997019768 1
      vertex 117.15734806151272 2.777851165098011 1
    endloop
  endfacet
  facet normal 0 0 1
    outer loop
      vertex 116.53553390593274 3.5355339059327378 1
      vertex 128.94720048457384 9.799999997019768 1
      vertex 116.17196642081822 3.865052266813685 1
    endloop
  endfacet
  facet normal 0 0 1
    outer loop
      vertex 115.77785116509801 4.157348061512726 1
      vertex 116.17196642081822 3.865052266813685 1
      vertex 128.94720048457384 9.799999997019768 1
    endloop
  endfacet
  facet normal 0 0 1
    outer loop
      vertex 114.91341716182545 4.619397662556434 1
      vertex 115.35698368412999 4.409606321741776 1
      vertex 128.94720048457384 9.799999997019768 1
    endloop
  endfacet
  facet normal 0 0 1
    outer loop
      vertex 115.77785116509801 4.157348061512726 1
      vertex 128.94720048457384 9.799999997019768 1
      vertex 115.35698368412999 4.409606321741776 1
    endloop
  endfacet
  facet normal 0 0 1
    outer loop
      vertex 114.45142338627231 4.784701678661044 1
      vertex 114.91341716182545 4.619397662556434 1
      vertex 128.94720048457384 9.799999997019768 1
    endloop
  endfacet
  facet normal 0 0 1
    outer loop
      vertex 116.86505226681369 3.1719664208182277 1
      vertex 117.15734806151272 2.777851165098011 1
      vertex 128.94720048457384 9.799999997019768 1
    endloop
  endfacet
  facet normal 0 0 1
    outer loop
      vertex 116.86505226681369 3.1719664208182277 1
      vertex 128.94720048457384 9.799999997019768 1
      vertex 116.53553390593274 3.5355339059327378 1
    endloop
  endfacet
  facet normal 0 0 1
    outer loop
      vertex 117.90392640201615 0.9754516100806412 1
      vertex 144.11141101270914 -9.799999997019768 1
      vertex 128.94720048457384 9.799999997019768 1
    endloop
  endfacet
  facet normal -0.7909186683793068 -0.6119212857950801 0
    outer loop
      vertex 128.94720048457384 9.799999997019768 1
      vertex 144.11141101270914 -9.799999997019768 4.4
      vertex 128.94720048457384 9.799999997019768 4.4
    endloop
  endfacet
  facet normal 0 0 1
    outer loop
      vertex 97.05279951542616 9.799999997019768 1
      vertex 114.45142338627231 4.784701678661044 1
      vertex 128.94720048457384 9.799999997019768 1
    endloop
  endfacet
  facet normal 0 -1 0
    outer loop
      vertex 97.05279951542616 9.799999997019768 1
      vertex 128.94720048457384 9.799999997019768 1
      vertex 128.94720048457384 9.799999997019768 4.4
    endloop
  endfacet
  facet normal 0.5956993044924408 0.8032075314806394 0
    outer loop
      vertex 109.82803357918178 -3.865052266813685 1
      vertex 110.22214883490199 -4.157348061512726 0
      vertex 109.82803357918178 -3.865052266813685 0
    endloop
  endfacet
  facet normal 0.671558954847013 0.7409511253549641 0
    outer loop
      vertex 109.46446609406726 -3.5355339059327378 1
      vertex 109.82803357918178 -3.865052266813685 0
      vertex 109.46446609406726 -3.5355339059327378 0
    endloop
  endfacet
  facet normal 0.671558954847013 0.7409511253549641 0
    outer loop
      vertex 109.82803357918178 -3.865052266813685 1
      vertex 109.82803357918178 -3.865052266813685 0
      vertex 109.46446609406726 -3.5355339059327378 1
    endloop
  endfacet
  facet normal 0.3368898533922174 0.9415440651830217 0
    outer loop
      vertex 111.08658283817455 -4.619397662556434 1
      vertex 111.54857661372769 -4.784701678661044 0
      vertex 111.08658283817455 -4.619397662556434 0
    endloop
  endfacet
  facet normal 0.4275550934302841 0.9039892931234423 0
    outer loop
      vertex 110.64301631587001 -4.409606321741776 1
      vertex 111.08658283817455 -4.619397662556434 0
      vertex 110.64301631587001 -4.409606321741776 0
    endloop
  endfacet
  facet normal 0.24298017990326456 0.9700312531945439 0
    outer loop
      vertex 111.54857661372769 -4.784701678661044 1
      vertex 112.02454838991936 -4.903926402016152 0
      vertex 111.54857661372769 -4.784701678661044 0
    endloop
  endfacet
  facet normal 0.14673047445536233 0.9891765099647809 0
    outer loop
      vertex 112.02454838991936 -4.903926402016152 1
      vertex 112.5099142983522 -4.975923633360985 0
      vertex 112.02454838991936 -4.903926402016152 0
    endloop
  endfacet
  facet normal 0.04906767432741743 0.9987954562051724 0
    outer loop
      vertex 112.5099142983522 -4.975923633360985 1
      vertex 113 -5 0
      vertex 112.5099142983522 -4.975923633360985 0
    endloop
  endfacet
  facet normal 0.3368898533922174 0.9415440651830217 0
    outer loop
      vertex 111.08658283817455 -4.619397662556434 1
      vertex 111.54857661372769 -4.784701678661044 1
      vertex 111.54857661372769 -4.784701678661044 0
    endloop
  endfacet
  facet normal 0.4275550934302841 0.9039892931234423 0
    outer loop
      vertex 110.64301631587001 -4.409606321741776 1
      vertex 111.08658283817455 -4.619397662556434 1
      vertex 111.08658283817455 -4.619397662556434 0
    endloop
  endfacet
  facet normal 0.24298017990326456 0.9700312531945439 0
    outer loop
      vertex 111.54857661372769 -4.784701678661044 1
      vertex 112.02454838991936 -4.903926402016152 1
      vertex 112.02454838991936 -4.903926402016152 0
    endloop
  endfacet
  facet normal 0.14673047445536233 0.9891765099647809 0
    outer loop
      vertex 112.02454838991936 -4.903926402016152 1
      vertex 112.5099142983522 -4.975923633360985 1
      vertex 112.5099142983522 -4.975923633360985 0
    endloop
  endfacet
  facet normal 0.514102744193218 0.8577286100002742 0
    outer loop
      vertex 110.22214883490199 -4.157348061512726 1
      vertex 110.64301631587001 -4.409606321741776 0
      vertex 110.22214883490199 -4.157348061512726 0
    endloop
  endfacet
  facet normal 0.514102744193218 0.8577286100002742 0
    outer loop
      vertex 110.64301631587001 -4.409606321741776 1
      vertex 110.64301631587001 -4.409606321741776 0
      vertex 110.22214883490199 -4.157348061512726 1
    endloop
  endfacet
  facet normal 0.5956993044924408 0.8032075314806394 0
    outer loop
      vertex 109.82803357918178 -3.865052266813685 1
      vertex 110.22214883490199 -4.157348061512726 1
      vertex 110.22214883490199 -4.157348061512726 0
    endloop
  endfacet
  facet normal 0.7409511253549523 0.6715589548470258 0
    outer loop
      vertex 109.13494773318631 -3.1719664208182277 1
      vertex 109.46446609406726 -3.5355339059327378 0
      vertex 109.13494773318631 -3.1719664208182277 0
    endloop
  endfacet
  facet normal 0.8032075314806569 0.5956993044924173 0
    outer loop
      vertex 108.84265193848728 -2.777851165098011 1
      vertex 109.13494773318631 -3.1719664208182277 0
      vertex 108.84265193848728 -2.777851165098011 0
    endloop
  endfacet
  facet normal 0.7409511253549523 0.6715589548470258 0
    outer loop
      vertex 109.46446609406726 -3.5355339059327378 1
      vertex 109.46446609406726 -3.5355339059327378 0
      vertex 109.13494773318631 -3.1719664208182277 1
    endloop
  endfacet
  facet normal 0.8032075314806569 0.5956993044924173 0
    outer loop
      vertex 108.84265193848728 -2.777851165098011 1
      vertex 109.13494773318631 -3.1719664208182277 1
      vertex 109.13494773318631 -3.1719664208182277 0
    endloop
  endfacet
  facet normal 0.857728610000266 0.5141027441932318 0
    outer loop
      vertex 108.84265193848728 -2.777851165098011 1
      vertex 108.84265193848728 -2.777851165098011 0
      vertex 108.59039367825822 -2.3569836841299883 1
    endloop
  endfacet
  facet normal 0.857728610000266 0.5141027441932318 0
    outer loop
      vertex 108.59039367825822 -2.3569836841299883 1
      vertex 108.84265193848728 -2.777851165098011 0
      vertex 108.59039367825822 -2.3569836841299883 0
    endloop
  endfacet
  facet normal 0.9039892931234415 0.4275550934302861 0
    outer loop
      vertex 108.38060233744356 -1.913417161825449 1
      vertex 108.59039367825822 -2.3569836841299883 0
      vertex 108.38060233744356 -1.913417161825449 0
    endloop
  endfacet
  facet normal 0.9039892931234415 0.4275550934302861 0
    outer loop
      vertex 108.59039367825822 -2.3569836841299883 1
      vertex 108.59039367825822 -2.3569836841299883 0
      vertex 108.38060233744356 -1.913417161825449 1
    endloop
  endfacet
  facet normal 0.941544065183028 0.33688985339219957 0
    outer loop
      vertex 108.38060233744356 -1.913417161825449 1
      vertex 108.38060233744356 -1.913417161825449 0
      vertex 108.21529832133896 -1.4514233862723116 1
    endloop
  endfacet
  facet normal 0.941544065183028 0.33688985339219957 0
    outer loop
      vertex 108.21529832133896 -1.4514233862723116 1
      vertex 108.38060233744356 -1.913417161825449 0
      vertex 108.21529832133896 -1.4514233862723116 0
    endloop
  endfacet
  facet normal 0.9700312531945395 0.24298017990328158 0
    outer loop
      vertex 108.09607359798385 -0.9754516100806412 1
      vertex 108.21529832133896 -1.4514233862723116 0
      vertex 108.09607359798385 -0.9754516100806412 0
    endloop
  endfacet
  facet normal 0.9700312531945395 0.24298017990328158 0
    outer loop
      vertex 108.21529832133896 -1.4514233862723116 1
      vertex 108.21529832133896 -1.4514233862723116 0
      vertex 108.09607359798385 -0.9754516100806412 1
    endloop
  endfacet
  facet normal 0.9891765099647792 0.1467304744553735 0
    outer loop
      vertex 108.02407636663901 -0.490085701647803 1
      vertex 108.09607359798385 -0.9754516100806412 0
      vertex 108.02407636663901 -0.490085701647803 0
    endloop
  endfacet
  facet normal 0.9987954562051732 0.04906767432740269 0
    outer loop
      vertex 108 0 1
      vertex 108.02407636663901 -0.490085701647803 0
      vertex 108 0 0
    endloop
  endfacet
  facet normal 0.9891765099647792 0.1467304744553735 0
    outer loop
      vertex 108.09607359798385 -0.9754516100806412 1
      vertex 108.09607359798385 -0.9754516100806412 0
      vertex 108.02407636663901 -0.490085701647803 1
    endloop
  endfacet
  facet normal 0.9987954562051732 0.04906767432740269 0
    outer loop
      vertex 108.02407636663901 -0.490085701647803 1
      vertex 108.02407636663901 -0.490085701647803 0
      vertex 108 0 1
    endloop
  endfacet
  facet normal 0.9987954562051732 -0.04906767432740269 0
    outer loop
      vertex 108.02407636663901 0.490085701647803 1
      vertex 108 0 0
      vertex 108.02407636663901 0.490085701647803 0
    endloop
  endfacet
  facet normal 0.9891765099647792 -0.1467304744553735 0
    outer loop
      vertex 108.09607359798385 0.9754516100806412 1
      vertex 108.02407636663901 0.490085701647803 0
      vertex 108.09607359798385 0.9754516100806412 0
    endloop
  endfacet
  facet normal 0.9987954562051732 -0.04906767432740269 0
    outer loop
      vertex 108 0 1
      vertex 108 0 0
      vertex 108.02407636663901 0.490085701647803 1
    endloop
  endfacet
  facet normal 0.9891765099647792 -0.1467304744553735 0
    outer loop
      vertex 108.02407636663901 0.490085701647803 1
      vertex 108.02407636663901 0.490085701647803 0
      vertex 108.09607359798385 0.9754516100806412 1
    endloop
  endfacet
  facet normal 0.9700312531945395 -0.24298017990328158 0
    outer loop
      vertex 108.21529832133896 1.4514233862723116 1
      vertex 108.09607359798385 0.9754516100806412 0
      vertex 108.21529832133896 1.4514233862723116 0
    endloop
  endfacet
  facet normal 0.9700312531945395 -0.24298017990328158 0
    outer loop
      vertex 108.09607359798385 0.9754516100806412 1
      vertex 108.09607359798385 0.9754516100806412 0
      vertex 108.21529832133896 1.4514233862723116 1
    endloop
  endfacet
  facet normal 0.941544065183028 -0.33688985339219957 0
    outer loop
      vertex 108.21529832133896 1.4514233862723116 1
      vertex 108.21529832133896 1.4514233862723116 0
      vertex 108.38060233744356 1.913417161825449 1
    endloop
  endfacet
  facet normal 0.941544065183028 -0.33688985339219957 0
    outer loop
      vertex 108.38060233744356 1.913417161825449 1
      vertex 108.21529832133896 1.4514233862723116 0
      vertex 108.38060233744356 1.913417161825449 0
    endloop
  endfacet
  facet normal 0.9039892931234415 -0.4275550934302861 0
    outer loop
      vertex 108.59039367825822 2.3569836841299883 1
      vertex 108.38060233744356 1.913417161825449 0
      vertex 108.59039367825822 2.3569836841299883 0
    endloop
  endfacet
  facet normal 0.9039892931234415 -0.4275550934302861 0
    outer loop
      vertex 108.38060233744356 1.913417161825449 1
      vertex 108.38060233744356 1.913417161825449 0
      vertex 108.59039367825822 2.3569836841299883 1
    endloop
  endfacet
  facet normal 0.857728610000266 -0.5141027441932318 0
    outer loop
      vertex 108.59039367825822 2.3569836841299883 1
      vertex 108.59039367825822 2.3569836841299883 0
      vertex 108.84265193848728 2.777851165098011 1
    endloop
  endfacet
  facet normal 0.857728610000266 -0.5141027441932318 0
    outer loop
      vertex 108.84265193848728 2.777851165098011 1
      vertex 108.59039367825822 2.3569836841299883 0
      vertex 108.84265193848728 2.777851165098011 0
    endloop
  endfacet
  facet normal 0.8032075314806569 -0.5956993044924173 0
    outer loop
      vertex 109.13494773318631 3.1719664208182277 1
      vertex 108.84265193848728 2.777851165098011 0
      vertex 109.13494773318631 3.1719664208182277 0
    endloop
  endfacet
  facet normal 0.7409511253549523 -0.6715589548470258 0
    outer loop
      vertex 109.46446609406726 3.5355339059327378 1
      vertex 109.13494773318631 3.1719664208182277 0
      vertex 109.46446609406726 3.5355339059327378 0
    endloop
  endfacet
  facet normal 0.8032075314806569 -0.5956993044924173 0
    outer loop
      vertex 108.84265193848728 2.777851165098011 1
      vertex 108.84265193848728 2.777851165098011 0
      vertex 109.13494773318631 3.1719664208182277 1
    endloop
  endfacet
  facet normal 0.7409511253549523 -0.6715589548470258 0
    outer loop
      vertex 109.13494773318631 3.1719664208182277 1
      vertex 109.13494773318631 3.1719664208182277 0
      vertex 109.46446609406726 3.5355339059327378 1
    endloop
  endfacet
  facet normal 0.671558954847013 -0.7409511253549641 0
    outer loop
      vertex 109.82803357918178 3.865052266813685 1
      vertex 109.46446609406726 3.5355339059327378 0
      vertex 109.82803357918178 3.865052266813685 0
    endloop
  endfacet
  facet normal 0.671558954847013 -0.7409511253549641 0
    outer loop
      vertex 109.46446609406726 3.5355339059327378 1
      vertex 109.46446609406726 3.5355339059327378 0
      vertex 109.82803357918178 3.865052266813685 1
    endloop
  endfacet
  facet normal 0.5956993044924408 -0.8032075314806394 0
    outer loop
      vertex 109.82803357918178 3.865052266813685 1
      vertex 109.82803357918178 3.865052266813685 0
      vertex 110.22214883490199 4.157348061512726 1
    endloop
  endfacet
  facet normal 0.5956993044924408 -0.8032075314806394 0
    outer loop
      vertex 110.22214883490199 4.157348061512726 1
      vertex 109.82803357918178 3.865052266813685 0
      vertex 110.22214883490199 4.157348061512726 0
    endloop
  endfacet
  facet normal 0.514102744193218 -0.8577286100002742 0
    outer loop
      vertex 110.64301631587001 4.409606321741776 1
      vertex 110.22214883490199 4.157348061512726 0
      vertex 110.64301631587001 4.409606321741776 0
    endloop
  endfacet
  facet normal 0.514102744193218 -0.8577286100002742 0
    outer loop
      vertex 110.22214883490199 4.157348061512726 1
      vertex 110.22214883490199 4.157348061512726 0
      vertex 110.64301631587001 4.409606321741776 1
    endloop
  endfacet
  facet normal 0.4275550934302841 -0.9039892931234423 0
    outer loop
      vertex 111.08658283817455 4.619397662556434 1
      vertex 110.64301631587001 4.409606321741776 0
      vertex 111.08658283817455 4.619397662556434 0
    endloop
  endfacet
  facet normal 0.3368898533922174 -0.9415440651830217 0
    outer loop
      vertex 111.54857661372769 4.784701678661044 1
      vertex 111.08658283817455 4.619397662556434 0
      vertex 111.54857661372769 4.784701678661044 0
    endloop
  endfacet
  facet normal 0.24298017990326456 -0.9700312531945439 0
    outer loop
      vertex 112.02454838991936 4.903926402016152 1
      vertex 111.54857661372769 4.784701678661044 0
      vertex 112.02454838991936 4.903926402016152 0
    endloop
  endfacet
  facet normal 0.14673047445536233 -0.9891765099647809 0
    outer loop
      vertex 112.5099142983522 4.975923633360985 1
      vertex 112.02454838991936 4.903926402016152 0
      vertex 112.5099142983522 4.975923633360985 0
    endloop
  endfacet
  facet normal 0.4275550934302841 -0.9039892931234423 0
    outer loop
      vertex 110.64301631587001 4.409606321741776 1
      vertex 110.64301631587001 4.409606321741776 0
      vertex 111.08658283817455 4.619397662556434 1
    endloop
  endfacet
  facet normal 0.3368898533922174 -0.9415440651830217 0
    outer loop
      vertex 111.08658283817455 4.619397662556434 1
      vertex 111.08658283817455 4.619397662556434 0
      vertex 111.54857661372769 4.784701678661044 1
    endloop
  endfacet
  facet normal 0.24298017990326456 -0.9700312531945439 0
    outer loop
      vertex 111.54857661372769 4.784701678661044 1
      vertex 111.54857661372769 4.784701678661044 0
      vertex 112.02454838991936 4.903926402016152 1
    endloop
  endfacet
  facet normal 0.14673047445536233 -0.9891765099647809 0
    outer loop
      vertex 112.02454838991936 4.903926402016152 1
      vertex 112.02454838991936 4.903926402016152 0
      vertex 112.5099142983522 4.975923633360985 1
    endloop
  endfacet
  facet normal 0.04906767432741743 -0.9987954562051724 0
    outer loop
      vertex 112.5099142983522 4.975923633360985 1
      vertex 112.5099142983522 4.975923633360985 0
      vertex 113 5 1
    endloop
  endfacet
  facet normal -0.04906767432741743 0.9987954562051724 0
    outer loop
      vertex 113 -5 1
      vertex 113.4900857016478 -4.975923633360985 0
      vertex 113 -5 0
    endloop
  endfacet
  facet normal -0.14673047445536233 0.9891765099647809 0
    outer loop
      vertex 113.4900857016478 -4.975923633360985 1
      vertex 113.97545161008064 -4.903926402016152 0
      vertex 113.4900857016478 -4.975923633360985 0
    endloop
  endfacet
  facet normal -0.24298017990326456 0.9700312531945439 0
    outer loop
      vertex 113.97545161008064 -4.903926402016152 1
      vertex 114.45142338627231 -4.784701678661044 0
      vertex 113.97545161008064 -4.903926402016152 0
    endloop
  endfacet
  facet normal -0.3368898533922174 0.9415440651830217 0
    outer loop
      vertex 114.45142338627231 -4.784701678661044 1
      vertex 114.91341716182545 -4.619397662556434 0
      vertex 114.45142338627231 -4.784701678661044 0
    endloop
  endfacet
  facet normal -0.4275550934302841 0.9039892931234423 0
    outer loop
      vertex 114.91341716182545 -4.619397662556434 1
      vertex 115.35698368412999 -4.409606321741776 0
      vertex 114.91341716182545 -4.619397662556434 0
    endloop
  endfacet
  facet normal 0.04906767432741743 0.9987954562051724 0
    outer loop
      vertex 112.5099142983522 -4.975923633360985 1
      vertex 113 -5 1
      vertex 113 -5 0
    endloop
  endfacet
  facet normal -0.04906767432741743 0.9987954562051724 0
    outer loop
      vertex 113 -5 1
      vertex 113.4900857016478 -4.975923633360985 1
      vertex 113.4900857016478 -4.975923633360985 0
    endloop
  endfacet
  facet normal -0.14673047445536233 0.9891765099647809 0
    outer loop
      vertex 113.4900857016478 -4.975923633360985 1
      vertex 113.97545161008064 -4.903926402016152 1
      vertex 113.97545161008064 -4.903926402016152 0
    endloop
  endfacet
  facet normal -0.24298017990326456 0.9700312531945439 0
    outer loop
      vertex 113.97545161008064 -4.903926402016152 1
      vertex 114.45142338627231 -4.784701678661044 1
      vertex 114.45142338627231 -4.784701678661044 0
    endloop
  endfacet
  facet normal -0.3368898533922174 0.9415440651830217 0
    outer loop
      vertex 114.45142338627231 -4.784701678661044 1
      vertex 114.91341716182545 -4.619397662556434 1
      vertex 114.91341716182545 -4.619397662556434 0
    endloop
  endfacet
  facet normal -0.4275550934302841 0.9039892931234423 0
    outer loop
      vertex 114.91341716182545 -4.619397662556434 1
      vertex 115.35698368412999 -4.409606321741776 1
      vertex 115.35698368412999 -4.409606321741776 0
    endloop
  endfacet
  facet normal -0.514102744193218 0.8577286100002742 0
    outer loop
      vertex 115.35698368412999 -4.409606321741776 1
      vertex 115.77785116509801 -4.157348061512726 0
      vertex 115.35698368412999 -4.409606321741776 0
    endloop
  endfacet
  facet normal -0.5956993044924408 0.8032075314806394 0
    outer loop
      vertex 115.77785116509801 -4.157348061512726 1
      vertex 116.17196642081822 -3.865052266813685 0
      vertex 115.77785116509801 -4.157348061512726 0
    endloop
  endfacet
  facet normal -0.671558954847013 0.7409511253549641 0
    outer loop
      vertex 116.17196642081822 -3.865052266813685 1
      vertex 116.53553390593274 -3.5355339059327378 0
      vertex 116.17196642081822 -3.865052266813685 0
    endloop
  endfacet
  facet normal -0.514102744193218 0.8577286100002742 0
    outer loop
      vertex 115.35698368412999 -4.409606321741776 1
      vertex 115.77785116509801 -4.157348061512726 1
      vertex 115.77785116509801 -4.157348061512726 0
    endloop
  endfacet
  facet normal -0.5956993044924408 0.8032075314806394 0
    outer loop
      vertex 115.77785116509801 -4.157348061512726 1
      vertex 116.17196642081822 -3.865052266813685 1
      vertex 116.17196642081822 -3.865052266813685 0
    endloop
  endfacet
  facet normal -0.671558954847013 0.7409511253549641 0
    outer loop
      vertex 116.17196642081822 -3.865052266813685 1
      vertex 116.53553390593274 -3.5355339059327378 1
      vertex 116.53553390593274 -3.5355339059327378 0
    endloop
  endfacet
  facet normal -0.7409511253549523 0.6715589548470258 0
    outer loop
      vertex 116.53553390593274 -3.5355339059327378 1
      vertex 116.86505226681369 -3.1719664208182277 0
      vertex 116.53553390593274 -3.5355339059327378 0
    endloop
  endfacet
  facet normal -0.8032075314806569 0.5956993044924173 0
    outer loop
      vertex 116.86505226681369 -3.1719664208182277 1
      vertex 117.15734806151272 -2.777851165098011 0
      vertex 116.86505226681369 -3.1719664208182277 0
    endloop
  endfacet
  facet normal -0.857728610000266 0.5141027441932318 0
    outer loop
      vertex 117.15734806151272 -2.777851165098011 1
      vertex 117.40960632174178 -2.3569836841299883 0
      vertex 117.15734806151272 -2.777851165098011 0
    endloop
  endfacet
  facet normal -0.7409511253549523 0.6715589548470258 0
    outer loop
      vertex 116.53553390593274 -3.5355339059327378 1
      vertex 116.86505226681369 -3.1719664208182277 1
      vertex 116.86505226681369 -3.1719664208182277 0
    endloop
  endfacet
  facet normal -0.8032075314806569 0.5956993044924173 0
    outer loop
      vertex 116.86505226681369 -3.1719664208182277 1
      vertex 117.15734806151272 -2.777851165098011 1
      vertex 117.15734806151272 -2.777851165098011 0
    endloop
  endfacet
  facet normal -0.9039892931234415 0.4275550934302861 0
    outer loop
      vertex 117.40960632174178 -2.3569836841299883 1
      vertex 117.61939766255644 -1.913417161825449 0
      vertex 117.40960632174178 -2.3569836841299883 0
    endloop
  endfacet
  facet normal -0.941544065183028 0.33688985339219957 0
    outer loop
      vertex 117.61939766255644 -1.913417161825449 1
      vertex 117.78470167866104 -1.4514233862723116 0
      vertex 117.61939766255644 -1.913417161825449 0
    endloop
  endfacet
  facet normal -0.857728610000266 0.5141027441932318 0
    outer loop
      vertex 117.15734806151272 -2.777851165098011 1
      vertex 117.40960632174178 -2.3569836841299883 1
      vertex 117.40960632174178 -2.3569836841299883 0
    endloop
  endfacet
  facet normal -0.9039892931234415 0.4275550934302861 0
    outer loop
      vertex 117.40960632174178 -2.3569836841299883 1
      vertex 117.61939766255644 -1.913417161825449 1
      vertex 117.61939766255644 -1.913417161825449 0
    endloop
  endfacet
  facet normal -0.9700312531945395 0.24298017990328158 0
    outer loop
      vertex 117.78470167866104 -1.4514233862723116 1
      vertex 117.90392640201615 -0.9754516100806412 0
      vertex 117.78470167866104 -1.4514233862723116 0
    endloop
  endfacet
  facet normal -0.941544065183028 0.33688985339219957 0
    outer loop
      vertex 117.61939766255644 -1.913417161825449 1
      vertex 117.78470167866104 -1.4514233862723116 1
      vertex 117.78470167866104 -1.4514233862723116 0
    endloop
  endfacet
  facet normal -0.9700312531945395 0.24298017990328158 0
    outer loop
      vertex 117.78470167866104 -1.4514233862723116 1
      vertex 117.90392640201615 -0.9754516100806412 1
      vertex 117.90392640201615 -0.9754516100806412 0
    endloop
  endfacet
  facet normal -0.9891765099647792 0.1467304744553735 0
    outer loop
      vertex 117.90392640201615 -0.9754516100806412 1
      vertex 117.97592363336099 -0.490085701647803 0
      vertex 117.90392640201615 -0.9754516100806412 0
    endloop
  endfacet
  facet normal -0.9987954562051732 0.04906767432740269 0
    outer loop
      vertex 117.97592363336099 -0.490085701647803 1
      vertex 118 0 0
      vertex 117.97592363336099 -0.490085701647803 0
    endloop
  endfacet
  facet normal -0.9891765099647792 0.1467304744553735 0
    outer loop
      vertex 117.90392640201615 -0.9754516100806412 1
      vertex 117.97592363336099 -0.490085701647803 1
      vertex 117.97592363336099 -0.490085701647803 0
    endloop
  endfacet
  facet normal -0.9987954562051732 0.04906767432740269 0
    outer loop
      vertex 117.97592363336099 -0.490085701647803 1
      vertex 118 0 1
      vertex 118 0 0
    endloop
  endfacet
  facet normal -0.9987954562051732 -0.04906767432740269 0
    outer loop
      vertex 118 0 1
      vertex 117.97592363336099 0.490085701647803 0
      vertex 118 0 0
    endloop
  endfacet
  facet normal -0.9891765099647792 -0.1467304744553735 0
    outer loop
      vertex 117.97592363336099 0.490085701647803 1
      vertex 117.90392640201615 0.9754516100806412 0
      vertex 117.97592363336099 0.490085701647803 0
    endloop
  endfacet
  facet normal -0.9987954562051732 -0.04906767432740269 0
    outer loop
      vertex 118 0 1
      vertex 117.97592363336099 0.490085701647803 1
      vertex 117.97592363336099 0.490085701647803 0
    endloop
  endfacet
  facet normal -0.9891765099647792 -0.1467304744553735 0
    outer loop
      vertex 117.97592363336099 0.490085701647803 1
      vertex 117.90392640201615 0.9754516100806412 1
      vertex 117.90392640201615 0.9754516100806412 0
    endloop
  endfacet
  facet normal -0.9700312531945395 -0.24298017990328158 0
    outer loop
      vertex 117.90392640201615 0.9754516100806412 1
      vertex 117.78470167866104 1.4514233862723116 0
      vertex 117.90392640201615 0.9754516100806412 0
    endloop
  endfacet
  facet normal -0.941544065183028 -0.33688985339219957 0
    outer loop
      vertex 117.78470167866104 1.4514233862723116 1
      vertex 117.61939766255644 1.913417161825449 0
      vertex 117.78470167866104 1.4514233862723116 0
    endloop
  endfacet
  facet normal -0.9700312531945395 -0.24298017990328158 0
    outer loop
      vertex 117.90392640201615 0.9754516100806412 1
      vertex 117.78470167866104 1.4514233862723116 1
      vertex 117.78470167866104 1.4514233862723116 0
    endloop
  endfacet
  facet normal -0.9039892931234415 -0.4275550934302861 0
    outer loop
      vertex 117.61939766255644 1.913417161825449 1
      vertex 117.40960632174178 2.3569836841299883 0
      vertex 117.61939766255644 1.913417161825449 0
    endloop
  endfacet
  facet normal -0.857728610000266 -0.5141027441932318 0
    outer loop
      vertex 117.40960632174178 2.3569836841299883 1
      vertex 117.15734806151272 2.777851165098011 0
      vertex 117.40960632174178 2.3569836841299883 0
    endloop
  endfacet
  facet normal -0.941544065183028 -0.33688985339219957 0
    outer loop
      vertex 117.78470167866104 1.4514233862723116 1
      vertex 117.61939766255644 1.913417161825449 1
      vertex 117.61939766255644 1.913417161825449 0
    endloop
  endfacet
  facet normal -0.9039892931234415 -0.4275550934302861 0
    outer loop
      vertex 117.61939766255644 1.913417161825449 1
      vertex 117.40960632174178 2.3569836841299883 1
      vertex 117.40960632174178 2.3569836841299883 0
    endloop
  endfacet
  facet normal -0.7409511253549523 -0.6715589548470258 0
    outer loop
      vertex 116.86505226681369 3.1719664208182277 1
      vertex 116.53553390593274 3.5355339059327378 0
      vertex 116.86505226681369 3.1719664208182277 0
    endloop
  endfacet
  facet normal -0.8032075314806569 -0.5956993044924173 0
    outer loop
      vertex 117.15734806151272 2.777851165098011 1
      vertex 116.86505226681369 3.1719664208182277 0
      vertex 117.15734806151272 2.777851165098011 0
    endloop
  endfacet
  facet normal -0.7409511253549523 -0.6715589548470258 0
    outer loop
      vertex 116.86505226681369 3.1719664208182277 1
      vertex 116.53553390593274 3.5355339059327378 1
      vertex 116.53553390593274 3.5355339059327378 0
    endloop
  endfacet
  facet normal -0.857728610000266 -0.5141027441932318 0
    outer loop
      vertex 117.40960632174178 2.3569836841299883 1
      vertex 117.15734806151272 2.777851165098011 1
      vertex 117.15734806151272 2.777851165098011 0
    endloop
  endfacet
  facet normal -0.8032075314806569 -0.5956993044924173 0
    outer loop
      vertex 116.86505226681369 3.1719664208182277 1
      vertex 116.86505226681369 3.1719664208182277 0
      vertex 117.15734806151272 2.777851165098011 1
    endloop
  endfacet
  facet normal 0.04906767432741743 -0.9987954562051724 0
    outer loop
      vertex 113 5 1
      vertex 112.5099142983522 4.975923633360985 0
      vertex 113 5 0
    endloop
  endfacet
  facet normal -0.04906767432741743 -0.9987954562051724 0
    outer loop
      vertex 113.4900857016478 4.975923633360985 1
      vertex 113 5 0
      vertex 113.4900857016478 4.975923633360985 0
    endloop
  endfacet
  facet normal -0.14673047445536233 -0.9891765099647809 0
    outer loop
      vertex 113.97545161008064 4.903926402016152 1
      vertex 113.4900857016478 4.975923633360985 0
      vertex 113.97545161008064 4.903926402016152 0
    endloop
  endfacet
  facet normal -0.4275550934302841 -0.9039892931234423 0
    outer loop
      vertex 115.35698368412999 4.409606321741776 1
      vertex 114.91341716182545 4.619397662556434 0
      vertex 115.35698368412999 4.409606321741776 0
    endloop
  endfacet
  facet normal -0.3368898533922174 -0.9415440651830217 0
    outer loop
      vertex 114.91341716182545 4.619397662556434 1
      vertex 114.45142338627231 4.784701678661044 0
      vertex 114.91341716182545 4.619397662556434 0
    endloop
  endfacet
  facet normal -0.24298017990326456 -0.9700312531945439 0
    outer loop
      vertex 114.45142338627231 4.784701678661044 1
      vertex 113.97545161008064 4.903926402016152 0
      vertex 114.45142338627231 4.784701678661044 0
    endloop
  endfacet
  facet normal -0.04906767432741743 -0.9987954562051724 0
    outer loop
      vertex 113.4900857016478 4.975923633360985 1
      vertex 113 5 1
      vertex 113 5 0
    endloop
  endfacet
  facet normal -0.14673047445536233 -0.9891765099647809 0
    outer loop
      vertex 113.4900857016478 4.975923633360985 1
      vertex 113.4900857016478 4.975923633360985 0
      vertex 113.97545161008064 4.903926402016152 1
    endloop
  endfacet
  facet normal -0.3368898533922174 -0.9415440651830217 0
    outer loop
      vertex 114.45142338627231 4.784701678661044 1
      vertex 114.45142338627231 4.784701678661044 0
      vertex 114.91341716182545 4.619397662556434 1
    endloop
  endfacet
  facet normal -0.4275550934302841 -0.9039892931234423 0
    outer loop
      vertex 114.91341716182545 4.619397662556434 1
      vertex 114.91341716182545 4.619397662556434 0
      vertex 115.35698368412999 4.409606321741776 1
    endloop
  endfacet
  facet normal -0.24298017990326456 -0.9700312531945439 0
    outer loop
      vertex 113.97545161008064 4.903926402016152 1
      vertex 113.97545161008064 4.903926402016152 0
      vertex 114.45142338627231 4.784701678661044 1
    endloop
  endfacet
  facet normal -0.671558954847013 -0.7409511253549641 0
    outer loop
      vertex 116.53553390593274 3.5355339059327378 1
      vertex 116.17196642081822 3.865052266813685 0
      vertex 116.53553390593274 3.5355339059327378 0
    endloop
  endfacet
  facet normal -0.5956993044924408 -0.8032075314806394 0
    outer loop
      vertex 116.17196642081822 3.865052266813685 1
      vertex 115.77785116509801 4.157348061512726 0
      vertex 116.17196642081822 3.865052266813685 0
    endloop
  endfacet
  facet normal -0.514102744193218 -0.8577286100002742 0
    outer loop
      vertex 115.77785116509801 4.157348061512726 1
      vertex 115.35698368412999 4.409606321741776 0
      vertex 115.77785116509801 4.157348061512726 0
    endloop
  endfacet
  facet normal -0.671558954847013 -0.7409511253549641 0
    outer loop
      vertex 116.53553390593274 3.5355339059327378 1
      vertex 116.17196642081822 3.865052266813685 1
      vertex 116.17196642081822 3.865052266813685 0
    endloop
  endfacet
  facet normal -0.5956993044924408 -0.8032075314806394 0
    outer loop
      vertex 115.77785116509801 4.157348061512726 1
      vertex 115.77785116509801 4.157348061512726 0
      vertex 116.17196642081822 3.865052266813685 1
    endloop
  endfacet
  facet normal -0.514102744193218 -0.8577286100002742 0
    outer loop
      vertex 115.77785116509801 4.157348061512726 1
      vertex 115.35698368412999 4.409606321741776 1
      vertex 115.35698368412999 4.409606321741776 0
    endloop
  endfacet
  facet normal 0.2429801799032652 1.6313675020562564e-16 0.9700312531945435
    outer loop
      vertex 149.35490740740738 -9.398651125118812 9.634157069985
      vertex 149.65718722814543 9.258735385245739 9.558439916561149
      vertex 149.25829193647323 -9.424465219048955 9.658357985606747
    endloop
  endfacet
  facet normal 0.24298017990328982 0 0.9700312531945375
    outer loop
      vertex 149.65718722814546 -9.258735385245737 9.55843991656115
      vertex 149.82945806790323 -9.177154330245875 9.515288317580618
      vertex 149.82945806790323 9.177154330245875 9.515288317580618
    endloop
  endfacet
  facet normal 0.14673047445536067 1.0361984636776316e-16 0.9891765099647812
    outer loop
      vertex 150.01 -9.068710236861733 9.488507451790964
      vertex 150.319170743801 8.81972930195187 9.442646304191273
      vertex 149.82945806790323 -9.177154330245875 9.515288317580618
    endloop
  endfacet
  facet normal 0.14673047445535675 1.719187535461572e-16 0.9891765099647818
    outer loop
      vertex 150.01 -9.068710236861733 9.488507451790964
      vertex 150.11494379537262 -8.985337212868789 9.472940510268343
      vertex 150.319170743801 8.81972930195187 9.442646304191273
    endloop
  endfacet
  facet normal 0.24298017990324766 4.1881177504230924e-16 0.9700312531945481
    outer loop
      vertex 149.65718722814546 -9.258735385245737 9.55843991656115
      vertex 149.82945806790323 9.177154330245875 9.515288317580618
      vertex 149.35490740740738 -9.398651125118812 9.634157069985
    endloop
  endfacet
  facet normal 0.3368898533922375 0 0.9415440651830145
    outer loop
      vertex 149.04415018042369 -9.453354316385784 9.734979131093617
      vertex 149.25829193647323 -9.424465219048955 9.658357985606747
      vertex 149.25829193647323 9.424465219048955 9.658357985606747
    endloop
  endfacet
  facet normal 0.33688985339221317 3.106756029675992e-16 0.9415440651830232
    outer loop
      vertex 149.04415018042369 -9.453354316385784 9.734979131093617
      vertex 149.25829193647323 9.424465219048955 9.658357985606747
      vertex 148.70389940580947 -9.496652782031028 9.85672280493228
    endloop
  endfacet
  facet normal 0.595699304492442 -4.141462117068664e-17 0.8032075314806384
    outer loop
      vertex 147.61319791166738 -9.27270994926753 10.450772144243057
      vertex 147.66657860188238 9.299282280778037 10.41118232618473
      vertex 147.19364029501813 -9.023030098595097 10.761937279823579
    endloop
  endfacet
  facet normal 0.4275550934302741 0 0.9039892931234471
    outer loop
      vertex 148.6025925925926 -9.495306329211141 9.904637359141658
      vertex 148.70389940580947 -9.496652782031028 9.85672280493228
      vertex 148.70389940580947 9.496652782031028 9.85672280493228
    endloop
  endfacet
  facet normal 0.4275550934302733 5.744159556644673e-18 0.9039892931234476
    outer loop
      vertex 148.6025925925926 -9.495306329211141 9.904637359141658
      vertex 148.70389940580947 9.496652782031028 9.85672280493228
      vertex 148.171619579044 -9.44534782860911 10.10847241390987
    endloop
  endfacet
  facet normal 0.5141027441932482 0 0.8577286100002564
    outer loop
      vertex 148.0664064342077 -9.416919292809785 10.171534746044896
      vertex 148.171619579044 -9.44534782860911 10.10847241390987
      vertex 148.171619579044 9.44534782860911 10.10847241390987
    endloop
  endfacet
  facet normal 0.5141027441932083 3.022564422549335e-16 0.8577286100002802
    outer loop
      vertex 148.0664064342077 -9.416919292809785 10.171534746044896
      vertex 148.171619579044 9.44534782860911 10.10847241390987
      vertex 147.8225 -9.350085525301687 10.317726636685595
    endloop
  endfacet
  facet normal 0.5141027441932243 4.962155328665145e-16 0.8577286100002706
    outer loop
      vertex 147.8225 -9.350085525301687 10.317726636685595
      vertex 148.06640643420766 9.416919292809785 10.171534746044896
      vertex 147.66657860188238 -9.299282280778037 10.41118232618473
    endloop
  endfacet
  facet normal 0.5956993044924329 0 0.8032075314806454
    outer loop
      vertex 147.61319791166738 -9.27270994926753 10.450772144243057
      vertex 147.66657860188238 -9.299282280778037 10.41118232618473
      vertex 147.66657860188238 9.299282280778037 10.41118232618473
    endloop
  endfacet
  facet normal 0.1467304744553443 0 0.9891765099647835
    outer loop
      vertex 150.319170743801 -8.81972930195187 9.442646304191273
      vertex 150.41189715802264 -8.736527046421516 9.42889163996682
      vertex 150.41189715802264 8.736527046421516 9.42889163996682
    endloop
  endfacet
  facet normal 0.049067674327415677 9.673236705243516e-17 0.9987954562051725
    outer loop
      vertex 150.4778872654251 -8.66772945075262 9.425649753874188
      vertex 150.78604738797696 8.312492742717023 9.41051081782864
      vertex 150.41189715802264 -8.736527046421516 9.42889163996682
    endloop
  endfacet
  facet normal 0.04906767432741397 1.2778800170936262e-16 0.9987954562051726
    outer loop
      vertex 150.4778872654251 -8.66772945075262 9.425649753874188
      vertex 150.5736574074074 -8.565960805247842 9.420944868496623
      vertex 150.78604738797696 8.312492742717023 9.41051081782864
    endloop
  endfacet
  facet normal 0.04906767432742422 -1.0609647487345159e-16 0.9987954562051721
    outer loop
      vertex 150.78604738797696 -8.312492742717023 9.41051081782864
      vertex 151 8.051368369042777 9.4
      vertex 150.5736574074074 -8.565960805247842 9.420944868496623
    endloop
  endfacet
  facet normal -0.049067674327429145 1.9740460795364794e-16 0.9987954562051718
    outer loop
      vertex 151.04003207050843 -7.996612608329083 9.40196664951383
      vertex 151.30704855353832 7.524333438756615 9.41508432816161
      vertex 151 -8.051368369042777 9.4
    endloop
  endfacet
  facet normal 0.04906767432741613 0 0.9987954562051725
    outer loop
      vertex 150.78604738797696 -8.312492742717023 9.41051081782864
      vertex 151 -8.051368369042777 9.4
      vertex 151 8.051368369042777 9.4
    endloop
  endfacet
  facet normal -0.04906767432742133 6.23196308735055e-17 0.9987954562051722
    outer loop
      vertex 151.04003207050843 -7.996612608329083 9.40196664951383
      vertex 151.0710315203427 -7.9485088876939765 9.403489554828774
      vertex 151.30704855353832 7.524333438756615 9.41508432816161
    endloop
  endfacet
  facet normal -0.04906767432739104 -4.0085887742685127e-16 0.9987954562051737
    outer loop
      vertex 151.0710315203427 -7.9485088876939765 9.403489554828774
      vertex 151.10259259259257 -7.89848927915076 9.405040050883755
      vertex 151.30704855353832 7.524333438756615 9.41508432816161
    endloop
  endfacet
  facet normal -0.049067674327421165 -2.8332369902719856e-17 0.9987954562051722
    outer loop
      vertex 151.30704855353832 -7.524333438756615 9.41508432816161
      vertex 151.4738246718934 7.212699580219931 9.423277513473176
      vertex 151.10259259259257 -7.89848927915076 9.405040050883755
    endloop
  endfacet
  facet normal 0.1467304744553714 0 0.9891765099647795
    outer loop
      vertex 150.11494379537262 -8.985337212868789 9.472940510268343
      vertex 150.319170743801 -8.81972930195187 9.442646304191273
      vertex 150.319170743801 8.81972930195187 9.442646304191273
    endloop
  endfacet
  facet normal -0.04906767432741281 -1.2306190694499723e-16 0.9987954562051726
    outer loop
      vertex 151.30704855353832 -7.524333438756615 9.41508432816161
      vertex 151.4738246718934 -7.212699580219931 9.423277513473174
      vertex 151.4738246718934 7.212699580219931 9.423277513473176
    endloop
  endfacet
  facet normal -0.04906767432744745 0 0.998795456205171
    outer loop
      vertex 151.4738246718934 -7.212699580219931 9.423277513473174
      vertex 151.52948338830154 -7.093009503743309 9.42601185087252
      vertex 151.52948338830154 7.093009503743308 9.42601185087252
    endloop
  endfacet
  facet normal -0.04906767432740441 0 0.9987954562051731
    outer loop
      vertex 151.52948338830154 -7.093009503743309 9.42601185087252
      vertex 151.58810284197736 -6.9643402902651825 9.42889163996682
      vertex 151.58810284197736 6.9643402902651825 9.42889163996682
    endloop
  endfacet
  facet normal -0.14673047445539034 6.294341907014175e-16 0.9891765099647767
    outer loop
      vertex 151.60375 -6.926639621504534 9.431212676604275
      vertex 151.88142557724925 6.090817169155687 9.472401957570824
      vertex 151.58810284197736 -6.9643402902651825 9.42889163996682
    endloop
  endfacet
  facet normal -0.14673047445539206 6.669722789848582e-16 0.9891765099647765
    outer loop
      vertex 151.71719704910006 -6.609166727524919 9.44804095666585
      vertex 151.88142557724925 6.090817169155687 9.472401957570824
      vertex 151.60375 -6.926639621504534 9.431212676604275
    endloop
  endfacet
  facet normal -0.14673047445529808 -1.2961552499160753e-15 0.9891765099647905
    outer loop
      vertex 151.71719704910006 -6.609166727524919 9.44804095666585
      vertex 151.77985070810632 -6.430784982068947 9.45733474904743
      vertex 152.012097827338 5.645958870012806 9.491785354831599
    endloop
  endfacet
  facet normal -0.14673047445536638 4.559964458995769e-17 0.9891765099647803
    outer loop
      vertex 151.88142557724925 -6.090817169155686 9.472401957570824
      vertex 152.012097827338 5.645958870012806 9.491785354831599
      vertex 151.77985070810632 -6.430784982068947 9.45733474904743
    endloop
  endfacet
  facet normal -0.1467304744553624 0 0.9891765099647809
    outer loop
      vertex 151.88142557724925 -6.090817169155686 9.472401957570824
      vertex 152.012097827338 -5.645958870012807 9.491785354831599
      vertex 152.012097827338 5.645958870012806 9.491785354831599
    endloop
  endfacet
  facet normal -0.14673047445533086 0 0.9891765099647857
    outer loop
      vertex 152.012097827338 -5.645958870012807 9.491785354831599
      vertex 152.03327246574122 -5.558778284366716 9.494926315729906
      vertex 152.012097827338 5.645958870012806 9.491785354831599
    endloop
  endfacet
  facet normal -0.14673047445534948 0 0.989176509964783
    outer loop
      vertex 152.03327246574122 -5.558778284366716 9.494926315729906
      vertex 152.08407407407407 -5.346105908607502 9.502462022470494
      vertex 152.08407407407407 5.346105908607502 9.502462022470494
    endloop
  endfacet
  facet normal -0.1467304744553833 0 0.9891765099647777
    outer loop
      vertex 152.1609608210161 -4.972524127278137 9.513867094006752
      vertex 152.1609608210161 4.972524127278137 9.513867094006752
      vertex 152.08407407407407 -5.346105908607502 9.502462022470494
    endloop
  endfacet
  facet normal -0.24298017990344778 4.022078439310302e-15 0.9700312531944979
    outer loop
      vertex 152.1855498544762 -4.846419846638441 9.51904760643623
      vertex 152.3492971158481 3.6588181768558514 9.560064160176925
      vertex 152.17054193209677 -4.925400284283599 9.515288317580618
    endloop
  endfacet
  facet normal -0.24298017990318388 -1.378373828189125e-15 0.9700312531945641
    outer loop
      vertex 152.1855498544762 -4.846419846638441 9.51904760643623
      vertex 152.26276487915283 -4.334253099256582 9.53838896324857
      vertex 152.3492971158481 3.6588181768558514 9.560064160176925
    endloop
  endfacet
  facet normal -0.2429801799033888 2.2871600275922355e-15 0.9700312531945127
    outer loop
      vertex 152.26276487915283 -4.334253099256582 9.53838896324857
      vertex 152.30775720586894 -4.032268126885235 9.549658954399629
      vertex 152.41992352891899 2.9324438986362993 9.57775515569627
    endloop
  endfacet
  facet normal -0.24298017990322285 -4.984245243527689e-16 0.9700312531945542
    outer loop
      vertex 152.30775720586894 -4.032268126885235 9.549658954399629
      vertex 152.3492971158481 -3.658818176855852 9.560064160176925
      vertex 152.46627821101967 2.2997701170206084 9.589366399106302
    endloop
  endfacet
  facet normal -0.14673047445524162 0 0.9891765099647988
    outer loop
      vertex 152.1609608210161 -4.972524127278137 9.513867094006752
      vertex 152.17054193209677 -4.925400284283599 9.515288317580618
      vertex 152.17054193209677 4.925400284283599 9.515288317580618
    endloop
  endfacet
  facet normal -0.24298017990321802 -1.2682345873828146e-15 0.9700312531945554
    outer loop
      vertex 152.41992352891899 -2.9324438986363 9.577755155696268
      vertex 152.50514410443049 1.3186052108086963 9.599101798601898
      vertex 152.40082870718393 -3.190164350617226 9.57297215184446
    endloop
  endfacet
  facet normal -0.24298017990325577 1.89300535820598e-16 0.9700312531945461
    outer loop
      vertex 152.3492971158481 -3.658818176855852 9.560064160176925
      vertex 152.40082870718393 -3.190164350617226 9.57297215184446
      vertex 152.46627821101967 2.2997701170206084 9.589366399106302
    endloop
  endfacet
  facet normal -0.24298017990323087 -9.948464619006472e-16 0.9700312531945522
    outer loop
      vertex 152.41992352891899 -2.9324438986363 9.577755155696268
      vertex 152.46627821101967 -2.2997701170206084 9.589366399106302
      vertex 152.50514410443049 1.3186052108086963 9.599101798601898
    endloop
  endfacet
  facet normal -0.24298017990334406 2.3757916461090994e-15 0.970031253194524
    outer loop
      vertex 152.47303445711455 -2.1307172808194754 9.591058750652914
      vertex 152.50514410443049 -1.3186052108086963 9.599101798601898
      vertex 152.51803290874201 0 9.602330276014392
    endloop
  endfacet
  facet normal -0.24298017990353857 3.2055449406722427e-15 0.9700312531944753
    outer loop
      vertex 152.46627821101967 -2.2997701170206084 9.589366399106302
      vertex 152.47303445711455 -2.1307172808194754 9.591058750652914
      vertex 152.5064209313177 1.1891775833608627 9.599421627087567
    endloop
  endfacet
  facet normal -0.2429801797824124 -1.2538950186579803e-12 0.9700312532248158
    outer loop
      vertex 152.50514410443049 -1.3186052108086963 9.599101798601898
      vertex 152.5064209313177 -1.189177583360861 9.599421627087567
      vertex 152.51803290874201 0 9.602330276014392
    endloop
  endfacet
  facet normal -0.24298017990323786 -6.719934788924787e-18 0.9700312531945504
    outer loop
      vertex 152.47303445711455 -2.1307172808194754 9.591058750652914
      vertex 152.51803290874201 0 9.602330276014392
      vertex 152.5064209313177 1.1891775833608627 9.599421627087567
    endloop
  endfacet
  facet normal 0.6715589548470131 0 0.7409511253549638
    outer loop
      vertex 147.08407407407407 -8.932386198959781 10.861242313996353
      vertex 147.19364029501813 -9.023030098595097 10.761937279823579
      vertex 147.19364029501813 9.023030098595097 10.761937279823579
    endloop
  endfacet
  facet normal 0.6715589548470178 -5.142486489605376e-17 0.7409511253549597
    outer loop
      vertex 147.08407407407407 -8.932386198959781 10.861242313996353
      vertex 147.19364029501813 9.023030098595097 10.761937279823579
      vertex 146.78769685023212 -8.683461647319044 11.129862971787253
    endloop
  endfacet
  facet normal 0.6715589548469528 0 0.7409511253550185
    outer loop
      vertex 146.78769685023212 -8.683461647319044 11.129862971787253
      vertex 146.78769685023212 8.683461647319042 11.129862971787253
      vertex 146.7573593128807 -8.653074816760029 11.157359312880715
    endloop
  endfacet
  facet normal 0.7409511253549537 0 0.6715589548470243
    outer loop
      vertex 146.7573593128807 -8.653074816760029 11.157359312880715
      vertex 146.7573593128807 8.653074816760029 11.157359312880715
      vertex 146.45675925925926 -8.253737712247128 11.489020362748347
    endloop
  endfacet
  facet normal 0.7409511253549514 0 0.6715589548470268
    outer loop
      vertex 146.45675925925926 -8.253737712247128 11.489020362748347
      vertex 146.45675925925926 8.253737712247128 11.489020362748347
      vertex 146.36193727982356 -8.133753433642562 11.593640295018128
    endloop
  endfacet
  facet normal 0.8032075314806243 6.599102450936186e-17 0.5956993044924611
    outer loop
      vertex 146.29244189293976 -8.017564067451605 11.6873439769383
      vertex 146.36193727982356 -8.133753433642562 11.593640295018128
      vertex 146.29244189293976 8.017564067451605 11.687343976938298
    endloop
  endfacet
  facet normal 0.8577286100002651 0 0.5141027441932334
    outer loop
      vertex 146.01 -7.448962556297748 12.068551193949736
      vertex 146.01118232618472 -7.45208868599306 12.066578601882387
      vertex 146.01118232618472 7.45208868599306 12.066578601882387
    endloop
  endfacet
  facet normal 0.8577286100002878 -6.824838326820416e-18 0.5141027441931956
    outer loop
      vertex 146 -7.415937119114943 12.085235186005557
      vertex 146.01 -7.448962556297748 12.068551193949736
      vertex 146.01118232618472 7.45208868599306 12.066578601882387
    endloop
  endfacet
  facet normal 0.8032075314806587 6.599102450935673e-17 0.5956993044924148
    outer loop
      vertex 146.29244189293976 -8.017564067451605 11.6873439769383
      vertex 146.29244189293976 8.017564067451605 11.687343976938298
      vertex 146.01118232618472 -7.45208868599306 12.066578601882387
    endloop
  endfacet
  facet normal 0.3368898533922132 0 0.9415440651830231
    outer loop
      vertex 149.04415018042369 9.453354316385784 9.734979131093617
      vertex 148.70389940580947 9.496652782031028 9.85672280493228
      vertex 148.70389940580947 -9.496652782031028 9.85672280493228
    endloop
  endfacet
  facet normal 0.1467304744553713 -1.9230788767153455e-16 0.9891765099647796
    outer loop
      vertex 150.11494379537262 8.985337212868789 9.472940510268343
      vertex 149.82945806790323 -9.177154330245875 9.515288317580618
      vertex 150.319170743801 8.81972930195187 9.442646304191273
    endloop
  endfacet
  facet normal 0.14673047445535695 3.801178634759425e-17 0.9891765099647817
    outer loop
      vertex 150.01 9.068710236861733 9.488507451790964
      vertex 149.82945806790323 -9.177154330245875 9.515288317580618
      vertex 150.11494379537262 8.985337212868789 9.472940510268343
    endloop
  endfacet
  facet normal 0.14673047445536067 0 0.9891765099647811
    outer loop
      vertex 150.01 9.068710236861733 9.488507451790964
      vertex 149.82945806790323 9.177154330245875 9.515288317580618
      vertex 149.82945806790323 -9.177154330245875 9.515288317580618
    endloop
  endfacet
  facet normal 0.2429801799032429 5.470945338894392e-16 0.9700312531945492
    outer loop
      vertex 149.65718722814543 9.258735385245739 9.558439916561149
      vertex 149.35490740740738 -9.398651125118812 9.634157069985
      vertex 149.82945806790323 9.177154330245875 9.515288317580618
    endloop
  endfacet
  facet normal 0.24298017990327467 -5.133741171167852e-17 0.9700312531945413
    outer loop
      vertex 149.65718722814543 9.258735385245739 9.558439916561149
      vertex 149.35490740740738 9.398651125118812 9.634157069985
      vertex 149.25829193647323 -9.424465219048955 9.658357985606747
    endloop
  endfacet
  facet normal 0.2429801799032652 0 0.9700312531945435
    outer loop
      vertex 149.35490740740738 9.398651125118812 9.634157069985
      vertex 149.25829193647323 9.424465219048955 9.658357985606747
      vertex 149.25829193647323 -9.424465219048955 9.658357985606747
    endloop
  endfacet
  facet normal 0.3368898533922374 -4.898569724349072e-16 0.9415440651830146
    outer loop
      vertex 149.04415018042369 9.453354316385784 9.734979131093617
      vertex 148.70389940580947 -9.496652782031028 9.85672280493228
      vertex 149.25829193647323 9.424465219048955 9.658357985606747
    endloop
  endfacet
  facet normal 0.5956993044924327 3.348096443090585e-16 0.8032075314806454
    outer loop
      vertex 147.61319791166738 9.27270994926753 10.450772144243057
      vertex 147.19364029501813 -9.023030098595097 10.761937279823579
      vertex 147.66657860188238 9.299282280778037 10.41118232618473
    endloop
  endfacet
  facet normal 0.4275550934302741 -2.4525198280606477e-17 0.9039892931234471
    outer loop
      vertex 148.6025925925926 9.495306329211141 9.904637359141658
      vertex 148.171619579044 -9.44534782860911 10.10847241390987
      vertex 148.70389940580947 9.496652782031028 9.85672280493228
    endloop
  endfacet
  facet normal 0.42755509343027326 0 0.9039892931234476
    outer loop
      vertex 148.171619579044 -9.44534782860911 10.10847241390987
      vertex 148.6025925925926 9.495306329211141 9.904637359141658
      vertex 148.171619579044 9.44534782860911 10.10847241390987
    endloop
  endfacet
  facet normal 0.5141027441931456 1.8844777001802502e-15 0.8577286100003175
    outer loop
      vertex 147.8225 -9.350085525301687 10.317726636685595
      vertex 148.171619579044 9.44534782860911 10.10847241390987
      vertex 148.06640643420766 9.416919292809785 10.171534746044896
    endloop
  endfacet
  facet normal 0.5141027441932241 0 0.8577286100002706
    outer loop
      vertex 147.8225 9.350085525301687 10.317726636685595
      vertex 147.66657860188238 9.299282280778037 10.41118232618473
      vertex 147.66657860188238 -9.299282280778037 10.41118232618473
    endloop
  endfacet
  facet normal 0.5141027441932524 -3.213031194058946e-16 0.8577286100002537
    outer loop
      vertex 147.8225 9.350085525301687 10.317726636685595
      vertex 147.66657860188238 -9.299282280778037 10.41118232618473
      vertex 148.06640643420766 9.416919292809785 10.171534746044896
    endloop
  endfacet
  facet normal -0.24298017990269086 -7.165529280083084e-15 0.9700312531946874
    outer loop
      vertex 152.46627821101967 -2.2997701170206084 9.589366399106302
      vertex 152.5064209313177 1.1891775833608627 9.599421627087567
      vertex 152.50514410443049 1.3186052108086963 9.599101798601898
    endloop
  endfacet
  facet normal -0.242980179903281 2.7771756988780426e-16 0.9700312531945396
    outer loop
      vertex 152.40082870718393 -3.190164350617226 9.57297215184446
      vertex 152.50514410443049 1.3186052108086963 9.599101798601898
      vertex 152.47303445711455 2.130717280819476 9.591058750652914
    endloop
  endfacet
  facet normal -0.242980179903217 -6.516242044071191e-16 0.9700312531945556
    outer loop
      vertex 152.30775720586894 -4.032268126885235 9.549658954399629
      vertex 152.46627821101967 2.2997701170206084 9.589366399106302
      vertex 152.41992352891899 2.9324438986362993 9.57775515569627
    endloop
  endfacet
  facet normal -0.242980179903412 2.1665031141721203e-15 0.9700312531945069
    outer loop
      vertex 152.40082870718393 -3.190164350617226 9.57297215184446
      vertex 152.47303445711455 2.130717280819476 9.591058750652914
      vertex 152.46627821101967 2.2997701170206084 9.589366399106302
    endloop
  endfacet
  facet normal -0.2429801799033122 5.303746741012628e-16 0.9700312531945319
    outer loop
      vertex 152.26276487915283 -4.334253099256582 9.53838896324857
      vertex 152.41992352891899 2.9324438986362993 9.57775515569627
      vertex 152.40082870718393 3.1901643506172257 9.57297215184446
    endloop
  endfacet
  facet normal -0.24298017990325863 -5.188242001770241e-16 0.9700312531945453
    outer loop
      vertex 152.26276487915283 -4.334253099256582 9.53838896324857
      vertex 152.40082870718393 3.1901643506172257 9.57297215184446
      vertex 152.3492971158481 3.6588181768558514 9.560064160176925
    endloop
  endfacet
  facet normal -0.24298017990323323 -7.269041396788944e-16 0.9700312531945517
    outer loop
      vertex 152.3492971158481 3.6588181768558514 9.560064160176925
      vertex 152.30775720586894 4.032268126885235 9.549658954399629
      vertex 152.17054193209677 -4.925400284283599 9.515288317580618
    endloop
  endfacet
  facet normal -0.24298017990336537 1.424954017972979e-15 0.9700312531945187
    outer loop
      vertex 152.26276487915283 4.334253099256582 9.53838896324857
      vertex 152.17054193209677 -4.925400284283599 9.515288317580618
      vertex 152.30775720586894 4.032268126885235 9.549658954399629
    endloop
  endfacet
  facet normal -0.1467304744553615 2.6245396875617395e-16 0.9891765099647811
    outer loop
      vertex 151.71719704910006 -6.609166727524919 9.44804095666585
      vertex 152.012097827338 5.645958870012806 9.491785354831599
      vertex 151.88142557724925 6.090817169155687 9.472401957570824
    endloop
  endfacet
  facet normal -0.1467304744553833 0 0.9891765099647778
    outer loop
      vertex 152.08407407407407 -5.346105908607502 9.502462022470494
      vertex 152.1609608210161 4.972524127278137 9.513867094006752
      vertex 152.08407407407407 5.346105908607502 9.502462022470494
    endloop
  endfacet
  facet normal -0.14673047445524162 0 0.9891765099647988
    outer loop
      vertex 152.1609608210161 -4.972524127278137 9.513867094006752
      vertex 152.17054193209677 4.925400284283599 9.515288317580618
      vertex 152.1609608210161 4.972524127278137 9.513867094006752
    endloop
  endfacet
  facet normal -0.24298017990319482 -3.8054947163615277e-16 0.9700312531945613
    outer loop
      vertex 152.26276487915283 4.334253099256582 9.53838896324857
      vertex 152.1855498544762 4.846419846638441 9.51904760643623
      vertex 152.17054193209677 -4.925400284283599 9.515288317580618
    endloop
  endfacet
  facet normal -0.24298017990342782 0 0.9700312531945029
    outer loop
      vertex 152.1855498544762 4.846419846638441 9.51904760643623
      vertex 152.17054193209677 4.925400284283599 9.515288317580618
      vertex 152.17054193209677 -4.925400284283599 9.515288317580618
    endloop
  endfacet
  facet normal 0.04906767432741626 9.899686755381727e-17 0.9987954562051725
    outer loop
      vertex 150.5736574074074 -8.565960805247842 9.420944868496623
      vertex 151 8.051368369042777 9.4
      vertex 150.78604738797696 8.312492742717023 9.41051081782864
    endloop
  endfacet
  facet normal -0.04906767432742357 3.1716079698546984e-17 0.9987954562051721
    outer loop
      vertex 151.10259259259257 -7.89848927915076 9.405040050883755
      vertex 151.4738246718934 7.212699580219931 9.423277513473176
      vertex 151.30704855353832 7.524333438756615 9.41508432816161
    endloop
  endfacet
  facet normal -0.04906767432741591 -1.229925855124727e-16 0.9987954562051725
    outer loop
      vertex 151.4738246718934 -7.212699580219931 9.423277513473174
      vertex 151.52948338830154 7.093009503743308 9.42601185087252
      vertex 151.4738246718934 7.212699580219931 9.423277513473176
    endloop
  endfacet
  facet normal -0.04906767432742113 3.8728443170500326e-17 0.9987954562051722
    outer loop
      vertex 151.30704855353832 7.524333438756615 9.41508432816161
      vertex 151.10259259259257 7.89848927915076 9.405040050883755
      vertex 151 -8.051368369042777 9.4
    endloop
  endfacet
  facet normal -0.049067674327391904 -1.4970240565901113e-16 0.9987954562051736
    outer loop
      vertex 151.10259259259257 7.89848927915076 9.405040050883755
      vertex 151.0710315203427 7.9485088876939765 9.403489554828774
      vertex 151 -8.051368369042777 9.4
    endloop
  endfacet
  facet normal -0.14673047445533927 -5.698629601206655e-17 0.9891765099647843
    outer loop
      vertex 151.7171970491001 6.6091667275249195 9.448040956665848
      vertex 151.60375 6.926639621504534 9.431212676604275
      vertex 151.58810284197736 -6.9643402902651825 9.42889163996682
    endloop
  endfacet
  facet normal -0.04906767432740441 0 0.9987954562051731
    outer loop
      vertex 151.52948338830154 -7.093009503743309 9.42601185087252
      vertex 151.58810284197736 6.9643402902651825 9.42889163996682
      vertex 151.52948338830154 7.093009503743308 9.42601185087252
    endloop
  endfacet
  facet normal -0.1467304744553889 0 0.989176509964777
    outer loop
      vertex 151.60375 6.926639621504534 9.431212676604275
      vertex 151.58810284197736 6.9643402902651825 9.42889163996682
      vertex 151.58810284197736 -6.9643402902651825 9.42889163996682
    endloop
  endfacet
  facet normal -0.14673047445536605 6.980308086095628e-17 0.9891765099647805
    outer loop
      vertex 151.88142557724925 6.090817169155687 9.472401957570824
      vertex 151.77985070810632 6.430784982068948 9.45733474904743
      vertex 151.58810284197736 -6.9643402902651825 9.42889163996682
    endloop
  endfacet
  facet normal -0.14673047445534942 0 0.9891765099647827
    outer loop
      vertex 152.03327246574122 -5.558778284366716 9.494926315729906
      vertex 152.08407407407407 5.346105908607502 9.502462022470494
      vertex 152.03327246574122 5.558778284366716 9.494926315729906
    endloop
  endfacet
  facet normal -0.14673047445533083 0 0.9891765099647856
    outer loop
      vertex 152.03327246574122 -5.558778284366716 9.494926315729906
      vertex 152.03327246574122 5.558778284366716 9.494926315729906
      vertex 152.012097827338 5.645958870012806 9.491785354831599
    endloop
  endfacet
  facet normal -0.14673047445539297 4.648605430410983e-16 0.9891765099647764
    outer loop
      vertex 151.77985070810632 6.430784982068948 9.45733474904743
      vertex 151.7171970491001 6.6091667275249195 9.448040956665848
      vertex 151.58810284197736 -6.9643402902651825 9.42889163996682
    endloop
  endfacet
  facet normal 0.04906767432741411 6.3413394793392355e-18 0.9987954562051725
    outer loop
      vertex 150.5736574074074 8.565960805247842 9.420944868496623
      vertex 150.4778872654251 8.66772945075262 9.425649753874188
      vertex 150.41189715802264 -8.736527046421516 9.42889163996682
    endloop
  endfacet
  facet normal 0.049067674327424 -8.626156154235852e-17 0.9987954562051721
    outer loop
      vertex 150.78604738797696 8.312492742717023 9.41051081782864
      vertex 150.5736574074074 8.565960805247842 9.420944868496623
      vertex 150.41189715802264 -8.736527046421516 9.42889163996682
    endloop
  endfacet
  facet normal 0.04906767432741579 0 0.9987954562051725
    outer loop
      vertex 150.4778872654251 8.66772945075262 9.425649753874188
      vertex 150.41189715802264 8.736527046421516 9.42889163996682
      vertex 150.41189715802264 -8.736527046421516 9.42889163996682
    endloop
  endfacet
  facet normal 0.1467304744553443 0 0.9891765099647837
    outer loop
      vertex 150.319170743801 -8.81972930195187 9.442646304191273
      vertex 150.41189715802264 8.736527046421516 9.42889163996682
      vertex 150.319170743801 8.81972930195187 9.442646304191273
    endloop
  endfacet
  facet normal -0.04906767432742127 -1.9068155817516004e-17 0.9987954562051722
    outer loop
      vertex 151.04003207050843 7.996612608329083 9.40196664951383
      vertex 151 -8.051368369042777 9.4
      vertex 151.0710315203427 7.9485088876939765 9.403489554828774
    endloop
  endfacet
  facet normal -0.049067674327428895 0 0.998795456205172
    outer loop
      vertex 151.04003207050843 7.996612608329083 9.40196664951383
      vertex 151 8.051368369042777 9.4
      vertex 151 -8.051368369042777 9.4
    endloop
  endfacet
  facet normal 0.595699304492442 0 0.8032075314806385
    outer loop
      vertex 147.19364029501813 -9.023030098595097 10.761937279823579
      vertex 147.61319791166738 9.27270994926753 10.450772144243057
      vertex 147.19364029501813 9.023030098595097 10.761937279823579
    endloop
  endfacet
  facet normal 0.671558954847013 1.4452424144265697e-16 0.7409511253549639
    outer loop
      vertex 147.08407407407407 8.932386198959781 10.861242313996353
      vertex 146.78769685023212 -8.683461647319044 11.129862971787253
      vertex 147.19364029501813 9.023030098595097 10.761937279823579
    endloop
  endfacet
  facet normal 0.6715589548470179 0 0.7409511253549597
    outer loop
      vertex 146.78769685023212 8.683461647319042 11.129862971787253
      vertex 146.78769685023212 -8.683461647319044 11.129862971787253
      vertex 147.08407407407407 8.932386198959781 10.861242313996353
    endloop
  endfacet
  facet normal 0.6715589548469529 0 0.7409511253550186
    outer loop
      vertex 146.78769685023212 8.683461647319042 11.129862971787253
      vertex 146.7573593128807 8.653074816760029 11.157359312880715
      vertex 146.7573593128807 -8.653074816760029 11.157359312880715
    endloop
  endfacet
  facet normal 0.8577286100002853 0 0.5141027441931996
    outer loop
      vertex 146 -7.415937119114943 12.085235186005557
      vertex 146.01118232618472 7.45208868599306 12.066578601882387
      vertex 146 7.415937119114943 12.085235186005557
    endloop
  endfacet
  facet normal 0.7409511253549537 0 0.6715589548470243
    outer loop
      vertex 146.45675925925926 -8.253737712247128 11.489020362748347
      vertex 146.7573593128807 8.653074816760029 11.157359312880715
      vertex 146.45675925925926 8.253737712247128 11.489020362748347
    endloop
  endfacet
  facet normal 0.7409511253549514 0 0.6715589548470268
    outer loop
      vertex 146.45675925925926 8.253737712247128 11.489020362748347
      vertex 146.36193727982356 8.133753433642562 11.593640295018128
      vertex 146.36193727982356 -8.133753433642562 11.593640295018128
    endloop
  endfacet
  facet normal 0.8032075314806189 0 0.5956993044924684
    outer loop
      vertex 146.29244189293976 8.017564067451605 11.687343976938298
      vertex 146.36193727982356 -8.133753433642562 11.593640295018128
      vertex 146.36193727982356 8.133753433642562 11.593640295018128
    endloop
  endfacet
  facet normal 0.8032075314806599 0 0.595699304492413
    outer loop
      vertex 146.01118232618472 -7.45208868599306 12.066578601882387
      vertex 146.29244189293976 8.017564067451605 11.687343976938298
      vertex 146.01118232618472 7.45208868599306 12.066578601882387
    endloop
  endfacet
  facet normal 0.8577286100001745 1.306574570880988e-13 0.5141027441933846
    outer loop
      vertex 146 7.415937119114943 12.085235186005557
      vertex 146.01118232618472 7.45208868599306 12.066578601882387
      vertex 146.01 7.448962556297748 12.068551193949736
    endloop
  endfacet
endsolid OpenSCAD_Model
