solid OpenSCAD_Model
  facet normal -0.7040625922196322 -0.0926915987235786 0.70406259221964
    outer loop
      vertex -3.7900300104368525 -31.336338577626925 19.482027579492243
      vertex -3.5131421435130807 -31.1 19.79003001043685
      vertex -3.7900300104368525 -31.1 19.513142143513083
    endloop
  endfacet
  facet normal -0.7040625922196324 -0.27175801689780854 0.6560818900783211
    outer loop
      vertex -3.7900300104368525 -31.336338577626925 19.482027579492243
      vertex -3.7900300104368525 -31.55657107175654 19.390804293548506
      vertex -3.5131421435130807 -31.695015005218426 19.630596220304174
    endloop
  endfacet
  facet normal -0.4967815233764421 -0.3321216269130553 0.8018125360509194
    outer loop
      vertex -3.5131421435130807 -31.695015005218426 19.630596220304174
      vertex -3.174025148547634 -31.792909649383468 19.8001547177869
      vertex -3.174025148547634 -31.458676427591502 19.938598651248785
    endloop
  endfacet
  facet normal -0.49678152337643583 -0.1132805019725285 0.8604508387494545
    outer loop
      vertex -3.5131421435130807 -31.1 19.79003001043685
      vertex -3.5131421435130807 -31.40800243094461 19.749480721140007
      vertex -3.174025148547634 -31.458676427591502 19.938598651248785
    endloop
  endfacet
  facet normal -0.4967815233764396 -0.11328050197253332 0.8604508387494516
    outer loop
      vertex -3.5131421435130807 -31.1 19.79003001043685
      vertex -3.174025148547634 -31.458676427591502 19.938598651248785
      vertex -3.174025148547634 -31.1 19.98581929876693
    endloop
  endfacet
  facet normal -0.704062592219634 -0.432304575321819 0.563390291354751
    outer loop
      vertex -3.5131421435130807 -31.695015005218426 19.630596220304174
      vertex -3.7900300104368525 -31.55657107175654 19.390804293548506
      vertex -3.5131421435130807 -31.9414782901954 19.4414782901954
    endloop
  endfacet
  facet normal -0.4967815233764424 -0.5283292118363975 0.6885320340783806
    outer loop
      vertex -3.5131421435130807 -31.695015005218426 19.630596220304174
      vertex -3.174025148547634 -32.079922223657285 19.57992222365728
      vertex -3.174025148547634 -31.792909649383468 19.8001547177869
    endloop
  endfacet
  facet normal -0.4967815233764303 -0.5283292118363889 0.6885320340783959
    outer loop
      vertex -3.5131421435130807 -31.695015005218426 19.630596220304174
      vertex -3.5131421435130807 -31.9414782901954 19.4414782901954
      vertex -3.174025148547634 -32.079922223657285 19.57992222365728
    endloop
  endfacet
  facet normal -0.704062592219638 -0.2717580168978168 0.6560818900783114
    outer loop
      vertex -3.7900300104368525 -31.336338577626925 19.482027579492243
      vertex -3.5131421435130807 -31.695015005218426 19.630596220304174
      vertex -3.5131421435130807 -31.40800243094461 19.749480721140007
    endloop
  endfacet
  facet normal -0.7040625922196383 -0.0926915987235657 0.7040625922196356
    outer loop
      vertex -3.7900300104368525 -31.336338577626925 19.482027579492243
      vertex -3.5131421435130807 -31.40800243094461 19.749480721140007
      vertex -3.5131421435130807 -31.1 19.79003001043685
    endloop
  endfacet
  facet normal -0.49678152337643583 -0.3321216269130644 0.8018125360509195
    outer loop
      vertex -3.5131421435130807 -31.695015005218426 19.630596220304174
      vertex -3.174025148547634 -31.458676427591502 19.938598651248785
      vertex -3.5131421435130807 -31.40800243094461 19.749480721140007
    endloop
  endfacet
  facet normal -0.7040625922196404 -0.43230457532182537 0.5633902913547381
    outer loop
      vertex -3.7900300104368525 -31.74568900186532 19.24568900186532
      vertex -3.5131421435130807 -31.9414782901954 19.4414782901954
      vertex -3.7900300104368525 -31.55657107175654 19.390804293548506
    endloop
  endfacet
  facet normal -0.7040625922196367 -0.563390291354741 0.4323045753218276
    outer loop
      vertex -3.7900300104368525 -31.74568900186532 19.24568900186532
      vertex -3.7900300104368525 -31.890804293548506 19.05657107175654
      vertex -3.5131421435130807 -32.13059622030418 19.195015005218426
    endloop
  endfacet
  facet normal -0.8641551942546344 -0.06568409490622147 0.49892023402452385
    outer loop
      vertex -3.7900300104368525 -31.336338577626925 19.482027579492243
      vertex -3.9858192987669296 -31.1 19.174025148547635
      vertex -3.9858192987669296 -31.248568640811932 19.154465715921578
    endloop
  endfacet
  facet normal -0.8641551942546338 -0.1925760221988855 0.4649196445804268
    outer loop
      vertex -3.9858192987669296 -31.248568640811932 19.154465715921578
      vertex -3.9858192987669296 -31.387012574273818 19.09712036105339
      vertex -3.7900300104368525 -31.55657107175654 19.390804293548506
    endloop
  endfacet
  facet normal -0.8641551942546343 -0.06568409490622142 0.49892023402452396
    outer loop
      vertex -3.7900300104368525 -31.336338577626925 19.482027579492243
      vertex -3.7900300104368525 -31.1 19.513142143513083
      vertex -3.9858192987669296 -31.1 19.174025148547635
    endloop
  endfacet
  facet normal -0.8641551942546343 -0.19257602219888686 0.4649196445804254
    outer loop
      vertex -3.7900300104368525 -31.336338577626925 19.482027579492243
      vertex -3.9858192987669296 -31.248568640811932 19.154465715921578
      vertex -3.7900300104368525 -31.55657107175654 19.390804293548506
    endloop
  endfacet
  facet normal -0.8641551942546338 -0.306344211825637 0.3992355496742061
    outer loop
      vertex -3.7900300104368525 -31.74568900186532 19.24568900186532
      vertex -3.7900300104368525 -31.55657107175654 19.390804293548506
      vertex -3.9858192987669296 -31.387012574273818 19.09712036105339
    endloop
  endfacet
  facet normal -0.8641551942546342 -0.3992355496742042 0.30634421182563815
    outer loop
      vertex -3.7900300104368525 -31.74568900186532 19.24568900186532
      vertex -3.9858192987669296 -31.505897075109647 19.005897075109647
      vertex -3.9858192987669296 -31.59712036105339 18.887012574273818
    endloop
  endfacet
  facet normal -0.8641551942546338 -0.3992355496742061 0.306344211825637
    outer loop
      vertex -3.7900300104368525 -31.74568900186532 19.24568900186532
      vertex -3.9858192987669296 -31.59712036105339 18.887012574273818
      vertex -3.7900300104368525 -31.890804293548506 19.05657107175654
    endloop
  endfacet
  facet normal -0.8641551942546344 -0.4649196445804227 0.19257602219889322
    outer loop
      vertex -3.9858192987669296 -31.59712036105339 18.887012574273818
      vertex -3.7900300104368525 -31.982027579492247 18.836338577626925
      vertex -3.7900300104368525 -31.890804293548506 19.05657107175654
    endloop
  endfacet
  facet normal -0.704062592219638 -0.656081890078312 0.27175801689781537
    outer loop
      vertex -3.7900300104368525 -31.890804293548506 19.05657107175654
      vertex -3.7900300104368525 -31.982027579492247 18.836338577626925
      vertex -3.5131421435130807 -32.24948072114001 18.90800243094461
    endloop
  endfacet
  facet normal -0.9653655703464423 -0.03405441002122637 0.2586689249751392
    outer loop
      vertex -3.9858192987669296 -31.248568640811932 19.154465715921578
      vertex -3.9858192987669296 -31.1 19.174025148547635
      vertex -4.087167292060715 -31.1 18.795789288330077
    endloop
  endfacet
  facet normal -0.965365570346442 -0.09984247829829632 0.2410410652086963
    outer loop
      vertex -3.9858192987669296 -31.248568640811932 19.154465715921578
      vertex -4.087167292060715 -31.150673996646894 18.78911793010878
      vertex -3.9858192987669296 -31.387012574273818 19.09712036105339
    endloop
  endfacet
  facet normal -0.8641551942546342 -0.30634421182563815 0.3992355496742042
    outer loop
      vertex -3.7900300104368525 -31.74568900186532 19.24568900186532
      vertex -3.9858192987669296 -31.387012574273818 19.09712036105339
      vertex -3.9858192987669296 -31.505897075109647 19.005897075109647
    endloop
  endfacet
  facet normal -0.965365570346442 -0.15882644667684392 0.20698665518746948
    outer loop
      vertex -3.9858192987669296 -31.387012574273818 19.09712036105339
      vertex -4.087167292060715 -31.238443933461888 18.738443933461888
      vertex -3.9858192987669296 -31.505897075109647 19.005897075109647
    endloop
  endfacet
  facet normal -0.9653655703464417 -0.03405441002121514 0.2586689249751436
    outer loop
      vertex -3.9858192987669296 -31.248568640811932 19.154465715921578
      vertex -4.087167292060715 -31.1 18.795789288330077
      vertex -4.087167292060715 -31.150673996646894 18.78911793010878
    endloop
  endfacet
  facet normal -0.965365570346442 -0.20698665518746948 0.15882644667684392
    outer loop
      vertex -3.9858192987669296 -31.59712036105339 18.887012574273818
      vertex -3.9858192987669296 -31.505897075109647 19.005897075109647
      vertex -4.087167292060715 -31.238443933461888 18.738443933461888
    endloop
  endfacet
  facet normal -0.9653655703464428 -0.09984247829830534 0.24104106520868934
    outer loop
      vertex -3.9858192987669296 -31.387012574273818 19.09712036105339
      vertex -4.087167292060715 -31.150673996646894 18.78911793010878
      vertex -4.087167292060715 -31.19789464416504 18.769558497482723
    endloop
  endfacet
  facet normal -0.9653655703464427 -0.15882644667683338 0.20698665518747408
    outer loop
      vertex -3.9858192987669296 -31.387012574273818 19.09712036105339
      vertex -4.087167292060715 -31.19789464416504 18.769558497482723
      vertex -4.087167292060715 -31.238443933461888 18.738443933461888
    endloop
  endfacet
  facet normal -0.70406259221964 -0.5633902913547423 0.4323045753218204
    outer loop
      vertex -3.7900300104368525 -31.74568900186532 19.24568900186532
      vertex -3.5131421435130807 -32.13059622030418 19.195015005218426
      vertex -3.5131421435130807 -31.9414782901954 19.4414782901954
    endloop
  endfacet
  facet normal -0.49678152337643816 -0.6885320340783825 0.5283292118363989
    outer loop
      vertex -3.5131421435130807 -32.13059622030418 19.195015005218426
      vertex -3.174025148547634 -32.3001547177869 19.292909649383464
      vertex -3.174025148547634 -32.079922223657285 19.57992222365728
    endloop
  endfacet
  facet normal -0.496781523376432 -0.6885320340783904 0.5283292118363946
    outer loop
      vertex -3.5131421435130807 -31.9414782901954 19.4414782901954
      vertex -3.5131421435130807 -32.13059622030418 19.195015005218426
      vertex -3.174025148547634 -32.079922223657285 19.57992222365728
    endloop
  endfacet
  facet normal -0.7040625922196373 -0.6560818900783121 0.2717580168978169
    outer loop
      vertex -3.7900300104368525 -31.890804293548506 19.05657107175654
      vertex -3.5131421435130807 -32.24948072114001 18.90800243094461
      vertex -3.5131421435130807 -32.13059622030418 19.195015005218426
    endloop
  endfacet
  facet normal -0.4967815233764399 -0.8018125360509174 0.3321216269130635
    outer loop
      vertex -3.5131421435130807 -32.13059622030418 19.195015005218426
      vertex -3.5131421435130807 -32.24948072114001 18.90800243094461
      vertex -3.174025148547634 -32.3001547177869 19.292909649383464
    endloop
  endfacet
  facet normal -0.49678152337643605 -0.8018125360509214 0.33212162691305974
    outer loop
      vertex -3.5131421435130807 -32.24948072114001 18.90800243094461
      vertex -3.174025148547634 -32.43859865124879 18.958676427591502
      vertex -3.174025148547634 -32.3001547177869 19.292909649383464
    endloop
  endfacet
  facet normal -0.25675136523052916 -0.3698549227364038 0.8929087705806837
    outer loop
      vertex -3.174025148547634 -31.792909649383468 19.8001547177869
      vertex -2.7957892883300772 -31.84358364603036 19.887924654601893
      vertex -3.174025148547634 -31.458676427591502 19.938598651248785
    endloop
  endfacet
  facet normal -0.2567513652305268 -0.36985492273640175 0.8929087705806853
    outer loop
      vertex -3.174025148547634 -31.458676427591502 19.938598651248785
      vertex -2.7957892883300772 -31.84358364603036 19.887924654601893
      vertex -2.7957892883300772 -31.484907218438856 20.036493295413823
    endloop
  endfacet
  facet normal -0.25675136523052894 -0.1261506264858819 0.9582091399530058
    outer loop
      vertex -3.174025148547634 -31.458676427591502 19.938598651248785
      vertex -2.7957892883300772 -31.1 20.087167292060716
      vertex -3.174025148547634 -31.1 19.98581929876693
    endloop
  endfacet
  facet normal -0.2567513652305268 -0.1261506264858843 0.9582091399530062
    outer loop
      vertex -3.174025148547634 -31.458676427591502 19.938598651248785
      vertex -2.7957892883300772 -31.484907218438856 20.036493295413823
      vertex -2.7957892883300772 -31.1 20.087167292060716
    endloop
  endfacet
  facet normal -0.25675136523052894 -0.588354217216605 0.7667581440947958
    outer loop
      vertex -3.174025148547634 -31.792909649383468 19.8001547177869
      vertex -3.174025148547634 -32.079922223657285 19.57992222365728
      vertex -2.7957892883300772 -31.84358364603036 19.887924654601893
    endloop
  endfacet
  facet normal -0.2567513652305229 -0.5883542172166112 0.766758144094793
    outer loop
      vertex -3.174025148547634 -32.079922223657285 19.57992222365728
      vertex -2.7957892883300772 -32.151586076974965 19.651586076974965
      vertex -2.7957892883300772 -31.84358364603036 19.887924654601893
    endloop
  endfacet
  facet normal -0.25675136523052083 -0.7667581440948009 0.5883542172166017
    outer loop
      vertex -3.174025148547634 -32.079922223657285 19.57992222365728
      vertex -2.7957892883300772 -32.38792465460189 19.343583646030357
      vertex -2.7957892883300772 -32.151586076974965 19.651586076974965
    endloop
  endfacet
  facet normal 0 -0.608761429008731 0.7933533402912271
    outer loop
      vertex -2.7957892883300772 -31.84358364603036 19.887924654601893
      vertex -2.7957892883300772 -32.151586076974965 19.651586076974965
      vertex -2.404210711669922 -32.151586076974965 19.651586076974965
    endloop
  endfacet
  facet normal -0.2567513652305155 -0.7667581440947986 0.5883542172166071
    outer loop
      vertex -3.174025148547634 -32.079922223657285 19.57992222365728
      vertex -3.174025148547634 -32.3001547177869 19.292909649383464
      vertex -2.7957892883300772 -32.38792465460189 19.343583646030357
    endloop
  endfacet
  facet normal -0.25675136523051406 -0.8929087705806809 0.3698549227364212
    outer loop
      vertex -3.174025148547634 -32.3001547177869 19.292909649383464
      vertex -2.7957892883300772 -32.53649329541383 18.984907218438856
      vertex -2.7957892883300772 -32.38792465460189 19.343583646030357
    endloop
  endfacet
  facet normal -0.25675136523052666 -0.8929087705806831 0.3698549227364075
    outer loop
      vertex -3.174025148547634 -32.3001547177869 19.292909649383464
      vertex -3.174025148547634 -32.43859865124879 18.958676427591502
      vertex -2.7957892883300772 -32.53649329541383 18.984907218438856
    endloop
  endfacet
  facet normal -0.2567513652305268 -0.9582091399530062 0.1261506264858843
    outer loop
      vertex -3.174025148547634 -32.43859865124879 18.958676427591502
      vertex -2.7957892883300772 -32.58716729206072 18.6
      vertex -2.7957892883300772 -32.53649329541383 18.984907218438856
    endloop
  endfacet
  facet normal -0.8641551942546337 -0.46491964458042273 0.19257602219889575
    outer loop
      vertex -3.9858192987669296 -31.59712036105339 18.887012574273818
      vertex -3.9858192987669296 -31.65446571592158 18.748568640811932
      vertex -3.7900300104368525 -31.982027579492247 18.836338577626925
    endloop
  endfacet
  facet normal -0.8641551942546337 -0.4989202340245265 0.06568409490620991
    outer loop
      vertex -3.7900300104368525 -31.982027579492247 18.836338577626925
      vertex -3.9858192987669296 -31.65446571592158 18.748568640811932
      vertex -3.9858192987669296 -31.674025148547635 18.6
    endloop
  endfacet
  facet normal -0.704062592219638 -0.7040625922196369 0.092691598723557
    outer loop
      vertex -3.7900300104368525 -31.982027579492247 18.836338577626925
      vertex -3.7900300104368525 -32.01314214351308 18.6
      vertex -3.5131421435130807 -32.29003001043685 18.6
    endloop
  endfacet
  facet normal -0.8641551942546328 -0.4989202340245284 0.065684094906207
    outer loop
      vertex -3.7900300104368525 -31.982027579492247 18.836338577626925
      vertex -3.9858192987669296 -31.674025148547635 18.6
      vertex -3.7900300104368525 -32.01314214351308 18.6
    endloop
  endfacet
  facet normal -0.9653655703464427 -0.20698665518747408 0.15882644667683338
    outer loop
      vertex -3.9858192987669296 -31.59712036105339 18.887012574273818
      vertex -4.087167292060715 -31.238443933461888 18.738443933461888
      vertex -4.087167292060715 -31.269558497482723 18.69789464416504
    endloop
  endfacet
  facet normal -0.9653655703464423 -0.2410410652086928 0.09984247829830105
    outer loop
      vertex -3.9858192987669296 -31.59712036105339 18.887012574273818
      vertex -4.087167292060715 -31.28911793010878 18.650673996646894
      vertex -3.9858192987669296 -31.65446571592158 18.748568640811932
    endloop
  endfacet
  facet normal -1 0 0
    outer loop
      vertex -4.087167292060715 -31.19789464416504 18.769558497482723
      vertex -4.087167292060715 -31.150673996646894 18.78911793010878
      vertex -4.087167292060715 -31.238443933461888 18.738443933461888
    endloop
  endfacet
  facet normal -1 0 0
    outer loop
      vertex -4.087167292060715 -31.1 18.795789288330077
      vertex -4.087167292060715 -31.238443933461888 18.738443933461888
      vertex -4.087167292060715 -31.150673996646894 18.78911793010878
    endloop
  endfacet
  facet normal -0.9653655703464428 -0.24104106520868934 0.09984247829830534
    outer loop
      vertex -3.9858192987669296 -31.59712036105339 18.887012574273818
      vertex -4.087167292060715 -31.269558497482723 18.69789464416504
      vertex -4.087167292060715 -31.28911793010878 18.650673996646894
    endloop
  endfacet
  facet normal -1 0 0
    outer loop
      vertex -4.087167292060715 -31.1 18.795789288330077
      vertex -4.087167292060715 -31.28911793010878 18.650673996646894
      vertex -4.087167292060715 -31.238443933461888 18.738443933461888
    endloop
  endfacet
  facet normal -1 0 0
    outer loop
      vertex -4.087167292060715 -31.238443933461888 18.738443933461888
      vertex -4.087167292060715 -31.28911793010878 18.650673996646894
      vertex -4.087167292060715 -31.269558497482723 18.69789464416504
    endloop
  endfacet
  facet normal -0.9653655703464428 -0.2586689249751393 0.03405441002121457
    outer loop
      vertex -3.9858192987669296 -31.674025148547635 18.6
      vertex -4.087167292060715 -31.28911793010878 18.650673996646894
      vertex -4.087167292060715 -31.295789288330077 18.6
    endloop
  endfacet
  facet normal -0.9653655703464423 -0.25866892497513994 0.034054410021220276
    outer loop
      vertex -3.9858192987669296 -31.65446571592158 18.748568640811932
      vertex -4.087167292060715 -31.28911793010878 18.650673996646894
      vertex -3.9858192987669296 -31.674025148547635 18.6
    endloop
  endfacet
  facet normal -1 0 0
    outer loop
      vertex -4.087167292060715 -31.04932600335311 18.78911793010878
      vertex -4.087167292060715 -31.002105355834964 18.769558497482723
      vertex -4.087167292060715 -31.19789464416504 18.430441502517276
    endloop
  endfacet
  facet normal -1 0 0
    outer loop
      vertex -4.087167292060715 -31.1 18.795789288330077
      vertex -4.087167292060715 -31.04932600335311 18.78911793010878
      vertex -4.087167292060715 -31.19789464416504 18.430441502517276
    endloop
  endfacet
  facet normal -1 0 0
    outer loop
      vertex -4.087167292060715 -31.1 18.795789288330077
      vertex -4.087167292060715 -31.19789464416504 18.430441502517276
      vertex -4.087167292060715 -31.28911793010878 18.650673996646894
    endloop
  endfacet
  facet normal -0.7040625922196376 -0.7040625922196372 0.09269159872355776
    outer loop
      vertex -3.7900300104368525 -31.982027579492247 18.836338577626925
      vertex -3.5131421435130807 -32.29003001043685 18.6
      vertex -3.5131421435130807 -32.24948072114001 18.90800243094461
    endloop
  endfacet
  facet normal -0.4967815233764473 -0.8604508387494493 0.11328050197251789
    outer loop
      vertex -3.5131421435130807 -32.24948072114001 18.90800243094461
      vertex -3.5131421435130807 -32.29003001043685 18.6
      vertex -3.174025148547634 -32.485819298766934 18.6
    endloop
  endfacet
  facet normal -0.49678152337643605 -0.8604508387494536 0.11328050197253349
    outer loop
      vertex -3.5131421435130807 -32.24948072114001 18.90800243094461
      vertex -3.174025148547634 -32.485819298766934 18.6
      vertex -3.174025148547634 -32.43859865124879 18.958676427591502
    endloop
  endfacet
  facet normal -0.25675136523052894 -0.9582091399530058 0.1261506264858819
    outer loop
      vertex -3.174025148547634 -32.43859865124879 18.958676427591502
      vertex -3.174025148547634 -32.485819298766934 18.6
      vertex -2.7957892883300772 -32.58716729206072 18.6
    endloop
  endfacet
  facet normal 0 -0.38268343236508573 0.9238795325112885
    outer loop
      vertex -2.7957892883300772 -31.84358364603036 19.887924654601893
      vertex 8.310075002615791 -31.484907218438856 20.036493295413823
      vertex -2.7957892883300772 -31.484907218438856 20.036493295413823
    endloop
  endfacet
  facet normal 0 -0.608761429008731 0.7933533402912272
    outer loop
      vertex -2.7957892883300772 -31.84358364603036 19.887924654601893
      vertex -2.404210711669922 -32.151586076974965 19.651586076974965
      vertex 8.310075002615791 -31.84358364603036 19.887924654601893
    endloop
  endfacet
  facet normal 0 -0.1305261922200521 0.9914448613738104
    outer loop
      vertex -2.7957892883300772 -31.484907218438856 20.036493295413823
      vertex 8.310075002615791 -31.484907218438856 20.036493295413823
      vertex -2.7957892883300772 -31.1 20.087167292060716
    endloop
  endfacet
  facet normal 0 -0.7933533402912349 0.6087614290087208
    outer loop
      vertex -2.7957892883300772 -32.151586076974965 19.651586076974965
      vertex 8.310075002615791 -32.38792465460189 19.343583646030357
      vertex -2.404210711669922 -32.151586076974965 19.651586076974965
    endloop
  endfacet
  facet normal 0 -0.7933533402912349 0.6087614290087209
    outer loop
      vertex -2.7957892883300772 -32.151586076974965 19.651586076974965
      vertex -2.7957892883300772 -32.38792465460189 19.343583646030357
      vertex 8.310075002615791 -32.38792465460189 19.343583646030357
    endloop
  endfacet
  facet normal 0 -0.9238795325112806 0.38268343236510455
    outer loop
      vertex -2.7957892883300772 -32.38792465460189 19.343583646030357
      vertex -2.7957892883300772 -32.53649329541383 18.984907218438856
      vertex 8.310075002615791 -32.53649329541383 18.984907218438856
    endloop
  endfacet
  facet normal 0 -0.9914448613738104 0.1305261922200521
    outer loop
      vertex -2.7957892883300772 -32.53649329541383 18.984907218438856
      vertex -2.7957892883300772 -32.58716729206072 18.6
      vertex 8.310075002615791 -32.53649329541383 18.984907218438856
    endloop
  endfacet
  facet normal -0.5000000000000033 0 0.8660254037844367
    outer loop
      vertex -3.5131421435130807 -31.1 19.79003001043685
      vertex -3.174025148547634 -31.1 19.98581929876693
      vertex -3.174025148547634 31.1 19.98581929876693
    endloop
  endfacet
  facet normal -0.7071067811865435 0 0.7071067811865516
    outer loop
      vertex -3.7900300104368525 -31.1 19.513142143513083
      vertex -3.5131421435130807 -31.1 19.79003001043685
      vertex -3.5131421435130807 31.1 19.79003001043685
    endloop
  endfacet
  facet normal -0.8660254037844398 0 0.49999999999999817
    outer loop
      vertex -3.7900300104368525 -31.1 19.513142143513083
      vertex -3.7900300104368525 31.1 19.513142143513083
      vertex -3.9858192987669296 -31.1 19.174025148547635
    endloop
  endfacet
  facet normal -0.9659258262890684 0 0.2588190451025206
    outer loop
      vertex -3.9858192987669296 -31.1 19.174025148547635
      vertex -3.9858192987669296 31.1 19.174025148547635
      vertex -4.087167292060715 -31.1 18.795789288330077
    endloop
  endfacet
  facet normal -0.2588190451025211 0 0.9659258262890681
    outer loop
      vertex -3.174025148547634 -31.1 19.98581929876693
      vertex -2.7957892883300772 -31.1 20.087167292060716
      vertex -2.7957892883300772 31.1 20.087167292060716
    endloop
  endfacet
  facet normal -1 0 0
    outer loop
      vertex -4.087167292060715 -31.1 18.795789288330077
      vertex -4.087167292060715 31.238443933461888 18.738443933461888
      vertex -4.087167292060715 -31.04932600335311 18.78911793010878
    endloop
  endfacet
  facet normal -1 0 0
    outer loop
      vertex -4.087167292060715 -31.04932600335311 18.78911793010878
      vertex -4.087167292060715 31.238443933461888 18.738443933461888
      vertex -4.087167292060715 -31.002105355834964 18.769558497482723
    endloop
  endfacet
  facet normal 0 0 1
    outer loop
      vertex -2.7957892883300772 -31.1 20.087167292060716
      vertex 8.310075002615791 -31.1 20.087167292060716
      vertex -2.7957892883300772 31.1 20.087167292060716
    endloop
  endfacet
  facet normal -0.707106781186548 -0.707106781186547 0
    outer loop
      vertex -3.7900300104368525 -32.01314214351308 18.6
      vertex -3.7900300104368525 -32.01314214351308 1.5
      vertex -3.5131421435130807 -32.29003001043685 18.6
    endloop
  endfacet
  facet normal -0.8660254037844375 -0.5000000000000021 0
    outer loop
      vertex -3.9858192987669296 -31.674025148547635 18.6
      vertex -3.7900300104368525 -32.01314214351308 1.5
      vertex -3.7900300104368525 -32.01314214351308 18.6
    endloop
  endfacet
  facet normal -0.9659258262890683 -0.2588190451025206 0
    outer loop
      vertex -3.9858192987669296 -31.674025148547635 18.6
      vertex -4.087167292060715 -31.295789288330077 18.6
      vertex -4.087167292060715 -31.295789288330077 1.5
    endloop
  endfacet
  facet normal -1 0 0
    outer loop
      vertex -4.087167292060715 -31.28911793010878 18.650673996646894
      vertex -4.087167292060715 -31.295789288330077 1.5
      vertex -4.087167292060715 -31.295789288330077 18.6
    endloop
  endfacet
  facet normal -1 0 0
    outer loop
      vertex -4.087167292060715 -31.28911793010878 18.650673996646894
      vertex -4.087167292060715 -31.19789464416504 18.430441502517276
      vertex -4.087167292060715 -31.295789288330077 1.5
    endloop
  endfacet
  facet normal -1 0 0
    outer loop
      vertex -4.087167292060715 -31.002105355834964 18.769558497482723
      vertex -4.087167292060715 -31.150673996646894 1.3108820698912211
      vertex -4.087167292060715 -31.19789464416504 18.430441502517276
    endloop
  endfacet
  facet normal -0.5000000000000102 -0.8660254037844328 0
    outer loop
      vertex -3.5131421435130807 -32.29003001043685 18.6
      vertex -3.5131421435130807 -32.29003001043685 1.5
      vertex -3.174025148547634 -32.485819298766934 18.6
    endloop
  endfacet
  facet normal -0.25881904510252113 -0.9659258262890681 0
    outer loop
      vertex -3.174025148547634 -32.485819298766934 18.6
      vertex -2.7957892883300772 -32.58716729206072 1.5
      vertex -2.7957892883300772 -32.58716729206072 18.6
    endloop
  endfacet
  facet normal -1 0 0
    outer loop
      vertex -4.087167292060715 -31.002105355834964 18.769558497482723
      vertex -4.087167292060715 31.238443933461888 18.738443933461888
      vertex -4.087167292060715 -31.150673996646894 1.3108820698912211
    endloop
  endfacet
  facet normal 0 -0.38268343236508573 0.9238795325112885
    outer loop
      vertex -2.7957892883300772 -31.84358364603036 19.887924654601893
      vertex 8.310075002615791 -31.84358364603036 19.887924654601893
      vertex 8.310075002615791 -31.484907218438856 20.036493295413823
    endloop
  endfacet
  facet normal 0 -0.1305261922200521 0.9914448613738104
    outer loop
      vertex -2.7957892883300772 -31.1 20.087167292060716
      vertex 8.310075002615791 -31.484907218438856 20.036493295413823
      vertex 8.310075002615791 -31.1 20.087167292060716
    endloop
  endfacet
  facet normal 0 -0.6087614290087311 0.7933533402912272
    outer loop
      vertex -2.404210711669922 -32.151586076974965 19.651586076974965
      vertex 7.918496425955636 -32.151586076974965 19.651586076974965
      vertex 8.310075002615791 -31.84358364603036 19.887924654601893
    endloop
  endfacet
  facet normal 0 -0.7933533402912352 0.608761429008721
    outer loop
      vertex -2.404210711669922 -32.151586076974965 19.651586076974965
      vertex 8.310075002615791 -32.38792465460189 19.343583646030357
      vertex 7.918496425955636 -32.151586076974965 19.651586076974965
    endloop
  endfacet
  facet normal 0 -0.9238795325112806 0.38268343236510455
    outer loop
      vertex -2.7957892883300772 -32.38792465460189 19.343583646030357
      vertex 8.310075002615791 -32.53649329541383 18.984907218438856
      vertex 8.310075002615791 -32.38792465460189 19.343583646030357
    endloop
  endfacet
  facet normal 0 -0.9914448613738104 0.1305261922200521
    outer loop
      vertex -2.7957892883300772 -32.58716729206072 18.6
      vertex 8.310075002615791 -32.58716729206072 18.6
      vertex 8.310075002615791 -32.53649329541383 18.984907218438856
    endloop
  endfacet
  facet normal 0 -0.608761429008731 0.7933533402912271
    outer loop
      vertex 8.310075002615791 -31.84358364603036 19.887924654601893
      vertex 7.918496425955636 -32.151586076974965 19.651586076974965
      vertex 8.310075002615791 -32.151586076974965 19.651586076974965
    endloop
  endfacet
  facet normal 0 -0.7933533402912349 0.6087614290087208
    outer loop
      vertex 7.918496425955636 -32.151586076974965 19.651586076974965
      vertex 8.310075002615791 -32.38792465460189 19.343583646030357
      vertex 8.310075002615791 -32.151586076974965 19.651586076974965
    endloop
  endfacet
  facet normal 0.2567513652305263 -0.3698549227364018 0.8929087705806855
    outer loop
      vertex 8.310075002615791 -31.84358364603036 19.887924654601893
      vertex 8.68831086283335 -31.458676427591502 19.938598651248785
      vertex 8.310075002615791 -31.484907218438856 20.036493295413823
    endloop
  endfacet
  facet normal 0.25675136523052855 -0.3698549227364038 0.8929087705806839
    outer loop
      vertex 8.310075002615791 -31.84358364603036 19.887924654601893
      vertex 8.68831086283335 -31.792909649383468 19.8001547177869
      vertex 8.68831086283335 -31.458676427591502 19.938598651248785
    endloop
  endfacet
  facet normal 0.2567513652305262 -0.12615062648588432 0.9582091399530063
    outer loop
      vertex 8.310075002615791 -31.484907218438856 20.036493295413823
      vertex 8.68831086283335 -31.458676427591502 19.938598651248785
      vertex 8.310075002615791 -31.1 20.087167292060716
    endloop
  endfacet
  facet normal 0.25675136523052833 -0.12615062648588193 0.9582091399530059
    outer loop
      vertex 8.310075002615791 -31.1 20.087167292060716
      vertex 8.68831086283335 -31.458676427591502 19.938598651248785
      vertex 8.68831086283335 -31.1 19.98581929876693
    endloop
  endfacet
  facet normal 0.2567513652305223 -0.5883542172166113 0.7667581440947933
    outer loop
      vertex 8.310075002615791 -31.84358364603036 19.887924654601893
      vertex 8.310075002615791 -32.151586076974965 19.651586076974965
      vertex 8.68831086283335 -32.079922223657285 19.57992222365728
    endloop
  endfacet
  facet normal 0.2567513652305284 -0.588354217216605 0.7667581440947958
    outer loop
      vertex 8.310075002615791 -31.84358364603036 19.887924654601893
      vertex 8.68831086283335 -32.079922223657285 19.57992222365728
      vertex 8.68831086283335 -31.792909649383468 19.8001547177869
    endloop
  endfacet
  facet normal 0.25675136523052056 -0.7667581440947976 0.5883542172166064
    outer loop
      vertex 8.310075002615791 -32.151586076974965 19.651586076974965
      vertex 8.68831086283335 -32.3001547177869 19.292909649383464
      vertex 8.68831086283335 -32.079922223657285 19.57992222365728
    endloop
  endfacet
  facet normal 0.25675136523051517 -0.7667581440948023 0.5883542172166025
    outer loop
      vertex 8.310075002615791 -32.151586076974965 19.651586076974965
      vertex 8.310075002615791 -32.38792465460189 19.343583646030357
      vertex 8.68831086283335 -32.3001547177869 19.292909649383464
    endloop
  endfacet
  facet normal 0.2567513652305135 -0.8929087705806812 0.3698549227364213
    outer loop
      vertex 8.310075002615791 -32.38792465460189 19.343583646030357
      vertex 8.310075002615791 -32.53649329541383 18.984907218438856
      vertex 8.68831086283335 -32.3001547177869 19.292909649383464
    endloop
  endfacet
  facet normal 0.256751365230526 -0.8929087705806832 0.36985492273640747
    outer loop
      vertex 8.310075002615791 -32.53649329541383 18.984907218438856
      vertex 8.68831086283335 -32.43859865124879 18.958676427591502
      vertex 8.68831086283335 -32.3001547177869 19.292909649383464
    endloop
  endfacet
  facet normal 0.25675136523052616 -0.9582091399530065 0.126150626485882
    outer loop
      vertex 8.310075002615791 -32.53649329541383 18.984907218438856
      vertex 8.68831086283335 -32.485819298766934 18.6
      vertex 8.68831086283335 -32.43859865124879 18.958676427591502
    endloop
  endfacet
  facet normal 0.4967815233764431 -0.33212162691305513 0.801812536050919
    outer loop
      vertex 8.68831086283335 -31.792909649383468 19.8001547177869
      vertex 9.027427857798795 -31.695015005218426 19.630596220304174
      vertex 8.68831086283335 -31.458676427591502 19.938598651248785
    endloop
  endfacet
  facet normal 0.4967815233764406 -0.11328050197253318 0.860450838749451
    outer loop
      vertex 8.68831086283335 -31.458676427591502 19.938598651248785
      vertex 9.027427857798795 -31.1 19.79003001043685
      vertex 8.68831086283335 -31.1 19.98581929876693
    endloop
  endfacet
  facet normal 0.49678152337643683 -0.1132805019725284 0.8604508387494539
    outer loop
      vertex 8.68831086283335 -31.458676427591502 19.938598651248785
      vertex 9.027427857798795 -31.40800243094461 19.749480721140007
      vertex 9.027427857798795 -31.1 19.79003001043685
    endloop
  endfacet
  facet normal 0.4967815233764434 -0.5283292118363971 0.6885320340783802
    outer loop
      vertex 8.68831086283335 -31.792909649383468 19.8001547177869
      vertex 8.68831086283335 -32.079922223657285 19.57992222365728
      vertex 9.027427857798795 -31.695015005218426 19.630596220304174
    endloop
  endfacet
  facet normal 0.4967815233764312 -0.5283292118363886 0.6885320340783955
    outer loop
      vertex 8.68831086283335 -32.079922223657285 19.57992222365728
      vertex 9.027427857798795 -31.9414782901954 19.4414782901954
      vertex 9.027427857798795 -31.695015005218426 19.630596220304174
    endloop
  endfacet
  facet normal 0.7040625922196333 -0.43230457532181926 0.5633902913547515
    outer loop
      vertex 9.027427857798795 -31.695015005218426 19.630596220304174
      vertex 9.027427857798795 -31.9414782901954 19.4414782901954
      vertex 9.304315724722567 -31.55657107175654 19.390804293548506
    endloop
  endfacet
  facet normal 0.4967815233764368 -0.33212162691306424 0.801812536050919
    outer loop
      vertex 8.68831086283335 -31.458676427591502 19.938598651248785
      vertex 9.027427857798795 -31.695015005218426 19.630596220304174
      vertex 9.027427857798795 -31.40800243094461 19.749480721140007
    endloop
  endfacet
  facet normal 0.7040625922196324 -0.09269159872356647 0.7040625922196414
    outer loop
      vertex 9.027427857798795 -31.1 19.79003001043685
      vertex 9.027427857798795 -31.40800243094461 19.749480721140007
      vertex 9.304315724722567 -31.1 19.513142143513083
    endloop
  endfacet
  facet normal 0.7040625922196326 -0.27175801689781887 0.6560818900783165
    outer loop
      vertex 9.027427857798795 -31.695015005218426 19.630596220304174
      vertex 9.304315724722567 -31.55657107175654 19.390804293548506
      vertex 9.027427857798795 -31.40800243094461 19.749480721140007
    endloop
  endfacet
  facet normal 0.7040625922196381 -0.27175801689780643 0.6560818900783156
    outer loop
      vertex 9.027427857798795 -31.40800243094461 19.749480721140007
      vertex 9.304315724722567 -31.55657107175654 19.390804293548506
      vertex 9.304315724722567 -31.336338577626925 19.482027579492243
    endloop
  endfacet
  facet normal 0.7040625922196385 -0.09269159872357773 0.7040625922196337
    outer loop
      vertex 9.027427857798795 -31.40800243094461 19.749480721140007
      vertex 9.304315724722567 -31.336338577626925 19.482027579492243
      vertex 9.304315724722567 -31.1 19.513142143513083
    endloop
  endfacet
  facet normal 0.49678152337643344 -0.6885320340783846 0.5283292118364006
    outer loop
      vertex 8.68831086283335 -32.079922223657285 19.57992222365728
      vertex 8.68831086283335 -32.3001547177869 19.292909649383464
      vertex 9.027427857798795 -31.9414782901954 19.4414782901954
    endloop
  endfacet
  facet normal 0.4967815233764396 -0.6885320340783868 0.5283292118363918
    outer loop
      vertex 8.68831086283335 -32.3001547177869 19.292909649383464
      vertex 9.027427857798795 -32.13059622030418 19.195015005218426
      vertex 9.027427857798795 -31.9414782901954 19.4414782901954
    endloop
  endfacet
  facet normal 0.7040625922196394 -0.5633902913547428 0.43230457532182076
    outer loop
      vertex 9.027427857798795 -31.9414782901954 19.4414782901954
      vertex 9.027427857798795 -32.13059622030418 19.195015005218426
      vertex 9.304315724722567 -31.74568900186532 19.24568900186532
    endloop
  endfacet
  facet normal 0.49678152337643705 -0.8018125360509206 0.33212162691305935
    outer loop
      vertex 8.68831086283335 -32.3001547177869 19.292909649383464
      vertex 8.68831086283335 -32.43859865124879 18.958676427591502
      vertex 9.027427857798795 -32.24948072114001 18.90800243094461
    endloop
  endfacet
  facet normal 0.49678152337644094 -0.8018125360509168 0.3321216269130633
    outer loop
      vertex 8.68831086283335 -32.3001547177869 19.292909649383464
      vertex 9.027427857798795 -32.24948072114001 18.90800243094461
      vertex 9.027427857798795 -32.13059622030418 19.195015005218426
    endloop
  endfacet
  facet normal 0.7040625922196367 -0.6560818900783126 0.27175801689781726
    outer loop
      vertex 9.027427857798795 -32.13059622030418 19.195015005218426
      vertex 9.027427857798795 -32.24948072114001 18.90800243094461
      vertex 9.304315724722567 -31.890804293548506 19.05657107175654
    endloop
  endfacet
  facet normal 0.7040625922196398 -0.43230457532182565 0.5633902913547384
    outer loop
      vertex 9.027427857798795 -31.9414782901954 19.4414782901954
      vertex 9.304315724722567 -31.74568900186532 19.24568900186532
      vertex 9.304315724722567 -31.55657107175654 19.390804293548506
    endloop
  endfacet
  facet normal 0.7040625922196361 -0.5633902913547414 0.43230457532182787
    outer loop
      vertex 9.027427857798795 -32.13059622030418 19.195015005218426
      vertex 9.304315724722567 -31.890804293548506 19.05657107175654
      vertex 9.304315724722567 -31.74568900186532 19.24568900186532
    endloop
  endfacet
  facet normal 0.8641551942546357 -0.306344211825635 0.39923554967420355
    outer loop
      vertex 9.304315724722567 -31.74568900186532 19.24568900186532
      vertex 9.500105013052643 -31.505897075109647 19.005897075109647
      vertex 9.304315724722567 -31.55657107175654 19.390804293548506
    endloop
  endfacet
  facet normal 0.8641551942546357 -0.06568409490622107 0.49892023402452135
    outer loop
      vertex 9.304315724722567 -31.336338577626925 19.482027579492243
      vertex 9.500105013052643 -31.248568640811932 19.154465715921578
      vertex 9.304315724722567 -31.1 19.513142143513083
    endloop
  endfacet
  facet normal 0.8641551942546358 -0.1925760221988859 0.4649196445804231
    outer loop
      vertex 9.304315724722567 -31.336338577626925 19.482027579492243
      vertex 9.304315724722567 -31.55657107175654 19.390804293548506
      vertex 9.500105013052643 -31.248568640811932 19.154465715921578
    endloop
  endfacet
  facet normal 0.8641551942546357 -0.06568409490622124 0.4989202340245214
    outer loop
      vertex 9.304315724722567 -31.1 19.513142143513083
      vertex 9.500105013052643 -31.248568640811932 19.154465715921578
      vertex 9.500105013052643 -31.1 19.174025148547635
    endloop
  endfacet
  facet normal 0.8641551942546353 -0.19257602219888456 0.46491964458042445
    outer loop
      vertex 9.304315724722567 -31.55657107175654 19.390804293548506
      vertex 9.500105013052643 -31.387012574273818 19.09712036105339
      vertex 9.500105013052643 -31.248568640811932 19.154465715921578
    endloop
  endfacet
  facet normal 0.8641551942546352 -0.30634421182563715 0.39923554967420294
    outer loop
      vertex 9.304315724722567 -31.55657107175654 19.390804293548506
      vertex 9.500105013052643 -31.505897075109647 19.005897075109647
      vertex 9.500105013052643 -31.387012574273818 19.09712036105339
    endloop
  endfacet
  facet normal 0.8641551942546357 -0.39923554967420355 0.306344211825635
    outer loop
      vertex 9.304315724722567 -31.74568900186532 19.24568900186532
      vertex 9.304315724722567 -31.890804293548506 19.05657107175654
      vertex 9.500105013052643 -31.505897075109647 19.005897075109647
    endloop
  endfacet
  facet normal 0.7040625922196375 -0.6560818900783125 0.2717580168978157
    outer loop
      vertex 9.027427857798795 -32.24948072114001 18.90800243094461
      vertex 9.304315724722567 -31.982027579492247 18.836338577626925
      vertex 9.304315724722567 -31.890804293548506 19.05657107175654
    endloop
  endfacet
  facet normal 0.8641551942546354 -0.464919644580421 0.19257602219889253
    outer loop
      vertex 9.304315724722567 -31.890804293548506 19.05657107175654
      vertex 9.304315724722567 -31.982027579492247 18.836338577626925
      vertex 9.500105013052643 -31.65446571592158 18.748568640811932
    endloop
  endfacet
  facet normal 0.8641551942546352 -0.39923554967420294 0.30634421182563715
    outer loop
      vertex 9.304315724722567 -31.890804293548506 19.05657107175654
      vertex 9.500105013052643 -31.59712036105339 18.887012574273818
      vertex 9.500105013052643 -31.505897075109647 19.005897075109647
    endloop
  endfacet
  facet normal 0.8641551942546359 -0.4649196445804193 0.19257602219889433
    outer loop
      vertex 9.304315724722567 -31.890804293548506 19.05657107175654
      vertex 9.500105013052643 -31.65446571592158 18.748568640811932
      vertex 9.500105013052643 -31.59712036105339 18.887012574273818
    endloop
  endfacet
  facet normal 0.9653655703464423 -0.03405441002122637 0.2586689249751392
    outer loop
      vertex 9.500105013052643 -31.248568640811932 19.154465715921578
      vertex 9.601453006346429 -31.1 18.795789288330077
      vertex 9.500105013052643 -31.1 19.174025148547635
    endloop
  endfacet
  facet normal 0.965365570346442 -0.09984247829829632 0.2410410652086963
    outer loop
      vertex 9.500105013052643 -31.248568640811932 19.154465715921578
      vertex 9.500105013052643 -31.387012574273818 19.09712036105339
      vertex 9.601453006346429 -31.150673996646894 18.78911793010878
    endloop
  endfacet
  facet normal 0.965365570346442 -0.15882644667684392 0.20698665518746948
    outer loop
      vertex 9.500105013052643 -31.387012574273818 19.09712036105339
      vertex 9.500105013052643 -31.505897075109647 19.005897075109647
      vertex 9.601453006346429 -31.238443933461888 18.738443933461888
    endloop
  endfacet
  facet normal 0.9653655703464417 -0.03405441002121514 0.2586689249751436
    outer loop
      vertex 9.500105013052643 -31.248568640811932 19.154465715921578
      vertex 9.601453006346429 -31.150673996646894 18.78911793010878
      vertex 9.601453006346429 -31.1 18.795789288330077
    endloop
  endfacet
  facet normal 0.965365570346442 -0.20698665518746948 0.15882644667684392
    outer loop
      vertex 9.500105013052643 -31.59712036105339 18.887012574273818
      vertex 9.601453006346429 -31.238443933461888 18.738443933461888
      vertex 9.500105013052643 -31.505897075109647 19.005897075109647
    endloop
  endfacet
  facet normal 0.9653655703464428 -0.09984247829830534 0.24104106520868934
    outer loop
      vertex 9.500105013052643 -31.387012574273818 19.09712036105339
      vertex 9.601453006346429 -31.19789464416504 18.769558497482723
      vertex 9.601453006346429 -31.150673996646894 18.78911793010878
    endloop
  endfacet
  facet normal 0.9653655703464427 -0.15882644667683338 0.20698665518747408
    outer loop
      vertex 9.500105013052643 -31.387012574273818 19.09712036105339
      vertex 9.601453006346429 -31.238443933461888 18.738443933461888
      vertex 9.601453006346429 -31.19789464416504 18.769558497482723
    endloop
  endfacet
  facet normal 0.2567513652305283 -0.9582091399530055 0.1261506264858842
    outer loop
      vertex 8.310075002615791 -32.53649329541383 18.984907218438856
      vertex 8.310075002615791 -32.58716729206072 18.6
      vertex 8.68831086283335 -32.485819298766934 18.6
    endloop
  endfacet
  facet normal 0.4967815233764474 -0.8604508387494472 0.11328050197253267
    outer loop
      vertex 8.68831086283335 -32.43859865124879 18.958676427591502
      vertex 8.68831086283335 -32.485819298766934 18.6
      vertex 9.027427857798795 -32.29003001043685 18.6
    endloop
  endfacet
  facet normal 0.4967815233764363 -0.8604508387494555 0.11328050197251867
    outer loop
      vertex 8.68831086283335 -32.43859865124879 18.958676427591502
      vertex 9.027427857798795 -32.29003001043685 18.6
      vertex 9.027427857798795 -32.24948072114001 18.90800243094461
    endloop
  endfacet
  facet normal 0.7040625922196372 -0.7040625922196376 0.09269159872355785
    outer loop
      vertex 9.027427857798795 -32.24948072114001 18.90800243094461
      vertex 9.027427857798795 -32.29003001043685 18.6
      vertex 9.304315724722567 -31.982027579492247 18.836338577626925
    endloop
  endfacet
  facet normal 0.7040625922196375 -0.7040625922196375 0.09269159872355708
    outer loop
      vertex 9.304315724722567 -31.982027579492247 18.836338577626925
      vertex 9.027427857798795 -32.29003001043685 18.6
      vertex 9.304315724722567 -32.01314214351308 18.6
    endloop
  endfacet
  facet normal 0.8641551942546349 -0.4989202340245248 0.06568409490620651
    outer loop
      vertex 9.304315724722567 -31.982027579492247 18.836338577626925
      vertex 9.304315724722567 -32.01314214351308 18.6
      vertex 9.500105013052643 -31.65446571592158 18.748568640811932
    endloop
  endfacet
  facet normal 0.8641551942546343 -0.49892023402452573 0.0656840949062099
    outer loop
      vertex 9.304315724722567 -32.01314214351308 18.6
      vertex 9.500105013052643 -31.674025148547635 18.6
      vertex 9.500105013052643 -31.65446571592158 18.748568640811932
    endloop
  endfacet
  facet normal 0.9653655703464425 -0.24104106520869217 0.09984247829830079
    outer loop
      vertex 9.500105013052643 -31.59712036105339 18.887012574273818
      vertex 9.500105013052643 -31.65446571592158 18.748568640811932
      vertex 9.601453006346429 -31.269558497482723 18.69789464416504
    endloop
  endfacet
  facet normal 0.9653655703464427 -0.20698665518747408 0.15882644667683338
    outer loop
      vertex 9.500105013052643 -31.59712036105339 18.887012574273818
      vertex 9.601453006346429 -31.269558497482723 18.69789464416504
      vertex 9.601453006346429 -31.238443933461888 18.738443933461888
    endloop
  endfacet
  facet normal 1 0 0
    outer loop
      vertex 9.601453006346429 -31.19789464416504 18.769558497482723
      vertex 9.601453006346429 -31.238443933461888 18.738443933461888
      vertex 9.601453006346429 -31.150673996646894 18.78911793010878
    endloop
  endfacet
  facet normal 0.9653655703464423 -0.24104106520869137 0.09984247829830634
    outer loop
      vertex 9.500105013052643 -31.65446571592158 18.748568640811932
      vertex 9.601453006346429 -31.28911793010878 18.650673996646894
      vertex 9.601453006346429 -31.269558497482723 18.69789464416504
    endloop
  endfacet
  facet normal 1 0 0
    outer loop
      vertex 9.601453006346429 -31.150673996646894 18.78911793010878
      vertex 9.601453006346429 -31.238443933461888 18.738443933461888
      vertex 9.601453006346429 -31.295789288330077 18.6
    endloop
  endfacet
  facet normal 1 0 0
    outer loop
      vertex 9.601453006346429 -31.238443933461888 18.738443933461888
      vertex 9.601453006346429 -31.269558497482723 18.69789464416504
      vertex 9.601453006346429 -31.295789288330077 18.6
    endloop
  endfacet
  facet normal 0.9653655703464425 -0.25866892497513927 0.03405441002122019
    outer loop
      vertex 9.500105013052643 -31.65446571592158 18.748568640811932
      vertex 9.500105013052643 -31.674025148547635 18.6
      vertex 9.601453006346429 -31.295789288330077 18.6
    endloop
  endfacet
  facet normal 0.9653655703464423 -0.2586689249751413 0.03405441002121484
    outer loop
      vertex 9.500105013052643 -31.65446571592158 18.748568640811932
      vertex 9.601453006346429 -31.295789288330077 18.6
      vertex 9.601453006346429 -31.28911793010878 18.650673996646894
    endloop
  endfacet
  facet normal 1 0 0
    outer loop
      vertex 9.601453006346429 -31.269558497482723 18.69789464416504
      vertex 9.601453006346429 -31.28911793010878 18.650673996646894
      vertex 9.601453006346429 -31.295789288330077 18.6
    endloop
  endfacet
  facet normal 0.2588190451025206 0 0.9659258262890684
    outer loop
      vertex 8.310075002615791 -31.1 20.087167292060716
      vertex 8.68831086283335 -31.1 19.98581929876693
      vertex 8.68831086283335 31.1 19.98581929876693
    endloop
  endfacet
  facet normal 0.5000000000000043 0 0.8660254037844362
    outer loop
      vertex 8.68831086283335 -31.1 19.98581929876693
      vertex 9.027427857798795 -31.1 19.79003001043685
      vertex 8.68831086283335 31.1 19.98581929876693
    endloop
  endfacet
  facet normal 0.7071067811865429 0 0.7071067811865521
    outer loop
      vertex 9.027427857798795 -31.1 19.79003001043685
      vertex 9.304315724722567 -31.1 19.513142143513083
      vertex 9.027427857798795 31.1 19.79003001043685
    endloop
  endfacet
  facet normal 0.8660254037844413 0 0.4999999999999956
    outer loop
      vertex 9.304315724722567 -31.1 19.513142143513083
      vertex 9.500105013052643 -31.1 19.174025148547635
      vertex 9.500105013052643 31.1 19.174025148547635
    endloop
  endfacet
  facet normal 0.9659258262890684 0 0.2588190451025206
    outer loop
      vertex 9.500105013052643 -31.1 19.174025148547635
      vertex 9.601453006346429 -31.1 18.795789288330077
      vertex 9.601453006346429 31.1 18.795789288330077
    endloop
  endfacet
  facet normal 1 0 0
    outer loop
      vertex 9.601453006346429 -31.1 18.795789288330077
      vertex 9.601453006346429 -31.150673996646894 18.78911793010878
      vertex 9.601453006346429 31.1 18.795789288330077
    endloop
  endfacet
  facet normal 0 -1 0
    outer loop
      vertex -2.7957892883300772 -32.58716729206072 18.6
      vertex 8.310075002615791 -32.58716729206072 1.5
      vertex 8.310075002615791 -32.58716729206072 18.6
    endloop
  endfacet
  facet normal 0.2588190451025206 -0.9659258262890683 0
    outer loop
      vertex 8.310075002615791 -32.58716729206072 18.6
      vertex 8.68831086283335 -32.485819298766934 1.5
      vertex 8.68831086283335 -32.485819298766934 18.6
    endloop
  endfacet
  facet normal 0.5000000000000111 -0.8660254037844323 0
    outer loop
      vertex 8.68831086283335 -32.485819298766934 18.6
      vertex 8.68831086283335 -32.485819298766934 1.5
      vertex 9.027427857798795 -32.29003001043685 18.6
    endloop
  endfacet
  facet normal 0.7071067811865475 -0.7071067811865475 0
    outer loop
      vertex 9.027427857798795 -32.29003001043685 18.6
      vertex 9.304315724722567 -32.01314214351308 1.5
      vertex 9.304315724722567 -32.01314214351308 18.6
    endloop
  endfacet
  facet normal 0.8660254037844389 -0.49999999999999956 0
    outer loop
      vertex 9.304315724722567 -32.01314214351308 18.6
      vertex 9.304315724722567 -32.01314214351308 1.5
      vertex 9.500105013052643 -31.674025148547635 18.6
    endloop
  endfacet
  facet normal 1 0 0
    outer loop
      vertex 9.601453006346429 -31.150673996646894 18.78911793010878
      vertex 9.601453006346429 -31.295789288330077 18.6
      vertex 9.601453006346429 -31.295789288330077 1.5
    endloop
  endfacet
  facet normal 0.9659258262890683 -0.2588190451025206 0
    outer loop
      vertex 9.500105013052643 -31.674025148547635 18.6
      vertex 9.500105013052643 -31.674025148547635 1.5
      vertex 9.601453006346429 -31.295789288330077 18.6
    endloop
  endfacet
  facet normal 1 0 0
    outer loop
      vertex 9.601453006346429 -31.150673996646894 18.78911793010878
      vertex 9.601453006346429 -31.1 1.3042107116699242
      vertex 9.601453006346429 31.238443933461888 18.738443933461888
    endloop
  endfacet
  facet normal -0.7071067811865435 0 0.7071067811865516
    outer loop
      vertex -3.7900300104368525 -31.1 19.513142143513083
      vertex -3.5131421435130807 31.1 19.79003001043685
      vertex -3.7900300104368525 31.1 19.513142143513083
    endloop
  endfacet
  facet normal -0.5000000000000033 0 0.8660254037844367
    outer loop
      vertex -3.5131421435130807 -31.1 19.79003001043685
      vertex -3.174025148547634 31.1 19.98581929876693
      vertex -3.5131421435130807 31.1 19.79003001043685
    endloop
  endfacet
  facet normal -0.8660254037844398 0 0.49999999999999817
    outer loop
      vertex -3.9858192987669296 -31.1 19.174025148547635
      vertex -3.7900300104368525 31.1 19.513142143513083
      vertex -3.9858192987669296 31.1 19.174025148547635
    endloop
  endfacet
  facet normal -0.9659258262890684 0 0.2588190451025206
    outer loop
      vertex -4.087167292060715 -31.1 18.795789288330077
      vertex -3.9858192987669296 31.1 19.174025148547635
      vertex -4.087167292060715 31.1 18.795789288330077
    endloop
  endfacet
  facet normal -0.2588190451025211 0 0.9659258262890681
    outer loop
      vertex -3.174025148547634 -31.1 19.98581929876693
      vertex -2.7957892883300772 31.1 20.087167292060716
      vertex -3.174025148547634 31.1 19.98581929876693
    endloop
  endfacet
  facet normal -1 0 0
    outer loop
      vertex -4.087167292060715 -31.1 18.795789288330077
      vertex -4.087167292060715 31.1 18.795789288330077
      vertex -4.087167292060715 31.238443933461888 18.738443933461888
    endloop
  endfacet
  facet normal -0.704062592219639 0.0926915987235777 0.7040625922196331
    outer loop
      vertex -3.7900300104368525 31.1 19.513142143513083
      vertex -3.5131421435130807 31.40800243094461 19.749480721140007
      vertex -3.7900300104368525 31.336338577626925 19.482027579492243
    endloop
  endfacet
  facet normal -0.7040625922196324 0.27175801689780854 0.6560818900783211
    outer loop
      vertex -3.7900300104368525 31.336338577626925 19.482027579492243
      vertex -3.5131421435130807 31.695015005218426 19.630596220304174
      vertex -3.7900300104368525 31.55657107175654 19.390804293548506
    endloop
  endfacet
  facet normal -0.49678152337643994 0.1132805019725282 0.8604508387494522
    outer loop
      vertex -3.5131421435130807 31.1 19.79003001043685
      vertex -3.174025148547634 31.1 19.98581929876693
      vertex -3.5131421435130807 31.40800243094461 19.749480721140007
    endloop
  endfacet
  facet normal -0.49678152337643605 0.11328050197253349 0.8604508387494536
    outer loop
      vertex -3.5131421435130807 31.40800243094461 19.749480721140007
      vertex -3.174025148547634 31.1 19.98581929876693
      vertex -3.174025148547634 31.458676427591502 19.938598651248785
    endloop
  endfacet
  facet normal -0.4967815233764421 0.3321216269130553 0.8018125360509194
    outer loop
      vertex -3.5131421435130807 31.695015005218426 19.630596220304174
      vertex -3.174025148547634 31.458676427591502 19.938598651248785
      vertex -3.174025148547634 31.792909649383468 19.8001547177869
    endloop
  endfacet
  facet normal -0.7040625922196329 0.09269159872356637 0.7040625922196408
    outer loop
      vertex -3.7900300104368525 31.1 19.513142143513083
      vertex -3.5131421435130807 31.1 19.79003001043685
      vertex -3.5131421435130807 31.40800243094461 19.749480721140007
    endloop
  endfacet
  facet normal -0.704062592219638 0.2717580168978168 0.6560818900783114
    outer loop
      vertex -3.7900300104368525 31.336338577626925 19.482027579492243
      vertex -3.5131421435130807 31.40800243094461 19.749480721140007
      vertex -3.5131421435130807 31.695015005218426 19.630596220304174
    endloop
  endfacet
  facet normal -0.49678152337643583 0.3321216269130644 0.8018125360509195
    outer loop
      vertex -3.5131421435130807 31.40800243094461 19.749480721140007
      vertex -3.174025148547634 31.458676427591502 19.938598651248785
      vertex -3.5131421435130807 31.695015005218426 19.630596220304174
    endloop
  endfacet
  facet normal -0.4967815233764424 0.5283292118363975 0.6885320340783806
    outer loop
      vertex -3.5131421435130807 31.695015005218426 19.630596220304174
      vertex -3.174025148547634 31.792909649383468 19.8001547177869
      vertex -3.174025148547634 32.079922223657285 19.57992222365728
    endloop
  endfacet
  facet normal -0.4967815233764303 0.5283292118363889 0.6885320340783959
    outer loop
      vertex -3.5131421435130807 31.695015005218426 19.630596220304174
      vertex -3.174025148547634 32.079922223657285 19.57992222365728
      vertex -3.5131421435130807 31.9414782901954 19.4414782901954
    endloop
  endfacet
  facet normal -0.8641551942546344 0.06568409490622147 0.49892023402452385
    outer loop
      vertex -3.7900300104368525 31.336338577626925 19.482027579492243
      vertex -3.9858192987669296 31.248568640811932 19.154465715921578
      vertex -3.9858192987669296 31.1 19.174025148547635
    endloop
  endfacet
  facet normal -0.8641551942546338 0.1925760221988855 0.4649196445804268
    outer loop
      vertex -3.9858192987669296 31.248568640811932 19.154465715921578
      vertex -3.7900300104368525 31.55657107175654 19.390804293548506
      vertex -3.9858192987669296 31.387012574273818 19.09712036105339
    endloop
  endfacet
  facet normal -0.8641551942546337 0.30634421182563876 0.39923554967420505
    outer loop
      vertex -3.7900300104368525 31.55657107175654 19.390804293548506
      vertex -3.9858192987669296 31.505897075109647 19.005897075109647
      vertex -3.9858192987669296 31.387012574273818 19.09712036105339
    endloop
  endfacet
  facet normal -0.8641551942546343 0.06568409490622142 0.49892023402452396
    outer loop
      vertex -3.7900300104368525 31.1 19.513142143513083
      vertex -3.7900300104368525 31.336338577626925 19.482027579492243
      vertex -3.9858192987669296 31.1 19.174025148547635
    endloop
  endfacet
  facet normal -0.8641551942546343 0.19257602219888686 0.4649196445804254
    outer loop
      vertex -3.7900300104368525 31.336338577626925 19.482027579492243
      vertex -3.7900300104368525 31.55657107175654 19.390804293548506
      vertex -3.9858192987669296 31.248568640811932 19.154465715921578
    endloop
  endfacet
  facet normal -0.7040625922196332 0.4323045753218297 0.5633902913547438
    outer loop
      vertex -3.5131421435130807 31.695015005218426 19.630596220304174
      vertex -3.7900300104368525 31.74568900186532 19.24568900186532
      vertex -3.7900300104368525 31.55657107175654 19.390804293548506
    endloop
  endfacet
  facet normal -0.8641551942546342 0.3063442118256365 0.3992355496742055
    outer loop
      vertex -3.7900300104368525 31.55657107175654 19.390804293548506
      vertex -3.7900300104368525 31.74568900186532 19.24568900186532
      vertex -3.9858192987669296 31.505897075109647 19.005897075109647
    endloop
  endfacet
  facet normal -0.7040625922196367 0.563390291354741 0.4323045753218276
    outer loop
      vertex -3.7900300104368525 31.74568900186532 19.24568900186532
      vertex -3.5131421435130807 32.13059622030418 19.195015005218426
      vertex -3.7900300104368525 31.890804293548506 19.05657107175654
    endloop
  endfacet
  facet normal -0.9653655703464423 0.03405441002122636 0.25866892497513916
    outer loop
      vertex -3.9858192987669296 31.1 19.174025148547635
      vertex -3.9858192987669296 31.248568640811932 19.154465715921578
      vertex -4.087167292060715 31.1 18.795789288330077
    endloop
  endfacet
  facet normal -0.965365570346442 0.09984247829829632 0.2410410652086963
    outer loop
      vertex -3.9858192987669296 31.248568640811932 19.154465715921578
      vertex -3.9858192987669296 31.387012574273818 19.09712036105339
      vertex -4.087167292060715 31.150673996646894 18.78911793010878
    endloop
  endfacet
  facet normal -0.9653655703464417 0.03405441002121514 0.2586689249751436
    outer loop
      vertex -3.9858192987669296 31.248568640811932 19.154465715921578
      vertex -4.087167292060715 31.150673996646894 18.78911793010878
      vertex -4.087167292060715 31.1 18.795789288330077
    endloop
  endfacet
  facet normal -0.965365570346442 0.15882644667684392 0.20698665518746948
    outer loop
      vertex -3.9858192987669296 31.387012574273818 19.09712036105339
      vertex -3.9858192987669296 31.505897075109647 19.005897075109647
      vertex -4.087167292060715 31.238443933461888 18.738443933461888
    endloop
  endfacet
  facet normal -0.9653655703464428 0.09984247829830534 0.24104106520868934
    outer loop
      vertex -3.9858192987669296 31.387012574273818 19.09712036105339
      vertex -4.087167292060715 31.19789464416504 18.769558497482723
      vertex -4.087167292060715 31.150673996646894 18.78911793010878
    endloop
  endfacet
  facet normal -0.9653655703464427 0.15882644667683338 0.20698665518747408
    outer loop
      vertex -3.9858192987669296 31.387012574273818 19.09712036105339
      vertex -4.087167292060715 31.238443933461888 18.738443933461888
      vertex -4.087167292060715 31.19789464416504 18.769558497482723
    endloop
  endfacet
  facet normal -0.965365570346442 0.20698665518746948 0.15882644667684395
    outer loop
      vertex -3.9858192987669296 31.505897075109647 19.005897075109647
      vertex -3.9858192987669296 31.59712036105339 18.887012574273818
      vertex -4.087167292060715 31.238443933461888 18.738443933461888
    endloop
  endfacet
  facet normal -0.8641551942546337 0.399235549674205 0.30634421182563876
    outer loop
      vertex -3.9858192987669296 31.505897075109647 19.005897075109647
      vertex -3.7900300104368525 31.890804293548506 19.05657107175654
      vertex -3.9858192987669296 31.59712036105339 18.887012574273818
    endloop
  endfacet
  facet normal -0.8641551942546345 0.46491964458042156 0.19257602219889525
    outer loop
      vertex -3.9858192987669296 31.59712036105339 18.887012574273818
      vertex -3.7900300104368525 31.890804293548506 19.05657107175654
      vertex -3.9858192987669296 31.65446571592158 18.748568640811932
    endloop
  endfacet
  facet normal -0.8641551942546342 0.3992355496742055 0.3063442118256365
    outer loop
      vertex -3.7900300104368525 31.74568900186532 19.24568900186532
      vertex -3.7900300104368525 31.890804293548506 19.05657107175654
      vertex -3.9858192987669296 31.505897075109647 19.005897075109647
    endloop
  endfacet
  facet normal -0.8641551942546339 0.4649196445804234 0.1925760221988935
    outer loop
      vertex -3.7900300104368525 31.890804293548506 19.05657107175654
      vertex -3.7900300104368525 31.982027579492247 18.836338577626925
      vertex -3.9858192987669296 31.65446571592158 18.748568640811932
    endloop
  endfacet
  facet normal -0.704062592219638 0.656081890078312 0.27175801689781537
    outer loop
      vertex -3.7900300104368525 31.890804293548506 19.05657107175654
      vertex -3.5131421435130807 32.24948072114001 18.90800243094461
      vertex -3.7900300104368525 31.982027579492247 18.836338577626925
    endloop
  endfacet
  facet normal -0.7040625922196396 0.43230457532181554 0.5633902913547466
    outer loop
      vertex -3.5131421435130807 31.695015005218426 19.630596220304174
      vertex -3.5131421435130807 31.9414782901954 19.4414782901954
      vertex -3.7900300104368525 31.74568900186532 19.24568900186532
    endloop
  endfacet
  facet normal -0.70406259221964 0.5633902913547423 0.4323045753218204
    outer loop
      vertex -3.7900300104368525 31.74568900186532 19.24568900186532
      vertex -3.5131421435130807 31.9414782901954 19.4414782901954
      vertex -3.5131421435130807 32.13059622030418 19.195015005218426
    endloop
  endfacet
  facet normal -0.496781523376432 0.6885320340783904 0.5283292118363946
    outer loop
      vertex -3.5131421435130807 31.9414782901954 19.4414782901954
      vertex -3.174025148547634 32.079922223657285 19.57992222365728
      vertex -3.5131421435130807 32.13059622030418 19.195015005218426
    endloop
  endfacet
  facet normal -0.49678152337643816 0.6885320340783825 0.5283292118363989
    outer loop
      vertex -3.5131421435130807 32.13059622030418 19.195015005218426
      vertex -3.174025148547634 32.079922223657285 19.57992222365728
      vertex -3.174025148547634 32.3001547177869 19.292909649383464
    endloop
  endfacet
  facet normal -0.7040625922196373 0.6560818900783121 0.2717580168978169
    outer loop
      vertex -3.7900300104368525 31.890804293548506 19.05657107175654
      vertex -3.5131421435130807 32.13059622030418 19.195015005218426
      vertex -3.5131421435130807 32.24948072114001 18.90800243094461
    endloop
  endfacet
  facet normal -0.4967815233764399 0.8018125360509174 0.3321216269130635
    outer loop
      vertex -3.5131421435130807 32.13059622030418 19.195015005218426
      vertex -3.174025148547634 32.3001547177869 19.292909649383464
      vertex -3.5131421435130807 32.24948072114001 18.90800243094461
    endloop
  endfacet
  facet normal -0.49678152337643605 0.8018125360509214 0.33212162691305974
    outer loop
      vertex -3.5131421435130807 32.24948072114001 18.90800243094461
      vertex -3.174025148547634 32.3001547177869 19.292909649383464
      vertex -3.174025148547634 32.43859865124879 18.958676427591502
    endloop
  endfacet
  facet normal -0.2567513652305268 0.126150626485882 0.9582091399530064
    outer loop
      vertex -3.174025148547634 31.1 19.98581929876693
      vertex -2.7957892883300772 31.484907218438856 20.036493295413823
      vertex -3.174025148547634 31.458676427591502 19.938598651248785
    endloop
  endfacet
  facet normal -0.2567513652305288 0.1261506264858842 0.9582091399530054
    outer loop
      vertex -3.174025148547634 31.1 19.98581929876693
      vertex -2.7957892883300772 31.1 20.087167292060716
      vertex -2.7957892883300772 31.484907218438856 20.036493295413823
    endloop
  endfacet
  facet normal -0.25675136523052916 0.3698549227364038 0.8929087705806837
    outer loop
      vertex -3.174025148547634 31.458676427591502 19.938598651248785
      vertex -2.7957892883300772 31.84358364603036 19.887924654601893
      vertex -3.174025148547634 31.792909649383468 19.8001547177869
    endloop
  endfacet
  facet normal -0.2567513652305268 0.36985492273640175 0.8929087705806853
    outer loop
      vertex -3.174025148547634 31.458676427591502 19.938598651248785
      vertex -2.7957892883300772 31.484907218438856 20.036493295413823
      vertex -2.7957892883300772 31.84358364603036 19.887924654601893
    endloop
  endfacet
  facet normal -0.25675136523052894 0.588354217216605 0.7667581440947958
    outer loop
      vertex -3.174025148547634 31.792909649383468 19.8001547177869
      vertex -2.7957892883300772 31.84358364603036 19.887924654601893
      vertex -3.174025148547634 32.079922223657285 19.57992222365728
    endloop
  endfacet
  facet normal -0.25675136523052106 0.7667581440947974 0.5883542172166062
    outer loop
      vertex -3.174025148547634 32.079922223657285 19.57992222365728
      vertex -2.7957892883300772 32.151586076974965 19.651586076974965
      vertex -3.174025148547634 32.3001547177869 19.292909649383464
    endloop
  endfacet
  facet normal -0.2567513652305229 0.5883542172166112 0.766758144094793
    outer loop
      vertex -3.174025148547634 32.079922223657285 19.57992222365728
      vertex -2.7957892883300772 31.84358364603036 19.887924654601893
      vertex -2.7957892883300772 32.151586076974965 19.651586076974965
    endloop
  endfacet
  facet normal 0 0.1305261922200521 0.9914448613738104
    outer loop
      vertex -2.7957892883300772 31.1 20.087167292060716
      vertex -2.404210711669922 31.484907218438856 20.036493295413823
      vertex -2.7957892883300772 31.484907218438856 20.036493295413823
    endloop
  endfacet
  facet normal 0 0.3826834323650857 0.9238795325112885
    outer loop
      vertex -2.7957892883300772 31.484907218438856 20.036493295413823
      vertex -2.404210711669922 31.484907218438856 20.036493295413823
      vertex -2.7957892883300772 31.84358364603036 19.887924654601893
    endloop
  endfacet
  facet normal -0.2567513652305157 0.766758144094802 0.5883542172166025
    outer loop
      vertex -2.7957892883300772 32.151586076974965 19.651586076974965
      vertex -2.7957892883300772 32.38792465460189 19.343583646030357
      vertex -3.174025148547634 32.3001547177869 19.292909649383464
    endloop
  endfacet
  facet normal -0.25675136523051406 0.8929087705806809 0.3698549227364212
    outer loop
      vertex -3.174025148547634 32.3001547177869 19.292909649383464
      vertex -2.7957892883300772 32.38792465460189 19.343583646030357
      vertex -2.7957892883300772 32.53649329541383 18.984907218438856
    endloop
  endfacet
  facet normal -0.25675136523052666 0.8929087705806831 0.3698549227364075
    outer loop
      vertex -3.174025148547634 32.3001547177869 19.292909649383464
      vertex -2.7957892883300772 32.53649329541383 18.984907218438856
      vertex -3.174025148547634 32.43859865124879 18.958676427591502
    endloop
  endfacet
  facet normal -0.2567513652305268 0.9582091399530062 0.1261506264858843
    outer loop
      vertex -3.174025148547634 32.43859865124879 18.958676427591502
      vertex -2.7957892883300772 32.53649329541383 18.984907218438856
      vertex -2.7957892883300772 32.58716729206072 18.6
    endloop
  endfacet
  facet normal 0 0.9914448613738104 0.1305261922200521
    outer loop
      vertex -2.7957892883300772 32.53649329541383 18.984907218438856
      vertex -2.404210711669922 32.53649329541383 18.984907218438856
      vertex -2.7957892883300772 32.58716729206072 18.6
    endloop
  endfacet
  facet normal -1 0 0
    outer loop
      vertex -4.087167292060715 31.1 18.795789288330077
      vertex -4.087167292060715 31.150673996646894 18.78911793010878
      vertex -4.087167292060715 31.238443933461888 18.738443933461888
    endloop
  endfacet
  facet normal -1 0 0
    outer loop
      vertex -4.087167292060715 31.150673996646894 18.78911793010878
      vertex -4.087167292060715 31.19789464416504 18.769558497482723
      vertex -4.087167292060715 31.238443933461888 18.738443933461888
    endloop
  endfacet
  facet normal -0.9653655703464427 0.20698665518747408 0.15882644667683338
    outer loop
      vertex -3.9858192987669296 31.59712036105339 18.887012574273818
      vertex -4.087167292060715 31.269558497482723 18.69789464416504
      vertex -4.087167292060715 31.238443933461888 18.738443933461888
    endloop
  endfacet
  facet normal -0.9653655703464425 0.24104106520869217 0.09984247829830079
    outer loop
      vertex -3.9858192987669296 31.59712036105339 18.887012574273818
      vertex -3.9858192987669296 31.65446571592158 18.748568640811932
      vertex -4.087167292060715 31.269558497482723 18.69789464416504
    endloop
  endfacet
  facet normal -1 0 0
    outer loop
      vertex -4.087167292060715 31.238443933461888 18.738443933461888
      vertex -4.087167292060715 31.269558497482723 18.69789464416504
      vertex -4.087167292060715 31.295789288330077 18.6
    endloop
  endfacet
  facet normal -0.9653655703464423 0.2410410652086913 0.09984247829830627
    outer loop
      vertex -4.087167292060715 31.269558497482723 18.69789464416504
      vertex -3.9858192987669296 31.65446571592158 18.748568640811932
      vertex -4.087167292060715 31.28911793010878 18.650673996646894
    endloop
  endfacet
  facet normal -1 0 0
    outer loop
      vertex -4.087167292060715 31.269558497482723 18.69789464416504
      vertex -4.087167292060715 31.28911793010878 18.650673996646894
      vertex -4.087167292060715 31.295789288330077 18.6
    endloop
  endfacet
  facet normal -0.9653655703464423 0.2586689249751414 0.03405441002121482
    outer loop
      vertex -4.087167292060715 31.28911793010878 18.650673996646894
      vertex -3.9858192987669296 31.65446571592158 18.748568640811932
      vertex -4.087167292060715 31.295789288330077 18.6
    endloop
  endfacet
  facet normal -0.9653655703464425 0.2586689249751392 0.034054410021220186
    outer loop
      vertex -4.087167292060715 31.295789288330077 18.6
      vertex -3.9858192987669296 31.65446571592158 18.748568640811932
      vertex -3.9858192987669296 31.674025148547635 18.6
    endloop
  endfacet
  facet normal -0.8641551942546337 0.4989202340245265 0.06568409490620991
    outer loop
      vertex -3.7900300104368525 31.982027579492247 18.836338577626925
      vertex -3.9858192987669296 31.674025148547635 18.6
      vertex -3.9858192987669296 31.65446571592158 18.748568640811932
    endloop
  endfacet
  facet normal -0.8641551942546328 0.4989202340245284 0.065684094906207
    outer loop
      vertex -3.7900300104368525 31.982027579492247 18.836338577626925
      vertex -3.7900300104368525 32.01314214351308 18.6
      vertex -3.9858192987669296 31.674025148547635 18.6
    endloop
  endfacet
  facet normal -0.7040625922196376 0.7040625922196372 0.09269159872355706
    outer loop
      vertex -3.7900300104368525 31.982027579492247 18.836338577626925
      vertex -3.5131421435130807 32.24948072114001 18.90800243094461
      vertex -3.7900300104368525 32.01314214351308 18.6
    endloop
  endfacet
  facet normal -0.704062592219638 0.704062592219637 0.09269159872355774
    outer loop
      vertex -3.5131421435130807 32.24948072114001 18.90800243094461
      vertex -3.5131421435130807 32.29003001043685 18.6
      vertex -3.7900300104368525 32.01314214351308 18.6
    endloop
  endfacet
  facet normal -0.4967815233764473 0.8604508387494493 0.11328050197251789
    outer loop
      vertex -3.5131421435130807 32.24948072114001 18.90800243094461
      vertex -3.174025148547634 32.485819298766934 18.6
      vertex -3.5131421435130807 32.29003001043685 18.6
    endloop
  endfacet
  facet normal -0.49678152337643605 0.8604508387494536 0.11328050197253349
    outer loop
      vertex -3.5131421435130807 32.24948072114001 18.90800243094461
      vertex -3.174025148547634 32.43859865124879 18.958676427591502
      vertex -3.174025148547634 32.485819298766934 18.6
    endloop
  endfacet
  facet normal -0.25675136523052894 0.9582091399530058 0.1261506264858819
    outer loop
      vertex -3.174025148547634 32.43859865124879 18.958676427591502
      vertex -2.7957892883300772 32.58716729206072 18.6
      vertex -3.174025148547634 32.485819298766934 18.6
    endloop
  endfacet
  facet normal 0 0.1305261922200521 0.9914448613738104
    outer loop
      vertex -2.7957892883300772 31.1 20.087167292060716
      vertex 8.310075002615791 31.484907218438856 20.036493295413823
      vertex -2.404210711669922 31.484907218438856 20.036493295413823
    endloop
  endfacet
  facet normal 0 0.6087614290087311 0.7933533402912273
    outer loop
      vertex -2.7957892883300772 31.84358364603036 19.887924654601893
      vertex 7.918496425955636 31.84358364603036 19.887924654601893
      vertex -2.7957892883300772 32.151586076974965 19.651586076974965
    endloop
  endfacet
  facet normal 0 0.3826834323650857 0.9238795325112885
    outer loop
      vertex -2.404210711669922 31.484907218438856 20.036493295413823
      vertex 8.310075002615791 31.484907218438856 20.036493295413823
      vertex -2.7957892883300772 31.84358364603036 19.887924654601893
    endloop
  endfacet
  facet normal 0 0.608761429008731 0.7933533402912271
    outer loop
      vertex -2.7957892883300772 32.151586076974965 19.651586076974965
      vertex 8.310075002615791 31.84358364603036 19.887924654601893
      vertex -2.404210711669922 32.151586076974965 19.651586076974965
    endloop
  endfacet
  facet normal 0 0.7933533402912349 0.6087614290087208
    outer loop
      vertex -2.7957892883300772 32.151586076974965 19.651586076974965
      vertex -2.404210711669922 32.151586076974965 19.651586076974965
      vertex 8.310075002615791 32.38792465460189 19.343583646030357
    endloop
  endfacet
  facet normal 0 0.7933533402912349 0.6087614290087209
    outer loop
      vertex -2.7957892883300772 32.151586076974965 19.651586076974965
      vertex 8.310075002615791 32.38792465460189 19.343583646030357
      vertex -2.7957892883300772 32.38792465460189 19.343583646030357
    endloop
  endfacet
  facet normal 0 0.9238795325112806 0.38268343236510455
    outer loop
      vertex -2.7957892883300772 32.38792465460189 19.343583646030357
      vertex 8.310075002615791 32.38792465460189 19.343583646030357
      vertex -2.7957892883300772 32.53649329541383 18.984907218438856
    endloop
  endfacet
  facet normal 0 0.9238795325112805 0.3826834323651045
    outer loop
      vertex -2.7957892883300772 32.53649329541383 18.984907218438856
      vertex 8.310075002615791 32.38792465460189 19.343583646030357
      vertex -2.404210711669922 32.53649329541383 18.984907218438856
    endloop
  endfacet
  facet normal 0 0.9914448613738104 0.1305261922200521
    outer loop
      vertex -2.404210711669922 32.53649329541383 18.984907218438856
      vertex 8.310075002615791 32.58716729206072 18.6
      vertex -2.7957892883300772 32.58716729206072 18.6
    endloop
  endfacet
  facet normal -1 0 0
    outer loop
      vertex -4.087167292060715 31.238443933461888 18.738443933461888
      vertex -4.087167292060715 31.295789288330077 18.6
      vertex -4.087167292060715 31.28911793010878 1.5506739966468928
    endloop
  endfacet
  facet normal -0.9659258262890683 0.2588190451025206 0
    outer loop
      vertex -4.087167292060715 31.295789288330077 18.6
      vertex -3.9858192987669296 31.674025148547635 18.6
      vertex -3.9858192987669296 31.674025148547635 1.5
    endloop
  endfacet
  facet normal -0.8660254037844375 0.5000000000000021 0
    outer loop
      vertex -3.9858192987669296 31.674025148547635 18.6
      vertex -3.7900300104368525 32.01314214351308 18.6
      vertex -3.7900300104368525 32.01314214351308 1.5
    endloop
  endfacet
  facet normal -0.707106781186548 0.707106781186547 0
    outer loop
      vertex -3.7900300104368525 32.01314214351308 18.6
      vertex -3.5131421435130807 32.29003001043685 18.6
      vertex -3.7900300104368525 32.01314214351308 1.5
    endloop
  endfacet
  facet normal -0.5000000000000102 0.8660254037844328 0
    outer loop
      vertex -3.5131421435130807 32.29003001043685 18.6
      vertex -3.174025148547634 32.485819298766934 18.6
      vertex -3.174025148547634 32.485819298766934 1.5
    endloop
  endfacet
  facet normal -0.25881904510252113 0.9659258262890681 0
    outer loop
      vertex -3.174025148547634 32.485819298766934 18.6
      vertex -2.7957892883300772 32.58716729206072 18.6
      vertex -3.174025148547634 32.485819298766934 1.5
    endloop
  endfacet
  facet normal 0 1 0
    outer loop
      vertex -2.7957892883300772 32.58716729206072 18.6
      vertex 8.310075002615791 32.58716729206072 18.6
      vertex -2.7957892883300772 32.58716729206072 1.5
    endloop
  endfacet
  facet normal 0 0 1
    outer loop
      vertex 8.310075002615791 -31.1 20.087167292060716
      vertex 8.310075002615791 31.1 20.087167292060716
      vertex -2.7957892883300772 31.1 20.087167292060716
    endloop
  endfacet
  facet normal 0.2588190451025206 0 0.9659258262890684
    outer loop
      vertex 8.310075002615791 -31.1 20.087167292060716
      vertex 8.68831086283335 31.1 19.98581929876693
      vertex 8.310075002615791 31.1 20.087167292060716
    endloop
  endfacet
  facet normal 0.5000000000000043 0 0.8660254037844362
    outer loop
      vertex 9.027427857798795 -31.1 19.79003001043685
      vertex 9.027427857798795 31.1 19.79003001043685
      vertex 8.68831086283335 31.1 19.98581929876693
    endloop
  endfacet
  facet normal 0.7071067811865429 0 0.7071067811865521
    outer loop
      vertex 9.304315724722567 -31.1 19.513142143513083
      vertex 9.304315724722567 31.1 19.513142143513083
      vertex 9.027427857798795 31.1 19.79003001043685
    endloop
  endfacet
  facet normal 0.8660254037844413 0 0.4999999999999956
    outer loop
      vertex 9.304315724722567 -31.1 19.513142143513083
      vertex 9.500105013052643 31.1 19.174025148547635
      vertex 9.304315724722567 31.1 19.513142143513083
    endloop
  endfacet
  facet normal 0.9659258262890684 0 0.2588190451025206
    outer loop
      vertex 9.500105013052643 -31.1 19.174025148547635
      vertex 9.601453006346429 31.1 18.795789288330077
      vertex 9.500105013052643 31.1 19.174025148547635
    endloop
  endfacet
  facet normal 1 0 0
    outer loop
      vertex 9.601453006346429 -31.150673996646894 18.78911793010878
      vertex 9.601453006346429 31.238443933461888 18.738443933461888
      vertex 9.601453006346429 31.1 18.795789288330077
    endloop
  endfacet
  facet normal 0 0.1305261922200521 0.9914448613738104
    outer loop
      vertex -2.7957892883300772 31.1 20.087167292060716
      vertex 8.310075002615791 31.1 20.087167292060716
      vertex 8.310075002615791 31.484907218438856 20.036493295413823
    endloop
  endfacet
  facet normal 0 0.3826834323650857 0.9238795325112885
    outer loop
      vertex -2.7957892883300772 31.84358364603036 19.887924654601893
      vertex 8.310075002615791 31.484907218438856 20.036493295413823
      vertex 7.918496425955636 31.84358364603036 19.887924654601893
    endloop
  endfacet
  facet normal 0 0.6087614290087308 0.7933533402912274
    outer loop
      vertex -2.7957892883300772 32.151586076974965 19.651586076974965
      vertex 7.918496425955636 31.84358364603036 19.887924654601893
      vertex 8.310075002615791 31.84358364603036 19.887924654601893
    endloop
  endfacet
  facet normal 0 0.6087614290087311 0.7933533402912273
    outer loop
      vertex -2.404210711669922 32.151586076974965 19.651586076974965
      vertex 8.310075002615791 31.84358364603036 19.887924654601893
      vertex 8.310075002615791 32.151586076974965 19.651586076974965
    endloop
  endfacet
  facet normal 0 0.7933533402912348 0.6087614290087208
    outer loop
      vertex -2.404210711669922 32.151586076974965 19.651586076974965
      vertex 8.310075002615791 32.151586076974965 19.651586076974965
      vertex 8.310075002615791 32.38792465460189 19.343583646030357
    endloop
  endfacet
  facet normal 0 0.9238795325112806 0.3826834323651045
    outer loop
      vertex -2.404210711669922 32.53649329541383 18.984907218438856
      vertex 8.310075002615791 32.38792465460189 19.343583646030357
      vertex 8.310075002615791 32.53649329541383 18.984907218438856
    endloop
  endfacet
  facet normal 0 0.9914448613738104 0.1305261922200521
    outer loop
      vertex -2.404210711669922 32.53649329541383 18.984907218438856
      vertex 8.310075002615791 32.53649329541383 18.984907218438856
      vertex 8.310075002615791 32.58716729206072 18.6
    endloop
  endfacet
  facet normal 0 0.3826834323650857 0.9238795325112885
    outer loop
      vertex 8.310075002615791 31.484907218438856 20.036493295413823
      vertex 8.310075002615791 31.84358364603036 19.887924654601893
      vertex 7.918496425955636 31.84358364603036 19.887924654601893
    endloop
  endfacet
  facet normal 0.2567513652305262 0.12615062648588432 0.9582091399530063
    outer loop
      vertex 8.310075002615791 31.1 20.087167292060716
      vertex 8.68831086283335 31.458676427591502 19.938598651248785
      vertex 8.310075002615791 31.484907218438856 20.036493295413823
    endloop
  endfacet
  facet normal 0.25675136523052833 0.12615062648588193 0.9582091399530059
    outer loop
      vertex 8.310075002615791 31.1 20.087167292060716
      vertex 8.68831086283335 31.1 19.98581929876693
      vertex 8.68831086283335 31.458676427591502 19.938598651248785
    endloop
  endfacet
  facet normal 0.25675136523052855 0.3698549227364016 0.892908770580685
    outer loop
      vertex 8.310075002615791 31.484907218438856 20.036493295413823
      vertex 8.68831086283335 31.792909649383468 19.8001547177869
      vertex 8.310075002615791 31.84358364603036 19.887924654601893
    endloop
  endfacet
  facet normal 0.25675136523052616 0.36985492273640413 0.8929087705806845
    outer loop
      vertex 8.310075002615791 31.484907218438856 20.036493295413823
      vertex 8.68831086283335 31.458676427591502 19.938598651248785
      vertex 8.68831086283335 31.792909649383468 19.8001547177869
    endloop
  endfacet
  facet normal 0.2567513652305223 0.5883542172166113 0.7667581440947933
    outer loop
      vertex 8.310075002615791 31.84358364603036 19.887924654601893
      vertex 8.68831086283335 32.079922223657285 19.57992222365728
      vertex 8.310075002615791 32.151586076974965 19.651586076974965
    endloop
  endfacet
  facet normal 0.2567513652305203 0.7667581440948011 0.5883542172166017
    outer loop
      vertex 8.310075002615791 32.151586076974965 19.651586076974965
      vertex 8.68831086283335 32.079922223657285 19.57992222365728
      vertex 8.310075002615791 32.38792465460189 19.343583646030357
    endloop
  endfacet
  facet normal 0.2567513652305284 0.588354217216605 0.7667581440947958
    outer loop
      vertex 8.310075002615791 31.84358364603036 19.887924654601893
      vertex 8.68831086283335 31.792909649383468 19.8001547177869
      vertex 8.68831086283335 32.079922223657285 19.57992222365728
    endloop
  endfacet
  facet normal 0.2567513652305135 0.8929087705806812 0.3698549227364213
    outer loop
      vertex 8.310075002615791 32.38792465460189 19.343583646030357
      vertex 8.68831086283335 32.3001547177869 19.292909649383464
      vertex 8.310075002615791 32.53649329541383 18.984907218438856
    endloop
  endfacet
  facet normal 0.256751365230515 0.7667581440947988 0.5883542172166073
    outer loop
      vertex 8.68831086283335 32.079922223657285 19.57992222365728
      vertex 8.68831086283335 32.3001547177869 19.292909649383464
      vertex 8.310075002615791 32.38792465460189 19.343583646030357
    endloop
  endfacet
  facet normal 0.2567513652305262 0.9582091399530063 0.12615062648588432
    outer loop
      vertex 8.310075002615791 32.53649329541383 18.984907218438856
      vertex 8.68831086283335 32.43859865124879 18.958676427591502
      vertex 8.310075002615791 32.58716729206072 18.6
    endloop
  endfacet
  facet normal 0.256751365230526 0.8929087705806832 0.36985492273640747
    outer loop
      vertex 8.310075002615791 32.53649329541383 18.984907218438856
      vertex 8.68831086283335 32.3001547177869 19.292909649383464
      vertex 8.68831086283335 32.43859865124879 18.958676427591502
    endloop
  endfacet
  facet normal 0.49678152337643716 0.11328050197253345 0.860450838749453
    outer loop
      vertex 8.68831086283335 31.1 19.98581929876693
      vertex 9.027427857798795 31.40800243094461 19.749480721140007
      vertex 8.68831086283335 31.458676427591502 19.938598651248785
    endloop
  endfacet
  facet normal 0.4967815233764373 0.33212162691305636 0.801812536050922
    outer loop
      vertex 8.68831086283335 31.458676427591502 19.938598651248785
      vertex 9.027427857798795 31.40800243094461 19.749480721140007
      vertex 8.68831086283335 31.792909649383468 19.8001547177869
    endloop
  endfacet
  facet normal 0.4967815233764409 0.11328050197252815 0.8604508387494516
    outer loop
      vertex 8.68831086283335 31.1 19.98581929876693
      vertex 9.027427857798795 31.1 19.79003001043685
      vertex 9.027427857798795 31.40800243094461 19.749480721140007
    endloop
  endfacet
  facet normal 0.7040625922196377 0.09269159872356579 0.7040625922196362
    outer loop
      vertex 9.027427857798795 31.1 19.79003001043685
      vertex 9.304315724722567 31.336338577626925 19.482027579492243
      vertex 9.027427857798795 31.40800243094461 19.749480721140007
    endloop
  endfacet
  facet normal 0.7040625922196374 0.271758016897817 0.6560818900783121
    outer loop
      vertex 9.027427857798795 31.40800243094461 19.749480721140007
      vertex 9.304315724722567 31.336338577626925 19.482027579492243
      vertex 9.027427857798795 31.695015005218426 19.630596220304174
    endloop
  endfacet
  facet normal 0.4967815233764434 0.5283292118363971 0.6885320340783802
    outer loop
      vertex 8.68831086283335 31.792909649383468 19.8001547177869
      vertex 9.027427857798795 31.695015005218426 19.630596220304174
      vertex 8.68831086283335 32.079922223657285 19.57992222365728
    endloop
  endfacet
  facet normal 0.4967815233764435 0.33212162691306263 0.8018125360509154
    outer loop
      vertex 8.68831086283335 31.792909649383468 19.8001547177869
      vertex 9.027427857798795 31.40800243094461 19.749480721140007
      vertex 9.027427857798795 31.695015005218426 19.630596220304174
    endloop
  endfacet
  facet normal 0.4967815233764312 0.5283292118363886 0.6885320340783955
    outer loop
      vertex 8.68831086283335 32.079922223657285 19.57992222365728
      vertex 9.027427857798795 31.695015005218426 19.630596220304174
      vertex 9.027427857798795 31.9414782901954 19.4414782901954
    endloop
  endfacet
  facet normal 0.7040625922196333 0.43230457532181926 0.5633902913547515
    outer loop
      vertex 9.027427857798795 31.695015005218426 19.630596220304174
      vertex 9.304315724722567 31.55657107175654 19.390804293548506
      vertex 9.027427857798795 31.9414782901954 19.4414782901954
    endloop
  endfacet
  facet normal 0.7040625922196315 0.0926915987235786 0.7040625922196406
    outer loop
      vertex 9.027427857798795 31.1 19.79003001043685
      vertex 9.304315724722567 31.1 19.513142143513083
      vertex 9.304315724722567 31.336338577626925 19.482027579492243
    endloop
  endfacet
  facet normal 0.7040625922196317 0.2717580168978087 0.6560818900783214
    outer loop
      vertex 9.027427857798795 31.695015005218426 19.630596220304174
      vertex 9.304315724722567 31.336338577626925 19.482027579492243
      vertex 9.304315724722567 31.55657107175654 19.390804293548506
    endloop
  endfacet
  facet normal 0.49678152337643294 0.6885320340783898 0.5283292118363941
    outer loop
      vertex 8.68831086283335 32.079922223657285 19.57992222365728
      vertex 9.027427857798795 31.9414782901954 19.4414782901954
      vertex 9.027427857798795 32.13059622030418 19.195015005218426
    endloop
  endfacet
  facet normal 0.4967815233764392 0.688532034078382 0.5283292118363986
    outer loop
      vertex 8.68831086283335 32.079922223657285 19.57992222365728
      vertex 9.027427857798795 32.13059622030418 19.195015005218426
      vertex 8.68831086283335 32.3001547177869 19.292909649383464
    endloop
  endfacet
  facet normal 0.7040625922196394 0.5633902913547428 0.43230457532182076
    outer loop
      vertex 9.027427857798795 31.9414782901954 19.4414782901954
      vertex 9.304315724722567 31.74568900186532 19.24568900186532
      vertex 9.027427857798795 32.13059622030418 19.195015005218426
    endloop
  endfacet
  facet normal 0.49678152337643705 0.8018125360509206 0.33212162691305935
    outer loop
      vertex 8.68831086283335 32.3001547177869 19.292909649383464
      vertex 9.027427857798795 32.24948072114001 18.90800243094461
      vertex 8.68831086283335 32.43859865124879 18.958676427591502
    endloop
  endfacet
  facet normal 0.49678152337644094 0.8018125360509168 0.3321216269130633
    outer loop
      vertex 8.68831086283335 32.3001547177869 19.292909649383464
      vertex 9.027427857798795 32.13059622030418 19.195015005218426
      vertex 9.027427857798795 32.24948072114001 18.90800243094461
    endloop
  endfacet
  facet normal 0.7040625922196367 0.6560818900783126 0.27175801689781726
    outer loop
      vertex 9.027427857798795 32.13059622030418 19.195015005218426
      vertex 9.304315724722567 31.890804293548506 19.05657107175654
      vertex 9.027427857798795 32.24948072114001 18.90800243094461
    endloop
  endfacet
  facet normal 0.8641551942546357 0.06568409490622108 0.4989202340245214
    outer loop
      vertex 9.304315724722567 31.1 19.513142143513083
      vertex 9.500105013052643 31.1 19.174025148547635
      vertex 9.304315724722567 31.336338577626925 19.482027579492243
    endloop
  endfacet
  facet normal 0.8641551942546355 0.19257602219888614 0.4649196445804237
    outer loop
      vertex 9.304315724722567 31.336338577626925 19.482027579492243
      vertex 9.500105013052643 31.387012574273818 19.09712036105339
      vertex 9.304315724722567 31.55657107175654 19.390804293548506
    endloop
  endfacet
  facet normal 0.8641551942546359 0.06568409490622122 0.49892023402452135
    outer loop
      vertex 9.304315724722567 31.336338577626925 19.482027579492243
      vertex 9.500105013052643 31.1 19.174025148547635
      vertex 9.500105013052643 31.248568640811932 19.154465715921578
    endloop
  endfacet
  facet normal 0.8641551942546359 0.19257602219888412 0.4649196445804237
    outer loop
      vertex 9.304315724722567 31.336338577626925 19.482027579492243
      vertex 9.500105013052643 31.248568640811932 19.154465715921578
      vertex 9.500105013052643 31.387012574273818 19.09712036105339
    endloop
  endfacet
  facet normal 0.8641551942546352 0.30634421182563715 0.39923554967420294
    outer loop
      vertex 9.304315724722567 31.55657107175654 19.390804293548506
      vertex 9.500105013052643 31.387012574273818 19.09712036105339
      vertex 9.500105013052643 31.505897075109647 19.005897075109647
    endloop
  endfacet
  facet normal 0.7040625922196398 0.43230457532182565 0.5633902913547384
    outer loop
      vertex 9.027427857798795 31.9414782901954 19.4414782901954
      vertex 9.304315724722567 31.55657107175654 19.390804293548506
      vertex 9.304315724722567 31.74568900186532 19.24568900186532
    endloop
  endfacet
  facet normal 0.7040625922196361 0.5633902913547414 0.43230457532182787
    outer loop
      vertex 9.027427857798795 32.13059622030418 19.195015005218426
      vertex 9.304315724722567 31.74568900186532 19.24568900186532
      vertex 9.304315724722567 31.890804293548506 19.05657107175654
    endloop
  endfacet
  facet normal 0.8641551942546357 0.306344211825635 0.39923554967420355
    outer loop
      vertex 9.304315724722567 31.55657107175654 19.390804293548506
      vertex 9.500105013052643 31.505897075109647 19.005897075109647
      vertex 9.304315724722567 31.74568900186532 19.24568900186532
    endloop
  endfacet
  facet normal 0.9653655703464423 0.03405441002122636 0.25866892497513916
    outer loop
      vertex 9.500105013052643 31.1 19.174025148547635
      vertex 9.601453006346429 31.1 18.795789288330077
      vertex 9.500105013052643 31.248568640811932 19.154465715921578
    endloop
  endfacet
  facet normal 0.9653655703464423 0.09984247829829579 0.241041065208695
    outer loop
      vertex 9.500105013052643 31.248568640811932 19.154465715921578
      vertex 9.601453006346429 31.19789464416504 18.769558497482723
      vertex 9.500105013052643 31.387012574273818 19.09712036105339
    endloop
  endfacet
  facet normal 0.9653655703464417 0.03405441002121514 0.2586689249751436
    outer loop
      vertex 9.500105013052643 31.248568640811932 19.154465715921578
      vertex 9.601453006346429 31.1 18.795789288330077
      vertex 9.601453006346429 31.150673996646894 18.78911793010878
    endloop
  endfacet
  facet normal 0.965365570346442 0.15882644667684392 0.20698665518746948
    outer loop
      vertex 9.500105013052643 31.387012574273818 19.09712036105339
      vertex 9.601453006346429 31.238443933461888 18.738443933461888
      vertex 9.500105013052643 31.505897075109647 19.005897075109647
    endloop
  endfacet
  facet normal 0.9653655703464417 0.09984247829830713 0.2410410652086933
    outer loop
      vertex 9.500105013052643 31.248568640811932 19.154465715921578
      vertex 9.601453006346429 31.150673996646894 18.78911793010878
      vertex 9.601453006346429 31.19789464416504 18.769558497482723
    endloop
  endfacet
  facet normal 0.9653655703464427 0.15882644667683338 0.20698665518747408
    outer loop
      vertex 9.500105013052643 31.387012574273818 19.09712036105339
      vertex 9.601453006346429 31.19789464416504 18.769558497482723
      vertex 9.601453006346429 31.238443933461888 18.738443933461888
    endloop
  endfacet
  facet normal 0.9653655703464424 0.20698665518746837 0.15882644667684306
    outer loop
      vertex 9.500105013052643 31.505897075109647 19.005897075109647
      vertex 9.601453006346429 31.269558497482723 18.69789464416504
      vertex 9.500105013052643 31.59712036105339 18.887012574273818
    endloop
  endfacet
  facet normal 0.8641551942546357 0.39923554967420355 0.306344211825635
    outer loop
      vertex 9.304315724722567 31.74568900186532 19.24568900186532
      vertex 9.500105013052643 31.505897075109647 19.005897075109647
      vertex 9.304315724722567 31.890804293548506 19.05657107175654
    endloop
  endfacet
  facet normal 0.7040625922196375 0.6560818900783125 0.2717580168978157
    outer loop
      vertex 9.027427857798795 32.24948072114001 18.90800243094461
      vertex 9.304315724722567 31.890804293548506 19.05657107175654
      vertex 9.304315724722567 31.982027579492247 18.836338577626925
    endloop
  endfacet
  facet normal 0.8641551942546357 0.46491964458042023 0.1925760221988922
    outer loop
      vertex 9.304315724722567 31.890804293548506 19.05657107175654
      vertex 9.500105013052643 31.59712036105339 18.887012574273818
      vertex 9.304315724722567 31.982027579492247 18.836338577626925
    endloop
  endfacet
  facet normal 0.8641551942546352 0.399235549674203 0.3063442118256372
    outer loop
      vertex 9.500105013052643 31.505897075109647 19.005897075109647
      vertex 9.500105013052643 31.59712036105339 18.887012574273818
      vertex 9.304315724722567 31.890804293548506 19.05657107175654
    endloop
  endfacet
  facet normal 0.25675136523052833 0.9582091399530059 0.1261506264858819
    outer loop
      vertex 8.68831086283335 32.43859865124879 18.958676427591502
      vertex 8.68831086283335 32.485819298766934 18.6
      vertex 8.310075002615791 32.58716729206072 18.6
    endloop
  endfacet
  facet normal 0.49678152337643716 0.860450838749453 0.11328050197253345
    outer loop
      vertex 8.68831086283335 32.43859865124879 18.958676427591502
      vertex 9.027427857798795 32.24948072114001 18.90800243094461
      vertex 8.68831086283335 32.485819298766934 18.6
    endloop
  endfacet
  facet normal 0.4967815233764483 0.8604508387494487 0.11328050197251782
    outer loop
      vertex 9.027427857798795 32.24948072114001 18.90800243094461
      vertex 9.027427857798795 32.29003001043685 18.6
      vertex 8.68831086283335 32.485819298766934 18.6
    endloop
  endfacet
  facet normal 0.7040625922196374 0.7040625922196374 0.09269159872355782
    outer loop
      vertex 9.027427857798795 32.24948072114001 18.90800243094461
      vertex 9.304315724722567 32.01314214351308 18.6
      vertex 9.027427857798795 32.29003001043685 18.6
    endloop
  endfacet
  facet normal 1 0 0
    outer loop
      vertex 9.601453006346429 31.1 18.795789288330077
      vertex 9.601453006346429 31.19789464416504 18.769558497482723
      vertex 9.601453006346429 31.150673996646894 18.78911793010878
    endloop
  endfacet
  facet normal 1 0 0
    outer loop
      vertex 9.601453006346429 31.1 18.795789288330077
      vertex 9.601453006346429 31.238443933461888 18.738443933461888
      vertex 9.601453006346429 31.19789464416504 18.769558497482723
    endloop
  endfacet
  facet normal 0.9653655703464425 0.24104106520869217 0.09984247829830079
    outer loop
      vertex 9.500105013052643 31.59712036105339 18.887012574273818
      vertex 9.601453006346429 31.269558497482723 18.69789464416504
      vertex 9.500105013052643 31.65446571592158 18.748568640811932
    endloop
  endfacet
  facet normal 0.9653655703464418 0.20698665518747733 0.15882644667683593
    outer loop
      vertex 9.500105013052643 31.505897075109647 19.005897075109647
      vertex 9.601453006346429 31.238443933461888 18.738443933461888
      vertex 9.601453006346429 31.269558497482723 18.69789464416504
    endloop
  endfacet
  facet normal 1 0 0
    outer loop
      vertex 9.601453006346429 31.238443933461888 18.738443933461888
      vertex 9.601453006346429 31.295789288330077 18.6
      vertex 9.601453006346429 31.269558497482723 18.69789464416504
    endloop
  endfacet
  facet normal 0.9653655703464423 0.2410410652086913 0.09984247829830627
    outer loop
      vertex 9.601453006346429 31.269558497482723 18.69789464416504
      vertex 9.601453006346429 31.28911793010878 18.650673996646894
      vertex 9.500105013052643 31.65446571592158 18.748568640811932
    endloop
  endfacet
  facet normal 1 0 0
    outer loop
      vertex 9.601453006346429 31.269558497482723 18.69789464416504
      vertex 9.601453006346429 31.295789288330077 18.6
      vertex 9.601453006346429 31.28911793010878 18.650673996646894
    endloop
  endfacet
  facet normal 0.9653655703464425 0.2586689249751392 0.034054410021220186
    outer loop
      vertex 9.601453006346429 31.295789288330077 18.6
      vertex 9.500105013052643 31.674025148547635 18.6
      vertex 9.500105013052643 31.65446571592158 18.748568640811932
    endloop
  endfacet
  facet normal 0.9653655703464423 0.2586689249751414 0.03405441002121482
    outer loop
      vertex 9.601453006346429 31.28911793010878 18.650673996646894
      vertex 9.601453006346429 31.295789288330077 18.6
      vertex 9.500105013052643 31.65446571592158 18.748568640811932
    endloop
  endfacet
  facet normal 0.8641551942546343 0.49892023402452584 0.06568409490620665
    outer loop
      vertex 9.304315724722567 31.982027579492247 18.836338577626925
      vertex 9.500105013052643 31.674025148547635 18.6
      vertex 9.304315724722567 32.01314214351308 18.6
    endloop
  endfacet
  facet normal 0.7040625922196372 0.7040625922196377 0.09269159872355719
    outer loop
      vertex 9.027427857798795 32.24948072114001 18.90800243094461
      vertex 9.304315724722567 31.982027579492247 18.836338577626925
      vertex 9.304315724722567 32.01314214351308 18.6
    endloop
  endfacet
  facet normal 0.8641551942546353 0.46491964458042045 0.1925760221988947
    outer loop
      vertex 9.304315724722567 31.982027579492247 18.836338577626925
      vertex 9.500105013052643 31.59712036105339 18.887012574273818
      vertex 9.500105013052643 31.65446571592158 18.748568640811932
    endloop
  endfacet
  facet normal 0.8641551942546353 0.498920234024524 0.06568409490620968
    outer loop
      vertex 9.304315724722567 31.982027579492247 18.836338577626925
      vertex 9.500105013052643 31.65446571592158 18.748568640811932
      vertex 9.500105013052643 31.674025148547635 18.6
    endloop
  endfacet
  facet normal 0.2588190451025206 0.9659258262890683 0
    outer loop
      vertex 8.310075002615791 32.58716729206072 18.6
      vertex 8.68831086283335 32.485819298766934 18.6
      vertex 8.68831086283335 32.485819298766934 1.5
    endloop
  endfacet
  facet normal 0.5000000000000111 0.8660254037844323 0
    outer loop
      vertex 8.68831086283335 32.485819298766934 18.6
      vertex 9.027427857798795 32.29003001043685 18.6
      vertex 8.68831086283335 32.485819298766934 1.5
    endloop
  endfacet
  facet normal 0.7071067811865475 0.7071067811865475 0
    outer loop
      vertex 9.027427857798795 32.29003001043685 18.6
      vertex 9.304315724722567 32.01314214351308 18.6
      vertex 9.027427857798795 32.29003001043685 1.5
    endloop
  endfacet
  facet normal 1 0 0
    outer loop
      vertex 9.601453006346429 31.238443933461888 18.738443933461888
      vertex 9.601453006346429 31.1 1.6957892883300758
      vertex 9.601453006346429 31.295789288330077 18.6
    endloop
  endfacet
  facet normal 0.9659258262890683 0.2588190451025206 0
    outer loop
      vertex 9.601453006346429 31.295789288330077 18.6
      vertex 9.601453006346429 31.295789288330077 1.5
      vertex 9.500105013052643 31.674025148547635 18.6
    endloop
  endfacet
  facet normal 0.8660254037844389 0.49999999999999956 0
    outer loop
      vertex 9.304315724722567 32.01314214351308 18.6
      vertex 9.500105013052643 31.674025148547635 18.6
      vertex 9.500105013052643 31.674025148547635 1.5
    endloop
  endfacet
  facet normal -0.8660254037844375 -0.5000000000000021 0
    outer loop
      vertex -3.9858192987669296 -31.674025148547635 18.6
      vertex -3.9858192987669296 -31.674025148547635 1.5
      vertex -3.7900300104368525 -32.01314214351308 1.5
    endloop
  endfacet
  facet normal -0.9659258262890683 -0.2588190451025206 0
    outer loop
      vertex -3.9858192987669296 -31.674025148547635 18.6
      vertex -4.087167292060715 -31.295789288330077 1.5
      vertex -3.9858192987669296 -31.674025148547635 1.5
    endloop
  endfacet
  facet normal -1 0 0
    outer loop
      vertex -4.087167292060715 -31.19789464416504 18.430441502517276
      vertex -4.087167292060715 -31.150673996646894 1.3108820698912211
      vertex -4.087167292060715 -31.295789288330077 1.5
    endloop
  endfacet
  facet normal -0.707106781186548 -0.707106781186547 0
    outer loop
      vertex -3.5131421435130807 -32.29003001043685 18.6
      vertex -3.7900300104368525 -32.01314214351308 1.5
      vertex -3.5131421435130807 -32.29003001043685 1.5
    endloop
  endfacet
  facet normal -0.5000000000000102 -0.8660254037844328 0
    outer loop
      vertex -3.174025148547634 -32.485819298766934 18.6
      vertex -3.5131421435130807 -32.29003001043685 1.5
      vertex -3.174025148547634 -32.485819298766934 1.5
    endloop
  endfacet
  facet normal -0.25881904510252113 -0.9659258262890681 0
    outer loop
      vertex -3.174025148547634 -32.485819298766934 18.6
      vertex -3.174025148547634 -32.485819298766934 1.5
      vertex -2.7957892883300772 -32.58716729206072 1.5
    endloop
  endfacet
  facet normal 0 -1 0
    outer loop
      vertex -2.7957892883300772 -32.58716729206072 18.6
      vertex -2.7957892883300772 -32.58716729206072 1.5
      vertex 8.310075002615791 -32.58716729206072 1.5
    endloop
  endfacet
  facet normal -0.8641551942546336 -0.4989202340245265 -0.06568409490620998
    outer loop
      vertex -3.9858192987669296 -31.674025148547635 1.5
      vertex -3.9858192987669296 -31.65446571592158 1.3514313591880693
      vertex -3.7900300104368525 -31.982027579492247 1.263661422373076
    endloop
  endfacet
  facet normal -0.7040625922196376 -0.7040625922196373 -0.09269159872355708
    outer loop
      vertex -3.7900300104368525 -32.01314214351308 1.5
      vertex -3.7900300104368525 -31.982027579492247 1.263661422373076
      vertex -3.5131421435130807 -32.24948072114001 1.191997569055392
    endloop
  endfacet
  facet normal -0.8641551942546329 -0.4989202340245284 -0.06568409490620704
    outer loop
      vertex -3.9858192987669296 -31.674025148547635 1.5
      vertex -3.7900300104368525 -31.982027579492247 1.263661422373076
      vertex -3.7900300104368525 -32.01314214351308 1.5
    endloop
  endfacet
  facet normal -0.9653655703464428 -0.2586689249751393 -0.03405441002121457
    outer loop
      vertex -3.9858192987669296 -31.674025148547635 1.5
      vertex -4.087167292060715 -31.295789288330077 1.5
      vertex -4.087167292060715 -31.28911793010878 1.4493260033531072
    endloop
  endfacet
  facet normal -0.9653655703464423 -0.25866892497514 -0.03405441002122028
    outer loop
      vertex -3.9858192987669296 -31.674025148547635 1.5
      vertex -4.087167292060715 -31.28911793010878 1.4493260033531072
      vertex -3.9858192987669296 -31.65446571592158 1.3514313591880693
    endloop
  endfacet
  facet normal -1 0 0
    outer loop
      vertex -4.087167292060715 -31.295789288330077 1.5
      vertex -4.087167292060715 -31.269558497482723 1.402105355834962
      vertex -4.087167292060715 -31.28911793010878 1.4493260033531072
    endloop
  endfacet
  facet normal -0.9653655703464423 -0.24104106520869137 -0.09984247829830634
    outer loop
      vertex -3.9858192987669296 -31.65446571592158 1.3514313591880693
      vertex -4.087167292060715 -31.28911793010878 1.4493260033531072
      vertex -4.087167292060715 -31.269558497482723 1.402105355834962
    endloop
  endfacet
  facet normal -1 0 0
    outer loop
      vertex -4.087167292060715 -31.295789288330077 1.5
      vertex -4.087167292060715 -31.150673996646894 1.3108820698912211
      vertex -4.087167292060715 -31.269558497482723 1.402105355834962
    endloop
  endfacet
  facet normal -1 0 0
    outer loop
      vertex -4.087167292060715 -31.269558497482723 1.402105355834962
      vertex -4.087167292060715 -31.150673996646894 1.3108820698912211
      vertex -4.087167292060715 -31.238443933461888 1.361556066538114
    endloop
  endfacet
  facet normal -0.9653655703464415 -0.20698665518747747 -0.15882644667683588
    outer loop
      vertex -4.087167292060715 -31.269558497482723 1.402105355834962
      vertex -4.087167292060715 -31.238443933461888 1.361556066538114
      vertex -3.9858192987669296 -31.505897075109647 1.094102924890354
    endloop
  endfacet
  facet normal -0.9653655703464425 -0.24104106520869217 -0.09984247829830079
    outer loop
      vertex -3.9858192987669296 -31.65446571592158 1.3514313591880693
      vertex -4.087167292060715 -31.269558497482723 1.402105355834962
      vertex -3.9858192987669296 -31.59712036105339 1.2129874257261832
    endloop
  endfacet
  facet normal -1 0 0
    outer loop
      vertex -4.087167292060715 -31.238443933461888 1.361556066538114
      vertex -4.087167292060715 -31.150673996646894 1.3108820698912211
      vertex -4.087167292060715 -31.19789464416504 1.330441502517278
    endloop
  endfacet
  facet normal -0.704062592219638 -0.704062592219637 -0.09269159872355773
    outer loop
      vertex -3.7900300104368525 -32.01314214351308 1.5
      vertex -3.5131421435130807 -32.24948072114001 1.191997569055392
      vertex -3.5131421435130807 -32.29003001043685 1.5
    endloop
  endfacet
  facet normal -0.49678152337644726 -0.8604508387494493 -0.11328050197251789
    outer loop
      vertex -3.5131421435130807 -32.29003001043685 1.5
      vertex -3.5131421435130807 -32.24948072114001 1.191997569055392
      vertex -3.174025148547634 -32.485819298766934 1.5
    endloop
  endfacet
  facet normal -0.49678152337643616 -0.8604508387494536 -0.11328050197253352
    outer loop
      vertex -3.174025148547634 -32.485819298766934 1.5
      vertex -3.5131421435130807 -32.24948072114001 1.191997569055392
      vertex -3.174025148547634 -32.43859865124879 1.1413235724084991
    endloop
  endfacet
  facet normal -0.25675136523052894 -0.9582091399530058 -0.1261506264858819
    outer loop
      vertex -3.174025148547634 -32.485819298766934 1.5
      vertex -3.174025148547634 -32.43859865124879 1.1413235724084991
      vertex -2.7957892883300772 -32.58716729206072 1.5
    endloop
  endfacet
  facet normal -0.8641551942546345 -0.46491964458042156 -0.19257602219889525
    outer loop
      vertex -3.9858192987669296 -31.65446571592158 1.3514313591880693
      vertex -3.9858192987669296 -31.59712036105339 1.2129874257261832
      vertex -3.7900300104368525 -31.890804293548506 1.0434289282434612
    endloop
  endfacet
  facet normal -0.8641551942546344 -0.3992355496742041 -0.30634421182563804
    outer loop
      vertex -3.9858192987669296 -31.59712036105339 1.2129874257261832
      vertex -3.9858192987669296 -31.505897075109647 1.094102924890354
      vertex -3.7900300104368525 -31.74568900186532 0.8543109981346824
    endloop
  endfacet
  facet normal -0.8641551942546339 -0.4649196445804234 -0.1925760221988935
    outer loop
      vertex -3.9858192987669296 -31.65446571592158 1.3514313591880693
      vertex -3.7900300104368525 -31.890804293548506 1.0434289282434612
      vertex -3.7900300104368525 -31.982027579492247 1.263661422373076
    endloop
  endfacet
  facet normal -0.704062592219638 -0.656081890078312 -0.27175801689781537
    outer loop
      vertex -3.7900300104368525 -31.982027579492247 1.263661422373076
      vertex -3.7900300104368525 -31.890804293548506 1.0434289282434612
      vertex -3.5131421435130807 -32.24948072114001 1.191997569055392
    endloop
  endfacet
  facet normal -0.8641551942546337 -0.39923554967420616 -0.306344211825637
    outer loop
      vertex -3.9858192987669296 -31.59712036105339 1.2129874257261832
      vertex -3.7900300104368525 -31.74568900186532 0.8543109981346824
      vertex -3.7900300104368525 -31.890804293548506 1.0434289282434612
    endloop
  endfacet
  facet normal -0.9653655703464424 -0.20698665518746837 -0.15882644667684304
    outer loop
      vertex -4.087167292060715 -31.269558497482723 1.402105355834962
      vertex -3.9858192987669296 -31.505897075109647 1.094102924890354
      vertex -3.9858192987669296 -31.59712036105339 1.2129874257261832
    endloop
  endfacet
  facet normal -0.9653655703464427 -0.1588264466768333 -0.20698665518747408
    outer loop
      vertex -4.087167292060715 -31.238443933461888 1.361556066538114
      vertex -4.087167292060715 -31.19789464416504 1.330441502517278
      vertex -3.9858192987669296 -31.387012574273818 1.002879638946613
    endloop
  endfacet
  facet normal -0.9653655703464428 -0.0998424782983055 -0.24104106520868948
    outer loop
      vertex -4.087167292060715 -31.19789464416504 1.330441502517278
      vertex -4.087167292060715 -31.150673996646894 1.3108820698912211
      vertex -3.9858192987669296 -31.387012574273818 1.002879638946613
    endloop
  endfacet
  facet normal -0.965365570346442 -0.1588264466768439 -0.2069866551874695
    outer loop
      vertex -4.087167292060715 -31.238443933461888 1.361556066538114
      vertex -3.9858192987669296 -31.387012574273818 1.002879638946613
      vertex -3.9858192987669296 -31.505897075109647 1.094102924890354
    endloop
  endfacet
  facet normal -0.9653655703464428 -0.034054410021214544 -0.2586689249751393
    outer loop
      vertex -4.087167292060715 -31.150673996646894 1.3108820698912211
      vertex -4.087167292060715 -31.1 1.3042107116699242
      vertex -3.9858192987669296 -31.1 0.9259748514523665
    endloop
  endfacet
  facet normal -0.9653655703464424 -0.09984247829830108 -0.2410410652086928
    outer loop
      vertex -4.087167292060715 -31.150673996646894 1.3108820698912211
      vertex -3.9858192987669296 -31.248568640811932 0.9455342840784198
      vertex -3.9858192987669296 -31.387012574273818 1.002879638946613
    endloop
  endfacet
  facet normal -0.9653655703464423 -0.034054410021220276 -0.25866892497514
    outer loop
      vertex -4.087167292060715 -31.150673996646894 1.3108820698912211
      vertex -3.9858192987669296 -31.1 0.9259748514523665
      vertex -3.9858192987669296 -31.248568640811932 0.9455342840784198
    endloop
  endfacet
  facet normal -0.8641551942546344 -0.30634421182563804 -0.3992355496742041
    outer loop
      vertex -3.9858192987669296 -31.505897075109647 1.094102924890354
      vertex -3.9858192987669296 -31.387012574273818 1.002879638946613
      vertex -3.7900300104368525 -31.74568900186532 0.8543109981346824
    endloop
  endfacet
  facet normal -0.7040625922196404 -0.5633902913547381 -0.43230457532182537
    outer loop
      vertex -3.7900300104368525 -31.890804293548506 1.0434289282434612
      vertex -3.7900300104368525 -31.74568900186532 0.8543109981346824
      vertex -3.5131421435130807 -31.9414782901954 0.658521709804603
    endloop
  endfacet
  facet normal -0.7040625922196404 -0.43230457532182537 -0.5633902913547381
    outer loop
      vertex -3.7900300104368525 -31.74568900186532 0.8543109981346824
      vertex -3.7900300104368525 -31.55657107175654 0.7091957064514958
      vertex -3.5131421435130807 -31.9414782901954 0.658521709804603
    endloop
  endfacet
  facet normal -0.8641551942546337 -0.19257602219889575 -0.46491964458042273
    outer loop
      vertex -3.9858192987669296 -31.387012574273818 1.002879638946613
      vertex -3.9858192987669296 -31.248568640811932 0.9455342840784198
      vertex -3.7900300104368525 -31.336338577626925 0.6179724205077548
    endloop
  endfacet
  facet normal -0.8641551942546349 -0.06568409490620969 -0.4989202340245243
    outer loop
      vertex -3.9858192987669296 -31.248568640811932 0.9455342840784198
      vertex -3.9858192987669296 -31.1 0.9259748514523665
      vertex -3.7900300104368525 -31.1 0.5868578564869189
    endloop
  endfacet
  facet normal -0.8641551942546337 -0.306344211825637 -0.39923554967420616
    outer loop
      vertex -3.9858192987669296 -31.387012574273818 1.002879638946613
      vertex -3.7900300104368525 -31.55657107175654 0.7091957064514958
      vertex -3.7900300104368525 -31.74568900186532 0.8543109981346824
    endloop
  endfacet
  facet normal -0.8641551942546344 -0.19257602219889322 -0.4649196445804227
    outer loop
      vertex -3.9858192987669296 -31.387012574273818 1.002879638946613
      vertex -3.7900300104368525 -31.336338577626925 0.6179724205077548
      vertex -3.7900300104368525 -31.55657107175654 0.7091957064514958
    endloop
  endfacet
  facet normal -0.8641551942546339 -0.06568409490621423 -0.4989202340245255
    outer loop
      vertex -3.9858192987669296 -31.248568640811932 0.9455342840784198
      vertex -3.7900300104368525 -31.1 0.5868578564869189
      vertex -3.7900300104368525 -31.336338577626925 0.6179724205077548
    endloop
  endfacet
  facet normal -0.7040625922196373 -0.6560818900783121 -0.2717580168978169
    outer loop
      vertex -3.7900300104368525 -31.890804293548506 1.0434289282434612
      vertex -3.5131421435130807 -32.13059622030418 0.9049849947815751
      vertex -3.5131421435130807 -32.24948072114001 1.191997569055392
    endloop
  endfacet
  facet normal -0.49678152337643583 -0.8018125360509195 -0.3321216269130644
    outer loop
      vertex -3.5131421435130807 -32.24948072114001 1.191997569055392
      vertex -3.5131421435130807 -32.13059622030418 0.9049849947815751
      vertex -3.174025148547634 -32.43859865124879 1.1413235724084991
    endloop
  endfacet
  facet normal -0.7040625922196371 -0.5633902913547446 -0.43230457532182215
    outer loop
      vertex -3.7900300104368525 -31.890804293548506 1.0434289282434612
      vertex -3.5131421435130807 -31.9414782901954 0.658521709804603
      vertex -3.5131421435130807 -32.13059622030418 0.9049849947815751
    endloop
  endfacet
  facet normal -0.496781523376442 -0.8018125360509193 -0.33212162691305525
    outer loop
      vertex -3.5131421435130807 -32.13059622030418 0.9049849947815751
      vertex -3.174025148547634 -32.3001547177869 0.8070903506165337
      vertex -3.174025148547634 -32.43859865124879 1.1413235724084991
    endloop
  endfacet
  facet normal -0.4967815233764424 -0.6885320340783806 -0.5283292118363975
    outer loop
      vertex -3.5131421435130807 -32.13059622030418 0.9049849947815751
      vertex -3.174025148547634 -32.079922223657285 0.5200777763427169
      vertex -3.174025148547634 -32.3001547177869 0.8070903506165337
    endloop
  endfacet
  facet normal -0.49678152337643616 -0.6885320340783885 -0.5283292118363931
    outer loop
      vertex -3.5131421435130807 -32.13059622030418 0.9049849947815751
      vertex -3.5131421435130807 -31.9414782901954 0.658521709804603
      vertex -3.174025148547634 -32.079922223657285 0.5200777763427169
    endloop
  endfacet
  facet normal -0.7040625922196337 -0.27175801689781703 -0.656081890078316
    outer loop
      vertex -3.7900300104368525 -31.55657107175654 0.7091957064514958
      vertex -3.7900300104368525 -31.336338577626925 0.6179724205077548
      vertex -3.5131421435130807 -31.40800243094461 0.3505192788599949
    endloop
  endfacet
  facet normal -0.7040625922196374 -0.0926915987235675 -0.7040625922196362
    outer loop
      vertex -3.7900300104368525 -31.336338577626925 0.6179724205077548
      vertex -3.7900300104368525 -31.1 0.5868578564869189
      vertex -3.5131421435130807 -31.1 0.3099699895631467
    endloop
  endfacet
  facet normal -0.7040625922196371 -0.43230457532182215 -0.5633902913547446
    outer loop
      vertex -3.7900300104368525 -31.55657107175654 0.7091957064514958
      vertex -3.5131421435130807 -31.695015005218426 0.46940377969582414
      vertex -3.5131421435130807 -31.9414782901954 0.658521709804603
    endloop
  endfacet
  facet normal -0.49678152337643616 -0.5283292118363931 -0.6885320340783885
    outer loop
      vertex -3.5131421435130807 -31.9414782901954 0.658521709804603
      vertex -3.5131421435130807 -31.695015005218426 0.46940377969582414
      vertex -3.174025148547634 -32.079922223657285 0.5200777763427169
    endloop
  endfacet
  facet normal -0.49678152337643733 -0.5283292118363939 -0.688532034078387
    outer loop
      vertex -3.5131421435130807 -31.695015005218426 0.46940377969582414
      vertex -3.174025148547634 -31.792909649383468 0.29984528221310214
      vertex -3.174025148547634 -32.079922223657285 0.5200777763427169
    endloop
  endfacet
  facet normal -0.7040625922196369 -0.2717580168978102 -0.6560818900783155
    outer loop
      vertex -3.7900300104368525 -31.55657107175654 0.7091957064514958
      vertex -3.5131421435130807 -31.40800243094461 0.3505192788599949
      vertex -3.5131421435130807 -31.695015005218426 0.46940377969582414
    endloop
  endfacet
  facet normal -0.7040625922196342 -0.09269159872357421 -0.7040625922196385
    outer loop
      vertex -3.7900300104368525 -31.336338577626925 0.6179724205077548
      vertex -3.5131421435130807 -31.1 0.3099699895631467
      vertex -3.5131421435130807 -31.40800243094461 0.3505192788599949
    endloop
  endfacet
  facet normal -0.4967815233764363 -0.33212162691305575 -0.8018125360509227
    outer loop
      vertex -3.5131421435130807 -31.695015005218426 0.46940377969582414
      vertex -3.5131421435130807 -31.40800243094461 0.3505192788599949
      vertex -3.174025148547634 -31.458676427591502 0.16140134875121603
    endloop
  endfacet
  facet normal -0.4967815233764357 -0.3321216269130568 -0.8018125360509227
    outer loop
      vertex -3.5131421435130807 -31.695015005218426 0.46940377969582414
      vertex -3.174025148547634 -31.458676427591502 0.16140134875121603
      vertex -3.174025148547634 -31.792909649383468 0.29984528221310214
    endloop
  endfacet
  facet normal -0.4967815233764326 -0.11328050197253851 -0.860450838749455
    outer loop
      vertex -3.5131421435130807 -31.40800243094461 0.3505192788599949
      vertex -3.5131421435130807 -31.1 0.3099699895631467
      vertex -3.174025148547634 -31.1 0.11418070123307089
    endloop
  endfacet
  facet normal -0.49678152337643605 -0.11328050197253349 -0.8604508387494536
    outer loop
      vertex -3.5131421435130807 -31.40800243094461 0.3505192788599949
      vertex -3.174025148547634 -31.1 0.11418070123307089
      vertex -3.174025148547634 -31.458676427591502 0.16140134875121603
    endloop
  endfacet
  facet normal -0.4999999999999965 0 -0.8660254037844406
    outer loop
      vertex -3.5131421435130807 -31.1 0.3099699895631467
      vertex -3.174025148547634 -30.83581929876693 0.11418070123307089
      vertex -3.174025148547634 -31.1 0.11418070123307089
    endloop
  endfacet
  facet normal -0.5000000000000401 7.687861438114103e-14 -0.8660254037844156
    outer loop
      vertex -3.5131421435130807 -31.1 0.3099699895631467
      vertex -3.1815023401706175 -30.831502340170616 0.11849765982938365
      vertex -3.174025148547634 -30.83581929876693 0.11418070123307089
    endloop
  endfacet
  facet normal -0.2567513652305267 -0.8929087705806845 -0.3698549227364041
    outer loop
      vertex -3.174025148547634 -32.43859865124879 1.1413235724084991
      vertex -3.174025148547634 -32.3001547177869 0.8070903506165337
      vertex -2.7957892883300772 -32.53649329541383 1.1150927815611453
    endloop
  endfacet
  facet normal -0.2567513652305268 -0.9582091399530062 -0.1261506264858843
    outer loop
      vertex -2.7957892883300772 -32.58716729206072 1.5
      vertex -3.174025148547634 -32.43859865124879 1.1413235724084991
      vertex -2.7957892883300772 -32.53649329541383 1.1150927815611453
    endloop
  endfacet
  facet normal -0.2567513652305139 -0.8929087705806822 -0.369854922736418
    outer loop
      vertex -3.174025148547634 -32.3001547177869 0.8070903506165337
      vertex -2.7957892883300772 -32.38792465460189 0.7564163539696409
      vertex -2.7957892883300772 -32.53649329541383 1.1150927815611453
    endloop
  endfacet
  facet normal -0.2567513652305157 -0.766758144094802 -0.5883542172166025
    outer loop
      vertex -3.174025148547634 -32.3001547177869 0.8070903506165337
      vertex -2.7957892883300772 -32.151586076974965 0.4484139230250328
      vertex -2.7957892883300772 -32.38792465460189 0.7564163539696409
    endloop
  endfacet
  facet normal -0.25675136523052106 -0.7667581440947975 -0.5883542172166063
    outer loop
      vertex -3.174025148547634 -32.3001547177869 0.8070903506165337
      vertex -3.174025148547634 -32.079922223657285 0.5200777763427169
      vertex -2.7957892883300772 -32.151586076974965 0.4484139230250328
    endloop
  endfacet
  facet normal -0.2567513652305292 -0.588354217216599 -0.7667581440948004
    outer loop
      vertex -3.174025148547634 -32.079922223657285 0.5200777763427169
      vertex -3.174025148547634 -31.792909649383468 0.29984528221310214
      vertex -2.7957892883300772 -31.84358364603036 0.2120753453981088
    endloop
  endfacet
  facet normal -0.2567513652305226 -0.5883542172166056 -0.7667581440947973
    outer loop
      vertex -3.174025148547634 -32.079922223657285 0.5200777763427169
      vertex -2.7957892883300772 -31.84358364603036 0.2120753453981088
      vertex -2.7957892883300772 -32.151586076974965 0.4484139230250328
    endloop
  endfacet
  facet normal -0.2567513652305267 -0.3698549227364041 -0.8929087705806845
    outer loop
      vertex -3.174025148547634 -31.792909649383468 0.29984528221310214
      vertex -3.174025148547634 -31.458676427591502 0.16140134875121603
      vertex -2.7957892883300772 -31.484907218438856 0.06350670458617813
    endloop
  endfacet
  facet normal -0.25675136523052905 -0.3698549227364014 -0.8929087705806849
    outer loop
      vertex -3.174025148547634 -31.792909649383468 0.29984528221310214
      vertex -2.7957892883300772 -31.484907218438856 0.06350670458617813
      vertex -2.7957892883300772 -31.84358364603036 0.2120753453981088
    endloop
  endfacet
  facet normal -0.2567513652305267 -0.126150626485882 -0.9582091399530064
    outer loop
      vertex -3.174025148547634 -31.458676427591502 0.16140134875121603
      vertex -3.174025148547634 -31.1 0.11418070123307089
      vertex -2.7957892883300772 -31.484907218438856 0.06350670458617813
    endloop
  endfacet
  facet normal -0.25881904510252113 0 -0.9659258262890682
    outer loop
      vertex -3.174025148547634 -31.1 0.11418070123307089
      vertex -3.174025148547634 -30.83581929876693 0.11418070123307089
      vertex -2.7957892883300772 -30.937167292060714 0.01283270793928537
    endloop
  endfacet
  facet normal -0.2567513652305288 -0.1261506264858842 -0.9582091399530054
    outer loop
      vertex -3.174025148547634 -31.1 0.11418070123307089
      vertex -2.7957892883300772 -31.1 0.01283270793928537
      vertex -2.7957892883300772 -31.484907218438856 0.06350670458617813
    endloop
  endfacet
  facet normal -0.2588190451025212 0 -0.9659258262890683
    outer loop
      vertex -3.174025148547634 -31.1 0.11418070123307089
      vertex -2.7957892883300772 -30.937167292060714 0.01283270793928537
      vertex -2.7957892883300772 -31.1 0.01283270793928537
    endloop
  endfacet
  facet normal 0 0 -1
    outer loop
      vertex -2.7957892883300772 -31.1 0.01283270793928537
      vertex -2.7957892883300772 -30.937167292060714 0.01283270793928537
      vertex -2.5 -31 0.01283270793928537
    endloop
  endfacet
  facet normal 0 0 -1
    outer loop
      vertex -2.7957892883300772 -30.937167292060714 0.01283270793928537
      vertex -2.5 -30.937167292060714 0.01283270793928537
      vertex -2.5 -31 0.01283270793928537
    endloop
  endfacet
  facet normal 0 -0.9914448613738104 -0.1305261922200521
    outer loop
      vertex -2.7957892883300772 -32.58716729206072 1.5
      vertex -2.7957892883300772 -32.53649329541383 1.1150927815611453
      vertex 7.918496425955636 -32.53649329541383 1.1150927815611453
    endloop
  endfacet
  facet normal 0 -0.923879532511282 -0.3826834323651013
    outer loop
      vertex -2.7957892883300772 -32.53649329541383 1.1150927815611453
      vertex -2.7957892883300772 -32.38792465460189 0.7564163539696409
      vertex 7.918496425955636 -32.53649329541383 1.1150927815611453
    endloop
  endfacet
  facet normal 0 -0.923879532511282 -0.3826834323651013
    outer loop
      vertex -2.7957892883300772 -32.38792465460189 0.7564163539696409
      vertex -2.404210711669922 -32.38792465460189 0.7564163539696409
      vertex 7.918496425955636 -32.53649329541383 1.1150927815611453
    endloop
  endfacet
  facet normal 0 -0.7933533402912349 -0.6087614290087208
    outer loop
      vertex -2.7957892883300772 -32.38792465460189 0.7564163539696409
      vertex 7.918496425955636 -32.151586076974965 0.4484139230250328
      vertex -2.404210711669922 -32.38792465460189 0.7564163539696409
    endloop
  endfacet
  facet normal 0 -0.7933533402912348 -0.6087614290087208
    outer loop
      vertex -2.7957892883300772 -32.38792465460189 0.7564163539696409
      vertex -2.7957892883300772 -32.151586076974965 0.4484139230250328
      vertex 7.918496425955636 -32.151586076974965 0.4484139230250328
    endloop
  endfacet
  facet normal 0 -0.6087614290087253 -0.7933533402912316
    outer loop
      vertex -2.7957892883300772 -32.151586076974965 0.4484139230250328
      vertex -2.7957892883300772 -31.84358364603036 0.2120753453981088
      vertex 7.918496425955636 -31.84358364603036 0.2120753453981088
    endloop
  endfacet
  facet normal 0 -0.3826834323650857 -0.9238795325112885
    outer loop
      vertex -2.7957892883300772 -31.84358364603036 0.2120753453981088
      vertex -2.7957892883300772 -31.484907218438856 0.06350670458617813
      vertex 7.918496425955636 -31.484907218438856 0.06350670458617813
    endloop
  endfacet
  facet normal 0 -0.1305261922200521 -0.9914448613738104
    outer loop
      vertex -2.7957892883300772 -31.484907218438856 0.06350670458617813
      vertex -2.7957892883300772 -31.1 0.01283270793928537
      vertex 7.918496425955636 -31.484907218438856 0.06350670458617813
    endloop
  endfacet
  facet normal 0 0 -1
    outer loop
      vertex -2.7957892883300772 -31.1 0.01283270793928537
      vertex -2.5 -31 0.01283270793928537
      vertex 8.310075002615791 -31.1 0.01283270793928537
    endloop
  endfacet
  facet normal 0 0 -1
    outer loop
      vertex -2.5 -31 0.01283270793928537
      vertex 0.6000000000000001 -31 0.01283270793928537
      vertex 8.310075002615791 -31.1 0.01283270793928537
    endloop
  endfacet
  facet normal -1 0 0
    outer loop
      vertex -4.087167292060715 -31.150673996646894 1.3108820698912211
      vertex -4.087167292060715 31.150673996646894 1.3108820698912211
      vertex -4.087167292060715 -31.1 1.3042107116699242
    endloop
  endfacet
  facet normal -0.9659258262890684 0 -0.2588190451025206
    outer loop
      vertex -4.087167292060715 -31.1 1.3042107116699242
      vertex -3.9858192987669296 31.1 0.9259748514523665
      vertex -3.9858192987669296 -31.1 0.9259748514523665
    endloop
  endfacet
  facet normal -0.8660254037844398 0 -0.49999999999999817
    outer loop
      vertex -3.9858192987669296 -31.1 0.9259748514523665
      vertex -3.9858192987669296 31.1 0.9259748514523665
      vertex -3.7900300104368525 -31.1 0.5868578564869189
    endloop
  endfacet
  facet normal -0.7071067811865481 0 -0.707106781186547
    outer loop
      vertex -3.7900300104368525 -31.1 0.5868578564869189
      vertex -3.5131421435130807 31.1 0.3099699895631467
      vertex -3.5131421435130807 -31.1 0.3099699895631467
    endloop
  endfacet
  facet normal -0.4999999999999948 0 -0.8660254037844416
    outer loop
      vertex -3.5131421435130807 -31.1 0.3099699895631467
      vertex -3.5131421435130807 31.1 0.3099699895631467
      vertex -3.1815023401706175 -30.831502340170616 0.11849765982938365
    endloop
  endfacet
  facet normal 0.2588190451025206 -0.9659258262890683 0
    outer loop
      vertex 8.310075002615791 -32.58716729206072 18.6
      vertex 8.310075002615791 -32.58716729206072 1.5
      vertex 8.68831086283335 -32.485819298766934 1.5
    endloop
  endfacet
  facet normal 0.5000000000000111 -0.8660254037844323 0
    outer loop
      vertex 9.027427857798795 -32.29003001043685 18.6
      vertex 8.68831086283335 -32.485819298766934 1.5
      vertex 9.027427857798795 -32.29003001043685 1.5
    endloop
  endfacet
  facet normal 0.7071067811865475 -0.7071067811865475 0
    outer loop
      vertex 9.027427857798795 -32.29003001043685 18.6
      vertex 9.027427857798795 -32.29003001043685 1.5
      vertex 9.304315724722567 -32.01314214351308 1.5
    endloop
  endfacet
  facet normal 0.8660254037844389 -0.49999999999999956 0
    outer loop
      vertex 9.500105013052643 -31.674025148547635 18.6
      vertex 9.304315724722567 -32.01314214351308 1.5
      vertex 9.500105013052643 -31.674025148547635 1.5
    endloop
  endfacet
  facet normal 0.9659258262890683 -0.2588190451025206 0
    outer loop
      vertex 9.601453006346429 -31.295789288330077 18.6
      vertex 9.500105013052643 -31.674025148547635 1.5
      vertex 9.601453006346429 -31.295789288330077 1.5
    endloop
  endfacet
  facet normal 1 0 0
    outer loop
      vertex 9.601453006346429 -31.150673996646894 18.78911793010878
      vertex 9.601453006346429 -31.295789288330077 1.5
      vertex 9.601453006346429 -31.1 1.3042107116699242
    endloop
  endfacet
  facet normal 0 0 -1
    outer loop
      vertex 0.6000000000000001 -31 0.01283270793928537
      vertex 0.6000000000000001 -30.937167292060714 0.01283270793928537
      vertex 8.310075002615791 -30.937167292060714 0.01283270793928537
    endloop
  endfacet
  facet normal 0 -0.6087614290087253 -0.7933533402912316
    outer loop
      vertex -2.7957892883300772 -32.151586076974965 0.4484139230250328
      vertex 7.918496425955636 -31.84358364603036 0.2120753453981088
      vertex 7.918496425955636 -32.151586076974965 0.4484139230250328
    endloop
  endfacet
  facet normal 0 -0.3826834323650857 -0.9238795325112885
    outer loop
      vertex -2.7957892883300772 -31.84358364603036 0.2120753453981088
      vertex 7.918496425955636 -31.484907218438856 0.06350670458617813
      vertex 7.918496425955636 -31.84358364603036 0.2120753453981088
    endloop
  endfacet
  facet normal 0 -0.9914448613738104 -0.1305261922200521
    outer loop
      vertex -2.7957892883300772 -32.58716729206072 1.5
      vertex 7.918496425955636 -32.53649329541383 1.1150927815611453
      vertex 8.310075002615791 -32.58716729206072 1.5
    endloop
  endfacet
  facet normal 0 -0.923879532511282 -0.38268343236510116
    outer loop
      vertex -2.404210711669922 -32.38792465460189 0.7564163539696409
      vertex 8.310075002615791 -32.53649329541383 1.1150927815611453
      vertex 7.918496425955636 -32.53649329541383 1.1150927815611453
    endloop
  endfacet
  facet normal 0 -0.7933533402912348 -0.6087614290087208
    outer loop
      vertex -2.404210711669922 -32.38792465460189 0.7564163539696409
      vertex 7.918496425955636 -32.151586076974965 0.4484139230250328
      vertex 8.310075002615791 -32.38792465460189 0.7564163539696409
    endloop
  endfacet
  facet normal 0 -0.923879532511282 -0.3826834323651013
    outer loop
      vertex -2.404210711669922 -32.38792465460189 0.7564163539696409
      vertex 8.310075002615791 -32.38792465460189 0.7564163539696409
      vertex 8.310075002615791 -32.53649329541383 1.1150927815611453
    endloop
  endfacet
  facet normal 0 -0.1305261922200521 -0.9914448613738104
    outer loop
      vertex -2.7957892883300772 -31.1 0.01283270793928537
      vertex 8.310075002615791 -31.1 0.01283270793928537
      vertex 7.918496425955636 -31.484907218438856 0.06350670458617813
    endloop
  endfacet
  facet normal 0 0 -1
    outer loop
      vertex 0.6000000000000001 -31 0.01283270793928537
      vertex 8.310075002615791 -30.937167292060714 0.01283270793928537
      vertex 8.310075002615791 -31.1 0.01283270793928537
    endloop
  endfacet
  facet normal 0.25675136523052833 -0.9582091399530059 -0.12615062648588193
    outer loop
      vertex 8.310075002615791 -32.58716729206072 1.5
      vertex 8.68831086283335 -32.43859865124879 1.1413235724084991
      vertex 8.68831086283335 -32.485819298766934 1.5
    endloop
  endfacet
  facet normal 0.49678152337643716 -0.860450838749453 -0.11328050197253345
    outer loop
      vertex 8.68831086283335 -32.485819298766934 1.5
      vertex 8.68831086283335 -32.43859865124879 1.1413235724084991
      vertex 9.027427857798795 -32.24948072114001 1.191997569055392
    endloop
  endfacet
  facet normal 0.49678152337644826 -0.8604508387494487 -0.11328050197251782
    outer loop
      vertex 8.68831086283335 -32.485819298766934 1.5
      vertex 9.027427857798795 -32.24948072114001 1.191997569055392
      vertex 9.027427857798795 -32.29003001043685 1.5
    endloop
  endfacet
  facet normal 0.7040625922196374 -0.7040625922196374 -0.09269159872355782
    outer loop
      vertex 9.027427857798795 -32.29003001043685 1.5
      vertex 9.027427857798795 -32.24948072114001 1.191997569055392
      vertex 9.304315724722567 -32.01314214351308 1.5
    endloop
  endfacet
  facet normal 0.704062592219637 -0.7040625922196379 -0.09269159872355713
    outer loop
      vertex 9.304315724722567 -32.01314214351308 1.5
      vertex 9.027427857798795 -32.24948072114001 1.191997569055392
      vertex 9.304315724722567 -31.982027579492247 1.263661422373076
    endloop
  endfacet
  facet normal 0.8641551942546343 -0.49892023402452573 -0.06568409490620665
    outer loop
      vertex 9.304315724722567 -32.01314214351308 1.5
      vertex 9.304315724722567 -31.982027579492247 1.263661422373076
      vertex 9.500105013052643 -31.674025148547635 1.5
    endloop
  endfacet
  facet normal 0.8641551942546352 -0.498920234024524 -0.06568409490620966
    outer loop
      vertex 9.500105013052643 -31.674025148547635 1.5
      vertex 9.304315724722567 -31.982027579492247 1.263661422373076
      vertex 9.500105013052643 -31.65446571592158 1.3514313591880693
    endloop
  endfacet
  facet normal 0.9653655703464425 -0.2586689249751392 -0.034054410021220186
    outer loop
      vertex 9.500105013052643 -31.674025148547635 1.5
      vertex 9.500105013052643 -31.65446571592158 1.3514313591880693
      vertex 9.601453006346429 -31.295789288330077 1.5
    endloop
  endfacet
  facet normal 0.9653655703464423 -0.2586689249751413 -0.03405441002121484
    outer loop
      vertex 9.500105013052643 -31.65446571592158 1.3514313591880693
      vertex 9.601453006346429 -31.28911793010878 1.4493260033531072
      vertex 9.601453006346429 -31.295789288330077 1.5
    endloop
  endfacet
  facet normal 1 0 0
    outer loop
      vertex 9.601453006346429 -31.295789288330077 1.5
      vertex 9.601453006346429 -31.28911793010878 1.4493260033531072
      vertex 9.601453006346429 -31.238443933461888 1.361556066538114
    endloop
  endfacet
  facet normal 0.9653655703464428 -0.24104106520868948 -0.0998424782983055
    outer loop
      vertex 9.601453006346429 -31.28911793010878 1.4493260033531072
      vertex 9.500105013052643 -31.59712036105339 1.2129874257261832
      vertex 9.601453006346429 -31.269558497482723 1.402105355834962
    endloop
  endfacet
  facet normal 1 0 0
    outer loop
      vertex 9.601453006346429 -31.28911793010878 1.4493260033531072
      vertex 9.601453006346429 -31.269558497482723 1.402105355834962
      vertex 9.601453006346429 -31.238443933461888 1.361556066538114
    endloop
  endfacet
  facet normal 1 0 0
    outer loop
      vertex 9.601453006346429 -31.295789288330077 1.5
      vertex 9.601453006346429 -31.238443933461888 1.361556066538114
      vertex 9.601453006346429 -31.1 1.3042107116699242
    endloop
  endfacet
  facet normal 0.9653655703464423 -0.2410410652086928 -0.09984247829830105
    outer loop
      vertex 9.500105013052643 -31.65446571592158 1.3514313591880693
      vertex 9.500105013052643 -31.59712036105339 1.2129874257261832
      vertex 9.601453006346429 -31.28911793010878 1.4493260033531072
    endloop
  endfacet
  facet normal 0.9653655703464427 -0.20698665518747408 -0.1588264466768333
    outer loop
      vertex 9.601453006346429 -31.269558497482723 1.402105355834962
      vertex 9.500105013052643 -31.59712036105339 1.2129874257261832
      vertex 9.601453006346429 -31.238443933461888 1.361556066538114
    endloop
  endfacet
  facet normal 1 0 0
    outer loop
      vertex 9.601453006346429 -31.238443933461888 1.361556066538114
      vertex 9.601453006346429 -31.19789464416504 1.330441502517278
      vertex 9.601453006346429 -31.150673996646894 1.3108820698912211
    endloop
  endfacet
  facet normal 1 0 0
    outer loop
      vertex 9.601453006346429 -31.238443933461888 1.361556066538114
      vertex 9.601453006346429 -31.150673996646894 1.3108820698912211
      vertex 9.601453006346429 -31.1 1.3042107116699242
    endloop
  endfacet
  facet normal 0 -0.9914448613738104 -0.1305261922200521
    outer loop
      vertex 8.310075002615791 -32.58716729206072 1.5
      vertex 7.918496425955636 -32.53649329541383 1.1150927815611453
      vertex 8.310075002615791 -32.53649329541383 1.1150927815611453
    endloop
  endfacet
  facet normal 0.2567513652305262 -0.9582091399530063 -0.12615062648588432
    outer loop
      vertex 8.310075002615791 -32.58716729206072 1.5
      vertex 8.310075002615791 -32.53649329541383 1.1150927815611453
      vertex 8.68831086283335 -32.43859865124879 1.1413235724084991
    endloop
  endfacet
  facet normal 0.25675136523052616 -0.8929087705806845 -0.36985492273640413
    outer loop
      vertex 8.310075002615791 -32.53649329541383 1.1150927815611453
      vertex 8.68831086283335 -32.3001547177869 0.8070903506165337
      vertex 8.68831086283335 -32.43859865124879 1.1413235724084991
    endloop
  endfacet
  facet normal 0.2567513652305134 -0.8929087705806824 -0.3698549227364182
    outer loop
      vertex 8.310075002615791 -32.53649329541383 1.1150927815611453
      vertex 8.310075002615791 -32.38792465460189 0.7564163539696409
      vertex 8.68831086283335 -32.3001547177869 0.8070903506165337
    endloop
  endfacet
  facet normal 0.25675136523051517 -0.7667581440948023 -0.5883542172166025
    outer loop
      vertex 8.310075002615791 -32.38792465460189 0.7564163539696409
      vertex 8.310075002615791 -32.151586076974965 0.4484139230250328
      vertex 8.68831086283335 -32.3001547177869 0.8070903506165337
    endloop
  endfacet
  facet normal 0 -0.7933533402912349 -0.6087614290087208
    outer loop
      vertex 8.310075002615791 -32.38792465460189 0.7564163539696409
      vertex 7.918496425955636 -32.151586076974965 0.4484139230250328
      vertex 8.310075002615791 -32.151586076974965 0.4484139230250328
    endloop
  endfacet
  facet normal 0 -0.6087614290087252 -0.7933533402912316
    outer loop
      vertex 7.918496425955636 -32.151586076974965 0.4484139230250328
      vertex 8.310075002615791 -31.84358364603036 0.2120753453981088
      vertex 8.310075002615791 -32.151586076974965 0.4484139230250328
    endloop
  endfacet
  facet normal 0 -0.6087614290087252 -0.7933533402912316
    outer loop
      vertex 7.918496425955636 -32.151586076974965 0.4484139230250328
      vertex 7.918496425955636 -31.84358364603036 0.2120753453981088
      vertex 8.310075002615791 -31.84358364603036 0.2120753453981088
    endloop
  endfacet
  facet normal 0 -0.3826834323650857 -0.9238795325112885
    outer loop
      vertex 7.918496425955636 -31.84358364603036 0.2120753453981088
      vertex 7.918496425955636 -31.484907218438856 0.06350670458617813
      vertex 8.310075002615791 -31.84358364603036 0.2120753453981088
    endloop
  endfacet
  facet normal 0 -0.3826834323650857 -0.9238795325112885
    outer loop
      vertex 8.310075002615791 -31.84358364603036 0.2120753453981088
      vertex 7.918496425955636 -31.484907218438856 0.06350670458617813
      vertex 8.310075002615791 -31.484907218438856 0.06350670458617813
    endloop
  endfacet
  facet normal 0 -0.1305261922200521 -0.9914448613738104
    outer loop
      vertex 7.918496425955636 -31.484907218438856 0.06350670458617813
      vertex 8.310075002615791 -31.1 0.01283270793928537
      vertex 8.310075002615791 -31.484907218438856 0.06350670458617813
    endloop
  endfacet
  facet normal 0.2567513652305205 -0.7667581440947976 -0.5883542172166064
    outer loop
      vertex 8.68831086283335 -32.3001547177869 0.8070903506165337
      vertex 8.310075002615791 -32.151586076974965 0.4484139230250328
      vertex 8.68831086283335 -32.079922223657285 0.5200777763427169
    endloop
  endfacet
  facet normal 0.2567513652305218 -0.5883542172166001 -0.7667581440948019
    outer loop
      vertex 8.310075002615791 -32.151586076974965 0.4484139230250328
      vertex 8.68831086283335 -31.792909649383468 0.29984528221310214
      vertex 8.68831086283335 -32.079922223657285 0.5200777763427169
    endloop
  endfacet
  facet normal 0.25675136523052844 -0.5883542172166047 -0.7667581440947961
    outer loop
      vertex 8.310075002615791 -32.151586076974965 0.4484139230250328
      vertex 8.310075002615791 -31.84358364603036 0.2120753453981088
      vertex 8.68831086283335 -31.792909649383468 0.29984528221310214
    endloop
  endfacet
  facet normal 0.2567513652305263 -0.3698549227364018 -0.8929087705806855
    outer loop
      vertex 8.310075002615791 -31.84358364603036 0.2120753453981088
      vertex 8.310075002615791 -31.484907218438856 0.06350670458617813
      vertex 8.68831086283335 -31.458676427591502 0.16140134875121603
    endloop
  endfacet
  facet normal 0.25675136523052855 -0.3698549227364038 -0.8929087705806839
    outer loop
      vertex 8.310075002615791 -31.84358364603036 0.2120753453981088
      vertex 8.68831086283335 -31.458676427591502 0.16140134875121603
      vertex 8.68831086283335 -31.792909649383468 0.29984528221310214
    endloop
  endfacet
  facet normal 0.2567513652305262 -0.12615062648588432 -0.9582091399530063
    outer loop
      vertex 8.310075002615791 -31.484907218438856 0.06350670458617813
      vertex 8.310075002615791 -31.1 0.01283270793928537
      vertex 8.68831086283335 -31.458676427591502 0.16140134875121603
    endloop
  endfacet
  facet normal 0.2588190451025206 0 -0.9659258262890683
    outer loop
      vertex 8.310075002615791 -31.1 0.01283270793928537
      vertex 8.310075002615791 -30.937167292060714 0.01283270793928537
      vertex 8.68831086283335 -31.1 0.11418070123307089
    endloop
  endfacet
  facet normal 0.25675136523052833 -0.12615062648588193 -0.9582091399530059
    outer loop
      vertex 8.310075002615791 -31.1 0.01283270793928537
      vertex 8.68831086283335 -31.1 0.11418070123307089
      vertex 8.68831086283335 -31.458676427591502 0.16140134875121603
    endloop
  endfacet
  facet normal 0.2588190451025206 0 -0.9659258262890683
    outer loop
      vertex 8.310075002615791 -30.937167292060714 0.01283270793928537
      vertex 8.68831086283335 -30.83581929876693 0.11418070123307089
      vertex 8.68831086283335 -31.1 0.11418070123307089
    endloop
  endfacet
  facet normal 0.5000000000001412 0 -0.8660254037843571
    outer loop
      vertex 8.68831086283335 -31.1 0.11418070123307089
      vertex 8.68831086283335 -30.83581929876693 0.11418070123307089
      vertex 8.695788054456331 -30.831502340170616 0.11849765982938365
    endloop
  endfacet
  facet normal 0.4967815233764373 -0.801812536050922 -0.33212162691305636
    outer loop
      vertex 8.68831086283335 -32.43859865124879 1.1413235724084991
      vertex 8.68831086283335 -32.3001547177869 0.8070903506165337
      vertex 9.027427857798795 -32.24948072114001 1.191997569055392
    endloop
  endfacet
  facet normal 0.4967815233764435 -0.8018125360509154 -0.33212162691306263
    outer loop
      vertex 8.68831086283335 -32.3001547177869 0.8070903506165337
      vertex 9.027427857798795 -32.13059622030418 0.9049849947815751
      vertex 9.027427857798795 -32.24948072114001 1.191997569055392
    endloop
  endfacet
  facet normal 0.7040625922196374 -0.6560818900783121 -0.271758016897817
    outer loop
      vertex 9.027427857798795 -32.24948072114001 1.191997569055392
      vertex 9.027427857798795 -32.13059622030418 0.9049849947815751
      vertex 9.304315724722567 -31.982027579492247 1.263661422373076
    endloop
  endfacet
  facet normal 0.4967815233764434 -0.6885320340783802 -0.5283292118363971
    outer loop
      vertex 8.68831086283335 -32.3001547177869 0.8070903506165337
      vertex 8.68831086283335 -32.079922223657285 0.5200777763427169
      vertex 9.027427857798795 -32.13059622030418 0.9049849947815751
    endloop
  endfacet
  facet normal 0.4967815233764372 -0.688532034078388 -0.5283292118363927
    outer loop
      vertex 8.68831086283335 -32.079922223657285 0.5200777763427169
      vertex 9.027427857798795 -31.9414782901954 0.658521709804603
      vertex 9.027427857798795 -32.13059622030418 0.9049849947815751
    endloop
  endfacet
  facet normal 0.7040625922196366 -0.563390291354745 -0.4323045753218224
    outer loop
      vertex 9.027427857798795 -32.13059622030418 0.9049849947815751
      vertex 9.027427857798795 -31.9414782901954 0.658521709804603
      vertex 9.304315724722567 -31.890804293548506 1.0434289282434612
    endloop
  endfacet
  facet normal 0.8641551942546354 -0.464919644580421 -0.19257602219889255
    outer loop
      vertex 9.500105013052643 -31.65446571592158 1.3514313591880693
      vertex 9.304315724722567 -31.982027579492247 1.263661422373076
      vertex 9.304315724722567 -31.890804293548506 1.0434289282434612
    endloop
  endfacet
  facet normal 0.7040625922196366 -0.6560818900783133 -0.2717580168978159
    outer loop
      vertex 9.027427857798795 -32.13059622030418 0.9049849947815751
      vertex 9.304315724722567 -31.890804293548506 1.0434289282434612
      vertex 9.304315724722567 -31.982027579492247 1.263661422373076
    endloop
  endfacet
  facet normal 0.8641551942546353 -0.39923554967420405 -0.30634421182563537
    outer loop
      vertex 9.304315724722567 -31.890804293548506 1.0434289282434612
      vertex 9.304315724722567 -31.74568900186532 0.8543109981346824
      vertex 9.500105013052643 -31.59712036105339 1.2129874257261832
    endloop
  endfacet
  facet normal 0.8641551942546359 -0.46491964458041923 -0.1925760221988943
    outer loop
      vertex 9.500105013052643 -31.65446571592158 1.3514313591880693
      vertex 9.304315724722567 -31.890804293548506 1.0434289282434612
      vertex 9.500105013052643 -31.59712036105339 1.2129874257261832
    endloop
  endfacet
  facet normal 0.8641551942546357 -0.3992355496742021 -0.3063442118256365
    outer loop
      vertex 9.500105013052643 -31.59712036105339 1.2129874257261832
      vertex 9.304315724722567 -31.74568900186532 0.8543109981346824
      vertex 9.500105013052643 -31.505897075109647 1.094102924890354
    endloop
  endfacet
  facet normal 0.965365570346442 -0.2069866551874695 -0.1588264466768439
    outer loop
      vertex 9.601453006346429 -31.238443933461888 1.361556066538114
      vertex 9.500105013052643 -31.59712036105339 1.2129874257261832
      vertex 9.500105013052643 -31.505897075109647 1.094102924890354
    endloop
  endfacet
  facet normal 0.9653655703464427 -0.1588264466768333 -0.20698665518747408
    outer loop
      vertex 9.601453006346429 -31.238443933461888 1.361556066538114
      vertex 9.500105013052643 -31.387012574273818 1.002879638946613
      vertex 9.601453006346429 -31.19789464416504 1.330441502517278
    endloop
  endfacet
  facet normal 0.9653655703464428 -0.0998424782983055 -0.24104106520868948
    outer loop
      vertex 9.601453006346429 -31.19789464416504 1.330441502517278
      vertex 9.500105013052643 -31.387012574273818 1.002879638946613
      vertex 9.601453006346429 -31.150673996646894 1.3108820698912211
    endloop
  endfacet
  facet normal 0.965365570346442 -0.1588264466768439 -0.2069866551874695
    outer loop
      vertex 9.601453006346429 -31.238443933461888 1.361556066538114
      vertex 9.500105013052643 -31.505897075109647 1.094102924890354
      vertex 9.500105013052643 -31.387012574273818 1.002879638946613
    endloop
  endfacet
  facet normal 0.9653655703464423 -0.03405441002121482 -0.2586689249751414
    outer loop
      vertex 9.601453006346429 -31.150673996646894 1.3108820698912211
      vertex 9.500105013052643 -31.248568640811932 0.9455342840784198
      vertex 9.601453006346429 -31.1 1.3042107116699242
    endloop
  endfacet
  facet normal 0.8641551942546357 -0.3063442118256365 -0.3992355496742021
    outer loop
      vertex 9.500105013052643 -31.505897075109647 1.094102924890354
      vertex 9.304315724722567 -31.74568900186532 0.8543109981346824
      vertex 9.500105013052643 -31.387012574273818 1.002879638946613
    endloop
  endfacet
  facet normal 0.9653655703464424 -0.09984247829830108 -0.2410410652086928
    outer loop
      vertex 9.601453006346429 -31.150673996646894 1.3108820698912211
      vertex 9.500105013052643 -31.387012574273818 1.002879638946613
      vertex 9.500105013052643 -31.248568640811932 0.9455342840784198
    endloop
  endfacet
  facet normal 0.9653655703464425 -0.034054410021220186 -0.2586689249751392
    outer loop
      vertex 9.601453006346429 -31.1 1.3042107116699242
      vertex 9.500105013052643 -31.248568640811932 0.9455342840784198
      vertex 9.500105013052643 -31.1 0.9259748514523665
    endloop
  endfacet
  facet normal 0.7040625922196398 -0.5633902913547384 -0.43230457532182565
    outer loop
      vertex 9.027427857798795 -31.9414782901954 0.658521709804603
      vertex 9.304315724722567 -31.74568900186532 0.8543109981346824
      vertex 9.304315724722567 -31.890804293548506 1.0434289282434612
    endloop
  endfacet
  facet normal 0.7040625922196398 -0.43230457532182565 -0.5633902913547384
    outer loop
      vertex 9.027427857798795 -31.9414782901954 0.658521709804603
      vertex 9.304315724722567 -31.55657107175654 0.7091957064514958
      vertex 9.304315724722567 -31.74568900186532 0.8543109981346824
    endloop
  endfacet
  facet normal 0.8641551942546352 -0.3063442118256354 -0.3992355496742041
    outer loop
      vertex 9.500105013052643 -31.387012574273818 1.002879638946613
      vertex 9.304315724722567 -31.74568900186532 0.8543109981346824
      vertex 9.304315724722567 -31.55657107175654 0.7091957064514958
    endloop
  endfacet
  facet normal 0.8641551942546358 -0.1925760221988922 -0.46491964458042034
    outer loop
      vertex 9.500105013052643 -31.387012574273818 1.002879638946613
      vertex 9.304315724722567 -31.55657107175654 0.7091957064514958
      vertex 9.304315724722567 -31.336338577626925 0.6179724205077548
    endloop
  endfacet
  facet normal 0.8641551942546363 -0.06568409490621357 -0.49892023402452174
    outer loop
      vertex 9.500105013052643 -31.1 0.9259748514523665
      vertex 9.304315724722567 -31.336338577626925 0.6179724205077548
      vertex 9.304315724722567 -31.1 0.5868578564869189
    endloop
  endfacet
  facet normal 0.8641551942546352 -0.19257602219889475 -0.46491964458042034
    outer loop
      vertex 9.500105013052643 -31.387012574273818 1.002879638946613
      vertex 9.304315724722567 -31.336338577626925 0.6179724205077548
      vertex 9.500105013052643 -31.248568640811932 0.9455342840784198
    endloop
  endfacet
  facet normal 0.8641551942546352 -0.06568409490620966 -0.49892023402452407
    outer loop
      vertex 9.500105013052643 -31.248568640811932 0.9455342840784198
      vertex 9.304315724722567 -31.336338577626925 0.6179724205077548
      vertex 9.500105013052643 -31.1 0.9259748514523665
    endloop
  endfacet
  facet normal 0.4967815233764373 -0.5283292118363939 -0.688532034078387
    outer loop
      vertex 8.68831086283335 -32.079922223657285 0.5200777763427169
      vertex 8.68831086283335 -31.792909649383468 0.29984528221310214
      vertex 9.027427857798795 -31.9414782901954 0.658521709804603
    endloop
  endfacet
  facet normal 0.4967815233764383 -0.5283292118363923 -0.6885320340783874
    outer loop
      vertex 8.68831086283335 -31.792909649383468 0.29984528221310214
      vertex 9.027427857798795 -31.695015005218426 0.46940377969582414
      vertex 9.027427857798795 -31.9414782901954 0.658521709804603
    endloop
  endfacet
  facet normal 0.4967815233764366 -0.33212162691305563 -0.8018125360509226
    outer loop
      vertex 8.68831086283335 -31.792909649383468 0.29984528221310214
      vertex 9.027427857798795 -31.40800243094461 0.3505192788599949
      vertex 9.027427857798795 -31.695015005218426 0.46940377969582414
    endloop
  endfacet
  facet normal 0.7040625922196366 -0.4323045753218224 -0.563390291354745
    outer loop
      vertex 9.027427857798795 -31.9414782901954 0.658521709804603
      vertex 9.027427857798795 -31.695015005218426 0.46940377969582414
      vertex 9.304315724722567 -31.55657107175654 0.7091957064514958
    endloop
  endfacet
  facet normal 0.7040625922196337 -0.2717580168978115 -0.6560818900783184
    outer loop
      vertex 9.027427857798795 -31.695015005218426 0.46940377969582414
      vertex 9.027427857798795 -31.40800243094461 0.3505192788599949
      vertex 9.304315724722567 -31.336338577626925 0.6179724205077548
    endloop
  endfacet
  facet normal 0.7040625922196336 -0.09269159872357428 -0.7040625922196391
    outer loop
      vertex 9.027427857798795 -31.40800243094461 0.3505192788599949
      vertex 9.027427857798795 -31.1 0.3099699895631467
      vertex 9.304315724722567 -31.336338577626925 0.6179724205077548
    endloop
  endfacet
  facet normal 0.4967815233764373 -0.33212162691305636 -0.801812536050922
    outer loop
      vertex 8.68831086283335 -31.792909649383468 0.29984528221310214
      vertex 8.68831086283335 -31.458676427591502 0.16140134875121603
      vertex 9.027427857798795 -31.40800243094461 0.3505192788599949
    endloop
  endfacet
  facet normal 0.49678152337643383 -0.1132805019725337 -0.8604508387494549
    outer loop
      vertex 8.68831086283335 -31.458676427591502 0.16140134875121603
      vertex 8.68831086283335 -31.1 0.11418070123307089
      vertex 9.027427857798795 -31.1 0.3099699895631467
    endloop
  endfacet
  facet normal 0.4967815233764374 -0.11328050197253808 -0.8604508387494524
    outer loop
      vertex 8.68831086283335 -31.458676427591502 0.16140134875121603
      vertex 9.027427857798795 -31.1 0.3099699895631467
      vertex 9.027427857798795 -31.40800243094461 0.3505192788599949
    endloop
  endfacet
  facet normal 0.4999999999999975 5.335526352735384e-15 -0.86602540378444
    outer loop
      vertex 8.68831086283335 -31.1 0.11418070123307089
      vertex 8.695788054456331 -30.831502340170616 0.11849765982938365
      vertex 9.027427857798795 -31.1 0.3099699895631467
    endloop
  endfacet
  facet normal 0.7040625922196366 -0.271758016897816 -0.6560818900783133
    outer loop
      vertex 9.304315724722567 -31.55657107175654 0.7091957064514958
      vertex 9.027427857798795 -31.695015005218426 0.46940377969582414
      vertex 9.304315724722567 -31.336338577626925 0.6179724205077548
    endloop
  endfacet
  facet normal 0.7040625922196367 -0.0926915987235675 -0.7040625922196367
    outer loop
      vertex 9.027427857798795 -31.1 0.3099699895631467
      vertex 9.304315724722567 -31.1 0.5868578564869189
      vertex 9.304315724722567 -31.336338577626925 0.6179724205077548
    endloop
  endfacet
  facet normal 0.9659258262890684 0 -0.2588190451025206
    outer loop
      vertex 9.601453006346429 -31.1 1.3042107116699242
      vertex 9.500105013052643 -31.1 0.9259748514523665
      vertex 9.500105013052643 31.1 0.9259748514523665
    endloop
  endfacet
  facet normal 0.8660254037844413 0 -0.4999999999999956
    outer loop
      vertex 9.500105013052643 -31.1 0.9259748514523665
      vertex 9.304315724722567 -31.1 0.5868578564869189
      vertex 9.500105013052643 31.1 0.9259748514523665
    endloop
  endfacet
  facet normal 0.7071067811865476 0 -0.7071067811865476
    outer loop
      vertex 9.027427857798795 -31.1 0.3099699895631467
      vertex 9.027427857798795 31.1 0.3099699895631467
      vertex 9.304315724722567 -31.1 0.5868578564869189
    endloop
  endfacet
  facet normal 0.4999999999999943 0 -0.866025403784442
    outer loop
      vertex 8.695788054456331 -30.831502340170616 0.11849765982938365
      vertex 9.027427857798795 31.1 0.3099699895631467
      vertex 9.027427857798795 -31.1 0.3099699895631467
    endloop
  endfacet
  facet normal -1 0 0
    outer loop
      vertex -4.087167292060715 31.238443933461888 18.738443933461888
      vertex -4.087167292060715 31.150673996646894 1.3108820698912211
      vertex -4.087167292060715 -31.150673996646894 1.3108820698912211
    endloop
  endfacet
  facet normal -1 0 0
    outer loop
      vertex -4.087167292060715 31.238443933461888 18.738443933461888
      vertex -4.087167292060715 31.28911793010878 1.5506739966468928
      vertex -4.087167292060715 31.150673996646894 1.3108820698912211
    endloop
  endfacet
  facet normal -1 0 0
    outer loop
      vertex -4.087167292060715 31.295789288330077 18.6
      vertex -4.087167292060715 31.28911793010878 1.4493260033531072
      vertex -4.087167292060715 31.28911793010878 1.5506739966468928
    endloop
  endfacet
  facet normal -1 0 0
    outer loop
      vertex -4.087167292060715 31.295789288330077 18.6
      vertex -4.087167292060715 31.295789288330077 1.5
      vertex -4.087167292060715 31.28911793010878 1.4493260033531072
    endloop
  endfacet
  facet normal -0.9659258262890683 0.2588190451025206 0
    outer loop
      vertex -4.087167292060715 31.295789288330077 18.6
      vertex -3.9858192987669296 31.674025148547635 1.5
      vertex -4.087167292060715 31.295789288330077 1.5
    endloop
  endfacet
  facet normal -0.8660254037844375 0.5000000000000021 0
    outer loop
      vertex -3.9858192987669296 31.674025148547635 18.6
      vertex -3.7900300104368525 32.01314214351308 1.5
      vertex -3.9858192987669296 31.674025148547635 1.5
    endloop
  endfacet
  facet normal -0.707106781186548 0.707106781186547 0
    outer loop
      vertex -3.5131421435130807 32.29003001043685 18.6
      vertex -3.5131421435130807 32.29003001043685 1.5
      vertex -3.7900300104368525 32.01314214351308 1.5
    endloop
  endfacet
  facet normal -0.5000000000000102 0.8660254037844328 0
    outer loop
      vertex -3.5131421435130807 32.29003001043685 18.6
      vertex -3.174025148547634 32.485819298766934 1.5
      vertex -3.5131421435130807 32.29003001043685 1.5
    endloop
  endfacet
  facet normal -0.25881904510252113 0.9659258262890681 0
    outer loop
      vertex -2.7957892883300772 32.58716729206072 18.6
      vertex -2.7957892883300772 32.58716729206072 1.5
      vertex -3.174025148547634 32.485819298766934 1.5
    endloop
  endfacet
  facet normal -1 0 0
    outer loop
      vertex -4.087167292060715 -31.1 1.3042107116699242
      vertex -4.087167292060715 31.150673996646894 1.3108820698912211
      vertex -4.087167292060715 31.1 1.3042107116699242
    endloop
  endfacet
  facet normal -0.9659258262890684 0 -0.2588190451025206
    outer loop
      vertex -4.087167292060715 -31.1 1.3042107116699242
      vertex -4.087167292060715 31.1 1.3042107116699242
      vertex -3.9858192987669296 31.1 0.9259748514523665
    endloop
  endfacet
  facet normal -0.8660254037844398 0 -0.49999999999999817
    outer loop
      vertex -3.7900300104368525 -31.1 0.5868578564869189
      vertex -3.9858192987669296 31.1 0.9259748514523665
      vertex -3.7900300104368525 31.1 0.5868578564869189
    endloop
  endfacet
  facet normal -0.7071067811865481 0 -0.707106781186547
    outer loop
      vertex -3.7900300104368525 -31.1 0.5868578564869189
      vertex -3.7900300104368525 31.1 0.5868578564869189
      vertex -3.5131421435130807 31.1 0.3099699895631467
    endloop
  endfacet
  facet normal -0.4999999999999943 3.600937159583772e-18 -0.8660254037844419
    outer loop
      vertex -3.1815023401706175 -30.831502340170616 0.11849765982938365
      vertex -3.5131421435130807 31.1 0.3099699895631467
      vertex -3.181502340170617 30.831502340170616 0.11849765982938365
    endloop
  endfacet
  facet normal -1 0 0
    outer loop
      vertex -4.087167292060715 31.28911793010878 1.5506739966468928
      vertex -4.087167292060715 31.28911793010878 1.4493260033531072
      vertex -4.087167292060715 31.269558497482723 1.402105355834962
    endloop
  endfacet
  facet normal -1 0 0
    outer loop
      vertex -4.087167292060715 31.28911793010878 1.5506739966468928
      vertex -4.087167292060715 31.269558497482723 1.402105355834962
      vertex -4.087167292060715 31.238443933461888 1.361556066538114
    endloop
  endfacet
  facet normal -0.9653655703464428 0.2586689249751393 -0.034054410021214544
    outer loop
      vertex -4.087167292060715 31.295789288330077 1.5
      vertex -3.9858192987669296 31.674025148547635 1.5
      vertex -4.087167292060715 31.28911793010878 1.4493260033531072
    endloop
  endfacet
  facet normal -0.9653655703464423 0.25866892497514 -0.034054410021220276
    outer loop
      vertex -4.087167292060715 31.28911793010878 1.4493260033531072
      vertex -3.9858192987669296 31.674025148547635 1.5
      vertex -3.9858192987669296 31.65446571592158 1.3514313591880693
    endloop
  endfacet
  facet normal -1 0 0
    outer loop
      vertex -4.087167292060715 31.28911793010878 1.5506739966468928
      vertex -4.087167292060715 31.238443933461888 1.361556066538114
      vertex -4.087167292060715 31.150673996646894 1.3108820698912211
    endloop
  endfacet
  facet normal -0.9653655703464423 0.24104106520869137 -0.09984247829830628
    outer loop
      vertex -4.087167292060715 31.28911793010878 1.4493260033531072
      vertex -3.9858192987669296 31.65446571592158 1.3514313591880693
      vertex -4.087167292060715 31.269558497482723 1.402105355834962
    endloop
  endfacet
  facet normal -1 0 0
    outer loop
      vertex -4.087167292060715 31.238443933461888 1.361556066538114
      vertex -4.087167292060715 31.19789464416504 1.330441502517278
      vertex -4.087167292060715 31.150673996646894 1.3108820698912211
    endloop
  endfacet
  facet normal -0.9653655703464427 0.20698665518747408 -0.1588264466768333
    outer loop
      vertex -4.087167292060715 31.269558497482723 1.402105355834962
      vertex -3.9858192987669296 31.59712036105339 1.2129874257261832
      vertex -4.087167292060715 31.238443933461888 1.361556066538114
    endloop
  endfacet
  facet normal -0.9653655703464425 0.24104106520869215 -0.09984247829830085
    outer loop
      vertex -4.087167292060715 31.269558497482723 1.402105355834962
      vertex -3.9858192987669296 31.65446571592158 1.3514313591880693
      vertex -3.9858192987669296 31.59712036105339 1.2129874257261832
    endloop
  endfacet
  facet normal -0.8641551942546336 0.4989202340245265 -0.06568409490620998
    outer loop
      vertex -3.9858192987669296 31.674025148547635 1.5
      vertex -3.7900300104368525 31.982027579492247 1.263661422373076
      vertex -3.9858192987669296 31.65446571592158 1.3514313591880693
    endloop
  endfacet
  facet normal -0.8641551942546337 0.46491964458042273 -0.19257602219889575
    outer loop
      vertex -3.9858192987669296 31.65446571592158 1.3514313591880693
      vertex -3.7900300104368525 31.982027579492247 1.263661422373076
      vertex -3.9858192987669296 31.59712036105339 1.2129874257261832
    endloop
  endfacet
  facet normal -0.8641551942546329 0.4989202340245284 -0.06568409490620704
    outer loop
      vertex -3.9858192987669296 31.674025148547635 1.5
      vertex -3.7900300104368525 32.01314214351308 1.5
      vertex -3.7900300104368525 31.982027579492247 1.263661422373076
    endloop
  endfacet
  facet normal -0.7040625922196376 0.7040625922196373 -0.09269159872355708
    outer loop
      vertex -3.7900300104368525 32.01314214351308 1.5
      vertex -3.5131421435130807 32.24948072114001 1.191997569055392
      vertex -3.7900300104368525 31.982027579492247 1.263661422373076
    endloop
  endfacet
  facet normal -0.704062592219638 0.704062592219637 -0.09269159872355773
    outer loop
      vertex -3.7900300104368525 32.01314214351308 1.5
      vertex -3.5131421435130807 32.29003001043685 1.5
      vertex -3.5131421435130807 32.24948072114001 1.191997569055392
    endloop
  endfacet
  facet normal -0.49678152337644726 0.8604508387494493 -0.11328050197251789
    outer loop
      vertex -3.5131421435130807 32.29003001043685 1.5
      vertex -3.174025148547634 32.485819298766934 1.5
      vertex -3.5131421435130807 32.24948072114001 1.191997569055392
    endloop
  endfacet
  facet normal -0.49678152337643616 0.8604508387494536 -0.11328050197253352
    outer loop
      vertex -3.174025148547634 32.485819298766934 1.5
      vertex -3.174025148547634 32.43859865124879 1.1413235724084991
      vertex -3.5131421435130807 32.24948072114001 1.191997569055392
    endloop
  endfacet
  facet normal -0.2567513652305288 0.9582091399530054 -0.1261506264858842
    outer loop
      vertex -3.174025148547634 32.485819298766934 1.5
      vertex -2.7957892883300772 32.58716729206072 1.5
      vertex -2.7957892883300772 32.53649329541383 1.1150927815611453
    endloop
  endfacet
  facet normal -0.9653655703464427 0.1588264466768333 -0.20698665518747408
    outer loop
      vertex -4.087167292060715 31.238443933461888 1.361556066538114
      vertex -3.9858192987669296 31.387012574273818 1.002879638946613
      vertex -4.087167292060715 31.19789464416504 1.330441502517278
    endloop
  endfacet
  facet normal -0.9653655703464428 0.0998424782983055 -0.24104106520868948
    outer loop
      vertex -4.087167292060715 31.150673996646894 1.3108820698912211
      vertex -4.087167292060715 31.19789464416504 1.330441502517278
      vertex -3.9858192987669296 31.387012574273818 1.002879638946613
    endloop
  endfacet
  facet normal -0.965365570346442 0.2069866551874695 -0.1588264466768439
    outer loop
      vertex -4.087167292060715 31.238443933461888 1.361556066538114
      vertex -3.9858192987669296 31.59712036105339 1.2129874257261832
      vertex -3.9858192987669296 31.505897075109647 1.094102924890354
    endloop
  endfacet
  facet normal -0.9653655703464428 0.034054410021214544 -0.2586689249751393
    outer loop
      vertex -4.087167292060715 31.150673996646894 1.3108820698912211
      vertex -3.9858192987669296 31.1 0.9259748514523665
      vertex -4.087167292060715 31.1 1.3042107116699242
    endloop
  endfacet
  facet normal -0.965365570346442 0.1588264466768439 -0.2069866551874695
    outer loop
      vertex -4.087167292060715 31.238443933461888 1.361556066538114
      vertex -3.9858192987669296 31.505897075109647 1.094102924890354
      vertex -3.9858192987669296 31.387012574273818 1.002879638946613
    endloop
  endfacet
  facet normal -0.9653655703464424 0.09984247829830108 -0.2410410652086928
    outer loop
      vertex -4.087167292060715 31.150673996646894 1.3108820698912211
      vertex -3.9858192987669296 31.387012574273818 1.002879638946613
      vertex -3.9858192987669296 31.248568640811932 0.9455342840784198
    endloop
  endfacet
  facet normal -0.9653655703464423 0.034054410021220276 -0.25866892497514
    outer loop
      vertex -4.087167292060715 31.150673996646894 1.3108820698912211
      vertex -3.9858192987669296 31.248568640811932 0.9455342840784198
      vertex -3.9858192987669296 31.1 0.9259748514523665
    endloop
  endfacet
  facet normal -0.8641551942546344 0.30634421182563804 -0.3992355496742041
    outer loop
      vertex -3.9858192987669296 31.505897075109647 1.094102924890354
      vertex -3.7900300104368525 31.74568900186532 0.8543109981346824
      vertex -3.9858192987669296 31.387012574273818 1.002879638946613
    endloop
  endfacet
  facet normal -0.8641551942546344 0.3992355496742041 -0.30634421182563804
    outer loop
      vertex -3.9858192987669296 31.505897075109647 1.094102924890354
      vertex -3.9858192987669296 31.59712036105339 1.2129874257261832
      vertex -3.7900300104368525 31.74568900186532 0.8543109981346824
    endloop
  endfacet
  facet normal -0.8641551942546344 0.4649196445804227 -0.19257602219889322
    outer loop
      vertex -3.9858192987669296 31.59712036105339 1.2129874257261832
      vertex -3.7900300104368525 31.982027579492247 1.263661422373076
      vertex -3.7900300104368525 31.890804293548506 1.0434289282434612
    endloop
  endfacet
  facet normal -0.8641551942546337 0.39923554967420616 -0.306344211825637
    outer loop
      vertex -3.9858192987669296 31.59712036105339 1.2129874257261832
      vertex -3.7900300104368525 31.890804293548506 1.0434289282434612
      vertex -3.7900300104368525 31.74568900186532 0.8543109981346824
    endloop
  endfacet
  facet normal -0.7040625922196372 0.6560818900783127 -0.2717580168978157
    outer loop
      vertex -3.7900300104368525 31.982027579492247 1.263661422373076
      vertex -3.5131421435130807 32.13059622030418 0.9049849947815751
      vertex -3.7900300104368525 31.890804293548506 1.0434289282434612
    endloop
  endfacet
  facet normal -0.8641551942546349 0.06568409490620969 -0.4989202340245243
    outer loop
      vertex -3.9858192987669296 31.1 0.9259748514523665
      vertex -3.9858192987669296 31.248568640811932 0.9455342840784198
      vertex -3.7900300104368525 31.1 0.5868578564869189
    endloop
  endfacet
  facet normal -0.8641551942546337 0.19257602219889575 -0.46491964458042273
    outer loop
      vertex -3.9858192987669296 31.387012574273818 1.002879638946613
      vertex -3.7900300104368525 31.336338577626925 0.6179724205077548
      vertex -3.9858192987669296 31.248568640811932 0.9455342840784198
    endloop
  endfacet
  facet normal -0.8641551942546337 0.306344211825637 -0.39923554967420616
    outer loop
      vertex -3.9858192987669296 31.387012574273818 1.002879638946613
      vertex -3.7900300104368525 31.74568900186532 0.8543109981346824
      vertex -3.7900300104368525 31.55657107175654 0.7091957064514958
    endloop
  endfacet
  facet normal -0.8641551942546344 0.19257602219889322 -0.4649196445804227
    outer loop
      vertex -3.9858192987669296 31.387012574273818 1.002879638946613
      vertex -3.7900300104368525 31.55657107175654 0.7091957064514958
      vertex -3.7900300104368525 31.336338577626925 0.6179724205077548
    endloop
  endfacet
  facet normal -0.8641551942546339 0.06568409490621423 -0.4989202340245255
    outer loop
      vertex -3.9858192987669296 31.248568640811932 0.9455342840784198
      vertex -3.7900300104368525 31.336338577626925 0.6179724205077548
      vertex -3.7900300104368525 31.1 0.5868578564869189
    endloop
  endfacet
  facet normal -0.7040625922196404 0.5633902913547381 -0.43230457532182537
    outer loop
      vertex -3.7900300104368525 31.890804293548506 1.0434289282434612
      vertex -3.5131421435130807 31.9414782901954 0.658521709804603
      vertex -3.7900300104368525 31.74568900186532 0.8543109981346824
    endloop
  endfacet
  facet normal -0.7040625922196404 0.43230457532182537 -0.5633902913547381
    outer loop
      vertex -3.7900300104368525 31.55657107175654 0.7091957064514958
      vertex -3.7900300104368525 31.74568900186532 0.8543109981346824
      vertex -3.5131421435130807 31.9414782901954 0.658521709804603
    endloop
  endfacet
  facet normal -0.7040625922196381 0.6560818900783115 -0.2717580168978168
    outer loop
      vertex -3.7900300104368525 31.982027579492247 1.263661422373076
      vertex -3.5131421435130807 32.24948072114001 1.191997569055392
      vertex -3.5131421435130807 32.13059622030418 0.9049849947815751
    endloop
  endfacet
  facet normal -0.4967815233764425 0.801812536050916 -0.3321216269130629
    outer loop
      vertex -3.5131421435130807 32.24948072114001 1.191997569055392
      vertex -3.174025148547634 32.3001547177869 0.8070903506165337
      vertex -3.5131421435130807 32.13059622030418 0.9049849947815751
    endloop
  endfacet
  facet normal -0.4967815233764363 0.8018125360509224 -0.33212162691305663
    outer loop
      vertex -3.5131421435130807 32.24948072114001 1.191997569055392
      vertex -3.174025148547634 32.43859865124879 1.1413235724084991
      vertex -3.174025148547634 32.3001547177869 0.8070903506165337
    endloop
  endfacet
  facet normal -0.7040625922196371 0.5633902913547446 -0.43230457532182215
    outer loop
      vertex -3.7900300104368525 31.890804293548506 1.0434289282434612
      vertex -3.5131421435130807 32.13059622030418 0.9049849947815751
      vertex -3.5131421435130807 31.9414782901954 0.658521709804603
    endloop
  endfacet
  facet normal -0.49678152337643616 0.6885320340783885 -0.5283292118363931
    outer loop
      vertex -3.5131421435130807 32.13059622030418 0.9049849947815751
      vertex -3.174025148547634 32.079922223657285 0.5200777763427169
      vertex -3.5131421435130807 31.9414782901954 0.658521709804603
    endloop
  endfacet
  facet normal -0.4967815233764424 0.6885320340783806 -0.5283292118363975
    outer loop
      vertex -3.5131421435130807 32.13059622030418 0.9049849947815751
      vertex -3.174025148547634 32.3001547177869 0.8070903506165337
      vertex -3.174025148547634 32.079922223657285 0.5200777763427169
    endloop
  endfacet
  facet normal -0.7040625922196374 0.0926915987235675 -0.7040625922196362
    outer loop
      vertex -3.7900300104368525 31.1 0.5868578564869189
      vertex -3.7900300104368525 31.336338577626925 0.6179724205077548
      vertex -3.5131421435130807 31.1 0.3099699895631467
    endloop
  endfacet
  facet normal -0.7040625922196337 0.27175801689781703 -0.656081890078316
    outer loop
      vertex -3.7900300104368525 31.55657107175654 0.7091957064514958
      vertex -3.5131421435130807 31.40800243094461 0.3505192788599949
      vertex -3.7900300104368525 31.336338577626925 0.6179724205077548
    endloop
  endfacet
  facet normal -0.7040625922196369 0.2717580168978102 -0.6560818900783155
    outer loop
      vertex -3.7900300104368525 31.55657107175654 0.7091957064514958
      vertex -3.5131421435130807 31.695015005218426 0.46940377969582414
      vertex -3.5131421435130807 31.40800243094461 0.3505192788599949
    endloop
  endfacet
  facet normal -0.7040625922196342 0.09269159872357421 -0.7040625922196385
    outer loop
      vertex -3.7900300104368525 31.336338577626925 0.6179724205077548
      vertex -3.5131421435130807 31.40800243094461 0.3505192788599949
      vertex -3.5131421435130807 31.1 0.3099699895631467
    endloop
  endfacet
  facet normal -0.49678152337643633 0.33212162691305575 -0.8018125360509227
    outer loop
      vertex -3.5131421435130807 31.40800243094461 0.3505192788599949
      vertex -3.5131421435130807 31.695015005218426 0.46940377969582414
      vertex -3.174025148547634 31.458676427591502 0.16140134875121603
    endloop
  endfacet
  facet normal -0.7040625922196371 0.43230457532182215 -0.5633902913547446
    outer loop
      vertex -3.7900300104368525 31.55657107175654 0.7091957064514958
      vertex -3.5131421435130807 31.9414782901954 0.658521709804603
      vertex -3.5131421435130807 31.695015005218426 0.46940377969582414
    endloop
  endfacet
  facet normal -0.4967815233764363 0.5283292118363943 -0.6885320340783875
    outer loop
      vertex -3.5131421435130807 31.9414782901954 0.658521709804603
      vertex -3.174025148547634 32.079922223657285 0.5200777763427169
      vertex -3.174025148547634 31.792909649383468 0.29984528221310214
    endloop
  endfacet
  facet normal -0.4967815233764374 0.5283292118363927 -0.6885320340783879
    outer loop
      vertex -3.5131421435130807 31.9414782901954 0.658521709804603
      vertex -3.174025148547634 31.792909649383468 0.29984528221310214
      vertex -3.5131421435130807 31.695015005218426 0.46940377969582414
    endloop
  endfacet
  facet normal -0.5000000000000536 -1.013399916842341e-13 -0.8660254037844076
    outer loop
      vertex -3.5131421435130807 31.1 0.3099699895631467
      vertex -3.174025148547634 30.83581929876693 0.11418070123307089
      vertex -3.181502340170617 30.831502340170616 0.11849765982938365
    endloop
  endfacet
  facet normal -0.4999999999999965 0 -0.8660254037844406
    outer loop
      vertex -3.5131421435130807 31.1 0.3099699895631467
      vertex -3.174025148547634 31.1 0.11418070123307089
      vertex -3.174025148547634 30.83581929876693 0.11418070123307089
    endloop
  endfacet
  facet normal -0.4967815233764326 0.11328050197253851 -0.860450838749455
    outer loop
      vertex -3.5131421435130807 31.40800243094461 0.3505192788599949
      vertex -3.174025148547634 31.1 0.11418070123307089
      vertex -3.5131421435130807 31.1 0.3099699895631467
    endloop
  endfacet
  facet normal -0.49678152337643605 0.11328050197253349 -0.8604508387494536
    outer loop
      vertex -3.5131421435130807 31.40800243094461 0.3505192788599949
      vertex -3.174025148547634 31.458676427591502 0.16140134875121603
      vertex -3.174025148547634 31.1 0.11418070123307089
    endloop
  endfacet
  facet normal -0.4967815233764357 0.3321216269130568 -0.8018125360509227
    outer loop
      vertex -3.5131421435130807 31.695015005218426 0.46940377969582414
      vertex -3.174025148547634 31.792909649383468 0.29984528221310214
      vertex -3.174025148547634 31.458676427591502 0.16140134875121603
    endloop
  endfacet
  facet normal -0.2567513652305268 0.9582091399530064 -0.126150626485882
    outer loop
      vertex -3.174025148547634 32.485819298766934 1.5
      vertex -2.7957892883300772 32.53649329541383 1.1150927815611453
      vertex -3.174025148547634 32.43859865124879 1.1413235724084991
    endloop
  endfacet
  facet normal -0.2567513652305267 0.8929087705806845 -0.3698549227364041
    outer loop
      vertex -3.174025148547634 32.43859865124879 1.1413235724084991
      vertex -2.7957892883300772 32.53649329541383 1.1150927815611453
      vertex -3.174025148547634 32.3001547177869 0.8070903506165337
    endloop
  endfacet
  facet normal -0.2567513652305139 0.8929087705806822 -0.369854922736418
    outer loop
      vertex -3.174025148547634 32.3001547177869 0.8070903506165337
      vertex -2.7957892883300772 32.53649329541383 1.1150927815611453
      vertex -2.7957892883300772 32.38792465460189 0.7564163539696409
    endloop
  endfacet
  facet normal -0.2567513652305157 0.766758144094802 -0.5883542172166025
    outer loop
      vertex -3.174025148547634 32.3001547177869 0.8070903506165337
      vertex -2.7957892883300772 32.38792465460189 0.7564163539696409
      vertex -2.7957892883300772 32.151586076974965 0.4484139230250328
    endloop
  endfacet
  facet normal 0 0.923879532511282 -0.3826834323651013
    outer loop
      vertex -2.7957892883300772 32.53649329541383 1.1150927815611453
      vertex -2.404210711669922 32.38792465460189 0.7564163539696409
      vertex -2.7957892883300772 32.38792465460189 0.7564163539696409
    endloop
  endfacet
  facet normal 0 0.7933533402912349 -0.6087614290087208
    outer loop
      vertex -2.7957892883300772 32.38792465460189 0.7564163539696409
      vertex -2.404210711669922 32.38792465460189 0.7564163539696409
      vertex -2.7957892883300772 32.151586076974965 0.4484139230250328
    endloop
  endfacet
  facet normal -0.25675136523052106 0.7667581440947975 -0.5883542172166063
    outer loop
      vertex -3.174025148547634 32.3001547177869 0.8070903506165337
      vertex -2.7957892883300772 32.151586076974965 0.4484139230250328
      vertex -3.174025148547634 32.079922223657285 0.5200777763427169
    endloop
  endfacet
  facet normal -0.2567513652305292 0.588354217216599 -0.7667581440948004
    outer loop
      vertex -3.174025148547634 32.079922223657285 0.5200777763427169
      vertex -2.7957892883300772 31.84358364603036 0.2120753453981088
      vertex -3.174025148547634 31.792909649383468 0.29984528221310214
    endloop
  endfacet
  facet normal -0.2567513652305226 0.5883542172166056 -0.7667581440947973
    outer loop
      vertex -3.174025148547634 32.079922223657285 0.5200777763427169
      vertex -2.7957892883300772 32.151586076974965 0.4484139230250328
      vertex -2.7957892883300772 31.84358364603036 0.2120753453981088
    endloop
  endfacet
  facet normal -0.25881904510252113 0 -0.9659258262890682
    outer loop
      vertex -3.174025148547634 30.83581929876693 0.11418070123307089
      vertex -3.174025148547634 31.1 0.11418070123307089
      vertex -2.7957892883300772 30.937167292060714 0.01283270793928537
    endloop
  endfacet
  facet normal -0.2567513652305268 0.126150626485882 -0.9582091399530064
    outer loop
      vertex -3.174025148547634 31.1 0.11418070123307089
      vertex -3.174025148547634 31.458676427591502 0.16140134875121603
      vertex -2.7957892883300772 31.484907218438856 0.06350670458617813
    endloop
  endfacet
  facet normal -0.2588190451025212 0 -0.9659258262890683
    outer loop
      vertex -3.174025148547634 31.1 0.11418070123307089
      vertex -2.7957892883300772 31.1 0.01283270793928537
      vertex -2.7957892883300772 30.937167292060714 0.01283270793928537
    endloop
  endfacet
  facet normal -0.2567513652305288 0.1261506264858842 -0.9582091399530054
    outer loop
      vertex -3.174025148547634 31.1 0.11418070123307089
      vertex -2.7957892883300772 31.484907218438856 0.06350670458617813
      vertex -2.7957892883300772 31.1 0.01283270793928537
    endloop
  endfacet
  facet normal -0.25675136523052916 0.3698549227364038 -0.8929087705806837
    outer loop
      vertex -3.174025148547634 31.458676427591502 0.16140134875121603
      vertex -3.174025148547634 31.792909649383468 0.29984528221310214
      vertex -2.7957892883300772 31.84358364603036 0.2120753453981088
    endloop
  endfacet
  facet normal -0.2567513652305268 0.36985492273640175 -0.8929087705806853
    outer loop
      vertex -3.174025148547634 31.458676427591502 0.16140134875121603
      vertex -2.7957892883300772 31.84358364603036 0.2120753453981088
      vertex -2.7957892883300772 31.484907218438856 0.06350670458617813
    endloop
  endfacet
  facet normal 0 0 -1
    outer loop
      vertex -2.7957892883300772 30.937167292060714 0.01283270793928537
      vertex -2.7957892883300772 31.1 0.01283270793928537
      vertex -2.5 31 0.01283270793928537
    endloop
  endfacet
  facet normal 0 0 -1
    outer loop
      vertex -2.7957892883300772 30.937167292060714 0.01283270793928537
      vertex -2.5 31 0.01283270793928537
      vertex -2.5 30.937167292060714 0.01283270793928537
    endloop
  endfacet
  facet normal 0 0.9914448613738104 -0.1305261922200521
    outer loop
      vertex -2.7957892883300772 32.58716729206072 1.5
      vertex 7.918496425955636 32.53649329541383 1.1150927815611453
      vertex -2.7957892883300772 32.53649329541383 1.1150927815611453
    endloop
  endfacet
  facet normal 0 0.923879532511282 -0.3826834323651013
    outer loop
      vertex -2.7957892883300772 32.53649329541383 1.1150927815611453
      vertex 7.918496425955636 32.53649329541383 1.1150927815611453
      vertex -2.404210711669922 32.38792465460189 0.7564163539696409
    endloop
  endfacet
  facet normal 0 0.7933533402912348 -0.6087614290087208
    outer loop
      vertex -2.404210711669922 32.38792465460189 0.7564163539696409
      vertex 7.918496425955636 32.151586076974965 0.4484139230250328
      vertex -2.7957892883300772 32.151586076974965 0.4484139230250328
    endloop
  endfacet
  facet normal 0 0.1305261922200521 -0.9914448613738104
    outer loop
      vertex -2.7957892883300772 31.1 0.01283270793928537
      vertex -2.7957892883300772 31.484907218438856 0.06350670458617813
      vertex 8.310075002615791 31.484907218438856 0.06350670458617813
    endloop
  endfacet
  facet normal 0 0 -1
    outer loop
      vertex -2.7957892883300772 31.1 0.01283270793928537
      vertex 8.310075002615791 31.1 0.01283270793928537
      vertex -2.5 31 0.01283270793928537
    endloop
  endfacet
  facet normal 0 0.6087614290087253 -0.7933533402912316
    outer loop
      vertex -2.7957892883300772 32.151586076974965 0.4484139230250328
      vertex 7.918496425955636 31.84358364603036 0.2120753453981088
      vertex -2.7957892883300772 31.84358364603036 0.2120753453981088
    endloop
  endfacet
  facet normal 0 0.38268343236508573 -0.9238795325112885
    outer loop
      vertex -2.7957892883300772 31.484907218438856 0.06350670458617813
      vertex -2.7957892883300772 31.84358364603036 0.2120753453981088
      vertex 8.310075002615791 31.484907218438856 0.06350670458617813
    endloop
  endfacet
  facet normal 0 0 -1
    outer loop
      vertex -2.5 31 0.01283270793928537
      vertex 8.310075002615791 31.1 0.01283270793928537
      vertex 0.6000000000000001 31 0.01283270793928537
    endloop
  endfacet
  facet normal 1 0 0
    outer loop
      vertex 9.601453006346429 31.238443933461888 18.738443933461888
      vertex 9.601453006346429 -31.1 1.3042107116699242
      vertex 9.601453006346429 31.1 1.6957892883300758
    endloop
  endfacet
  facet normal 0 1 0
    outer loop
      vertex 8.310075002615791 32.58716729206072 18.6
      vertex 8.310075002615791 32.58716729206072 1.5
      vertex -2.7957892883300772 32.58716729206072 1.5
    endloop
  endfacet
  facet normal 0.2588190451025206 0.9659258262890683 0
    outer loop
      vertex 8.310075002615791 32.58716729206072 18.6
      vertex 8.68831086283335 32.485819298766934 1.5
      vertex 8.310075002615791 32.58716729206072 1.5
    endloop
  endfacet
  facet normal 0.5000000000000111 0.8660254037844323 0
    outer loop
      vertex 9.027427857798795 32.29003001043685 18.6
      vertex 9.027427857798795 32.29003001043685 1.5
      vertex 8.68831086283335 32.485819298766934 1.5
    endloop
  endfacet
  facet normal 1 0 0
    outer loop
      vertex 9.601453006346429 31.295789288330077 18.6
      vertex 9.601453006346429 31.1 1.6957892883300758
      vertex 9.601453006346429 31.295789288330077 1.5
    endloop
  endfacet
  facet normal 0.9659258262890683 0.2588190451025206 0
    outer loop
      vertex 9.500105013052643 31.674025148547635 18.6
      vertex 9.601453006346429 31.295789288330077 1.5
      vertex 9.500105013052643 31.674025148547635 1.5
    endloop
  endfacet
  facet normal 0.8660254037844389 0.49999999999999956 0
    outer loop
      vertex 9.304315724722567 32.01314214351308 18.6
      vertex 9.500105013052643 31.674025148547635 1.5
      vertex 9.304315724722567 32.01314214351308 1.5
    endloop
  endfacet
  facet normal 0.7071067811865475 0.7071067811865475 0
    outer loop
      vertex 9.304315724722567 32.01314214351308 18.6
      vertex 9.304315724722567 32.01314214351308 1.5
      vertex 9.027427857798795 32.29003001043685 1.5
    endloop
  endfacet
  facet normal 1 0 0
    outer loop
      vertex 9.601453006346429 -31.1 1.3042107116699242
      vertex 9.601453006346429 31.002105355834964 1.330441502517278
      vertex 9.601453006346429 31.1 1.6957892883300758
    endloop
  endfacet
  facet normal 1 0 0
    outer loop
      vertex 9.601453006346429 -31.1 1.3042107116699242
      vertex 9.601453006346429 31.04932600335311 1.3108820698912211
      vertex 9.601453006346429 31.002105355834964 1.330441502517278
    endloop
  endfacet
  facet normal 1 0 0
    outer loop
      vertex 9.601453006346429 -31.1 1.3042107116699242
      vertex 9.601453006346429 31.1 1.3042107116699242
      vertex 9.601453006346429 31.04932600335311 1.3108820698912211
    endloop
  endfacet
  facet normal 0.9659258262890684 0 -0.2588190451025206
    outer loop
      vertex 9.601453006346429 -31.1 1.3042107116699242
      vertex 9.500105013052643 31.1 0.9259748514523665
      vertex 9.601453006346429 31.1 1.3042107116699242
    endloop
  endfacet
  facet normal 0.8660254037844413 0 -0.4999999999999956
    outer loop
      vertex 9.304315724722567 -31.1 0.5868578564869189
      vertex 9.304315724722567 31.1 0.5868578564869189
      vertex 9.500105013052643 31.1 0.9259748514523665
    endloop
  endfacet
  facet normal 0.4999999999999943 0 -0.8660254037844419
    outer loop
      vertex 8.695788054456331 -30.831502340170616 0.11849765982938365
      vertex 8.695788054456331 30.831502340170616 0.11849765982938365
      vertex 9.027427857798795 31.1 0.3099699895631467
    endloop
  endfacet
  facet normal 0.7071067811865476 0 -0.7071067811865476
    outer loop
      vertex 9.304315724722567 -31.1 0.5868578564869189
      vertex 9.027427857798795 31.1 0.3099699895631467
      vertex 9.304315724722567 31.1 0.5868578564869189
    endloop
  endfacet
  facet normal 0 0 -1
    outer loop
      vertex 0.6000000000000001 30.937167292060714 0.01283270793928537
      vertex 0.6000000000000001 31 0.01283270793928537
      vertex 8.310075002615791 30.937167292060714 0.01283270793928537
    endloop
  endfacet
  facet normal 0 0.9914448613738104 -0.1305261922200521
    outer loop
      vertex -2.7957892883300772 32.58716729206072 1.5
      vertex 8.310075002615791 32.58716729206072 1.5
      vertex 7.918496425955636 32.53649329541383 1.1150927815611453
    endloop
  endfacet
  facet normal 0 0.923879532511282 -0.38268343236510116
    outer loop
      vertex -2.404210711669922 32.38792465460189 0.7564163539696409
      vertex 7.918496425955636 32.53649329541383 1.1150927815611453
      vertex 8.310075002615791 32.53649329541383 1.1150927815611453
    endloop
  endfacet
  facet normal 0 0.923879532511282 -0.3826834323651013
    outer loop
      vertex -2.404210711669922 32.38792465460189 0.7564163539696409
      vertex 8.310075002615791 32.53649329541383 1.1150927815611453
      vertex 8.310075002615791 32.38792465460189 0.7564163539696409
    endloop
  endfacet
  facet normal 0 0.7933533402912348 -0.6087614290087208
    outer loop
      vertex -2.404210711669922 32.38792465460189 0.7564163539696409
      vertex 8.310075002615791 32.38792465460189 0.7564163539696409
      vertex 8.310075002615791 32.151586076974965 0.4484139230250328
    endloop
  endfacet
  facet normal 0 0.7933533402912349 -0.608761429008721
    outer loop
      vertex -2.404210711669922 32.38792465460189 0.7564163539696409
      vertex 8.310075002615791 32.151586076974965 0.4484139230250328
      vertex 7.918496425955636 32.151586076974965 0.4484139230250328
    endloop
  endfacet
  facet normal 0 0.6087614290087253 -0.7933533402912317
    outer loop
      vertex -2.7957892883300772 32.151586076974965 0.4484139230250328
      vertex 8.310075002615791 32.151586076974965 0.4484139230250328
      vertex 7.918496425955636 31.84358364603036 0.2120753453981088
    endloop
  endfacet
  facet normal 0 0 0
    outer loop
      vertex -2.7957892883300772 32.151586076974965 0.4484139230250328
      vertex 7.918496425955636 32.151586076974965 0.4484139230250328
      vertex 8.310075002615791 32.151586076974965 0.4484139230250328
    endloop
  endfacet
  facet normal 0 0.1305261922200521 -0.9914448613738104
    outer loop
      vertex -2.7957892883300772 31.1 0.01283270793928537
      vertex 8.310075002615791 31.484907218438856 0.06350670458617813
      vertex 8.310075002615791 31.1 0.01283270793928537
    endloop
  endfacet
  facet normal 0 0.3826834323650857 -0.9238795325112885
    outer loop
      vertex -2.7957892883300772 31.84358364603036 0.2120753453981088
      vertex 7.918496425955636 31.84358364603036 0.2120753453981088
      vertex 8.310075002615791 31.484907218438856 0.06350670458617813
    endloop
  endfacet
  facet normal 0 0 -1
    outer loop
      vertex 0.6000000000000001 31 0.01283270793928537
      vertex 8.310075002615791 31.1 0.01283270793928537
      vertex 8.310075002615791 30.937167292060714 0.01283270793928537
    endloop
  endfacet
  facet normal 0.25675136523052833 0.9582091399530059 -0.12615062648588193
    outer loop
      vertex 8.310075002615791 32.58716729206072 1.5
      vertex 8.68831086283335 32.485819298766934 1.5
      vertex 8.68831086283335 32.43859865124879 1.1413235724084991
    endloop
  endfacet
  facet normal 0.4967815233764474 0.8604508387494472 -0.11328050197253267
    outer loop
      vertex 8.68831086283335 32.485819298766934 1.5
      vertex 9.027427857798795 32.29003001043685 1.5
      vertex 8.68831086283335 32.43859865124879 1.1413235724084991
    endloop
  endfacet
  facet normal 0.4967815233764363 0.8604508387494555 -0.11328050197251872
    outer loop
      vertex 9.027427857798795 32.29003001043685 1.5
      vertex 9.027427857798795 32.24948072114001 1.191997569055392
      vertex 8.68831086283335 32.43859865124879 1.1413235724084991
    endloop
  endfacet
  facet normal 0.7040625922196372 0.7040625922196377 -0.09269159872355787
    outer loop
      vertex 9.027427857798795 32.29003001043685 1.5
      vertex 9.304315724722567 31.982027579492247 1.263661422373076
      vertex 9.027427857798795 32.24948072114001 1.191997569055392
    endloop
  endfacet
  facet normal 1 0 0
    outer loop
      vertex 9.601453006346429 31.1 1.6957892883300758
      vertex 9.601453006346429 31.002105355834964 1.330441502517278
      vertex 9.601453006346429 31.295789288330077 1.5
    endloop
  endfacet
  facet normal 1 0 0
    outer loop
      vertex 9.601453006346429 31.295789288330077 1.5
      vertex 9.601453006346429 31.238443933461888 1.361556066538114
      vertex 9.601453006346429 31.28911793010878 1.4493260033531072
    endloop
  endfacet
  facet normal 0.9653655703464425 0.2586689249751392 -0.034054410021220186
    outer loop
      vertex 9.601453006346429 31.295789288330077 1.5
      vertex 9.500105013052643 31.65446571592158 1.3514313591880693
      vertex 9.500105013052643 31.674025148547635 1.5
    endloop
  endfacet
  facet normal 0.9653655703464423 0.2586689249751414 -0.03405441002121482
    outer loop
      vertex 9.601453006346429 31.295789288330077 1.5
      vertex 9.601453006346429 31.28911793010878 1.4493260033531072
      vertex 9.500105013052643 31.65446571592158 1.3514313591880693
    endloop
  endfacet
  facet normal 1 0 0
    outer loop
      vertex 9.601453006346429 31.295789288330077 1.5
      vertex 9.601453006346429 31.1 1.3042107116699242
      vertex 9.601453006346429 31.238443933461888 1.361556066538114
    endloop
  endfacet
  facet normal 1 0 0
    outer loop
      vertex 9.601453006346429 31.28911793010878 1.4493260033531072
      vertex 9.601453006346429 31.238443933461888 1.361556066538114
      vertex 9.601453006346429 31.269558497482723 1.402105355834962
    endloop
  endfacet
  facet normal 1 0 0
    outer loop
      vertex 9.601453006346429 31.295789288330077 1.5
      vertex 9.601453006346429 31.002105355834964 1.330441502517278
      vertex 9.601453006346429 31.04932600335311 1.3108820698912211
    endloop
  endfacet
  facet normal 1 0 0
    outer loop
      vertex 9.601453006346429 31.295789288330077 1.5
      vertex 9.601453006346429 31.04932600335311 1.3108820698912211
      vertex 9.601453006346429 31.1 1.3042107116699242
    endloop
  endfacet
  facet normal 0.9653655703464428 0.24104106520868948 -0.0998424782983055
    outer loop
      vertex 9.601453006346429 31.28911793010878 1.4493260033531072
      vertex 9.601453006346429 31.269558497482723 1.402105355834962
      vertex 9.500105013052643 31.59712036105339 1.2129874257261832
    endloop
  endfacet
  facet normal 1 0 0
    outer loop
      vertex 9.601453006346429 31.238443933461888 1.361556066538114
      vertex 9.601453006346429 31.1 1.3042107116699242
      vertex 9.601453006346429 31.19789464416504 1.330441502517278
    endloop
  endfacet
  facet normal 1 0 0
    outer loop
      vertex 9.601453006346429 31.150673996646894 1.3108820698912211
      vertex 9.601453006346429 31.19789464416504 1.330441502517278
      vertex 9.601453006346429 31.1 1.3042107116699242
    endloop
  endfacet
  facet normal 0.9653655703464424 0.2410410652086928 -0.09984247829830108
    outer loop
      vertex 9.601453006346429 31.28911793010878 1.4493260033531072
      vertex 9.500105013052643 31.59712036105339 1.2129874257261832
      vertex 9.500105013052643 31.65446571592158 1.3514313591880693
    endloop
  endfacet
  facet normal 0.9653655703464415 0.20698665518747747 -0.15882644667683588
    outer loop
      vertex 9.601453006346429 31.269558497482723 1.402105355834962
      vertex 9.601453006346429 31.238443933461888 1.361556066538114
      vertex 9.500105013052643 31.505897075109647 1.094102924890354
    endloop
  endfacet
  facet normal 0.8641551942546343 0.49892023402452573 -0.06568409490620665
    outer loop
      vertex 9.304315724722567 32.01314214351308 1.5
      vertex 9.500105013052643 31.674025148547635 1.5
      vertex 9.304315724722567 31.982027579492247 1.263661422373076
    endloop
  endfacet
  facet normal 0.7040625922196375 0.7040625922196375 -0.09269159872355713
    outer loop
      vertex 9.027427857798795 32.29003001043685 1.5
      vertex 9.304315724722567 32.01314214351308 1.5
      vertex 9.304315724722567 31.982027579492247 1.263661422373076
    endloop
  endfacet
  facet normal 0.8641551942546352 0.498920234024524 -0.06568409490620966
    outer loop
      vertex 9.500105013052643 31.674025148547635 1.5
      vertex 9.500105013052643 31.65446571592158 1.3514313591880693
      vertex 9.304315724722567 31.982027579492247 1.263661422373076
    endloop
  endfacet
  facet normal 0 0.9914448613738104 -0.1305261922200521
    outer loop
      vertex 8.310075002615791 32.58716729206072 1.5
      vertex 8.310075002615791 32.53649329541383 1.1150927815611453
      vertex 7.918496425955636 32.53649329541383 1.1150927815611453
    endloop
  endfacet
  facet normal 0.2567513652305262 0.9582091399530063 -0.12615062648588432
    outer loop
      vertex 8.310075002615791 32.58716729206072 1.5
      vertex 8.68831086283335 32.43859865124879 1.1413235724084991
      vertex 8.310075002615791 32.53649329541383 1.1150927815611453
    endloop
  endfacet
  facet normal 0.25675136523052616 0.8929087705806845 -0.36985492273640413
    outer loop
      vertex 8.310075002615791 32.53649329541383 1.1150927815611453
      vertex 8.68831086283335 32.43859865124879 1.1413235724084991
      vertex 8.68831086283335 32.3001547177869 0.8070903506165337
    endloop
  endfacet
  facet normal 0.2567513652305134 0.8929087705806824 -0.3698549227364182
    outer loop
      vertex 8.310075002615791 32.53649329541383 1.1150927815611453
      vertex 8.68831086283335 32.3001547177869 0.8070903506165337
      vertex 8.310075002615791 32.38792465460189 0.7564163539696409
    endloop
  endfacet
  facet normal 0.256751365230515 0.7667581440947988 -0.5883542172166073
    outer loop
      vertex 8.310075002615791 32.38792465460189 0.7564163539696409
      vertex 8.68831086283335 32.3001547177869 0.8070903506165337
      vertex 8.68831086283335 32.079922223657285 0.5200777763427169
    endloop
  endfacet
  facet normal 0 0.6087614290087252 -0.7933533402912316
    outer loop
      vertex 8.310075002615791 32.151586076974965 0.4484139230250328
      vertex 8.310075002615791 31.84358364603036 0.2120753453981088
      vertex 7.918496425955636 31.84358364603036 0.2120753453981088
    endloop
  endfacet
  facet normal 0 0.3826834323650857 -0.9238795325112885
    outer loop
      vertex 8.310075002615791 31.484907218438856 0.06350670458617813
      vertex 7.918496425955636 31.84358364603036 0.2120753453981088
      vertex 8.310075002615791 31.84358364603036 0.2120753453981088
    endloop
  endfacet
  facet normal 0.25675136523052033 0.7667581440948011 -0.5883542172166017
    outer loop
      vertex 8.310075002615791 32.38792465460189 0.7564163539696409
      vertex 8.68831086283335 32.079922223657285 0.5200777763427169
      vertex 8.310075002615791 32.151586076974965 0.4484139230250328
    endloop
  endfacet
  facet normal 0.25675136523052206 0.5883542172166056 -0.7667581440947974
    outer loop
      vertex 8.310075002615791 32.151586076974965 0.4484139230250328
      vertex 8.68831086283335 32.079922223657285 0.5200777763427169
      vertex 8.310075002615791 31.84358364603036 0.2120753453981088
    endloop
  endfacet
  facet normal 0.2567513652305287 0.5883542172165991 -0.7667581440948005
    outer loop
      vertex 8.310075002615791 31.84358364603036 0.2120753453981088
      vertex 8.68831086283335 32.079922223657285 0.5200777763427169
      vertex 8.68831086283335 31.792909649383468 0.29984528221310214
    endloop
  endfacet
  facet normal 0.2588190451025206 0 -0.9659258262890683
    outer loop
      vertex 8.310075002615791 30.937167292060714 0.01283270793928537
      vertex 8.310075002615791 31.1 0.01283270793928537
      vertex 8.68831086283335 31.1 0.11418070123307089
    endloop
  endfacet
  facet normal 0.25675136523052833 0.12615062648588424 -0.9582091399530057
    outer loop
      vertex 8.310075002615791 31.1 0.01283270793928537
      vertex 8.310075002615791 31.484907218438856 0.06350670458617813
      vertex 8.68831086283335 31.1 0.11418070123307089
    endloop
  endfacet
  facet normal 0.2588190451025206 0 -0.9659258262890683
    outer loop
      vertex 8.310075002615791 30.937167292060714 0.01283270793928537
      vertex 8.68831086283335 31.1 0.11418070123307089
      vertex 8.68831086283335 30.83581929876693 0.11418070123307089
    endloop
  endfacet
  facet normal 0.25675136523052616 0.126150626485882 -0.9582091399530065
    outer loop
      vertex 8.310075002615791 31.484907218438856 0.06350670458617813
      vertex 8.68831086283335 31.458676427591502 0.16140134875121603
      vertex 8.68831086283335 31.1 0.11418070123307089
    endloop
  endfacet
  facet normal 0.25675136523052855 0.3698549227364016 -0.892908770580685
    outer loop
      vertex 8.310075002615791 31.484907218438856 0.06350670458617813
      vertex 8.310075002615791 31.84358364603036 0.2120753453981088
      vertex 8.68831086283335 31.792909649383468 0.29984528221310214
    endloop
  endfacet
  facet normal 0.25675136523052616 0.36985492273640413 -0.8929087705806845
    outer loop
      vertex 8.310075002615791 31.484907218438856 0.06350670458617813
      vertex 8.68831086283335 31.792909649383468 0.29984528221310214
      vertex 8.68831086283335 31.458676427591502 0.16140134875121603
    endloop
  endfacet
  facet normal 0.4967815233764368 0.801812536050919 -0.33212162691306424
    outer loop
      vertex 8.68831086283335 32.43859865124879 1.1413235724084991
      vertex 9.027427857798795 32.24948072114001 1.191997569055392
      vertex 9.027427857798795 32.13059622030418 0.9049849947815751
    endloop
  endfacet
  facet normal 0.7040625922196367 0.6560818900783126 -0.27175801689781726
    outer loop
      vertex 9.027427857798795 32.24948072114001 1.191997569055392
      vertex 9.304315724722567 31.890804293548506 1.0434289282434612
      vertex 9.027427857798795 32.13059622030418 0.9049849947815751
    endloop
  endfacet
  facet normal 0.4967815233764431 0.801812536050919 -0.33212162691305513
    outer loop
      vertex 8.68831086283335 32.43859865124879 1.1413235724084991
      vertex 9.027427857798795 32.13059622030418 0.9049849947815751
      vertex 8.68831086283335 32.3001547177869 0.8070903506165337
    endloop
  endfacet
  facet normal 0.49678152337643755 0.6885320340783827 -0.5283292118363991
    outer loop
      vertex 8.68831086283335 32.3001547177869 0.8070903506165337
      vertex 9.027427857798795 31.9414782901954 0.658521709804603
      vertex 8.68831086283335 32.079922223657285 0.5200777763427169
    endloop
  endfacet
  facet normal 0.4967815233764438 0.688532034078385 -0.5283292118363905
    outer loop
      vertex 8.68831086283335 32.3001547177869 0.8070903506165337
      vertex 9.027427857798795 32.13059622030418 0.9049849947815751
      vertex 9.027427857798795 31.9414782901954 0.658521709804603
    endloop
  endfacet
  facet normal 0.7040625922196366 0.563390291354745 -0.4323045753218224
    outer loop
      vertex 9.027427857798795 32.13059622030418 0.9049849947815751
      vertex 9.304315724722567 31.890804293548506 1.0434289282434612
      vertex 9.027427857798795 31.9414782901954 0.658521709804603
    endloop
  endfacet
  facet normal 0.9653655703464427 0.1588264466768333 -0.20698665518747408
    outer loop
      vertex 9.601453006346429 31.238443933461888 1.361556066538114
      vertex 9.601453006346429 31.19789464416504 1.330441502517278
      vertex 9.500105013052643 31.387012574273818 1.002879638946613
    endloop
  endfacet
  facet normal 0.9653655703464428 0.0998424782983055 -0.24104106520868948
    outer loop
      vertex 9.601453006346429 31.150673996646894 1.3108820698912211
      vertex 9.500105013052643 31.387012574273818 1.002879638946613
      vertex 9.601453006346429 31.19789464416504 1.330441502517278
    endloop
  endfacet
  facet normal 0.9653655703464424 0.20698665518746837 -0.15882644667684304
    outer loop
      vertex 9.601453006346429 31.269558497482723 1.402105355834962
      vertex 9.500105013052643 31.505897075109647 1.094102924890354
      vertex 9.500105013052643 31.59712036105339 1.2129874257261832
    endloop
  endfacet
  facet normal 0.9653655703464423 0.03405441002121482 -0.2586689249751414
    outer loop
      vertex 9.601453006346429 31.150673996646894 1.3108820698912211
      vertex 9.601453006346429 31.1 1.3042107116699242
      vertex 9.500105013052643 31.248568640811932 0.9455342840784198
    endloop
  endfacet
  facet normal 0.965365570346442 0.1588264466768439 -0.2069866551874695
    outer loop
      vertex 9.601453006346429 31.238443933461888 1.361556066538114
      vertex 9.500105013052643 31.387012574273818 1.002879638946613
      vertex 9.500105013052643 31.505897075109647 1.094102924890354
    endloop
  endfacet
  facet normal 0.9653655703464424 0.09984247829830108 -0.2410410652086928
    outer loop
      vertex 9.601453006346429 31.150673996646894 1.3108820698912211
      vertex 9.500105013052643 31.248568640811932 0.9455342840784198
      vertex 9.500105013052643 31.387012574273818 1.002879638946613
    endloop
  endfacet
  facet normal 0.9653655703464425 0.034054410021220186 -0.2586689249751392
    outer loop
      vertex 9.601453006346429 31.1 1.3042107116699242
      vertex 9.500105013052643 31.1 0.9259748514523665
      vertex 9.500105013052643 31.248568640811932 0.9455342840784198
    endloop
  endfacet
  facet normal 0.7040625922196375 0.6560818900783125 -0.2717580168978157
    outer loop
      vertex 9.027427857798795 32.24948072114001 1.191997569055392
      vertex 9.304315724722567 31.982027579492247 1.263661422373076
      vertex 9.304315724722567 31.890804293548506 1.0434289282434612
    endloop
  endfacet
  facet normal 0.8641551942546354 0.464919644580421 -0.19257602219889255
    outer loop
      vertex 9.500105013052643 31.65446571592158 1.3514313591880693
      vertex 9.304315724722567 31.890804293548506 1.0434289282434612
      vertex 9.304315724722567 31.982027579492247 1.263661422373076
    endloop
  endfacet
  facet normal 0.8641551942546353 0.39923554967420405 -0.30634421182563537
    outer loop
      vertex 9.304315724722567 31.890804293548506 1.0434289282434612
      vertex 9.500105013052643 31.59712036105339 1.2129874257261832
      vertex 9.304315724722567 31.74568900186532 0.8543109981346824
    endloop
  endfacet
  facet normal 0.8641551942546359 0.46491964458041923 -0.1925760221988943
    outer loop
      vertex 9.500105013052643 31.65446571592158 1.3514313591880693
      vertex 9.500105013052643 31.59712036105339 1.2129874257261832
      vertex 9.304315724722567 31.890804293548506 1.0434289282434612
    endloop
  endfacet
  facet normal 0.8641551942546357 0.3992355496742021 -0.3063442118256365
    outer loop
      vertex 9.500105013052643 31.505897075109647 1.094102924890354
      vertex 9.304315724722567 31.74568900186532 0.8543109981346824
      vertex 9.500105013052643 31.59712036105339 1.2129874257261832
    endloop
  endfacet
  facet normal 0.8641551942546354 0.19257602219889253 -0.464919644580421
    outer loop
      vertex 9.304315724722567 31.55657107175654 0.7091957064514958
      vertex 9.500105013052643 31.248568640811932 0.9455342840784198
      vertex 9.304315724722567 31.336338577626925 0.6179724205077548
    endloop
  endfacet
  facet normal 0.8641551942546363 0.06568409490621357 -0.49892023402452174
    outer loop
      vertex 9.500105013052643 31.1 0.9259748514523665
      vertex 9.304315724722567 31.1 0.5868578564869189
      vertex 9.304315724722567 31.336338577626925 0.6179724205077548
    endloop
  endfacet
  facet normal 0.8641551942546352 0.3063442118256372 -0.399235549674203
    outer loop
      vertex 9.500105013052643 31.505897075109647 1.094102924890354
      vertex 9.500105013052643 31.387012574273818 1.002879638946613
      vertex 9.304315724722567 31.55657107175654 0.7091957064514958
    endloop
  endfacet
  facet normal 0.8641551942546359 0.1925760221988943 -0.46491964458041923
    outer loop
      vertex 9.500105013052643 31.387012574273818 1.002879638946613
      vertex 9.500105013052643 31.248568640811932 0.9455342840784198
      vertex 9.304315724722567 31.55657107175654 0.7091957064514958
    endloop
  endfacet
  facet normal 0.8641551942546352 0.06568409490620966 -0.498920234024524
    outer loop
      vertex 9.500105013052643 31.1 0.9259748514523665
      vertex 9.304315724722567 31.336338577626925 0.6179724205077548
      vertex 9.500105013052643 31.248568640811932 0.9455342840784198
    endloop
  endfacet
  facet normal 0.7040625922196398 0.5633902913547384 -0.43230457532182565
    outer loop
      vertex 9.027427857798795 31.9414782901954 0.658521709804603
      vertex 9.304315724722567 31.890804293548506 1.0434289282434612
      vertex 9.304315724722567 31.74568900186532 0.8543109981346824
    endloop
  endfacet
  facet normal 0.8641551942546357 0.306344211825635 -0.3992355496742036
    outer loop
      vertex 9.500105013052643 31.505897075109647 1.094102924890354
      vertex 9.304315724722567 31.55657107175654 0.7091957064514958
      vertex 9.304315724722567 31.74568900186532 0.8543109981346824
    endloop
  endfacet
  facet normal 0.7040625922196398 0.43230457532182565 -0.5633902913547384
    outer loop
      vertex 9.027427857798795 31.9414782901954 0.658521709804603
      vertex 9.304315724722567 31.74568900186532 0.8543109981346824
      vertex 9.304315724722567 31.55657107175654 0.7091957064514958
    endloop
  endfacet
  facet normal 0.7040625922196336 0.09269159872357428 -0.7040625922196391
    outer loop
      vertex 9.027427857798795 31.40800243094461 0.3505192788599949
      vertex 9.304315724722567 31.336338577626925 0.6179724205077548
      vertex 9.027427857798795 31.1 0.3099699895631467
    endloop
  endfacet
  facet normal 0.7040625922196336 0.2717580168978115 -0.6560818900783184
    outer loop
      vertex 9.027427857798795 31.40800243094461 0.3505192788599949
      vertex 9.027427857798795 31.695015005218426 0.46940377969582414
      vertex 9.304315724722567 31.336338577626925 0.6179724205077548
    endloop
  endfacet
  facet normal 0.4967815233764372 0.5283292118363927 -0.688532034078388
    outer loop
      vertex 8.68831086283335 32.079922223657285 0.5200777763427169
      vertex 9.027427857798795 31.9414782901954 0.658521709804603
      vertex 9.027427857798795 31.695015005218426 0.46940377969582414
    endloop
  endfacet
  facet normal 0.49678152337643844 0.5283292118363936 -0.6885320340783866
    outer loop
      vertex 8.68831086283335 32.079922223657285 0.5200777763427169
      vertex 9.027427857798795 31.695015005218426 0.46940377969582414
      vertex 8.68831086283335 31.792909649383468 0.29984528221310214
    endloop
  endfacet
  facet normal 0.4967815233764366 0.33212162691305563 -0.8018125360509226
    outer loop
      vertex 8.68831086283335 31.792909649383468 0.29984528221310214
      vertex 9.027427857798795 31.695015005218426 0.46940377969582414
      vertex 9.027427857798795 31.40800243094461 0.3505192788599949
    endloop
  endfacet
  facet normal 0.7040625922196366 0.4323045753218224 -0.563390291354745
    outer loop
      vertex 9.027427857798795 31.9414782901954 0.658521709804603
      vertex 9.304315724722567 31.55657107175654 0.7091957064514958
      vertex 9.027427857798795 31.695015005218426 0.46940377969582414
    endloop
  endfacet
  facet normal 0.50000000000008 -1.4125353366763325e-13 -0.8660254037843923
    outer loop
      vertex 8.68831086283335 30.83581929876693 0.11418070123307089
      vertex 9.027427857798795 31.1 0.3099699895631467
      vertex 8.695788054456331 30.831502340170616 0.11849765982938365
    endloop
  endfacet
  facet normal 0.49999999999999756 0 -0.8660254037844402
    outer loop
      vertex 8.68831086283335 30.83581929876693 0.11418070123307089
      vertex 8.68831086283335 31.1 0.11418070123307089
      vertex 9.027427857798795 31.1 0.3099699895631467
    endloop
  endfacet
  facet normal 0.4967815233764373 0.33212162691305636 -0.801812536050922
    outer loop
      vertex 8.68831086283335 31.458676427591502 0.16140134875121603
      vertex 8.68831086283335 31.792909649383468 0.29984528221310214
      vertex 9.027427857798795 31.40800243094461 0.3505192788599949
    endloop
  endfacet
  facet normal 0.49678152337643383 0.1132805019725337 -0.8604508387494549
    outer loop
      vertex 8.68831086283335 31.1 0.11418070123307089
      vertex 8.68831086283335 31.458676427591502 0.16140134875121603
      vertex 9.027427857798795 31.1 0.3099699895631467
    endloop
  endfacet
  facet normal 0.4967815233764374 0.11328050197253808 -0.8604508387494524
    outer loop
      vertex 8.68831086283335 31.458676427591502 0.16140134875121603
      vertex 9.027427857798795 31.40800243094461 0.3505192788599949
      vertex 9.027427857798795 31.1 0.3099699895631467
    endloop
  endfacet
  facet normal 0.7040625922196366 0.271758016897816 -0.6560818900783133
    outer loop
      vertex 9.304315724722567 31.55657107175654 0.7091957064514958
      vertex 9.304315724722567 31.336338577626925 0.6179724205077548
      vertex 9.027427857798795 31.695015005218426 0.46940377969582414
    endloop
  endfacet
  facet normal 0.7040625922196367 0.0926915987235675 -0.7040625922196367
    outer loop
      vertex 9.027427857798795 31.1 0.3099699895631467
      vertex 9.304315724722567 31.336338577626925 0.6179724205077548
      vertex 9.304315724722567 31.1 0.5868578564869189
    endloop
  endfacet
  facet normal 0.9831887360764879 0 -0.18259219384277636
    outer loop
      vertex -1.2 -31 18.5
      vertex -2.5 -29.574999999999996 11.5
      vertex -1.2 31 18.5
    endloop
  endfacet
  facet normal 0 0 -1
    outer loop
      vertex -1.2 -31 18.5
      vertex -1.2 31 18.5
      vertex 0.5999999999999999 -31 18.5
    endloop
  endfacet
  facet normal 0.7387660247839678 0.6739619875222146 0
    outer loop
      vertex -1.2 -31 18.5
      vertex -1.2 -31 14.5
      vertex -2.495681063122924 -29.5797342192691 11.5
    endloop
  endfacet
  facet normal 0.7387660247840363 0.6739619875221398 -2.4749745384292622e-14
    outer loop
      vertex -1.2 -31 18.5
      vertex -2.495681063122924 -29.5797342192691 11.5
      vertex -2.5 -29.574999999999996 11.5
    endloop
  endfacet
  facet normal 0 0.9038295312865845 0.42789271830012837
    outer loop
      vertex -1.2 -31 14.5
      vertex -1.2 -29.5797342192691 11.5
      vertex -2.495681063122924 -29.5797342192691 11.5
    endloop
  endfacet
  facet normal -0.4410132275410893 0.897500603416951 -1.2240575984509264e-17
    outer loop
      vertex 0.5999999999999999 -31 18.5
      vertex 3.5 -29.574999999999996 11.5
      vertex 0.6 -31 14.5
    endloop
  endfacet
  facet normal -4.615038677121892e-16 0.9038295312865845 0.4278927183001284
    outer loop
      vertex 0.6 -31 14.5
      vertex 3.4990796572516683 -29.57545223738495 11.490955252300855
      vertex 0.6000000000000001 -29.5797342192691 11.5
    endloop
  endfacet
  facet normal 0 0.9038295312865303 0.4278927183002428
    outer loop
      vertex 0.6000000000000001 -29.57545223738495 11.490955252300855
      vertex 0.6000000000000001 -29.5797342192691 11.5
      vertex 3.4990796572516683 -29.57545223738495 11.490955252300855
    endloop
  endfacet
  facet normal -0.4410132275410333 0.8975006034169787 8.248900636057791e-14
    outer loop
      vertex 0.6 -31 14.5
      vertex 3.5 -29.574999999999996 11.5
      vertex 3.4990796572516683 -29.57545223738495 11.490955252300855
    endloop
  endfacet
  facet normal -0.9238559636063565 0 -0.3827403277797763
    outer loop
      vertex 0.5999999999999999 -31 18.5
      vertex 3.5 29.574999999999996 11.5
      vertex 3.5 -29.574999999999996 11.5
    endloop
  endfacet
  facet normal 0 0 -1
    outer loop
      vertex 0.5999999999999999 -31 18.5
      vertex -1.2 31 18.5
      vertex 0.5999999999999999 31 18.5
    endloop
  endfacet
  facet normal -0.9238559636063565 0 -0.3827403277797763
    outer loop
      vertex 0.5999999999999999 -31 18.5
      vertex 0.5999999999999999 31 18.5
      vertex 3.5 29.574999999999996 11.5
    endloop
  endfacet
  facet normal 0.983188736076488 0 -0.18259219384277636
    outer loop
      vertex -2.5 -29.574999999999996 11.5
      vertex -2.5 29.574999999999996 11.5
      vertex -1.2 31 18.5
    endloop
  endfacet
  facet normal 0.7387660247839679 -0.6739619875222144 0
    outer loop
      vertex -1.2 31 18.5
      vertex -2.5 29.574999999999996 11.5
      vertex -1.2 31 14.5
    endloop
  endfacet
  facet normal 0.7387660247840263 -0.6739619875221504 -5.7749405896682e-14
    outer loop
      vertex -1.2 31 14.5
      vertex -2.5 29.574999999999996 11.5
      vertex -2.495681063122924 29.5797342192691 11.5
    endloop
  endfacet
  facet normal 0 -0.9038295312865845 0.42789271830012837
    outer loop
      vertex -1.2 31 14.5
      vertex -2.495681063122924 29.5797342192691 11.5
      vertex -1.2 29.5797342192691 11.5
    endloop
  endfacet
  facet normal -0.4410132275410893 -0.897500603416951 0
    outer loop
      vertex 0.5999999999999999 31 18.5
      vertex 0.5999999999999999 31 14.5
      vertex 3.5 29.574999999999996 11.5
    endloop
  endfacet
  facet normal -4.615038677121891e-16 -0.9038295312865845 0.4278927183001284
    outer loop
      vertex 0.5999999999999999 31 14.5
      vertex 0.5999999999999999 29.5797342192691 11.5
      vertex 3.4990796572516683 29.57545223738495 11.490955252300855
    endloop
  endfacet
  facet normal 0 -0.9038295312865303 0.4278927183002428
    outer loop
      vertex 0.5999999999999999 29.57545223738495 11.490955252300855
      vertex 3.4990796572516683 29.57545223738495 11.490955252300855
      vertex 0.5999999999999999 29.5797342192691 11.5
    endloop
  endfacet
  facet normal -0.4410132275410333 -0.8975006034169787 5.499267090705194e-14
    outer loop
      vertex 0.5999999999999999 31 14.5
      vertex 3.4990796572516683 29.57545223738495 11.490955252300855
      vertex 3.5 29.574999999999996 11.5
    endloop
  endfacet
  facet normal 5.8626830406322975e-15 0.9987523388778448 -0.04993761694389139
    outer loop
      vertex 0.6000000000000001 -29.57545223738495 11.490955252300855
      vertex 1.3049849947815737 -29.727320735502893 8.453585289942051
      vertex 1.2070903506165351 -29.73574321833201 8.285135633359669
    endloop
  endfacet
  facet normal 4.8120978347866335e-15 0.9987523388778446 -0.04993761694389165
    outer loop
      vertex 0.6000000000000001 -29.57545223738495 11.490955252300855
      vertex 1.2070903506165351 -29.73574321833201 8.285135633359669
      vertex 1.1564163539696424 -29.745137277271358 8.097254454572738
    endloop
  endfacet
  facet normal -1.0245393773434762e-14 0.9987523388778445 -0.04993761694389397
    outer loop
      vertex 0.6000000000000001 -29.57545223738495 11.490955252300855
      vertex 1.1564163539696424 -29.745137277271358 8.097254454572738
      vertex 1.1564163539696424 -29.75486272272863 7.902745545427262
    endloop
  endfacet
  facet normal -9.66360923025478e-15 0.9987523388778445 -0.04993761694389553
    outer loop
      vertex 0.6000000000000001 -29.57545223738495 11.490955252300855
      vertex 1.6129874257261827 -29.715581084341355 8.688378313172755
      vertex 1.4434289282434596 -29.720443807069994 8.591123858600017
    endloop
  endfacet
  facet normal -1.714251220289477e-15 0.9987523388778446 -0.049937616943893176
    outer loop
      vertex 0.6000000000000001 -29.57545223738495 11.490955252300855
      vertex 1.4434289282434596 -29.720443807069994 8.591123858600017
      vertex 1.3049849947815737 -29.727320735502893 8.453585289942051
    endloop
  endfacet
  facet normal 3.3397926534367054e-15 0.9987523388778449 -0.04993761694389083
    outer loop
      vertex 0.6000000000000001 -29.57545223738495 11.490955252300855
      vertex 1.8021053558349616 -29.713063953834908 8.73872092330172
      vertex 1.6129874257261827 -29.715581084341355 8.688378313172755
    endloop
  endfacet
  facet normal 0 0.9987523388778446 -0.049937616943892274
    outer loop
      vertex 0.6000000000000001 -29.57545223738495 11.490955252300855
      vertex 1.9978946441650387 -29.713063953834908 8.73872092330172
      vertex 1.8021053558349616 -29.713063953834908 8.73872092330172
    endloop
  endfacet
  facet normal -4.310966972027215e-15 0.9987523388778445 -0.04993761694389443
    outer loop
      vertex 0.6000000000000001 -29.57545223738495 11.490955252300855
      vertex 2.1870125742738176 -29.715581084341355 8.688378313172755
      vertex 1.9978946441650387 -29.713063953834908 8.73872092330172
    endloop
  endfacet
  facet normal 1.7279331679954537e-14 0.9987523388778452 -0.04993761694388236
    outer loop
      vertex 0.6000000000000001 -29.57545223738495 11.490955252300855
      vertex 2.3565710717565405 -29.720443807069994 8.591123858600017
      vertex 2.1870125742738176 -29.715581084341355 8.688378313172755
    endloop
  endfacet
  facet normal 5.548774110381653e-15 0.9987523388778449 -0.04993761694388947
    outer loop
      vertex 0.6000000000000001 -29.57545223738495 11.490955252300855
      vertex 2.4950150052184266 -29.727320735502893 8.453585289942051
      vertex 2.3565710717565405 -29.720443807069994 8.591123858600017
    endloop
  endfacet
  facet normal 5.219268900579993e-16 0.9987523388778448 -0.049937616943892434
    outer loop
      vertex 0.6000000000000001 -29.57545223738495 11.490955252300855
      vertex 1.1564163539696424 -29.75486272272863 7.902745545427262
      vertex 0.6000000000000001 -30.109999999999996 0.8000000000000007
    endloop
  endfacet
  facet normal -5.729630316008023e-15 0.9987523388778448 -0.04993761694389195
    outer loop
      vertex 0.6000000000000001 -30.109999999999996 0.8000000000000007
      vertex 1.1564163539696424 -29.75486272272863 7.902745545427262
      vertex 1.2070903506165351 -29.764256781667978 7.714864366640331
    endloop
  endfacet
  facet normal -7.399914537333103e-15 0.9987523388778446 -0.04993761694389186
    outer loop
      vertex 0.6000000000000001 -30.109999999999996 0.8000000000000007
      vertex 1.2070903506165351 -29.764256781667978 7.714864366640331
      vertex 1.3049849947815737 -29.772679264497096 7.546414710057947
    endloop
  endfacet
  facet normal 2.581286909564957e-15 0.9987523388778446 -0.04993761694389281
    outer loop
      vertex 0.6000000000000001 -30.109999999999996 0.8000000000000007
      vertex 1.3049849947815737 -29.772679264497096 7.546414710057947
      vertex 1.4434289282434596 -29.779556192929995 7.408876141399983
    endloop
  endfacet
  facet normal -8.851389532115121e-15 0.9987523388778446 -0.04993761694389139
    outer loop
      vertex 0.6000000000000001 -30.109999999999996 0.8000000000000007
      vertex 1.4434289282434596 -29.779556192929995 7.408876141399983
      vertex 1.6129874257261827 -29.78441891565863 7.311621686827245
    endloop
  endfacet
  facet normal -3.804316148843778e-15 0.9987523388778446 -0.049937616943892156
    outer loop
      vertex 0.6000000000000001 -30.109999999999996 0.8000000000000007
      vertex 1.6129874257261827 -29.78441891565863 7.311621686827245
      vertex 1.8021053558349616 -29.786936046165078 7.26127907669828
    endloop
  endfacet
  facet normal 0 0.9987523388778448 -0.049937616943892926
    outer loop
      vertex 0.6000000000000001 -30.109999999999996 0.8000000000000007
      vertex 1.8021053558349616 -29.786936046165078 7.26127907669828
      vertex 1.9978946441650387 -29.786936046165078 7.26127907669828
    endloop
  endfacet
  facet normal 4.236725734319365e-15 0.9987523388778445 -0.04993761694389375
    outer loop
      vertex 0.6000000000000001 -30.109999999999996 0.8000000000000007
      vertex 1.9978946441650387 -29.786936046165078 7.26127907669828
      vertex 2.1870125742738176 -29.78441891565863 7.311621686827245
    endloop
  endfacet
  facet normal 1.1207968062229223e-14 0.9987523388778446 -0.0499376169438955
    outer loop
      vertex 0.6000000000000001 -30.109999999999996 0.8000000000000007
      vertex 2.1870125742738176 -29.78441891565863 7.311621686827245
      vertex 2.3565710717565405 -29.779556192929995 7.408876141399983
    endloop
  endfacet
  facet normal 0 0.9987523388778446 -0.04993761694389242
    outer loop
      vertex 0.6000000000000001 -29.57545223738495 11.490955252300855
      vertex 3.4990796572516683 -29.57545223738495 11.490955252300855
      vertex 7.700514285714286 -30.109999999999996 0.8000000000000007
    endloop
  endfacet
  facet normal 4.1667748749627295e-13 0.9987523388778529 -0.049937616943729085
    outer loop
      vertex 3.4990796572516683 -29.57545223738495 11.490955252300855
      vertex 3.5 -29.574999999999996 11.5
      vertex 7.700514285714286 -30.109999999999996 0.8000000000000007
    endloop
  endfacet
  facet normal -8.99033742834089e-15 0.9987523388778444 -0.049937616943898464
    outer loop
      vertex 0.6000000000000001 -29.57545223738495 11.490955252300855
      vertex 7.700514285714286 -30.109999999999996 0.8000000000000007
      vertex 2.4950150052184266 -29.727320735502893 8.453585289942051
    endloop
  endfacet
  facet normal 4.1705376075993924e-14 0.9987523388778461 -0.04993761694386311
    outer loop
      vertex 7.700514285714286 -30.109999999999996 0.8000000000000007
      vertex 2.592909649383465 -29.73574321833201 8.285135633359669
      vertex 2.4950150052184266 -29.727320735502893 8.453585289942051
    endloop
  endfacet
  facet normal 5.350048912717631e-15 0.9987523388778449 -0.049937616943888576
    outer loop
      vertex 7.700514285714286 -30.109999999999996 0.8000000000000007
      vertex 2.6435836460303577 -29.745137277271358 8.097254454572738
      vertex 2.592909649383465 -29.73574321833201 8.285135633359669
    endloop
  endfacet
  facet normal -2.2546105749056436e-15 0.9987523388778446 -0.04993761694389431
    outer loop
      vertex 7.700514285714286 -30.109999999999996 0.8000000000000007
      vertex 2.6435836460303577 -29.75486272272863 7.902745545427262
      vertex 2.6435836460303577 -29.745137277271358 8.097254454572738
    endloop
  endfacet
  facet normal 2.031417404112337e-15 0.9987523388778448 -0.049937616943890886
    outer loop
      vertex 7.700514285714286 -30.109999999999996 0.8000000000000007
      vertex 2.592909649383465 -29.764256781667978 7.714864366640331
      vertex 2.6435836460303577 -29.75486272272863 7.902745545427262
    endloop
  endfacet
  facet normal 3.750697751590191e-15 0.9987523388778448 -0.049937616943889956
    outer loop
      vertex 7.700514285714286 -30.109999999999996 0.8000000000000007
      vertex 2.4950150052184266 -29.772679264497096 7.546414710057947
      vertex 2.592909649383465 -29.764256781667978 7.714864366640331
    endloop
  endfacet
  facet normal -1.612896969783958e-15 0.9987523388778445 -0.049937616943893814
    outer loop
      vertex 7.700514285714286 -30.109999999999996 0.8000000000000007
      vertex 2.3565710717565405 -29.779556192929995 7.408876141399983
      vertex 2.4950150052184266 -29.772679264497096 7.546414710057947
    endloop
  endfacet
  facet normal -0.9308419777355428 0 -0.365421964973896
    outer loop
      vertex 3.5 -29.574999999999996 11.5
      vertex 3.5 29.574999999999996 11.5
      vertex 7.700514285714286 -30.109999999999996 0.8000000000000007
    endloop
  endfacet
  facet normal 0 0.9987523388778446 -0.0499376169438925
    outer loop
      vertex 0.6000000000000001 -30.109999999999996 0.8000000000000007
      vertex 2.3565710717565405 -29.779556192929995 7.408876141399983
      vertex 7.700514285714286 -30.109999999999996 0.8000000000000007
    endloop
  endfacet
  facet normal 5.862683040632301e-15 -0.9987523388778448 -0.04993761694389142
    outer loop
      vertex 0.5999999999999999 29.57545223738495 11.490955252300855
      vertex 1.2070903506165351 29.73574321833201 8.285135633359669
      vertex 1.3049849947815737 29.727320735502893 8.453585289942051
    endloop
  endfacet
  facet normal 4.81209783478663e-15 -0.9987523388778448 -0.04993761694389162
    outer loop
      vertex 0.5999999999999999 29.57545223738495 11.490955252300855
      vertex 1.1564163539696424 29.745137277271358 8.097254454572738
      vertex 1.2070903506165351 29.73574321833201 8.285135633359669
    endloop
  endfacet
  facet normal -1.0245393773434741e-14 -0.9987523388778445 -0.049937616943893995
    outer loop
      vertex 0.5999999999999999 29.57545223738495 11.490955252300855
      vertex 1.1564163539696424 29.75486272272863 7.902745545427262
      vertex 1.1564163539696424 29.745137277271358 8.097254454572738
    endloop
  endfacet
  facet normal -9.663609230254774e-15 -0.9987523388778445 -0.049937616943895466
    outer loop
      vertex 0.5999999999999999 29.57545223738495 11.490955252300855
      vertex 1.4434289282434596 29.720443807069994 8.591123858600017
      vertex 1.6129874257261827 29.715581084341355 8.688378313172755
    endloop
  endfacet
  facet normal -1.714251220289477e-15 -0.9987523388778446 -0.04993761694389315
    outer loop
      vertex 0.5999999999999999 29.57545223738495 11.490955252300855
      vertex 1.3049849947815737 29.727320735502893 8.453585289942051
      vertex 1.4434289282434596 29.720443807069994 8.591123858600017
    endloop
  endfacet
  facet normal 3.339792653436703e-15 -0.9987523388778449 -0.04993761694389079
    outer loop
      vertex 0.5999999999999999 29.57545223738495 11.490955252300855
      vertex 1.6129874257261827 29.715581084341355 8.688378313172755
      vertex 1.8021053558349616 29.713063953834908 8.73872092330172
    endloop
  endfacet
  facet normal 0 -0.9987523388778446 -0.04993761694389223
    outer loop
      vertex 0.5999999999999999 29.57545223738495 11.490955252300855
      vertex 1.8021053558349616 29.713063953834908 8.73872092330172
      vertex 1.9978946441650387 29.713063953834908 8.73872092330172
    endloop
  endfacet
  facet normal -4.310966972027215e-15 -0.9987523388778445 -0.049937616943894494
    outer loop
      vertex 0.5999999999999999 29.57545223738495 11.490955252300855
      vertex 1.9978946441650387 29.713063953834908 8.73872092330172
      vertex 2.1870125742738176 29.715581084341355 8.688378313172755
    endloop
  endfacet
  facet normal 1.727933167995449e-14 -0.9987523388778452 -0.04993761694388222
    outer loop
      vertex 0.5999999999999999 29.57545223738495 11.490955252300855
      vertex 2.1870125742738176 29.715581084341355 8.688378313172755
      vertex 2.3565710717565405 29.720443807069994 8.591123858600017
    endloop
  endfacet
  facet normal 5.548774110381653e-15 -0.9987523388778449 -0.04993761694388947
    outer loop
      vertex 0.5999999999999999 29.57545223738495 11.490955252300855
      vertex 2.3565710717565405 29.720443807069994 8.591123858600017
      vertex 2.4950150052184266 29.727320735502893 8.453585289942051
    endloop
  endfacet
  facet normal 5.219268900579991e-16 -0.9987523388778448 -0.04993761694389243
    outer loop
      vertex 0.5999999999999999 29.57545223738495 11.490955252300855
      vertex 0.6000000000000001 30.109999999999996 0.8000000000000007
      vertex 1.1564163539696424 29.75486272272863 7.902745545427262
    endloop
  endfacet
  facet normal -5.729630316008023e-15 -0.9987523388778448 -0.04993761694389195
    outer loop
      vertex 0.6000000000000001 30.109999999999996 0.8000000000000007
      vertex 1.2070903506165351 29.764256781667978 7.714864366640331
      vertex 1.1564163539696424 29.75486272272863 7.902745545427262
    endloop
  endfacet
  facet normal -7.399914537333103e-15 -0.9987523388778446 -0.04993761694389186
    outer loop
      vertex 0.6000000000000001 30.109999999999996 0.8000000000000007
      vertex 1.3049849947815737 29.772679264497096 7.546414710057947
      vertex 1.2070903506165351 29.764256781667978 7.714864366640331
    endloop
  endfacet
  facet normal 2.581286909564957e-15 -0.9987523388778446 -0.04993761694389281
    outer loop
      vertex 0.6000000000000001 30.109999999999996 0.8000000000000007
      vertex 1.4434289282434596 29.779556192929995 7.408876141399983
      vertex 1.3049849947815737 29.772679264497096 7.546414710057947
    endloop
  endfacet
  facet normal -8.851389532115121e-15 -0.9987523388778446 -0.04993761694389139
    outer loop
      vertex 0.6000000000000001 30.109999999999996 0.8000000000000007
      vertex 1.6129874257261827 29.78441891565863 7.311621686827245
      vertex 1.4434289282434596 29.779556192929995 7.408876141399983
    endloop
  endfacet
  facet normal -3.804316148843778e-15 -0.9987523388778446 -0.049937616943892156
    outer loop
      vertex 0.6000000000000001 30.109999999999996 0.8000000000000007
      vertex 1.8021053558349616 29.786936046165078 7.26127907669828
      vertex 1.6129874257261827 29.78441891565863 7.311621686827245
    endloop
  endfacet
  facet normal 0 -0.9987523388778446 -0.04993761694389243
    outer loop
      vertex 0.5999999999999999 29.57545223738495 11.490955252300855
      vertex 7.700514285714286 30.109999999999996 0.8000000000000007
      vertex 3.4990796572516683 29.57545223738495 11.490955252300855
    endloop
  endfacet
  facet normal 4.1667748749627295e-13 -0.9987523388778529 -0.049937616943729085
    outer loop
      vertex 3.4990796572516683 29.57545223738495 11.490955252300855
      vertex 7.700514285714286 30.109999999999996 0.8000000000000007
      vertex 3.5 29.574999999999996 11.5
    endloop
  endfacet
  facet normal -8.99033742834089e-15 -0.9987523388778444 -0.049937616943898464
    outer loop
      vertex 0.5999999999999999 29.57545223738495 11.490955252300855
      vertex 2.4950150052184266 29.727320735502893 8.453585289942051
      vertex 7.700514285714286 30.109999999999996 0.8000000000000007
    endloop
  endfacet
  facet normal 4.1705376075993924e-14 -0.9987523388778461 -0.04993761694386311
    outer loop
      vertex 7.700514285714286 30.109999999999996 0.8000000000000007
      vertex 2.4950150052184266 29.727320735502893 8.453585289942051
      vertex 2.592909649383465 29.73574321833201 8.285135633359669
    endloop
  endfacet
  facet normal 5.350048912717631e-15 -0.9987523388778449 -0.049937616943888576
    outer loop
      vertex 7.700514285714286 30.109999999999996 0.8000000000000007
      vertex 2.592909649383465 29.73574321833201 8.285135633359669
      vertex 2.6435836460303577 29.745137277271358 8.097254454572738
    endloop
  endfacet
  facet normal 0 -0.9987523388778448 -0.04993761694389276
    outer loop
      vertex 7.700514285714286 30.109999999999996 0.8000000000000007
      vertex 1.9978946441650387 29.786936046165078 7.26127907669828
      vertex 1.8021053558349616 29.786936046165078 7.26127907669828
    endloop
  endfacet
  facet normal 3.233130828702674e-15 -0.9987523388778448 -0.04993761694389009
    outer loop
      vertex 7.700514285714286 30.109999999999996 0.8000000000000007
      vertex 2.1870125742738176 29.78441891565863 7.311621686827245
      vertex 1.9978946441650387 29.786936046165078 7.26127907669828
    endloop
  endfacet
  facet normal -2.2546105749056436e-15 -0.9987523388778446 -0.04993761694389431
    outer loop
      vertex 7.700514285714286 30.109999999999996 0.8000000000000007
      vertex 2.6435836460303577 29.745137277271358 8.097254454572738
      vertex 2.6435836460303577 29.75486272272863 7.902745545427262
    endloop
  endfacet
  facet normal 2.031417404112337e-15 -0.9987523388778448 -0.049937616943890886
    outer loop
      vertex 7.700514285714286 30.109999999999996 0.8000000000000007
      vertex 2.6435836460303577 29.75486272272863 7.902745545427262
      vertex 2.592909649383465 29.764256781667978 7.714864366640331
    endloop
  endfacet
  facet normal 3.750697751590191e-15 -0.9987523388778448 -0.049937616943889956
    outer loop
      vertex 7.700514285714286 30.109999999999996 0.8000000000000007
      vertex 2.592909649383465 29.764256781667978 7.714864366640331
      vertex 2.4950150052184266 29.772679264497096 7.546414710057947
    endloop
  endfacet
  facet normal -1.612896969783958e-15 -0.9987523388778445 -0.049937616943893814
    outer loop
      vertex 7.700514285714286 30.109999999999996 0.8000000000000007
      vertex 2.4950150052184266 29.772679264497096 7.546414710057947
      vertex 2.3565710717565405 29.779556192929995 7.408876141399983
    endloop
  endfacet
  facet normal 6.4895180066087755e-15 -0.998752338877845 -0.04993761694388727
    outer loop
      vertex 7.700514285714286 30.109999999999996 0.8000000000000007
      vertex 2.3565710717565405 29.779556192929995 7.408876141399983
      vertex 2.1870125742738176 29.78441891565863 7.311621686827245
    endloop
  endfacet
  facet normal -0.9308419777355428 0 -0.365421964973896
    outer loop
      vertex 3.5 29.574999999999996 11.5
      vertex 7.700514285714286 30.109999999999996 0.8000000000000007
      vertex 7.700514285714286 -30.109999999999996 0.8000000000000007
    endloop
  endfacet
  facet normal 0 -0.9987523388778445 -0.04993761694389285
    outer loop
      vertex 0.6000000000000001 30.109999999999996 0.8000000000000007
      vertex 7.700514285714286 30.109999999999996 0.8000000000000007
      vertex 1.8021053558349616 29.786936046165078 7.26127907669828
    endloop
  endfacet
  facet normal 0 0.7071067811865475 -0.7071067811865475
    outer loop
      vertex -3.1815023401706175 -30.831502340170616 0.11849765982938365
      vertex -2.7957892883300772 -30.937167292060714 0.01283270793928537
      vertex -3.174025148547634 -30.83581929876693 0.11418070123307089
    endloop
  endfacet
  facet normal 0 0.7071067811865476 -0.7071067811865476
    outer loop
      vertex -2.5 -30.15 0.8000000000000007
      vertex -2.7957892883300772 -30.937167292060714 0.01283270793928537
      vertex -3.1815023401706175 -30.831502340170616 0.11849765982938365
    endloop
  endfacet
  facet normal 0 0.7071067811865476 -0.7071067811865476
    outer loop
      vertex -2.5 -30.15 0.8000000000000007
      vertex -2.5 -30.937167292060714 0.01283270793928537
      vertex -2.7957892883300772 -30.937167292060714 0.01283270793928537
    endloop
  endfacet
  facet normal 0.7071067811865472 0 -0.7071067811865478
    outer loop
      vertex -2.5 -30.15 0.8000000000000007
      vertex -3.1815023401706175 -30.831502340170616 0.11849765982938365
      vertex -2.5 30.15 0.8000000000000007
    endloop
  endfacet
  facet normal 0 0 -1
    outer loop
      vertex 0.6000000000000001 -30.109999999999996 0.8000000000000007
      vertex 7.700514285714286 -30.109999999999996 0.8000000000000007
      vertex 0.6000000000000001 -30.15 0.8000000000000007
    endloop
  endfacet
  facet normal 0 0.7071067811865476 -0.7071067811865476
    outer loop
      vertex 0.6000000000000001 -30.15 0.8000000000000007
      vertex 8.310075002615791 -30.937167292060714 0.01283270793928537
      vertex 0.6000000000000001 -30.937167292060714 0.01283270793928537
    endloop
  endfacet
  facet normal 0 0 -1
    outer loop
      vertex 0.6000000000000001 -30.15 0.8000000000000007
      vertex 7.700514285714286 -30.109999999999996 0.8000000000000007
      vertex 8.014285714285714 -30.15 0.8000000000000007
    endloop
  endfacet
  facet normal 0 0.7071067811865476 -0.7071067811865476
    outer loop
      vertex 0.6000000000000001 -30.15 0.8000000000000007
      vertex 8.014285714285714 -30.15 0.8000000000000007
      vertex 8.310075002615791 -30.937167292060714 0.01283270793928537
    endloop
  endfacet
  facet normal 0 0.7071067811865475 -0.7071067811865475
    outer loop
      vertex 8.014285714285714 -30.15 0.8000000000000007
      vertex 8.695788054456331 -30.831502340170616 0.11849765982938365
      vertex 8.68831086283335 -30.83581929876693 0.11418070123307089
    endloop
  endfacet
  facet normal 0 0.7071067811865475 -0.7071067811865475
    outer loop
      vertex 8.014285714285714 -30.15 0.8000000000000007
      vertex 8.68831086283335 -30.83581929876693 0.11418070123307089
      vertex 8.310075002615791 -30.937167292060714 0.01283270793928537
    endloop
  endfacet
  facet normal 0 0 -1
    outer loop
      vertex 7.700514285714286 -30.109999999999996 0.8000000000000007
      vertex 8.014285714285714 30.15 0.8000000000000007
      vertex 8.014285714285714 -30.15 0.8000000000000007
    endloop
  endfacet
  facet normal -0.7071067811865476 0 -0.7071067811865476
    outer loop
      vertex 8.014285714285714 -30.15 0.8000000000000007
      vertex 8.695788054456331 30.831502340170616 0.11849765982938365
      vertex 8.695788054456331 -30.831502340170616 0.11849765982938365
    endloop
  endfacet
  facet normal 0.7071067811865476 -5.092494168336678e-18 -0.7071067811865476
    outer loop
      vertex -3.1815023401706175 -30.831502340170616 0.11849765982938365
      vertex -3.181502340170617 30.831502340170616 0.11849765982938365
      vertex -2.5 30.15 0.8000000000000007
    endloop
  endfacet
  facet normal 0 -0.7071067811865476 -0.7071067811865476
    outer loop
      vertex -2.5 30.15 0.8000000000000007
      vertex -3.181502340170617 30.831502340170616 0.11849765982938365
      vertex -3.174025148547634 30.83581929876693 0.11418070123307089
    endloop
  endfacet
  facet normal 0 -0.7071067811865476 -0.7071067811865476
    outer loop
      vertex -2.5 30.15 0.8000000000000007
      vertex -3.174025148547634 30.83581929876693 0.11418070123307089
      vertex -2.7957892883300772 30.937167292060714 0.01283270793928537
    endloop
  endfacet
  facet normal 0 -0.7071067811865476 -0.7071067811865476
    outer loop
      vertex -2.5 30.15 0.8000000000000007
      vertex -2.7957892883300772 30.937167292060714 0.01283270793928537
      vertex -2.5 30.937167292060714 0.01283270793928537
    endloop
  endfacet
  facet normal 0 0 -1
    outer loop
      vertex 7.700514285714286 -30.109999999999996 0.8000000000000007
      vertex 7.700514285714286 30.109999999999996 0.8000000000000007
      vertex 8.014285714285714 30.15 0.8000000000000007
    endloop
  endfacet
  facet normal -0.7071067811865476 0 -0.7071067811865476
    outer loop
      vertex 8.014285714285714 -30.15 0.8000000000000007
      vertex 8.014285714285714 30.15 0.8000000000000007
      vertex 8.695788054456331 30.831502340170616 0.11849765982938365
    endloop
  endfacet
  facet normal 0 0 -1
    outer loop
      vertex 0.6000000000000001 30.109999999999996 0.8000000000000007
      vertex 0.6000000000000001 30.15 0.8000000000000007
      vertex 7.700514285714286 30.109999999999996 0.8000000000000007
    endloop
  endfacet
  facet normal 0 -0.7071067811865476 -0.7071067811865476
    outer loop
      vertex 0.6000000000000001 30.15 0.8000000000000007
      vertex 0.6000000000000001 30.937167292060714 0.01283270793928537
      vertex 8.310075002615791 30.937167292060714 0.01283270793928537
    endloop
  endfacet
  facet normal 0 0 -1
    outer loop
      vertex 0.6000000000000001 30.15 0.8000000000000007
      vertex 8.014285714285714 30.15 0.8000000000000007
      vertex 7.700514285714286 30.109999999999996 0.8000000000000007
    endloop
  endfacet
  facet normal 0 -0.7071067811865476 -0.7071067811865476
    outer loop
      vertex 0.6000000000000001 30.15 0.8000000000000007
      vertex 8.310075002615791 30.937167292060714 0.01283270793928537
      vertex 8.014285714285714 30.15 0.8000000000000007
    endloop
  endfacet
  facet normal 0 -0.7071067811865476 -0.7071067811865476
    outer loop
      vertex 8.014285714285714 30.15 0.8000000000000007
      vertex 8.310075002615791 30.937167292060714 0.01283270793928537
      vertex 8.695788054456331 30.831502340170616 0.11849765982938365
    endloop
  endfacet
  facet normal 0 -0.7071067811865476 -0.7071067811865476
    outer loop
      vertex 8.310075002615791 30.937167292060714 0.01283270793928537
      vertex 8.68831086283335 30.83581929876693 0.11418070123307089
      vertex 8.695788054456331 30.831502340170616 0.11849765982938365
    endloop
  endfacet
  facet normal 0 1 0
    outer loop
      vertex -1.2 -31 18.5
      vertex 0.5999999999999999 -31 18.5
      vertex 0.6 -31 14.5
    endloop
  endfacet
  facet normal 1 0 0
    outer loop
      vertex -1.2 -31 14.5
      vertex -1.2 -31 11.5
      vertex -1.2 -29.5797342192691 11.5
    endloop
  endfacet
  facet normal 0 1 0
    outer loop
      vertex -1.2 -31 18.5
      vertex 0.6000000000000001 -31 11.5
      vertex -1.2 -31 14.5
    endloop
  endfacet
  facet normal 0 1 0
    outer loop
      vertex -1.2 -31 18.5
      vertex 0.6 -31 14.5
      vertex 0.6000000000000001 -31 11.5
    endloop
  endfacet
  facet normal 0 1 0
    outer loop
      vertex -1.2 -31 14.5
      vertex 0.6000000000000001 -31 11.5
      vertex -1.2 -31 11.5
    endloop
  endfacet
  facet normal -1 0 -3.700743415417188e-17
    outer loop
      vertex 0.6 -31 14.5
      vertex 0.6000000000000001 -29.5797342192691 11.5
      vertex 0.6000000000000001 -31 11.5
    endloop
  endfacet
  facet normal 0 -1 0
    outer loop
      vertex -1.2 31 18.5
      vertex -1.2 31 14.5
      vertex 0.5999999999999999 31 18.5
    endloop
  endfacet
  facet normal 1 0 0
    outer loop
      vertex -1.2 31 14.5
      vertex -1.2 29.5797342192691 11.5
      vertex -1.2 31 11.5
    endloop
  endfacet
  facet normal 0 -1 0
    outer loop
      vertex 0.5999999999999999 31 18.5
      vertex -1.2 31 14.5
      vertex -1.2 31 11.5
    endloop
  endfacet
  facet normal 0 -1 0
    outer loop
      vertex 0.5999999999999999 31 18.5
      vertex -1.2 31 11.5
      vertex 0.5999999999999999 31 14.5
    endloop
  endfacet
  facet normal 0 -1 0
    outer loop
      vertex -1.2 31 11.5
      vertex 0.5999999999999999 31 11.5
      vertex 0.5999999999999999 31 14.5
    endloop
  endfacet
  facet normal -1 0 0
    outer loop
      vertex 0.5999999999999999 31 14.5
      vertex 0.5999999999999999 31 11.5
      vertex 0.5999999999999999 29.5797342192691 11.5
    endloop
  endfacet
  facet normal 0 0 -1
    outer loop
      vertex -2.5 -31 11.5
      vertex -2.5 -29.574999999999996 11.5
      vertex -2.495681063122924 -29.5797342192691 11.5
    endloop
  endfacet
  facet normal 0 0 -1
    outer loop
      vertex -2.5 -31 11.5
      vertex -2.495681063122924 -29.5797342192691 11.5
      vertex -1.2 -29.5797342192691 11.5
    endloop
  endfacet
  facet normal 0 0 -1
    outer loop
      vertex -2.5 -31 11.5
      vertex -1.2 -29.5797342192691 11.5
      vertex -1.2 -31 11.5
    endloop
  endfacet
  facet normal -1 0 0
    outer loop
      vertex 0.6000000000000001 -31 11.5
      vertex 0.6000000000000001 -29.5797342192691 11.5
      vertex 0.6000000000000001 -29.57545223738495 11.490955252300855
    endloop
  endfacet
  facet normal 0 0 -1
    outer loop
      vertex -2.5 29.574999999999996 11.5
      vertex -2.5 31 11.5
      vertex -2.495681063122924 29.5797342192691 11.5
    endloop
  endfacet
  facet normal 0 0 -1
    outer loop
      vertex -2.495681063122924 29.5797342192691 11.5
      vertex -2.5 31 11.5
      vertex -1.2 31 11.5
    endloop
  endfacet
  facet normal 0 0 -1
    outer loop
      vertex -2.495681063122924 29.5797342192691 11.5
      vertex -1.2 31 11.5
      vertex -1.2 29.5797342192691 11.5
    endloop
  endfacet
  facet normal -1 0 0
    outer loop
      vertex 0.5999999999999999 29.57545223738495 11.490955252300855
      vertex 0.5999999999999999 29.5797342192691 11.5
      vertex 0.5999999999999999 31 11.5
    endloop
  endfacet
  facet normal 0 1 0
    outer loop
      vertex -2.5 -31 11.5
      vertex -1.2 -31 11.5
      vertex 0.6000000000000001 -31 0.01283270793928537
    endloop
  endfacet
  facet normal 0 1 0
    outer loop
      vertex -1.2 -31 11.5
      vertex 0.6000000000000001 -31 11.5
      vertex 0.6000000000000001 -31 0.01283270793928537
    endloop
  endfacet
  facet normal -1 0 0
    outer loop
      vertex 0.6000000000000001 -31 11.5
      vertex 0.6000000000000001 -29.57545223738495 11.490955252300855
      vertex 0.6000000000000001 -30.937167292060714 0.01283270793928537
    endloop
  endfacet
  facet normal 1 0 0
    outer loop
      vertex -2.5 -31 11.5
      vertex -2.5 30.15 0.8000000000000007
      vertex -2.5 -29.574999999999996 11.5
    endloop
  endfacet
  facet normal 1 0 0
    outer loop
      vertex -2.5 -31 11.5
      vertex -2.5 -31 0.01283270793928537
      vertex -2.5 -30.15 0.8000000000000007
    endloop
  endfacet
  facet normal 0 1 0
    outer loop
      vertex -2.5 -31 11.5
      vertex 0.6000000000000001 -31 0.01283270793928537
      vertex -2.5 -31 0.01283270793928537
    endloop
  endfacet
  facet normal 1 0 0
    outer loop
      vertex -2.5 -30.15 0.8000000000000007
      vertex -2.5 -31 0.01283270793928537
      vertex -2.5 -30.937167292060714 0.01283270793928537
    endloop
  endfacet
  facet normal -1 0 0
    outer loop
      vertex 0.6000000000000001 -31 11.5
      vertex 0.6000000000000001 -30.937167292060714 0.01283270793928537
      vertex 0.6000000000000001 -31 0.01283270793928537
    endloop
  endfacet
  facet normal -1 0 0
    outer loop
      vertex 0.6000000000000001 -29.57545223738495 11.490955252300855
      vertex 0.6000000000000001 -30.109999999999996 0.8000000000000007
      vertex 0.6000000000000001 -30.15 0.8000000000000007
    endloop
  endfacet
  facet normal -1 0 0
    outer loop
      vertex 0.6000000000000001 -29.57545223738495 11.490955252300855
      vertex 0.6000000000000001 -30.15 0.8000000000000007
      vertex 0.6000000000000001 -30.937167292060714 0.01283270793928537
    endloop
  endfacet
  facet normal 1 0 0
    outer loop
      vertex -2.5 -31 11.5
      vertex -2.5 -30.15 0.8000000000000007
      vertex -2.5 30.15 0.8000000000000007
    endloop
  endfacet
  facet normal 1 0 0
    outer loop
      vertex -2.5 -29.574999999999996 11.5
      vertex -2.5 30.15 0.8000000000000007
      vertex -2.5 29.574999999999996 11.5
    endloop
  endfacet
  facet normal 1 0 0
    outer loop
      vertex -2.5 29.574999999999996 11.5
      vertex -2.5 30.15 0.8000000000000007
      vertex -2.5 31 11.5
    endloop
  endfacet
  facet normal 0 -1 0
    outer loop
      vertex -2.5 31 11.5
      vertex -2.5 31 0.01283270793928537
      vertex -1.2 31 11.5
    endloop
  endfacet
  facet normal 0 -1 0
    outer loop
      vertex -1.2 31 11.5
      vertex -2.5 31 0.01283270793928537
      vertex 0.5999999999999999 31 11.5
    endloop
  endfacet
  facet normal -1 1.2272886600786556e-19 -1.9329796396235655e-17
    outer loop
      vertex 0.5999999999999999 29.57545223738495 11.490955252300855
      vertex 0.5999999999999999 31 11.5
      vertex 0.6000000000000001 31 0.01283270793928537
    endloop
  endfacet
  facet normal 1 0 0
    outer loop
      vertex -2.5 31 11.5
      vertex -2.5 30.15 0.8000000000000007
      vertex -2.5 30.937167292060714 0.01283270793928537
    endloop
  endfacet
  facet normal 1 0 0
    outer loop
      vertex -2.5 31 11.5
      vertex -2.5 30.937167292060714 0.01283270793928537
      vertex -2.5 31 0.01283270793928537
    endloop
  endfacet
  facet normal 0 -1 0
    outer loop
      vertex 0.5999999999999999 31 11.5
      vertex -2.5 31 0.01283270793928537
      vertex 0.6000000000000001 31 0.01283270793928537
    endloop
  endfacet
  facet normal -1 0 -2.0769388673406344e-17
    outer loop
      vertex 0.5999999999999999 29.57545223738495 11.490955252300855
      vertex 0.6000000000000001 30.15 0.8000000000000007
      vertex 0.6000000000000001 30.109999999999996 0.8000000000000007
    endloop
  endfacet
  facet normal -1 -2.024149437449501e-17 -2.185719654748272e-17
    outer loop
      vertex 0.5999999999999999 29.57545223738495 11.490955252300855
      vertex 0.6000000000000001 31 0.01283270793928537
      vertex 0.6000000000000001 30.15 0.8000000000000007
    endloop
  endfacet
  facet normal -1 0 0
    outer loop
      vertex 0.6000000000000001 30.15 0.8000000000000007
      vertex 0.6000000000000001 31 0.01283270793928537
      vertex 0.6000000000000001 30.937167292060714 0.01283270793928537
    endloop
  endfacet
  facet normal -0.704062592219634 0.0926915987235631 0.7040625922196402
    outer loop
      vertex 1.4434289282434596 -29.59599878452769 8.574740360570003
      vertex 1.3049849947815737 -29.631830711186534 8.441013789746123
      vertex 1.3049849947815737 -29.727320735502893 8.453585289942051
    endloop
  endfacet
  facet normal -0.7040625922196396 0.0926915987235752 0.7040625922196331
    outer loop
      vertex 1.4434289282434596 -29.59599878452769 8.574740360570003
      vertex 1.3049849947815737 -29.727320735502893 8.453585289942051
      vertex 1.4434289282434596 -29.720443807069994 8.591123858600017
    endloop
  endfacet
  facet normal -0.704062592219636 0.27175801689781065 0.6560818900783163
    outer loop
      vertex 1.4434289282434596 -29.59599878452769 8.574740360570003
      vertex 1.4434289282434596 -29.452492497390782 8.515298110152088
      vertex 1.3049849947815737 -29.631830711186534 8.441013789746123
    endloop
  endfacet
  facet normal -0.8641551942546339 0.06568409490621419 0.49892023402452557
    outer loop
      vertex 1.3049849947815737 -29.631830711186534 8.441013789746123
      vertex 1.2070903506165351 -29.67571567959403 8.27723285796079
      vertex 1.2070903506165351 -29.73574321833201 8.285135633359669
    endloop
  endfacet
  facet normal -0.8641551942546353 0.19257602219889472 0.4649196445804202
    outer loop
      vertex 1.3049849947815737 -29.521714464121725 8.395402146774252
      vertex 1.2070903506165351 -29.606493712863088 8.248560180526693
      vertex 1.2070903506165351 -29.67571567959403 8.27723285796079
    endloop
  endfacet
  facet normal -0.9653655703464425 0.03405441002122247 0.258668924975139
    outer loop
      vertex 1.2070903506165351 -29.67571567959403 8.27723285796079
      vertex 1.1564163539696424 -29.745137277271358 8.097254454572738
      vertex 1.2070903506165351 -29.73574321833201 8.285135633359669
    endloop
  endfacet
  facet normal -0.9653655703464423 0.09984247829830105 0.2410410652086928
    outer loop
      vertex 1.2070903506165351 -29.67571567959403 8.27723285796079
      vertex 1.2070903506165351 -29.606493712863088 8.248560180526693
      vertex 1.1564163539696424 -29.72466300167655 8.09455896505439
    endloop
  endfacet
  facet normal -0.9653655703464425 0.1588264466768398 0.20698665518747028
    outer loop
      vertex 1.2070903506165351 -29.606493712863088 8.248560180526693
      vertex 1.2070903506165351 -29.54705146244517 8.202948537554823
      vertex 1.1564163539696424 -29.701052677917477 8.084779248741361
    endloop
  endfacet
  facet normal -0.704062592219637 0.2717580168978121 0.6560818900783146
    outer loop
      vertex 1.3049849947815737 -29.631830711186534 8.441013789746123
      vertex 1.4434289282434596 -29.452492497390782 8.515298110152088
      vertex 1.3049849947815737 -29.521714464121725 8.395402146774252
    endloop
  endfacet
  facet normal -0.864155194254633 0.06568409490621079 0.49892023402452734
    outer loop
      vertex 1.3049849947815737 -29.631830711186534 8.441013789746123
      vertex 1.2070903506165351 -29.73574321833201 8.285135633359669
      vertex 1.3049849947815737 -29.727320735502893 8.453585289942051
    endloop
  endfacet
  facet normal -0.864155194254634 0.19257602219889075 0.4649196445804242
    outer loop
      vertex 1.3049849947815737 -29.631830711186534 8.441013789746123
      vertex 1.3049849947815737 -29.521714464121725 8.395402146774252
      vertex 1.2070903506165351 -29.67571567959403 8.27723285796079
    endloop
  endfacet
  facet normal -0.8641551942546338 0.30634421182563276 0.39923554967420916
    outer loop
      vertex 1.3049849947815737 -29.427155499067336 8.322844500932659
      vertex 1.2070903506165351 -29.54705146244517 8.202948537554823
      vertex 1.2070903506165351 -29.606493712863088 8.248560180526693
    endloop
  endfacet
  facet normal -0.8641551942546318 0.39923554967420755 0.3063442118256407
    outer loop
      vertex 1.2070903506165351 -29.54705146244517 8.202948537554823
      vertex 1.3049849947815737 -29.354597853225744 8.22828553587827
      vertex 1.2070903506165351 -29.5014398194733 8.143506287136908
    endloop
  endfacet
  facet normal -0.7040625922196376 0.43230457532182703 0.5633902913547402
    outer loop
      vertex 1.3049849947815737 -29.521714464121725 8.395402146774252
      vertex 1.4434289282434596 -29.329260854902298 8.420739145097698
      vertex 1.3049849947815737 -29.427155499067336 8.322844500932659
    endloop
  endfacet
  facet normal -0.7040625922196369 0.43230457532182626 0.5633902913547418
    outer loop
      vertex 1.3049849947815737 -29.521714464121725 8.395402146774252
      vertex 1.4434289282434596 -29.452492497390782 8.515298110152088
      vertex 1.4434289282434596 -29.329260854902298 8.420739145097698
    endloop
  endfacet
  facet normal -0.7040625922196363 0.5633902913547452 0.4323045753218226
    outer loop
      vertex 1.4434289282434596 -29.329260854902298 8.420739145097698
      vertex 1.4434289282434596 -29.23470188984791 8.297507502609212
      vertex 1.3049849947815737 -29.427155499067336 8.322844500932659
    endloop
  endfacet
  facet normal -0.8641551942546352 0.3063442118256355 0.39923554967420416
    outer loop
      vertex 1.3049849947815737 -29.521714464121725 8.395402146774252
      vertex 1.3049849947815737 -29.427155499067336 8.322844500932659
      vertex 1.2070903506165351 -29.606493712863088 8.248560180526693
    endloop
  endfacet
  facet normal -0.8641551942546338 0.3992355496742096 0.30634421182563215
    outer loop
      vertex 1.3049849947815737 -29.427155499067336 8.322844500932659
      vertex 1.3049849947815737 -29.354597853225744 8.22828553587827
      vertex 1.2070903506165351 -29.54705146244517 8.202948537554823
    endloop
  endfacet
  facet normal -0.7040625922196372 0.5633902913547456 0.43230457532182054
    outer loop
      vertex 1.3049849947815737 -29.427155499067336 8.322844500932659
      vertex 1.4434289282434596 -29.23470188984791 8.297507502609212
      vertex 1.3049849947815737 -29.354597853225744 8.22828553587827
    endloop
  endfacet
  facet normal -0.7040625922196373 0.6560818900783121 0.2717580168978169
    outer loop
      vertex 1.3049849947815737 -29.354597853225744 8.22828553587827
      vertex 1.4434289282434596 -29.23470188984791 8.297507502609212
      vertex 1.4434289282434596 -29.175259639429992 8.154001215472304
    endloop
  endfacet
  facet normal -0.49678152337643494 0.1132805019725371 0.8604508387494538
    outer loop
      vertex 1.6129874257261827 -29.570661786204244 8.669299325624392
      vertex 1.4434289282434596 -29.720443807069994 8.591123858600017
      vertex 1.6129874257261827 -29.715581084341355 8.688378313172755
    endloop
  endfacet
  facet normal -0.25675136523052516 0.12615062648588593 0.9582091399530063
    outer loop
      vertex 1.6129874257261827 -29.570661786204244 8.669299325624392
      vertex 1.6129874257261827 -29.715581084341355 8.688378313172755
      vertex 1.8021053558349616 -29.55754639078057 8.718246647706911
    endloop
  endfacet
  facet normal -0.49678152337643705 0.11328050197254025 0.8604508387494523
    outer loop
      vertex 1.4434289282434596 -29.59599878452769 8.574740360570003
      vertex 1.4434289282434596 -29.720443807069994 8.591123858600017
      vertex 1.6129874257261827 -29.570661786204244 8.669299325624392
    endloop
  endfacet
  facet normal -0.49678152337643683 0.3321216269130557 0.8018125360509225
    outer loop
      vertex 1.4434289282434596 -29.59599878452769 8.574740360570003
      vertex 1.6129874257261827 -29.570661786204244 8.669299325624392
      vertex 1.4434289282434596 -29.452492497390782 8.515298110152088
    endloop
  endfacet
  facet normal -0.2567513652305249 0.12615062648588551 0.9582091399530064
    outer loop
      vertex 1.8021053558349616 -29.55754639078057 8.718246647706911
      vertex 1.6129874257261827 -29.715581084341355 8.688378313172755
      vertex 1.8021053558349616 -29.713063953834908 8.73872092330172
    endloop
  endfacet
  facet normal 0 0.1305261922200533 0.9914448613738102
    outer loop
      vertex 1.8021053558349616 -29.55754639078057 8.718246647706911
      vertex 1.8021053558349616 -29.713063953834908 8.73872092330172
      vertex 1.9978946441650387 -29.55754639078057 8.718246647706911
    endloop
  endfacet
  facet normal -0.2567513652305228 0.3698549227364078 0.8929087705806839
    outer loop
      vertex 1.6129874257261827 -29.570661786204244 8.669299325624392
      vertex 1.8021053558349616 -29.55754639078057 8.718246647706911
      vertex 1.6129874257261827 -29.403545175308263 8.600077358893449
    endloop
  endfacet
  facet normal -0.49678152337643383 0.3321216269130602 0.8018125360509224
    outer loop
      vertex 1.4434289282434596 -29.452492497390782 8.515298110152088
      vertex 1.6129874257261827 -29.570661786204244 8.669299325624392
      vertex 1.6129874257261827 -29.403545175308263 8.600077358893449
    endloop
  endfacet
  facet normal -0.49678152337643333 0.5283292118363989 0.688532034078386
    outer loop
      vertex 1.4434289282434596 -29.452492497390782 8.515298110152088
      vertex 1.6129874257261827 -29.403545175308263 8.600077358893449
      vertex 1.4434289282434596 -29.329260854902298 8.420739145097698
    endloop
  endfacet
  facet normal -0.4967815233764369 0.5283292118363941 0.6885320340783873
    outer loop
      vertex 1.4434289282434596 -29.329260854902298 8.420739145097698
      vertex 1.6129874257261827 -29.403545175308263 8.600077358893449
      vertex 1.6129874257261827 -29.260038888171355 8.489961111828642
    endloop
  endfacet
  facet normal -0.25675136523052866 0.5883542172165991 0.7667581440948005
    outer loop
      vertex 1.6129874257261827 -29.403545175308263 8.600077358893449
      vertex 1.8021053558349616 -29.378208176984817 8.643962327300946
      vertex 1.6129874257261827 -29.260038888171355 8.489961111828642
    endloop
  endfacet
  facet normal -0.25675136523052855 0.3698549227364015 0.892908770580685
    outer loop
      vertex 1.6129874257261827 -29.403545175308263 8.600077358893449
      vertex 1.8021053558349616 -29.55754639078057 8.718246647706911
      vertex 1.8021053558349616 -29.378208176984817 8.643962327300946
    endloop
  endfacet
  facet normal 0 0.3826834323650857 0.9238795325112885
    outer loop
      vertex 1.8021053558349616 -29.55754639078057 8.718246647706911
      vertex 1.9978946441650387 -29.378208176984817 8.643962327300946
      vertex 1.8021053558349616 -29.378208176984817 8.643962327300946
    endloop
  endfacet
  facet normal -0.25675136523052206 0.5883542172166056 0.7667581440947974
    outer loop
      vertex 1.8021053558349616 -29.378208176984817 8.643962327300946
      vertex 1.8021053558349616 -29.224206961512515 8.525793038487484
      vertex 1.6129874257261827 -29.260038888171355 8.489961111828642
    endloop
  endfacet
  facet normal 0 0.6087614290087253 0.7933533402912316
    outer loop
      vertex 1.8021053558349616 -29.378208176984817 8.643962327300946
      vertex 1.9978946441650387 -29.224206961512515 8.525793038487484
      vertex 1.8021053558349616 -29.224206961512515 8.525793038487484
    endloop
  endfacet
  facet normal -0.49678152337643716 0.6885320340783829 0.5283292118363994
    outer loop
      vertex 1.4434289282434596 -29.329260854902298 8.420739145097698
      vertex 1.6129874257261827 -29.260038888171355 8.489961111828642
      vertex 1.6129874257261827 -29.149922641106546 8.346454824691733
    endloop
  endfacet
  facet normal -0.4967815233764433 0.6885320340783851 0.5283292118363905
    outer loop
      vertex 1.4434289282434596 -29.329260854902298 8.420739145097698
      vertex 1.6129874257261827 -29.149922641106546 8.346454824691733
      vertex 1.4434289282434596 -29.23470188984791 8.297507502609212
    endloop
  endfacet
  facet normal -0.256751365230515 0.7667581440947988 0.5883542172166073
    outer loop
      vertex 1.6129874257261827 -29.260038888171355 8.489961111828642
      vertex 1.8021053558349616 -29.106037672699053 8.37179182301518
      vertex 1.6129874257261827 -29.149922641106546 8.346454824691733
    endloop
  endfacet
  facet normal -0.4967815233764425 0.801812536050919 0.33212162691305525
    outer loop
      vertex 1.4434289282434596 -29.23470188984791 8.297507502609212
      vertex 1.6129874257261827 -29.149922641106546 8.346454824691733
      vertex 1.6129874257261827 -29.080700674375603 8.17933821379575
    endloop
  endfacet
  facet normal -0.49678152337643633 0.8018125360509193 0.3321216269130643
    outer loop
      vertex 1.4434289282434596 -29.23470188984791 8.297507502609212
      vertex 1.6129874257261827 -29.080700674375603 8.17933821379575
      vertex 1.4434289282434596 -29.175259639429992 8.154001215472304
    endloop
  endfacet
  facet normal -0.25675136523052616 0.8929087705806845 0.3698549227364042
    outer loop
      vertex 1.6129874257261827 -29.149922641106546 8.346454824691733
      vertex 1.8021053558349616 -29.031753352293084 8.192453609219427
      vertex 1.6129874257261827 -29.080700674375603 8.17933821379575
    endloop
  endfacet
  facet normal -0.2567513652305203 0.7667581440948011 0.5883542172166017
    outer loop
      vertex 1.6129874257261827 -29.260038888171355 8.489961111828642
      vertex 1.8021053558349616 -29.224206961512515 8.525793038487484
      vertex 1.8021053558349616 -29.106037672699053 8.37179182301518
    endloop
  endfacet
  facet normal 0 0.7933533402912349 0.6087614290087208
    outer loop
      vertex 1.8021053558349616 -29.224206961512515 8.525793038487484
      vertex 1.9978946441650387 -29.224206961512515 8.525793038487484
      vertex 1.8021053558349616 -29.106037672699053 8.37179182301518
    endloop
  endfacet
  facet normal -0.25675136523051345 0.8929087705806824 0.3698549227364182
    outer loop
      vertex 1.8021053558349616 -29.106037672699053 8.37179182301518
      vertex 1.8021053558349616 -29.031753352293084 8.192453609219427
      vertex 1.6129874257261827 -29.149922641106546 8.346454824691733
    endloop
  endfacet
  facet normal 0 0.923879532511282 0.3826834323651013
    outer loop
      vertex 1.8021053558349616 -29.106037672699053 8.37179182301518
      vertex 1.9978946441650387 -29.106037672699053 8.37179182301518
      vertex 1.8021053558349616 -29.031753352293084 8.192453609219427
    endloop
  endfacet
  facet normal -0.9653655703464423 0.03405441002121864 0.25866892497514044
    outer loop
      vertex 1.2070903506165351 -29.67571567959403 8.27723285796079
      vertex 1.1564163539696424 -29.72466300167655 8.09455896505439
      vertex 1.1564163539696424 -29.745137277271358 8.097254454572738
    endloop
  endfacet
  facet normal -0.9653655703464428 0.09984247829830534 0.24104106520868934
    outer loop
      vertex 1.2070903506165351 -29.606493712863088 8.248560180526693
      vertex 1.1564163539696424 -29.701052677917477 8.084779248741361
      vertex 1.1564163539696424 -29.72466300167655 8.09455896505439
    endloop
  endfacet
  facet normal -0.9653655703464424 0.20698665518746803 0.15882644667684281
    outer loop
      vertex 1.2070903506165351 -29.54705146244517 8.202948537554823
      vertex 1.2070903506165351 -29.5014398194733 8.143506287136908
      vertex 1.1564163539696424 -29.680778033269053 8.069221966730943
    endloop
  endfacet
  facet normal -0.965365570346442 0.15882644667683515 0.2069866551874765
    outer loop
      vertex 1.2070903506165351 -29.54705146244517 8.202948537554823
      vertex 1.1564163539696424 -29.680778033269053 8.069221966730943
      vertex 1.1564163539696424 -29.701052677917477 8.084779248741361
    endloop
  endfacet
  facet normal -0.9653655703464421 0.20698665518746678 0.15882644667684595
    outer loop
      vertex 1.2070903506165351 -29.5014398194733 8.143506287136908
      vertex 1.1564163539696424 -29.665220751258634 8.048947322082519
      vertex 1.1564163539696424 -29.680778033269053 8.069221966730943
    endloop
  endfacet
  facet normal -0.9653655703464423 0.241041065208695 0.09984247829829579
    outer loop
      vertex 1.2070903506165351 -29.5014398194733 8.143506287136908
      vertex 1.2070903506165351 -29.472767142039206 8.074284320405965
      vertex 1.1564163539696424 -29.665220751258634 8.048947322082519
    endloop
  endfacet
  facet normal -1 0 0
    outer loop
      vertex 1.1564163539696424 -29.72466300167655 8.09455896505439
      vertex 1.1564163539696424 -29.75486272272863 7.902745545427262
      vertex 1.1564163539696424 -29.745137277271358 8.097254454572738
    endloop
  endfacet
  facet normal -1 0 0
    outer loop
      vertex 1.1564163539696424 -29.72466300167655 8.09455896505439
      vertex 1.1564163539696424 -29.701052677917477 8.084779248741361
      vertex 1.1564163539696424 -29.75486272272863 7.902745545427262
    endloop
  endfacet
  facet normal -1 0 0
    outer loop
      vertex 1.1564163539696424 -29.701052677917477 8.084779248741361
      vertex 1.1564163539696424 -29.680778033269053 8.069221966730943
      vertex 1.1564163539696424 -29.75486272272863 7.902745545427262
    endloop
  endfacet
  facet normal -0.9653655703464429 0.24104106520869586 0.09984247829829003
    outer loop
      vertex 1.1564163539696424 -29.665220751258634 8.048947322082519
      vertex 1.2070903506165351 -29.472767142039206 8.074284320405965
      vertex 1.1564163539696424 -29.655441034945607 8.025336998323446
    endloop
  endfacet
  facet normal -1 0 0
    outer loop
      vertex 1.1564163539696424 -29.680778033269053 8.069221966730943
      vertex 1.1564163539696424 -29.665220751258634 8.048947322082519
      vertex 1.1564163539696424 -29.75486272272863 7.902745545427262
    endloop
  endfacet
  facet normal -1 0 0
    outer loop
      vertex 1.1564163539696424 -29.665220751258634 8.048947322082519
      vertex 1.1564163539696424 -29.655441034945607 8.025336998323446
      vertex 1.1564163539696424 -29.75486272272863 7.902745545427262
    endloop
  endfacet
  facet normal -1 0 0
    outer loop
      vertex 1.1564163539696424 -29.655441034945607 8.025336998323446
      vertex 1.1564163539696424 -29.65210535583496 8
      vertex 1.1564163539696424 -29.75486272272863 7.902745545427262
    endloop
  endfacet
  facet normal -0.9653655703464428 0.2586689249751393 0.034054410021214544
    outer loop
      vertex 1.1564163539696424 -29.655441034945607 8.025336998323446
      vertex 1.2070903506165351 -29.46298742572618 8
      vertex 1.1564163539696424 -29.65210535583496 8
    endloop
  endfacet
  facet normal -1 0 0
    outer loop
      vertex 1.1564163539696424 -29.65210535583496 8
      vertex 1.1564163539696424 -29.655441034945607 7.974663001676554
      vertex 1.1564163539696424 -29.75486272272863 7.902745545427262
    endloop
  endfacet
  facet normal -1 0 0
    outer loop
      vertex 1.1564163539696424 -29.655441034945607 7.974663001676554
      vertex 1.1564163539696424 -29.665220751258634 7.951052677917481
      vertex 1.1564163539696424 -29.75486272272863 7.902745545427262
    endloop
  endfacet
  facet normal -0.9653655703464423 0.2586689249751414 -0.03405441002121482
    outer loop
      vertex 1.1564163539696424 -29.65210535583496 8
      vertex 1.2070903506165351 -29.472767142039206 7.925715679594035
      vertex 1.1564163539696424 -29.655441034945607 7.974663001676554
    endloop
  endfacet
  facet normal -0.9653655703464429 0.24104106520869586 -0.09984247829829003
    outer loop
      vertex 1.1564163539696424 -29.655441034945607 7.974663001676554
      vertex 1.2070903506165351 -29.472767142039206 7.925715679594035
      vertex 1.1564163539696424 -29.665220751258634 7.951052677917481
    endloop
  endfacet
  facet normal -1 0 0
    outer loop
      vertex 1.1564163539696424 -29.665220751258634 7.951052677917481
      vertex 1.1564163539696424 -29.680778033269053 7.930778033269057
      vertex 1.1564163539696424 -29.75486272272863 7.902745545427262
    endloop
  endfacet
  facet normal -1 0 0
    outer loop
      vertex 1.1564163539696424 -29.680778033269053 7.930778033269057
      vertex 1.1564163539696424 -29.701052677917477 7.915220751258639
      vertex 1.1564163539696424 -29.75486272272863 7.902745545427262
    endloop
  endfacet
  facet normal -1 0 0
    outer loop
      vertex 1.1564163539696424 -29.701052677917477 7.915220751258639
      vertex 1.1564163539696424 -29.72466300167655 7.905441034945611
      vertex 1.1564163539696424 -29.75486272272863 7.902745545427262
    endloop
  endfacet
  facet normal -1 0 0
    outer loop
      vertex 1.1564163539696424 -29.72466300167655 7.905441034945611
      vertex 1.1564163539696424 -29.749999999999996 7.902105355834962
      vertex 1.1564163539696424 -29.75486272272863 7.902745545427262
    endloop
  endfacet
  facet normal -0.9653655703464422 0.20698665518746673 -0.15882644667684576
    outer loop
      vertex 1.1564163539696424 -29.665220751258634 7.951052677917481
      vertex 1.2070903506165351 -29.5014398194733 7.856493712863092
      vertex 1.1564163539696424 -29.680778033269053 7.930778033269057
    endloop
  endfacet
  facet normal -0.9653655703464423 0.241041065208695 -0.09984247829829584
    outer loop
      vertex 1.1564163539696424 -29.665220751258634 7.951052677917481
      vertex 1.2070903506165351 -29.472767142039206 7.925715679594035
      vertex 1.2070903506165351 -29.5014398194733 7.856493712863092
    endloop
  endfacet
  facet normal -0.9653655703464428 0.0998424782983055 -0.24104106520868948
    outer loop
      vertex 1.1564163539696424 -29.701052677917477 7.915220751258639
      vertex 1.2070903506165351 -29.606493712863088 7.7514398194733065
      vertex 1.1564163539696424 -29.72466300167655 7.905441034945611
    endloop
  endfacet
  facet normal -0.965365570346442 0.15882644667683501 -0.20698665518747633
    outer loop
      vertex 1.1564163539696424 -29.680778033269053 7.930778033269057
      vertex 1.2070903506165351 -29.54705146244517 7.797051462445177
      vertex 1.1564163539696424 -29.701052677917477 7.915220751258639
    endloop
  endfacet
  facet normal -0.9653655703464424 0.20698665518746806 -0.15882644667684284
    outer loop
      vertex 1.1564163539696424 -29.680778033269053 7.930778033269057
      vertex 1.2070903506165351 -29.5014398194733 7.856493712863092
      vertex 1.2070903506165351 -29.54705146244517 7.797051462445177
    endloop
  endfacet
  facet normal -0.8641551942546344 0.4649196445804259 0.19257602219888514
    outer loop
      vertex 1.2070903506165351 -29.5014398194733 8.143506287136908
      vertex 1.3049849947815737 -29.308986210253874 8.118169288813462
      vertex 1.2070903506165351 -29.472767142039206 8.074284320405965
    endloop
  endfacet
  facet normal -0.9653655703464423 0.25866892497513994 0.034054410021220276
    outer loop
      vertex 1.2070903506165351 -29.472767142039206 8.074284320405965
      vertex 1.2070903506165351 -29.46298742572618 8
      vertex 1.1564163539696424 -29.655441034945607 8.025336998323446
    endloop
  endfacet
  facet normal -0.8641551942546327 0.49892023402452823 0.06568409490621022
    outer loop
      vertex 1.2070903506165351 -29.472767142039206 8.074284320405965
      vertex 1.3049849947815737 -29.293428928243458 8
      vertex 1.2070903506165351 -29.46298742572618 8
    endloop
  endfacet
  facet normal -0.9653655703464425 0.2586689249751392 -0.034054410021220186
    outer loop
      vertex 1.1564163539696424 -29.65210535583496 8
      vertex 1.2070903506165351 -29.46298742572618 8
      vertex 1.2070903506165351 -29.472767142039206 7.925715679594035
    endloop
  endfacet
  facet normal -0.8641551942546336 0.4989202340245265 -0.06568409490620998
    outer loop
      vertex 1.2070903506165351 -29.46298742572618 8
      vertex 1.3049849947815737 -29.308986210253874 7.881830711186538
      vertex 1.2070903506165351 -29.472767142039206 7.925715679594035
    endloop
  endfacet
  facet normal -0.8641551942546344 0.4649196445804259 -0.19257602219888514
    outer loop
      vertex 1.2070903506165351 -29.472767142039206 7.925715679594035
      vertex 1.3049849947815737 -29.308986210253874 7.881830711186538
      vertex 1.2070903506165351 -29.5014398194733 7.856493712863092
    endloop
  endfacet
  facet normal -0.8641551942546323 0.4649196445804261 0.19257602219889464
    outer loop
      vertex 1.3049849947815737 -29.354597853225744 8.22828553587827
      vertex 1.3049849947815737 -29.308986210253874 8.118169288813462
      vertex 1.2070903506165351 -29.5014398194733 8.143506287136908
    endloop
  endfacet
  facet normal -0.704062592219638 0.656081890078312 0.27175801689781537
    outer loop
      vertex 1.3049849947815737 -29.354597853225744 8.22828553587827
      vertex 1.4434289282434596 -29.175259639429992 8.154001215472304
      vertex 1.3049849947815737 -29.308986210253874 8.118169288813462
    endloop
  endfacet
  facet normal -0.8641551942546334 0.49892023402452723 0.06568409490620684
    outer loop
      vertex 1.3049849947815737 -29.308986210253874 8.118169288813462
      vertex 1.3049849947815737 -29.293428928243458 8
      vertex 1.2070903506165351 -29.472767142039206 8.074284320405965
    endloop
  endfacet
  facet normal -0.704062592219638 0.7040625922196369 0.092691598723557
    outer loop
      vertex 1.3049849947815737 -29.308986210253874 8.118169288813462
      vertex 1.4434289282434596 -29.15498499478157 8
      vertex 1.3049849947815737 -29.293428928243458 8
    endloop
  endfacet
  facet normal -0.7040625922196376 0.7040625922196372 0.09269159872355776
    outer loop
      vertex 1.3049849947815737 -29.308986210253874 8.118169288813462
      vertex 1.4434289282434596 -29.175259639429992 8.154001215472304
      vertex 1.4434289282434596 -29.15498499478157 8
    endloop
  endfacet
  facet normal -0.8641551942546329 0.4989202340245284 -0.06568409490620704
    outer loop
      vertex 1.2070903506165351 -29.46298742572618 8
      vertex 1.3049849947815737 -29.293428928243458 8
      vertex 1.3049849947815737 -29.308986210253874 7.881830711186538
    endloop
  endfacet
  facet normal -0.704062592219638 0.7040625922196369 -0.092691598723557
    outer loop
      vertex 1.3049849947815737 -29.293428928243458 8
      vertex 1.4434289282434596 -29.15498499478157 8
      vertex 1.3049849947815737 -29.308986210253874 7.881830711186538
    endloop
  endfacet
  facet normal -0.7040625922196376 0.7040625922196372 -0.09269159872355776
    outer loop
      vertex 1.3049849947815737 -29.308986210253874 7.881830711186538
      vertex 1.4434289282434596 -29.15498499478157 8
      vertex 1.4434289282434596 -29.175259639429992 7.845998784527696
    endloop
  endfacet
  facet normal -0.9653655703464425 -0.034054410021223704 -0.2586689249751389
    outer loop
      vertex 1.1564163539696424 -29.749999999999996 7.902105355834962
      vertex 1.2070903506165351 -29.764256781667978 7.714864366640331
      vertex 1.1564163539696424 -29.75486272272863 7.902745545427262
    endloop
  endfacet
  facet normal -0.9653655703464423 0.03405441002121482 -0.2586689249751414
    outer loop
      vertex 1.1564163539696424 -29.72466300167655 7.905441034945611
      vertex 1.2070903506165351 -29.67571567959403 7.72276714203921
      vertex 1.1564163539696424 -29.749999999999996 7.902105355834962
    endloop
  endfacet
  facet normal -0.9653655703464425 0.15882644667683976 -0.20698665518747028
    outer loop
      vertex 1.1564163539696424 -29.701052677917477 7.915220751258639
      vertex 1.2070903506165351 -29.54705146244517 7.797051462445177
      vertex 1.2070903506165351 -29.606493712863088 7.7514398194733065
    endloop
  endfacet
  facet normal -0.9653655703464425 -0.03405441002121879 -0.25866892497513927
    outer loop
      vertex 1.1564163539696424 -29.749999999999996 7.902105355834962
      vertex 1.2070903506165351 -29.749999999999996 7.712987425726183
      vertex 1.2070903506165351 -29.764256781667978 7.714864366640331
    endloop
  endfacet
  facet normal -0.9653655703464425 0.034054410021220186 -0.2586689249751392
    outer loop
      vertex 1.1564163539696424 -29.749999999999996 7.902105355834962
      vertex 1.2070903506165351 -29.67571567959403 7.72276714203921
      vertex 1.2070903506165351 -29.749999999999996 7.712987425726183
    endloop
  endfacet
  facet normal -0.9653655703464424 0.09984247829830108 -0.2410410652086928
    outer loop
      vertex 1.1564163539696424 -29.72466300167655 7.905441034945611
      vertex 1.2070903506165351 -29.606493712863088 7.7514398194733065
      vertex 1.2070903506165351 -29.67571567959403 7.72276714203921
    endloop
  endfacet
  facet normal -0.8641551942546336 0.06568409490621 -0.49892023402452657
    outer loop
      vertex 1.2070903506165351 -29.67571567959403 7.72276714203921
      vertex 1.3049849947815737 -29.631830711186534 7.558986210253877
      vertex 1.2070903506165351 -29.749999999999996 7.712987425726183
    endloop
  endfacet
  facet normal -0.8641551942546353 0.1925760221988947 -0.4649196445804202
    outer loop
      vertex 1.2070903506165351 -29.606493712863088 7.7514398194733065
      vertex 1.3049849947815737 -29.521714464121725 7.604597853225748
      vertex 1.2070903506165351 -29.67571567959403 7.72276714203921
    endloop
  endfacet
  facet normal -0.8641551942546354 -0.06568409490620719 -0.4989202340245237
    outer loop
      vertex 1.2070903506165351 -29.749999999999996 7.712987425726183
      vertex 1.3049849947815737 -29.772679264497096 7.546414710057947
      vertex 1.2070903506165351 -29.764256781667978 7.714864366640331
    endloop
  endfacet
  facet normal -0.864155194254634 0.19257602219889075 -0.4649196445804242
    outer loop
      vertex 1.2070903506165351 -29.67571567959403 7.72276714203921
      vertex 1.3049849947815737 -29.521714464121725 7.604597853225748
      vertex 1.3049849947815737 -29.631830711186534 7.558986210253877
    endloop
  endfacet
  facet normal -0.8641551942546355 -0.06568409490620077 -0.4989202340245246
    outer loop
      vertex 1.2070903506165351 -29.749999999999996 7.712987425726183
      vertex 1.3049849947815737 -29.749999999999996 7.5434289282434595
      vertex 1.3049849947815737 -29.772679264497096 7.546414710057947
    endloop
  endfacet
  facet normal -0.8641551942546347 0.06568409490621398 -0.4989202340245242
    outer loop
      vertex 1.2070903506165351 -29.749999999999996 7.712987425726183
      vertex 1.3049849947815737 -29.631830711186534 7.558986210253877
      vertex 1.3049849947815737 -29.749999999999996 7.5434289282434595
    endloop
  endfacet
  facet normal -0.704062592219637 0.2717580168978121 -0.6560818900783146
    outer loop
      vertex 1.3049849947815737 -29.521714464121725 7.604597853225748
      vertex 1.4434289282434596 -29.452492497390782 7.484701889847912
      vertex 1.3049849947815737 -29.631830711186534 7.558986210253877
    endloop
  endfacet
  facet normal -0.8641551942546317 0.39923554967420744 -0.3063442118256406
    outer loop
      vertex 1.2070903506165351 -29.5014398194733 7.856493712863092
      vertex 1.3049849947815737 -29.354597853225744 7.771714464121731
      vertex 1.2070903506165351 -29.54705146244517 7.797051462445177
    endloop
  endfacet
  facet normal -0.8641551942546338 0.3063442118256327 -0.3992355496742091
    outer loop
      vertex 1.2070903506165351 -29.54705146244517 7.797051462445177
      vertex 1.3049849947815737 -29.427155499067336 7.677155499067341
      vertex 1.2070903506165351 -29.606493712863088 7.7514398194733065
    endloop
  endfacet
  facet normal -0.8641551942546323 0.46491964458042606 -0.1925760221988946
    outer loop
      vertex 1.2070903506165351 -29.5014398194733 7.856493712863092
      vertex 1.3049849947815737 -29.308986210253874 7.881830711186538
      vertex 1.3049849947815737 -29.354597853225744 7.771714464121731
    endloop
  endfacet
  facet normal -0.704062592219638 0.656081890078312 -0.27175801689781537
    outer loop
      vertex 1.3049849947815737 -29.308986210253874 7.881830711186538
      vertex 1.4434289282434596 -29.175259639429992 7.845998784527696
      vertex 1.3049849947815737 -29.354597853225744 7.771714464121731
    endloop
  endfacet
  facet normal -0.8641551942546338 0.3992355496742097 -0.30634421182563215
    outer loop
      vertex 1.2070903506165351 -29.54705146244517 7.797051462445177
      vertex 1.3049849947815737 -29.354597853225744 7.771714464121731
      vertex 1.3049849947815737 -29.427155499067336 7.677155499067341
    endloop
  endfacet
  facet normal -0.7040625922196372 0.5633902913547456 -0.43230457532182054
    outer loop
      vertex 1.3049849947815737 -29.354597853225744 7.771714464121731
      vertex 1.4434289282434596 -29.23470188984791 7.702492497390788
      vertex 1.3049849947815737 -29.427155499067336 7.677155499067341
    endloop
  endfacet
  facet normal -0.7040625922196373 0.6560818900783121 -0.271758016897817
    outer loop
      vertex 1.4434289282434596 -29.175259639429992 7.845998784527696
      vertex 1.4434289282434596 -29.23470188984791 7.702492497390788
      vertex 1.3049849947815737 -29.354597853225744 7.771714464121731
    endloop
  endfacet
  facet normal -0.864155194254635 0.3063442118256354 -0.3992355496742042
    outer loop
      vertex 1.2070903506165351 -29.606493712863088 7.7514398194733065
      vertex 1.3049849947815737 -29.427155499067336 7.677155499067341
      vertex 1.3049849947815737 -29.521714464121725 7.604597853225748
    endloop
  endfacet
  facet normal -0.7040625922196376 0.43230457532182703 -0.5633902913547402
    outer loop
      vertex 1.3049849947815737 -29.427155499067336 7.677155499067341
      vertex 1.4434289282434596 -29.329260854902298 7.5792608549023015
      vertex 1.3049849947815737 -29.521714464121725 7.604597853225748
    endloop
  endfacet
  facet normal -0.7040625922196363 0.5633902913547452 -0.4323045753218226
    outer loop
      vertex 1.3049849947815737 -29.427155499067336 7.677155499067341
      vertex 1.4434289282434596 -29.23470188984791 7.702492497390788
      vertex 1.4434289282434596 -29.329260854902298 7.5792608549023015
    endloop
  endfacet
  facet normal -0.7040625922196369 0.43230457532182626 -0.5633902913547418
    outer loop
      vertex 1.3049849947815737 -29.521714464121725 7.604597853225748
      vertex 1.4434289282434596 -29.329260854902298 7.5792608549023015
      vertex 1.4434289282434596 -29.452492497390782 7.484701889847912
    endloop
  endfacet
  facet normal -0.49678152337643655 0.8604508387494534 0.1132805019725334
    outer loop
      vertex 1.4434289282434596 -29.175259639429992 8.154001215472304
      vertex 1.6129874257261827 -29.080700674375603 8.17933821379575
      vertex 1.6129874257261827 -29.05709035061653 8
    endloop
  endfacet
  facet normal -0.49678152337644776 0.8604508387494489 0.11328050197251784
    outer loop
      vertex 1.4434289282434596 -29.175259639429992 8.154001215472304
      vertex 1.6129874257261827 -29.05709035061653 8
      vertex 1.4434289282434596 -29.15498499478157 8
    endloop
  endfacet
  facet normal -0.25675136523052833 0.9582091399530059 0.1261506264858819
    outer loop
      vertex 1.6129874257261827 -29.080700674375603 8.17933821379575
      vertex 1.8021053558349616 -29.006416353969637 8
      vertex 1.6129874257261827 -29.05709035061653 8
    endloop
  endfacet
  facet normal -0.49678152337644776 0.860450838749449 -0.11328050197251785
    outer loop
      vertex 1.4434289282434596 -29.15498499478157 8
      vertex 1.6129874257261827 -29.05709035061653 8
      vertex 1.4434289282434596 -29.175259639429992 7.845998784527696
    endloop
  endfacet
  facet normal -0.49678152337643655 0.8604508387494534 -0.1132805019725334
    outer loop
      vertex 1.4434289282434596 -29.175259639429992 7.845998784527696
      vertex 1.6129874257261827 -29.05709035061653 8
      vertex 1.6129874257261827 -29.080700674375603 7.82066178620425
    endloop
  endfacet
  facet normal -0.25675136523052833 0.9582091399530059 -0.1261506264858819
    outer loop
      vertex 1.6129874257261827 -29.05709035061653 8
      vertex 1.8021053558349616 -29.006416353969637 8
      vertex 1.6129874257261827 -29.080700674375603 7.82066178620425
    endloop
  endfacet
  facet normal -0.2567513652305262 0.9582091399530063 0.12615062648588432
    outer loop
      vertex 1.8021053558349616 -29.031753352293084 8.192453609219427
      vertex 1.8021053558349616 -29.006416353969637 8
      vertex 1.6129874257261827 -29.080700674375603 8.17933821379575
    endloop
  endfacet
  facet normal 0 0.9914448613738104 0.1305261922200521
    outer loop
      vertex 1.8021053558349616 -29.031753352293084 8.192453609219427
      vertex 1.9978946441650387 -29.031753352293084 8.192453609219427
      vertex 1.8021053558349616 -29.006416353969637 8
    endloop
  endfacet
  facet normal -0.2567513652305262 0.9582091399530063 -0.12615062648588432
    outer loop
      vertex 1.6129874257261827 -29.080700674375603 7.82066178620425
      vertex 1.8021053558349616 -29.006416353969637 8
      vertex 1.8021053558349616 -29.031753352293084 7.807546390780573
    endloop
  endfacet
  facet normal 0 0.9914448613738104 -0.1305261922200521
    outer loop
      vertex 1.8021053558349616 -29.006416353969637 8
      vertex 1.9978946441650387 -29.006416353969637 8
      vertex 1.8021053558349616 -29.031753352293084 7.807546390780573
    endloop
  endfacet
  facet normal -0.49678152337643633 0.8018125360509193 -0.3321216269130643
    outer loop
      vertex 1.4434289282434596 -29.175259639429992 7.845998784527696
      vertex 1.6129874257261827 -29.080700674375603 7.82066178620425
      vertex 1.4434289282434596 -29.23470188984791 7.702492497390788
    endloop
  endfacet
  facet normal -0.4967815233764425 0.801812536050919 -0.33212162691305525
    outer loop
      vertex 1.4434289282434596 -29.23470188984791 7.702492497390788
      vertex 1.6129874257261827 -29.080700674375603 7.82066178620425
      vertex 1.6129874257261827 -29.149922641106546 7.653545175308267
    endloop
  endfacet
  facet normal -0.25675136523052616 0.8929087705806845 -0.3698549227364042
    outer loop
      vertex 1.6129874257261827 -29.080700674375603 7.82066178620425
      vertex 1.8021053558349616 -29.031753352293084 7.807546390780573
      vertex 1.6129874257261827 -29.149922641106546 7.653545175308267
    endloop
  endfacet
  facet normal -0.49678152337644327 0.6885320340783853 -0.5283292118363906
    outer loop
      vertex 1.4434289282434596 -29.23470188984791 7.702492497390788
      vertex 1.6129874257261827 -29.149922641106546 7.653545175308267
      vertex 1.4434289282434596 -29.329260854902298 7.5792608549023015
    endloop
  endfacet
  facet normal -0.49678152337643705 0.6885320340783829 -0.5283292118363992
    outer loop
      vertex 1.6129874257261827 -29.149922641106546 7.653545175308267
      vertex 1.6129874257261827 -29.260038888171355 7.5100388881713585
      vertex 1.4434289282434596 -29.329260854902298 7.5792608549023015
    endloop
  endfacet
  facet normal -0.25675136523051495 0.7667581440947988 -0.5883542172166073
    outer loop
      vertex 1.6129874257261827 -29.149922641106546 7.653545175308267
      vertex 1.8021053558349616 -29.106037672699053 7.6282081769848205
      vertex 1.6129874257261827 -29.260038888171355 7.5100388881713585
    endloop
  endfacet
  facet normal 0 0.923879532511282 -0.3826834323651013
    outer loop
      vertex 1.8021053558349616 -29.031753352293084 7.807546390780573
      vertex 1.9978946441650387 -29.031753352293084 7.807546390780573
      vertex 1.8021053558349616 -29.106037672699053 7.6282081769848205
    endloop
  endfacet
  facet normal -0.2567513652305134 0.8929087705806824 -0.3698549227364181
    outer loop
      vertex 1.6129874257261827 -29.149922641106546 7.653545175308267
      vertex 1.8021053558349616 -29.031753352293084 7.807546390780573
      vertex 1.8021053558349616 -29.106037672699053 7.6282081769848205
    endloop
  endfacet
  facet normal 0 0.7933533402912349 -0.6087614290087208
    outer loop
      vertex 1.8021053558349616 -29.106037672699053 7.6282081769848205
      vertex 1.9978946441650387 -29.106037672699053 7.6282081769848205
      vertex 1.8021053558349616 -29.224206961512515 7.474206961512516
    endloop
  endfacet
  facet normal 0 0.1305261922200533 0.9914448613738102
    outer loop
      vertex 1.9978946441650387 -29.55754639078057 8.718246647706911
      vertex 1.8021053558349616 -29.713063953834908 8.73872092330172
      vertex 1.9978946441650387 -29.713063953834908 8.73872092330172
    endloop
  endfacet
  facet normal 0.2567513652305251 0.1261506264858855 0.9582091399530063
    outer loop
      vertex 1.9978946441650387 -29.55754639078057 8.718246647706911
      vertex 1.9978946441650387 -29.713063953834908 8.73872092330172
      vertex 2.1870125742738176 -29.570661786204244 8.669299325624392
    endloop
  endfacet
  facet normal 0.25675136523052483 0.12615062648588596 0.9582091399530064
    outer loop
      vertex 2.1870125742738176 -29.570661786204244 8.669299325624392
      vertex 1.9978946441650387 -29.713063953834908 8.73872092330172
      vertex 2.1870125742738176 -29.715581084341355 8.688378313172755
    endloop
  endfacet
  facet normal 0.4967815233764373 0.11328050197253695 0.8604508387494525
    outer loop
      vertex 2.1870125742738176 -29.570661786204244 8.669299325624392
      vertex 2.1870125742738176 -29.715581084341355 8.688378313172755
      vertex 2.3565710717565405 -29.59599878452769 8.574740360570003
    endloop
  endfacet
  facet normal 0.49678152337643533 0.11328050197254036 0.8604508387494532
    outer loop
      vertex 2.3565710717565405 -29.59599878452769 8.574740360570003
      vertex 2.1870125742738176 -29.715581084341355 8.688378313172755
      vertex 2.3565710717565405 -29.720443807069994 8.591123858600017
    endloop
  endfacet
  facet normal 0.4967815233764373 0.33212162691305563 0.8018125360509222
    outer loop
      vertex 2.1870125742738176 -29.570661786204244 8.669299325624392
      vertex 2.3565710717565405 -29.59599878452769 8.574740360570003
      vertex 2.3565710717565405 -29.452492497390782 8.515298110152088
    endloop
  endfacet
  facet normal 0 0.3826834323650857 0.9238795325112885
    outer loop
      vertex 1.8021053558349616 -29.55754639078057 8.718246647706911
      vertex 1.9978946441650387 -29.55754639078057 8.718246647706911
      vertex 1.9978946441650387 -29.378208176984817 8.643962327300946
    endloop
  endfacet
  facet normal 0.25675136523052855 0.3698549227364016 0.892908770580685
    outer loop
      vertex 1.9978946441650387 -29.55754639078057 8.718246647706911
      vertex 2.1870125742738176 -29.403545175308263 8.600077358893449
      vertex 1.9978946441650387 -29.378208176984817 8.643962327300946
    endloop
  endfacet
  facet normal 0 0.6087614290087253 0.7933533402912316
    outer loop
      vertex 1.8021053558349616 -29.378208176984817 8.643962327300946
      vertex 1.9978946441650387 -29.378208176984817 8.643962327300946
      vertex 1.9978946441650387 -29.224206961512515 8.525793038487484
    endloop
  endfacet
  facet normal 0.25675136523052206 0.5883542172166056 0.7667581440947974
    outer loop
      vertex 1.9978946441650387 -29.378208176984817 8.643962327300946
      vertex 2.1870125742738176 -29.260038888171355 8.489961111828642
      vertex 1.9978946441650387 -29.224206961512515 8.525793038487484
    endloop
  endfacet
  facet normal 0.2567513652305227 0.36985492273640774 0.8929087705806839
    outer loop
      vertex 1.9978946441650387 -29.55754639078057 8.718246647706911
      vertex 2.1870125742738176 -29.570661786204244 8.669299325624392
      vertex 2.1870125742738176 -29.403545175308263 8.600077358893449
    endloop
  endfacet
  facet normal 0.2567513652305287 0.5883542172165991 0.7667581440948005
    outer loop
      vertex 1.9978946441650387 -29.378208176984817 8.643962327300946
      vertex 2.1870125742738176 -29.403545175308263 8.600077358893449
      vertex 2.1870125742738176 -29.260038888171355 8.489961111828642
    endloop
  endfacet
  facet normal 0.4967815233764343 0.33212162691306 0.8018125360509222
    outer loop
      vertex 2.1870125742738176 -29.570661786204244 8.669299325624392
      vertex 2.3565710717565405 -29.452492497390782 8.515298110152088
      vertex 2.1870125742738176 -29.403545175308263 8.600077358893449
    endloop
  endfacet
  facet normal 0.4967815233764373 0.5283292118363939 0.688532034078387
    outer loop
      vertex 2.1870125742738176 -29.403545175308263 8.600077358893449
      vertex 2.3565710717565405 -29.329260854902298 8.420739145097698
      vertex 2.1870125742738176 -29.260038888171355 8.489961111828642
    endloop
  endfacet
  facet normal 0.49678152337643383 0.5283292118363987 0.6885320340783858
    outer loop
      vertex 2.1870125742738176 -29.403545175308263 8.600077358893449
      vertex 2.3565710717565405 -29.452492497390782 8.515298110152088
      vertex 2.3565710717565405 -29.329260854902298 8.420739145097698
    endloop
  endfacet
  facet normal 0 0.7933533402912349 0.6087614290087208
    outer loop
      vertex 1.8021053558349616 -29.106037672699053 8.37179182301518
      vertex 1.9978946441650387 -29.224206961512515 8.525793038487484
      vertex 1.9978946441650387 -29.106037672699053 8.37179182301518
    endloop
  endfacet
  facet normal 0.2567513652305203 0.7667581440948011 0.5883542172166017
    outer loop
      vertex 1.9978946441650387 -29.224206961512515 8.525793038487484
      vertex 2.1870125742738176 -29.260038888171355 8.489961111828642
      vertex 1.9978946441650387 -29.106037672699053 8.37179182301518
    endloop
  endfacet
  facet normal 0 0.923879532511282 0.3826834323651013
    outer loop
      vertex 1.8021053558349616 -29.031753352293084 8.192453609219427
      vertex 1.9978946441650387 -29.106037672699053 8.37179182301518
      vertex 1.9978946441650387 -29.031753352293084 8.192453609219427
    endloop
  endfacet
  facet normal 0.25675136523051345 0.8929087705806824 0.3698549227364182
    outer loop
      vertex 1.9978946441650387 -29.106037672699053 8.37179182301518
      vertex 2.1870125742738176 -29.149922641106546 8.346454824691733
      vertex 1.9978946441650387 -29.031753352293084 8.192453609219427
    endloop
  endfacet
  facet normal 0.256751365230515 0.7667581440947988 0.5883542172166073
    outer loop
      vertex 1.9978946441650387 -29.106037672699053 8.37179182301518
      vertex 2.1870125742738176 -29.260038888171355 8.489961111828642
      vertex 2.1870125742738176 -29.149922641106546 8.346454824691733
    endloop
  endfacet
  facet normal 0.49678152337643755 0.6885320340783827 0.5283292118363991
    outer loop
      vertex 2.1870125742738176 -29.260038888171355 8.489961111828642
      vertex 2.3565710717565405 -29.329260854902298 8.420739145097698
      vertex 2.1870125742738176 -29.149922641106546 8.346454824691733
    endloop
  endfacet
  facet normal 0.4967815233764439 0.688532034078385 0.5283292118363904
    outer loop
      vertex 2.3565710717565405 -29.329260854902298 8.420739145097698
      vertex 2.3565710717565405 -29.23470188984791 8.297507502609212
      vertex 2.1870125742738176 -29.149922641106546 8.346454824691733
    endloop
  endfacet
  facet normal 0.25675136523052616 0.8929087705806845 0.36985492273640413
    outer loop
      vertex 1.9978946441650387 -29.031753352293084 8.192453609219427
      vertex 2.1870125742738176 -29.149922641106546 8.346454824691733
      vertex 2.1870125742738176 -29.080700674375603 8.17933821379575
    endloop
  endfacet
  facet normal 0.4967815233764431 0.801812536050919 0.33212162691305513
    outer loop
      vertex 2.1870125742738176 -29.149922641106546 8.346454824691733
      vertex 2.3565710717565405 -29.23470188984791 8.297507502609212
      vertex 2.1870125742738176 -29.080700674375603 8.17933821379575
    endloop
  endfacet
  facet normal 0.4967815233764368 0.801812536050919 0.33212162691306424
    outer loop
      vertex 2.1870125742738176 -29.080700674375603 8.17933821379575
      vertex 2.3565710717565405 -29.23470188984791 8.297507502609212
      vertex 2.3565710717565405 -29.175259639429992 8.154001215472304
    endloop
  endfacet
  facet normal 0.7040625922196343 0.09269159872357587 0.704062592219638
    outer loop
      vertex 2.3565710717565405 -29.59599878452769 8.574740360570003
      vertex 2.3565710717565405 -29.720443807069994 8.591123858600017
      vertex 2.4950150052184266 -29.631830711186534 8.441013789746123
    endloop
  endfacet
  facet normal 0.7040625922196354 0.2717580168978109 0.6560818900783169
    outer loop
      vertex 2.3565710717565405 -29.59599878452769 8.574740360570003
      vertex 2.4950150052184266 -29.631830711186534 8.441013789746123
      vertex 2.3565710717565405 -29.452492497390782 8.515298110152088
    endloop
  endfacet
  facet normal 0.7040625922196394 0.09269159872356228 0.7040625922196349
    outer loop
      vertex 2.4950150052184266 -29.631830711186534 8.441013789746123
      vertex 2.3565710717565405 -29.720443807069994 8.591123858600017
      vertex 2.4950150052184266 -29.727320735502893 8.453585289942051
    endloop
  endfacet
  facet normal 0.7040625922196364 0.27175801689781226 0.6560818900783151
    outer loop
      vertex 2.3565710717565405 -29.452492497390782 8.515298110152088
      vertex 2.4950150052184266 -29.631830711186534 8.441013789746123
      vertex 2.4950150052184266 -29.521714464121725 8.395402146774252
    endloop
  endfacet
  facet normal 0.8641551942546342 0.06568409490621055 0.49892023402452557
    outer loop
      vertex 2.4950150052184266 -29.631830711186534 8.441013789746123
      vertex 2.4950150052184266 -29.727320735502893 8.453585289942051
      vertex 2.592909649383465 -29.67571567959403 8.27723285796079
    endloop
  endfacet
  facet normal 0.8641551942546345 0.19257602219889042 0.46491964458042334
    outer loop
      vertex 2.4950150052184266 -29.631830711186534 8.441013789746123
      vertex 2.592909649383465 -29.67571567959403 8.27723285796079
      vertex 2.4950150052184266 -29.521714464121725 8.395402146774252
    endloop
  endfacet
  facet normal 0.8641551942546334 0.06568409490621442 0.49892023402452634
    outer loop
      vertex 2.592909649383465 -29.67571567959403 8.27723285796079
      vertex 2.4950150052184266 -29.727320735502893 8.453585289942051
      vertex 2.592909649383465 -29.73574321833201 8.285135633359669
    endloop
  endfacet
  facet normal 0.8641551942546359 0.1925760221988944 0.4649196445804194
    outer loop
      vertex 2.4950150052184266 -29.521714464121725 8.395402146774252
      vertex 2.592909649383465 -29.67571567959403 8.27723285796079
      vertex 2.592909649383465 -29.606493712863088 8.248560180526693
    endloop
  endfacet
  facet normal 0.9653655703464425 0.034054410021222524 0.2586689249751394
    outer loop
      vertex 2.592909649383465 -29.67571567959403 8.27723285796079
      vertex 2.592909649383465 -29.73574321833201 8.285135633359669
      vertex 2.6435836460303577 -29.72466300167655 8.09455896505439
    endloop
  endfacet
  facet normal 0.9653655703464423 0.09984247829830105 0.2410410652086928
    outer loop
      vertex 2.592909649383465 -29.67571567959403 8.27723285796079
      vertex 2.6435836460303577 -29.72466300167655 8.09455896505439
      vertex 2.592909649383465 -29.606493712863088 8.248560180526693
    endloop
  endfacet
  facet normal 0.9653655703464425 0.1588264466768398 0.20698665518747028
    outer loop
      vertex 2.592909649383465 -29.606493712863088 8.248560180526693
      vertex 2.6435836460303577 -29.701052677917477 8.084779248741361
      vertex 2.592909649383465 -29.54705146244517 8.202948537554823
    endloop
  endfacet
  facet normal 0.7040625922196363 0.43230457532182653 0.5633902913547423
    outer loop
      vertex 2.3565710717565405 -29.452492497390782 8.515298110152088
      vertex 2.4950150052184266 -29.521714464121725 8.395402146774252
      vertex 2.3565710717565405 -29.329260854902298 8.420739145097698
    endloop
  endfacet
  facet normal 0.7040625922196357 0.5633902913547457 0.4323045753218229
    outer loop
      vertex 2.3565710717565405 -29.329260854902298 8.420739145097698
      vertex 2.4950150052184266 -29.427155499067336 8.322844500932659
      vertex 2.3565710717565405 -29.23470188984791 8.297507502609212
    endloop
  endfacet
  facet normal 0.7040625922196371 0.4323045753218273 0.5633902913547405
    outer loop
      vertex 2.3565710717565405 -29.329260854902298 8.420739145097698
      vertex 2.4950150052184266 -29.521714464121725 8.395402146774252
      vertex 2.4950150052184266 -29.427155499067336 8.322844500932659
    endloop
  endfacet
  facet normal 0.7040625922196367 0.6560818900783126 0.27175801689781726
    outer loop
      vertex 2.3565710717565405 -29.23470188984791 8.297507502609212
      vertex 2.4950150052184266 -29.354597853225744 8.22828553587827
      vertex 2.3565710717565405 -29.175259639429992 8.154001215472304
    endloop
  endfacet
  facet normal 0.7040625922196366 0.563390291354746 0.4323045753218209
    outer loop
      vertex 2.3565710717565405 -29.23470188984791 8.297507502609212
      vertex 2.4950150052184266 -29.427155499067336 8.322844500932659
      vertex 2.4950150052184266 -29.354597853225744 8.22828553587827
    endloop
  endfacet
  facet normal 0.8641551942546356 0.3063442118256349 0.3992355496742035
    outer loop
      vertex 2.4950150052184266 -29.521714464121725 8.395402146774252
      vertex 2.592909649383465 -29.606493712863088 8.248560180526693
      vertex 2.4950150052184266 -29.427155499067336 8.322844500932659
    endloop
  endfacet
  facet normal 0.8641551942546343 0.399235549674209 0.30634421182563165
    outer loop
      vertex 2.4950150052184266 -29.427155499067336 8.322844500932659
      vertex 2.592909649383465 -29.54705146244517 8.202948537554823
      vertex 2.4950150052184266 -29.354597853225744 8.22828553587827
    endloop
  endfacet
  facet normal 0.8641551942546345 0.3063442118256323 0.3992355496742084
    outer loop
      vertex 2.4950150052184266 -29.427155499067336 8.322844500932659
      vertex 2.592909649383465 -29.606493712863088 8.248560180526693
      vertex 2.592909649383465 -29.54705146244517 8.202948537554823
    endloop
  endfacet
  facet normal 0.8641551942546323 0.3992355496742068 0.3063442118256402
    outer loop
      vertex 2.4950150052184266 -29.354597853225744 8.22828553587827
      vertex 2.592909649383465 -29.54705146244517 8.202948537554823
      vertex 2.592909649383465 -29.5014398194733 8.143506287136908
    endloop
  endfacet
  facet normal 0.2567513652305262 0.9582091399530063 0.12615062648588432
    outer loop
      vertex 1.9978946441650387 -29.031753352293084 8.192453609219427
      vertex 2.1870125742738176 -29.080700674375603 8.17933821379575
      vertex 1.9978946441650387 -29.006416353969637 8
    endloop
  endfacet
  facet normal 0 0.9914448613738104 0.1305261922200521
    outer loop
      vertex 1.9978946441650387 -29.031753352293084 8.192453609219427
      vertex 1.9978946441650387 -29.006416353969637 8
      vertex 1.8021053558349616 -29.006416353969637 8
    endloop
  endfacet
  facet normal 0 0.9914448613738104 -0.1305261922200521
    outer loop
      vertex 1.8021053558349616 -29.031753352293084 7.807546390780573
      vertex 1.9978946441650387 -29.006416353969637 8
      vertex 1.9978946441650387 -29.031753352293084 7.807546390780573
    endloop
  endfacet
  facet normal 0.2567513652305262 0.9582091399530063 -0.12615062648588432
    outer loop
      vertex 1.9978946441650387 -29.006416353969637 8
      vertex 2.1870125742738176 -29.080700674375603 7.82066178620425
      vertex 1.9978946441650387 -29.031753352293084 7.807546390780573
    endloop
  endfacet
  facet normal 0.25675136523052833 0.9582091399530059 0.1261506264858819
    outer loop
      vertex 2.1870125742738176 -29.080700674375603 8.17933821379575
      vertex 2.1870125742738176 -29.05709035061653 8
      vertex 1.9978946441650387 -29.006416353969637 8
    endloop
  endfacet
  facet normal 0.49678152337643716 0.860450838749453 0.11328050197253345
    outer loop
      vertex 2.1870125742738176 -29.080700674375603 8.17933821379575
      vertex 2.3565710717565405 -29.175259639429992 8.154001215472304
      vertex 2.1870125742738176 -29.05709035061653 8
    endloop
  endfacet
  facet normal 0.4967815233764483 0.8604508387494487 0.11328050197251782
    outer loop
      vertex 2.3565710717565405 -29.175259639429992 8.154001215472304
      vertex 2.3565710717565405 -29.15498499478157 8
      vertex 2.1870125742738176 -29.05709035061653 8
    endloop
  endfacet
  facet normal 0.25675136523052833 0.9582091399530059 -0.12615062648588193
    outer loop
      vertex 1.9978946441650387 -29.006416353969637 8
      vertex 2.1870125742738176 -29.05709035061653 8
      vertex 2.1870125742738176 -29.080700674375603 7.82066178620425
    endloop
  endfacet
  facet normal 0.49678152337644826 0.8604508387494487 -0.11328050197251782
    outer loop
      vertex 2.1870125742738176 -29.05709035061653 8
      vertex 2.3565710717565405 -29.15498499478157 8
      vertex 2.3565710717565405 -29.175259639429992 7.845998784527696
    endloop
  endfacet
  facet normal 0.49678152337643716 0.860450838749453 -0.11328050197253345
    outer loop
      vertex 2.1870125742738176 -29.05709035061653 8
      vertex 2.3565710717565405 -29.175259639429992 7.845998784527696
      vertex 2.1870125742738176 -29.080700674375603 7.82066178620425
    endloop
  endfacet
  facet normal 0 0.923879532511282 -0.3826834323651013
    outer loop
      vertex 1.8021053558349616 -29.106037672699053 7.6282081769848205
      vertex 1.9978946441650387 -29.031753352293084 7.807546390780573
      vertex 1.9978946441650387 -29.106037672699053 7.6282081769848205
    endloop
  endfacet
  facet normal 0.2567513652305134 0.8929087705806824 -0.3698549227364182
    outer loop
      vertex 1.9978946441650387 -29.031753352293084 7.807546390780573
      vertex 2.1870125742738176 -29.149922641106546 7.653545175308267
      vertex 1.9978946441650387 -29.106037672699053 7.6282081769848205
    endloop
  endfacet
  facet normal 0.25675136523052616 0.8929087705806845 -0.3698549227364042
    outer loop
      vertex 2.1870125742738176 -29.080700674375603 7.82066178620425
      vertex 2.1870125742738176 -29.149922641106546 7.653545175308267
      vertex 1.9978946441650387 -29.031753352293084 7.807546390780573
    endloop
  endfacet
  facet normal 0.4967815233764368 0.801812536050919 -0.33212162691306424
    outer loop
      vertex 2.1870125742738176 -29.080700674375603 7.82066178620425
      vertex 2.3565710717565405 -29.175259639429992 7.845998784527696
      vertex 2.3565710717565405 -29.23470188984791 7.702492497390788
    endloop
  endfacet
  facet normal 0.4967815233764431 0.801812536050919 -0.33212162691305513
    outer loop
      vertex 2.1870125742738176 -29.080700674375603 7.82066178620425
      vertex 2.3565710717565405 -29.23470188984791 7.702492497390788
      vertex 2.1870125742738176 -29.149922641106546 7.653545175308267
    endloop
  endfacet
  facet normal 0.25675136523051495 0.7667581440947988 -0.5883542172166073
    outer loop
      vertex 2.1870125742738176 -29.149922641106546 7.653545175308267
      vertex 2.1870125742738176 -29.260038888171355 7.5100388881713585
      vertex 1.9978946441650387 -29.106037672699053 7.6282081769848205
    endloop
  endfacet
  facet normal 0.4967815233764438 0.688532034078385 -0.5283292118363905
    outer loop
      vertex 2.1870125742738176 -29.149922641106546 7.653545175308267
      vertex 2.3565710717565405 -29.23470188984791 7.702492497390788
      vertex 2.3565710717565405 -29.329260854902298 7.5792608549023015
    endloop
  endfacet
  facet normal 0.49678152337643755 0.6885320340783827 -0.5283292118363991
    outer loop
      vertex 2.1870125742738176 -29.149922641106546 7.653545175308267
      vertex 2.3565710717565405 -29.329260854902298 7.5792608549023015
      vertex 2.1870125742738176 -29.260038888171355 7.5100388881713585
    endloop
  endfacet
  facet normal 0.9653655703464427 0.03405441002121826 0.2586689249751392
    outer loop
      vertex 2.6435836460303577 -29.72466300167655 8.09455896505439
      vertex 2.592909649383465 -29.73574321833201 8.285135633359669
      vertex 2.6435836460303577 -29.745137277271358 8.097254454572738
    endloop
  endfacet
  facet normal 0.9653655703464428 0.09984247829830534 0.24104106520868934
    outer loop
      vertex 2.592909649383465 -29.606493712863088 8.248560180526693
      vertex 2.6435836460303577 -29.72466300167655 8.09455896505439
      vertex 2.6435836460303577 -29.701052677917477 8.084779248741361
    endloop
  endfacet
  facet normal 0.9653655703464424 0.20698665518746803 0.15882644667684281
    outer loop
      vertex 2.592909649383465 -29.54705146244517 8.202948537554823
      vertex 2.6435836460303577 -29.680778033269053 8.069221966730943
      vertex 2.592909649383465 -29.5014398194733 8.143506287136908
    endloop
  endfacet
  facet normal 1 0 0
    outer loop
      vertex 2.6435836460303577 -29.72466300167655 8.09455896505439
      vertex 2.6435836460303577 -29.745137277271358 8.097254454572738
      vertex 2.6435836460303577 -29.701052677917477 8.084779248741361
    endloop
  endfacet
  facet normal 0.965365570346442 0.15882644667683515 0.2069866551874765
    outer loop
      vertex 2.592909649383465 -29.54705146244517 8.202948537554823
      vertex 2.6435836460303577 -29.701052677917477 8.084779248741361
      vertex 2.6435836460303577 -29.680778033269053 8.069221966730943
    endloop
  endfacet
  facet normal 1 0 0
    outer loop
      vertex 2.6435836460303577 -29.701052677917477 8.084779248741361
      vertex 2.6435836460303577 -29.745137277271358 8.097254454572738
      vertex 2.6435836460303577 -29.680778033269053 8.069221966730943
    endloop
  endfacet
  facet normal 1 0 0
    outer loop
      vertex 2.6435836460303577 -29.680778033269053 8.069221966730943
      vertex 2.6435836460303577 -29.745137277271358 8.097254454572738
      vertex 2.6435836460303577 -29.665220751258634 8.048947322082519
    endloop
  endfacet
  facet normal 1 0 0
    outer loop
      vertex 2.6435836460303577 -29.665220751258634 8.048947322082519
      vertex 2.6435836460303577 -29.745137277271358 8.097254454572738
      vertex 2.6435836460303577 -29.655441034945607 8.025336998323446
    endloop
  endfacet
  facet normal 0.9653655703464423 0.241041065208695 0.09984247829829579
    outer loop
      vertex 2.592909649383465 -29.5014398194733 8.143506287136908
      vertex 2.6435836460303577 -29.665220751258634 8.048947322082519
      vertex 2.592909649383465 -29.472767142039206 8.074284320405965
    endloop
  endfacet
  facet normal 0.9653655703464421 0.20698665518746678 0.15882644667684595
    outer loop
      vertex 2.592909649383465 -29.5014398194733 8.143506287136908
      vertex 2.6435836460303577 -29.680778033269053 8.069221966730943
      vertex 2.6435836460303577 -29.665220751258634 8.048947322082519
    endloop
  endfacet
  facet normal 1 0 0
    outer loop
      vertex 2.6435836460303577 -29.655441034945607 8.025336998323446
      vertex 2.6435836460303577 -29.745137277271358 8.097254454572738
      vertex 2.6435836460303577 -29.65210535583496 8
    endloop
  endfacet
  facet normal 1 0 0
    outer loop
      vertex 2.6435836460303577 -29.65210535583496 8
      vertex 2.6435836460303577 -29.745137277271358 8.097254454572738
      vertex 2.6435836460303577 -29.655441034945607 7.974663001676554
    endloop
  endfacet
  facet normal 0.9653655703464429 0.24104106520869586 0.09984247829829003
    outer loop
      vertex 2.592909649383465 -29.472767142039206 8.074284320405965
      vertex 2.6435836460303577 -29.665220751258634 8.048947322082519
      vertex 2.6435836460303577 -29.655441034945607 8.025336998323446
    endloop
  endfacet
  facet normal 1 0 0
    outer loop
      vertex 2.6435836460303577 -29.655441034945607 7.974663001676554
      vertex 2.6435836460303577 -29.745137277271358 8.097254454572738
      vertex 2.6435836460303577 -29.665220751258634 7.951052677917481
    endloop
  endfacet
  facet normal 1 0 0
    outer loop
      vertex 2.6435836460303577 -29.665220751258634 7.951052677917481
      vertex 2.6435836460303577 -29.745137277271358 8.097254454572738
      vertex 2.6435836460303577 -29.680778033269053 7.930778033269057
    endloop
  endfacet
  facet normal 1 0 0
    outer loop
      vertex 2.6435836460303577 -29.701052677917477 7.915220751258639
      vertex 2.6435836460303577 -29.745137277271358 8.097254454572738
      vertex 2.6435836460303577 -29.72466300167655 7.905441034945611
    endloop
  endfacet
  facet normal 1 0 0
    outer loop
      vertex 2.6435836460303577 -29.680778033269053 7.930778033269057
      vertex 2.6435836460303577 -29.745137277271358 8.097254454572738
      vertex 2.6435836460303577 -29.701052677917477 7.915220751258639
    endloop
  endfacet
  facet normal 0.9653655703464428 0.2586689249751393 0.034054410021214544
    outer loop
      vertex 2.6435836460303577 -29.655441034945607 8.025336998323446
      vertex 2.6435836460303577 -29.65210535583496 8
      vertex 2.592909649383465 -29.46298742572618 8
    endloop
  endfacet
  facet normal 0.9653655703464428 0.2586689249751393 -0.03405441002121457
    outer loop
      vertex 2.592909649383465 -29.46298742572618 8
      vertex 2.6435836460303577 -29.65210535583496 8
      vertex 2.6435836460303577 -29.655441034945607 7.974663001676554
    endloop
  endfacet
  facet normal 1 0 0
    outer loop
      vertex 2.6435836460303577 -29.749999999999996 7.902105355834962
      vertex 2.6435836460303577 -29.745137277271358 8.097254454572738
      vertex 2.6435836460303577 -29.75486272272863 7.902745545427262
    endloop
  endfacet
  facet normal 1 0 0
    outer loop
      vertex 2.6435836460303577 -29.72466300167655 7.905441034945611
      vertex 2.6435836460303577 -29.745137277271358 8.097254454572738
      vertex 2.6435836460303577 -29.749999999999996 7.902105355834962
    endloop
  endfacet
  facet normal 0.9653655703464429 0.24104106520869586 -0.09984247829829003
    outer loop
      vertex 2.6435836460303577 -29.655441034945607 7.974663001676554
      vertex 2.6435836460303577 -29.665220751258634 7.951052677917481
      vertex 2.592909649383465 -29.472767142039206 7.925715679594035
    endloop
  endfacet
  facet normal 0.9653655703464423 0.241041065208695 -0.09984247829829579
    outer loop
      vertex 2.592909649383465 -29.472767142039206 7.925715679594035
      vertex 2.6435836460303577 -29.665220751258634 7.951052677917481
      vertex 2.592909649383465 -29.5014398194733 7.856493712863092
    endloop
  endfacet
  facet normal 0.9653655703464422 0.20698665518746673 -0.15882644667684576
    outer loop
      vertex 2.6435836460303577 -29.665220751258634 7.951052677917481
      vertex 2.6435836460303577 -29.680778033269053 7.930778033269057
      vertex 2.592909649383465 -29.5014398194733 7.856493712863092
    endloop
  endfacet
  facet normal 0.9653655703464428 0.0998424782983055 -0.24104106520868948
    outer loop
      vertex 2.6435836460303577 -29.701052677917477 7.915220751258639
      vertex 2.6435836460303577 -29.72466300167655 7.905441034945611
      vertex 2.592909649383465 -29.606493712863088 7.7514398194733065
    endloop
  endfacet
  facet normal 0.9653655703464424 0.20698665518746806 -0.15882644667684284
    outer loop
      vertex 2.6435836460303577 -29.680778033269053 7.930778033269057
      vertex 2.592909649383465 -29.54705146244517 7.797051462445177
      vertex 2.592909649383465 -29.5014398194733 7.856493712863092
    endloop
  endfacet
  facet normal 0.965365570346442 0.15882644667683501 -0.20698665518747633
    outer loop
      vertex 2.6435836460303577 -29.680778033269053 7.930778033269057
      vertex 2.6435836460303577 -29.701052677917477 7.915220751258639
      vertex 2.592909649383465 -29.54705146244517 7.797051462445177
    endloop
  endfacet
  facet normal 0.7040625922196372 0.7040625922196376 0.09269159872355785
    outer loop
      vertex 2.3565710717565405 -29.175259639429992 8.154001215472304
      vertex 2.4950150052184266 -29.308986210253874 8.118169288813462
      vertex 2.3565710717565405 -29.15498499478157 8
    endloop
  endfacet
  facet normal 0.7040625922196375 0.6560818900783126 0.27175801689781565
    outer loop
      vertex 2.4950150052184266 -29.354597853225744 8.22828553587827
      vertex 2.4950150052184266 -29.308986210253874 8.118169288813462
      vertex 2.3565710717565405 -29.175259639429992 8.154001215472304
    endloop
  endfacet
  facet normal 0.8641551942546327 0.46491964458042534 0.19257602219889433
    outer loop
      vertex 2.4950150052184266 -29.354597853225744 8.22828553587827
      vertex 2.592909649383465 -29.5014398194733 8.143506287136908
      vertex 2.4950150052184266 -29.308986210253874 8.118169288813462
    endloop
  endfacet
  facet normal 0.8641551942546339 0.4989202340245264 0.06568409490620673
    outer loop
      vertex 2.4950150052184266 -29.308986210253874 8.118169288813462
      vertex 2.592909649383465 -29.472767142039206 8.074284320405965
      vertex 2.4950150052184266 -29.293428928243458 8
    endloop
  endfacet
  facet normal 0.7040625922196375 0.7040625922196375 0.09269159872355708
    outer loop
      vertex 2.4950150052184266 -29.308986210253874 8.118169288813462
      vertex 2.4950150052184266 -29.293428928243458 8
      vertex 2.3565710717565405 -29.15498499478157 8
    endloop
  endfacet
  facet normal 0.7040625922196372 0.7040625922196377 -0.09269159872355787
    outer loop
      vertex 2.3565710717565405 -29.15498499478157 8
      vertex 2.4950150052184266 -29.308986210253874 7.881830711186538
      vertex 2.3565710717565405 -29.175259639429992 7.845998784527696
    endloop
  endfacet
  facet normal 0.8641551942546339 0.4989202340245264 -0.06568409490620673
    outer loop
      vertex 2.4950150052184266 -29.293428928243458 8
      vertex 2.592909649383465 -29.472767142039206 7.925715679594035
      vertex 2.4950150052184266 -29.308986210253874 7.881830711186538
    endloop
  endfacet
  facet normal 0.7040625922196375 0.7040625922196375 -0.09269159872355713
    outer loop
      vertex 2.3565710717565405 -29.15498499478157 8
      vertex 2.4950150052184266 -29.293428928243458 8
      vertex 2.4950150052184266 -29.308986210253874 7.881830711186538
    endloop
  endfacet
  facet normal 0.8641551942546349 0.4649196445804252 0.19257602219888487
    outer loop
      vertex 2.4950150052184266 -29.308986210253874 8.118169288813462
      vertex 2.592909649383465 -29.5014398194733 8.143506287136908
      vertex 2.592909649383465 -29.472767142039206 8.074284320405965
    endloop
  endfacet
  facet normal 0.864155194254633 0.49892023402452734 0.06568409490621009
    outer loop
      vertex 2.592909649383465 -29.472767142039206 8.074284320405965
      vertex 2.592909649383465 -29.46298742572618 8
      vertex 2.4950150052184266 -29.293428928243458 8
    endloop
  endfacet
  facet normal 0.9653655703464423 0.25866892497513994 0.034054410021220276
    outer loop
      vertex 2.592909649383465 -29.472767142039206 8.074284320405965
      vertex 2.6435836460303577 -29.655441034945607 8.025336998323446
      vertex 2.592909649383465 -29.46298742572618 8
    endloop
  endfacet
  facet normal 0.864155194254633 0.49892023402452734 -0.06568409490621005
    outer loop
      vertex 2.4950150052184266 -29.293428928243458 8
      vertex 2.592909649383465 -29.46298742572618 8
      vertex 2.592909649383465 -29.472767142039206 7.925715679594035
    endloop
  endfacet
  facet normal 0.9653655703464423 0.25866892497514 -0.03405441002122028
    outer loop
      vertex 2.592909649383465 -29.46298742572618 8
      vertex 2.6435836460303577 -29.655441034945607 7.974663001676554
      vertex 2.592909649383465 -29.472767142039206 7.925715679594035
    endloop
  endfacet
  facet normal 0.8641551942546349 0.4649196445804252 -0.19257602219888484
    outer loop
      vertex 2.592909649383465 -29.472767142039206 7.925715679594035
      vertex 2.592909649383465 -29.5014398194733 7.856493712863092
      vertex 2.4950150052184266 -29.308986210253874 7.881830711186538
    endloop
  endfacet
  facet normal 0.8641551942546345 0.19257602219889045 -0.46491964458042334
    outer loop
      vertex 2.592909649383465 -29.67571567959403 7.72276714203921
      vertex 2.4950150052184266 -29.631830711186534 7.558986210253877
      vertex 2.4950150052184266 -29.521714464121725 7.604597853225748
    endloop
  endfacet
  facet normal 0.7040625922196364 0.27175801689781226 -0.6560818900783151
    outer loop
      vertex 2.3565710717565405 -29.452492497390782 7.484701889847912
      vertex 2.4950150052184266 -29.521714464121725 7.604597853225748
      vertex 2.4950150052184266 -29.631830711186534 7.558986210253877
    endloop
  endfacet
  facet normal 0.8641551942546362 -0.0656840949062001 -0.49892023402452335
    outer loop
      vertex 2.4950150052184266 -29.749999999999996 7.5434289282434595
      vertex 2.592909649383465 -29.764256781667978 7.714864366640331
      vertex 2.4950150052184266 -29.772679264497096 7.546414710057947
    endloop
  endfacet
  facet normal 0.8641551942546353 0.06568409490621387 -0.49892023402452335
    outer loop
      vertex 2.592909649383465 -29.749999999999996 7.712987425726183
      vertex 2.4950150052184266 -29.749999999999996 7.5434289282434595
      vertex 2.4950150052184266 -29.631830711186534 7.558986210253877
    endloop
  endfacet
  facet normal 0.9653655703464425 -0.034054410021223745 -0.2586689249751392
    outer loop
      vertex 2.6435836460303577 -29.749999999999996 7.902105355834962
      vertex 2.6435836460303577 -29.75486272272863 7.902745545427262
      vertex 2.592909649383465 -29.749999999999996 7.712987425726183
    endloop
  endfacet
  facet normal 0.9653655703464423 0.03405441002121482 -0.2586689249751414
    outer loop
      vertex 2.6435836460303577 -29.72466300167655 7.905441034945611
      vertex 2.6435836460303577 -29.749999999999996 7.902105355834962
      vertex 2.592909649383465 -29.67571567959403 7.72276714203921
    endloop
  endfacet
  facet normal 0.9653655703464425 0.15882644667683976 -0.20698665518747028
    outer loop
      vertex 2.6435836460303577 -29.701052677917477 7.915220751258639
      vertex 2.592909649383465 -29.606493712863088 7.7514398194733065
      vertex 2.592909649383465 -29.54705146244517 7.797051462445177
    endloop
  endfacet
  facet normal 0.9653655703464425 -0.03405441002121891 -0.2586689249751391
    outer loop
      vertex 2.592909649383465 -29.749999999999996 7.712987425726183
      vertex 2.6435836460303577 -29.75486272272863 7.902745545427262
      vertex 2.592909649383465 -29.764256781667978 7.714864366640331
    endloop
  endfacet
  facet normal 0.9653655703464425 0.034054410021220186 -0.2586689249751392
    outer loop
      vertex 2.6435836460303577 -29.749999999999996 7.902105355834962
      vertex 2.592909649383465 -29.749999999999996 7.712987425726183
      vertex 2.592909649383465 -29.67571567959403 7.72276714203921
    endloop
  endfacet
  facet normal 0.9653655703464424 0.09984247829830108 -0.2410410652086928
    outer loop
      vertex 2.6435836460303577 -29.72466300167655 7.905441034945611
      vertex 2.592909649383465 -29.67571567959403 7.72276714203921
      vertex 2.592909649383465 -29.606493712863088 7.7514398194733065
    endloop
  endfacet
  facet normal 0.8641551942546342 0.06568409490620988 -0.49892023402452573
    outer loop
      vertex 2.592909649383465 -29.67571567959403 7.72276714203921
      vertex 2.592909649383465 -29.749999999999996 7.712987425726183
      vertex 2.4950150052184266 -29.631830711186534 7.558986210253877
    endloop
  endfacet
  facet normal 0.8641551942546359 0.1925760221988944 -0.4649196445804194
    outer loop
      vertex 2.592909649383465 -29.606493712863088 7.7514398194733065
      vertex 2.592909649383465 -29.67571567959403 7.72276714203921
      vertex 2.4950150052184266 -29.521714464121725 7.604597853225748
    endloop
  endfacet
  facet normal 0.8641551942546356 -0.06568409490620718 -0.49892023402452357
    outer loop
      vertex 2.592909649383465 -29.749999999999996 7.712987425726183
      vertex 2.592909649383465 -29.764256781667978 7.714864366640331
      vertex 2.4950150052184266 -29.749999999999996 7.5434289282434595
    endloop
  endfacet
  facet normal 0.7040625922196367 0.6560818900783126 -0.27175801689781726
    outer loop
      vertex 2.3565710717565405 -29.175259639429992 7.845998784527696
      vertex 2.4950150052184266 -29.354597853225744 7.771714464121731
      vertex 2.3565710717565405 -29.23470188984791 7.702492497390788
    endloop
  endfacet
  facet normal 0.7040625922196375 0.6560818900783125 -0.2717580168978157
    outer loop
      vertex 2.3565710717565405 -29.175259639429992 7.845998784527696
      vertex 2.4950150052184266 -29.308986210253874 7.881830711186538
      vertex 2.4950150052184266 -29.354597853225744 7.771714464121731
    endloop
  endfacet
  facet normal 0.8641551942546327 0.46491964458042534 -0.19257602219889433
    outer loop
      vertex 2.4950150052184266 -29.308986210253874 7.881830711186538
      vertex 2.592909649383465 -29.5014398194733 7.856493712863092
      vertex 2.4950150052184266 -29.354597853225744 7.771714464121731
    endloop
  endfacet
  facet normal 0.7040625922196366 0.563390291354746 -0.4323045753218209
    outer loop
      vertex 2.3565710717565405 -29.23470188984791 7.702492497390788
      vertex 2.4950150052184266 -29.354597853225744 7.771714464121731
      vertex 2.4950150052184266 -29.427155499067336 7.677155499067341
    endloop
  endfacet
  facet normal 0.8641551942546343 0.399235549674209 -0.30634421182563165
    outer loop
      vertex 2.4950150052184266 -29.354597853225744 7.771714464121731
      vertex 2.592909649383465 -29.54705146244517 7.797051462445177
      vertex 2.4950150052184266 -29.427155499067336 7.677155499067341
    endloop
  endfacet
  facet normal 0.7040625922196357 0.5633902913547457 -0.4323045753218229
    outer loop
      vertex 2.3565710717565405 -29.23470188984791 7.702492497390788
      vertex 2.4950150052184266 -29.427155499067336 7.677155499067341
      vertex 2.3565710717565405 -29.329260854902298 7.5792608549023015
    endloop
  endfacet
  facet normal 0.7040625922196362 0.43230457532182653 -0.5633902913547423
    outer loop
      vertex 2.3565710717565405 -29.329260854902298 7.5792608549023015
      vertex 2.4950150052184266 -29.521714464121725 7.604597853225748
      vertex 2.3565710717565405 -29.452492497390782 7.484701889847912
    endloop
  endfacet
  facet normal 0.704062592219637 0.4323045753218273 -0.5633902913547406
    outer loop
      vertex 2.4950150052184266 -29.427155499067336 7.677155499067341
      vertex 2.4950150052184266 -29.521714464121725 7.604597853225748
      vertex 2.3565710717565405 -29.329260854902298 7.5792608549023015
    endloop
  endfacet
  facet normal 0.8641551942546356 0.3063442118256349 -0.3992355496742035
    outer loop
      vertex 2.592909649383465 -29.606493712863088 7.7514398194733065
      vertex 2.4950150052184266 -29.521714464121725 7.604597853225748
      vertex 2.4950150052184266 -29.427155499067336 7.677155499067341
    endloop
  endfacet
  facet normal 0.8641551942546323 0.39923554967420677 -0.30634421182564014
    outer loop
      vertex 2.592909649383465 -29.5014398194733 7.856493712863092
      vertex 2.592909649383465 -29.54705146244517 7.797051462445177
      vertex 2.4950150052184266 -29.354597853225744 7.771714464121731
    endloop
  endfacet
  facet normal 0.8641551942546344 0.3063442118256322 -0.39923554967420843
    outer loop
      vertex 2.592909649383465 -29.54705146244517 7.797051462445177
      vertex 2.592909649383465 -29.606493712863088 7.7514398194733065
      vertex 2.4950150052184266 -29.427155499067336 7.677155499067341
    endloop
  endfacet
  facet normal -0.7040625922196344 0.0926915987235679 -0.7040625922196392
    outer loop
      vertex 1.3049849947815737 -29.631830711186534 7.558986210253877
      vertex 1.4434289282434596 -29.59599878452769 7.4252596394299974
      vertex 1.3049849947815737 -29.749999999999996 7.5434289282434595
    endloop
  endfacet
  facet normal -0.704062592219636 -0.09269159872354864 -0.70406259221964
    outer loop
      vertex 1.3049849947815737 -29.749999999999996 7.5434289282434595
      vertex 1.4434289282434596 -29.779556192929995 7.408876141399983
      vertex 1.3049849947815737 -29.772679264497096 7.546414710057947
    endloop
  endfacet
  facet normal -0.704062592219636 0.27175801689781065 -0.6560818900783163
    outer loop
      vertex 1.3049849947815737 -29.631830711186534 7.558986210253877
      vertex 1.4434289282434596 -29.452492497390782 7.484701889847912
      vertex 1.4434289282434596 -29.59599878452769 7.4252596394299974
    endloop
  endfacet
  facet normal -0.704062592219637 -0.09269159872357235 -0.704062592219636
    outer loop
      vertex 1.3049849947815737 -29.749999999999996 7.5434289282434595
      vertex 1.4434289282434596 -29.749999999999996 7.404984994781573
      vertex 1.4434289282434596 -29.779556192929995 7.408876141399983
    endloop
  endfacet
  facet normal -0.7040625922196371 0.09269159872357281 -0.704062592219636
    outer loop
      vertex 1.3049849947815737 -29.749999999999996 7.5434289282434595
      vertex 1.4434289282434596 -29.59599878452769 7.4252596394299974
      vertex 1.4434289282434596 -29.749999999999996 7.404984994781573
    endloop
  endfacet
  facet normal -0.4967815233764368 0.3321216269130557 -0.8018125360509225
    outer loop
      vertex 1.4434289282434596 -29.452492497390782 7.484701889847912
      vertex 1.6129874257261827 -29.570661786204244 7.330700674375608
      vertex 1.4434289282434596 -29.59599878452769 7.4252596394299974
    endloop
  endfacet
  facet normal -0.4967815233764333 -0.11328050197253649 -0.8604508387494549
    outer loop
      vertex 1.4434289282434596 -29.749999999999996 7.404984994781573
      vertex 1.6129874257261827 -29.78441891565863 7.311621686827245
      vertex 1.4434289282434596 -29.779556192929995 7.408876141399983
    endloop
  endfacet
  facet normal -0.49678152337643317 0.11328050197253718 -0.8604508387494549
    outer loop
      vertex 1.4434289282434596 -29.59599878452769 7.4252596394299974
      vertex 1.6129874257261827 -29.749999999999996 7.3070903506165354
      vertex 1.4434289282434596 -29.749999999999996 7.404984994781573
    endloop
  endfacet
  facet normal -0.4967815233764366 0.11328050197253232 -0.8604508387494536
    outer loop
      vertex 1.4434289282434596 -29.59599878452769 7.4252596394299974
      vertex 1.6129874257261827 -29.570661786204244 7.330700674375608
      vertex 1.6129874257261827 -29.749999999999996 7.3070903506165354
    endloop
  endfacet
  facet normal -0.49678152337643317 -0.11328050197253603 -0.8604508387494549
    outer loop
      vertex 1.4434289282434596 -29.749999999999996 7.404984994781573
      vertex 1.6129874257261827 -29.749999999999996 7.3070903506165354
      vertex 1.6129874257261827 -29.78441891565863 7.311621686827245
    endloop
  endfacet
  facet normal -0.2567513652305249 -0.12615062648588488 -0.9582091399530064
    outer loop
      vertex 1.6129874257261827 -29.749999999999996 7.3070903506165354
      vertex 1.8021053558349616 -29.786936046165078 7.26127907669828
      vertex 1.6129874257261827 -29.78441891565863 7.311621686827245
    endloop
  endfacet
  facet normal -0.25675136523052844 0.1261506264858807 -0.958209139953006
    outer loop
      vertex 1.6129874257261827 -29.570661786204244 7.330700674375608
      vertex 1.8021053558349616 -29.749999999999996 7.256416353969643
      vertex 1.6129874257261827 -29.749999999999996 7.3070903506165354
    endloop
  endfacet
  facet normal -0.25675136523052766 -0.12615062648590308 -0.9582091399530034
    outer loop
      vertex 1.6129874257261827 -29.749999999999996 7.3070903506165354
      vertex 1.8021053558349616 -29.749999999999996 7.256416353969643
      vertex 1.8021053558349616 -29.786936046165078 7.26127907669828
    endloop
  endfacet
  facet normal -0.2567513652305251 0.12615062648588435 -0.9582091399530064
    outer loop
      vertex 1.6129874257261827 -29.570661786204244 7.330700674375608
      vertex 1.8021053558349616 -29.55754639078057 7.281753352293089
      vertex 1.8021053558349616 -29.749999999999996 7.256416353969643
    endloop
  endfacet
  facet normal 0 -0.13052619222007167 -0.9914448613738078
    outer loop
      vertex 1.8021053558349616 -29.749999999999996 7.256416353969643
      vertex 1.9978946441650387 -29.786936046165078 7.26127907669828
      vertex 1.8021053558349616 -29.786936046165078 7.26127907669828
    endloop
  endfacet
  facet normal 0 0.1305261922200521 -0.9914448613738104
    outer loop
      vertex 1.8021053558349616 -29.55754639078057 7.281753352293089
      vertex 1.9978946441650387 -29.749999999999996 7.256416353969643
      vertex 1.8021053558349616 -29.749999999999996 7.256416353969643
    endloop
  endfacet
  facet normal -0.49678152337643344 0.5283292118363989 -0.688532034078386
    outer loop
      vertex 1.4434289282434596 -29.329260854902298 7.5792608549023015
      vertex 1.6129874257261827 -29.403545175308263 7.399922641106551
      vertex 1.4434289282434596 -29.452492497390782 7.484701889847912
    endloop
  endfacet
  facet normal -0.4967815233764369 0.5283292118363941 -0.6885320340783873
    outer loop
      vertex 1.4434289282434596 -29.329260854902298 7.5792608549023015
      vertex 1.6129874257261827 -29.260038888171355 7.5100388881713585
      vertex 1.6129874257261827 -29.403545175308263 7.399922641106551
    endloop
  endfacet
  facet normal -0.49678152337643383 0.3321216269130602 -0.8018125360509224
    outer loop
      vertex 1.4434289282434596 -29.452492497390782 7.484701889847912
      vertex 1.6129874257261827 -29.403545175308263 7.399922641106551
      vertex 1.6129874257261827 -29.570661786204244 7.330700674375608
    endloop
  endfacet
  facet normal -0.25675136523052866 0.5883542172165991 -0.7667581440948005
    outer loop
      vertex 1.6129874257261827 -29.260038888171355 7.5100388881713585
      vertex 1.8021053558349616 -29.378208176984817 7.356037672699054
      vertex 1.6129874257261827 -29.403545175308263 7.399922641106551
    endloop
  endfacet
  facet normal -0.2567513652305228 0.3698549227364078 -0.8929087705806839
    outer loop
      vertex 1.6129874257261827 -29.403545175308263 7.399922641106551
      vertex 1.8021053558349616 -29.55754639078057 7.281753352293089
      vertex 1.6129874257261827 -29.570661786204244 7.330700674375608
    endloop
  endfacet
  facet normal -0.2567513652305203 0.7667581440948011 -0.5883542172166017
    outer loop
      vertex 1.6129874257261827 -29.260038888171355 7.5100388881713585
      vertex 1.8021053558349616 -29.106037672699053 7.6282081769848205
      vertex 1.8021053558349616 -29.224206961512515 7.474206961512516
    endloop
  endfacet
  facet normal -0.25675136523052206 0.5883542172166056 -0.7667581440947974
    outer loop
      vertex 1.6129874257261827 -29.260038888171355 7.5100388881713585
      vertex 1.8021053558349616 -29.224206961512515 7.474206961512516
      vertex 1.8021053558349616 -29.378208176984817 7.356037672699054
    endloop
  endfacet
  facet normal 0 0.6087614290087253 -0.7933533402912316
    outer loop
      vertex 1.8021053558349616 -29.224206961512515 7.474206961512516
      vertex 1.9978946441650387 -29.378208176984817 7.356037672699054
      vertex 1.8021053558349616 -29.378208176984817 7.356037672699054
    endloop
  endfacet
  facet normal -0.25675136523052855 0.3698549227364015 -0.892908770580685
    outer loop
      vertex 1.6129874257261827 -29.403545175308263 7.399922641106551
      vertex 1.8021053558349616 -29.378208176984817 7.356037672699054
      vertex 1.8021053558349616 -29.55754639078057 7.281753352293089
    endloop
  endfacet
  facet normal 0 0.3826834323650857 -0.9238795325112885
    outer loop
      vertex 1.8021053558349616 -29.378208176984817 7.356037672699054
      vertex 1.9978946441650387 -29.55754639078057 7.281753352293089
      vertex 1.8021053558349616 -29.55754639078057 7.281753352293089
    endloop
  endfacet
  facet normal 0 0.1305261922200521 -0.9914448613738104
    outer loop
      vertex 1.8021053558349616 -29.55754639078057 7.281753352293089
      vertex 1.9978946441650387 -29.55754639078057 7.281753352293089
      vertex 1.9978946441650387 -29.749999999999996 7.256416353969643
    endloop
  endfacet
  facet normal 0 -0.13052619222007167 -0.9914448613738078
    outer loop
      vertex 1.8021053558349616 -29.749999999999996 7.256416353969643
      vertex 1.9978946441650387 -29.749999999999996 7.256416353969643
      vertex 1.9978946441650387 -29.786936046165078 7.26127907669828
    endloop
  endfacet
  facet normal 0.25675136523052444 -0.12615062648590328 -0.9582091399530042
    outer loop
      vertex 1.9978946441650387 -29.749999999999996 7.256416353969643
      vertex 2.1870125742738176 -29.78441891565863 7.311621686827245
      vertex 1.9978946441650387 -29.786936046165078 7.26127907669828
    endloop
  endfacet
  facet normal 0.2567513652305251 0.12615062648588435 -0.9582091399530066
    outer loop
      vertex 1.9978946441650387 -29.55754639078057 7.281753352293089
      vertex 2.1870125742738176 -29.570661786204244 7.330700674375608
      vertex 1.9978946441650387 -29.749999999999996 7.256416353969643
    endloop
  endfacet
  facet normal 0.4967815233764373 0.33212162691305563 -0.8018125360509222
    outer loop
      vertex 2.1870125742738176 -29.570661786204244 7.330700674375608
      vertex 2.3565710717565405 -29.452492497390782 7.484701889847912
      vertex 2.3565710717565405 -29.59599878452769 7.4252596394299974
    endloop
  endfacet
  facet normal 0.2567513652305283 -0.1261506264858847 -0.9582091399530056
    outer loop
      vertex 1.9978946441650387 -29.749999999999996 7.256416353969643
      vertex 2.1870125742738176 -29.749999999999996 7.3070903506165354
      vertex 2.1870125742738176 -29.78441891565863 7.311621686827245
    endloop
  endfacet
  facet normal 0.25675136523052844 0.1261506264858807 -0.958209139953006
    outer loop
      vertex 1.9978946441650387 -29.749999999999996 7.256416353969643
      vertex 2.1870125742738176 -29.570661786204244 7.330700674375608
      vertex 2.1870125742738176 -29.749999999999996 7.3070903506165354
    endloop
  endfacet
  facet normal 0.4967815233764371 0.11328050197253237 -0.8604508387494534
    outer loop
      vertex 2.1870125742738176 -29.570661786204244 7.330700674375608
      vertex 2.3565710717565405 -29.59599878452769 7.4252596394299974
      vertex 2.1870125742738176 -29.749999999999996 7.3070903506165354
    endloop
  endfacet
  facet normal 0.4967815233764337 -0.11328050197253627 -0.8604508387494546
    outer loop
      vertex 2.1870125742738176 -29.749999999999996 7.3070903506165354
      vertex 2.3565710717565405 -29.779556192929995 7.408876141399983
      vertex 2.1870125742738176 -29.78441891565863 7.311621686827245
    endloop
  endfacet
  facet normal 0.49678152337643366 -0.11328050197253645 -0.8604508387494547
    outer loop
      vertex 2.1870125742738176 -29.749999999999996 7.3070903506165354
      vertex 2.3565710717565405 -29.749999999999996 7.404984994781573
      vertex 2.3565710717565405 -29.779556192929995 7.408876141399983
    endloop
  endfacet
  facet normal 0.4967815233764336 0.11328050197253718 -0.8604508387494546
    outer loop
      vertex 2.1870125742738176 -29.749999999999996 7.3070903506165354
      vertex 2.3565710717565405 -29.59599878452769 7.4252596394299974
      vertex 2.3565710717565405 -29.749999999999996 7.404984994781573
    endloop
  endfacet
  facet normal 0 0.7933533402912349 -0.6087614290087208
    outer loop
      vertex 1.8021053558349616 -29.224206961512515 7.474206961512516
      vertex 1.9978946441650387 -29.106037672699053 7.6282081769848205
      vertex 1.9978946441650387 -29.224206961512515 7.474206961512516
    endloop
  endfacet
  facet normal 0 0.6087614290087253 -0.7933533402912316
    outer loop
      vertex 1.8021053558349616 -29.224206961512515 7.474206961512516
      vertex 1.9978946441650387 -29.224206961512515 7.474206961512516
      vertex 1.9978946441650387 -29.378208176984817 7.356037672699054
    endloop
  endfacet
  facet normal 0.25675136523052033 0.7667581440948011 -0.5883542172166017
    outer loop
      vertex 1.9978946441650387 -29.106037672699053 7.6282081769848205
      vertex 2.1870125742738176 -29.260038888171355 7.5100388881713585
      vertex 1.9978946441650387 -29.224206961512515 7.474206961512516
    endloop
  endfacet
  facet normal 0.25675136523052206 0.5883542172166056 -0.7667581440947974
    outer loop
      vertex 1.9978946441650387 -29.224206961512515 7.474206961512516
      vertex 2.1870125742738176 -29.260038888171355 7.5100388881713585
      vertex 1.9978946441650387 -29.378208176984817 7.356037672699054
    endloop
  endfacet
  facet normal 0 0.3826834323650857 -0.9238795325112885
    outer loop
      vertex 1.8021053558349616 -29.378208176984817 7.356037672699054
      vertex 1.9978946441650387 -29.378208176984817 7.356037672699054
      vertex 1.9978946441650387 -29.55754639078057 7.281753352293089
    endloop
  endfacet
  facet normal 0.2567513652305286 0.3698549227364016 -0.892908770580685
    outer loop
      vertex 1.9978946441650387 -29.378208176984817 7.356037672699054
      vertex 2.1870125742738176 -29.403545175308263 7.399922641106551
      vertex 1.9978946441650387 -29.55754639078057 7.281753352293089
    endloop
  endfacet
  facet normal 0.25675136523052866 0.5883542172165991 -0.7667581440948005
    outer loop
      vertex 2.1870125742738176 -29.260038888171355 7.5100388881713585
      vertex 2.1870125742738176 -29.403545175308263 7.399922641106551
      vertex 1.9978946441650387 -29.378208176984817 7.356037672699054
    endloop
  endfacet
  facet normal 0.4967815233764373 0.5283292118363939 -0.688532034078387
    outer loop
      vertex 2.1870125742738176 -29.260038888171355 7.5100388881713585
      vertex 2.3565710717565405 -29.329260854902298 7.5792608549023015
      vertex 2.1870125742738176 -29.403545175308263 7.399922641106551
    endloop
  endfacet
  facet normal 0.49678152337643383 0.5283292118363987 -0.6885320340783858
    outer loop
      vertex 2.1870125742738176 -29.403545175308263 7.399922641106551
      vertex 2.3565710717565405 -29.329260854902298 7.5792608549023015
      vertex 2.3565710717565405 -29.452492497390782 7.484701889847912
    endloop
  endfacet
  facet normal 0.4967815233764342 0.33212162691306 -0.8018125360509222
    outer loop
      vertex 2.1870125742738176 -29.403545175308263 7.399922641106551
      vertex 2.3565710717565405 -29.452492497390782 7.484701889847912
      vertex 2.1870125742738176 -29.570661786204244 7.330700674375608
    endloop
  endfacet
  facet normal 0.2567513652305227 0.36985492273640774 -0.8929087705806839
    outer loop
      vertex 1.9978946441650387 -29.55754639078057 7.281753352293089
      vertex 2.1870125742738176 -29.403545175308263 7.399922641106551
      vertex 2.1870125742738176 -29.570661786204244 7.330700674375608
    endloop
  endfacet
  facet normal 0.7040625922196355 0.2717580168978108 -0.6560818900783167
    outer loop
      vertex 2.3565710717565405 -29.452492497390782 7.484701889847912
      vertex 2.4950150052184266 -29.631830711186534 7.558986210253877
      vertex 2.3565710717565405 -29.59599878452769 7.4252596394299974
    endloop
  endfacet
  facet normal 0.7040625922196345 -0.09269159872357254 -0.7040625922196384
    outer loop
      vertex 2.3565710717565405 -29.749999999999996 7.404984994781573
      vertex 2.4950150052184266 -29.772679264497096 7.546414710057947
      vertex 2.3565710717565405 -29.779556192929995 7.408876141399983
    endloop
  endfacet
  facet normal 0.7040625922196364 0.09269159872357284 -0.7040625922196364
    outer loop
      vertex 2.4950150052184266 -29.749999999999996 7.5434289282434595
      vertex 2.3565710717565405 -29.749999999999996 7.404984994781573
      vertex 2.3565710717565405 -29.59599878452769 7.4252596394299974
    endloop
  endfacet
  facet normal 0.7040625922196337 0.09269159872356796 -0.7040625922196397
    outer loop
      vertex 2.4950150052184266 -29.631830711186534 7.558986210253877
      vertex 2.4950150052184266 -29.749999999999996 7.5434289282434595
      vertex 2.3565710717565405 -29.59599878452769 7.4252596394299974
    endloop
  endfacet
  facet normal 0.7040625922196382 -0.09269159872354839 -0.7040625922196382
    outer loop
      vertex 2.4950150052184266 -29.749999999999996 7.5434289282434595
      vertex 2.4950150052184266 -29.772679264497096 7.546414710057947
      vertex 2.3565710717565405 -29.749999999999996 7.404984994781573
    endloop
  endfacet
  facet normal -0.7040625922196401 -0.09269159872356221 0.7040625922196343
    outer loop
      vertex 1.3049849947815737 29.631830711186534 8.441013789746123
      vertex 1.4434289282434596 29.720443807069994 8.591123858600017
      vertex 1.3049849947815737 29.727320735502893 8.453585289942051
    endloop
  endfacet
  facet normal -0.704062592219635 -0.0926915987235758 0.7040625922196375
    outer loop
      vertex 1.4434289282434596 29.59599878452769 8.574740360570003
      vertex 1.4434289282434596 29.720443807069994 8.591123858600017
      vertex 1.3049849947815737 29.631830711186534 8.441013789746123
    endloop
  endfacet
  facet normal -0.704062592219636 -0.27175801689781065 0.6560818900783163
    outer loop
      vertex 1.4434289282434596 29.59599878452769 8.574740360570003
      vertex 1.3049849947815737 29.631830711186534 8.441013789746123
      vertex 1.4434289282434596 29.452492497390782 8.515298110152088
    endloop
  endfacet
  facet normal -0.8641551942546338 -0.30634421182563276 0.39923554967420916
    outer loop
      vertex 1.3049849947815737 29.427155499067336 8.322844500932659
      vertex 1.2070903506165351 29.606493712863088 8.248560180526693
      vertex 1.2070903506165351 29.54705146244517 8.202948537554823
    endloop
  endfacet
  facet normal -0.8641551942546318 -0.39923554967420755 0.3063442118256407
    outer loop
      vertex 1.2070903506165351 29.54705146244517 8.202948537554823
      vertex 1.2070903506165351 29.5014398194733 8.143506287136908
      vertex 1.3049849947815737 29.354597853225744 8.22828553587827
    endloop
  endfacet
  facet normal -0.7040625922196376 -0.43230457532182703 0.5633902913547402
    outer loop
      vertex 1.3049849947815737 29.521714464121725 8.395402146774252
      vertex 1.3049849947815737 29.427155499067336 8.322844500932659
      vertex 1.4434289282434596 29.329260854902298 8.420739145097698
    endloop
  endfacet
  facet normal -0.7040625922196369 -0.43230457532182626 0.5633902913547418
    outer loop
      vertex 1.3049849947815737 29.521714464121725 8.395402146774252
      vertex 1.4434289282434596 29.329260854902298 8.420739145097698
      vertex 1.4434289282434596 29.452492497390782 8.515298110152088
    endloop
  endfacet
  facet normal -0.7040625922196363 -0.5633902913547452 0.4323045753218226
    outer loop
      vertex 1.4434289282434596 29.329260854902298 8.420739145097698
      vertex 1.3049849947815737 29.427155499067336 8.322844500932659
      vertex 1.4434289282434596 29.23470188984791 8.297507502609212
    endloop
  endfacet
  facet normal -0.8641551942546352 -0.3063442118256355 0.39923554967420416
    outer loop
      vertex 1.3049849947815737 29.521714464121725 8.395402146774252
      vertex 1.2070903506165351 29.606493712863088 8.248560180526693
      vertex 1.3049849947815737 29.427155499067336 8.322844500932659
    endloop
  endfacet
  facet normal -0.8641551942546338 -0.3992355496742096 0.30634421182563215
    outer loop
      vertex 1.3049849947815737 29.427155499067336 8.322844500932659
      vertex 1.2070903506165351 29.54705146244517 8.202948537554823
      vertex 1.3049849947815737 29.354597853225744 8.22828553587827
    endloop
  endfacet
  facet normal -0.7040625922196372 -0.5633902913547456 0.43230457532182054
    outer loop
      vertex 1.3049849947815737 29.427155499067336 8.322844500932659
      vertex 1.3049849947815737 29.354597853225744 8.22828553587827
      vertex 1.4434289282434596 29.23470188984791 8.297507502609212
    endloop
  endfacet
  facet normal -0.7040625922196373 -0.6560818900783121 0.2717580168978169
    outer loop
      vertex 1.3049849947815737 29.354597853225744 8.22828553587827
      vertex 1.4434289282434596 29.175259639429992 8.154001215472304
      vertex 1.4434289282434596 29.23470188984791 8.297507502609212
    endloop
  endfacet
  facet normal -0.8641551942546329 -0.06568409490621453 0.4989202340245272
    outer loop
      vertex 1.2070903506165351 29.67571567959403 8.27723285796079
      vertex 1.3049849947815737 29.727320735502893 8.453585289942051
      vertex 1.2070903506165351 29.73574321833201 8.285135633359669
    endloop
  endfacet
  facet normal -0.8641551942546353 -0.19257602219889472 0.4649196445804202
    outer loop
      vertex 1.3049849947815737 29.521714464121725 8.395402146774252
      vertex 1.2070903506165351 29.67571567959403 8.27723285796079
      vertex 1.2070903506165351 29.606493712863088 8.248560180526693
    endloop
  endfacet
  facet normal -0.9653655703464425 -0.034054410021222524 0.2586689249751394
    outer loop
      vertex 1.2070903506165351 29.67571567959403 8.27723285796079
      vertex 1.2070903506165351 29.73574321833201 8.285135633359669
      vertex 1.1564163539696424 29.72466300167655 8.09455896505439
    endloop
  endfacet
  facet normal -0.9653655703464425 -0.1588264466768398 0.20698665518747028
    outer loop
      vertex 1.2070903506165351 29.606493712863088 8.248560180526693
      vertex 1.1564163539696424 29.701052677917477 8.084779248741361
      vertex 1.2070903506165351 29.54705146244517 8.202948537554823
    endloop
  endfacet
  facet normal -0.9653655703464423 -0.09984247829830105 0.2410410652086928
    outer loop
      vertex 1.2070903506165351 29.67571567959403 8.27723285796079
      vertex 1.1564163539696424 29.72466300167655 8.09455896505439
      vertex 1.2070903506165351 29.606493712863088 8.248560180526693
    endloop
  endfacet
  facet normal -0.704062592219637 -0.2717580168978121 0.6560818900783146
    outer loop
      vertex 1.3049849947815737 29.631830711186534 8.441013789746123
      vertex 1.3049849947815737 29.521714464121725 8.395402146774252
      vertex 1.4434289282434596 29.452492497390782 8.515298110152088
    endloop
  endfacet
  facet normal -0.864155194254634 -0.19257602219889075 0.4649196445804242
    outer loop
      vertex 1.3049849947815737 29.631830711186534 8.441013789746123
      vertex 1.2070903506165351 29.67571567959403 8.27723285796079
      vertex 1.3049849947815737 29.521714464121725 8.395402146774252
    endloop
  endfacet
  facet normal -0.8641551942546337 -0.06568409490621066 0.4989202340245264
    outer loop
      vertex 1.3049849947815737 29.631830711186534 8.441013789746123
      vertex 1.3049849947815737 29.727320735502893 8.453585289942051
      vertex 1.2070903506165351 29.67571567959403 8.27723285796079
    endloop
  endfacet
  facet normal -0.2567513652305228 -0.3698549227364078 0.8929087705806839
    outer loop
      vertex 1.6129874257261827 29.570661786204244 8.669299325624392
      vertex 1.6129874257261827 29.403545175308263 8.600077358893449
      vertex 1.8021053558349616 29.55754639078057 8.718246647706911
    endloop
  endfacet
  facet normal -0.49678152337643383 -0.3321216269130602 0.8018125360509224
    outer loop
      vertex 1.4434289282434596 29.452492497390782 8.515298110152088
      vertex 1.6129874257261827 29.403545175308263 8.600077358893449
      vertex 1.6129874257261827 29.570661786204244 8.669299325624392
    endloop
  endfacet
  facet normal -0.49678152337643333 -0.5283292118363989 0.688532034078386
    outer loop
      vertex 1.4434289282434596 29.452492497390782 8.515298110152088
      vertex 1.4434289282434596 29.329260854902298 8.420739145097698
      vertex 1.6129874257261827 29.403545175308263 8.600077358893449
    endloop
  endfacet
  facet normal -0.4967815233764369 -0.5283292118363941 0.6885320340783873
    outer loop
      vertex 1.4434289282434596 29.329260854902298 8.420739145097698
      vertex 1.6129874257261827 29.260038888171355 8.489961111828642
      vertex 1.6129874257261827 29.403545175308263 8.600077358893449
    endloop
  endfacet
  facet normal -0.25675136523052866 -0.5883542172165991 0.7667581440948005
    outer loop
      vertex 1.6129874257261827 29.403545175308263 8.600077358893449
      vertex 1.6129874257261827 29.260038888171355 8.489961111828642
      vertex 1.8021053558349616 29.378208176984817 8.643962327300946
    endloop
  endfacet
  facet normal -0.25675136523052855 -0.3698549227364015 0.892908770580685
    outer loop
      vertex 1.6129874257261827 29.403545175308263 8.600077358893449
      vertex 1.8021053558349616 29.378208176984817 8.643962327300946
      vertex 1.8021053558349616 29.55754639078057 8.718246647706911
    endloop
  endfacet
  facet normal 0 -0.3826834323650857 0.9238795325112885
    outer loop
      vertex 1.8021053558349616 29.55754639078057 8.718246647706911
      vertex 1.8021053558349616 29.378208176984817 8.643962327300946
      vertex 1.9978946441650387 29.55754639078057 8.718246647706911
    endloop
  endfacet
  facet normal -0.25675136523052206 -0.5883542172166056 0.7667581440947974
    outer loop
      vertex 1.8021053558349616 29.378208176984817 8.643962327300946
      vertex 1.6129874257261827 29.260038888171355 8.489961111828642
      vertex 1.8021053558349616 29.224206961512515 8.525793038487484
    endloop
  endfacet
  facet normal 0 -0.6087614290087253 0.7933533402912316
    outer loop
      vertex 1.8021053558349616 29.378208176984817 8.643962327300946
      vertex 1.8021053558349616 29.224206961512515 8.525793038487484
      vertex 1.9978946441650387 29.378208176984817 8.643962327300946
    endloop
  endfacet
  facet normal -0.49678152337643683 -0.11328050197253693 0.8604508387494527
    outer loop
      vertex 1.4434289282434596 29.59599878452769 8.574740360570003
      vertex 1.6129874257261827 29.570661786204244 8.669299325624392
      vertex 1.6129874257261827 29.715581084341355 8.688378313172755
    endloop
  endfacet
  facet normal -0.25675136523052483 -0.12615062648588596 0.9582091399530064
    outer loop
      vertex 1.6129874257261827 29.570661786204244 8.669299325624392
      vertex 1.8021053558349616 29.713063953834908 8.73872092330172
      vertex 1.6129874257261827 29.715581084341355 8.688378313172755
    endloop
  endfacet
  facet normal -0.49678152337643483 -0.1132805019725404 0.8604508387494535
    outer loop
      vertex 1.4434289282434596 29.59599878452769 8.574740360570003
      vertex 1.6129874257261827 29.715581084341355 8.688378313172755
      vertex 1.4434289282434596 29.720443807069994 8.591123858600017
    endloop
  endfacet
  facet normal -0.49678152337643683 -0.3321216269130557 0.8018125360509225
    outer loop
      vertex 1.4434289282434596 29.59599878452769 8.574740360570003
      vertex 1.4434289282434596 29.452492497390782 8.515298110152088
      vertex 1.6129874257261827 29.570661786204244 8.669299325624392
    endloop
  endfacet
  facet normal -0.25675136523052516 -0.1261506264858855 0.9582091399530063
    outer loop
      vertex 1.6129874257261827 29.570661786204244 8.669299325624392
      vertex 1.8021053558349616 29.55754639078057 8.718246647706911
      vertex 1.8021053558349616 29.713063953834908 8.73872092330172
    endloop
  endfacet
  facet normal 0 -0.1305261922200533 0.9914448613738102
    outer loop
      vertex 1.8021053558349616 29.55754639078057 8.718246647706911
      vertex 1.9978946441650387 29.713063953834908 8.73872092330172
      vertex 1.8021053558349616 29.713063953834908 8.73872092330172
    endloop
  endfacet
  facet normal -0.49678152337643716 -0.6885320340783829 0.5283292118363994
    outer loop
      vertex 1.4434289282434596 29.329260854902298 8.420739145097698
      vertex 1.6129874257261827 29.149922641106546 8.346454824691733
      vertex 1.6129874257261827 29.260038888171355 8.489961111828642
    endloop
  endfacet
  facet normal -0.4967815233764433 -0.6885320340783851 0.5283292118363905
    outer loop
      vertex 1.4434289282434596 29.329260854902298 8.420739145097698
      vertex 1.4434289282434596 29.23470188984791 8.297507502609212
      vertex 1.6129874257261827 29.149922641106546 8.346454824691733
    endloop
  endfacet
  facet normal -0.256751365230515 -0.7667581440947988 0.5883542172166073
    outer loop
      vertex 1.6129874257261827 29.260038888171355 8.489961111828642
      vertex 1.6129874257261827 29.149922641106546 8.346454824691733
      vertex 1.8021053558349616 29.106037672699053 8.37179182301518
    endloop
  endfacet
  facet normal -0.4967815233764425 -0.801812536050919 0.33212162691305525
    outer loop
      vertex 1.4434289282434596 29.23470188984791 8.297507502609212
      vertex 1.6129874257261827 29.080700674375603 8.17933821379575
      vertex 1.6129874257261827 29.149922641106546 8.346454824691733
    endloop
  endfacet
  facet normal -0.49678152337643633 -0.8018125360509193 0.3321216269130643
    outer loop
      vertex 1.4434289282434596 29.23470188984791 8.297507502609212
      vertex 1.4434289282434596 29.175259639429992 8.154001215472304
      vertex 1.6129874257261827 29.080700674375603 8.17933821379575
    endloop
  endfacet
  facet normal -0.25675136523052616 -0.8929087705806845 0.3698549227364042
    outer loop
      vertex 1.6129874257261827 29.149922641106546 8.346454824691733
      vertex 1.6129874257261827 29.080700674375603 8.17933821379575
      vertex 1.8021053558349616 29.031753352293084 8.192453609219427
    endloop
  endfacet
  facet normal -0.2567513652305203 -0.7667581440948011 0.5883542172166017
    outer loop
      vertex 1.6129874257261827 29.260038888171355 8.489961111828642
      vertex 1.8021053558349616 29.106037672699053 8.37179182301518
      vertex 1.8021053558349616 29.224206961512515 8.525793038487484
    endloop
  endfacet
  facet normal 0 -0.7933533402912349 0.6087614290087208
    outer loop
      vertex 1.8021053558349616 29.224206961512515 8.525793038487484
      vertex 1.8021053558349616 29.106037672699053 8.37179182301518
      vertex 1.9978946441650387 29.106037672699053 8.37179182301518
    endloop
  endfacet
  facet normal -0.25675136523051345 -0.8929087705806824 0.3698549227364182
    outer loop
      vertex 1.8021053558349616 29.106037672699053 8.37179182301518
      vertex 1.6129874257261827 29.149922641106546 8.346454824691733
      vertex 1.8021053558349616 29.031753352293084 8.192453609219427
    endloop
  endfacet
  facet normal 0 -0.923879532511282 0.3826834323651013
    outer loop
      vertex 1.8021053558349616 29.106037672699053 8.37179182301518
      vertex 1.8021053558349616 29.031753352293084 8.192453609219427
      vertex 1.9978946441650387 29.031753352293084 8.192453609219427
    endloop
  endfacet
  facet normal -0.8641551942546344 -0.4649196445804259 0.19257602219888514
    outer loop
      vertex 1.2070903506165351 29.5014398194733 8.143506287136908
      vertex 1.2070903506165351 29.472767142039206 8.074284320405965
      vertex 1.3049849947815737 29.308986210253874 8.118169288813462
    endloop
  endfacet
  facet normal -0.9653655703464423 -0.25866892497513994 0.034054410021220276
    outer loop
      vertex 1.2070903506165351 29.472767142039206 8.074284320405965
      vertex 1.1564163539696424 29.655441034945607 8.025336998323446
      vertex 1.2070903506165351 29.46298742572618 8
    endloop
  endfacet
  facet normal -0.8641551942546327 -0.49892023402452823 0.06568409490621022
    outer loop
      vertex 1.2070903506165351 29.472767142039206 8.074284320405965
      vertex 1.2070903506165351 29.46298742572618 8
      vertex 1.3049849947815737 29.293428928243458 8
    endloop
  endfacet
  facet normal -0.9653655703464423 -0.25866892497514 -0.034054410021220276
    outer loop
      vertex 1.1564163539696424 29.655441034945607 7.974663001676554
      vertex 1.2070903506165351 29.472767142039206 7.925715679594035
      vertex 1.2070903506165351 29.46298742572618 8
    endloop
  endfacet
  facet normal -0.8641551942546327 -0.49892023402452823 -0.06568409490621022
    outer loop
      vertex 1.2070903506165351 29.46298742572618 8
      vertex 1.2070903506165351 29.472767142039206 7.925715679594035
      vertex 1.3049849947815737 29.293428928243458 8
    endloop
  endfacet
  facet normal -0.8641551942546344 -0.4649196445804259 -0.19257602219888514
    outer loop
      vertex 1.2070903506165351 29.472767142039206 7.925715679594035
      vertex 1.2070903506165351 29.5014398194733 7.856493712863092
      vertex 1.3049849947815737 29.308986210253874 7.881830711186538
    endloop
  endfacet
  facet normal -0.8641551942546323 -0.4649196445804261 0.19257602219889464
    outer loop
      vertex 1.3049849947815737 29.354597853225744 8.22828553587827
      vertex 1.2070903506165351 29.5014398194733 8.143506287136908
      vertex 1.3049849947815737 29.308986210253874 8.118169288813462
    endloop
  endfacet
  facet normal -0.704062592219638 -0.656081890078312 0.27175801689781537
    outer loop
      vertex 1.3049849947815737 29.354597853225744 8.22828553587827
      vertex 1.3049849947815737 29.308986210253874 8.118169288813462
      vertex 1.4434289282434596 29.175259639429992 8.154001215472304
    endloop
  endfacet
  facet normal -0.704062592219638 -0.7040625922196369 0.092691598723557
    outer loop
      vertex 1.3049849947815737 29.308986210253874 8.118169288813462
      vertex 1.3049849947815737 29.293428928243458 8
      vertex 1.4434289282434596 29.15498499478157 8
    endloop
  endfacet
  facet normal -0.8641551942546334 -0.49892023402452723 0.06568409490620684
    outer loop
      vertex 1.3049849947815737 29.308986210253874 8.118169288813462
      vertex 1.2070903506165351 29.472767142039206 8.074284320405965
      vertex 1.3049849947815737 29.293428928243458 8
    endloop
  endfacet
  facet normal -0.7040625922196376 -0.7040625922196372 0.09269159872355776
    outer loop
      vertex 1.3049849947815737 29.308986210253874 8.118169288813462
      vertex 1.4434289282434596 29.15498499478157 8
      vertex 1.4434289282434596 29.175259639429992 8.154001215472304
    endloop
  endfacet
  facet normal -0.704062592219638 -0.7040625922196369 -0.092691598723557
    outer loop
      vertex 1.3049849947815737 29.293428928243458 8
      vertex 1.3049849947815737 29.308986210253874 7.881830711186538
      vertex 1.4434289282434596 29.15498499478157 8
    endloop
  endfacet
  facet normal -0.8641551942546334 -0.49892023402452723 -0.06568409490620682
    outer loop
      vertex 1.2070903506165351 29.472767142039206 7.925715679594035
      vertex 1.3049849947815737 29.308986210253874 7.881830711186538
      vertex 1.3049849947815737 29.293428928243458 8
    endloop
  endfacet
  facet normal -0.7040625922196376 -0.7040625922196372 -0.09269159872355776
    outer loop
      vertex 1.3049849947815737 29.308986210253874 7.881830711186538
      vertex 1.4434289282434596 29.175259639429992 7.845998784527696
      vertex 1.4434289282434596 29.15498499478157 8
    endloop
  endfacet
  facet normal -0.9653655703464424 -0.20698665518746803 0.15882644667684281
    outer loop
      vertex 1.2070903506165351 29.54705146244517 8.202948537554823
      vertex 1.1564163539696424 29.680778033269053 8.069221966730943
      vertex 1.2070903506165351 29.5014398194733 8.143506287136908
    endloop
  endfacet
  facet normal -0.9653655703464427 -0.03405441002121826 0.2586689249751392
    outer loop
      vertex 1.1564163539696424 29.72466300167655 8.09455896505439
      vertex 1.2070903506165351 29.73574321833201 8.285135633359669
      vertex 1.1564163539696424 29.745137277271358 8.097254454572738
    endloop
  endfacet
  facet normal -0.9653655703464428 -0.09984247829830534 0.24104106520868934
    outer loop
      vertex 1.2070903506165351 29.606493712863088 8.248560180526693
      vertex 1.1564163539696424 29.72466300167655 8.09455896505439
      vertex 1.1564163539696424 29.701052677917477 8.084779248741361
    endloop
  endfacet
  facet normal -0.965365570346442 -0.15882644667683515 0.2069866551874765
    outer loop
      vertex 1.2070903506165351 29.54705146244517 8.202948537554823
      vertex 1.1564163539696424 29.701052677917477 8.084779248741361
      vertex 1.1564163539696424 29.680778033269053 8.069221966730943
    endloop
  endfacet
  facet normal -1 0 0
    outer loop
      vertex 1.1564163539696424 29.72466300167655 8.09455896505439
      vertex 1.1564163539696424 29.745137277271358 8.097254454572738
      vertex 1.1564163539696424 29.701052677917477 8.084779248741361
    endloop
  endfacet
  facet normal -0.9653655703464421 -0.20698665518746678 0.15882644667684595
    outer loop
      vertex 1.2070903506165351 29.5014398194733 8.143506287136908
      vertex 1.1564163539696424 29.680778033269053 8.069221966730943
      vertex 1.1564163539696424 29.665220751258634 8.048947322082519
    endloop
  endfacet
  facet normal -0.9653655703464423 -0.241041065208695 0.09984247829829579
    outer loop
      vertex 1.2070903506165351 29.5014398194733 8.143506287136908
      vertex 1.1564163539696424 29.665220751258634 8.048947322082519
      vertex 1.2070903506165351 29.472767142039206 8.074284320405965
    endloop
  endfacet
  facet normal -1 0 0
    outer loop
      vertex 1.1564163539696424 29.701052677917477 8.084779248741361
      vertex 1.1564163539696424 29.745137277271358 8.097254454572738
      vertex 1.1564163539696424 29.680778033269053 8.069221966730943
    endloop
  endfacet
  facet normal -1 0 0
    outer loop
      vertex 1.1564163539696424 29.680778033269053 8.069221966730943
      vertex 1.1564163539696424 29.745137277271358 8.097254454572738
      vertex 1.1564163539696424 29.665220751258634 8.048947322082519
    endloop
  endfacet
  facet normal -1 0 0
    outer loop
      vertex 1.1564163539696424 29.665220751258634 8.048947322082519
      vertex 1.1564163539696424 29.745137277271358 8.097254454572738
      vertex 1.1564163539696424 29.655441034945607 8.025336998323446
    endloop
  endfacet
  facet normal -0.9653655703464429 -0.24104106520869586 0.09984247829829003
    outer loop
      vertex 1.1564163539696424 29.665220751258634 8.048947322082519
      vertex 1.1564163539696424 29.655441034945607 8.025336998323446
      vertex 1.2070903506165351 29.472767142039206 8.074284320405965
    endloop
  endfacet
  facet normal -1 0 0
    outer loop
      vertex 1.1564163539696424 29.655441034945607 8.025336998323446
      vertex 1.1564163539696424 29.745137277271358 8.097254454572738
      vertex 1.1564163539696424 29.65210535583496 8
    endloop
  endfacet
  facet normal -1 0 0
    outer loop
      vertex 1.1564163539696424 29.65210535583496 8
      vertex 1.1564163539696424 29.745137277271358 8.097254454572738
      vertex 1.1564163539696424 29.655441034945607 7.974663001676554
    endloop
  endfacet
  facet normal -0.9653655703464428 -0.2586689249751393 0.034054410021214544
    outer loop
      vertex 1.1564163539696424 29.655441034945607 8.025336998323446
      vertex 1.1564163539696424 29.65210535583496 8
      vertex 1.2070903506165351 29.46298742572618 8
    endloop
  endfacet
  facet normal -0.9653655703464428 -0.2586689249751393 -0.034054410021214544
    outer loop
      vertex 1.1564163539696424 29.65210535583496 8
      vertex 1.1564163539696424 29.655441034945607 7.974663001676554
      vertex 1.2070903506165351 29.46298742572618 8
    endloop
  endfacet
  facet normal -1 0 0
    outer loop
      vertex 1.1564163539696424 29.655441034945607 7.974663001676554
      vertex 1.1564163539696424 29.745137277271358 8.097254454572738
      vertex 1.1564163539696424 29.665220751258634 7.951052677917481
    endloop
  endfacet
  facet normal -1 0 0
    outer loop
      vertex 1.1564163539696424 29.665220751258634 7.951052677917481
      vertex 1.1564163539696424 29.745137277271358 8.097254454572738
      vertex 1.1564163539696424 29.680778033269053 7.930778033269057
    endloop
  endfacet
  facet normal -1 0 0
    outer loop
      vertex 1.1564163539696424 29.680778033269053 7.930778033269057
      vertex 1.1564163539696424 29.745137277271358 8.097254454572738
      vertex 1.1564163539696424 29.701052677917477 7.915220751258639
    endloop
  endfacet
  facet normal -1 0 0
    outer loop
      vertex 1.1564163539696424 29.701052677917477 7.915220751258639
      vertex 1.1564163539696424 29.745137277271358 8.097254454572738
      vertex 1.1564163539696424 29.72466300167655 7.905441034945611
    endloop
  endfacet
  facet normal -0.9653655703464429 -0.24104106520869586 -0.09984247829829003
    outer loop
      vertex 1.1564163539696424 29.655441034945607 7.974663001676554
      vertex 1.1564163539696424 29.665220751258634 7.951052677917481
      vertex 1.2070903506165351 29.472767142039206 7.925715679594035
    endloop
  endfacet
  facet normal -1 0 0
    outer loop
      vertex 1.1564163539696424 29.749999999999996 7.902105355834962
      vertex 1.1564163539696424 29.745137277271358 8.097254454572738
      vertex 1.1564163539696424 29.75486272272863 7.902745545427262
    endloop
  endfacet
  facet normal -1 0 0
    outer loop
      vertex 1.1564163539696424 29.72466300167655 7.905441034945611
      vertex 1.1564163539696424 29.745137277271358 8.097254454572738
      vertex 1.1564163539696424 29.749999999999996 7.902105355834962
    endloop
  endfacet
  facet normal -0.9653655703464422 -0.20698665518746673 -0.15882644667684576
    outer loop
      vertex 1.1564163539696424 29.665220751258634 7.951052677917481
      vertex 1.1564163539696424 29.680778033269053 7.930778033269057
      vertex 1.2070903506165351 29.5014398194733 7.856493712863092
    endloop
  endfacet
  facet normal -0.9653655703464423 -0.241041065208695 -0.09984247829829584
    outer loop
      vertex 1.1564163539696424 29.665220751258634 7.951052677917481
      vertex 1.2070903506165351 29.5014398194733 7.856493712863092
      vertex 1.2070903506165351 29.472767142039206 7.925715679594035
    endloop
  endfacet
  facet normal -0.965365570346442 -0.15882644667683501 -0.20698665518747633
    outer loop
      vertex 1.1564163539696424 29.680778033269053 7.930778033269057
      vertex 1.1564163539696424 29.701052677917477 7.915220751258639
      vertex 1.2070903506165351 29.54705146244517 7.797051462445177
    endloop
  endfacet
  facet normal -0.9653655703464424 -0.20698665518746806 -0.15882644667684284
    outer loop
      vertex 1.1564163539696424 29.680778033269053 7.930778033269057
      vertex 1.2070903506165351 29.54705146244517 7.797051462445177
      vertex 1.2070903506165351 29.5014398194733 7.856493712863092
    endloop
  endfacet
  facet normal -0.9653655703464428 -0.0998424782983055 -0.24104106520868948
    outer loop
      vertex 1.1564163539696424 29.701052677917477 7.915220751258639
      vertex 1.1564163539696424 29.72466300167655 7.905441034945611
      vertex 1.2070903506165351 29.606493712863088 7.7514398194733065
    endloop
  endfacet
  facet normal -0.8641551942546317 -0.39923554967420744 -0.3063442118256406
    outer loop
      vertex 1.2070903506165351 29.5014398194733 7.856493712863092
      vertex 1.2070903506165351 29.54705146244517 7.797051462445177
      vertex 1.3049849947815737 29.354597853225744 7.771714464121731
    endloop
  endfacet
  facet normal -0.8641551942546338 -0.3063442118256327 -0.3992355496742091
    outer loop
      vertex 1.2070903506165351 29.54705146244517 7.797051462445177
      vertex 1.2070903506165351 29.606493712863088 7.7514398194733065
      vertex 1.3049849947815737 29.427155499067336 7.677155499067341
    endloop
  endfacet
  facet normal -0.8641551942546323 -0.46491964458042606 -0.1925760221988946
    outer loop
      vertex 1.2070903506165351 29.5014398194733 7.856493712863092
      vertex 1.3049849947815737 29.354597853225744 7.771714464121731
      vertex 1.3049849947815737 29.308986210253874 7.881830711186538
    endloop
  endfacet
  facet normal -0.704062592219638 -0.656081890078312 -0.27175801689781537
    outer loop
      vertex 1.3049849947815737 29.308986210253874 7.881830711186538
      vertex 1.3049849947815737 29.354597853225744 7.771714464121731
      vertex 1.4434289282434596 29.175259639429992 7.845998784527696
    endloop
  endfacet
  facet normal -0.8641551942546338 -0.3992355496742097 -0.30634421182563215
    outer loop
      vertex 1.2070903506165351 29.54705146244517 7.797051462445177
      vertex 1.3049849947815737 29.427155499067336 7.677155499067341
      vertex 1.3049849947815737 29.354597853225744 7.771714464121731
    endloop
  endfacet
  facet normal -0.7040625922196372 -0.5633902913547456 -0.43230457532182054
    outer loop
      vertex 1.3049849947815737 29.354597853225744 7.771714464121731
      vertex 1.3049849947815737 29.427155499067336 7.677155499067341
      vertex 1.4434289282434596 29.23470188984791 7.702492497390788
    endloop
  endfacet
  facet normal -0.7040625922196373 -0.6560818900783121 -0.271758016897817
    outer loop
      vertex 1.4434289282434596 29.175259639429992 7.845998784527696
      vertex 1.3049849947815737 29.354597853225744 7.771714464121731
      vertex 1.4434289282434596 29.23470188984791 7.702492497390788
    endloop
  endfacet
  facet normal -0.864155194254635 -0.3063442118256354 -0.3992355496742042
    outer loop
      vertex 1.2070903506165351 29.606493712863088 7.7514398194733065
      vertex 1.3049849947815737 29.521714464121725 7.604597853225748
      vertex 1.3049849947815737 29.427155499067336 7.677155499067341
    endloop
  endfacet
  facet normal -0.7040625922196376 -0.43230457532182703 -0.5633902913547402
    outer loop
      vertex 1.3049849947815737 29.427155499067336 7.677155499067341
      vertex 1.3049849947815737 29.521714464121725 7.604597853225748
      vertex 1.4434289282434596 29.329260854902298 7.5792608549023015
    endloop
  endfacet
  facet normal -0.7040625922196363 -0.5633902913547452 -0.4323045753218226
    outer loop
      vertex 1.3049849947815737 29.427155499067336 7.677155499067341
      vertex 1.4434289282434596 29.329260854902298 7.5792608549023015
      vertex 1.4434289282434596 29.23470188984791 7.702492497390788
    endloop
  endfacet
  facet normal -0.7040625922196369 -0.43230457532182626 -0.5633902913547418
    outer loop
      vertex 1.3049849947815737 29.521714464121725 7.604597853225748
      vertex 1.4434289282434596 29.452492497390782 7.484701889847912
      vertex 1.4434289282434596 29.329260854902298 7.5792608549023015
    endloop
  endfacet
  facet normal -0.9653655703464425 -0.15882644667683976 -0.20698665518747028
    outer loop
      vertex 1.1564163539696424 29.701052677917477 7.915220751258639
      vertex 1.2070903506165351 29.606493712863088 7.7514398194733065
      vertex 1.2070903506165351 29.54705146244517 7.797051462445177
    endloop
  endfacet
  facet normal -0.9653655703464423 -0.03405441002121482 -0.2586689249751414
    outer loop
      vertex 1.1564163539696424 29.72466300167655 7.905441034945611
      vertex 1.1564163539696424 29.749999999999996 7.902105355834962
      vertex 1.2070903506165351 29.67571567959403 7.72276714203921
    endloop
  endfacet
  facet normal -0.9653655703464425 0.034054410021223745 -0.2586689249751392
    outer loop
      vertex 1.1564163539696424 29.749999999999996 7.902105355834962
      vertex 1.1564163539696424 29.75486272272863 7.902745545427262
      vertex 1.2070903506165351 29.749999999999996 7.712987425726183
    endloop
  endfacet
  facet normal -0.9653655703464424 -0.09984247829830108 -0.2410410652086928
    outer loop
      vertex 1.1564163539696424 29.72466300167655 7.905441034945611
      vertex 1.2070903506165351 29.67571567959403 7.72276714203921
      vertex 1.2070903506165351 29.606493712863088 7.7514398194733065
    endloop
  endfacet
  facet normal -0.9653655703464425 -0.034054410021220186 -0.2586689249751392
    outer loop
      vertex 1.1564163539696424 29.749999999999996 7.902105355834962
      vertex 1.2070903506165351 29.749999999999996 7.712987425726183
      vertex 1.2070903506165351 29.67571567959403 7.72276714203921
    endloop
  endfacet
  facet normal -0.9653655703464425 0.03405441002121891 -0.2586689249751391
    outer loop
      vertex 1.2070903506165351 29.749999999999996 7.712987425726183
      vertex 1.1564163539696424 29.75486272272863 7.902745545427262
      vertex 1.2070903506165351 29.764256781667978 7.714864366640331
    endloop
  endfacet
  facet normal -0.8641551942546353 -0.1925760221988947 -0.4649196445804202
    outer loop
      vertex 1.2070903506165351 29.606493712863088 7.7514398194733065
      vertex 1.2070903506165351 29.67571567959403 7.72276714203921
      vertex 1.3049849947815737 29.521714464121725 7.604597853225748
    endloop
  endfacet
  facet normal -0.8641551942546336 -0.06568409490621 -0.49892023402452657
    outer loop
      vertex 1.2070903506165351 29.67571567959403 7.72276714203921
      vertex 1.2070903506165351 29.749999999999996 7.712987425726183
      vertex 1.3049849947815737 29.631830711186534 7.558986210253877
    endloop
  endfacet
  facet normal -0.864155194254635 0.06568409490620729 -0.49892023402452446
    outer loop
      vertex 1.2070903506165351 29.749999999999996 7.712987425726183
      vertex 1.2070903506165351 29.764256781667978 7.714864366640331
      vertex 1.3049849947815737 29.749999999999996 7.5434289282434595
    endloop
  endfacet
  facet normal -0.864155194254634 -0.19257602219889075 -0.4649196445804242
    outer loop
      vertex 1.2070903506165351 29.67571567959403 7.72276714203921
      vertex 1.3049849947815737 29.631830711186534 7.558986210253877
      vertex 1.3049849947815737 29.521714464121725 7.604597853225748
    endloop
  endfacet
  facet normal -0.8641551942546347 -0.06568409490621398 -0.4989202340245242
    outer loop
      vertex 1.2070903506165351 29.749999999999996 7.712987425726183
      vertex 1.3049849947815737 29.749999999999996 7.5434289282434595
      vertex 1.3049849947815737 29.631830711186534 7.558986210253877
    endloop
  endfacet
  facet normal -0.8641551942546358 0.06568409490620022 -0.49892023402452423
    outer loop
      vertex 1.3049849947815737 29.749999999999996 7.5434289282434595
      vertex 1.2070903506165351 29.764256781667978 7.714864366640331
      vertex 1.3049849947815737 29.772679264497096 7.546414710057947
    endloop
  endfacet
  facet normal -0.704062592219637 -0.2717580168978121 -0.6560818900783146
    outer loop
      vertex 1.3049849947815737 29.521714464121725 7.604597853225748
      vertex 1.3049849947815737 29.631830711186534 7.558986210253877
      vertex 1.4434289282434596 29.452492497390782 7.484701889847912
    endloop
  endfacet
  facet normal -0.49678152337643655 -0.8604508387494534 0.1132805019725334
    outer loop
      vertex 1.4434289282434596 29.175259639429992 8.154001215472304
      vertex 1.6129874257261827 29.05709035061653 8
      vertex 1.6129874257261827 29.080700674375603 8.17933821379575
    endloop
  endfacet
  facet normal -0.49678152337644776 -0.8604508387494489 0.11328050197251784
    outer loop
      vertex 1.4434289282434596 29.175259639429992 8.154001215472304
      vertex 1.4434289282434596 29.15498499478157 8
      vertex 1.6129874257261827 29.05709035061653 8
    endloop
  endfacet
  facet normal -0.25675136523052833 -0.9582091399530059 0.1261506264858819
    outer loop
      vertex 1.6129874257261827 29.080700674375603 8.17933821379575
      vertex 1.6129874257261827 29.05709035061653 8
      vertex 1.8021053558349616 29.006416353969637 8
    endloop
  endfacet
  facet normal -0.49678152337644776 -0.860450838749449 -0.11328050197251785
    outer loop
      vertex 1.4434289282434596 29.15498499478157 8
      vertex 1.4434289282434596 29.175259639429992 7.845998784527696
      vertex 1.6129874257261827 29.05709035061653 8
    endloop
  endfacet
  facet normal -0.49678152337643655 -0.8604508387494534 -0.1132805019725334
    outer loop
      vertex 1.4434289282434596 29.175259639429992 7.845998784527696
      vertex 1.6129874257261827 29.080700674375603 7.82066178620425
      vertex 1.6129874257261827 29.05709035061653 8
    endloop
  endfacet
  facet normal -0.25675136523052833 -0.9582091399530059 -0.1261506264858819
    outer loop
      vertex 1.6129874257261827 29.05709035061653 8
      vertex 1.6129874257261827 29.080700674375603 7.82066178620425
      vertex 1.8021053558349616 29.006416353969637 8
    endloop
  endfacet
  facet normal 0 -0.9914448613738104 0.1305261922200521
    outer loop
      vertex 1.8021053558349616 29.031753352293084 8.192453609219427
      vertex 1.8021053558349616 29.006416353969637 8
      vertex 1.9978946441650387 29.006416353969637 8
    endloop
  endfacet
  facet normal -0.2567513652305262 -0.9582091399530063 0.12615062648588432
    outer loop
      vertex 1.8021053558349616 29.031753352293084 8.192453609219427
      vertex 1.6129874257261827 29.080700674375603 8.17933821379575
      vertex 1.8021053558349616 29.006416353969637 8
    endloop
  endfacet
  facet normal -0.2567513652305262 -0.9582091399530063 -0.12615062648588432
    outer loop
      vertex 1.6129874257261827 29.080700674375603 7.82066178620425
      vertex 1.8021053558349616 29.031753352293084 7.807546390780573
      vertex 1.8021053558349616 29.006416353969637 8
    endloop
  endfacet
  facet normal 0 -0.9914448613738104 -0.1305261922200521
    outer loop
      vertex 1.8021053558349616 29.006416353969637 8
      vertex 1.8021053558349616 29.031753352293084 7.807546390780573
      vertex 1.9978946441650387 29.031753352293084 7.807546390780573
    endloop
  endfacet
  facet normal -0.49678152337643633 -0.8018125360509193 -0.3321216269130643
    outer loop
      vertex 1.4434289282434596 29.175259639429992 7.845998784527696
      vertex 1.4434289282434596 29.23470188984791 7.702492497390788
      vertex 1.6129874257261827 29.080700674375603 7.82066178620425
    endloop
  endfacet
  facet normal -0.4967815233764425 -0.801812536050919 -0.33212162691305525
    outer loop
      vertex 1.4434289282434596 29.23470188984791 7.702492497390788
      vertex 1.6129874257261827 29.149922641106546 7.653545175308267
      vertex 1.6129874257261827 29.080700674375603 7.82066178620425
    endloop
  endfacet
  facet normal -0.25675136523052616 -0.8929087705806845 -0.3698549227364042
    outer loop
      vertex 1.6129874257261827 29.080700674375603 7.82066178620425
      vertex 1.6129874257261827 29.149922641106546 7.653545175308267
      vertex 1.8021053558349616 29.031753352293084 7.807546390780573
    endloop
  endfacet
  facet normal -0.49678152337644327 -0.6885320340783853 -0.5283292118363906
    outer loop
      vertex 1.4434289282434596 29.23470188984791 7.702492497390788
      vertex 1.4434289282434596 29.329260854902298 7.5792608549023015
      vertex 1.6129874257261827 29.149922641106546 7.653545175308267
    endloop
  endfacet
  facet normal -0.49678152337643705 -0.6885320340783829 -0.5283292118363992
    outer loop
      vertex 1.6129874257261827 29.149922641106546 7.653545175308267
      vertex 1.4434289282434596 29.329260854902298 7.5792608549023015
      vertex 1.6129874257261827 29.260038888171355 7.5100388881713585
    endloop
  endfacet
  facet normal -0.25675136523051495 -0.7667581440947988 -0.5883542172166073
    outer loop
      vertex 1.6129874257261827 29.149922641106546 7.653545175308267
      vertex 1.6129874257261827 29.260038888171355 7.5100388881713585
      vertex 1.8021053558349616 29.106037672699053 7.6282081769848205
    endloop
  endfacet
  facet normal -0.2567513652305134 -0.8929087705806824 -0.3698549227364181
    outer loop
      vertex 1.6129874257261827 29.149922641106546 7.653545175308267
      vertex 1.8021053558349616 29.106037672699053 7.6282081769848205
      vertex 1.8021053558349616 29.031753352293084 7.807546390780573
    endloop
  endfacet
  facet normal 0 -0.923879532511282 -0.3826834323651013
    outer loop
      vertex 1.8021053558349616 29.031753352293084 7.807546390780573
      vertex 1.8021053558349616 29.106037672699053 7.6282081769848205
      vertex 1.9978946441650387 29.106037672699053 7.6282081769848205
    endloop
  endfacet
  facet normal 0 -0.3826834323650857 0.9238795325112885
    outer loop
      vertex 1.8021053558349616 29.378208176984817 8.643962327300946
      vertex 1.9978946441650387 29.378208176984817 8.643962327300946
      vertex 1.9978946441650387 29.55754639078057 8.718246647706911
    endloop
  endfacet
  facet normal 0.25675136523052855 -0.3698549227364016 0.892908770580685
    outer loop
      vertex 1.9978946441650387 29.55754639078057 8.718246647706911
      vertex 1.9978946441650387 29.378208176984817 8.643962327300946
      vertex 2.1870125742738176 29.403545175308263 8.600077358893449
    endloop
  endfacet
  facet normal 0 -0.6087614290087253 0.7933533402912316
    outer loop
      vertex 1.8021053558349616 29.224206961512515 8.525793038487484
      vertex 1.9978946441650387 29.224206961512515 8.525793038487484
      vertex 1.9978946441650387 29.378208176984817 8.643962327300946
    endloop
  endfacet
  facet normal 0.25675136523052206 -0.5883542172166056 0.7667581440947974
    outer loop
      vertex 1.9978946441650387 29.378208176984817 8.643962327300946
      vertex 1.9978946441650387 29.224206961512515 8.525793038487484
      vertex 2.1870125742738176 29.260038888171355 8.489961111828642
    endloop
  endfacet
  facet normal 0.2567513652305227 -0.36985492273640774 0.8929087705806839
    outer loop
      vertex 1.9978946441650387 29.55754639078057 8.718246647706911
      vertex 2.1870125742738176 29.403545175308263 8.600077358893449
      vertex 2.1870125742738176 29.570661786204244 8.669299325624392
    endloop
  endfacet
  facet normal 0.2567513652305287 -0.5883542172165991 0.7667581440948005
    outer loop
      vertex 1.9978946441650387 29.378208176984817 8.643962327300946
      vertex 2.1870125742738176 29.260038888171355 8.489961111828642
      vertex 2.1870125742738176 29.403545175308263 8.600077358893449
    endloop
  endfacet
  facet normal 0.4967815233764343 -0.33212162691306 0.8018125360509222
    outer loop
      vertex 2.1870125742738176 29.570661786204244 8.669299325624392
      vertex 2.1870125742738176 29.403545175308263 8.600077358893449
      vertex 2.3565710717565405 29.452492497390782 8.515298110152088
    endloop
  endfacet
  facet normal 0.4967815233764373 -0.5283292118363939 0.688532034078387
    outer loop
      vertex 2.1870125742738176 29.403545175308263 8.600077358893449
      vertex 2.1870125742738176 29.260038888171355 8.489961111828642
      vertex 2.3565710717565405 29.329260854902298 8.420739145097698
    endloop
  endfacet
  facet normal 0.49678152337643383 -0.5283292118363987 0.6885320340783858
    outer loop
      vertex 2.1870125742738176 29.403545175308263 8.600077358893449
      vertex 2.3565710717565405 29.329260854902298 8.420739145097698
      vertex 2.3565710717565405 29.452492497390782 8.515298110152088
    endloop
  endfacet
  facet normal 0 -0.1305261922200533 0.9914448613738102
    outer loop
      vertex 1.8021053558349616 29.55754639078057 8.718246647706911
      vertex 1.9978946441650387 29.55754639078057 8.718246647706911
      vertex 1.9978946441650387 29.713063953834908 8.73872092330172
    endloop
  endfacet
  facet normal 0.2567513652305249 -0.12615062648588551 0.9582091399530064
    outer loop
      vertex 1.9978946441650387 29.55754639078057 8.718246647706911
      vertex 2.1870125742738176 29.715581084341355 8.688378313172755
      vertex 1.9978946441650387 29.713063953834908 8.73872092330172
    endloop
  endfacet
  facet normal 0.2567513652305252 -0.12615062648588593 0.9582091399530063
    outer loop
      vertex 1.9978946441650387 29.55754639078057 8.718246647706911
      vertex 2.1870125742738176 29.570661786204244 8.669299325624392
      vertex 2.1870125742738176 29.715581084341355 8.688378313172755
    endloop
  endfacet
  facet normal 0.4967815233764355 -0.11328050197253707 0.8604508387494535
    outer loop
      vertex 2.1870125742738176 29.570661786204244 8.669299325624392
      vertex 2.3565710717565405 29.720443807069994 8.591123858600017
      vertex 2.1870125742738176 29.715581084341355 8.688378313172755
    endloop
  endfacet
  facet normal 0.49678152337643755 -0.11328050197254011 0.8604508387494519
    outer loop
      vertex 2.1870125742738176 29.570661786204244 8.669299325624392
      vertex 2.3565710717565405 29.59599878452769 8.574740360570003
      vertex 2.3565710717565405 29.720443807069994 8.591123858600017
    endloop
  endfacet
  facet normal 0.4967815233764373 -0.33212162691305563 0.8018125360509222
    outer loop
      vertex 2.1870125742738176 29.570661786204244 8.669299325624392
      vertex 2.3565710717565405 29.452492497390782 8.515298110152088
      vertex 2.3565710717565405 29.59599878452769 8.574740360570003
    endloop
  endfacet
  facet normal 0 -0.7933533402912349 0.6087614290087208
    outer loop
      vertex 1.8021053558349616 29.224206961512515 8.525793038487484
      vertex 1.9978946441650387 29.106037672699053 8.37179182301518
      vertex 1.9978946441650387 29.224206961512515 8.525793038487484
    endloop
  endfacet
  facet normal 0.2567513652305203 -0.7667581440948011 0.5883542172166017
    outer loop
      vertex 1.9978946441650387 29.224206961512515 8.525793038487484
      vertex 1.9978946441650387 29.106037672699053 8.37179182301518
      vertex 2.1870125742738176 29.260038888171355 8.489961111828642
    endloop
  endfacet
  facet normal 0 -0.923879532511282 0.3826834323651013
    outer loop
      vertex 1.8021053558349616 29.106037672699053 8.37179182301518
      vertex 1.9978946441650387 29.031753352293084 8.192453609219427
      vertex 1.9978946441650387 29.106037672699053 8.37179182301518
    endloop
  endfacet
  facet normal 0.25675136523051345 -0.8929087705806824 0.3698549227364182
    outer loop
      vertex 1.9978946441650387 29.106037672699053 8.37179182301518
      vertex 1.9978946441650387 29.031753352293084 8.192453609219427
      vertex 2.1870125742738176 29.149922641106546 8.346454824691733
    endloop
  endfacet
  facet normal 0.256751365230515 -0.7667581440947988 0.5883542172166073
    outer loop
      vertex 1.9978946441650387 29.106037672699053 8.37179182301518
      vertex 2.1870125742738176 29.149922641106546 8.346454824691733
      vertex 2.1870125742738176 29.260038888171355 8.489961111828642
    endloop
  endfacet
  facet normal 0.49678152337643755 -0.6885320340783827 0.5283292118363991
    outer loop
      vertex 2.1870125742738176 29.260038888171355 8.489961111828642
      vertex 2.1870125742738176 29.149922641106546 8.346454824691733
      vertex 2.3565710717565405 29.329260854902298 8.420739145097698
    endloop
  endfacet
  facet normal 0.4967815233764439 -0.688532034078385 0.5283292118363904
    outer loop
      vertex 2.3565710717565405 29.329260854902298 8.420739145097698
      vertex 2.1870125742738176 29.149922641106546 8.346454824691733
      vertex 2.3565710717565405 29.23470188984791 8.297507502609212
    endloop
  endfacet
  facet normal 0.25675136523052616 -0.8929087705806845 0.36985492273640413
    outer loop
      vertex 1.9978946441650387 29.031753352293084 8.192453609219427
      vertex 2.1870125742738176 29.080700674375603 8.17933821379575
      vertex 2.1870125742738176 29.149922641106546 8.346454824691733
    endloop
  endfacet
  facet normal 0.4967815233764431 -0.801812536050919 0.33212162691305513
    outer loop
      vertex 2.1870125742738176 29.149922641106546 8.346454824691733
      vertex 2.1870125742738176 29.080700674375603 8.17933821379575
      vertex 2.3565710717565405 29.23470188984791 8.297507502609212
    endloop
  endfacet
  facet normal 0.4967815233764368 -0.801812536050919 0.33212162691306424
    outer loop
      vertex 2.1870125742738176 29.080700674375603 8.17933821379575
      vertex 2.3565710717565405 29.175259639429992 8.154001215472304
      vertex 2.3565710717565405 29.23470188984791 8.297507502609212
    endloop
  endfacet
  facet normal 0.704062592219639 -0.09269159872357528 0.7040625922196336
    outer loop
      vertex 2.3565710717565405 29.59599878452769 8.574740360570003
      vertex 2.4950150052184266 29.727320735502893 8.453585289942051
      vertex 2.3565710717565405 29.720443807069994 8.591123858600017
    endloop
  endfacet
  facet normal 0.7040625922196354 -0.2717580168978109 0.6560818900783169
    outer loop
      vertex 2.3565710717565405 29.59599878452769 8.574740360570003
      vertex 2.3565710717565405 29.452492497390782 8.515298110152088
      vertex 2.4950150052184266 29.631830711186534 8.441013789746123
    endloop
  endfacet
  facet normal 0.7040625922196336 -0.09269159872356306 0.7040625922196407
    outer loop
      vertex 2.3565710717565405 29.59599878452769 8.574740360570003
      vertex 2.4950150052184266 29.631830711186534 8.441013789746123
      vertex 2.4950150052184266 29.727320735502893 8.453585289942051
    endloop
  endfacet
  facet normal 0.7040625922196363 -0.43230457532182653 0.5633902913547423
    outer loop
      vertex 2.3565710717565405 29.452492497390782 8.515298110152088
      vertex 2.3565710717565405 29.329260854902298 8.420739145097698
      vertex 2.4950150052184266 29.521714464121725 8.395402146774252
    endloop
  endfacet
  facet normal 0.7040625922196357 -0.5633902913547457 0.4323045753218229
    outer loop
      vertex 2.3565710717565405 29.329260854902298 8.420739145097698
      vertex 2.3565710717565405 29.23470188984791 8.297507502609212
      vertex 2.4950150052184266 29.427155499067336 8.322844500932659
    endloop
  endfacet
  facet normal 0.7040625922196371 -0.4323045753218273 0.5633902913547405
    outer loop
      vertex 2.3565710717565405 29.329260854902298 8.420739145097698
      vertex 2.4950150052184266 29.427155499067336 8.322844500932659
      vertex 2.4950150052184266 29.521714464121725 8.395402146774252
    endloop
  endfacet
  facet normal 0.7040625922196367 -0.6560818900783126 0.27175801689781726
    outer loop
      vertex 2.3565710717565405 29.23470188984791 8.297507502609212
      vertex 2.3565710717565405 29.175259639429992 8.154001215472304
      vertex 2.4950150052184266 29.354597853225744 8.22828553587827
    endloop
  endfacet
  facet normal 0.7040625922196366 -0.563390291354746 0.4323045753218209
    outer loop
      vertex 2.3565710717565405 29.23470188984791 8.297507502609212
      vertex 2.4950150052184266 29.354597853225744 8.22828553587827
      vertex 2.4950150052184266 29.427155499067336 8.322844500932659
    endloop
  endfacet
  facet normal 0.8641551942546356 -0.3063442118256349 0.3992355496742035
    outer loop
      vertex 2.4950150052184266 29.521714464121725 8.395402146774252
      vertex 2.4950150052184266 29.427155499067336 8.322844500932659
      vertex 2.592909649383465 29.606493712863088 8.248560180526693
    endloop
  endfacet
  facet normal 0.8641551942546343 -0.399235549674209 0.30634421182563165
    outer loop
      vertex 2.4950150052184266 29.427155499067336 8.322844500932659
      vertex 2.4950150052184266 29.354597853225744 8.22828553587827
      vertex 2.592909649383465 29.54705146244517 8.202948537554823
    endloop
  endfacet
  facet normal 0.8641551942546345 -0.3063442118256323 0.3992355496742084
    outer loop
      vertex 2.4950150052184266 29.427155499067336 8.322844500932659
      vertex 2.592909649383465 29.54705146244517 8.202948537554823
      vertex 2.592909649383465 29.606493712863088 8.248560180526693
    endloop
  endfacet
  facet normal 0.8641551942546323 -0.3992355496742068 0.3063442118256402
    outer loop
      vertex 2.4950150052184266 29.354597853225744 8.22828553587827
      vertex 2.592909649383465 29.5014398194733 8.143506287136908
      vertex 2.592909649383465 29.54705146244517 8.202948537554823
    endloop
  endfacet
  facet normal 0.7040625922196364 -0.27175801689781226 0.6560818900783151
    outer loop
      vertex 2.3565710717565405 29.452492497390782 8.515298110152088
      vertex 2.4950150052184266 29.521714464121725 8.395402146774252
      vertex 2.4950150052184266 29.631830711186534 8.441013789746123
    endloop
  endfacet
  facet normal 0.8641551942546345 -0.19257602219889042 0.46491964458042334
    outer loop
      vertex 2.4950150052184266 29.631830711186534 8.441013789746123
      vertex 2.4950150052184266 29.521714464121725 8.395402146774252
      vertex 2.592909649383465 29.67571567959403 8.27723285796079
    endloop
  endfacet
  facet normal 0.8641551942546336 -0.06568409490621067 0.4989202340245265
    outer loop
      vertex 2.4950150052184266 29.631830711186534 8.441013789746123
      vertex 2.592909649383465 29.73574321833201 8.285135633359669
      vertex 2.4950150052184266 29.727320735502893 8.453585289942051
    endloop
  endfacet
  facet normal 0.8641551942546343 -0.06568409490621421 0.4989202340245247
    outer loop
      vertex 2.4950150052184266 29.631830711186534 8.441013789746123
      vertex 2.592909649383465 29.67571567959403 8.27723285796079
      vertex 2.592909649383465 29.73574321833201 8.285135633359669
    endloop
  endfacet
  facet normal 0.8641551942546359 -0.1925760221988944 0.4649196445804194
    outer loop
      vertex 2.4950150052184266 29.521714464121725 8.395402146774252
      vertex 2.592909649383465 29.606493712863088 8.248560180526693
      vertex 2.592909649383465 29.67571567959403 8.27723285796079
    endloop
  endfacet
  facet normal 0.9653655703464425 -0.03405441002122247 0.258668924975139
    outer loop
      vertex 2.592909649383465 29.67571567959403 8.27723285796079
      vertex 2.6435836460303577 29.745137277271358 8.097254454572738
      vertex 2.592909649383465 29.73574321833201 8.285135633359669
    endloop
  endfacet
  facet normal 0.9653655703464425 -0.1588264466768398 0.20698665518747028
    outer loop
      vertex 2.592909649383465 29.606493712863088 8.248560180526693
      vertex 2.592909649383465 29.54705146244517 8.202948537554823
      vertex 2.6435836460303577 29.701052677917477 8.084779248741361
    endloop
  endfacet
  facet normal 0.9653655703464423 -0.09984247829830105 0.2410410652086928
    outer loop
      vertex 2.592909649383465 29.67571567959403 8.27723285796079
      vertex 2.592909649383465 29.606493712863088 8.248560180526693
      vertex 2.6435836460303577 29.72466300167655 8.09455896505439
    endloop
  endfacet
  facet normal 0 -0.9914448613738104 0.1305261922200521
    outer loop
      vertex 1.8021053558349616 29.031753352293084 8.192453609219427
      vertex 1.9978946441650387 29.006416353969637 8
      vertex 1.9978946441650387 29.031753352293084 8.192453609219427
    endloop
  endfacet
  facet normal 0.2567513652305262 -0.9582091399530063 0.12615062648588432
    outer loop
      vertex 1.9978946441650387 29.031753352293084 8.192453609219427
      vertex 1.9978946441650387 29.006416353969637 8
      vertex 2.1870125742738176 29.080700674375603 8.17933821379575
    endloop
  endfacet
  facet normal 0 -0.9914448613738104 -0.1305261922200521
    outer loop
      vertex 1.8021053558349616 29.006416353969637 8
      vertex 1.9978946441650387 29.031753352293084 7.807546390780573
      vertex 1.9978946441650387 29.006416353969637 8
    endloop
  endfacet
  facet normal 0.2567513652305262 -0.9582091399530063 -0.12615062648588432
    outer loop
      vertex 1.9978946441650387 29.006416353969637 8
      vertex 1.9978946441650387 29.031753352293084 7.807546390780573
      vertex 2.1870125742738176 29.080700674375603 7.82066178620425
    endloop
  endfacet
  facet normal 0.25675136523052833 -0.9582091399530059 0.1261506264858819
    outer loop
      vertex 2.1870125742738176 29.080700674375603 8.17933821379575
      vertex 1.9978946441650387 29.006416353969637 8
      vertex 2.1870125742738176 29.05709035061653 8
    endloop
  endfacet
  facet normal 0.49678152337643716 -0.860450838749453 0.11328050197253345
    outer loop
      vertex 2.1870125742738176 29.080700674375603 8.17933821379575
      vertex 2.1870125742738176 29.05709035061653 8
      vertex 2.3565710717565405 29.175259639429992 8.154001215472304
    endloop
  endfacet
  facet normal 0.4967815233764483 -0.8604508387494487 0.11328050197251782
    outer loop
      vertex 2.3565710717565405 29.175259639429992 8.154001215472304
      vertex 2.1870125742738176 29.05709035061653 8
      vertex 2.3565710717565405 29.15498499478157 8
    endloop
  endfacet
  facet normal 0.25675136523052833 -0.9582091399530059 -0.12615062648588193
    outer loop
      vertex 1.9978946441650387 29.006416353969637 8
      vertex 2.1870125742738176 29.080700674375603 7.82066178620425
      vertex 2.1870125742738176 29.05709035061653 8
    endloop
  endfacet
  facet normal 0.49678152337644826 -0.8604508387494487 -0.11328050197251782
    outer loop
      vertex 2.1870125742738176 29.05709035061653 8
      vertex 2.3565710717565405 29.175259639429992 7.845998784527696
      vertex 2.3565710717565405 29.15498499478157 8
    endloop
  endfacet
  facet normal 0.49678152337643716 -0.860450838749453 -0.11328050197253345
    outer loop
      vertex 2.1870125742738176 29.05709035061653 8
      vertex 2.1870125742738176 29.080700674375603 7.82066178620425
      vertex 2.3565710717565405 29.175259639429992 7.845998784527696
    endloop
  endfacet
  facet normal 0 -0.923879532511282 -0.3826834323651013
    outer loop
      vertex 1.8021053558349616 29.031753352293084 7.807546390780573
      vertex 1.9978946441650387 29.106037672699053 7.6282081769848205
      vertex 1.9978946441650387 29.031753352293084 7.807546390780573
    endloop
  endfacet
  facet normal 0 -0.7933533402912349 -0.6087614290087208
    outer loop
      vertex 1.8021053558349616 29.106037672699053 7.6282081769848205
      vertex 1.9978946441650387 29.224206961512515 7.474206961512516
      vertex 1.9978946441650387 29.106037672699053 7.6282081769848205
    endloop
  endfacet
  facet normal 0.2567513652305134 -0.8929087705806824 -0.3698549227364182
    outer loop
      vertex 1.9978946441650387 29.031753352293084 7.807546390780573
      vertex 1.9978946441650387 29.106037672699053 7.6282081769848205
      vertex 2.1870125742738176 29.149922641106546 7.653545175308267
    endloop
  endfacet
  facet normal 0.25675136523052616 -0.8929087705806845 -0.3698549227364042
    outer loop
      vertex 2.1870125742738176 29.080700674375603 7.82066178620425
      vertex 1.9978946441650387 29.031753352293084 7.807546390780573
      vertex 2.1870125742738176 29.149922641106546 7.653545175308267
    endloop
  endfacet
  facet normal 0.4967815233764368 -0.801812536050919 -0.33212162691306424
    outer loop
      vertex 2.1870125742738176 29.080700674375603 7.82066178620425
      vertex 2.3565710717565405 29.23470188984791 7.702492497390788
      vertex 2.3565710717565405 29.175259639429992 7.845998784527696
    endloop
  endfacet
  facet normal 0.4967815233764431 -0.801812536050919 -0.33212162691305513
    outer loop
      vertex 2.1870125742738176 29.080700674375603 7.82066178620425
      vertex 2.1870125742738176 29.149922641106546 7.653545175308267
      vertex 2.3565710717565405 29.23470188984791 7.702492497390788
    endloop
  endfacet
  facet normal 0.25675136523051495 -0.7667581440947988 -0.5883542172166073
    outer loop
      vertex 2.1870125742738176 29.149922641106546 7.653545175308267
      vertex 1.9978946441650387 29.106037672699053 7.6282081769848205
      vertex 2.1870125742738176 29.260038888171355 7.5100388881713585
    endloop
  endfacet
  facet normal 0.4967815233764438 -0.688532034078385 -0.5283292118363905
    outer loop
      vertex 2.1870125742738176 29.149922641106546 7.653545175308267
      vertex 2.3565710717565405 29.329260854902298 7.5792608549023015
      vertex 2.3565710717565405 29.23470188984791 7.702492497390788
    endloop
  endfacet
  facet normal 0.49678152337643755 -0.6885320340783827 -0.5283292118363991
    outer loop
      vertex 2.1870125742738176 29.149922641106546 7.653545175308267
      vertex 2.1870125742738176 29.260038888171355 7.5100388881713585
      vertex 2.3565710717565405 29.329260854902298 7.5792608549023015
    endloop
  endfacet
  facet normal 0.7040625922196372 -0.7040625922196376 0.09269159872355785
    outer loop
      vertex 2.3565710717565405 29.175259639429992 8.154001215472304
      vertex 2.3565710717565405 29.15498499478157 8
      vertex 2.4950150052184266 29.308986210253874 8.118169288813462
    endloop
  endfacet
  facet normal 0.7040625922196375 -0.6560818900783126 0.27175801689781565
    outer loop
      vertex 2.4950150052184266 29.354597853225744 8.22828553587827
      vertex 2.3565710717565405 29.175259639429992 8.154001215472304
      vertex 2.4950150052184266 29.308986210253874 8.118169288813462
    endloop
  endfacet
  facet normal 0.8641551942546327 -0.46491964458042534 0.19257602219889433
    outer loop
      vertex 2.4950150052184266 29.354597853225744 8.22828553587827
      vertex 2.4950150052184266 29.308986210253874 8.118169288813462
      vertex 2.592909649383465 29.5014398194733 8.143506287136908
    endloop
  endfacet
  facet normal 0.7040625922196375 -0.7040625922196375 0.09269159872355708
    outer loop
      vertex 2.4950150052184266 29.308986210253874 8.118169288813462
      vertex 2.3565710717565405 29.15498499478157 8
      vertex 2.4950150052184266 29.293428928243458 8
    endloop
  endfacet
  facet normal 0.8641551942546339 -0.4989202340245264 0.06568409490620673
    outer loop
      vertex 2.4950150052184266 29.308986210253874 8.118169288813462
      vertex 2.4950150052184266 29.293428928243458 8
      vertex 2.592909649383465 29.472767142039206 8.074284320405965
    endloop
  endfacet
  facet normal 0.7040625922196372 -0.7040625922196377 -0.09269159872355787
    outer loop
      vertex 2.3565710717565405 29.15498499478157 8
      vertex 2.3565710717565405 29.175259639429992 7.845998784527696
      vertex 2.4950150052184266 29.308986210253874 7.881830711186538
    endloop
  endfacet
  facet normal 0.7040625922196375 -0.7040625922196375 -0.09269159872355713
    outer loop
      vertex 2.3565710717565405 29.15498499478157 8
      vertex 2.4950150052184266 29.308986210253874 7.881830711186538
      vertex 2.4950150052184266 29.293428928243458 8
    endloop
  endfacet
  facet normal 0.8641551942546334 -0.49892023402452745 -0.06568409490620687
    outer loop
      vertex 2.4950150052184266 29.293428928243458 8
      vertex 2.4950150052184266 29.308986210253874 7.881830711186538
      vertex 2.592909649383465 29.46298742572618 8
    endloop
  endfacet
  facet normal 0.8641551942546349 -0.4649196445804252 0.19257602219888487
    outer loop
      vertex 2.4950150052184266 29.308986210253874 8.118169288813462
      vertex 2.592909649383465 29.472767142039206 8.074284320405965
      vertex 2.592909649383465 29.5014398194733 8.143506287136908
    endloop
  endfacet
  facet normal 0.864155194254633 -0.49892023402452734 0.06568409490621009
    outer loop
      vertex 2.592909649383465 29.472767142039206 8.074284320405965
      vertex 2.4950150052184266 29.293428928243458 8
      vertex 2.592909649383465 29.46298742572618 8
    endloop
  endfacet
  facet normal 0.9653655703464423 -0.25866892497513994 0.034054410021220276
    outer loop
      vertex 2.592909649383465 29.472767142039206 8.074284320405965
      vertex 2.592909649383465 29.46298742572618 8
      vertex 2.6435836460303577 29.655441034945607 8.025336998323446
    endloop
  endfacet
  facet normal 0.8641551942546342 -0.4989202340245257 -0.06568409490620987
    outer loop
      vertex 2.592909649383465 29.46298742572618 8
      vertex 2.4950150052184266 29.308986210253874 7.881830711186538
      vertex 2.592909649383465 29.472767142039206 7.925715679594035
    endloop
  endfacet
  facet normal 0.9653655703464425 -0.2586689249751392 -0.034054410021220186
    outer loop
      vertex 2.592909649383465 29.46298742572618 8
      vertex 2.592909649383465 29.472767142039206 7.925715679594035
      vertex 2.6435836460303577 29.65210535583496 8
    endloop
  endfacet
  facet normal 0.8641551942546349 -0.4649196445804252 -0.19257602219888484
    outer loop
      vertex 2.592909649383465 29.472767142039206 7.925715679594035
      vertex 2.4950150052184266 29.308986210253874 7.881830711186538
      vertex 2.592909649383465 29.5014398194733 7.856493712863092
    endloop
  endfacet
  facet normal 0.9653655703464424 -0.20698665518746803 0.15882644667684281
    outer loop
      vertex 2.592909649383465 29.54705146244517 8.202948537554823
      vertex 2.592909649383465 29.5014398194733 8.143506287136908
      vertex 2.6435836460303577 29.680778033269053 8.069221966730943
    endloop
  endfacet
  facet normal 0.9653655703464423 -0.03405441002121864 0.25866892497514044
    outer loop
      vertex 2.592909649383465 29.67571567959403 8.27723285796079
      vertex 2.6435836460303577 29.72466300167655 8.09455896505439
      vertex 2.6435836460303577 29.745137277271358 8.097254454572738
    endloop
  endfacet
  facet normal 0.9653655703464428 -0.09984247829830534 0.24104106520868934
    outer loop
      vertex 2.592909649383465 29.606493712863088 8.248560180526693
      vertex 2.6435836460303577 29.701052677917477 8.084779248741361
      vertex 2.6435836460303577 29.72466300167655 8.09455896505439
    endloop
  endfacet
  facet normal 0.965365570346442 -0.15882644667683515 0.2069866551874765
    outer loop
      vertex 2.592909649383465 29.54705146244517 8.202948537554823
      vertex 2.6435836460303577 29.680778033269053 8.069221966730943
      vertex 2.6435836460303577 29.701052677917477 8.084779248741361
    endloop
  endfacet
  facet normal 0.9653655703464423 -0.241041065208695 0.09984247829829579
    outer loop
      vertex 2.592909649383465 29.5014398194733 8.143506287136908
      vertex 2.592909649383465 29.472767142039206 8.074284320405965
      vertex 2.6435836460303577 29.665220751258634 8.048947322082519
    endloop
  endfacet
  facet normal 0.9653655703464421 -0.20698665518746678 0.15882644667684595
    outer loop
      vertex 2.592909649383465 29.5014398194733 8.143506287136908
      vertex 2.6435836460303577 29.665220751258634 8.048947322082519
      vertex 2.6435836460303577 29.680778033269053 8.069221966730943
    endloop
  endfacet
  facet normal 0.9653655703464429 -0.24104106520869586 0.09984247829829003
    outer loop
      vertex 2.592909649383465 29.472767142039206 8.074284320405965
      vertex 2.6435836460303577 29.655441034945607 8.025336998323446
      vertex 2.6435836460303577 29.665220751258634 8.048947322082519
    endloop
  endfacet
  facet normal 1 0 0
    outer loop
      vertex 2.6435836460303577 29.72466300167655 8.09455896505439
      vertex 2.6435836460303577 29.75486272272863 7.902745545427262
      vertex 2.6435836460303577 29.745137277271358 8.097254454572738
    endloop
  endfacet
  facet normal 1 0 0
    outer loop
      vertex 2.6435836460303577 29.701052677917477 8.084779248741361
      vertex 2.6435836460303577 29.680778033269053 8.069221966730943
      vertex 2.6435836460303577 29.75486272272863 7.902745545427262
    endloop
  endfacet
  facet normal 1 0 0
    outer loop
      vertex 2.6435836460303577 29.72466300167655 8.09455896505439
      vertex 2.6435836460303577 29.701052677917477 8.084779248741361
      vertex 2.6435836460303577 29.75486272272863 7.902745545427262
    endloop
  endfacet
  facet normal 0.9653655703464428 -0.2586689249751393 0.034054410021214544
    outer loop
      vertex 2.6435836460303577 29.655441034945607 8.025336998323446
      vertex 2.592909649383465 29.46298742572618 8
      vertex 2.6435836460303577 29.65210535583496 8
    endloop
  endfacet
  facet normal 1 0 0
    outer loop
      vertex 2.6435836460303577 29.680778033269053 8.069221966730943
      vertex 2.6435836460303577 29.665220751258634 8.048947322082519
      vertex 2.6435836460303577 29.75486272272863 7.902745545427262
    endloop
  endfacet
  facet normal 1 0 0
    outer loop
      vertex 2.6435836460303577 29.665220751258634 8.048947322082519
      vertex 2.6435836460303577 29.655441034945607 8.025336998323446
      vertex 2.6435836460303577 29.75486272272863 7.902745545427262
    endloop
  endfacet
  facet normal 1 0 0
    outer loop
      vertex 2.6435836460303577 29.655441034945607 8.025336998323446
      vertex 2.6435836460303577 29.65210535583496 8
      vertex 2.6435836460303577 29.75486272272863 7.902745545427262
    endloop
  endfacet
  facet normal 0.9653655703464423 -0.2586689249751414 -0.03405441002121482
    outer loop
      vertex 2.6435836460303577 29.65210535583496 8
      vertex 2.592909649383465 29.472767142039206 7.925715679594035
      vertex 2.6435836460303577 29.655441034945607 7.974663001676554
    endloop
  endfacet
  facet normal 0.9653655703464429 -0.24104106520869586 -0.09984247829829003
    outer loop
      vertex 2.6435836460303577 29.655441034945607 7.974663001676554
      vertex 2.592909649383465 29.472767142039206 7.925715679594035
      vertex 2.6435836460303577 29.665220751258634 7.951052677917481
    endloop
  endfacet
  facet normal 1 0 0
    outer loop
      vertex 2.6435836460303577 29.65210535583496 8
      vertex 2.6435836460303577 29.655441034945607 7.974663001676554
      vertex 2.6435836460303577 29.75486272272863 7.902745545427262
    endloop
  endfacet
  facet normal 1 0 0
    outer loop
      vertex 2.6435836460303577 29.655441034945607 7.974663001676554
      vertex 2.6435836460303577 29.665220751258634 7.951052677917481
      vertex 2.6435836460303577 29.75486272272863 7.902745545427262
    endloop
  endfacet
  facet normal 0.9653655703464423 -0.241041065208695 -0.09984247829829579
    outer loop
      vertex 2.592909649383465 29.472767142039206 7.925715679594035
      vertex 2.592909649383465 29.5014398194733 7.856493712863092
      vertex 2.6435836460303577 29.665220751258634 7.951052677917481
    endloop
  endfacet
  facet normal 0.9653655703464422 -0.20698665518746673 -0.15882644667684576
    outer loop
      vertex 2.6435836460303577 29.665220751258634 7.951052677917481
      vertex 2.592909649383465 29.5014398194733 7.856493712863092
      vertex 2.6435836460303577 29.680778033269053 7.930778033269057
    endloop
  endfacet
  facet normal 1 0 0
    outer loop
      vertex 2.6435836460303577 29.665220751258634 7.951052677917481
      vertex 2.6435836460303577 29.680778033269053 7.930778033269057
      vertex 2.6435836460303577 29.75486272272863 7.902745545427262
    endloop
  endfacet
  facet normal 1 0 0
    outer loop
      vertex 2.6435836460303577 29.680778033269053 7.930778033269057
      vertex 2.6435836460303577 29.701052677917477 7.915220751258639
      vertex 2.6435836460303577 29.75486272272863 7.902745545427262
    endloop
  endfacet
  facet normal 1 0 0
    outer loop
      vertex 2.6435836460303577 29.701052677917477 7.915220751258639
      vertex 2.6435836460303577 29.72466300167655 7.905441034945611
      vertex 2.6435836460303577 29.75486272272863 7.902745545427262
    endloop
  endfacet
  facet normal 1 0 0
    outer loop
      vertex 2.6435836460303577 29.72466300167655 7.905441034945611
      vertex 2.6435836460303577 29.749999999999996 7.902105355834962
      vertex 2.6435836460303577 29.75486272272863 7.902745545427262
    endloop
  endfacet
  facet normal 0.9653655703464424 -0.20698665518746806 -0.15882644667684284
    outer loop
      vertex 2.6435836460303577 29.680778033269053 7.930778033269057
      vertex 2.592909649383465 29.5014398194733 7.856493712863092
      vertex 2.592909649383465 29.54705146244517 7.797051462445177
    endloop
  endfacet
  facet normal 0.965365570346442 -0.15882644667683501 -0.20698665518747633
    outer loop
      vertex 2.6435836460303577 29.680778033269053 7.930778033269057
      vertex 2.592909649383465 29.54705146244517 7.797051462445177
      vertex 2.6435836460303577 29.701052677917477 7.915220751258639
    endloop
  endfacet
  facet normal 0.9653655703464428 -0.0998424782983055 -0.24104106520868948
    outer loop
      vertex 2.6435836460303577 29.701052677917477 7.915220751258639
      vertex 2.592909649383465 29.606493712863088 7.7514398194733065
      vertex 2.6435836460303577 29.72466300167655 7.905441034945611
    endloop
  endfacet
  facet normal 0.7040625922196367 -0.6560818900783126 -0.27175801689781726
    outer loop
      vertex 2.3565710717565405 29.175259639429992 7.845998784527696
      vertex 2.3565710717565405 29.23470188984791 7.702492497390788
      vertex 2.4950150052184266 29.354597853225744 7.771714464121731
    endloop
  endfacet
  facet normal 0.7040625922196375 -0.6560818900783125 -0.2717580168978157
    outer loop
      vertex 2.3565710717565405 29.175259639429992 7.845998784527696
      vertex 2.4950150052184266 29.354597853225744 7.771714464121731
      vertex 2.4950150052184266 29.308986210253874 7.881830711186538
    endloop
  endfacet
  facet normal 0.8641551942546327 -0.46491964458042534 -0.19257602219889433
    outer loop
      vertex 2.4950150052184266 29.308986210253874 7.881830711186538
      vertex 2.4950150052184266 29.354597853225744 7.771714464121731
      vertex 2.592909649383465 29.5014398194733 7.856493712863092
    endloop
  endfacet
  facet normal 0.7040625922196366 -0.563390291354746 -0.4323045753218209
    outer loop
      vertex 2.3565710717565405 29.23470188984791 7.702492497390788
      vertex 2.4950150052184266 29.427155499067336 7.677155499067341
      vertex 2.4950150052184266 29.354597853225744 7.771714464121731
    endloop
  endfacet
  facet normal 0.8641551942546343 -0.399235549674209 -0.30634421182563165
    outer loop
      vertex 2.4950150052184266 29.354597853225744 7.771714464121731
      vertex 2.4950150052184266 29.427155499067336 7.677155499067341
      vertex 2.592909649383465 29.54705146244517 7.797051462445177
    endloop
  endfacet
  facet normal 0.7040625922196357 -0.5633902913547457 -0.4323045753218229
    outer loop
      vertex 2.3565710717565405 29.23470188984791 7.702492497390788
      vertex 2.3565710717565405 29.329260854902298 7.5792608549023015
      vertex 2.4950150052184266 29.427155499067336 7.677155499067341
    endloop
  endfacet
  facet normal 0.7040625922196362 -0.43230457532182653 -0.5633902913547423
    outer loop
      vertex 2.3565710717565405 29.329260854902298 7.5792608549023015
      vertex 2.3565710717565405 29.452492497390782 7.484701889847912
      vertex 2.4950150052184266 29.521714464121725 7.604597853225748
    endloop
  endfacet
  facet normal 0.704062592219637 -0.4323045753218273 -0.5633902913547406
    outer loop
      vertex 2.4950150052184266 29.427155499067336 7.677155499067341
      vertex 2.3565710717565405 29.329260854902298 7.5792608549023015
      vertex 2.4950150052184266 29.521714464121725 7.604597853225748
    endloop
  endfacet
  facet normal 0.8641551942546356 -0.3063442118256349 -0.3992355496742035
    outer loop
      vertex 2.592909649383465 29.606493712863088 7.7514398194733065
      vertex 2.4950150052184266 29.427155499067336 7.677155499067341
      vertex 2.4950150052184266 29.521714464121725 7.604597853225748
    endloop
  endfacet
  facet normal 0.8641551942546323 -0.39923554967420677 -0.30634421182564014
    outer loop
      vertex 2.592909649383465 29.5014398194733 7.856493712863092
      vertex 2.4950150052184266 29.354597853225744 7.771714464121731
      vertex 2.592909649383465 29.54705146244517 7.797051462445177
    endloop
  endfacet
  facet normal 0.8641551942546344 -0.3063442118256322 -0.39923554967420843
    outer loop
      vertex 2.592909649383465 29.54705146244517 7.797051462445177
      vertex 2.4950150052184266 29.427155499067336 7.677155499067341
      vertex 2.592909649383465 29.606493712863088 7.7514398194733065
    endloop
  endfacet
  facet normal 0.8641551942546345 -0.19257602219889045 -0.46491964458042334
    outer loop
      vertex 2.592909649383465 29.67571567959403 7.72276714203921
      vertex 2.4950150052184266 29.521714464121725 7.604597853225748
      vertex 2.4950150052184266 29.631830711186534 7.558986210253877
    endloop
  endfacet
  facet normal 0.7040625922196364 -0.27175801689781226 -0.6560818900783151
    outer loop
      vertex 2.3565710717565405 29.452492497390782 7.484701889847912
      vertex 2.4950150052184266 29.631830711186534 7.558986210253877
      vertex 2.4950150052184266 29.521714464121725 7.604597853225748
    endloop
  endfacet
  facet normal 0.8641551942546353 -0.06568409490621387 -0.49892023402452335
    outer loop
      vertex 2.592909649383465 29.749999999999996 7.712987425726183
      vertex 2.4950150052184266 29.631830711186534 7.558986210253877
      vertex 2.4950150052184266 29.749999999999996 7.5434289282434595
    endloop
  endfacet
  facet normal 0.8641551942546359 0.06568409490620003 -0.49892023402452385
    outer loop
      vertex 2.592909649383465 29.749999999999996 7.712987425726183
      vertex 2.4950150052184266 29.749999999999996 7.5434289282434595
      vertex 2.4950150052184266 29.772679264497096 7.546414710057947
    endloop
  endfacet
  facet normal 0.9653655703464425 -0.15882644667683976 -0.20698665518747028
    outer loop
      vertex 2.6435836460303577 29.701052677917477 7.915220751258639
      vertex 2.592909649383465 29.54705146244517 7.797051462445177
      vertex 2.592909649383465 29.606493712863088 7.7514398194733065
    endloop
  endfacet
  facet normal 0.9653655703464423 -0.03405441002121482 -0.2586689249751414
    outer loop
      vertex 2.6435836460303577 29.72466300167655 7.905441034945611
      vertex 2.592909649383465 29.67571567959403 7.72276714203921
      vertex 2.6435836460303577 29.749999999999996 7.902105355834962
    endloop
  endfacet
  facet normal 0.9653655703464425 0.034054410021223704 -0.2586689249751389
    outer loop
      vertex 2.6435836460303577 29.749999999999996 7.902105355834962
      vertex 2.592909649383465 29.764256781667978 7.714864366640331
      vertex 2.6435836460303577 29.75486272272863 7.902745545427262
    endloop
  endfacet
  facet normal 0.9653655703464424 -0.09984247829830108 -0.2410410652086928
    outer loop
      vertex 2.6435836460303577 29.72466300167655 7.905441034945611
      vertex 2.592909649383465 29.606493712863088 7.7514398194733065
      vertex 2.592909649383465 29.67571567959403 7.72276714203921
    endloop
  endfacet
  facet normal 0.9653655703464425 -0.034054410021220186 -0.2586689249751392
    outer loop
      vertex 2.6435836460303577 29.749999999999996 7.902105355834962
      vertex 2.592909649383465 29.67571567959403 7.72276714203921
      vertex 2.592909649383465 29.749999999999996 7.712987425726183
    endloop
  endfacet
  facet normal 0.9653655703464425 0.03405441002121879 -0.25866892497513927
    outer loop
      vertex 2.6435836460303577 29.749999999999996 7.902105355834962
      vertex 2.592909649383465 29.749999999999996 7.712987425726183
      vertex 2.592909649383465 29.764256781667978 7.714864366640331
    endloop
  endfacet
  facet normal 0.8641551942546359 -0.1925760221988944 -0.4649196445804194
    outer loop
      vertex 2.592909649383465 29.606493712863088 7.7514398194733065
      vertex 2.4950150052184266 29.521714464121725 7.604597853225748
      vertex 2.592909649383465 29.67571567959403 7.72276714203921
    endloop
  endfacet
  facet normal 0.8641551942546342 -0.06568409490620988 -0.49892023402452573
    outer loop
      vertex 2.592909649383465 29.67571567959403 7.72276714203921
      vertex 2.4950150052184266 29.631830711186534 7.558986210253877
      vertex 2.592909649383465 29.749999999999996 7.712987425726183
    endloop
  endfacet
  facet normal 0.864155194254636 0.0656840949062071 -0.4989202340245229
    outer loop
      vertex 2.592909649383465 29.749999999999996 7.712987425726183
      vertex 2.4950150052184266 29.772679264497096 7.546414710057947
      vertex 2.592909649383465 29.764256781667978 7.714864366640331
    endloop
  endfacet
  facet normal -0.7040625922196344 -0.0926915987235679 -0.7040625922196392
    outer loop
      vertex 1.3049849947815737 29.631830711186534 7.558986210253877
      vertex 1.3049849947815737 29.749999999999996 7.5434289282434595
      vertex 1.4434289282434596 29.59599878452769 7.4252596394299974
    endloop
  endfacet
  facet normal -0.7040625922196385 0.0926915987235483 -0.7040625922196374
    outer loop
      vertex 1.3049849947815737 29.749999999999996 7.5434289282434595
      vertex 1.3049849947815737 29.772679264497096 7.546414710057947
      vertex 1.4434289282434596 29.749999999999996 7.404984994781573
    endloop
  endfacet
  facet normal -0.704062592219636 -0.27175801689781065 -0.6560818900783163
    outer loop
      vertex 1.3049849947815737 29.631830711186534 7.558986210253877
      vertex 1.4434289282434596 29.59599878452769 7.4252596394299974
      vertex 1.4434289282434596 29.452492497390782 7.484701889847912
    endloop
  endfacet
  facet normal -0.7040625922196371 -0.09269159872357281 -0.704062592219636
    outer loop
      vertex 1.3049849947815737 29.749999999999996 7.5434289282434595
      vertex 1.4434289282434596 29.749999999999996 7.404984994781573
      vertex 1.4434289282434596 29.59599878452769 7.4252596394299974
    endloop
  endfacet
  facet normal -0.704062592219635 0.09269159872357245 -0.7040625922196379
    outer loop
      vertex 1.4434289282434596 29.749999999999996 7.404984994781573
      vertex 1.3049849947815737 29.772679264497096 7.546414710057947
      vertex 1.4434289282434596 29.779556192929995 7.408876141399983
    endloop
  endfacet
  facet normal -0.49678152337643344 -0.5283292118363989 -0.688532034078386
    outer loop
      vertex 1.4434289282434596 29.329260854902298 7.5792608549023015
      vertex 1.4434289282434596 29.452492497390782 7.484701889847912
      vertex 1.6129874257261827 29.403545175308263 7.399922641106551
    endloop
  endfacet
  facet normal -0.4967815233764369 -0.5283292118363941 -0.6885320340783873
    outer loop
      vertex 1.4434289282434596 29.329260854902298 7.5792608549023015
      vertex 1.6129874257261827 29.403545175308263 7.399922641106551
      vertex 1.6129874257261827 29.260038888171355 7.5100388881713585
    endloop
  endfacet
  facet normal -0.49678152337643383 -0.3321216269130602 -0.8018125360509224
    outer loop
      vertex 1.4434289282434596 29.452492497390782 7.484701889847912
      vertex 1.6129874257261827 29.570661786204244 7.330700674375608
      vertex 1.6129874257261827 29.403545175308263 7.399922641106551
    endloop
  endfacet
  facet normal -0.25675136523052866 -0.5883542172165991 -0.7667581440948005
    outer loop
      vertex 1.6129874257261827 29.260038888171355 7.5100388881713585
      vertex 1.6129874257261827 29.403545175308263 7.399922641106551
      vertex 1.8021053558349616 29.378208176984817 7.356037672699054
    endloop
  endfacet
  facet normal -0.2567513652305228 -0.3698549227364078 -0.8929087705806839
    outer loop
      vertex 1.6129874257261827 29.403545175308263 7.399922641106551
      vertex 1.6129874257261827 29.570661786204244 7.330700674375608
      vertex 1.8021053558349616 29.55754639078057 7.281753352293089
    endloop
  endfacet
  facet normal -0.2567513652305203 -0.7667581440948011 -0.5883542172166017
    outer loop
      vertex 1.6129874257261827 29.260038888171355 7.5100388881713585
      vertex 1.8021053558349616 29.224206961512515 7.474206961512516
      vertex 1.8021053558349616 29.106037672699053 7.6282081769848205
    endloop
  endfacet
  facet normal -0.25675136523052206 -0.5883542172166056 -0.7667581440947974
    outer loop
      vertex 1.6129874257261827 29.260038888171355 7.5100388881713585
      vertex 1.8021053558349616 29.378208176984817 7.356037672699054
      vertex 1.8021053558349616 29.224206961512515 7.474206961512516
    endloop
  endfacet
  facet normal 0 -0.7933533402912349 -0.6087614290087208
    outer loop
      vertex 1.8021053558349616 29.106037672699053 7.6282081769848205
      vertex 1.8021053558349616 29.224206961512515 7.474206961512516
      vertex 1.9978946441650387 29.224206961512515 7.474206961512516
    endloop
  endfacet
  facet normal 0 -0.6087614290087253 -0.7933533402912316
    outer loop
      vertex 1.8021053558349616 29.224206961512515 7.474206961512516
      vertex 1.8021053558349616 29.378208176984817 7.356037672699054
      vertex 1.9978946441650387 29.224206961512515 7.474206961512516
    endloop
  endfacet
  facet normal -0.25675136523052855 -0.3698549227364015 -0.892908770580685
    outer loop
      vertex 1.6129874257261827 29.403545175308263 7.399922641106551
      vertex 1.8021053558349616 29.55754639078057 7.281753352293089
      vertex 1.8021053558349616 29.378208176984817 7.356037672699054
    endloop
  endfacet
  facet normal 0 -0.3826834323650857 -0.9238795325112885
    outer loop
      vertex 1.8021053558349616 29.378208176984817 7.356037672699054
      vertex 1.8021053558349616 29.55754639078057 7.281753352293089
      vertex 1.9978946441650387 29.378208176984817 7.356037672699054
    endloop
  endfacet
  facet normal -0.4967815233764368 -0.3321216269130557 -0.8018125360509225
    outer loop
      vertex 1.4434289282434596 29.452492497390782 7.484701889847912
      vertex 1.4434289282434596 29.59599878452769 7.4252596394299974
      vertex 1.6129874257261827 29.570661786204244 7.330700674375608
    endloop
  endfacet
  facet normal -0.49678152337643317 -0.11328050197253718 -0.8604508387494549
    outer loop
      vertex 1.4434289282434596 29.59599878452769 7.4252596394299974
      vertex 1.4434289282434596 29.749999999999996 7.404984994781573
      vertex 1.6129874257261827 29.749999999999996 7.3070903506165354
    endloop
  endfacet
  facet normal -0.4967815233764332 0.11328050197253649 -0.8604508387494549
    outer loop
      vertex 1.4434289282434596 29.749999999999996 7.404984994781573
      vertex 1.4434289282434596 29.779556192929995 7.408876141399983
      vertex 1.6129874257261827 29.749999999999996 7.3070903506165354
    endloop
  endfacet
  facet normal -0.4967815233764366 -0.11328050197253232 -0.8604508387494536
    outer loop
      vertex 1.4434289282434596 29.59599878452769 7.4252596394299974
      vertex 1.6129874257261827 29.749999999999996 7.3070903506165354
      vertex 1.6129874257261827 29.570661786204244 7.330700674375608
    endloop
  endfacet
  facet normal -0.4967815233764332 0.1132805019725363 -0.8604508387494549
    outer loop
      vertex 1.6129874257261827 29.749999999999996 7.3070903506165354
      vertex 1.4434289282434596 29.779556192929995 7.408876141399983
      vertex 1.6129874257261827 29.78441891565863 7.311621686827245
    endloop
  endfacet
  facet normal -0.25675136523052844 -0.1261506264858807 -0.958209139953006
    outer loop
      vertex 1.6129874257261827 29.570661786204244 7.330700674375608
      vertex 1.6129874257261827 29.749999999999996 7.3070903506165354
      vertex 1.8021053558349616 29.749999999999996 7.256416353969643
    endloop
  endfacet
  facet normal -0.2567513652305283 0.12615062648588476 -0.9582091399530056
    outer loop
      vertex 1.6129874257261827 29.749999999999996 7.3070903506165354
      vertex 1.6129874257261827 29.78441891565863 7.311621686827245
      vertex 1.8021053558349616 29.749999999999996 7.256416353969643
    endloop
  endfacet
  facet normal -0.2567513652305251 -0.12615062648588435 -0.9582091399530064
    outer loop
      vertex 1.6129874257261827 29.570661786204244 7.330700674375608
      vertex 1.8021053558349616 29.749999999999996 7.256416353969643
      vertex 1.8021053558349616 29.55754639078057 7.281753352293089
    endloop
  endfacet
  facet normal -0.25675136523052444 0.12615062648590328 -0.9582091399530042
    outer loop
      vertex 1.8021053558349616 29.749999999999996 7.256416353969643
      vertex 1.6129874257261827 29.78441891565863 7.311621686827245
      vertex 1.8021053558349616 29.786936046165078 7.26127907669828
    endloop
  endfacet
  facet normal 0 -0.1305261922200521 -0.9914448613738104
    outer loop
      vertex 1.8021053558349616 29.55754639078057 7.281753352293089
      vertex 1.8021053558349616 29.749999999999996 7.256416353969643
      vertex 1.9978946441650387 29.55754639078057 7.281753352293089
    endloop
  endfacet
  facet normal 0 0.13052619222007167 -0.9914448613738078
    outer loop
      vertex 1.8021053558349616 29.749999999999996 7.256416353969643
      vertex 1.8021053558349616 29.786936046165078 7.26127907669828
      vertex 1.9978946441650387 29.749999999999996 7.256416353969643
    endloop
  endfacet
  facet normal 0 -0.6087614290087253 -0.7933533402912316
    outer loop
      vertex 1.8021053558349616 29.378208176984817 7.356037672699054
      vertex 1.9978946441650387 29.378208176984817 7.356037672699054
      vertex 1.9978946441650387 29.224206961512515 7.474206961512516
    endloop
  endfacet
  facet normal 0.25675136523052033 -0.7667581440948011 -0.5883542172166017
    outer loop
      vertex 1.9978946441650387 29.106037672699053 7.6282081769848205
      vertex 1.9978946441650387 29.224206961512515 7.474206961512516
      vertex 2.1870125742738176 29.260038888171355 7.5100388881713585
    endloop
  endfacet
  facet normal 0.25675136523052206 -0.5883542172166056 -0.7667581440947974
    outer loop
      vertex 1.9978946441650387 29.224206961512515 7.474206961512516
      vertex 1.9978946441650387 29.378208176984817 7.356037672699054
      vertex 2.1870125742738176 29.260038888171355 7.5100388881713585
    endloop
  endfacet
  facet normal 0 -0.3826834323650857 -0.9238795325112885
    outer loop
      vertex 1.8021053558349616 29.55754639078057 7.281753352293089
      vertex 1.9978946441650387 29.55754639078057 7.281753352293089
      vertex 1.9978946441650387 29.378208176984817 7.356037672699054
    endloop
  endfacet
  facet normal 0.2567513652305286 -0.3698549227364016 -0.892908770580685
    outer loop
      vertex 1.9978946441650387 29.378208176984817 7.356037672699054
      vertex 1.9978946441650387 29.55754639078057 7.281753352293089
      vertex 2.1870125742738176 29.403545175308263 7.399922641106551
    endloop
  endfacet
  facet normal 0.25675136523052866 -0.5883542172165991 -0.7667581440948005
    outer loop
      vertex 2.1870125742738176 29.260038888171355 7.5100388881713585
      vertex 1.9978946441650387 29.378208176984817 7.356037672699054
      vertex 2.1870125742738176 29.403545175308263 7.399922641106551
    endloop
  endfacet
  facet normal 0.4967815233764373 -0.5283292118363939 -0.688532034078387
    outer loop
      vertex 2.1870125742738176 29.260038888171355 7.5100388881713585
      vertex 2.1870125742738176 29.403545175308263 7.399922641106551
      vertex 2.3565710717565405 29.329260854902298 7.5792608549023015
    endloop
  endfacet
  facet normal 0.49678152337643383 -0.5283292118363987 -0.6885320340783858
    outer loop
      vertex 2.1870125742738176 29.403545175308263 7.399922641106551
      vertex 2.3565710717565405 29.452492497390782 7.484701889847912
      vertex 2.3565710717565405 29.329260854902298 7.5792608549023015
    endloop
  endfacet
  facet normal 0.4967815233764342 -0.33212162691306 -0.8018125360509222
    outer loop
      vertex 2.1870125742738176 29.403545175308263 7.399922641106551
      vertex 2.1870125742738176 29.570661786204244 7.330700674375608
      vertex 2.3565710717565405 29.452492497390782 7.484701889847912
    endloop
  endfacet
  facet normal 0.2567513652305227 -0.36985492273640774 -0.8929087705806839
    outer loop
      vertex 1.9978946441650387 29.55754639078057 7.281753352293089
      vertex 2.1870125742738176 29.570661786204244 7.330700674375608
      vertex 2.1870125742738176 29.403545175308263 7.399922641106551
    endloop
  endfacet
  facet normal 0 -0.1305261922200521 -0.9914448613738104
    outer loop
      vertex 1.8021053558349616 29.749999999999996 7.256416353969643
      vertex 1.9978946441650387 29.749999999999996 7.256416353969643
      vertex 1.9978946441650387 29.55754639078057 7.281753352293089
    endloop
  endfacet
  facet normal 0 0.13052619222007167 -0.9914448613738078
    outer loop
      vertex 1.9978946441650387 29.749999999999996 7.256416353969643
      vertex 1.8021053558349616 29.786936046165078 7.26127907669828
      vertex 1.9978946441650387 29.786936046165078 7.26127907669828
    endloop
  endfacet
  facet normal 0.2567513652305251 -0.12615062648588435 -0.9582091399530066
    outer loop
      vertex 1.9978946441650387 29.55754639078057 7.281753352293089
      vertex 1.9978946441650387 29.749999999999996 7.256416353969643
      vertex 2.1870125742738176 29.570661786204244 7.330700674375608
    endloop
  endfacet
  facet normal 0.25675136523052766 0.12615062648590317 -0.9582091399530034
    outer loop
      vertex 1.9978946441650387 29.749999999999996 7.256416353969643
      vertex 1.9978946441650387 29.786936046165078 7.26127907669828
      vertex 2.1870125742738176 29.749999999999996 7.3070903506165354
    endloop
  endfacet
  facet normal 0.4967815233764373 -0.33212162691305563 -0.8018125360509222
    outer loop
      vertex 2.1870125742738176 29.570661786204244 7.330700674375608
      vertex 2.3565710717565405 29.59599878452769 7.4252596394299974
      vertex 2.3565710717565405 29.452492497390782 7.484701889847912
    endloop
  endfacet
  facet normal 0.25675136523052844 -0.1261506264858807 -0.958209139953006
    outer loop
      vertex 1.9978946441650387 29.749999999999996 7.256416353969643
      vertex 2.1870125742738176 29.749999999999996 7.3070903506165354
      vertex 2.1870125742738176 29.570661786204244 7.330700674375608
    endloop
  endfacet
  facet normal 0.2567513652305249 0.12615062648588488 -0.9582091399530064
    outer loop
      vertex 2.1870125742738176 29.749999999999996 7.3070903506165354
      vertex 1.9978946441650387 29.786936046165078 7.26127907669828
      vertex 2.1870125742738176 29.78441891565863 7.311621686827245
    endloop
  endfacet
  facet normal 0.4967815233764371 -0.11328050197253237 -0.8604508387494534
    outer loop
      vertex 2.1870125742738176 29.570661786204244 7.330700674375608
      vertex 2.1870125742738176 29.749999999999996 7.3070903506165354
      vertex 2.3565710717565405 29.59599878452769 7.4252596394299974
    endloop
  endfacet
  facet normal 0.49678152337643366 0.11328050197253627 -0.8604508387494546
    outer loop
      vertex 2.1870125742738176 29.749999999999996 7.3070903506165354
      vertex 2.1870125742738176 29.78441891565863 7.311621686827245
      vertex 2.3565710717565405 29.749999999999996 7.404984994781573
    endloop
  endfacet
  facet normal 0.4967815233764336 -0.11328050197253718 -0.8604508387494546
    outer loop
      vertex 2.1870125742738176 29.749999999999996 7.3070903506165354
      vertex 2.3565710717565405 29.749999999999996 7.404984994781573
      vertex 2.3565710717565405 29.59599878452769 7.4252596394299974
    endloop
  endfacet
  facet normal 0.4967815233764337 0.11328050197253643 -0.8604508387494547
    outer loop
      vertex 2.3565710717565405 29.749999999999996 7.404984994781573
      vertex 2.1870125742738176 29.78441891565863 7.311621686827245
      vertex 2.3565710717565405 29.779556192929995 7.408876141399983
    endloop
  endfacet
  facet normal 0.7040625922196355 -0.2717580168978108 -0.6560818900783167
    outer loop
      vertex 2.3565710717565405 29.452492497390782 7.484701889847912
      vertex 2.3565710717565405 29.59599878452769 7.4252596394299974
      vertex 2.4950150052184266 29.631830711186534 7.558986210253877
    endloop
  endfacet
  facet normal 0.7040625922196364 -0.09269159872357284 -0.7040625922196364
    outer loop
      vertex 2.4950150052184266 29.749999999999996 7.5434289282434595
      vertex 2.3565710717565405 29.59599878452769 7.4252596394299974
      vertex 2.3565710717565405 29.749999999999996 7.404984994781573
    endloop
  endfacet
  facet normal 0.7040625922196364 0.09269159872357229 -0.7040625922196364
    outer loop
      vertex 2.4950150052184266 29.749999999999996 7.5434289282434595
      vertex 2.3565710717565405 29.749999999999996 7.404984994781573
      vertex 2.3565710717565405 29.779556192929995 7.408876141399983
    endloop
  endfacet
  facet normal 0.7040625922196337 -0.09269159872356796 -0.7040625922196397
    outer loop
      vertex 2.4950150052184266 29.631830711186534 7.558986210253877
      vertex 2.3565710717565405 29.59599878452769 7.4252596394299974
      vertex 2.4950150052184266 29.749999999999996 7.5434289282434595
    endloop
  endfacet
  facet normal 0.7040625922196354 0.09269159872354872 -0.7040625922196406
    outer loop
      vertex 2.4950150052184266 29.749999999999996 7.5434289282434595
      vertex 2.3565710717565405 29.779556192929995 7.408876141399983
      vertex 2.4950150052184266 29.772679264497096 7.546414710057947
    endloop
  endfacet
endsolid OpenSCAD_Model
