solid OpenSCAD_Model
  facet normal -0.8520531938659187 -0.11217492286914643 0.5112945740981302
    outer loop
      vertex -2.468421049416065 -30.799999997019768 18.7
      vertex -1.9522961601614952 -30.16234666109085 19.7
      vertex -2 -29.799999997019768 19.7
    endloop
  endfacet
  facet normal -0.8520531938659187 -0.11217492286914643 0.5112945740981302
    outer loop
      vertex -2.468421049416065 -30.799999997019768 18.7
      vertex -2.4207172095775604 -31.16234666109085 18.7
      vertex -1.9522961601614952 -30.16234666109085 19.7
    endloop
  endfacet
  facet normal -0.7160016562416142 -0.2965775975997276 0.6319678448000653
    outer loop
      vertex -2.4207172095775604 -31.16234666109085 18.7
      vertex -2.280856616795063 -31.5 18.7
      vertex -1.8124355673789978 -30.5 19.7
    endloop
  endfacet
  facet normal -0.7160016562416142 -0.2965775975997276 0.6319678448000653
    outer loop
      vertex -2.4207172095775604 -31.16234666109085 18.7
      vertex -1.8124355673789978 -30.5 19.7
      vertex -1.9522961601614952 -30.16234666109085 19.7
    endloop
  endfacet
  facet normal -0.5665141446784346 -0.43470159466282915 0.7000687448221461
    outer loop
      vertex -2.280856616795063 -31.5 18.7
      vertex -1.5899494960904121 -30.789949491620064 19.7
      vertex -1.8124355673789978 -30.5 19.7
    endloop
  endfacet
  facet normal 0 0 1
    outer loop
      vertex -2 -29.799999997019768 19.7
      vertex -1.9522961601614952 -30.16234666109085 19.7
      vertex -1.5899494960904121 -30.789949491620064 19.7
    endloop
  endfacet
  facet normal 0 0 1
    outer loop
      vertex -1.8124355673789978 -30.5 19.7
      vertex -1.5899494960904121 -30.789949491620064 19.7
      vertex -1.9522961601614952 -30.16234666109085 19.7
    endloop
  endfacet
  facet normal -0.5665141446784346 -0.43470159466282915 0.7000687448221461
    outer loop
      vertex -2.280856616795063 -31.5 18.7
      vertex -2.0583705455064774 -31.789949491620064 18.7
      vertex -1.5899494960904121 -30.789949491620064 19.7
    endloop
  endfacet
  facet normal -0.41390475421448386 -0.5394111746795632 0.7332928740070103
    outer loop
      vertex -2.0583705455064774 -31.789949491620064 18.7
      vertex -1.7684210538864136 -32.01243556290865 18.7
      vertex -1.5899494960904121 -30.789949491620064 19.7
    endloop
  endfacet
  facet normal 0 0 1
    outer loop
      vertex -2 -29.799999997019768 19.7
      vertex -1.5899494960904121 -30.789949491620064 19.7
      vertex -0.6000000014901161 -31.200000002980232 19.7
    endloop
  endfacet
  facet normal -0.41390474597694205 -0.5394111778049706 0.7332928763576103
    outer loop
      vertex -1.7684210538864136 -32.01243556290865 18.7
      vertex -1.2999999970197678 -31.01243556290865 19.7
      vertex -1.5899494960904121 -30.789949491620064 19.7
    endloop
  endfacet
  facet normal -0.25701923279393396 -0.6204993020211017 0.7408925226814908
    outer loop
      vertex -1.7684210538864136 -32.01243556290865 18.7
      vertex -0.9623466655611992 -31.152296155691147 19.7
      vertex -1.2999999970197678 -31.01243556290865 19.7
    endloop
  endfacet
  facet normal 0 0 1
    outer loop
      vertex -1.5899494960904121 -30.789949491620064 19.7
      vertex -1.2999999970197678 -31.01243556290865 19.7
      vertex -0.9623466655611992 -31.152296155691147 19.7
    endloop
  endfacet
  facet normal -0.2570192283677722 -0.6204993050271966 0.7408925216993358
    outer loop
      vertex -1.7684210538864136 -32.01243556290865 18.7
      vertex -1.4307677149772644 -32.15229615569115 18.7
      vertex -0.9623466655611992 -31.152296155691147 19.7
    endloop
  endfacet
  facet normal 0 0 1
    outer loop
      vertex -1.5899494960904121 -30.789949491620064 19.7
      vertex -0.9623466655611992 -31.152296155691147 19.7
      vertex -0.6000000014901161 -31.200000002980232 19.7
    endloop
  endfacet
  facet normal -0.08990189448615682 -0.6828726279312635 0.7249845676909614
    outer loop
      vertex -1.4307677149772644 -32.15229615569115 18.7
      vertex -0.6000000014901161 -31.200000002980232 19.7
      vertex -0.9623466655611992 -31.152296155691147 19.7
    endloop
  endfacet
  facet normal 0 -0.7071067811865476 0.7071067811865476
    outer loop
      vertex -0.6000000014901161 -31.200000002980232 19.7
      vertex -1.0684210509061813 -32.20000000298023 18.7
      vertex 0 -31.200000002980232 19.7
    endloop
  endfacet
  facet normal -0.08990189448615682 -0.6828726279312635 0.7249845676909614
    outer loop
      vertex -1.4307677149772644 -32.15229615569115 18.7
      vertex -1.0684210509061813 -32.20000000298023 18.7
      vertex -0.6000000014901161 -31.200000002980232 19.7
    endloop
  endfacet
  facet normal 0 0 1
    outer loop
      vertex -2 -29.799999997019768 19.7
      vertex -0.6000000014901161 -31.200000002980232 19.7
      vertex 1.3999999985098839 -29.799999997019768 19.7
    endloop
  endfacet
  facet normal 0 0 1
    outer loop
      vertex -0.6000000014901161 -31.200000002980232 19.7
      vertex 0 -31.200000002980232 19.7
      vertex 0.36234666407108307 -31.152296155691147 19.7
    endloop
  endfacet
  facet normal 0 -0.7071067811865476 0.7071067811865476
    outer loop
      vertex -1.0684210509061813 -32.20000000298023 18.7
      vertex 0.5526315793395042 -32.20000000298023 18.7
      vertex 0 -31.200000002980232 19.7
    endloop
  endfacet
  facet normal 0 0 1
    outer loop
      vertex -0.6000000014901161 -31.200000002980232 19.7
      vertex 0.36234666407108307 -31.152296155691147 19.7
      vertex 0.7000000029802322 -31.01243556290865 19.7
    endloop
  endfacet
  facet normal 0.08940994741402965 -0.6791359192460166 0.7285466796940938
    outer loop
      vertex 0 -31.200000002980232 19.7
      vertex 0.9149782434105873 -32.15229615569115 18.7
      vertex 0.36234666407108307 -31.152296155691147 19.7
    endloop
  endfacet
  facet normal 0.08940994741402965 -0.6791359192460166 0.7285466796940938
    outer loop
      vertex 0 -31.200000002980232 19.7
      vertex 0.5526315793395042 -32.20000000298023 18.7
      vertex 0.9149782434105873 -32.15229615569115 18.7
    endloop
  endfacet
  facet normal -0.9055733839416206 0 0.42418963482919125
    outer loop
      vertex -2.468421049416065 -30.799999997019768 18.7
      vertex -2 -29.799999997019768 19.7
      vertex -2 29.799999997019768 19.7
    endloop
  endfacet
  facet normal 0 0 1
    outer loop
      vertex -2 -29.799999997019768 19.7
      vertex 1.3999999985098839 -29.799999997019768 19.7
      vertex 1.3999999985098839 29.799999997019768 19.7
    endloop
  endfacet
  facet normal 0 0 1
    outer loop
      vertex -0.6000000014901161 -31.200000002980232 19.7
      vertex 0.7000000029802322 -31.01243556290865 19.7
      vertex 1.3999999985098839 -29.799999997019768 19.7
    endloop
  endfacet
  facet normal 0.2529369137191945 -0.6106437256667288 0.7504246517686272
    outer loop
      vertex 0.36234666407108307 -31.152296155691147 19.7
      vertex 0.9149782434105873 -32.15229615569115 18.7
      vertex 0.7000000029802322 -31.01243556290865 19.7
    endloop
  endfacet
  facet normal 0 0 1
    outer loop
      vertex 0.7000000029802322 -31.01243556290865 19.7
      vertex 0.989949494600296 -30.789949491620064 19.7
      vertex 1.2124355658888817 -30.5 19.7
    endloop
  endfacet
  facet normal 0.4034816929685466 -0.525827576875527 0.7488043020953118
    outer loop
      vertex 0.7000000029802322 -31.01243556290865 19.7
      vertex 1.2526315823197365 -32.01243556290865 18.7
      vertex 0.989949494600296 -30.789949491620064 19.7
    endloop
  endfacet
  facet normal 0.2529369137191946 -0.610643725666729 0.7504246517686273
    outer loop
      vertex 0.7000000029802322 -31.01243556290865 19.7
      vertex 0.9149782434105873 -32.15229615569115 18.7
      vertex 1.2526315823197365 -32.01243556290865 18.7
    endloop
  endfacet
  facet normal 0 0 1
    outer loop
      vertex 0.7000000029802322 -31.01243556290865 19.7
      vertex 1.2124355658888817 -30.5 19.7
      vertex 1.3999999985098839 -29.799999997019768 19.7
    endloop
  endfacet
  facet normal 0.547907671155816 -0.42042434529966427 0.7232154269427326
    outer loop
      vertex 0.989949494600296 -30.789949491620064 19.7
      vertex 1.5425810739398003 -31.789949491620064 18.7
      vertex 1.2124355658888817 -30.5 19.7
    endloop
  endfacet
  facet normal 0.6890225768444451 -0.28540249697906 0.6661781318211806
    outer loop
      vertex 1.2124355658888817 -30.5 19.7
      vertex 1.9049277380108833 -31.16234666109085 18.7
      vertex 1.352296158671379 -30.16234666109085 19.7
    endloop
  endfacet
  facet normal 0 0 1
    outer loop
      vertex 1.2124355658888817 -30.5 19.7
      vertex 1.352296158671379 -30.16234666109085 19.7
      vertex 1.3999999985098839 -29.799999997019768 19.7
    endloop
  endfacet
  facet normal 0.4034816929685467 -0.5258275768755271 0.7488043020953119
    outer loop
      vertex 0.989949494600296 -30.789949491620064 19.7
      vertex 1.2526315823197365 -32.01243556290865 18.7
      vertex 1.5425810739398003 -31.789949491620064 18.7
    endloop
  endfacet
  facet normal 0.547907671155816 -0.42042434529966427 0.7232154269427326
    outer loop
      vertex 1.2124355658888817 -30.5 19.7
      vertex 1.5425810739398003 -31.789949491620064 18.7
      vertex 1.765067145228386 -31.5 18.7
    endloop
  endfacet
  facet normal 0.8204505441837988 -0.10801435541153498 0.5614212354137834
    outer loop
      vertex 1.352296158671379 -30.16234666109085 19.7
      vertex 1.9049277380108833 -31.16234666109085 18.7
      vertex 1.3999999985098839 -29.799999997019768 19.7
    endloop
  endfacet
  facet normal 0.6890225768444451 -0.28540249697906 0.6661781318211806
    outer loop
      vertex 1.2124355658888817 -30.5 19.7
      vertex 1.765067145228386 -31.5 18.7
      vertex 1.9049277380108833 -31.16234666109085 18.7
    endloop
  endfacet
  facet normal 0.8204505441837988 -0.10801435541153498 0.5614212354137834
    outer loop
      vertex 1.3999999985098839 -29.799999997019768 19.7
      vertex 1.9049277380108833 -31.16234666109085 18.7
      vertex 1.9526315778493881 -30.799999997019768 18.7
    endloop
  endfacet
  facet normal 0.8752415352939729 0 0.4836861119530407
    outer loop
      vertex 1.3999999985098839 -29.799999997019768 19.7
      vertex 1.9526315778493881 -30.799999997019768 18.7
      vertex 1.9526315778493881 30.799999997019768 18.7
    endloop
  endfacet
  facet normal -0.9055733839416205 0 0.4241896348291912
    outer loop
      vertex -2.468421049416065 -30.799999997019768 18.7
      vertex -2 29.799999997019768 19.7
      vertex -2.468421049416065 30.799999997019768 18.7
    endloop
  endfacet
  facet normal 0 0 1
    outer loop
      vertex -2 -29.799999997019768 19.7
      vertex 1.3999999985098839 29.799999997019768 19.7
      vertex -2 29.799999997019768 19.7
    endloop
  endfacet
  facet normal -0.8520531938659187 0.11217492286914643 0.5112945740981302
    outer loop
      vertex -2.468421049416065 30.799999997019768 18.7
      vertex -2 29.799999997019768 19.7
      vertex -2.4207172095775604 31.16234666109085 18.7
    endloop
  endfacet
  facet normal -0.7160016562416142 0.2965775975997276 0.6319678448000653
    outer loop
      vertex -2.4207172095775604 31.16234666109085 18.7
      vertex -1.9522961601614952 30.16234666109085 19.7
      vertex -2.280856616795063 31.5 18.7
    endloop
  endfacet
  facet normal -0.8520531938659187 0.11217492286914643 0.5112945740981302
    outer loop
      vertex -2.4207172095775604 31.16234666109085 18.7
      vertex -2 29.799999997019768 19.7
      vertex -1.9522961601614952 30.16234666109085 19.7
    endloop
  endfacet
  facet normal -0.7160016562416142 0.2965775975997276 0.6319678448000653
    outer loop
      vertex -2.280856616795063 31.5 18.7
      vertex -1.9522961601614952 30.16234666109085 19.7
      vertex -1.8124355673789978 30.5 19.7
    endloop
  endfacet
  facet normal -0.5665141446784346 0.43470159466282915 0.7000687448221461
    outer loop
      vertex -2.280856616795063 31.5 18.7
      vertex -1.8124355673789978 30.5 19.7
      vertex -1.5899494960904121 30.789949491620064 19.7
    endloop
  endfacet
  facet normal 0 0 1
    outer loop
      vertex -2 29.799999997019768 19.7
      vertex -1.5899494960904121 30.789949491620064 19.7
      vertex -1.9522961601614952 30.16234666109085 19.7
    endloop
  endfacet
  facet normal 0 0 1
    outer loop
      vertex -1.9522961601614952 30.16234666109085 19.7
      vertex -1.5899494960904121 30.789949491620064 19.7
      vertex -1.8124355673789978 30.5 19.7
    endloop
  endfacet
  facet normal -0.5665141446784346 0.43470159466282915 0.7000687448221461
    outer loop
      vertex -2.280856616795063 31.5 18.7
      vertex -1.5899494960904121 30.789949491620064 19.7
      vertex -2.0583705455064774 31.789949491620064 18.7
    endloop
  endfacet
  facet normal -0.41390475421448386 0.5394111746795632 0.7332928740070103
    outer loop
      vertex -2.0583705455064774 31.789949491620064 18.7
      vertex -1.5899494960904121 30.789949491620064 19.7
      vertex -1.7684210538864136 32.01243556290865 18.7
    endloop
  endfacet
  facet normal 0 0 1
    outer loop
      vertex -2 29.799999997019768 19.7
      vertex -0.6000000014901161 31.200000002980232 19.7
      vertex -1.5899494960904121 30.789949491620064 19.7
    endloop
  endfacet
  facet normal -0.41390474597694205 0.5394111778049706 0.7332928763576103
    outer loop
      vertex -1.7684210538864136 32.01243556290865 18.7
      vertex -1.5899494960904121 30.789949491620064 19.7
      vertex -1.2999999970197678 31.01243556290865 19.7
    endloop
  endfacet
  facet normal -0.25701923279393396 0.6204993020211017 0.7408925226814908
    outer loop
      vertex -1.7684210538864136 32.01243556290865 18.7
      vertex -1.2999999970197678 31.01243556290865 19.7
      vertex -0.9623466655611992 31.152296155691147 19.7
    endloop
  endfacet
  facet normal 0 0 1
    outer loop
      vertex -1.5899494960904121 30.789949491620064 19.7
      vertex -0.9623466655611992 31.152296155691147 19.7
      vertex -1.2999999970197678 31.01243556290865 19.7
    endloop
  endfacet
  facet normal -0.2570192283677722 0.6204993050271966 0.7408925216993358
    outer loop
      vertex -1.7684210538864136 32.01243556290865 18.7
      vertex -0.9623466655611992 31.152296155691147 19.7
      vertex -1.4307677149772644 32.15229615569115 18.7
    endloop
  endfacet
  facet normal 0 0 1
    outer loop
      vertex -1.5899494960904121 30.789949491620064 19.7
      vertex -0.6000000014901161 31.200000002980232 19.7
      vertex -0.9623466655611992 31.152296155691147 19.7
    endloop
  endfacet
  facet normal -0.08990189448615682 0.6828726279312635 0.7249845676909614
    outer loop
      vertex -1.4307677149772644 32.15229615569115 18.7
      vertex -0.9623466655611992 31.152296155691147 19.7
      vertex -0.6000000014901161 31.200000002980232 19.7
    endloop
  endfacet
  facet normal 0 0.7071067811865476 0.7071067811865476
    outer loop
      vertex -0.6000000014901161 31.200000002980232 19.7
      vertex 0 31.200000002980232 19.7
      vertex -1.0684210509061813 32.20000000298023 18.7
    endloop
  endfacet
  facet normal -0.08990189448615682 0.6828726279312635 0.7249845676909614
    outer loop
      vertex -1.4307677149772644 32.15229615569115 18.7
      vertex -0.6000000014901161 31.200000002980232 19.7
      vertex -1.0684210509061813 32.20000000298023 18.7
    endloop
  endfacet
  facet normal 0 0 1
    outer loop
      vertex -2 29.799999997019768 19.7
      vertex 1.3999999985098839 29.799999997019768 19.7
      vertex -0.6000000014901161 31.200000002980232 19.7
    endloop
  endfacet
  facet normal 0 0 1
    outer loop
      vertex -0.6000000014901161 31.200000002980232 19.7
      vertex 0.36234666407108307 31.152296155691147 19.7
      vertex 0 31.200000002980232 19.7
    endloop
  endfacet
  facet normal 0 0.7071067811865476 0.7071067811865476
    outer loop
      vertex -1.0684210509061813 32.20000000298023 18.7
      vertex 0 31.200000002980232 19.7
      vertex 0.5526315793395042 32.20000000298023 18.7
    endloop
  endfacet
  facet normal 0 0 1
    outer loop
      vertex -0.6000000014901161 31.200000002980232 19.7
      vertex 0.7000000029802322 31.01243556290865 19.7
      vertex 0.36234666407108307 31.152296155691147 19.7
    endloop
  endfacet
  facet normal 0.08940994741402965 0.6791359192460166 0.7285466796940938
    outer loop
      vertex 0 31.200000002980232 19.7
      vertex 0.36234666407108307 31.152296155691147 19.7
      vertex 0.9149782434105873 32.15229615569115 18.7
    endloop
  endfacet
  facet normal 0.08940994741402965 0.6791359192460166 0.7285466796940938
    outer loop
      vertex 0 31.200000002980232 19.7
      vertex 0.9149782434105873 32.15229615569115 18.7
      vertex 0.5526315793395042 32.20000000298023 18.7
    endloop
  endfacet
  facet normal 0.8752415352939729 0 0.4836861119530407
    outer loop
      vertex 1.3999999985098839 -29.799999997019768 19.7
      vertex 1.9526315778493881 30.799999997019768 18.7
      vertex 1.3999999985098839 29.799999997019768 19.7
    endloop
  endfacet
  facet normal 0 0 1
    outer loop
      vertex -0.6000000014901161 31.200000002980232 19.7
      vertex 1.3999999985098839 29.799999997019768 19.7
      vertex 0.7000000029802322 31.01243556290865 19.7
    endloop
  endfacet
  facet normal 0.2529369137191945 0.6106437256667288 0.7504246517686272
    outer loop
      vertex 0.36234666407108307 31.152296155691147 19.7
      vertex 0.7000000029802322 31.01243556290865 19.7
      vertex 0.9149782434105873 32.15229615569115 18.7
    endloop
  endfacet
  facet normal 0 0 1
    outer loop
      vertex 0.7000000029802322 31.01243556290865 19.7
      vertex 1.2124355658888817 30.5 19.7
      vertex 0.989949494600296 30.789949491620064 19.7
    endloop
  endfacet
  facet normal 0.4034816929685466 0.525827576875527 0.7488043020953118
    outer loop
      vertex 0.7000000029802322 31.01243556290865 19.7
      vertex 0.989949494600296 30.789949491620064 19.7
      vertex 1.2526315823197365 32.01243556290865 18.7
    endloop
  endfacet
  facet normal 0.2529369137191946 0.610643725666729 0.7504246517686273
    outer loop
      vertex 0.7000000029802322 31.01243556290865 19.7
      vertex 1.2526315823197365 32.01243556290865 18.7
      vertex 0.9149782434105873 32.15229615569115 18.7
    endloop
  endfacet
  facet normal 0 0 1
    outer loop
      vertex 1.352296158671379 30.16234666109085 19.7
      vertex 1.2124355658888817 30.5 19.7
      vertex 1.3999999985098839 29.799999997019768 19.7
    endloop
  endfacet
  facet normal 0 0 1
    outer loop
      vertex 0.7000000029802322 31.01243556290865 19.7
      vertex 1.3999999985098839 29.799999997019768 19.7
      vertex 1.2124355658888817 30.5 19.7
    endloop
  endfacet
  facet normal 0.547907671155816 0.42042434529966427 0.7232154269427326
    outer loop
      vertex 0.989949494600296 30.789949491620064 19.7
      vertex 1.2124355658888817 30.5 19.7
      vertex 1.5425810739398003 31.789949491620064 18.7
    endloop
  endfacet
  facet normal 0.6890225768444451 0.28540249697906 0.6661781318211806
    outer loop
      vertex 1.352296158671379 30.16234666109085 19.7
      vertex 1.9049277380108833 31.16234666109085 18.7
      vertex 1.2124355658888817 30.5 19.7
    endloop
  endfacet
  facet normal 0.4034816929685467 0.5258275768755271 0.7488043020953119
    outer loop
      vertex 0.989949494600296 30.789949491620064 19.7
      vertex 1.5425810739398003 31.789949491620064 18.7
      vertex 1.2526315823197365 32.01243556290865 18.7
    endloop
  endfacet
  facet normal 0.547907671155816 0.42042434529966427 0.7232154269427326
    outer loop
      vertex 1.2124355658888817 30.5 19.7
      vertex 1.765067145228386 31.5 18.7
      vertex 1.5425810739398003 31.789949491620064 18.7
    endloop
  endfacet
  facet normal 0.8204505441837988 0.10801435541153498 0.5614212354137834
    outer loop
      vertex 1.352296158671379 30.16234666109085 19.7
      vertex 1.3999999985098839 29.799999997019768 19.7
      vertex 1.9049277380108833 31.16234666109085 18.7
    endloop
  endfacet
  facet normal 0.6890225768444451 0.28540249697906 0.6661781318211806
    outer loop
      vertex 1.2124355658888817 30.5 19.7
      vertex 1.9049277380108833 31.16234666109085 18.7
      vertex 1.765067145228386 31.5 18.7
    endloop
  endfacet
  facet normal 0.8204505441837988 0.10801435541153498 0.5614212354137834
    outer loop
      vertex 1.3999999985098839 29.799999997019768 19.7
      vertex 1.9526315778493881 30.799999997019768 18.7
      vertex 1.9049277380108833 31.16234666109085 18.7
    endloop
  endfacet
  facet normal -0.9125546776910535 -0.37799252505734154 0.15609487891969046
    outer loop
      vertex -2.4207172095775604 -31.16234666109085 18.7
      vertex -3.652296155691147 -31.16234666109085 11.5
      vertex -2.280856616795063 -31.5 18.7
    endloop
  endfacet
  facet normal -0.9774879743256661 -0.1286887237966912 0.16720189118632797
    outer loop
      vertex -2.468421049416065 -30.799999997019768 18.7
      vertex -3.7000000029802322 -30.799999997019768 11.5
      vertex -2.4207172095775604 -31.16234666109085 18.7
    endloop
  endfacet
  facet normal -0.7861475571876497 -0.6032322404654832 0.1344726083292967
    outer loop
      vertex -2.280856616795063 -31.5 18.7
      vertex -3.5124355629086494 -31.5 11.5
      vertex -2.0583705455064774 -31.789949491620064 18.7
    endloop
  endfacet
  facet normal -0.6054875981423301 -0.7890867965208616 0.10357024694513581
    outer loop
      vertex -2.0583705455064774 -31.789949491620064 18.7
      vertex -3.289949491620064 -31.789949491620064 11.5
      vertex -1.7684210538864136 -32.01243556290865 18.7
    endloop
  endfacet
  facet normal -0.3818661821597681 -0.9219065131752452 0.06531921530288139
    outer loop
      vertex -1.7684210538864136 -32.01243556290865 18.7
      vertex -2.662346661090851 -32.15229615569115 11.5
      vertex -1.4307677149772644 -32.15229615569115 18.7
    endloop
  endfacet
  facet normal -0.13049368217062066 -0.9911978405082457 0.022321287716968653
    outer loop
      vertex -1.4307677149772644 -32.15229615569115 18.7
      vertex -2.662346661090851 -32.15229615569115 11.5
      vertex -1.0684210509061813 -32.20000000298023 18.7
    endloop
  endfacet
  facet normal -0.9856838996008668 0 0.16860382577992822
    outer loop
      vertex -2.468421049416065 -30.799999997019768 18.7
      vertex -2.468421049416065 30.799999997019768 18.7
      vertex -3.7000000029802322 -30.799999997019768 11.5
    endloop
  endfacet
  facet normal -0.9774879719626813 -0.12868874358472857 0.16720188977062583
    outer loop
      vertex -2.4207172095775604 -31.16234666109085 18.7
      vertex -3.7000000029802322 -30.799999997019768 11.5
      vertex -3.652296155691147 -31.16234666109085 11.5
    endloop
  endfacet
  facet normal -0.9125546776910533 -0.37799252505734166 0.15609487891969043
    outer loop
      vertex -2.280856616795063 -31.5 18.7
      vertex -3.652296155691147 -31.16234666109085 11.5
      vertex -3.5124355629086494 -31.5 11.5
    endloop
  endfacet
  facet normal -0.7861475571876497 -0.6032322404654833 0.1344726083292967
    outer loop
      vertex -2.0583705455064774 -31.789949491620064 18.7
      vertex -3.5124355629086494 -31.5 11.5
      vertex -3.289949491620064 -31.789949491620064 11.5
    endloop
  endfacet
  facet normal -0.6054875981423303 -0.7890867965208616 0.10357024694513584
    outer loop
      vertex -1.7684210538864136 -32.01243556290865 18.7
      vertex -3.289949491620064 -31.789949491620064 11.5
      vertex -3 -32.01243556290865 11.5
    endloop
  endfacet
  facet normal -0.3818661821597681 -0.9219065131752452 0.06531921530288139
    outer loop
      vertex -1.7684210538864136 -32.01243556290865 18.7
      vertex -3 -32.01243556290865 11.5
      vertex -2.662346661090851 -32.15229615569115 11.5
    endloop
  endfacet
  facet normal -0.1304936821706206 -0.9911978405082454 0.022321287716968643
    outer loop
      vertex -1.0684210509061813 -32.20000000298023 18.7
      vertex -2.662346661090851 -32.15229615569115 11.5
      vertex -2.2999999970197678 -32.20000000298023 11.5
    endloop
  endfacet
  facet normal 0 -1 0
    outer loop
      vertex -1.0684210509061813 -32.20000000298023 18.7
      vertex -2.2999999970197678 -32.20000000298023 11.5
      vertex -2.2999999970197678 -32.20000000298023 11.49
    endloop
  endfacet
  facet normal -0.9238795320994044 -0.3826834333594615 0
    outer loop
      vertex -3.5124355629086494 -31.5 11.49
      vertex -3.652296155691147 -31.16234666109085 11.5
      vertex -3.652296155691147 -31.16234666109085 11.49
    endloop
  endfacet
  facet normal -0.793353338682037 -0.6087614311058687 0
    outer loop
      vertex -3.5124355629086494 -31.5 11.5
      vertex -3.5124355629086494 -31.5 11.49
      vertex -3.289949491620064 -31.789949491620064 11.49
    endloop
  endfacet
  facet normal 0 -1 0
    outer loop
      vertex -1.0684210509061813 -32.20000000298023 18.7
      vertex -2.2999999970197678 -32.20000000298023 11.49
      vertex 3.2999999970197678 -32.20000000298023 11.49
    endloop
  endfacet
  facet normal 0 -1 0
    outer loop
      vertex -1.0684210509061813 -32.20000000298023 18.7
      vertex 3.2999999970197678 -32.20000000298023 11.49
      vertex 0.5526315793395042 -32.20000000298023 18.7
    endloop
  endfacet
  facet normal 0.13036460904493533 -0.9902174328646045 0.04974439023240141
    outer loop
      vertex 0.5526315793395042 -32.20000000298023 18.7
      vertex 3.662346661090851 -32.15229615569115 11.5
      vertex 0.9149782434105873 -32.15229615569115 18.7
    endloop
  endfacet
  facet normal 0.3786675653842186 -0.9141843691983876 0.1444915708245109
    outer loop
      vertex 0.9149782434105873 -32.15229615569115 18.7
      vertex 3.662346661090851 -32.15229615569115 11.5
      vertex 1.2526315823197365 -32.01243556290865 18.7
    endloop
  endfacet
  facet normal 0.5929735093851758 -0.7727781186238133 0.2262662072508144
    outer loop
      vertex 1.2526315823197365 -32.01243556290865 18.7
      vertex 4.289949491620064 -31.789949491620064 11.5
      vertex 1.5425810739398003 -31.789949491620064 18.7
    endloop
  endfacet
  facet normal 0.759322411328685 -0.5826485819787671 0.2897414460723961
    outer loop
      vertex 1.5425810739398003 -31.789949491620064 18.7
      vertex 4.5124355629086494 -31.5 11.5
      vertex 1.765067145228386 -31.5 18.7
    endloop
  endfacet
  facet normal 0.8713210367672412 -0.3609129917086821 0.332477763621492
    outer loop
      vertex 1.765067145228386 -31.5 18.7
      vertex 4.652296155691147 -31.16234666109085 11.5
      vertex 1.9049277380108833 -31.16234666109085 18.7
    endloop
  endfacet
  facet normal 0.9273043634933513 -0.12208192657447925 0.35383982343717896
    outer loop
      vertex 1.9049277380108833 -31.16234666109085 18.7
      vertex 4.700000002980232 -30.799999997019768 11.5
      vertex 1.9526315778493881 -30.799999997019768 18.7
    endloop
  endfacet
  facet normal 0 -1 0
    outer loop
      vertex 0.5526315793395042 -32.20000000298023 18.7
      vertex 3.2999999970197678 -32.20000000298023 11.49
      vertex 3.2999999970197678 -32.20000000298023 11.5
    endloop
  endfacet
  facet normal 0.13036460904493521 -0.9902174328646045 0.04974439023240137
    outer loop
      vertex 0.5526315793395042 -32.20000000298023 18.7
      vertex 3.2999999970197678 -32.20000000298023 11.5
      vertex 3.662346661090851 -32.15229615569115 11.5
    endloop
  endfacet
  facet normal 0.3786675653842188 -0.9141843691983875 0.144491570824511
    outer loop
      vertex 1.2526315823197365 -32.01243556290865 18.7
      vertex 3.662346661090851 -32.15229615569115 11.5
      vertex 4 -32.01243556290865 11.5
    endloop
  endfacet
  facet normal 0.5929735093851756 -0.7727781186238134 0.22626620725081426
    outer loop
      vertex 1.2526315823197365 -32.01243556290865 18.7
      vertex 4 -32.01243556290865 11.5
      vertex 4.289949491620064 -31.789949491620064 11.5
    endloop
  endfacet
  facet normal 0.7593224113286849 -0.5826485819787671 0.28974144607239605
    outer loop
      vertex 1.5425810739398003 -31.789949491620064 18.7
      vertex 4.289949491620064 -31.789949491620064 11.5
      vertex 4.5124355629086494 -31.5 11.5
    endloop
  endfacet
  facet normal 0.8713210367672409 -0.36091299170868274 0.3324777636214919
    outer loop
      vertex 1.765067145228386 -31.5 18.7
      vertex 4.5124355629086494 -31.5 11.5
      vertex 4.652296155691147 -31.16234666109085 11.5
    endloop
  endfacet
  facet normal 0.9342928491519717 1.7016388009107222e-16 0.3565064824424531
    outer loop
      vertex 1.9526315778493881 -30.799999997019768 18.7
      vertex 4.700000002980232 -30.799999997019768 11.5
      vertex 4.3685714303724525 -25.38157142848138 12.368571430372452
    endloop
  endfacet
  facet normal 0.9273043616496564 -0.12208194539900648 0.35383982177408657
    outer loop
      vertex 1.9049277380108833 -31.16234666109085 18.7
      vertex 4.652296155691147 -31.16234666109085 11.5
      vertex 4.700000002980232 -30.799999997019768 11.5
    endloop
  endfacet
  facet normal 0.3826834333594615 -0.9238795320994044 0
    outer loop
      vertex 3.662346661090851 -32.15229615569115 11.49
      vertex 4 -32.01243556290865 11.49
      vertex 4 -32.01243556290865 11.5
    endloop
  endfacet
  facet normal 0.9238795320994044 -0.3826834333594615 0
    outer loop
      vertex 4.5124355629086494 -31.5 11.49
      vertex 4.652296155691147 -31.16234666109085 11.49
      vertex 4.652296155691147 -31.16234666109085 11.5
    endloop
  endfacet
  facet normal 0.9342928491519713 0 0.356506482442454
    outer loop
      vertex 4.3685714303724525 -25.38157142848138 12.368571430372452
      vertex 4.700000002980232 -30.799999997019768 11.5
      vertex 4.700000002980232 -25.425 11.5
    endloop
  endfacet
  facet normal 0.9342928491519716 0 0.35650648244245287
    outer loop
      vertex 1.9526315778493881 -30.799999997019768 18.7
      vertex 4.3685714303724525 -25.38157142848138 12.368571430372452
      vertex 4.3685714303724525 25.38157142848138 12.368571430372452
    endloop
  endfacet
  facet normal -0.9774879743256661 0.1286887237966912 0.16720189118632797
    outer loop
      vertex -2.468421049416065 30.799999997019768 18.7
      vertex -2.4207172095775604 31.16234666109085 18.7
      vertex -3.7000000029802322 30.799999997019768 11.5
    endloop
  endfacet
  facet normal -0.9125546776910535 0.37799252505734154 0.15609487891969046
    outer loop
      vertex -2.4207172095775604 31.16234666109085 18.7
      vertex -2.280856616795063 31.5 18.7
      vertex -3.652296155691147 31.16234666109085 11.5
    endloop
  endfacet
  facet normal -0.7861475571876497 0.6032322404654832 0.1344726083292967
    outer loop
      vertex -2.280856616795063 31.5 18.7
      vertex -2.0583705455064774 31.789949491620064 18.7
      vertex -3.5124355629086494 31.5 11.5
    endloop
  endfacet
  facet normal -0.6054875981423301 0.7890867965208616 0.10357024694513581
    outer loop
      vertex -2.0583705455064774 31.789949491620064 18.7
      vertex -1.7684210538864136 32.01243556290865 18.7
      vertex -3.289949491620064 31.789949491620064 11.5
    endloop
  endfacet
  facet normal -0.3818661821597681 0.9219065131752452 0.06531921530288139
    outer loop
      vertex -1.7684210538864136 32.01243556290865 18.7
      vertex -1.4307677149772644 32.15229615569115 18.7
      vertex -2.662346661090851 32.15229615569115 11.5
    endloop
  endfacet
  facet normal -0.13049368217062066 0.9911978405082457 0.022321287716968653
    outer loop
      vertex -1.4307677149772644 32.15229615569115 18.7
      vertex -1.0684210509061813 32.20000000298023 18.7
      vertex -2.662346661090851 32.15229615569115 11.5
    endloop
  endfacet
  facet normal -0.9856838996008668 0 0.16860382577992822
    outer loop
      vertex -3.7000000029802322 -30.799999997019768 11.5
      vertex -2.468421049416065 30.799999997019768 18.7
      vertex -3.7000000029802322 30.799999997019768 11.5
    endloop
  endfacet
  facet normal -0.9774879719626813 0.12868874358472857 0.16720188977062583
    outer loop
      vertex -2.4207172095775604 31.16234666109085 18.7
      vertex -3.652296155691147 31.16234666109085 11.5
      vertex -3.7000000029802322 30.799999997019768 11.5
    endloop
  endfacet
  facet normal -0.9125546776910533 0.37799252505734166 0.15609487891969043
    outer loop
      vertex -2.280856616795063 31.5 18.7
      vertex -3.5124355629086494 31.5 11.5
      vertex -3.652296155691147 31.16234666109085 11.5
    endloop
  endfacet
  facet normal -0.7861475571876497 0.6032322404654833 0.1344726083292967
    outer loop
      vertex -2.0583705455064774 31.789949491620064 18.7
      vertex -3.289949491620064 31.789949491620064 11.5
      vertex -3.5124355629086494 31.5 11.5
    endloop
  endfacet
  facet normal -0.6054875981423303 0.7890867965208616 0.10357024694513584
    outer loop
      vertex -1.7684210538864136 32.01243556290865 18.7
      vertex -3 32.01243556290865 11.5
      vertex -3.289949491620064 31.789949491620064 11.5
    endloop
  endfacet
  facet normal -0.3818661821597681 0.9219065131752452 0.06531921530288139
    outer loop
      vertex -1.7684210538864136 32.01243556290865 18.7
      vertex -2.662346661090851 32.15229615569115 11.5
      vertex -3 32.01243556290865 11.5
    endloop
  endfacet
  facet normal -0.1304936821706206 0.9911978405082454 0.022321287716968643
    outer loop
      vertex -1.0684210509061813 32.20000000298023 18.7
      vertex -2.2999999970197678 32.20000000298023 11.5
      vertex -2.662346661090851 32.15229615569115 11.5
    endloop
  endfacet
  facet normal 0 1 0
    outer loop
      vertex -1.0684210509061813 32.20000000298023 18.7
      vertex -2.2999999970197678 32.20000000298023 11.49
      vertex -2.2999999970197678 32.20000000298023 11.5
    endloop
  endfacet
  facet normal -0.6087614311058687 0.793353338682037 0
    outer loop
      vertex -3.289949491620064 31.789949491620064 11.5
      vertex -3 32.01243556290865 11.49
      vertex -3.289949491620064 31.789949491620064 11.49
    endloop
  endfacet
  facet normal -0.3826834333594615 0.9238795320994044 0
    outer loop
      vertex -3 32.01243556290865 11.5
      vertex -2.662346661090851 32.15229615569115 11.5
      vertex -3 32.01243556290865 11.49
    endloop
  endfacet
  facet normal -0.3826834333594615 0.9238795320994044 0
    outer loop
      vertex -3 32.01243556290865 11.49
      vertex -2.662346661090851 32.15229615569115 11.5
      vertex -2.662346661090851 32.15229615569115 11.49
    endloop
  endfacet
  facet normal -0.13052620290209085 0.9914448599674932 9.493023362758425e-16
    outer loop
      vertex -2.662346661090851 32.15229615569115 11.5
      vertex -2.2999999970197678 32.20000000298023 11.5
      vertex -2.3003150810754818 32.199958521373894 11.49
    endloop
  endfacet
  facet normal 0 1 0
    outer loop
      vertex -1.0684210509061813 32.20000000298023 18.7
      vertex 3.2999999970197678 32.20000000298023 11.49
      vertex -2.2999999970197678 32.20000000298023 11.49
    endloop
  endfacet
  facet normal 0.9342928491519717 0 0.3565064824424529
    outer loop
      vertex 1.9526315778493881 -30.799999997019768 18.7
      vertex 4.3685714303724525 25.38157142848138 12.368571430372452
      vertex 1.9526315778493881 30.799999997019768 18.7
    endloop
  endfacet
  facet normal 0 1 0
    outer loop
      vertex -1.0684210509061813 32.20000000298023 18.7
      vertex 0.5526315793395042 32.20000000298023 18.7
      vertex 3.2999999970197678 32.20000000298023 11.49
    endloop
  endfacet
  facet normal 0.13036460904493533 0.9902174328646045 0.04974439023240141
    outer loop
      vertex 0.5526315793395042 32.20000000298023 18.7
      vertex 0.9149782434105873 32.15229615569115 18.7
      vertex 3.2999999970197678 32.20000000298023 11.5
    endloop
  endfacet
  facet normal 0.3786675653842186 0.9141843691983876 0.1444915708245109
    outer loop
      vertex 0.9149782434105873 32.15229615569115 18.7
      vertex 1.2526315823197365 32.01243556290865 18.7
      vertex 4 32.01243556290865 11.5
    endloop
  endfacet
  facet normal 0.5929735093851758 0.7727781186238133 0.2262662072508144
    outer loop
      vertex 1.2526315823197365 32.01243556290865 18.7
      vertex 1.5425810739398003 31.789949491620064 18.7
      vertex 4.289949491620064 31.789949491620064 11.5
    endloop
  endfacet
  facet normal 0.759322411328685 0.5826485819787671 0.2897414460723961
    outer loop
      vertex 1.5425810739398003 31.789949491620064 18.7
      vertex 1.765067145228386 31.5 18.7
      vertex 4.289949491620064 31.789949491620064 11.5
    endloop
  endfacet
  facet normal 0.9273043634933513 0.12208192657447925 0.35383982343717896
    outer loop
      vertex 1.9049277380108833 31.16234666109085 18.7
      vertex 1.9526315778493881 30.799999997019768 18.7
      vertex 4.700000002980232 30.799999997019768 11.5
    endloop
  endfacet
  facet normal 0.8713210367672412 0.3609129917086821 0.332477763621492
    outer loop
      vertex 1.765067145228386 31.5 18.7
      vertex 1.9049277380108833 31.16234666109085 18.7
      vertex 4.652296155691147 31.16234666109085 11.5
    endloop
  endfacet
  facet normal 0 1 0
    outer loop
      vertex 0.5526315793395042 32.20000000298023 18.7
      vertex 3.2999999970197678 32.20000000298023 11.5
      vertex 3.2999999970197678 32.20000000298023 11.49
    endloop
  endfacet
  facet normal 0.13036460904493538 0.9902174328646045 0.04974439023240143
    outer loop
      vertex 0.9149782434105873 32.15229615569115 18.7
      vertex 3.662346661090851 32.15229615569115 11.5
      vertex 3.2999999970197678 32.20000000298023 11.5
    endloop
  endfacet
  facet normal 0.3786675653842183 0.9141843691983876 0.1444915708245108
    outer loop
      vertex 0.9149782434105873 32.15229615569115 18.7
      vertex 4 32.01243556290865 11.5
      vertex 3.662346661090851 32.15229615569115 11.5
    endloop
  endfacet
  facet normal 0.5929735093851756 0.7727781186238134 0.22626620725081426
    outer loop
      vertex 1.2526315823197365 32.01243556290865 18.7
      vertex 4.289949491620064 31.789949491620064 11.5
      vertex 4 32.01243556290865 11.5
    endloop
  endfacet
  facet normal 0.7593224113286849 0.5826485819787671 0.28974144607239605
    outer loop
      vertex 1.765067145228386 31.5 18.7
      vertex 4.5124355629086494 31.5 11.5
      vertex 4.289949491620064 31.789949491620064 11.5
    endloop
  endfacet
  facet normal 0.8713210367672409 0.36091299170868274 0.3324777636214919
    outer loop
      vertex 1.765067145228386 31.5 18.7
      vertex 4.652296155691147 31.16234666109085 11.5
      vertex 4.5124355629086494 31.5 11.5
    endloop
  endfacet
  facet normal 0.9342928491519714 -1.3327057346515766e-15 0.3565064824424538
    outer loop
      vertex 1.9526315778493881 30.799999997019768 18.7
      vertex 4.3685714303724525 25.38157142848138 12.368571430372452
      vertex 4.700000002980232 25.425 11.5
    endloop
  endfacet
  facet normal 0.9342928491519716 0 0.3565064824424531
    outer loop
      vertex 1.9526315778493881 30.799999997019768 18.7
      vertex 4.700000002980232 25.425 11.5
      vertex 4.700000002980232 30.799999997019768 11.5
    endloop
  endfacet
  facet normal 0.9273043616496564 0.12208194539900648 0.35383982177408657
    outer loop
      vertex 1.9049277380108833 31.16234666109085 18.7
      vertex 4.700000002980232 30.799999997019768 11.5
      vertex 4.652296155691147 31.16234666109085 11.5
    endloop
  endfacet
  facet normal 0.6087614311058687 0.793353338682037 0
    outer loop
      vertex 4 32.01243556290865 11.5
      vertex 4.289949491620064 31.789949491620064 11.49
      vertex 4 32.01243556290865 11.49
    endloop
  endfacet
  facet normal -0.9238795320994044 -0.3826834333594615 0
    outer loop
      vertex -3.5124355629086494 -31.5 11.5
      vertex -3.652296155691147 -31.16234666109085 11.5
      vertex -3.5124355629086494 -31.5 11.49
    endloop
  endfacet
  facet normal -0.793353338682037 -0.6087614311058687 0
    outer loop
      vertex -3.5124355629086494 -31.5 11.5
      vertex -3.289949491620064 -31.789949491620064 11.49
      vertex -3.289949491620064 -31.789949491620064 11.5
    endloop
  endfacet
  facet normal -0.6087614311058687 -0.793353338682037 0
    outer loop
      vertex -3.289949491620064 -31.789949491620064 11.5
      vertex -3.289949491620064 -31.789949491620064 11.49
      vertex -3 -32.01243556290865 11.5
    endloop
  endfacet
  facet normal -0.13052620290209085 -0.9914448599674932 0
    outer loop
      vertex -2.662346661090851 -32.15229615569115 11.5
      vertex -2.2999999970197678 -32.20000000298023 11.49
      vertex -2.2999999970197678 -32.20000000298023 11.5
    endloop
  endfacet
  facet normal 0.13052620290209085 -0.9914448599674932 0
    outer loop
      vertex 3.2999999970197678 -32.20000000298023 11.49
      vertex 3.662346661090851 -32.15229615569115 11.5
      vertex 3.2999999970197678 -32.20000000298023 11.5
    endloop
  endfacet
  facet normal 0.3826834333594615 -0.9238795320994044 0
    outer loop
      vertex 3.662346661090851 -32.15229615569115 11.5
      vertex 3.662346661090851 -32.15229615569115 11.49
      vertex 4 -32.01243556290865 11.5
    endloop
  endfacet
  facet normal 0.6087614311058687 -0.793353338682037 0
    outer loop
      vertex 4 -32.01243556290865 11.5
      vertex 4 -32.01243556290865 11.49
      vertex 4.289949491620064 -31.789949491620064 11.5
    endloop
  endfacet
  facet normal 0.793353338682037 -0.6087614311058687 0
    outer loop
      vertex 4.289949491620064 -31.789949491620064 11.5
      vertex 4.5124355629086494 -31.5 11.49
      vertex 4.5124355629086494 -31.5 11.5
    endloop
  endfacet
  facet normal 0.9238795320994044 -0.3826834333594615 0
    outer loop
      vertex 4.5124355629086494 -31.5 11.5
      vertex 4.5124355629086494 -31.5 11.49
      vertex 4.652296155691147 -31.16234666109085 11.5
    endloop
  endfacet
  facet normal -0.6087614311058687 0.793353338682037 0
    outer loop
      vertex -3.289949491620064 31.789949491620064 11.5
      vertex -3 32.01243556290865 11.5
      vertex -3 32.01243556290865 11.49
    endloop
  endfacet
  facet normal -0.1305262029020909 0.9914448599674932 0
    outer loop
      vertex -2.662346661090851 32.15229615569115 11.5
      vertex -2.3003150810754818 32.199958521373894 11.49
      vertex -2.662346661090851 32.15229615569115 11.49
    endloop
  endfacet
  facet normal -0.1305262029020426 0.9914448599674996 0
    outer loop
      vertex -2.3003150810754818 32.199958521373894 11.49
      vertex -2.2999999970197678 32.20000000298023 11.5
      vertex -2.2999999970197678 32.20000000298023 11.49
    endloop
  endfacet
  facet normal 0.13052620290209085 0.9914448599674932 0
    outer loop
      vertex 3.2999999970197678 32.20000000298023 11.49
      vertex 3.2999999970197678 32.20000000298023 11.5
      vertex 3.662346661090851 32.15229615569115 11.5
    endloop
  endfacet
  facet normal 0.3826834333594615 0.9238795320994044 0
    outer loop
      vertex 3.662346661090851 32.15229615569115 11.5
      vertex 4 32.01243556290865 11.5
      vertex 4 32.01243556290865 11.49
    endloop
  endfacet
  facet normal 0.6087614311058687 0.793353338682037 0
    outer loop
      vertex 4 32.01243556290865 11.5
      vertex 4.289949491620064 31.789949491620064 11.5
      vertex 4.289949491620064 31.789949491620064 11.49
    endloop
  endfacet
  facet normal 0.793353338682037 0.6087614311058687 0
    outer loop
      vertex 4.289949491620064 31.789949491620064 11.5
      vertex 4.5124355629086494 31.5 11.5
      vertex 4.289949491620064 31.789949491620064 11.49
    endloop
  endfacet
  facet normal -0.9238795320994047 -0.38268343335946153 0
    outer loop
      vertex -3.5124355629086494 -31.5 11.49
      vertex -3.652296155691147 -31.16234666109085 11.49
      vertex -3.5124355629086494 -31.5 -0.010000000000001563
    endloop
  endfacet
  facet normal -0.9914448599674932 -0.13052620290209085 0
    outer loop
      vertex -3.652296155691147 -31.16234666109085 11.5
      vertex -3.7000000029802322 -30.799999997019768 -0.010000000000001563
      vertex -3.652296155691147 -31.16234666109085 11.49
    endloop
  endfacet
  facet normal -0.9914448599674931 -0.13052620290209085 0
    outer loop
      vertex -3.652296155691147 -31.16234666109085 11.5
      vertex -3.7000000029802322 -30.799999997019768 11.5
      vertex -3.7000000029802322 -30.799999997019768 -0.010000000000001563
    endloop
  endfacet
  facet normal -0.7933533386820368 -0.6087614311058687 0
    outer loop
      vertex -3.5124355629086494 -31.5 11.49
      vertex -3.289949491620064 -31.789949491620064 -0.010000000000001563
      vertex -3.289949491620064 -31.789949491620064 11.49
    endloop
  endfacet
  facet normal -0.6087614311058687 -0.7933533386820368 0
    outer loop
      vertex -3.289949491620064 -31.789949491620064 11.49
      vertex -3.289949491620064 -31.789949491620064 -0.010000000000001563
      vertex -3 -32.01243556290865 11.5
    endloop
  endfacet
  facet normal -0.38268343335946153 -0.9238795320994045 0
    outer loop
      vertex -3 -32.01243556290865 11.5
      vertex -3 -32.01243556290865 -0.010000000000001563
      vertex -2.662346661090851 -32.15229615569115 11.5
    endloop
  endfacet
  facet normal -0.13052620290209088 -0.9914448599674931 0
    outer loop
      vertex -2.662346661090851 -32.15229615569115 11.5
      vertex -2.2999999970197678 -32.20000000298023 -0.010000000000001563
      vertex -2.2999999970197678 -32.20000000298023 11.49
    endloop
  endfacet
  facet normal -0.9238795320994047 -0.38268343335946153 0
    outer loop
      vertex -3.652296155691147 -31.16234666109085 11.49
      vertex -3.652296155691147 -31.16234666109085 -0.010000000000001563
      vertex -3.5124355629086494 -31.5 -0.010000000000001563
    endloop
  endfacet
  facet normal -0.7933533386820368 -0.6087614311058687 0
    outer loop
      vertex -3.5124355629086494 -31.5 11.49
      vertex -3.5124355629086494 -31.5 -0.010000000000001563
      vertex -3.289949491620064 -31.789949491620064 -0.010000000000001563
    endloop
  endfacet
  facet normal -0.9914448599674933 -0.13052620290209088 0
    outer loop
      vertex -3.652296155691147 -31.16234666109085 11.49
      vertex -3.7000000029802322 -30.799999997019768 -0.010000000000001563
      vertex -3.652296155691147 -31.16234666109085 -0.010000000000001563
    endloop
  endfacet
  facet normal -0.6087614311058687 -0.7933533386820368 0
    outer loop
      vertex -3 -32.01243556290865 11.5
      vertex -3.289949491620064 -31.789949491620064 -0.010000000000001563
      vertex -3 -32.01243556290865 -0.010000000000001563
    endloop
  endfacet
  facet normal -0.38268343335946153 -0.9238795320994045 0
    outer loop
      vertex -2.662346661090851 -32.15229615569115 11.5
      vertex -3 -32.01243556290865 -0.010000000000001563
      vertex -2.662346661090851 -32.15229615569115 -0.010000000000001563
    endloop
  endfacet
  facet normal -0.13052620290209085 -0.9914448599674931 0
    outer loop
      vertex -2.662346661090851 -32.15229615569115 11.5
      vertex -2.662346661090851 -32.15229615569115 -0.010000000000001563
      vertex -2.2999999970197678 -32.20000000298023 -0.010000000000001563
    endloop
  endfacet
  facet normal 0 0 -1
    outer loop
      vertex -3.5124355629086494 -31.5 -0.010000000000001563
      vertex -3.7000000029802322 -30.799999997019768 -0.010000000000001563
      vertex -3.289949491620064 -31.789949491620064 -0.010000000000001563
    endloop
  endfacet
  facet normal 0 0 -1
    outer loop
      vertex -3.5124355629086494 -31.5 -0.010000000000001563
      vertex -3.652296155691147 -31.16234666109085 -0.010000000000001563
      vertex -3.7000000029802322 -30.799999997019768 -0.010000000000001563
    endloop
  endfacet
  facet normal 0 0 -1
    outer loop
      vertex -3.7000000029802322 -30.799999997019768 -0.010000000000001563
      vertex -2.2999999970197678 -32.20000000298023 -0.010000000000001563
      vertex -3.289949491620064 -31.789949491620064 -0.010000000000001563
    endloop
  endfacet
  facet normal 0 0 -1
    outer loop
      vertex -3.7000000029802322 -30.799999997019768 -0.010000000000001563
      vertex -3.3 -30.95 -0.010000000000001563
      vertex -2.2999999970197678 -32.20000000298023 -0.010000000000001563
    endloop
  endfacet
  facet normal 0 0 -1
    outer loop
      vertex -3.289949491620064 -31.789949491620064 -0.010000000000001563
      vertex -2.2999999970197678 -32.20000000298023 -0.010000000000001563
      vertex -3 -32.01243556290865 -0.010000000000001563
    endloop
  endfacet
  facet normal 0 0 -1
    outer loop
      vertex -3 -32.01243556290865 -0.010000000000001563
      vertex -2.2999999970197678 -32.20000000298023 -0.010000000000001563
      vertex -2.662346661090851 -32.15229615569115 -0.010000000000001563
    endloop
  endfacet
  facet normal 0 0 -1
    outer loop
      vertex -3.3 -30.95 -0.010000000000001563
      vertex -2.5 -31 -0.010000000000001563
      vertex -2.2999999970197678 -32.20000000298023 -0.010000000000001563
    endloop
  endfacet
  facet normal 0 0 -1
    outer loop
      vertex -3.3 -30.95 -0.010000000000001563
      vertex -2.5 -30.95 -0.010000000000001563
      vertex -2.5 -31 -0.010000000000001563
    endloop
  endfacet
  facet normal 0 0 -1
    outer loop
      vertex -2.5 -31 -0.010000000000001563
      vertex -1.2 -31 -0.010000000000001563
      vertex -2.2999999970197678 -32.20000000298023 -0.010000000000001563
    endloop
  endfacet
  facet normal 0 -1 0
    outer loop
      vertex -2.2999999970197678 -32.20000000298023 11.49
      vertex -2.2999999970197678 -32.20000000298023 -0.010000000000001563
      vertex 3.2999999970197678 -32.20000000298023 0
    endloop
  endfacet
  facet normal 0 0 -1
    outer loop
      vertex -2.2999999970197678 -32.20000000298023 -0.010000000000001563
      vertex -1.2 -31 -0.010000000000001563
      vertex 0.5999999999999999 -30.999999999999996 -0.010000000000001563
    endloop
  endfacet
  facet normal -1 0 0
    outer loop
      vertex -3.7000000029802322 -30.799999997019768 11.5
      vertex -3.7000000029802322 30.799999997019768 -0.010000000000001563
      vertex -3.7000000029802322 -30.799999997019768 -0.010000000000001563
    endloop
  endfacet
  facet normal 0 0 -1
    outer loop
      vertex -3.7000000029802322 -30.799999997019768 -0.010000000000001563
      vertex -3.7000000029802322 30.799999997019768 -0.010000000000001563
      vertex -3.3 -30.95 -0.010000000000001563
    endloop
  endfacet
  facet normal 0 -1 0
    outer loop
      vertex -2.2999999970197678 -32.20000000298023 11.49
      vertex 3.2999999970197678 -32.20000000298023 0
      vertex 3.2999999970197678 -32.20000000298023 11.49
    endloop
  endfacet
  facet normal 0.13052620290209088 -0.9914448599674932 0
    outer loop
      vertex 3.2999999970197678 -32.20000000298023 11.49
      vertex 3.2999999970197678 -32.20000000298023 0
      vertex 3.662346661090851 -32.15229615569115 11.5
    endloop
  endfacet
  facet normal 0.13052620290209085 -0.9914448599674932 0
    outer loop
      vertex 3.662346661090851 -32.15229615569115 11.5
      vertex 3.2999999970197678 -32.20000000298023 0
      vertex 3.662346661090851 -32.15229615569115 11.49
    endloop
  endfacet
  facet normal 0.38268343335946153 -0.9238795320994047 0
    outer loop
      vertex 3.662346661090851 -32.15229615569115 11.49
      vertex 4 -32.01243556290865 -0.010000000000001563
      vertex 4 -32.01243556290865 11.49
    endloop
  endfacet
  facet normal 0.6087614311058687 -0.7933533386820368 0
    outer loop
      vertex 4 -32.01243556290865 11.49
      vertex 4 -32.01243556290865 -0.010000000000001563
      vertex 4.289949491620064 -31.789949491620064 11.5
    endloop
  endfacet
  facet normal 0.7933533386820368 -0.6087614311058687 0
    outer loop
      vertex 4.289949491620064 -31.789949491620064 11.5
      vertex 4.5124355629086494 -31.5 -0.010000000000001563
      vertex 4.5124355629086494 -31.5 11.49
    endloop
  endfacet
  facet normal 0.9238795320994047 -0.38268343335946153 0
    outer loop
      vertex 4.5124355629086494 -31.5 11.49
      vertex 4.652296155691147 -31.16234666109085 -0.010000000000001563
      vertex 4.652296155691147 -31.16234666109085 11.49
    endloop
  endfacet
  facet normal 0.9914448599674932 -0.13052620290209085 0
    outer loop
      vertex 4.652296155691147 -31.16234666109085 11.5
      vertex 4.652296155691147 -31.16234666109085 11.49
      vertex 4.700000002980232 -30.799999997019768 -0.010000000000001563
    endloop
  endfacet
  facet normal 0.9914448599674931 -0.13052620290209085 0
    outer loop
      vertex 4.652296155691147 -31.16234666109085 11.5
      vertex 4.700000002980232 -30.799999997019768 -0.010000000000001563
      vertex 4.700000002980232 -30.799999997019768 11.5
    endloop
  endfacet
  facet normal 1 0 0
    outer loop
      vertex 4.700000002980232 -30.799999997019768 11.5
      vertex 4.700000002980232 -30.799999997019768 -0.010000000000001563
      vertex 4.700000002980232 -25.425 11.5
    endloop
  endfacet
  facet normal 0 0 -1
    outer loop
      vertex -2.2999999970197678 -32.20000000298023 -0.010000000000001563
      vertex 0.5999999999999999 -30.999999999999996 -0.010000000000001563
      vertex 4.3 -30.95 -0.010000000000001563
    endloop
  endfacet
  facet normal 0 -1 0
    outer loop
      vertex -2.2999999970197678 -32.20000000298023 -0.010000000000001563
      vertex 3.2999999970197678 -32.20000000298023 -0.010000000000001563
      vertex 3.2999999970197678 -32.20000000298023 0
    endloop
  endfacet
  facet normal 0 0 -1
    outer loop
      vertex -2.2999999970197678 -32.20000000298023 -0.010000000000001563
      vertex 3.662346661090851 -32.15229615569115 -0.010000000000001563
      vertex 3.2999999970197678 -32.20000000298023 -0.010000000000001563
    endloop
  endfacet
  facet normal 0 0 -1
    outer loop
      vertex -2.2999999970197678 -32.20000000298023 -0.010000000000001563
      vertex 4.3 -30.95 -0.010000000000001563
      vertex 3.662346661090851 -32.15229615569115 -0.010000000000001563
    endloop
  endfacet
  facet normal 0 0 -1
    outer loop
      vertex 0.5999999999999999 -30.999999999999996 -0.010000000000001563
      vertex 0.6000000000000001 -30.95 -0.010000000000001563
      vertex 4.3 -30.95 -0.010000000000001563
    endloop
  endfacet
  facet normal 0.13052620290209088 -0.9914448599674933 0
    outer loop
      vertex 3.662346661090851 -32.15229615569115 11.49
      vertex 3.2999999970197678 -32.20000000298023 0
      vertex 3.662346661090851 -32.15229615569115 -0.010000000000001563
    endloop
  endfacet
  facet normal 0.38268343335946153 -0.9238795320994047 0
    outer loop
      vertex 3.662346661090851 -32.15229615569115 11.49
      vertex 3.662346661090851 -32.15229615569115 -0.010000000000001563
      vertex 4 -32.01243556290865 -0.010000000000001563
    endloop
  endfacet
  facet normal 0.6087614311058687 -0.7933533386820368 0
    outer loop
      vertex 4.289949491620064 -31.789949491620064 11.5
      vertex 4 -32.01243556290865 -0.010000000000001563
      vertex 4.289949491620064 -31.789949491620064 -0.010000000000001563
    endloop
  endfacet
  facet normal 0.7933533386820368 -0.6087614311058687 0
    outer loop
      vertex 4.289949491620064 -31.789949491620064 11.5
      vertex 4.289949491620064 -31.789949491620064 -0.010000000000001563
      vertex 4.5124355629086494 -31.5 -0.010000000000001563
    endloop
  endfacet
  facet normal 0.9238795320994047 -0.38268343335946153 0
    outer loop
      vertex 4.5124355629086494 -31.5 11.49
      vertex 4.5124355629086494 -31.5 -0.010000000000001563
      vertex 4.652296155691147 -31.16234666109085 -0.010000000000001563
    endloop
  endfacet
  facet normal 0.9914448599674933 -0.13052620290209088 0
    outer loop
      vertex 4.652296155691147 -31.16234666109085 11.49
      vertex 4.652296155691147 -31.16234666109085 -0.010000000000001563
      vertex 4.700000002980232 -30.799999997019768 -0.010000000000001563
    endloop
  endfacet
  facet normal 1 0 0
    outer loop
      vertex 4.700000002980232 -25.425 11.5
      vertex 4.700000002980232 -30.799999997019768 -0.010000000000001563
      vertex 4.700000002980232 -26.0005 -0.010000000000001563
    endloop
  endfacet
  facet normal 0.13052620290209085 -0.9914448599674932 0
    outer loop
      vertex 3.2999999970197678 -32.20000000298023 0
      vertex 3.2999999970197678 -32.20000000298023 -0.010000000000001563
      vertex 3.662346661090851 -32.15229615569115 -0.010000000000001563
    endloop
  endfacet
  facet normal 0 0 -1
    outer loop
      vertex 3.662346661090851 -32.15229615569115 -0.010000000000001563
      vertex 4.5124355629086494 -31.5 -0.010000000000001563
      vertex 4 -32.01243556290865 -0.010000000000001563
    endloop
  endfacet
  facet normal 0 0 -1
    outer loop
      vertex 4 -32.01243556290865 -0.010000000000001563
      vertex 4.5124355629086494 -31.5 -0.010000000000001563
      vertex 4.289949491620064 -31.789949491620064 -0.010000000000001563
    endloop
  endfacet
  facet normal 0 0 -1
    outer loop
      vertex 3.662346661090851 -32.15229615569115 -0.010000000000001563
      vertex 4.3 -30.95 -0.010000000000001563
      vertex 4.700000002980232 -30.799999997019768 -0.010000000000001563
    endloop
  endfacet
  facet normal 0 0 -1
    outer loop
      vertex 3.662346661090851 -32.15229615569115 -0.010000000000001563
      vertex 4.700000002980232 -30.799999997019768 -0.010000000000001563
      vertex 4.5124355629086494 -31.5 -0.010000000000001563
    endloop
  endfacet
  facet normal 0 0 -1
    outer loop
      vertex 4.5124355629086494 -31.5 -0.010000000000001563
      vertex 4.700000002980232 -30.799999997019768 -0.010000000000001563
      vertex 4.652296155691147 -31.16234666109085 -0.010000000000001563
    endloop
  endfacet
  facet normal 0 0 -1
    outer loop
      vertex 4.3 -30.95 -0.010000000000001563
      vertex 4.3 -26.0005 -0.010000000000001563
      vertex 4.700000002980232 -30.799999997019768 -0.010000000000001563
    endloop
  endfacet
  facet normal 0 0 -1
    outer loop
      vertex 4.700000002980232 -30.799999997019768 -0.010000000000001563
      vertex 4.3 -26.0005 -0.010000000000001563
      vertex 4.700000002980232 -26.0005 -0.010000000000001563
    endloop
  endfacet
  facet normal -1 0 0
    outer loop
      vertex -3.7000000029802322 -30.799999997019768 11.5
      vertex -3.7000000029802322 30.799999997019768 11.5
      vertex -3.7000000029802322 30.799999997019768 -0.010000000000001563
    endloop
  endfacet
  facet normal -0.9914448599674931 0.13052620290209085 0
    outer loop
      vertex -3.7000000029802322 30.799999997019768 11.5
      vertex -3.652296155691147 31.16234666109085 11.5
      vertex -3.7000000029802322 30.799999997019768 -0.010000000000001563
    endloop
  endfacet
  facet normal -0.9238795320994045 0.3826834333594615 0
    outer loop
      vertex -3.652296155691147 31.16234666109085 11.5
      vertex -3.5124355629086494 31.5 11.5
      vertex -3.652296155691147 31.16234666109085 0
    endloop
  endfacet
  facet normal -0.793353338682037 0.6087614311058687 0
    outer loop
      vertex -3.5124355629086494 31.5 11.5
      vertex -3.289949491620064 31.789949491620064 11.5
      vertex -3.5124355629086494 31.5 0
    endloop
  endfacet
  facet normal -0.793353338682037 0.6087614311058687 0
    outer loop
      vertex -3.289949491620064 31.789949491620064 11.5
      vertex -3.289949491620064 31.789949491620064 11.49
      vertex -3.5124355629086494 31.5 0
    endloop
  endfacet
  facet normal -0.6087614311058687 0.793353338682037 0
    outer loop
      vertex -3.289949491620064 31.789949491620064 11.49
      vertex -3 32.01243556290865 11.49
      vertex -3.289949491620064 31.789949491620064 0
    endloop
  endfacet
  facet normal -0.3826834333594615 0.9238795320994045 0
    outer loop
      vertex -3 32.01243556290865 11.49
      vertex -2.662346661090851 32.15229615569115 11.49
      vertex -3 32.01243556290865 0
    endloop
  endfacet
  facet normal -0.13052620290209088 0.9914448599674931 0
    outer loop
      vertex -2.662346661090851 32.15229615569115 11.49
      vertex -2.3003150810754818 32.199958521373894 11.49
      vertex -2.662346661090851 32.15229615569115 0
    endloop
  endfacet
  facet normal -0.13052620290204256 0.9914448599674995 0
    outer loop
      vertex -2.3003150810754818 32.199958521373894 11.49
      vertex -2.2999999970197678 32.20000000298023 11.49
      vertex -2.2999999970197678 32.20000000298023 -0.010000000000001563
    endloop
  endfacet
  facet normal 0 1 0
    outer loop
      vertex -2.2999999970197678 32.20000000298023 11.49
      vertex 3.2999999970197678 32.20000000298023 11.49
      vertex -2.2999999970197678 32.20000000298023 -0.010000000000001563
    endloop
  endfacet
  facet normal 0 0 -1
    outer loop
      vertex -3.3 -30.95 -0.010000000000001563
      vertex -3.7000000029802322 30.799999997019768 -0.010000000000001563
      vertex -3.3 30.95 -0.010000000000001563
    endloop
  endfacet
  facet normal -0.9914448599674931 0.13052620290209085 0
    outer loop
      vertex -3.652296155691147 31.16234666109085 11.5
      vertex -3.652296155691147 31.16234666109085 0
      vertex -3.7000000029802322 30.799999997019768 -0.010000000000001563
    endloop
  endfacet
  facet normal -0.9238795320994045 0.3826834333594615 0
    outer loop
      vertex -3.5124355629086494 31.5 11.5
      vertex -3.5124355629086494 31.5 0
      vertex -3.652296155691147 31.16234666109085 0
    endloop
  endfacet
  facet normal -0.793353338682037 0.6087614311058687 0
    outer loop
      vertex -3.289949491620064 31.789949491620064 11.49
      vertex -3.289949491620064 31.789949491620064 0
      vertex -3.5124355629086494 31.5 0
    endloop
  endfacet
  facet normal -0.6087614311058687 0.793353338682037 0
    outer loop
      vertex -3 32.01243556290865 11.49
      vertex -3 32.01243556290865 0
      vertex -3.289949491620064 31.789949491620064 0
    endloop
  endfacet
  facet normal -0.3826834333594615 0.9238795320994045 0
    outer loop
      vertex -2.662346661090851 32.15229615569115 11.49
      vertex -2.662346661090851 32.15229615569115 0
      vertex -3 32.01243556290865 0
    endloop
  endfacet
  facet normal -0.13052620290209085 0.9914448599674931 -1.3458402248602523e-18
    outer loop
      vertex -2.3003150810754818 32.199958521373894 11.49
      vertex -2.2999999970197678 32.20000000298023 -0.010000000000001563
      vertex -2.662346661090851 32.15229615569115 0
    endloop
  endfacet
  facet normal -0.9914448599674932 0.13052620290209085 0
    outer loop
      vertex -3.7000000029802322 30.799999997019768 -0.010000000000001563
      vertex -3.652296155691147 31.16234666109085 0
      vertex -3.652296155691147 31.16234666109085 -0.010000000000001563
    endloop
  endfacet
  facet normal 0 0 -1
    outer loop
      vertex -3.7000000029802322 30.799999997019768 -0.010000000000001563
      vertex -3.652296155691147 31.16234666109085 -0.010000000000001563
      vertex -3.5124355629086494 31.5 -0.010000000000001563
    endloop
  endfacet
  facet normal -0.9238795320994044 0.3826834333594615 0
    outer loop
      vertex -3.652296155691147 31.16234666109085 0
      vertex -3.5124355629086494 31.5 -0.010000000000001563
      vertex -3.652296155691147 31.16234666109085 -0.010000000000001563
    endloop
  endfacet
  facet normal -0.9238795320994044 0.3826834333594615 0
    outer loop
      vertex -3.652296155691147 31.16234666109085 0
      vertex -3.5124355629086494 31.5 0
      vertex -3.5124355629086494 31.5 -0.010000000000001563
    endloop
  endfacet
  facet normal 0 0 -1
    outer loop
      vertex -3.7000000029802322 30.799999997019768 -0.010000000000001563
      vertex -3.5124355629086494 31.5 -0.010000000000001563
      vertex -3.289949491620064 31.789949491620064 -0.010000000000001563
    endloop
  endfacet
  facet normal -0.793353338682037 0.6087614311058688 0
    outer loop
      vertex -3.5124355629086494 31.5 0
      vertex -3.289949491620064 31.789949491620064 -0.010000000000001563
      vertex -3.5124355629086494 31.5 -0.010000000000001563
    endloop
  endfacet
  facet normal -0.793353338682037 0.6087614311058688 0
    outer loop
      vertex -3.5124355629086494 31.5 0
      vertex -3.289949491620064 31.789949491620064 0
      vertex -3.289949491620064 31.789949491620064 -0.010000000000001563
    endloop
  endfacet
  facet normal -0.6087614311058688 0.793353338682037 0
    outer loop
      vertex -3.289949491620064 31.789949491620064 0
      vertex -3 32.01243556290865 0
      vertex -3.289949491620064 31.789949491620064 -0.010000000000001563
    endloop
  endfacet
  facet normal 0 0 -1
    outer loop
      vertex -3.7000000029802322 30.799999997019768 -0.010000000000001563
      vertex -2.2999999970197678 32.20000000298023 -0.010000000000001563
      vertex -3.3 30.95 -0.010000000000001563
    endloop
  endfacet
  facet normal 0 0 -1
    outer loop
      vertex -3.7000000029802322 30.799999997019768 -0.010000000000001563
      vertex -3.289949491620064 31.789949491620064 -0.010000000000001563
      vertex -2.2999999970197678 32.20000000298023 -0.010000000000001563
    endloop
  endfacet
  facet normal -0.6087614311058688 0.793353338682037 0
    outer loop
      vertex -3.289949491620064 31.789949491620064 -0.010000000000001563
      vertex -3 32.01243556290865 0
      vertex -3 32.01243556290865 -0.010000000000001563
    endloop
  endfacet
  facet normal 0 0 -1
    outer loop
      vertex -3.3 30.95 -0.010000000000001563
      vertex -2.5 31 -0.010000000000001563
      vertex -2.5 30.95 -0.010000000000001563
    endloop
  endfacet
  facet normal -0.3826834333594615 0.9238795320994044 0
    outer loop
      vertex -3 32.01243556290865 0
      vertex -2.662346661090851 32.15229615569115 0
      vertex -3 32.01243556290865 -0.010000000000001563
    endloop
  endfacet
  facet normal 0 0 -1
    outer loop
      vertex -3.289949491620064 31.789949491620064 -0.010000000000001563
      vertex -3 32.01243556290865 -0.010000000000001563
      vertex -2.2999999970197678 32.20000000298023 -0.010000000000001563
    endloop
  endfacet
  facet normal 0 0 -1
    outer loop
      vertex -3.3 30.95 -0.010000000000001563
      vertex -2.2999999970197678 32.20000000298023 -0.010000000000001563
      vertex -2.5 31 -0.010000000000001563
    endloop
  endfacet
  facet normal -0.3826834333594615 0.9238795320994044 0
    outer loop
      vertex -3 32.01243556290865 -0.010000000000001563
      vertex -2.662346661090851 32.15229615569115 0
      vertex -2.662346661090851 32.15229615569115 -0.010000000000001563
    endloop
  endfacet
  facet normal 0 0 -1
    outer loop
      vertex -3 32.01243556290865 -0.010000000000001563
      vertex -2.662346661090851 32.15229615569115 -0.010000000000001563
      vertex -2.2999999970197678 32.20000000298023 -0.010000000000001563
    endloop
  endfacet
  facet normal -0.13052620290209085 0.9914448599674932 0
    outer loop
      vertex -2.662346661090851 32.15229615569115 0
      vertex -2.2999999970197678 32.20000000298023 -0.010000000000001563
      vertex -2.662346661090851 32.15229615569115 -0.010000000000001563
    endloop
  endfacet
  facet normal 0 0 -1
    outer loop
      vertex -2.5 31 -0.010000000000001563
      vertex -2.2999999970197678 32.20000000298023 -0.010000000000001563
      vertex -1.2 31 -0.010000000000001563
    endloop
  endfacet
  facet normal 0 0 -1
    outer loop
      vertex -2.2999999970197678 32.20000000298023 -0.010000000000001563
      vertex 0.5999999999999999 31 -0.010000000000001563
      vertex -1.2 31 -0.010000000000001563
    endloop
  endfacet
  facet normal 0.13052620290209088 0.9914448599674932 0
    outer loop
      vertex 3.2999999970197678 32.20000000298023 11.49
      vertex 3.662346661090851 32.15229615569115 11.5
      vertex 3.2999999970197678 32.20000000298023 0
    endloop
  endfacet
  facet normal 1 0 0
    outer loop
      vertex 4.700000002980232 25.425 11.5
      vertex 4.700000002980232 26.0005 -0.010000000000001563
      vertex 4.700000002980232 30.799999997019768 11.5
    endloop
  endfacet
  facet normal 0.38268343335946153 0.9238795320994047 0
    outer loop
      vertex 3.662346661090851 32.15229615569115 11.5
      vertex 4 32.01243556290865 11.49
      vertex 4 32.01243556290865 -0.010000000000001563
    endloop
  endfacet
  facet normal 0.6087614311058687 0.793353338682037 0
    outer loop
      vertex 4 32.01243556290865 11.49
      vertex 4.289949491620064 31.789949491620064 11.49
      vertex 4.289949491620064 31.789949491620064 0
    endloop
  endfacet
  facet normal 0.793353338682037 0.6087614311058687 0
    outer loop
      vertex 4.289949491620064 31.789949491620064 11.49
      vertex 4.5124355629086494 31.5 11.5
      vertex 4.289949491620064 31.789949491620064 0
    endloop
  endfacet
  facet normal 0.9914448599674931 0.13052620290209085 0
    outer loop
      vertex 4.700000002980232 30.799999997019768 11.5
      vertex 4.700000002980232 30.799999997019768 -0.010000000000001563
      vertex 4.652296155691147 31.16234666109085 11.5
    endloop
  endfacet
  facet normal 0.9238795320994045 0.38268343335946153 0
    outer loop
      vertex 4.652296155691147 31.16234666109085 11.5
      vertex 4.5124355629086494 31.5 -0.010000000000001563
      vertex 4.5124355629086494 31.5 11.5
    endloop
  endfacet
  facet normal 0 1 0
    outer loop
      vertex 3.2999999970197678 32.20000000298023 11.49
      vertex 3.2999999970197678 32.20000000298023 0
      vertex -2.2999999970197678 32.20000000298023 -0.010000000000001563
    endloop
  endfacet
  facet normal 0 0 -1
    outer loop
      vertex -2.2999999970197678 32.20000000298023 -0.010000000000001563
      vertex 4.3 30.95 -0.010000000000001563
      vertex 0.5999999999999999 31 -0.010000000000001563
    endloop
  endfacet
  facet normal 0 1 0
    outer loop
      vertex -2.2999999970197678 32.20000000298023 -0.010000000000001563
      vertex 3.2999999970197678 32.20000000298023 0
      vertex 3.2999999970197678 32.20000000298023 -0.010000000000001563
    endloop
  endfacet
  facet normal 0 0 -1
    outer loop
      vertex -2.2999999970197678 32.20000000298023 -0.010000000000001563
      vertex 3.2999999970197678 32.20000000298023 -0.010000000000001563
      vertex 3.662346661090851 32.15229615569115 -0.010000000000001563
    endloop
  endfacet
  facet normal 0 0 -1
    outer loop
      vertex -2.2999999970197678 32.20000000298023 -0.010000000000001563
      vertex 3.662346661090851 32.15229615569115 -0.010000000000001563
      vertex 4 32.01243556290865 -0.010000000000001563
    endloop
  endfacet
  facet normal 0 0 -1
    outer loop
      vertex 0.5999999999999999 31 -0.010000000000001563
      vertex 4.3 30.95 -0.010000000000001563
      vertex 0.6000000000000001 30.95 -0.010000000000001563
    endloop
  endfacet
  facet normal 0 0 -1
    outer loop
      vertex -2.2999999970197678 32.20000000298023 -0.010000000000001563
      vertex 4 32.01243556290865 -0.010000000000001563
      vertex 4.3 30.95 -0.010000000000001563
    endloop
  endfacet
  facet normal 0.13052620290209085 0.9914448599674931 0
    outer loop
      vertex 3.662346661090851 32.15229615569115 11.5
      vertex 3.662346661090851 32.15229615569115 -0.010000000000001563
      vertex 3.2999999970197678 32.20000000298023 0
    endloop
  endfacet
  facet normal 0.38268343335946153 0.9238795320994045 0
    outer loop
      vertex 3.662346661090851 32.15229615569115 11.5
      vertex 4 32.01243556290865 -0.010000000000001563
      vertex 3.662346661090851 32.15229615569115 -0.010000000000001563
    endloop
  endfacet
  facet normal 0.6087614311058687 0.7933533386820368 0
    outer loop
      vertex 4 32.01243556290865 11.49
      vertex 4.289949491620064 31.789949491620064 0
      vertex 4 32.01243556290865 -0.010000000000001563
    endloop
  endfacet
  facet normal 1 0 0
    outer loop
      vertex 4.700000002980232 30.799999997019768 11.5
      vertex 4.700000002980232 26.0005 -0.010000000000001563
      vertex 4.700000002980232 30.799999997019768 -0.010000000000001563
    endloop
  endfacet
  facet normal 0.9914448599674931 0.13052620290209085 0
    outer loop
      vertex 4.652296155691147 31.16234666109085 11.5
      vertex 4.700000002980232 30.799999997019768 -0.010000000000001563
      vertex 4.652296155691147 31.16234666109085 -0.010000000000001563
    endloop
  endfacet
  facet normal 0.7933533386820368 0.6087614311058687 0
    outer loop
      vertex 4.5124355629086494 31.5 11.5
      vertex 4.5124355629086494 31.5 -0.010000000000001563
      vertex 4.289949491620064 31.789949491620064 0
    endloop
  endfacet
  facet normal 0.9238795320994045 0.38268343335946153 0
    outer loop
      vertex 4.652296155691147 31.16234666109085 11.5
      vertex 4.652296155691147 31.16234666109085 -0.010000000000001563
      vertex 4.5124355629086494 31.5 -0.010000000000001563
    endloop
  endfacet
  facet normal 0.13052620290209085 0.9914448599674932 0
    outer loop
      vertex 3.2999999970197678 32.20000000298023 0
      vertex 3.662346661090851 32.15229615569115 -0.010000000000001563
      vertex 3.2999999970197678 32.20000000298023 -0.010000000000001563
    endloop
  endfacet
  facet normal 0 0 -1
    outer loop
      vertex 4.3 26.0005 -0.010000000000001563
      vertex 4.3 30.95 -0.010000000000001563
      vertex 4.700000002980232 26.0005 -0.010000000000001563
    endloop
  endfacet
  facet normal 0 0 -1
    outer loop
      vertex 4.700000002980232 26.0005 -0.010000000000001563
      vertex 4.3 30.95 -0.010000000000001563
      vertex 4.700000002980232 30.799999997019768 -0.010000000000001563
    endloop
  endfacet
  facet normal 0.6087614311058688 0.793353338682037 0
    outer loop
      vertex 4 32.01243556290865 -0.010000000000001563
      vertex 4.289949491620064 31.789949491620064 0
      vertex 4.289949491620064 31.789949491620064 -0.010000000000001563
    endloop
  endfacet
  facet normal 0 0 -1
    outer loop
      vertex 4 32.01243556290865 -0.010000000000001563
      vertex 4.289949491620064 31.789949491620064 -0.010000000000001563
      vertex 4.5124355629086494 31.5 -0.010000000000001563
    endloop
  endfacet
  facet normal 0 0 -1
    outer loop
      vertex 4 32.01243556290865 -0.010000000000001563
      vertex 4.700000002980232 30.799999997019768 -0.010000000000001563
      vertex 4.3 30.95 -0.010000000000001563
    endloop
  endfacet
  facet normal 0.793353338682037 0.6087614311058688 0
    outer loop
      vertex 4.289949491620064 31.789949491620064 0
      vertex 4.5124355629086494 31.5 -0.010000000000001563
      vertex 4.289949491620064 31.789949491620064 -0.010000000000001563
    endloop
  endfacet
  facet normal 0 0 -1
    outer loop
      vertex 4 32.01243556290865 -0.010000000000001563
      vertex 4.5124355629086494 31.5 -0.010000000000001563
      vertex 4.700000002980232 30.799999997019768 -0.010000000000001563
    endloop
  endfacet
  facet normal 0 0 -1
    outer loop
      vertex 4.700000002980232 30.799999997019768 -0.010000000000001563
      vertex 4.5124355629086494 31.5 -0.010000000000001563
      vertex 4.652296155691147 31.16234666109085 -0.010000000000001563
    endloop
  endfacet
  facet normal 0.7387660247839578 0.6739619875222257 0
    outer loop
      vertex -2.4956666666666667 -29.579749999999997 11.5
      vertex -1.2 -31 14.5
      vertex -1.2 -31 14.49
    endloop
  endfacet
  facet normal 0.9175556253099241 -4.619915562781899e-16 -0.39760743763430073
    outer loop
      vertex -2.1966666666666668 -29.539999999999996 12.2
      vertex -1.2 -31 14.5
      vertex -2.5 -29.574999999999996 11.5
    endloop
  endfacet
  facet normal 0.738766024784066 0.6739619875221071 -9.344108086582687e-14
    outer loop
      vertex -2.4956666666666667 -29.579749999999997 11.5
      vertex -2.5 -29.574999999999996 11.5
      vertex -1.2 -31 14.5
    endloop
  endfacet
  facet normal 0 0.9032775043542893 0.4290568145682883
    outer loop
      vertex -2.4956666666666667 -29.579749999999997 11.5
      vertex -1.2 -31 14.49
      vertex -1.2 -29.579749999999997 11.5
    endloop
  endfacet
  facet normal 0.9175556253099241 0 -0.3976074376343004
    outer loop
      vertex -2.1966666666666668 -29.539999999999996 12.2
      vertex -1.2 31 14.5
      vertex -1.2 -31 14.5
    endloop
  endfacet
  facet normal -0.4410132275410893 0.897500603416951 0
    outer loop
      vertex 0.5999999999999999 -31 14.5
      vertex 3.5 -29.574999999999996 11.5
      vertex 0.5999999999999999 -31 14.49
    endloop
  endfacet
  facet normal -9.255291853765592e-16 0.9032775043542896 0.42905681456828837
    outer loop
      vertex 0.5999999999999999 -31 14.49
      vertex 3.4990793650793672 -29.575452380952374 11.490952380952379
      vertex 0.5999999999999999 -29.579749999999997 11.5
    endloop
  endfacet
  facet normal -0.7189883760491115 -1.1584398360490846e-15 -0.6950220968474753
    outer loop
      vertex 0.5999999999999999 -31 14.5
      vertex 2.8233333333333333 -29.539999999999996 12.2
      vertex 3.5 -29.574999999999996 11.5
    endloop
  endfacet
  facet normal -0.4410132275409596 0.8975006034170149 1.649780293478136e-13
    outer loop
      vertex 0.5999999999999999 -31 14.49
      vertex 3.5 -29.574999999999996 11.5
      vertex 3.4990793650793672 -29.575452380952374 11.490952380952379
    endloop
  endfacet
  facet normal -1.1068026714068741e-15 0.9032775043543035 0.42905681456825867
    outer loop
      vertex 0.5999999999999999 -29.579749999999997 11.5
      vertex 3.4990793650793672 -29.575452380952374 11.490952380952379
      vertex 0.6000000000000001 -29.575452380952377 11.490952380952379
    endloop
  endfacet
  facet normal -0.7189883760491121 0 -0.6950220968474748
    outer loop
      vertex 0.5999999999999999 -31 14.5
      vertex 2.8233333333333333 29.539999999999996 12.2
      vertex 2.8233333333333333 -29.539999999999996 12.2
    endloop
  endfacet
  facet normal 0.9175556253099241 0 -0.3976074376343004
    outer loop
      vertex -2.1966666666666668 -29.539999999999996 12.2
      vertex -2.1966666666666668 29.539999999999996 12.2
      vertex -1.2 31 14.5
    endloop
  endfacet
  facet normal 0.7387660247839614 -0.6739619875222217 0
    outer loop
      vertex -2.5 29.574999999999996 11.5
      vertex -1.2 31 14.49
      vertex -1.2 31 14.5
    endloop
  endfacet
  facet normal 0.9175556253099241 4.619915562781899e-16 -0.39760743763430073
    outer loop
      vertex -2.1966666666666668 29.539999999999996 12.2
      vertex -2.5 29.574999999999996 11.5
      vertex -1.2 31 14.5
    endloop
  endfacet
  facet normal 0.738766024784066 -0.6739619875221071 -9.375359284196676e-14
    outer loop
      vertex -2.4956666666666667 29.579749999999997 11.5
      vertex -1.2 31 14.49
      vertex -2.5 29.574999999999996 11.5
    endloop
  endfacet
  facet normal 0 -0.9032775043542893 0.4290568145682883
    outer loop
      vertex -2.4956666666666667 29.579749999999997 11.5
      vertex -1.2 29.579749999999997 11.5
      vertex -1.2 31 14.49
    endloop
  endfacet
  facet normal -0.7189883760491121 0 -0.695022096847475
    outer loop
      vertex 0.5999999999999999 -31 14.5
      vertex 0.5999999999999999 31 14.5
      vertex 2.8233333333333333 29.539999999999996 12.2
    endloop
  endfacet
  facet normal -0.4410132275410893 -0.897500603416951 0
    outer loop
      vertex 0.5999999999999999 31 14.5
      vertex 0.5999999999999999 31 14.49
      vertex 3.5 29.574999999999996 11.5
    endloop
  endfacet
  facet normal -9.255291853765592e-16 -0.9032775043542896 0.42905681456828837
    outer loop
      vertex 0.5999999999999999 31 14.49
      vertex 0.5999999999999999 29.579749999999997 11.5
      vertex 3.4990793650793672 29.575452380952374 11.490952380952379
    endloop
  endfacet
  facet normal -0.7189883760491115 1.1584398360490846e-15 -0.6950220968474753
    outer loop
      vertex 0.5999999999999999 31 14.5
      vertex 3.5 29.574999999999996 11.5
      vertex 2.8233333333333333 29.539999999999996 12.2
    endloop
  endfacet
  facet normal -0.4410132275409596 -0.8975006034170149 1.649780293478136e-13
    outer loop
      vertex 0.5999999999999999 31 14.49
      vertex 3.4990793650793672 29.575452380952374 11.490952380952379
      vertex 3.5 29.574999999999996 11.5
    endloop
  endfacet
  facet normal -1.1068026714068741e-15 -0.9032775043543035 0.42905681456825867
    outer loop
      vertex 0.5999999999999999 29.579749999999997 11.5
      vertex 0.6000000000000001 29.575452380952377 11.490952380952379
      vertex 3.4990793650793672 29.575452380952374 11.490952380952379
    endloop
  endfacet
  facet normal 0 0.9987523388778446 -0.04993761694389249
    outer loop
      vertex -2.5 -29.539999999999996 12.2
      vertex -2.1966666666666668 -29.539999999999996 12.2
      vertex -2.5 -29.574999999999996 11.5
    endloop
  endfacet
  facet normal 0 0 -1
    outer loop
      vertex -2.5 -29.539999999999996 12.2
      vertex -2.5 29.539999999999996 12.2
      vertex -2.1966666666666668 -29.539999999999996 12.2
    endloop
  endfacet
  facet normal -1.2239337559384726e-15 0.9987523388778446 -0.049937616943891955
    outer loop
      vertex 0.6000000000000001 -29.575452380952377 11.490952380952379
      vertex 3.4990793650793672 -29.575452380952374 11.490952380952379
      vertex 1.9978946441650387 -29.713063953834908 8.73872092330172
    endloop
  endfacet
  facet normal 0 0.9987523388778446 -0.04993761694389248
    outer loop
      vertex 2.8233333333333333 -29.539999999999996 12.2
      vertex 3.5 -29.539999999999996 12.2
      vertex 3.5 -29.574999999999996 11.5
    endloop
  endfacet
  facet normal 0 0 -1
    outer loop
      vertex 2.8233333333333333 -29.539999999999996 12.2
      vertex 2.8233333333333333 29.539999999999996 12.2
      vertex 3.5 -29.539999999999996 12.2
    endloop
  endfacet
  facet normal -1 0 0
    outer loop
      vertex 3.5 -29.539999999999996 12.2
      vertex 3.5 29.539999999999996 12.2
      vertex 3.5 -25.425 11.5
    endloop
  endfacet
  facet normal 0 0 -1
    outer loop
      vertex -2.1966666666666668 -29.539999999999996 12.2
      vertex -2.5 29.539999999999996 12.2
      vertex -2.1966666666666668 29.539999999999996 12.2
    endloop
  endfacet
  facet normal 0 -0.9987523388778446 -0.04993761694389249
    outer loop
      vertex -2.5 29.539999999999996 12.2
      vertex -2.5 29.574999999999996 11.5
      vertex -2.1966666666666668 29.539999999999996 12.2
    endloop
  endfacet
  facet normal 0 0 -1
    outer loop
      vertex 3.5 -29.539999999999996 12.2
      vertex 2.8233333333333333 29.539999999999996 12.2
      vertex 3.5 29.539999999999996 12.2
    endloop
  endfacet
  facet normal -1 0 0
    outer loop
      vertex 3.5 -25.425 11.5
      vertex 3.5 29.539999999999996 12.2
      vertex 3.5 25.425 11.5
    endloop
  endfacet
  facet normal -1.2239337559384724e-15 -0.9987523388778445 -0.04993761694389315
    outer loop
      vertex 0.6000000000000001 29.575452380952377 11.490952380952379
      vertex 1.8021053558349616 29.71306395383491 8.73872092330172
      vertex 3.4990793650793672 29.575452380952374 11.490952380952379
    endloop
  endfacet
  facet normal 0 -0.9987523388778446 -0.04993761694389248
    outer loop
      vertex 2.8233333333333333 29.539999999999996 12.2
      vertex 3.5 29.574999999999996 11.5
      vertex 3.5 29.539999999999996 12.2
    endloop
  endfacet
  facet normal 1 0 0
    outer loop
      vertex -2.5 -29.539999999999996 12.2
      vertex -2.5 -29.574999999999996 11.5
      vertex -2.5 30.10956850870552 0.8000000000000007
    endloop
  endfacet
  facet normal 1 0 0
    outer loop
      vertex -2.5 -29.574999999999996 11.5
      vertex -2.5 -30.109999999999996 0.8000000000000007
      vertex -2.5 30.10956850870552 0.8000000000000007
    endloop
  endfacet
  facet normal 4.691797857771587e-14 0.9987523388778451 -0.049937616943884024
    outer loop
      vertex 0.6000000000000001 -29.575452380952377 11.490952380952379
      vertex 1.2070903506165351 -29.735743218332015 8.285135633359669
      vertex 1.1564163539696424 -29.745137277271358 8.097254454572738
    endloop
  endfacet
  facet normal -9.470345082253943e-15 0.9987523388778445 -0.04993761694389579
    outer loop
      vertex 0.6000000000000001 -29.575452380952377 11.490952380952379
      vertex 1.6129874257261827 -29.71558108434136 8.688378313172755
      vertex 1.4434289282434596 -29.720443807069998 8.591123858600017
    endloop
  endfacet
  facet normal -2.1052376049429536e-14 0.9987523388778444 -0.04993761694389683
    outer loop
      vertex 0.6000000000000001 -29.575452380952377 11.490952380952379
      vertex 1.3049849947815737 -29.727320735502893 8.453585289942051
      vertex 1.2070903506165351 -29.735743218332015 8.285135633359669
    endloop
  endfacet
  facet normal 1.853535555830474e-14 0.9987523388778449 -0.049937616943887674
    outer loop
      vertex 0.6000000000000001 -29.575452380952377 11.490952380952379
      vertex 1.4434289282434596 -29.720443807069998 8.591123858600017
      vertex 1.3049849947815737 -29.727320735502893 8.453585289942051
    endloop
  endfacet
  facet normal -1.3645451308692271e-14 0.9987523388778444 -0.04993761694389728
    outer loop
      vertex 0.6000000000000001 -29.575452380952377 11.490952380952379
      vertex 1.8021053558349616 -29.713063953834908 8.73872092330172
      vertex 1.6129874257261827 -29.71558108434136 8.688378313172755
    endloop
  endfacet
  facet normal 0 0.9987523388778448 -0.04993761694389139
    outer loop
      vertex 0.6000000000000001 -29.575452380952377 11.490952380952379
      vertex 1.9978946441650387 -29.713063953834908 8.73872092330172
      vertex 1.8021053558349616 -29.713063953834908 8.73872092330172
    endloop
  endfacet
  facet normal -3.348446557990741e-15 0.9987523388778448 -0.0499376169438908
    outer loop
      vertex 3.4990793650793672 -29.575452380952374 11.490952380952379
      vertex 2.1870125742738176 -29.715581084341355 8.688378313172755
      vertex 1.9978946441650387 -29.713063953834908 8.73872092330172
    endloop
  endfacet
  facet normal -3.206123185734078e-15 0.9987523388778446 -0.049937616943892184
    outer loop
      vertex 0.6000000000000001 -29.575452380952377 11.490952380952379
      vertex 1.1564163539696424 -29.745137277271358 8.097254454572738
      vertex 0.6000000000000001 -30.109999999999996 0.8000000000000007
    endloop
  endfacet
  facet normal 2.581839230905568e-13 0.9987523388778436 -0.04993761694391257
    outer loop
      vertex 0.6000000000000001 -30.109999999999996 0.8000000000000007
      vertex 1.1564163539696424 -29.745137277271358 8.097254454572738
      vertex 1.1564163539696424 -29.754862722728635 7.902745545427262
    endloop
  endfacet
  facet normal -5.825124154608158e-14 0.9987523388778449 -0.0499376169438873
    outer loop
      vertex 0.6000000000000001 -30.109999999999996 0.8000000000000007
      vertex 1.1564163539696424 -29.754862722728635 7.902745545427262
      vertex 1.2070903506165351 -29.764256781667978 7.714864366640331
    endloop
  endfacet
  facet normal 2.5045864587896682e-14 0.9987523388778445 -0.04993761694389465
    outer loop
      vertex 0.6000000000000001 -30.109999999999996 0.8000000000000007
      vertex 1.2070903506165351 -29.764256781667978 7.714864366640331
      vertex 1.3049849947815737 -29.7726792644971 7.546414710057949
    endloop
  endfacet
  facet normal -2.1080509761447137e-14 0.9987523388778448 -0.04993761694388987
    outer loop
      vertex 0.6000000000000001 -30.109999999999996 0.8000000000000007
      vertex 1.3049849947815737 -29.7726792644971 7.546414710057949
      vertex 1.4434289282434596 -29.779556192929995 7.408876141399983
    endloop
  endfacet
  facet normal -8.851389532115121e-15 0.9987523388778446 -0.04993761694389139
    outer loop
      vertex 0.6000000000000001 -30.109999999999996 0.8000000000000007
      vertex 1.4434289282434596 -29.779556192929995 7.408876141399983
      vertex 1.6129874257261827 -29.78441891565863 7.311621686827245
    endloop
  endfacet
  facet normal -3.804316148843778e-15 0.9987523388778446 -0.049937616943892156
    outer loop
      vertex 0.6000000000000001 -30.109999999999996 0.8000000000000007
      vertex 1.6129874257261827 -29.78441891565863 7.311621686827245
      vertex 1.8021053558349616 -29.786936046165078 7.26127907669828
    endloop
  endfacet
  facet normal 0 0.9987523388778448 -0.049937616943892926
    outer loop
      vertex 0.6000000000000001 -30.109999999999996 0.8000000000000007
      vertex 1.8021053558349616 -29.786936046165078 7.26127907669828
      vertex 1.9978946441650387 -29.786936046165078 7.26127907669828
    endloop
  endfacet
  facet normal 4.236725734319365e-15 0.9987523388778445 -0.04993761694389375
    outer loop
      vertex 0.6000000000000001 -30.109999999999996 0.8000000000000007
      vertex 1.9978946441650387 -29.786936046165078 7.26127907669828
      vertex 2.1870125742738176 -29.78441891565863 7.311621686827245
    endloop
  endfacet
  facet normal 1.1207968062229223e-14 0.9987523388778446 -0.0499376169438955
    outer loop
      vertex 0.6000000000000001 -30.109999999999996 0.8000000000000007
      vertex 2.1870125742738176 -29.78441891565863 7.311621686827245
      vertex 2.3565710717565405 -29.779556192929995 7.408876141399983
    endloop
  endfacet
  facet normal -3.952121884675893e-15 0.9987523388778448 -0.049937616943891316
    outer loop
      vertex 0.6000000000000001 -30.109999999999996 0.8000000000000007
      vertex 2.3565710717565405 -29.779556192929995 7.408876141399983
      vertex 2.4950150052184266 -29.772679264497096 7.546414710057947
    endloop
  endfacet
  facet normal 9.013377693920995e-15 0.9987523388778444 -0.049937616943896555
    outer loop
      vertex 3.4990793650793672 -29.575452380952374 11.490952380952379
      vertex 2.3565710717565405 -29.720443807069994 8.591123858600017
      vertex 2.1870125742738176 -29.715581084341355 8.688378313172755
    endloop
  endfacet
  facet normal 1.1910124995865836e-15 0.9987523388778446 -0.049937616943893565
    outer loop
      vertex 3.4990793650793672 -29.575452380952374 11.490952380952379
      vertex 2.4950150052184266 -29.727320735502893 8.453585289942051
      vertex 2.3565710717565405 -29.720443807069994 8.591123858600017
    endloop
  endfacet
  facet normal -5.586069674424208e-15 0.9987523388778448 -0.04993761694389126
    outer loop
      vertex 3.4990793650793672 -29.575452380952374 11.490952380952379
      vertex 2.592909649383465 -29.73574321833201 8.285135633359669
      vertex 2.4950150052184266 -29.727320735502893 8.453585289942051
    endloop
  endfacet
  facet normal -4.665931275575507e-15 0.9987523388778448 -0.04993761694389159
    outer loop
      vertex 3.4990793650793672 -29.575452380952374 11.490952380952379
      vertex 2.6435836460303577 -29.745137277271358 8.097254454572738
      vertex 2.592909649383465 -29.73574321833201 8.285135633359669
    endloop
  endfacet
  facet normal -1 0 0
    outer loop
      vertex 3.5 -29.539999999999996 12.2
      vertex 3.5 -25.96 0.8000000000000007
      vertex 3.5 -29.574999999999996 11.5
    endloop
  endfacet
  facet normal 3.0834429636644414e-12 0.9987523388778446 -0.049937616943892246
    outer loop
      vertex 3.5 -29.574999999999996 11.5
      vertex 3.5 -30.109999999999996 0.8000000000000007
      vertex 3.4990793650793672 -29.575452380952374 11.490952380952379
    endloop
  endfacet
  facet normal -1 0 0
    outer loop
      vertex 3.5 -29.539999999999996 12.2
      vertex 3.5 -25.425 11.5
      vertex 3.5 -25.96 0.8000000000000007
    endloop
  endfacet
  facet normal -7.271712855479394e-16 0.9987523388778445 -0.0499376169438925
    outer loop
      vertex 3.4990793650793672 -29.575452380952374 11.490952380952379
      vertex 3.5 -30.109999999999996 0.8000000000000007
      vertex 2.6435836460303577 -29.745137277271358 8.097254454572738
    endloop
  endfacet
  facet normal -1.3312928044809239e-14 0.9987523388778445 -0.049937616943894356
    outer loop
      vertex 3.5 -30.109999999999996 0.8000000000000007
      vertex 2.6435836460303577 -29.75486272272863 7.902745545427262
      vertex 2.6435836460303577 -29.745137277271358 8.097254454572738
    endloop
  endfacet
  facet normal 5.109567112669512e-15 0.9987523388778446 -0.04993761694389179
    outer loop
      vertex 3.5 -30.109999999999996 0.8000000000000007
      vertex 2.592909649383465 -29.764256781667978 7.714864366640331
      vertex 2.6435836460303577 -29.75486272272863 7.902745545427262
    endloop
  endfacet
  facet normal 6.949219539468468e-15 0.9987523388778448 -0.049937616943891545
    outer loop
      vertex 3.5 -30.109999999999996 0.8000000000000007
      vertex 2.4950150052184266 -29.772679264497096 7.546414710057947
      vertex 2.592909649383465 -29.764256781667978 7.714864366640331
    endloop
  endfacet
  facet normal 0 0.9987523388778446 -0.04993761694389256
    outer loop
      vertex 0.6000000000000001 -30.109999999999996 0.8000000000000007
      vertex 2.4950150052184266 -29.772679264497096 7.546414710057947
      vertex 3.5 -30.109999999999996 0.8000000000000007
    endloop
  endfacet
  facet normal -1 0 0
    outer loop
      vertex 3.5 -29.574999999999996 11.5
      vertex 3.5 -25.96 0.8000000000000007
      vertex 3.5 -30.109999999999996 0.8000000000000007
    endloop
  endfacet
  facet normal 1 0 0
    outer loop
      vertex -2.5 -29.539999999999996 12.2
      vertex -2.5 30.109203340174524 0.8073089034764784
      vertex -2.5 29.539999999999996 12.2
    endloop
  endfacet
  facet normal 1 0 0
    outer loop
      vertex -2.5 29.539999999999996 12.2
      vertex -2.5 30.109203340174524 0.8073089034764784
      vertex -2.5 29.574999999999996 11.5
    endloop
  endfacet
  facet normal 1 0 0
    outer loop
      vertex -2.5 -29.539999999999996 12.2
      vertex -2.5 30.10956850870552 0.8000000000000007
      vertex -2.5 30.109203340174524 0.8073089034764784
    endloop
  endfacet
  facet normal 4.691797857771587e-14 -0.9987523388778451 -0.049937616943884024
    outer loop
      vertex 0.6000000000000001 29.575452380952377 11.490952380952379
      vertex 1.1564163539696424 29.745137277271358 8.097254454572738
      vertex 1.2070903506165351 29.735743218332015 8.285135633359669
    endloop
  endfacet
  facet normal -9.470345082253943e-15 -0.9987523388778445 -0.04993761694389579
    outer loop
      vertex 0.6000000000000001 29.575452380952377 11.490952380952379
      vertex 1.4434289282434596 29.720443807069998 8.591123858600017
      vertex 1.6129874257261827 29.71558108434136 8.688378313172755
    endloop
  endfacet
  facet normal -2.1052376049429536e-14 -0.9987523388778444 -0.04993761694389683
    outer loop
      vertex 0.6000000000000001 29.575452380952377 11.490952380952379
      vertex 1.2070903506165351 29.735743218332015 8.285135633359669
      vertex 1.3049849947815737 29.727320735502893 8.453585289942051
    endloop
  endfacet
  facet normal 1.853535555830474e-14 -0.9987523388778449 -0.049937616943887674
    outer loop
      vertex 0.6000000000000001 29.575452380952377 11.490952380952379
      vertex 1.3049849947815737 29.727320735502893 8.453585289942051
      vertex 1.4434289282434596 29.720443807069998 8.591123858600017
    endloop
  endfacet
  facet normal 3.4352185112791747e-15 -0.9987523388778448 -0.04993761694389114
    outer loop
      vertex 0.6000000000000001 29.575452380952377 11.490952380952379
      vertex 1.6129874257261827 29.71558108434136 8.688378313172755
      vertex 1.8021053558349616 29.71306395383491 8.73872092330172
    endloop
  endfacet
  facet normal 0 -0.9987523388778445 -0.04993761694389387
    outer loop
      vertex 3.4990793650793672 29.575452380952374 11.490952380952379
      vertex 1.8021053558349616 29.71306395383491 8.73872092330172
      vertex 1.9978946441650387 29.71306395383491 8.73872092330172
    endloop
  endfacet
  facet normal -3.627483771156636e-15 -0.9987523388778448 -0.04993761694389197
    outer loop
      vertex 3.4990793650793672 29.575452380952374 11.490952380952379
      vertex 1.9978946441650387 29.71306395383491 8.73872092330172
      vertex 2.1870125742738176 29.71558108434136 8.688378313172755
    endloop
  endfacet
  facet normal -3.206123185734078e-15 -0.9987523388778446 -0.049937616943892184
    outer loop
      vertex 0.6000000000000001 29.575452380952377 11.490952380952379
      vertex 0.6000000000000001 30.109999999999996 0.8000000000000007
      vertex 1.1564163539696424 29.745137277271358 8.097254454572738
    endloop
  endfacet
  facet normal 2.581839230905568e-13 -0.9987523388778436 -0.04993761694391257
    outer loop
      vertex 0.6000000000000001 30.109999999999996 0.8000000000000007
      vertex 1.1564163539696424 29.754862722728635 7.902745545427262
      vertex 1.1564163539696424 29.745137277271358 8.097254454572738
    endloop
  endfacet
  facet normal -5.825124154608158e-14 -0.9987523388778449 -0.0499376169438873
    outer loop
      vertex 0.6000000000000001 30.109999999999996 0.8000000000000007
      vertex 1.2070903506165351 29.764256781667978 7.714864366640331
      vertex 1.1564163539696424 29.754862722728635 7.902745545427262
    endloop
  endfacet
  facet normal 2.5045864587896682e-14 -0.9987523388778445 -0.04993761694389465
    outer loop
      vertex 0.6000000000000001 30.109999999999996 0.8000000000000007
      vertex 1.3049849947815737 29.7726792644971 7.546414710057949
      vertex 1.2070903506165351 29.764256781667978 7.714864366640331
    endloop
  endfacet
  facet normal -2.1080509761447137e-14 -0.9987523388778448 -0.04993761694388987
    outer loop
      vertex 0.6000000000000001 30.109999999999996 0.8000000000000007
      vertex 1.4434289282434596 29.779556192929995 7.408876141399983
      vertex 1.3049849947815737 29.7726792644971 7.546414710057949
    endloop
  endfacet
  facet normal 1.0326621120800973e-14 -0.9987523388778444 -0.04993761694389388
    outer loop
      vertex 0.6000000000000001 30.109999999999996 0.8000000000000007
      vertex 1.6129874257261827 29.784418915658634 7.311621686827245
      vertex 1.4434289282434596 29.779556192929995 7.408876141399983
    endloop
  endfacet
  facet normal -3.90275326083055e-15 -0.9987523388778445 -0.04993761694389334
    outer loop
      vertex 3.5 30.109999999999996 0.8000000000000007
      vertex 1.8021053558349616 29.78693604616508 7.26127907669828
      vertex 1.6129874257261827 29.784418915658634 7.311621686827245
    endloop
  endfacet
  facet normal 0 -0.9987523388778448 -0.04993761694389232
    outer loop
      vertex 3.5 30.109999999999996 0.8000000000000007
      vertex 1.9978946441650387 29.78693604616508 7.26127907669828
      vertex 1.8021053558349616 29.78693604616508 7.26127907669828
    endloop
  endfacet
  facet normal 3.418214930249898e-15 -0.9987523388778446 -0.04993761694389147
    outer loop
      vertex 3.5 30.109999999999996 0.8000000000000007
      vertex 2.1870125742738176 29.784418915658634 7.311621686827245
      vertex 1.9978946441650387 29.78693604616508 7.26127907669828
    endloop
  endfacet
  facet normal 8.461538243272771e-15 -0.9987523388778444 -0.04993761694389757
    outer loop
      vertex 3.4990793650793672 29.575452380952374 11.490952380952379
      vertex 2.1870125742738176 29.71558108434136 8.688378313172755
      vertex 2.3565710717565405 29.720443807069998 8.591123858600017
    endloop
  endfacet
  facet normal -1.8063689577063187e-14 -0.9987523388778449 -0.049937616943887174
    outer loop
      vertex 3.4990793650793672 29.575452380952374 11.490952380952379
      vertex 2.3565710717565405 29.720443807069998 8.591123858600017
      vertex 2.4950150052184266 29.727320735502893 8.453585289942051
    endloop
  endfacet
  facet normal -5.586069674424208e-15 -0.9987523388778448 -0.04993761694389126
    outer loop
      vertex 3.4990793650793672 29.575452380952374 11.490952380952379
      vertex 2.4950150052184266 29.727320735502893 8.453585289942051
      vertex 2.592909649383465 29.73574321833201 8.285135633359669
    endloop
  endfacet
  facet normal -4.665931275575507e-15 -0.9987523388778448 -0.04993761694389159
    outer loop
      vertex 3.4990793650793672 29.575452380952374 11.490952380952379
      vertex 2.592909649383465 29.73574321833201 8.285135633359669
      vertex 2.6435836460303577 29.745137277271358 8.097254454572738
    endloop
  endfacet
  facet normal -1 0 0
    outer loop
      vertex 3.5 25.425 11.5
      vertex 3.5 29.539999999999996 12.2
      vertex 3.5 25.96 0.8000000000000007
    endloop
  endfacet
  facet normal -1 0 0
    outer loop
      vertex 3.5 29.539999999999996 12.2
      vertex 3.5 29.574999999999996 11.5
      vertex 3.5 25.96 0.8000000000000007
    endloop
  endfacet
  facet normal 3.0834429636644414e-12 -0.9987523388778446 -0.049937616943892246
    outer loop
      vertex 3.5 29.574999999999996 11.5
      vertex 3.4990793650793672 29.575452380952374 11.490952380952379
      vertex 3.5 30.109999999999996 0.8000000000000007
    endloop
  endfacet
  facet normal -7.271712855479394e-16 -0.9987523388778445 -0.0499376169438925
    outer loop
      vertex 3.4990793650793672 29.575452380952374 11.490952380952379
      vertex 2.6435836460303577 29.745137277271358 8.097254454572738
      vertex 3.5 30.109999999999996 0.8000000000000007
    endloop
  endfacet
  facet normal -1.3312928044809239e-14 -0.9987523388778445 -0.049937616943894356
    outer loop
      vertex 3.5 30.109999999999996 0.8000000000000007
      vertex 2.6435836460303577 29.745137277271358 8.097254454572738
      vertex 2.6435836460303577 29.75486272272863 7.902745545427262
    endloop
  endfacet
  facet normal 2.0269285028682977e-14 -0.9987523388778448 -0.04993761694388906
    outer loop
      vertex 3.5 30.109999999999996 0.8000000000000007
      vertex 2.4950150052184266 29.7726792644971 7.546414710057949
      vertex 2.3565710717565405 29.779556192929995 7.408876141399983
    endloop
  endfacet
  facet normal -1.0082024371130317e-14 -0.9987523388778445 -0.049937616943894224
    outer loop
      vertex 3.5 30.109999999999996 0.8000000000000007
      vertex 2.3565710717565405 29.779556192929995 7.408876141399983
      vertex 2.1870125742738176 29.784418915658634 7.311621686827245
    endloop
  endfacet
  facet normal 5.109567112669512e-15 -0.9987523388778446 -0.04993761694389179
    outer loop
      vertex 3.5 30.109999999999996 0.8000000000000007
      vertex 2.6435836460303577 29.75486272272863 7.902745545427262
      vertex 2.592909649383465 29.764256781667978 7.714864366640331
    endloop
  endfacet
  facet normal -2.3520435364354857e-14 -0.9987523388778445 -0.049937616943895514
    outer loop
      vertex 3.5 30.109999999999996 0.8000000000000007
      vertex 2.592909649383465 29.764256781667978 7.714864366640331
      vertex 2.4950150052184266 29.7726792644971 7.546414710057949
    endloop
  endfacet
  facet normal 0 -0.9987523388778448 -0.04993761694389221
    outer loop
      vertex 0.6000000000000001 30.109999999999996 0.8000000000000007
      vertex 3.5 30.109999999999996 0.8000000000000007
      vertex 1.6129874257261827 29.784418915658634 7.311621686827245
    endloop
  endfacet
  facet normal -1 0 0
    outer loop
      vertex 3.5 29.574999999999996 11.5
      vertex 3.5 30.109999999999996 0.8000000000000007
      vertex 3.5 25.96 0.8000000000000007
    endloop
  endfacet
  facet normal 0.7071067811865471 0 -0.7071067811865479
    outer loop
      vertex 4.3685714303724525 -25.38157142848138 12.368571430372452
      vertex 3.5 -25.425 11.5
      vertex 4.3685714303724525 25.38157142848138 12.368571430372452
    endloop
  endfacet
  facet normal 0.7071067811865472 0 -0.7071067811865479
    outer loop
      vertex 3.5 -25.425 11.5
      vertex 3.5 25.425 11.5
      vertex 4.3685714303724525 25.38157142848138 12.368571430372452
    endloop
  endfacet
  facet normal 0 -0.9987523388778448 -0.0499376169438908
    outer loop
      vertex 4.3685714303724525 25.38157142848138 12.368571430372452
      vertex 3.5 25.425 11.5
      vertex 4.700000002980232 25.425 11.5
    endloop
  endfacet
  facet normal 1.4555882863208468e-15 0.9987523388778449 -0.04993761694389227
    outer loop
      vertex 4.3685714303724525 -25.38157142848138 12.368571430372452
      vertex 3.5 -25.96 0.8000000000000007
      vertex 3.5 -25.425 11.5
    endloop
  endfacet
  facet normal -2.9481553982824567e-15 0.9987523388778448 -0.04993761694389193
    outer loop
      vertex 4.3685714303724525 -25.38157142848138 12.368571430372452
      vertex 4.700000002980232 -25.425 11.5
      vertex 3.5 -25.96 0.8000000000000007
    endloop
  endfacet
  facet normal -1.024976156694945e-15 0.9987523388778446 -0.04993761694389215
    outer loop
      vertex 4.700000002980232 -25.425 11.5
      vertex 4.3 -26 0
      vertex 3.5 -25.96 0.8000000000000007
    endloop
  endfacet
  facet normal -3.0827811204418384e-15 0.9987523388778446 -0.049937616943892066
    outer loop
      vertex 4.700000002980232 -25.425 11.5
      vertex 4.700000002980232 -26.0005 -0.010000000000001563
      vertex 4.3 -26 0
    endloop
  endfacet
  facet normal 0 0.9987523388778508 -0.04993761694376835
    outer loop
      vertex 4.3 -26 0
      vertex 4.700000002980232 -26.0005 -0.010000000000001563
      vertex 4.3 -26.0005 -0.010000000000001563
    endloop
  endfacet
  facet normal 0 -0.9987523388778448 -0.04993761694389218
    outer loop
      vertex 3.5 25.425 11.5
      vertex 4.3 26 0
      vertex 4.700000002980232 25.425 11.5
    endloop
  endfacet
  facet normal -1.1399267539929453e-15 -0.9987523388778448 -0.04993761694389225
    outer loop
      vertex 3.5 25.425 11.5
      vertex 3.5 25.96 0.8000000000000007
      vertex 4.3 26 0
    endloop
  endfacet
  facet normal -3.0827811204418384e-15 -0.9987523388778446 -0.049937616943892066
    outer loop
      vertex 4.700000002980232 25.425 11.5
      vertex 4.3 26 0
      vertex 4.700000002980232 26.0005 -0.010000000000001563
    endloop
  endfacet
  facet normal 0 -0.9987523388778508 -0.04993761694376835
    outer loop
      vertex 4.3 26 0
      vertex 4.3 26.0005 -0.010000000000001563
      vertex 4.700000002980232 26.0005 -0.010000000000001563
    endloop
  endfacet
  facet normal 0 1 0
    outer loop
      vertex -3.3 -30.95 0
      vertex -2.5 -30.95 -0.010000000000001563
      vertex -3.3 -30.95 -0.010000000000001563
    endloop
  endfacet
  facet normal 0.7071067811865488 0 -0.7071067811865464
    outer loop
      vertex -3.3 -30.95 0
      vertex -2.5 -30.109999999999996 0.8000000000000007
      vertex -2.5 -30.15 0.8000000000000007
    endloop
  endfacet
  facet normal 0 0.7071067811865475 -0.7071067811865475
    outer loop
      vertex -3.3 -30.95 0
      vertex -2.5 -30.15 0.8000000000000007
      vertex -2.5 -30.95 0
    endloop
  endfacet
  facet normal 0 1 0
    outer loop
      vertex -3.3 -30.95 0
      vertex -2.5 -30.95 0
      vertex -2.5 -30.95 -0.010000000000001563
    endloop
  endfacet
  facet normal 1 0 0
    outer loop
      vertex -3.3 -30.95 0
      vertex -3.3 -30.95 -0.010000000000001563
      vertex -3.3 30.95 0
    endloop
  endfacet
  facet normal 0.7071067811865479 0 -0.7071067811865471
    outer loop
      vertex -3.3 -30.95 0
      vertex -2.5 30.10956850870552 0.8000000000000007
      vertex -2.5 -30.109999999999996 0.8000000000000007
    endloop
  endfacet
  facet normal 0 0 -1
    outer loop
      vertex 0.6000000000000001 -30.15 0.8000000000000007
      vertex 0.6000000000000001 -30.109999999999996 0.8000000000000007
      vertex 3.5 -30.15 0.8000000000000007
    endloop
  endfacet
  facet normal 0 0.7071067811865475 -0.7071067811865475
    outer loop
      vertex 0.6000000000000001 -30.15 0.8000000000000007
      vertex 3.5 -30.15 0.8000000000000007
      vertex 0.6000000000000001 -30.95 0
    endloop
  endfacet
  facet normal 0 1 0
    outer loop
      vertex 0.6000000000000001 -30.95 0
      vertex 4.3 -30.95 -0.010000000000001563
      vertex 0.6000000000000001 -30.95 -0.010000000000001563
    endloop
  endfacet
  facet normal 0 0 -1
    outer loop
      vertex 0.6000000000000001 -30.109999999999996 0.8000000000000007
      vertex 3.5 -30.109999999999996 0.8000000000000007
      vertex 3.5 -30.15 0.8000000000000007
    endloop
  endfacet
  facet normal 0 0.7071067811865475 -0.7071067811865475
    outer loop
      vertex 0.6000000000000001 -30.95 0
      vertex 3.5 -30.15 0.8000000000000007
      vertex 4.3 -30.95 0
    endloop
  endfacet
  facet normal 0 1 0
    outer loop
      vertex 0.6000000000000001 -30.95 0
      vertex 4.3 -30.95 0
      vertex 4.3 -30.95 -0.010000000000001563
    endloop
  endfacet
  facet normal -0.7071067811865478 0 -0.707106781186547
    outer loop
      vertex 3.5 -30.15 0.8000000000000007
      vertex 3.5 -30.109999999999996 0.8000000000000007
      vertex 4.3 -30.95 0
    endloop
  endfacet
  facet normal -0.707106781186548 0 -0.7071067811865472
    outer loop
      vertex 3.5 -30.109999999999996 0.8000000000000007
      vertex 3.5 -25.96 0.8000000000000007
      vertex 4.3 -30.95 0
    endloop
  endfacet
  facet normal -1 0 0
    outer loop
      vertex 4.3 -30.95 0
      vertex 4.3 -26.0005 -0.010000000000001563
      vertex 4.3 -30.95 -0.010000000000001563
    endloop
  endfacet
  facet normal -0.7071067811865479 0 -0.7071067811865471
    outer loop
      vertex 3.5 -25.96 0.8000000000000007
      vertex 4.3 -26 0
      vertex 4.3 -30.95 0
    endloop
  endfacet
  facet normal -1 0 0
    outer loop
      vertex 4.3 -30.95 0
      vertex 4.3 -26 0
      vertex 4.3 -26.0005 -0.010000000000001563
    endloop
  endfacet
  facet normal 1 0 0
    outer loop
      vertex -3.3 -30.95 -0.010000000000001563
      vertex -3.3 30.95 -0.010000000000001563
      vertex -3.3 30.95 0
    endloop
  endfacet
  facet normal 0.707106781186548 0 -0.7071067811865471
    outer loop
      vertex -3.3 -30.95 0
      vertex -3.3 30.95 0
      vertex -2.5 30.15 0.8000000000000007
    endloop
  endfacet
  facet normal 0.7071067811865476 0 -0.7071067811865476
    outer loop
      vertex -3.3 -30.95 0
      vertex -2.5 30.15 0.8000000000000007
      vertex -2.5 30.10956850870552 0.8000000000000007
    endloop
  endfacet
  facet normal 0 -1 0
    outer loop
      vertex -3.3 30.95 0
      vertex -3.3 30.95 -0.010000000000001563
      vertex -2.5 30.95 0
    endloop
  endfacet
  facet normal 0 -0.7071067811865475 -0.7071067811865475
    outer loop
      vertex -3.3 30.95 0
      vertex -2.5 30.95 0
      vertex -2.5 30.15 0.8000000000000007
    endloop
  endfacet
  facet normal 0 -1 0
    outer loop
      vertex -3.3 30.95 -0.010000000000001563
      vertex -2.5 30.95 -0.010000000000001563
      vertex -2.5 30.95 0
    endloop
  endfacet
  facet normal 0 0 -1
    outer loop
      vertex 0.6000000000000001 30.109999999999996 0.8000000000000007
      vertex 0.6000000000000001 30.15 0.8000000000000007
      vertex 3.5 30.109999999999996 0.8000000000000007
    endloop
  endfacet
  facet normal 0 -0.7071067811865475 -0.7071067811865475
    outer loop
      vertex 0.6000000000000001 30.15 0.8000000000000007
      vertex 0.6000000000000001 30.95 0
      vertex 3.5 30.15 0.8000000000000007
    endloop
  endfacet
  facet normal 0 -1 0
    outer loop
      vertex 0.6000000000000001 30.95 0
      vertex 0.6000000000000001 30.95 -0.010000000000001563
      vertex 4.3 30.95 -0.010000000000001563
    endloop
  endfacet
  facet normal 0 0 -1
    outer loop
      vertex 0.6000000000000001 30.15 0.8000000000000007
      vertex 3.5 30.15 0.8000000000000007
      vertex 3.5 30.109999999999996 0.8000000000000007
    endloop
  endfacet
  facet normal 0 -0.7071067811865475 -0.7071067811865475
    outer loop
      vertex 0.6000000000000001 30.95 0
      vertex 4.3 30.95 0
      vertex 3.5 30.15 0.8000000000000007
    endloop
  endfacet
  facet normal 0 -1 0
    outer loop
      vertex 0.6000000000000001 30.95 0
      vertex 4.3 30.95 -0.010000000000001563
      vertex 4.3 30.95 0
    endloop
  endfacet
  facet normal -0.707106781186548 0 -0.7071067811865472
    outer loop
      vertex 3.5 25.96 0.8000000000000007
      vertex 3.5 30.109999999999996 0.8000000000000007
      vertex 4.3 26 0
    endloop
  endfacet
  facet normal -1 0 0
    outer loop
      vertex 4.3 26 0
      vertex 4.3 30.95 -0.010000000000001563
      vertex 4.3 26.0005 -0.010000000000001563
    endloop
  endfacet
  facet normal -0.7071067811865478 0 -0.707106781186547
    outer loop
      vertex 3.5 30.109999999999996 0.8000000000000007
      vertex 3.5 30.15 0.8000000000000007
      vertex 4.3 26 0
    endloop
  endfacet
  facet normal -0.7071067811865479 0 -0.7071067811865471
    outer loop
      vertex 3.5 30.15 0.8000000000000007
      vertex 4.3 30.95 0
      vertex 4.3 26 0
    endloop
  endfacet
  facet normal -1 0 0
    outer loop
      vertex 4.3 26 0
      vertex 4.3 30.95 0
      vertex 4.3 30.95 -0.010000000000001563
    endloop
  endfacet
  facet normal 0 1 0
    outer loop
      vertex -1.2 -31 18.5
      vertex 0.5999999999999999 -31 18.5
      vertex 0.5999999999999999 -31 14.5
    endloop
  endfacet
  facet normal 0 1 0
    outer loop
      vertex -1.2 -31 18.5
      vertex 0.5999999999999999 -31 14.5
      vertex 0.5999999999999999 -31 14.49
    endloop
  endfacet
  facet normal 0 1 0
    outer loop
      vertex -1.2 -31 18.5
      vertex 0.5999999999999999 -31 14.49
      vertex 0.6000000000000001 -31 11.5
    endloop
  endfacet
  facet normal 0 0 -1
    outer loop
      vertex -1.2 -31 18.5
      vertex 0.5999999999999999 31 18.5
      vertex 0.5999999999999999 -31 18.5
    endloop
  endfacet
  facet normal 1 0 0
    outer loop
      vertex -1.2 -31 18.5
      vertex -1.2 -31 14.5
      vertex -1.2 31 14.5
    endloop
  endfacet
  facet normal 1 0 0
    outer loop
      vertex -1.2 -31 14.49
      vertex -1.2 -31 11.5
      vertex -1.2 -29.579749999999997 11.5
    endloop
  endfacet
  facet normal -1.973729821555834e-15 1 0
    outer loop
      vertex -1.2 -31 18.5
      vertex 0.5999999999999999 -30.999999999999996 -0.010000000000001563
      vertex -1.2 -31 14.5
    endloop
  endfacet
  facet normal 1.200356972275485e-15 1 3.0866322144226757e-16
    outer loop
      vertex -1.2 -31 18.5
      vertex 0.6000000000000001 -31 11.5
      vertex 0.5999999999999999 -30.999999999999996 -0.010000000000001563
    endloop
  endfacet
  facet normal -1 0 0
    outer loop
      vertex 0.5999999999999999 -31 18.5
      vertex 0.5999999999999999 31 18.5
      vertex 0.5999999999999999 -31 14.5
    endloop
  endfacet
  facet normal -1 -1.5634191510299656e-16 -7.426240967392351e-17
    outer loop
      vertex 0.5999999999999999 -31 14.49
      vertex 0.5999999999999999 -29.579749999999997 11.5
      vertex 0.6000000000000001 -31 11.5
    endloop
  endfacet
  facet normal 0 0 -1
    outer loop
      vertex -1.2 -31 18.5
      vertex -1.2 31 18.5
      vertex 0.5999999999999999 31 18.5
    endloop
  endfacet
  facet normal 1 0 0
    outer loop
      vertex -1.2 -31 18.5
      vertex -1.2 31 14.5
      vertex -1.2 31 18.5
    endloop
  endfacet
  facet normal 0 -1 0
    outer loop
      vertex -1.2 31 18.5
      vertex -1.2 31 14.5
      vertex 0.5999999999999999 31 18.5
    endloop
  endfacet
  facet normal 0 -1 0
    outer loop
      vertex -1.2 31 14.5
      vertex -1.2 31 14.49
      vertex 0.5999999999999999 31 18.5
    endloop
  endfacet
  facet normal 0 -1 0
    outer loop
      vertex -1.2 31 14.49
      vertex -1.2 31 11.5
      vertex 0.5999999999999999 31 18.5
    endloop
  endfacet
  facet normal 1 0 0
    outer loop
      vertex -1.2 31 14.49
      vertex -1.2 29.579749999999997 11.5
      vertex -1.2 31 11.5
    endloop
  endfacet
  facet normal 0 -1 0
    outer loop
      vertex -1.2 31 11.5
      vertex -1.2 31 -0.010000000000001563
      vertex 0.5999999999999999 31 18.5
    endloop
  endfacet
  facet normal 0 -1 0
    outer loop
      vertex 0.5999999999999999 31 18.5
      vertex -1.2 31 -0.010000000000001563
      vertex 0.5999999999999999 31 14.5
    endloop
  endfacet
  facet normal -1 0 0
    outer loop
      vertex 0.5999999999999999 -31 14.5
      vertex 0.5999999999999999 31 18.5
      vertex 0.5999999999999999 31 14.5
    endloop
  endfacet
  facet normal -1 0 0
    outer loop
      vertex 0.5999999999999999 31 14.49
      vertex 0.5999999999999999 31 11.5
      vertex 0.5999999999999999 29.579749999999997 11.5
    endloop
  endfacet
  facet normal -1.9737298215558343e-15 1 0
    outer loop
      vertex -1.2 -31 14.5
      vertex 0.5999999999999999 -30.999999999999996 -0.010000000000001563
      vertex -1.2 -31 14.49
    endloop
  endfacet
  facet normal -1.973729821555834e-15 1 0
    outer loop
      vertex -1.2 -31 14.49
      vertex 0.5999999999999999 -30.999999999999996 -0.010000000000001563
      vertex -1.2 -31 11.5
    endloop
  endfacet
  facet normal -1.973729821555834e-15 1 0
    outer loop
      vertex -1.2 -31 11.5
      vertex 0.5999999999999999 -30.999999999999996 -0.010000000000001563
      vertex -1.2 -31 -0.010000000000001563
    endloop
  endfacet
  facet normal 0 -1 0
    outer loop
      vertex 0.5999999999999999 31 14.5
      vertex -1.2 31 -0.010000000000001563
      vertex 0.5999999999999999 31 14.49
    endloop
  endfacet
  facet normal 0 -1 0
    outer loop
      vertex 0.5999999999999999 31 14.49
      vertex -1.2 31 -0.010000000000001563
      vertex 0.5999999999999999 31 11.5
    endloop
  endfacet
  facet normal 0 -1 0
    outer loop
      vertex 0.5999999999999999 31 11.5
      vertex -1.2 31 -0.010000000000001563
      vertex 0.5999999999999999 31 -0.010000000000001563
    endloop
  endfacet
  facet normal 0 0 -1
    outer loop
      vertex -2.5 -31 11.5
      vertex -2.5 -29.574999999999996 11.5
      vertex -2.4956666666666667 -29.579749999999997 11.5
    endloop
  endfacet
  facet normal 0 0 -1
    outer loop
      vertex -2.5 -31 11.5
      vertex -1.2 -29.579749999999997 11.5
      vertex -1.2 -31 11.5
    endloop
  endfacet
  facet normal 0 0 -1
    outer loop
      vertex -2.5 -31 11.5
      vertex -2.4956666666666667 -29.579749999999997 11.5
      vertex -1.2 -29.579749999999997 11.5
    endloop
  endfacet
  facet normal -1 -1.5634191510299656e-16 -2.461603453296164e-14
    outer loop
      vertex 0.6000000000000001 -31 11.5
      vertex 0.5999999999999999 -29.579749999999997 11.5
      vertex 0.6000000000000001 -29.575452380952377 11.490952380952379
    endloop
  endfacet
  facet normal 0 0 -1
    outer loop
      vertex -2.4956666666666667 29.579749999999997 11.5
      vertex -2.5 29.574999999999996 11.5
      vertex -2.5 31 11.5
    endloop
  endfacet
  facet normal 0 0 -1
    outer loop
      vertex -2.4956666666666667 29.579749999999997 11.5
      vertex -1.2 31 11.5
      vertex -1.2 29.579749999999997 11.5
    endloop
  endfacet
  facet normal 0 0 -1
    outer loop
      vertex -2.4956666666666667 29.579749999999997 11.5
      vertex -2.5 31 11.5
      vertex -1.2 31 11.5
    endloop
  endfacet
  facet normal 1 0 0
    outer loop
      vertex -2.5 -31 11.5
      vertex -2.5 -30.109999999999996 0.8000000000000007
      vertex -2.5 -29.574999999999996 11.5
    endloop
  endfacet
  facet normal 0 1 0
    outer loop
      vertex -2.5 -31 11.5
      vertex -1.2 -31 11.5
      vertex -1.2 -31 -0.010000000000001563
    endloop
  endfacet
  facet normal 1 0 0
    outer loop
      vertex -2.5 -31 11.5
      vertex -2.5 -30.15 0.8000000000000007
      vertex -2.5 -30.109999999999996 0.8000000000000007
    endloop
  endfacet
  facet normal 1 0 0
    outer loop
      vertex -2.5 -31 11.5
      vertex -2.5 -30.95 0
      vertex -2.5 -30.15 0.8000000000000007
    endloop
  endfacet
  facet normal 1 0 0
    outer loop
      vertex -2.5 -31 11.5
      vertex -2.5 -31 -0.010000000000001563
      vertex -2.5 -30.95 0
    endloop
  endfacet
  facet normal 0 1 0
    outer loop
      vertex -2.5 -31 11.5
      vertex -1.2 -31 -0.010000000000001563
      vertex -2.5 -31 -0.010000000000001563
    endloop
  endfacet
  facet normal 1 0 0
    outer loop
      vertex -2.5 -30.95 0
      vertex -2.5 -31 -0.010000000000001563
      vertex -2.5 -30.95 -0.010000000000001563
    endloop
  endfacet
  facet normal -1 0 0
    outer loop
      vertex 0.6000000000000001 -31 11.5
      vertex 0.6000000000000001 -29.575452380952377 11.490952380952379
      vertex 0.6000000000000001 -30.15 0.8000000000000007
    endloop
  endfacet
  facet normal -1 0 0
    outer loop
      vertex 0.6000000000000001 -29.575452380952377 11.490952380952379
      vertex 0.6000000000000001 -30.109999999999996 0.8000000000000007
      vertex 0.6000000000000001 -30.15 0.8000000000000007
    endloop
  endfacet
  facet normal -1 0 0
    outer loop
      vertex 0.6000000000000001 -31 11.5
      vertex 0.6000000000000001 -30.15 0.8000000000000007
      vertex 0.6000000000000001 -30.95 0
    endloop
  endfacet
  facet normal -1 0 0
    outer loop
      vertex 0.6000000000000001 -31 11.5
      vertex 0.6000000000000001 -30.95 0
      vertex 0.6000000000000001 -30.95 -0.010000000000001563
    endloop
  endfacet
  facet normal -1 4.4408920985008786e-15 1.9291451340143098e-17
    outer loop
      vertex 0.6000000000000001 -31 11.5
      vertex 0.6000000000000001 -30.95 -0.010000000000001563
      vertex 0.5999999999999999 -30.999999999999996 -0.010000000000001563
    endloop
  endfacet
  facet normal 1 0 0
    outer loop
      vertex -2.5 29.574999999999996 11.5
      vertex -2.5 30.15 0.8000000000000007
      vertex -2.5 31 11.5
    endloop
  endfacet
  facet normal 0 -1 0
    outer loop
      vertex -2.5 31 11.5
      vertex -2.5 31 -0.010000000000001563
      vertex -1.2 31 11.5
    endloop
  endfacet
  facet normal 1 0 0
    outer loop
      vertex -2.5 29.574999999999996 11.5
      vertex -2.5 30.109203340174524 0.8073089034764784
      vertex -2.5 30.15 0.8000000000000007
    endloop
  endfacet
  facet normal 1 0 0
    outer loop
      vertex -2.5 31 11.5
      vertex -2.5 30.15 0.8000000000000007
      vertex -2.5 30.95 0
    endloop
  endfacet
  facet normal 1 0 0
    outer loop
      vertex -2.5 31 11.5
      vertex -2.5 30.95 0
      vertex -2.5 30.95 -0.010000000000001563
    endloop
  endfacet
  facet normal 1 0 0
    outer loop
      vertex -2.5 31 11.5
      vertex -2.5 30.95 -0.010000000000001563
      vertex -2.5 31 -0.010000000000001563
    endloop
  endfacet
  facet normal 0 -1 0
    outer loop
      vertex -1.2 31 11.5
      vertex -2.5 31 -0.010000000000001563
      vertex -1.2 31 -0.010000000000001563
    endloop
  endfacet
  facet normal 1 0 0
    outer loop
      vertex -2.5 30.109203340174524 0.8073089034764784
      vertex -2.5 30.10956850870552 0.8000000000000007
      vertex -2.5 30.15 0.8000000000000007
    endloop
  endfacet
  facet normal -1 -4.674623261578963e-14 -2.337311630789479e-15
    outer loop
      vertex 0.5999999999999999 29.579749999999997 11.5
      vertex 0.6000000000000001 30.109999999999996 0.8000000000000007
      vertex 0.6000000000000001 29.575452380952377 11.490952380952379
    endloop
  endfacet
  facet normal -1 0 -2.0751832235984237e-17
    outer loop
      vertex 0.5999999999999999 29.579749999999997 11.5
      vertex 0.5999999999999999 31 11.5
      vertex 0.6000000000000001 30.109999999999996 0.8000000000000007
    endloop
  endfacet
  facet normal -1 0 -2.0751832235984218e-17
    outer loop
      vertex 0.5999999999999999 31 11.5
      vertex 0.6000000000000001 30.15 0.8000000000000007
      vertex 0.6000000000000001 30.109999999999996 0.8000000000000007
    endloop
  endfacet
  facet normal -1 -1.922464111905033e-17 -1.922464111905033e-17
    outer loop
      vertex 0.5999999999999999 31 11.5
      vertex 0.6000000000000001 30.95 0
      vertex 0.6000000000000001 30.15 0.8000000000000007
    endloop
  endfacet
  facet normal -1 -4.440892098500563e-15 0
    outer loop
      vertex 0.5999999999999999 31 11.5
      vertex 0.5999999999999999 31 -0.010000000000001563
      vertex 0.6000000000000001 30.95 0
    endloop
  endfacet
  facet normal -1 -4.440892098500563e-15 0
    outer loop
      vertex 0.6000000000000001 30.95 0
      vertex 0.5999999999999999 31 -0.010000000000001563
      vertex 0.6000000000000001 30.95 -0.010000000000001563
    endloop
  endfacet
  facet normal -0.8641551942546337 0.06568409490621066 0.4989202340245264
    outer loop
      vertex 1.3049849947815737 -29.631830711186534 8.441013789746123
      vertex 1.2070903506165351 -29.735743218332015 8.285135633359669
      vertex 1.3049849947815737 -29.727320735502893 8.453585289942051
    endloop
  endfacet
  facet normal -0.8641551942546337 0.06568409490621041 0.4989202340245264
    outer loop
      vertex 1.3049849947815737 -29.631830711186534 8.441013789746123
      vertex 1.2070903506165351 -29.67571567959403 8.27723285796079
      vertex 1.2070903506165351 -29.735743218332015 8.285135633359669
    endloop
  endfacet
  facet normal -0.8641551942546353 0.19257602219889472 0.4649196445804202
    outer loop
      vertex 1.3049849947815737 -29.521714464121725 8.395402146774252
      vertex 1.2070903506165351 -29.606493712863088 8.248560180526693
      vertex 1.2070903506165351 -29.67571567959403 8.27723285796079
    endloop
  endfacet
  facet normal -0.864155194254634 0.19257602219889075 0.4649196445804242
    outer loop
      vertex 1.3049849947815737 -29.631830711186534 8.441013789746123
      vertex 1.3049849947815737 -29.521714464121725 8.395402146774252
      vertex 1.2070903506165351 -29.67571567959403 8.27723285796079
    endloop
  endfacet
  facet normal -0.8641551942546352 0.3063442118256355 0.39923554967420416
    outer loop
      vertex 1.3049849947815737 -29.521714464121725 8.395402146774252
      vertex 1.3049849947815737 -29.427155499067336 8.322844500932659
      vertex 1.2070903506165351 -29.606493712863088 8.248560180526693
    endloop
  endfacet
  facet normal -0.9653655703464423 0.03405441002121864 0.25866892497514044
    outer loop
      vertex 1.2070903506165351 -29.67571567959403 8.27723285796079
      vertex 1.1564163539696424 -29.72466300167655 8.09455896505439
      vertex 1.1564163539696424 -29.745137277271358 8.097254454572738
    endloop
  endfacet
  facet normal -0.9653655703464425 0.034054410021220546 0.2586689249751397
    outer loop
      vertex 1.2070903506165351 -29.67571567959403 8.27723285796079
      vertex 1.1564163539696424 -29.745137277271358 8.097254454572738
      vertex 1.2070903506165351 -29.735743218332015 8.285135633359669
    endloop
  endfacet
  facet normal -0.9653655703464423 0.09984247829830105 0.2410410652086928
    outer loop
      vertex 1.2070903506165351 -29.67571567959403 8.27723285796079
      vertex 1.2070903506165351 -29.606493712863088 8.248560180526693
      vertex 1.1564163539696424 -29.72466300167655 8.09455896505439
    endloop
  endfacet
  facet normal -0.9653655703464425 0.1588264466768398 0.20698665518747028
    outer loop
      vertex 1.2070903506165351 -29.606493712863088 8.248560180526693
      vertex 1.2070903506165351 -29.54705146244517 8.202948537554823
      vertex 1.1564163539696424 -29.701052677917477 8.084779248741361
    endloop
  endfacet
  facet normal -0.8641551942546338 0.30634421182563276 0.39923554967420916
    outer loop
      vertex 1.3049849947815737 -29.427155499067336 8.322844500932659
      vertex 1.2070903506165351 -29.54705146244517 8.202948537554823
      vertex 1.2070903506165351 -29.606493712863088 8.248560180526693
    endloop
  endfacet
  facet normal -0.8641551942546338 0.3992355496742096 0.30634421182563215
    outer loop
      vertex 1.3049849947815737 -29.427155499067336 8.322844500932659
      vertex 1.3049849947815737 -29.354597853225744 8.22828553587827
      vertex 1.2070903506165351 -29.54705146244517 8.202948537554823
    endloop
  endfacet
  facet normal -0.8641551942546318 0.39923554967420755 0.3063442118256407
    outer loop
      vertex 1.2070903506165351 -29.54705146244517 8.202948537554823
      vertex 1.3049849947815737 -29.354597853225744 8.22828553587827
      vertex 1.2070903506165351 -29.5014398194733 8.143506287136908
    endloop
  endfacet
  facet normal -0.8641551942546323 0.4649196445804261 0.19257602219889464
    outer loop
      vertex 1.3049849947815737 -29.354597853225744 8.22828553587827
      vertex 1.3049849947815737 -29.308986210253874 8.118169288813462
      vertex 1.2070903506165351 -29.5014398194733 8.143506287136908
    endloop
  endfacet
  facet normal -1 0 0
    outer loop
      vertex 1.1564163539696424 -29.72466300167655 8.09455896505439
      vertex 1.1564163539696424 -29.754862722728635 7.902745545427262
      vertex 1.1564163539696424 -29.745137277271358 8.097254454572738
    endloop
  endfacet
  facet normal -1 0 0
    outer loop
      vertex 1.1564163539696424 -29.72466300167655 8.09455896505439
      vertex 1.1564163539696424 -29.701052677917477 8.084779248741361
      vertex 1.1564163539696424 -29.754862722728635 7.902745545427262
    endloop
  endfacet
  facet normal -1 0 0
    outer loop
      vertex 1.1564163539696424 -29.701052677917477 8.084779248741361
      vertex 1.1564163539696424 -29.680778033269053 8.069221966730943
      vertex 1.1564163539696424 -29.754862722728635 7.902745545427262
    endloop
  endfacet
  facet normal -1 0 0
    outer loop
      vertex 1.1564163539696424 -29.680778033269053 8.069221966730943
      vertex 1.1564163539696424 -29.665220751258634 8.048947322082519
      vertex 1.1564163539696424 -29.754862722728635 7.902745545427262
    endloop
  endfacet
  facet normal -0.9653655703464428 0.09984247829830534 0.24104106520868934
    outer loop
      vertex 1.2070903506165351 -29.606493712863088 8.248560180526693
      vertex 1.1564163539696424 -29.701052677917477 8.084779248741361
      vertex 1.1564163539696424 -29.72466300167655 8.09455896505439
    endloop
  endfacet
  facet normal -0.965365570346442 0.15882644667683515 0.2069866551874765
    outer loop
      vertex 1.2070903506165351 -29.54705146244517 8.202948537554823
      vertex 1.1564163539696424 -29.680778033269053 8.069221966730943
      vertex 1.1564163539696424 -29.701052677917477 8.084779248741361
    endloop
  endfacet
  facet normal -0.9653655703464421 0.20698665518746678 0.15882644667684595
    outer loop
      vertex 1.2070903506165351 -29.5014398194733 8.143506287136908
      vertex 1.1564163539696424 -29.665220751258634 8.048947322082519
      vertex 1.1564163539696424 -29.680778033269053 8.069221966730943
    endloop
  endfacet
  facet normal -0.9653655703464424 0.20698665518746803 0.15882644667684281
    outer loop
      vertex 1.2070903506165351 -29.54705146244517 8.202948537554823
      vertex 1.2070903506165351 -29.5014398194733 8.143506287136908
      vertex 1.1564163539696424 -29.680778033269053 8.069221966730943
    endloop
  endfacet
  facet normal -0.9653655703464423 0.241041065208695 0.09984247829829579
    outer loop
      vertex 1.2070903506165351 -29.5014398194733 8.143506287136908
      vertex 1.2070903506165351 -29.472767142039206 8.074284320405965
      vertex 1.1564163539696424 -29.665220751258634 8.048947322082519
    endloop
  endfacet
  facet normal -0.9653655703464429 0.24104106520869586 0.09984247829829003
    outer loop
      vertex 1.1564163539696424 -29.665220751258634 8.048947322082519
      vertex 1.2070903506165351 -29.472767142039206 8.074284320405965
      vertex 1.1564163539696424 -29.655441034945607 8.025336998323446
    endloop
  endfacet
  facet normal -0.9653655703464428 0.2586689249751393 0.034054410021214544
    outer loop
      vertex 1.1564163539696424 -29.655441034945607 8.025336998323446
      vertex 1.2070903506165351 -29.46298742572618 8
      vertex 1.1564163539696424 -29.65210535583496 8
    endloop
  endfacet
  facet normal -0.9653655703464423 0.25866892497513994 0.034054410021220276
    outer loop
      vertex 1.2070903506165351 -29.472767142039206 8.074284320405965
      vertex 1.2070903506165351 -29.46298742572618 8
      vertex 1.1564163539696424 -29.655441034945607 8.025336998323446
    endloop
  endfacet
  facet normal -0.8641551942546344 0.4649196445804259 0.19257602219888514
    outer loop
      vertex 1.2070903506165351 -29.5014398194733 8.143506287136908
      vertex 1.3049849947815737 -29.308986210253874 8.118169288813462
      vertex 1.2070903506165351 -29.472767142039206 8.074284320405965
    endloop
  endfacet
  facet normal -0.8641551942546327 0.49892023402452823 0.06568409490621022
    outer loop
      vertex 1.2070903506165351 -29.472767142039206 8.074284320405965
      vertex 1.3049849947815737 -29.293428928243458 8
      vertex 1.2070903506165351 -29.46298742572618 8
    endloop
  endfacet
  facet normal -0.8641551942546334 0.49892023402452723 0.06568409490620684
    outer loop
      vertex 1.3049849947815737 -29.308986210253874 8.118169288813462
      vertex 1.3049849947815737 -29.293428928243458 8
      vertex 1.2070903506165351 -29.472767142039206 8.074284320405965
    endloop
  endfacet
  facet normal -0.704062592219634 0.0926915987235631 0.7040625922196402
    outer loop
      vertex 1.4434289282434596 -29.59599878452769 8.574740360570003
      vertex 1.3049849947815737 -29.631830711186534 8.441013789746123
      vertex 1.3049849947815737 -29.727320735502893 8.453585289942051
    endloop
  endfacet
  facet normal -0.7040625922196384 0.09269159872357273 0.7040625922196344
    outer loop
      vertex 1.4434289282434596 -29.59599878452769 8.574740360570003
      vertex 1.3049849947815737 -29.727320735502893 8.453585289942051
      vertex 1.4434289282434596 -29.720443807069998 8.591123858600017
    endloop
  endfacet
  facet normal -0.704062592219636 0.27175801689781065 0.6560818900783163
    outer loop
      vertex 1.4434289282434596 -29.59599878452769 8.574740360570003
      vertex 1.4434289282434596 -29.452492497390782 8.515298110152088
      vertex 1.3049849947815737 -29.631830711186534 8.441013789746123
    endloop
  endfacet
  facet normal -0.704062592219637 0.2717580168978121 0.6560818900783146
    outer loop
      vertex 1.3049849947815737 -29.631830711186534 8.441013789746123
      vertex 1.4434289282434596 -29.452492497390782 8.515298110152088
      vertex 1.3049849947815737 -29.521714464121725 8.395402146774252
    endloop
  endfacet
  facet normal -0.7040625922196376 0.43230457532182703 0.5633902913547402
    outer loop
      vertex 1.3049849947815737 -29.521714464121725 8.395402146774252
      vertex 1.4434289282434596 -29.329260854902298 8.420739145097698
      vertex 1.3049849947815737 -29.427155499067336 8.322844500932659
    endloop
  endfacet
  facet normal -0.7040625922196369 0.43230457532182626 0.5633902913547418
    outer loop
      vertex 1.3049849947815737 -29.521714464121725 8.395402146774252
      vertex 1.4434289282434596 -29.452492497390782 8.515298110152088
      vertex 1.4434289282434596 -29.329260854902298 8.420739145097698
    endloop
  endfacet
  facet normal -0.7040625922196363 0.5633902913547452 0.4323045753218226
    outer loop
      vertex 1.4434289282434596 -29.329260854902298 8.420739145097698
      vertex 1.4434289282434596 -29.23470188984791 8.297507502609212
      vertex 1.3049849947815737 -29.427155499067336 8.322844500932659
    endloop
  endfacet
  facet normal -0.49678152337643683 0.11328050197253707 0.8604508387494527
    outer loop
      vertex 1.4434289282434596 -29.59599878452769 8.574740360570003
      vertex 1.4434289282434596 -29.720443807069998 8.591123858600017
      vertex 1.6129874257261827 -29.570661786204244 8.669299325624392
    endloop
  endfacet
  facet normal -0.49678152337643683 0.3321216269130557 0.8018125360509225
    outer loop
      vertex 1.4434289282434596 -29.59599878452769 8.574740360570003
      vertex 1.6129874257261827 -29.570661786204244 8.669299325624392
      vertex 1.4434289282434596 -29.452492497390782 8.515298110152088
    endloop
  endfacet
  facet normal -0.49678152337643333 0.5283292118363989 0.688532034078386
    outer loop
      vertex 1.4434289282434596 -29.452492497390782 8.515298110152088
      vertex 1.6129874257261827 -29.403545175308263 8.600077358893449
      vertex 1.4434289282434596 -29.329260854902298 8.420739145097698
    endloop
  endfacet
  facet normal -0.4967815233764433 0.6885320340783851 0.5283292118363905
    outer loop
      vertex 1.4434289282434596 -29.329260854902298 8.420739145097698
      vertex 1.6129874257261827 -29.149922641106546 8.346454824691733
      vertex 1.4434289282434596 -29.23470188984791 8.297507502609212
    endloop
  endfacet
  facet normal -0.7040625922196372 0.5633902913547456 0.43230457532182054
    outer loop
      vertex 1.3049849947815737 -29.427155499067336 8.322844500932659
      vertex 1.4434289282434596 -29.23470188984791 8.297507502609212
      vertex 1.3049849947815737 -29.354597853225744 8.22828553587827
    endloop
  endfacet
  facet normal -0.704062592219638 0.656081890078312 0.27175801689781537
    outer loop
      vertex 1.3049849947815737 -29.354597853225744 8.22828553587827
      vertex 1.4434289282434596 -29.175259639429992 8.154001215472304
      vertex 1.3049849947815737 -29.308986210253874 8.118169288813462
    endloop
  endfacet
  facet normal -0.7040625922196373 0.6560818900783121 0.2717580168978169
    outer loop
      vertex 1.3049849947815737 -29.354597853225744 8.22828553587827
      vertex 1.4434289282434596 -29.23470188984791 8.297507502609212
      vertex 1.4434289282434596 -29.175259639429992 8.154001215472304
    endloop
  endfacet
  facet normal -0.704062592219638 0.7040625922196369 0.092691598723557
    outer loop
      vertex 1.3049849947815737 -29.308986210253874 8.118169288813462
      vertex 1.4434289282434596 -29.15498499478157 8
      vertex 1.3049849947815737 -29.293428928243458 8
    endloop
  endfacet
  facet normal -0.7040625922196376 0.7040625922196372 0.09269159872355776
    outer loop
      vertex 1.3049849947815737 -29.308986210253874 8.118169288813462
      vertex 1.4434289282434596 -29.175259639429992 8.154001215472304
      vertex 1.4434289282434596 -29.15498499478157 8
    endloop
  endfacet
  facet normal -0.49678152337643633 0.8018125360509193 0.3321216269130643
    outer loop
      vertex 1.4434289282434596 -29.23470188984791 8.297507502609212
      vertex 1.6129874257261827 -29.080700674375603 8.17933821379575
      vertex 1.4434289282434596 -29.175259639429992 8.154001215472304
    endloop
  endfacet
  facet normal -0.49678152337644776 0.8604508387494489 0.11328050197251784
    outer loop
      vertex 1.4434289282434596 -29.175259639429992 8.154001215472304
      vertex 1.6129874257261827 -29.05709035061653 8
      vertex 1.4434289282434596 -29.15498499478157 8
    endloop
  endfacet
  facet normal -1 0 0
    outer loop
      vertex 1.1564163539696424 -29.665220751258634 8.048947322082519
      vertex 1.1564163539696424 -29.655441034945607 8.025336998323446
      vertex 1.1564163539696424 -29.754862722728635 7.902745545427262
    endloop
  endfacet
  facet normal -1 0 0
    outer loop
      vertex 1.1564163539696424 -29.655441034945607 8.025336998323446
      vertex 1.1564163539696424 -29.65210535583496 8
      vertex 1.1564163539696424 -29.754862722728635 7.902745545427262
    endloop
  endfacet
  facet normal -1 0 0
    outer loop
      vertex 1.1564163539696424 -29.65210535583496 8
      vertex 1.1564163539696424 -29.655441034945607 7.974663001676554
      vertex 1.1564163539696424 -29.754862722728635 7.902745545427262
    endloop
  endfacet
  facet normal -1 0 0
    outer loop
      vertex 1.1564163539696424 -29.655441034945607 7.974663001676554
      vertex 1.1564163539696424 -29.665220751258634 7.951052677917481
      vertex 1.1564163539696424 -29.754862722728635 7.902745545427262
    endloop
  endfacet
  facet normal -1 0 0
    outer loop
      vertex 1.1564163539696424 -29.665220751258634 7.951052677917481
      vertex 1.1564163539696424 -29.680778033269053 7.930778033269057
      vertex 1.1564163539696424 -29.754862722728635 7.902745545427262
    endloop
  endfacet
  facet normal -1 0 0
    outer loop
      vertex 1.1564163539696424 -29.680778033269053 7.930778033269057
      vertex 1.1564163539696424 -29.701052677917477 7.915220751258639
      vertex 1.1564163539696424 -29.754862722728635 7.902745545427262
    endloop
  endfacet
  facet normal -1 0 0
    outer loop
      vertex 1.1564163539696424 -29.701052677917477 7.915220751258639
      vertex 1.1564163539696424 -29.72466300167655 7.905441034945611
      vertex 1.1564163539696424 -29.754862722728635 7.902745545427262
    endloop
  endfacet
  facet normal -1 0 0
    outer loop
      vertex 1.1564163539696424 -29.72466300167655 7.905441034945611
      vertex 1.1564163539696424 -29.749999999999996 7.902105355834962
      vertex 1.1564163539696424 -29.754862722728635 7.902745545427262
    endloop
  endfacet
  facet normal -0.9653655703464423 0.03405441002121482 -0.2586689249751414
    outer loop
      vertex 1.1564163539696424 -29.72466300167655 7.905441034945611
      vertex 1.2070903506165351 -29.67571567959403 7.72276714203921
      vertex 1.1564163539696424 -29.749999999999996 7.902105355834962
    endloop
  endfacet
  facet normal -0.9653655703464423 0.2586689249751414 -0.03405441002121482
    outer loop
      vertex 1.1564163539696424 -29.65210535583496 8
      vertex 1.2070903506165351 -29.472767142039206 7.925715679594035
      vertex 1.1564163539696424 -29.655441034945607 7.974663001676554
    endloop
  endfacet
  facet normal -0.9653655703464429 0.24104106520869586 -0.09984247829829003
    outer loop
      vertex 1.1564163539696424 -29.655441034945607 7.974663001676554
      vertex 1.2070903506165351 -29.472767142039206 7.925715679594035
      vertex 1.1564163539696424 -29.665220751258634 7.951052677917481
    endloop
  endfacet
  facet normal -0.9653655703464425 0.2586689249751392 -0.034054410021220186
    outer loop
      vertex 1.1564163539696424 -29.65210535583496 8
      vertex 1.2070903506165351 -29.46298742572618 8
      vertex 1.2070903506165351 -29.472767142039206 7.925715679594035
    endloop
  endfacet
  facet normal -0.9653655703464422 0.20698665518746673 -0.15882644667684576
    outer loop
      vertex 1.1564163539696424 -29.665220751258634 7.951052677917481
      vertex 1.2070903506165351 -29.5014398194733 7.856493712863092
      vertex 1.1564163539696424 -29.680778033269053 7.930778033269057
    endloop
  endfacet
  facet normal -0.965365570346442 0.15882644667683501 -0.20698665518747633
    outer loop
      vertex 1.1564163539696424 -29.680778033269053 7.930778033269057
      vertex 1.2070903506165351 -29.54705146244517 7.797051462445177
      vertex 1.1564163539696424 -29.701052677917477 7.915220751258639
    endloop
  endfacet
  facet normal -0.9653655703464428 0.0998424782983055 -0.24104106520868948
    outer loop
      vertex 1.1564163539696424 -29.701052677917477 7.915220751258639
      vertex 1.2070903506165351 -29.606493712863088 7.7514398194733065
      vertex 1.1564163539696424 -29.72466300167655 7.905441034945611
    endloop
  endfacet
  facet normal -0.9653655703464423 0.241041065208695 -0.09984247829829584
    outer loop
      vertex 1.1564163539696424 -29.665220751258634 7.951052677917481
      vertex 1.2070903506165351 -29.472767142039206 7.925715679594035
      vertex 1.2070903506165351 -29.5014398194733 7.856493712863092
    endloop
  endfacet
  facet normal -0.9653655703464424 0.20698665518746806 -0.15882644667684284
    outer loop
      vertex 1.1564163539696424 -29.680778033269053 7.930778033269057
      vertex 1.2070903506165351 -29.5014398194733 7.856493712863092
      vertex 1.2070903506165351 -29.54705146244517 7.797051462445177
    endloop
  endfacet
  facet normal -0.8641551942546336 0.4989202340245265 -0.06568409490620998
    outer loop
      vertex 1.2070903506165351 -29.46298742572618 8
      vertex 1.3049849947815737 -29.308986210253874 7.881830711186538
      vertex 1.2070903506165351 -29.472767142039206 7.925715679594035
    endloop
  endfacet
  facet normal -0.8641551942546329 0.4989202340245284 -0.06568409490620704
    outer loop
      vertex 1.2070903506165351 -29.46298742572618 8
      vertex 1.3049849947815737 -29.293428928243458 8
      vertex 1.3049849947815737 -29.308986210253874 7.881830711186538
    endloop
  endfacet
  facet normal -0.8641551942546344 0.4649196445804259 -0.19257602219888514
    outer loop
      vertex 1.2070903506165351 -29.472767142039206 7.925715679594035
      vertex 1.3049849947815737 -29.308986210253874 7.881830711186538
      vertex 1.2070903506165351 -29.5014398194733 7.856493712863092
    endloop
  endfacet
  facet normal -0.9653655703464429 -0.03405441002119908 -0.2586689249751408
    outer loop
      vertex 1.1564163539696424 -29.749999999999996 7.902105355834962
      vertex 1.2070903506165351 -29.764256781667978 7.714864366640331
      vertex 1.1564163539696424 -29.754862722728635 7.902745545427262
    endloop
  endfacet
  facet normal -0.9653655703464425 -0.03405441002121879 -0.25866892497513927
    outer loop
      vertex 1.1564163539696424 -29.749999999999996 7.902105355834962
      vertex 1.2070903506165351 -29.749999999999996 7.712987425726183
      vertex 1.2070903506165351 -29.764256781667978 7.714864366640331
    endloop
  endfacet
  facet normal -0.9653655703464425 0.034054410021220186 -0.2586689249751392
    outer loop
      vertex 1.1564163539696424 -29.749999999999996 7.902105355834962
      vertex 1.2070903506165351 -29.67571567959403 7.72276714203921
      vertex 1.2070903506165351 -29.749999999999996 7.712987425726183
    endloop
  endfacet
  facet normal -0.9653655703464425 0.15882644667683976 -0.20698665518747028
    outer loop
      vertex 1.1564163539696424 -29.701052677917477 7.915220751258639
      vertex 1.2070903506165351 -29.54705146244517 7.797051462445177
      vertex 1.2070903506165351 -29.606493712863088 7.7514398194733065
    endloop
  endfacet
  facet normal -0.9653655703464424 0.09984247829830108 -0.2410410652086928
    outer loop
      vertex 1.1564163539696424 -29.72466300167655 7.905441034945611
      vertex 1.2070903506165351 -29.606493712863088 7.7514398194733065
      vertex 1.2070903506165351 -29.67571567959403 7.72276714203921
    endloop
  endfacet
  facet normal -0.8641551942546317 0.39923554967420744 -0.3063442118256406
    outer loop
      vertex 1.2070903506165351 -29.5014398194733 7.856493712863092
      vertex 1.3049849947815737 -29.354597853225744 7.771714464121731
      vertex 1.2070903506165351 -29.54705146244517 7.797051462445177
    endloop
  endfacet
  facet normal -0.8641551942546323 0.46491964458042606 -0.1925760221988946
    outer loop
      vertex 1.2070903506165351 -29.5014398194733 7.856493712863092
      vertex 1.3049849947815737 -29.308986210253874 7.881830711186538
      vertex 1.3049849947815737 -29.354597853225744 7.771714464121731
    endloop
  endfacet
  facet normal -0.8641551942546338 0.3063442118256327 -0.3992355496742091
    outer loop
      vertex 1.2070903506165351 -29.54705146244517 7.797051462445177
      vertex 1.3049849947815737 -29.427155499067336 7.677155499067341
      vertex 1.2070903506165351 -29.606493712863088 7.7514398194733065
    endloop
  endfacet
  facet normal -0.8641551942546353 0.1925760221988947 -0.4649196445804202
    outer loop
      vertex 1.2070903506165351 -29.606493712863088 7.7514398194733065
      vertex 1.3049849947815737 -29.521714464121725 7.604597853225748
      vertex 1.2070903506165351 -29.67571567959403 7.72276714203921
    endloop
  endfacet
  facet normal -0.8641551942546338 0.3992355496742097 -0.30634421182563215
    outer loop
      vertex 1.2070903506165351 -29.54705146244517 7.797051462445177
      vertex 1.3049849947815737 -29.354597853225744 7.771714464121731
      vertex 1.3049849947815737 -29.427155499067336 7.677155499067341
    endloop
  endfacet
  facet normal -0.8641551942546338 -0.06568409490620758 -0.4989202340245266
    outer loop
      vertex 1.2070903506165351 -29.749999999999996 7.712987425726183
      vertex 1.3049849947815737 -29.7726792644971 7.546414710057949
      vertex 1.2070903506165351 -29.764256781667978 7.714864366640331
    endloop
  endfacet
  facet normal -0.8641551942546336 0.06568409490621 -0.49892023402452657
    outer loop
      vertex 1.2070903506165351 -29.67571567959403 7.72276714203921
      vertex 1.3049849947815737 -29.631830711186534 7.558986210253877
      vertex 1.2070903506165351 -29.749999999999996 7.712987425726183
    endloop
  endfacet
  facet normal -0.8641551942546339 -0.06568409490622934 -0.49892023402452373
    outer loop
      vertex 1.2070903506165351 -29.749999999999996 7.712987425726183
      vertex 1.3049849947815737 -29.749999999999996 7.5434289282434595
      vertex 1.3049849947815737 -29.7726792644971 7.546414710057949
    endloop
  endfacet
  facet normal -0.8641551942546347 0.06568409490621398 -0.4989202340245242
    outer loop
      vertex 1.2070903506165351 -29.749999999999996 7.712987425726183
      vertex 1.3049849947815737 -29.631830711186534 7.558986210253877
      vertex 1.3049849947815737 -29.749999999999996 7.5434289282434595
    endloop
  endfacet
  facet normal -0.864155194254635 0.3063442118256354 -0.3992355496742042
    outer loop
      vertex 1.2070903506165351 -29.606493712863088 7.7514398194733065
      vertex 1.3049849947815737 -29.427155499067336 7.677155499067341
      vertex 1.3049849947815737 -29.521714464121725 7.604597853225748
    endloop
  endfacet
  facet normal -0.864155194254634 0.19257602219889075 -0.4649196445804242
    outer loop
      vertex 1.2070903506165351 -29.67571567959403 7.72276714203921
      vertex 1.3049849947815737 -29.521714464121725 7.604597853225748
      vertex 1.3049849947815737 -29.631830711186534 7.558986210253877
    endloop
  endfacet
  facet normal -0.704062592219638 0.7040625922196369 -0.092691598723557
    outer loop
      vertex 1.3049849947815737 -29.293428928243458 8
      vertex 1.4434289282434596 -29.15498499478157 8
      vertex 1.3049849947815737 -29.308986210253874 7.881830711186538
    endloop
  endfacet
  facet normal -0.7040625922196376 0.7040625922196372 -0.09269159872355776
    outer loop
      vertex 1.3049849947815737 -29.308986210253874 7.881830711186538
      vertex 1.4434289282434596 -29.15498499478157 8
      vertex 1.4434289282434596 -29.175259639429992 7.845998784527696
    endloop
  endfacet
  facet normal -0.704062592219638 0.656081890078312 -0.27175801689781537
    outer loop
      vertex 1.3049849947815737 -29.308986210253874 7.881830711186538
      vertex 1.4434289282434596 -29.175259639429992 7.845998784527696
      vertex 1.3049849947815737 -29.354597853225744 7.771714464121731
    endloop
  endfacet
  facet normal -0.7040625922196372 0.5633902913547456 -0.43230457532182054
    outer loop
      vertex 1.3049849947815737 -29.354597853225744 7.771714464121731
      vertex 1.4434289282434596 -29.23470188984791 7.702492497390788
      vertex 1.3049849947815737 -29.427155499067336 7.677155499067341
    endloop
  endfacet
  facet normal -0.7040625922196373 0.6560818900783121 -0.271758016897817
    outer loop
      vertex 1.4434289282434596 -29.175259639429992 7.845998784527696
      vertex 1.4434289282434596 -29.23470188984791 7.702492497390788
      vertex 1.3049849947815737 -29.354597853225744 7.771714464121731
    endloop
  endfacet
  facet normal -0.49678152337644776 0.860450838749449 -0.11328050197251785
    outer loop
      vertex 1.4434289282434596 -29.15498499478157 8
      vertex 1.6129874257261827 -29.05709035061653 8
      vertex 1.4434289282434596 -29.175259639429992 7.845998784527696
    endloop
  endfacet
  facet normal -0.49678152337643633 0.8018125360509193 -0.3321216269130643
    outer loop
      vertex 1.4434289282434596 -29.175259639429992 7.845998784527696
      vertex 1.6129874257261827 -29.080700674375603 7.82066178620425
      vertex 1.4434289282434596 -29.23470188984791 7.702492497390788
    endloop
  endfacet
  facet normal -0.7040625922196376 0.43230457532182703 -0.5633902913547402
    outer loop
      vertex 1.3049849947815737 -29.427155499067336 7.677155499067341
      vertex 1.4434289282434596 -29.329260854902298 7.5792608549023015
      vertex 1.3049849947815737 -29.521714464121725 7.604597853225748
    endloop
  endfacet
  facet normal -0.704062592219637 0.2717580168978121 -0.6560818900783146
    outer loop
      vertex 1.3049849947815737 -29.521714464121725 7.604597853225748
      vertex 1.4434289282434596 -29.452492497390782 7.484701889847912
      vertex 1.3049849947815737 -29.631830711186534 7.558986210253877
    endloop
  endfacet
  facet normal -0.7040625922196363 0.5633902913547452 -0.4323045753218226
    outer loop
      vertex 1.3049849947815737 -29.427155499067336 7.677155499067341
      vertex 1.4434289282434596 -29.23470188984791 7.702492497390788
      vertex 1.4434289282434596 -29.329260854902298 7.5792608549023015
    endloop
  endfacet
  facet normal -0.7040625922196369 0.43230457532182626 -0.5633902913547418
    outer loop
      vertex 1.3049849947815737 -29.521714464121725 7.604597853225748
      vertex 1.4434289282434596 -29.329260854902298 7.5792608549023015
      vertex 1.4434289282434596 -29.452492497390782 7.484701889847912
    endloop
  endfacet
  facet normal -0.7040625922196379 -0.09269159872358836 -0.7040625922196331
    outer loop
      vertex 1.3049849947815737 -29.749999999999996 7.5434289282434595
      vertex 1.4434289282434596 -29.779556192929995 7.408876141399983
      vertex 1.3049849947815737 -29.7726792644971 7.546414710057949
    endloop
  endfacet
  facet normal -0.704062592219637 -0.09269159872357235 -0.704062592219636
    outer loop
      vertex 1.3049849947815737 -29.749999999999996 7.5434289282434595
      vertex 1.4434289282434596 -29.749999999999996 7.404984994781573
      vertex 1.4434289282434596 -29.779556192929995 7.408876141399983
    endloop
  endfacet
  facet normal -0.7040625922196371 0.09269159872357281 -0.704062592219636
    outer loop
      vertex 1.3049849947815737 -29.749999999999996 7.5434289282434595
      vertex 1.4434289282434596 -29.59599878452769 7.4252596394299974
      vertex 1.4434289282434596 -29.749999999999996 7.404984994781573
    endloop
  endfacet
  facet normal -0.7040625922196344 0.0926915987235679 -0.7040625922196392
    outer loop
      vertex 1.3049849947815737 -29.631830711186534 7.558986210253877
      vertex 1.4434289282434596 -29.59599878452769 7.4252596394299974
      vertex 1.3049849947815737 -29.749999999999996 7.5434289282434595
    endloop
  endfacet
  facet normal -0.704062592219636 0.27175801689781065 -0.6560818900783163
    outer loop
      vertex 1.3049849947815737 -29.631830711186534 7.558986210253877
      vertex 1.4434289282434596 -29.452492497390782 7.484701889847912
      vertex 1.4434289282434596 -29.59599878452769 7.4252596394299974
    endloop
  endfacet
  facet normal -0.49678152337644327 0.6885320340783853 -0.5283292118363906
    outer loop
      vertex 1.4434289282434596 -29.23470188984791 7.702492497390788
      vertex 1.6129874257261827 -29.149922641106546 7.653545175308267
      vertex 1.4434289282434596 -29.329260854902298 7.5792608549023015
    endloop
  endfacet
  facet normal -0.49678152337643344 0.5283292118363989 -0.688532034078386
    outer loop
      vertex 1.4434289282434596 -29.329260854902298 7.5792608549023015
      vertex 1.6129874257261827 -29.403545175308263 7.399922641106551
      vertex 1.4434289282434596 -29.452492497390782 7.484701889847912
    endloop
  endfacet
  facet normal -0.4967815233764368 0.3321216269130557 -0.8018125360509225
    outer loop
      vertex 1.4434289282434596 -29.452492497390782 7.484701889847912
      vertex 1.6129874257261827 -29.570661786204244 7.330700674375608
      vertex 1.4434289282434596 -29.59599878452769 7.4252596394299974
    endloop
  endfacet
  facet normal -0.49678152337643505 0.11328050197253438 0.8604508387494542
    outer loop
      vertex 1.6129874257261827 -29.570661786204244 8.669299325624392
      vertex 1.4434289282434596 -29.720443807069998 8.591123858600017
      vertex 1.6129874257261827 -29.71558108434136 8.688378313172755
    endloop
  endfacet
  facet normal -0.25675136523052505 0.12615062648588288 0.9582091399530067
    outer loop
      vertex 1.6129874257261827 -29.570661786204244 8.669299325624392
      vertex 1.6129874257261827 -29.71558108434136 8.688378313172755
      vertex 1.8021053558349616 -29.55754639078057 8.718246647706911
    endloop
  endfacet
  facet normal -0.2567513652305228 0.3698549227364078 0.8929087705806839
    outer loop
      vertex 1.6129874257261827 -29.570661786204244 8.669299325624392
      vertex 1.8021053558349616 -29.55754639078057 8.718246647706911
      vertex 1.6129874257261827 -29.403545175308263 8.600077358893449
    endloop
  endfacet
  facet normal -0.25675136523052705 0.12615062648588543 0.9582091399530058
    outer loop
      vertex 1.8021053558349616 -29.55754639078057 8.718246647706911
      vertex 1.6129874257261827 -29.71558108434136 8.688378313172755
      vertex 1.8021053558349616 -29.713063953834908 8.73872092330172
    endloop
  endfacet
  facet normal -0.25675136523052855 0.3698549227364015 0.892908770580685
    outer loop
      vertex 1.6129874257261827 -29.403545175308263 8.600077358893449
      vertex 1.8021053558349616 -29.55754639078057 8.718246647706911
      vertex 1.8021053558349616 -29.378208176984817 8.643962327300946
    endloop
  endfacet
  facet normal 0 0.1305261922200533 0.9914448613738102
    outer loop
      vertex 1.8021053558349616 -29.55754639078057 8.718246647706911
      vertex 1.8021053558349616 -29.713063953834908 8.73872092330172
      vertex 1.9978946441650387 -29.55754639078057 8.718246647706911
    endloop
  endfacet
  facet normal 0 0.3826834323650857 0.9238795325112885
    outer loop
      vertex 1.8021053558349616 -29.55754639078057 8.718246647706911
      vertex 1.9978946441650387 -29.378208176984817 8.643962327300946
      vertex 1.8021053558349616 -29.378208176984817 8.643962327300946
    endloop
  endfacet
  facet normal 0 0.1305261922200533 0.9914448613738102
    outer loop
      vertex 1.9978946441650387 -29.55754639078057 8.718246647706911
      vertex 1.8021053558349616 -29.713063953834908 8.73872092330172
      vertex 1.9978946441650387 -29.713063953834908 8.73872092330172
    endloop
  endfacet
  facet normal 0 0.3826834323650857 0.9238795325112885
    outer loop
      vertex 1.8021053558349616 -29.55754639078057 8.718246647706911
      vertex 1.9978946441650387 -29.55754639078057 8.718246647706911
      vertex 1.9978946441650387 -29.378208176984817 8.643962327300946
    endloop
  endfacet
  facet normal 0.2567513652305251 0.1261506264858855 0.9582091399530063
    outer loop
      vertex 1.9978946441650387 -29.55754639078057 8.718246647706911
      vertex 1.9978946441650387 -29.713063953834908 8.73872092330172
      vertex 2.1870125742738176 -29.570661786204244 8.669299325624392
    endloop
  endfacet
  facet normal 0.25675136523052855 0.3698549227364016 0.892908770580685
    outer loop
      vertex 1.9978946441650387 -29.55754639078057 8.718246647706911
      vertex 2.1870125742738176 -29.403545175308263 8.600077358893449
      vertex 1.9978946441650387 -29.378208176984817 8.643962327300946
    endloop
  endfacet
  facet normal 0.25675136523052483 0.12615062648588596 0.9582091399530064
    outer loop
      vertex 2.1870125742738176 -29.570661786204244 8.669299325624392
      vertex 1.9978946441650387 -29.713063953834908 8.73872092330172
      vertex 2.1870125742738176 -29.715581084341355 8.688378313172755
    endloop
  endfacet
  facet normal 0.2567513652305227 0.36985492273640774 0.8929087705806839
    outer loop
      vertex 1.9978946441650387 -29.55754639078057 8.718246647706911
      vertex 2.1870125742738176 -29.570661786204244 8.669299325624392
      vertex 2.1870125742738176 -29.403545175308263 8.600077358893449
    endloop
  endfacet
  facet normal 0.4967815233764373 0.11328050197253695 0.8604508387494525
    outer loop
      vertex 2.1870125742738176 -29.570661786204244 8.669299325624392
      vertex 2.1870125742738176 -29.715581084341355 8.688378313172755
      vertex 2.3565710717565405 -29.59599878452769 8.574740360570003
    endloop
  endfacet
  facet normal 0.49678152337643533 0.11328050197254036 0.8604508387494532
    outer loop
      vertex 2.3565710717565405 -29.59599878452769 8.574740360570003
      vertex 2.1870125742738176 -29.715581084341355 8.688378313172755
      vertex 2.3565710717565405 -29.720443807069994 8.591123858600017
    endloop
  endfacet
  facet normal -0.49678152337643383 0.3321216269130602 0.8018125360509224
    outer loop
      vertex 1.4434289282434596 -29.452492497390782 8.515298110152088
      vertex 1.6129874257261827 -29.570661786204244 8.669299325624392
      vertex 1.6129874257261827 -29.403545175308263 8.600077358893449
    endloop
  endfacet
  facet normal -0.4967815233764369 0.5283292118363941 0.6885320340783873
    outer loop
      vertex 1.4434289282434596 -29.329260854902298 8.420739145097698
      vertex 1.6129874257261827 -29.403545175308263 8.600077358893449
      vertex 1.6129874257261827 -29.260038888171355 8.489961111828642
    endloop
  endfacet
  facet normal -0.25675136523052866 0.5883542172165991 0.7667581440948005
    outer loop
      vertex 1.6129874257261827 -29.403545175308263 8.600077358893449
      vertex 1.8021053558349616 -29.378208176984817 8.643962327300946
      vertex 1.6129874257261827 -29.260038888171355 8.489961111828642
    endloop
  endfacet
  facet normal -0.49678152337643716 0.6885320340783829 0.5283292118363994
    outer loop
      vertex 1.4434289282434596 -29.329260854902298 8.420739145097698
      vertex 1.6129874257261827 -29.260038888171355 8.489961111828642
      vertex 1.6129874257261827 -29.149922641106546 8.346454824691733
    endloop
  endfacet
  facet normal -0.25675136523052206 0.5883542172166056 0.7667581440947974
    outer loop
      vertex 1.8021053558349616 -29.378208176984817 8.643962327300946
      vertex 1.8021053558349616 -29.224206961512515 8.525793038487484
      vertex 1.6129874257261827 -29.260038888171355 8.489961111828642
    endloop
  endfacet
  facet normal -0.2567513652305203 0.7667581440948011 0.5883542172166017
    outer loop
      vertex 1.6129874257261827 -29.260038888171355 8.489961111828642
      vertex 1.8021053558349616 -29.224206961512515 8.525793038487484
      vertex 1.8021053558349616 -29.106037672699053 8.37179182301518
    endloop
  endfacet
  facet normal -0.256751365230515 0.7667581440947988 0.5883542172166073
    outer loop
      vertex 1.6129874257261827 -29.260038888171355 8.489961111828642
      vertex 1.8021053558349616 -29.106037672699053 8.37179182301518
      vertex 1.6129874257261827 -29.149922641106546 8.346454824691733
    endloop
  endfacet
  facet normal -0.4967815233764425 0.801812536050919 0.33212162691305525
    outer loop
      vertex 1.4434289282434596 -29.23470188984791 8.297507502609212
      vertex 1.6129874257261827 -29.149922641106546 8.346454824691733
      vertex 1.6129874257261827 -29.080700674375603 8.17933821379575
    endloop
  endfacet
  facet normal -0.25675136523052616 0.8929087705806845 0.3698549227364042
    outer loop
      vertex 1.6129874257261827 -29.149922641106546 8.346454824691733
      vertex 1.8021053558349616 -29.031753352293084 8.192453609219427
      vertex 1.6129874257261827 -29.080700674375603 8.17933821379575
    endloop
  endfacet
  facet normal -0.49678152337643655 0.8604508387494534 0.1132805019725334
    outer loop
      vertex 1.4434289282434596 -29.175259639429992 8.154001215472304
      vertex 1.6129874257261827 -29.080700674375603 8.17933821379575
      vertex 1.6129874257261827 -29.05709035061653 8
    endloop
  endfacet
  facet normal -0.25675136523052833 0.9582091399530059 0.1261506264858819
    outer loop
      vertex 1.6129874257261827 -29.080700674375603 8.17933821379575
      vertex 1.8021053558349616 -29.006416353969637 8
      vertex 1.6129874257261827 -29.05709035061653 8
    endloop
  endfacet
  facet normal -0.25675136523051345 0.8929087705806824 0.3698549227364182
    outer loop
      vertex 1.8021053558349616 -29.106037672699053 8.37179182301518
      vertex 1.8021053558349616 -29.031753352293084 8.192453609219427
      vertex 1.6129874257261827 -29.149922641106546 8.346454824691733
    endloop
  endfacet
  facet normal -0.2567513652305262 0.9582091399530063 0.12615062648588432
    outer loop
      vertex 1.8021053558349616 -29.031753352293084 8.192453609219427
      vertex 1.8021053558349616 -29.006416353969637 8
      vertex 1.6129874257261827 -29.080700674375603 8.17933821379575
    endloop
  endfacet
  facet normal 0 0.6087614290087253 0.7933533402912316
    outer loop
      vertex 1.8021053558349616 -29.378208176984817 8.643962327300946
      vertex 1.9978946441650387 -29.224206961512515 8.525793038487484
      vertex 1.8021053558349616 -29.224206961512515 8.525793038487484
    endloop
  endfacet
  facet normal 0 0.7933533402912349 0.6087614290087208
    outer loop
      vertex 1.8021053558349616 -29.224206961512515 8.525793038487484
      vertex 1.9978946441650387 -29.224206961512515 8.525793038487484
      vertex 1.8021053558349616 -29.106037672699053 8.37179182301518
    endloop
  endfacet
  facet normal 0 0.6087614290087253 0.7933533402912316
    outer loop
      vertex 1.8021053558349616 -29.378208176984817 8.643962327300946
      vertex 1.9978946441650387 -29.378208176984817 8.643962327300946
      vertex 1.9978946441650387 -29.224206961512515 8.525793038487484
    endloop
  endfacet
  facet normal 0.25675136523052206 0.5883542172166056 0.7667581440947974
    outer loop
      vertex 1.9978946441650387 -29.378208176984817 8.643962327300946
      vertex 2.1870125742738176 -29.260038888171355 8.489961111828642
      vertex 1.9978946441650387 -29.224206961512515 8.525793038487484
    endloop
  endfacet
  facet normal 0.2567513652305203 0.7667581440948011 0.5883542172166017
    outer loop
      vertex 1.9978946441650387 -29.224206961512515 8.525793038487484
      vertex 2.1870125742738176 -29.260038888171355 8.489961111828642
      vertex 1.9978946441650387 -29.106037672699053 8.37179182301518
    endloop
  endfacet
  facet normal 0 0.923879532511282 0.3826834323651013
    outer loop
      vertex 1.8021053558349616 -29.106037672699053 8.37179182301518
      vertex 1.9978946441650387 -29.106037672699053 8.37179182301518
      vertex 1.8021053558349616 -29.031753352293084 8.192453609219427
    endloop
  endfacet
  facet normal 0 0.7933533402912349 0.6087614290087208
    outer loop
      vertex 1.8021053558349616 -29.106037672699053 8.37179182301518
      vertex 1.9978946441650387 -29.224206961512515 8.525793038487484
      vertex 1.9978946441650387 -29.106037672699053 8.37179182301518
    endloop
  endfacet
  facet normal 0 0.923879532511282 0.3826834323651013
    outer loop
      vertex 1.8021053558349616 -29.031753352293084 8.192453609219427
      vertex 1.9978946441650387 -29.106037672699053 8.37179182301518
      vertex 1.9978946441650387 -29.031753352293084 8.192453609219427
    endloop
  endfacet
  facet normal 0 0.9914448613738104 0.1305261922200521
    outer loop
      vertex 1.8021053558349616 -29.031753352293084 8.192453609219427
      vertex 1.9978946441650387 -29.031753352293084 8.192453609219427
      vertex 1.8021053558349616 -29.006416353969637 8
    endloop
  endfacet
  facet normal 0 0.9914448613738104 0.1305261922200521
    outer loop
      vertex 1.9978946441650387 -29.031753352293084 8.192453609219427
      vertex 1.9978946441650387 -29.006416353969637 8
      vertex 1.8021053558349616 -29.006416353969637 8
    endloop
  endfacet
  facet normal 0.25675136523051345 0.8929087705806824 0.3698549227364182
    outer loop
      vertex 1.9978946441650387 -29.106037672699053 8.37179182301518
      vertex 2.1870125742738176 -29.149922641106546 8.346454824691733
      vertex 1.9978946441650387 -29.031753352293084 8.192453609219427
    endloop
  endfacet
  facet normal 0.2567513652305262 0.9582091399530063 0.12615062648588432
    outer loop
      vertex 1.9978946441650387 -29.031753352293084 8.192453609219427
      vertex 2.1870125742738176 -29.080700674375603 8.17933821379575
      vertex 1.9978946441650387 -29.006416353969637 8
    endloop
  endfacet
  facet normal -0.49678152337643655 0.8604508387494534 -0.1132805019725334
    outer loop
      vertex 1.4434289282434596 -29.175259639429992 7.845998784527696
      vertex 1.6129874257261827 -29.05709035061653 8
      vertex 1.6129874257261827 -29.080700674375603 7.82066178620425
    endloop
  endfacet
  facet normal -0.25675136523052833 0.9582091399530059 -0.1261506264858819
    outer loop
      vertex 1.6129874257261827 -29.05709035061653 8
      vertex 1.8021053558349616 -29.006416353969637 8
      vertex 1.6129874257261827 -29.080700674375603 7.82066178620425
    endloop
  endfacet
  facet normal -0.4967815233764425 0.801812536050919 -0.33212162691305525
    outer loop
      vertex 1.4434289282434596 -29.23470188984791 7.702492497390788
      vertex 1.6129874257261827 -29.080700674375603 7.82066178620425
      vertex 1.6129874257261827 -29.149922641106546 7.653545175308267
    endloop
  endfacet
  facet normal -0.25675136523052616 0.8929087705806845 -0.3698549227364042
    outer loop
      vertex 1.6129874257261827 -29.080700674375603 7.82066178620425
      vertex 1.8021053558349616 -29.031753352293084 7.807546390780573
      vertex 1.6129874257261827 -29.149922641106546 7.653545175308267
    endloop
  endfacet
  facet normal -0.2567513652305262 0.9582091399530063 -0.12615062648588432
    outer loop
      vertex 1.6129874257261827 -29.080700674375603 7.82066178620425
      vertex 1.8021053558349616 -29.006416353969637 8
      vertex 1.8021053558349616 -29.031753352293084 7.807546390780573
    endloop
  endfacet
  facet normal -0.2567513652305134 0.8929087705806824 -0.3698549227364181
    outer loop
      vertex 1.6129874257261827 -29.149922641106546 7.653545175308267
      vertex 1.8021053558349616 -29.031753352293084 7.807546390780573
      vertex 1.8021053558349616 -29.106037672699053 7.6282081769848205
    endloop
  endfacet
  facet normal -0.49678152337643705 0.6885320340783829 -0.5283292118363992
    outer loop
      vertex 1.6129874257261827 -29.149922641106546 7.653545175308267
      vertex 1.6129874257261827 -29.260038888171355 7.5100388881713585
      vertex 1.4434289282434596 -29.329260854902298 7.5792608549023015
    endloop
  endfacet
  facet normal -0.4967815233764369 0.5283292118363941 -0.6885320340783873
    outer loop
      vertex 1.4434289282434596 -29.329260854902298 7.5792608549023015
      vertex 1.6129874257261827 -29.260038888171355 7.5100388881713585
      vertex 1.6129874257261827 -29.403545175308263 7.399922641106551
    endloop
  endfacet
  facet normal -0.49678152337643383 0.3321216269130602 -0.8018125360509224
    outer loop
      vertex 1.4434289282434596 -29.452492497390782 7.484701889847912
      vertex 1.6129874257261827 -29.403545175308263 7.399922641106551
      vertex 1.6129874257261827 -29.570661786204244 7.330700674375608
    endloop
  endfacet
  facet normal -0.25675136523052866 0.5883542172165991 -0.7667581440948005
    outer loop
      vertex 1.6129874257261827 -29.260038888171355 7.5100388881713585
      vertex 1.8021053558349616 -29.378208176984817 7.356037672699054
      vertex 1.6129874257261827 -29.403545175308263 7.399922641106551
    endloop
  endfacet
  facet normal -0.2567513652305203 0.7667581440948011 -0.5883542172166017
    outer loop
      vertex 1.6129874257261827 -29.260038888171355 7.5100388881713585
      vertex 1.8021053558349616 -29.106037672699053 7.6282081769848205
      vertex 1.8021053558349616 -29.224206961512515 7.474206961512516
    endloop
  endfacet
  facet normal -0.25675136523052206 0.5883542172166056 -0.7667581440947974
    outer loop
      vertex 1.6129874257261827 -29.260038888171355 7.5100388881713585
      vertex 1.8021053558349616 -29.224206961512515 7.474206961512516
      vertex 1.8021053558349616 -29.378208176984817 7.356037672699054
    endloop
  endfacet
  facet normal -0.25675136523051495 0.7667581440947988 -0.5883542172166073
    outer loop
      vertex 1.6129874257261827 -29.149922641106546 7.653545175308267
      vertex 1.8021053558349616 -29.106037672699053 7.6282081769848205
      vertex 1.6129874257261827 -29.260038888171355 7.5100388881713585
    endloop
  endfacet
  facet normal 0 0.9914448613738104 -0.1305261922200521
    outer loop
      vertex 1.8021053558349616 -29.006416353969637 8
      vertex 1.9978946441650387 -29.006416353969637 8
      vertex 1.8021053558349616 -29.031753352293084 7.807546390780573
    endloop
  endfacet
  facet normal 0 0.9914448613738104 -0.1305261922200521
    outer loop
      vertex 1.8021053558349616 -29.031753352293084 7.807546390780573
      vertex 1.9978946441650387 -29.006416353969637 8
      vertex 1.9978946441650387 -29.031753352293084 7.807546390780573
    endloop
  endfacet
  facet normal 0 0.923879532511282 -0.3826834323651013
    outer loop
      vertex 1.8021053558349616 -29.031753352293084 7.807546390780573
      vertex 1.9978946441650387 -29.031753352293084 7.807546390780573
      vertex 1.8021053558349616 -29.106037672699053 7.6282081769848205
    endloop
  endfacet
  facet normal 0.2567513652305262 0.9582091399530063 -0.12615062648588432
    outer loop
      vertex 1.9978946441650387 -29.006416353969637 8
      vertex 2.1870125742738176 -29.080700674375603 7.82066178620425
      vertex 1.9978946441650387 -29.031753352293084 7.807546390780573
    endloop
  endfacet
  facet normal 0.2567513652305134 0.8929087705806824 -0.3698549227364182
    outer loop
      vertex 1.9978946441650387 -29.031753352293084 7.807546390780573
      vertex 2.1870125742738176 -29.149922641106546 7.653545175308267
      vertex 1.9978946441650387 -29.106037672699053 7.6282081769848205
    endloop
  endfacet
  facet normal 0 0.6087614290087253 -0.7933533402912316
    outer loop
      vertex 1.8021053558349616 -29.224206961512515 7.474206961512516
      vertex 1.9978946441650387 -29.378208176984817 7.356037672699054
      vertex 1.8021053558349616 -29.378208176984817 7.356037672699054
    endloop
  endfacet
  facet normal 0 0.7933533402912349 -0.6087614290087208
    outer loop
      vertex 1.8021053558349616 -29.224206961512515 7.474206961512516
      vertex 1.9978946441650387 -29.106037672699053 7.6282081769848205
      vertex 1.9978946441650387 -29.224206961512515 7.474206961512516
    endloop
  endfacet
  facet normal 0 0.6087614290087253 -0.7933533402912316
    outer loop
      vertex 1.8021053558349616 -29.224206961512515 7.474206961512516
      vertex 1.9978946441650387 -29.224206961512515 7.474206961512516
      vertex 1.9978946441650387 -29.378208176984817 7.356037672699054
    endloop
  endfacet
  facet normal 0.25675136523052033 0.7667581440948011 -0.5883542172166017
    outer loop
      vertex 1.9978946441650387 -29.106037672699053 7.6282081769848205
      vertex 2.1870125742738176 -29.260038888171355 7.5100388881713585
      vertex 1.9978946441650387 -29.224206961512515 7.474206961512516
    endloop
  endfacet
  facet normal 0.25675136523052206 0.5883542172166056 -0.7667581440947974
    outer loop
      vertex 1.9978946441650387 -29.224206961512515 7.474206961512516
      vertex 2.1870125742738176 -29.260038888171355 7.5100388881713585
      vertex 1.9978946441650387 -29.378208176984817 7.356037672699054
    endloop
  endfacet
  facet normal 0 0.7933533402912349 -0.6087614290087208
    outer loop
      vertex 1.8021053558349616 -29.106037672699053 7.6282081769848205
      vertex 1.9978946441650387 -29.106037672699053 7.6282081769848205
      vertex 1.8021053558349616 -29.224206961512515 7.474206961512516
    endloop
  endfacet
  facet normal 0 0.923879532511282 -0.3826834323651013
    outer loop
      vertex 1.8021053558349616 -29.106037672699053 7.6282081769848205
      vertex 1.9978946441650387 -29.031753352293084 7.807546390780573
      vertex 1.9978946441650387 -29.106037672699053 7.6282081769848205
    endloop
  endfacet
  facet normal 0.2567513652305287 0.5883542172165991 0.7667581440948005
    outer loop
      vertex 1.9978946441650387 -29.378208176984817 8.643962327300946
      vertex 2.1870125742738176 -29.403545175308263 8.600077358893449
      vertex 2.1870125742738176 -29.260038888171355 8.489961111828642
    endloop
  endfacet
  facet normal 0.4967815233764343 0.33212162691306 0.8018125360509222
    outer loop
      vertex 2.1870125742738176 -29.570661786204244 8.669299325624392
      vertex 2.3565710717565405 -29.452492497390782 8.515298110152088
      vertex 2.1870125742738176 -29.403545175308263 8.600077358893449
    endloop
  endfacet
  facet normal 0.4967815233764373 0.5283292118363939 0.688532034078387
    outer loop
      vertex 2.1870125742738176 -29.403545175308263 8.600077358893449
      vertex 2.3565710717565405 -29.329260854902298 8.420739145097698
      vertex 2.1870125742738176 -29.260038888171355 8.489961111828642
    endloop
  endfacet
  facet normal 0.4967815233764373 0.33212162691305563 0.8018125360509222
    outer loop
      vertex 2.1870125742738176 -29.570661786204244 8.669299325624392
      vertex 2.3565710717565405 -29.59599878452769 8.574740360570003
      vertex 2.3565710717565405 -29.452492497390782 8.515298110152088
    endloop
  endfacet
  facet normal 0.49678152337643383 0.5283292118363987 0.6885320340783858
    outer loop
      vertex 2.1870125742738176 -29.403545175308263 8.600077358893449
      vertex 2.3565710717565405 -29.452492497390782 8.515298110152088
      vertex 2.3565710717565405 -29.329260854902298 8.420739145097698
    endloop
  endfacet
  facet normal 0.49678152337643755 0.6885320340783827 0.5283292118363991
    outer loop
      vertex 2.1870125742738176 -29.260038888171355 8.489961111828642
      vertex 2.3565710717565405 -29.329260854902298 8.420739145097698
      vertex 2.1870125742738176 -29.149922641106546 8.346454824691733
    endloop
  endfacet
  facet normal 0.4967815233764439 0.688532034078385 0.5283292118363904
    outer loop
      vertex 2.3565710717565405 -29.329260854902298 8.420739145097698
      vertex 2.3565710717565405 -29.23470188984791 8.297507502609212
      vertex 2.1870125742738176 -29.149922641106546 8.346454824691733
    endloop
  endfacet
  facet normal 0.256751365230515 0.7667581440947988 0.5883542172166073
    outer loop
      vertex 1.9978946441650387 -29.106037672699053 8.37179182301518
      vertex 2.1870125742738176 -29.260038888171355 8.489961111828642
      vertex 2.1870125742738176 -29.149922641106546 8.346454824691733
    endloop
  endfacet
  facet normal 0.25675136523052616 0.8929087705806845 0.36985492273640413
    outer loop
      vertex 1.9978946441650387 -29.031753352293084 8.192453609219427
      vertex 2.1870125742738176 -29.149922641106546 8.346454824691733
      vertex 2.1870125742738176 -29.080700674375603 8.17933821379575
    endloop
  endfacet
  facet normal 0.25675136523052833 0.9582091399530059 0.1261506264858819
    outer loop
      vertex 2.1870125742738176 -29.080700674375603 8.17933821379575
      vertex 2.1870125742738176 -29.05709035061653 8
      vertex 1.9978946441650387 -29.006416353969637 8
    endloop
  endfacet
  facet normal 0.4967815233764431 0.801812536050919 0.33212162691305513
    outer loop
      vertex 2.1870125742738176 -29.149922641106546 8.346454824691733
      vertex 2.3565710717565405 -29.23470188984791 8.297507502609212
      vertex 2.1870125742738176 -29.080700674375603 8.17933821379575
    endloop
  endfacet
  facet normal 0.4967815233764368 0.801812536050919 0.33212162691306424
    outer loop
      vertex 2.1870125742738176 -29.080700674375603 8.17933821379575
      vertex 2.3565710717565405 -29.23470188984791 8.297507502609212
      vertex 2.3565710717565405 -29.175259639429992 8.154001215472304
    endloop
  endfacet
  facet normal 0.49678152337643716 0.860450838749453 0.11328050197253345
    outer loop
      vertex 2.1870125742738176 -29.080700674375603 8.17933821379575
      vertex 2.3565710717565405 -29.175259639429992 8.154001215472304
      vertex 2.1870125742738176 -29.05709035061653 8
    endloop
  endfacet
  facet normal 0.4967815233764483 0.8604508387494487 0.11328050197251782
    outer loop
      vertex 2.3565710717565405 -29.175259639429992 8.154001215472304
      vertex 2.3565710717565405 -29.15498499478157 8
      vertex 2.1870125742738176 -29.05709035061653 8
    endloop
  endfacet
  facet normal 0.7040625922196394 0.09269159872356228 0.7040625922196349
    outer loop
      vertex 2.4950150052184266 -29.631830711186534 8.441013789746123
      vertex 2.3565710717565405 -29.720443807069994 8.591123858600017
      vertex 2.4950150052184266 -29.727320735502893 8.453585289942051
    endloop
  endfacet
  facet normal 0.7040625922196343 0.09269159872357587 0.704062592219638
    outer loop
      vertex 2.3565710717565405 -29.59599878452769 8.574740360570003
      vertex 2.3565710717565405 -29.720443807069994 8.591123858600017
      vertex 2.4950150052184266 -29.631830711186534 8.441013789746123
    endloop
  endfacet
  facet normal 0.7040625922196354 0.2717580168978109 0.6560818900783169
    outer loop
      vertex 2.3565710717565405 -29.59599878452769 8.574740360570003
      vertex 2.4950150052184266 -29.631830711186534 8.441013789746123
      vertex 2.3565710717565405 -29.452492497390782 8.515298110152088
    endloop
  endfacet
  facet normal 0.7040625922196363 0.43230457532182653 0.5633902913547423
    outer loop
      vertex 2.3565710717565405 -29.452492497390782 8.515298110152088
      vertex 2.4950150052184266 -29.521714464121725 8.395402146774252
      vertex 2.3565710717565405 -29.329260854902298 8.420739145097698
    endloop
  endfacet
  facet normal 0.7040625922196357 0.5633902913547457 0.4323045753218229
    outer loop
      vertex 2.3565710717565405 -29.329260854902298 8.420739145097698
      vertex 2.4950150052184266 -29.427155499067336 8.322844500932659
      vertex 2.3565710717565405 -29.23470188984791 8.297507502609212
    endloop
  endfacet
  facet normal 0.7040625922196364 0.27175801689781226 0.6560818900783151
    outer loop
      vertex 2.3565710717565405 -29.452492497390782 8.515298110152088
      vertex 2.4950150052184266 -29.631830711186534 8.441013789746123
      vertex 2.4950150052184266 -29.521714464121725 8.395402146774252
    endloop
  endfacet
  facet normal 0.7040625922196371 0.4323045753218273 0.5633902913547405
    outer loop
      vertex 2.3565710717565405 -29.329260854902298 8.420739145097698
      vertex 2.4950150052184266 -29.521714464121725 8.395402146774252
      vertex 2.4950150052184266 -29.427155499067336 8.322844500932659
    endloop
  endfacet
  facet normal 0.8641551942546334 0.06568409490621442 0.49892023402452634
    outer loop
      vertex 2.592909649383465 -29.67571567959403 8.27723285796079
      vertex 2.4950150052184266 -29.727320735502893 8.453585289942051
      vertex 2.592909649383465 -29.73574321833201 8.285135633359669
    endloop
  endfacet
  facet normal 0.8641551942546342 0.06568409490621055 0.49892023402452557
    outer loop
      vertex 2.4950150052184266 -29.631830711186534 8.441013789746123
      vertex 2.4950150052184266 -29.727320735502893 8.453585289942051
      vertex 2.592909649383465 -29.67571567959403 8.27723285796079
    endloop
  endfacet
  facet normal 0.8641551942546345 0.19257602219889042 0.46491964458042334
    outer loop
      vertex 2.4950150052184266 -29.631830711186534 8.441013789746123
      vertex 2.592909649383465 -29.67571567959403 8.27723285796079
      vertex 2.4950150052184266 -29.521714464121725 8.395402146774252
    endloop
  endfacet
  facet normal 0.8641551942546356 0.3063442118256349 0.3992355496742035
    outer loop
      vertex 2.4950150052184266 -29.521714464121725 8.395402146774252
      vertex 2.592909649383465 -29.606493712863088 8.248560180526693
      vertex 2.4950150052184266 -29.427155499067336 8.322844500932659
    endloop
  endfacet
  facet normal 0.8641551942546359 0.1925760221988944 0.4649196445804194
    outer loop
      vertex 2.4950150052184266 -29.521714464121725 8.395402146774252
      vertex 2.592909649383465 -29.67571567959403 8.27723285796079
      vertex 2.592909649383465 -29.606493712863088 8.248560180526693
    endloop
  endfacet
  facet normal 0.7040625922196367 0.6560818900783126 0.27175801689781726
    outer loop
      vertex 2.3565710717565405 -29.23470188984791 8.297507502609212
      vertex 2.4950150052184266 -29.354597853225744 8.22828553587827
      vertex 2.3565710717565405 -29.175259639429992 8.154001215472304
    endloop
  endfacet
  facet normal 0.7040625922196366 0.563390291354746 0.4323045753218209
    outer loop
      vertex 2.3565710717565405 -29.23470188984791 8.297507502609212
      vertex 2.4950150052184266 -29.427155499067336 8.322844500932659
      vertex 2.4950150052184266 -29.354597853225744 8.22828553587827
    endloop
  endfacet
  facet normal 0.7040625922196375 0.6560818900783126 0.27175801689781565
    outer loop
      vertex 2.4950150052184266 -29.354597853225744 8.22828553587827
      vertex 2.4950150052184266 -29.308986210253874 8.118169288813462
      vertex 2.3565710717565405 -29.175259639429992 8.154001215472304
    endloop
  endfacet
  facet normal 0.7040625922196372 0.7040625922196376 0.09269159872355785
    outer loop
      vertex 2.3565710717565405 -29.175259639429992 8.154001215472304
      vertex 2.4950150052184266 -29.308986210253874 8.118169288813462
      vertex 2.3565710717565405 -29.15498499478157 8
    endloop
  endfacet
  facet normal 0.7040625922196375 0.7040625922196375 0.09269159872355708
    outer loop
      vertex 2.4950150052184266 -29.308986210253874 8.118169288813462
      vertex 2.4950150052184266 -29.293428928243458 8
      vertex 2.3565710717565405 -29.15498499478157 8
    endloop
  endfacet
  facet normal 0.8641551942546343 0.399235549674209 0.30634421182563165
    outer loop
      vertex 2.4950150052184266 -29.427155499067336 8.322844500932659
      vertex 2.592909649383465 -29.54705146244517 8.202948537554823
      vertex 2.4950150052184266 -29.354597853225744 8.22828553587827
    endloop
  endfacet
  facet normal 0.8641551942546327 0.46491964458042534 0.19257602219889433
    outer loop
      vertex 2.4950150052184266 -29.354597853225744 8.22828553587827
      vertex 2.592909649383465 -29.5014398194733 8.143506287136908
      vertex 2.4950150052184266 -29.308986210253874 8.118169288813462
    endloop
  endfacet
  facet normal 0.8641551942546345 0.3063442118256323 0.3992355496742084
    outer loop
      vertex 2.4950150052184266 -29.427155499067336 8.322844500932659
      vertex 2.592909649383465 -29.606493712863088 8.248560180526693
      vertex 2.592909649383465 -29.54705146244517 8.202948537554823
    endloop
  endfacet
  facet normal 0.8641551942546323 0.3992355496742068 0.3063442118256402
    outer loop
      vertex 2.4950150052184266 -29.354597853225744 8.22828553587827
      vertex 2.592909649383465 -29.54705146244517 8.202948537554823
      vertex 2.592909649383465 -29.5014398194733 8.143506287136908
    endloop
  endfacet
  facet normal 0.8641551942546339 0.4989202340245264 0.06568409490620673
    outer loop
      vertex 2.4950150052184266 -29.308986210253874 8.118169288813462
      vertex 2.592909649383465 -29.472767142039206 8.074284320405965
      vertex 2.4950150052184266 -29.293428928243458 8
    endloop
  endfacet
  facet normal 0.8641551942546349 0.4649196445804252 0.19257602219888487
    outer loop
      vertex 2.4950150052184266 -29.308986210253874 8.118169288813462
      vertex 2.592909649383465 -29.5014398194733 8.143506287136908
      vertex 2.592909649383465 -29.472767142039206 8.074284320405965
    endloop
  endfacet
  facet normal 0.864155194254633 0.49892023402452734 0.06568409490621009
    outer loop
      vertex 2.592909649383465 -29.472767142039206 8.074284320405965
      vertex 2.592909649383465 -29.46298742572618 8
      vertex 2.4950150052184266 -29.293428928243458 8
    endloop
  endfacet
  facet normal 0.25675136523052833 0.9582091399530059 -0.12615062648588193
    outer loop
      vertex 1.9978946441650387 -29.006416353969637 8
      vertex 2.1870125742738176 -29.05709035061653 8
      vertex 2.1870125742738176 -29.080700674375603 7.82066178620425
    endloop
  endfacet
  facet normal 0.25675136523052616 0.8929087705806845 -0.3698549227364042
    outer loop
      vertex 2.1870125742738176 -29.080700674375603 7.82066178620425
      vertex 2.1870125742738176 -29.149922641106546 7.653545175308267
      vertex 1.9978946441650387 -29.031753352293084 7.807546390780573
    endloop
  endfacet
  facet normal 0.49678152337643716 0.860450838749453 -0.11328050197253345
    outer loop
      vertex 2.1870125742738176 -29.05709035061653 8
      vertex 2.3565710717565405 -29.175259639429992 7.845998784527696
      vertex 2.1870125742738176 -29.080700674375603 7.82066178620425
    endloop
  endfacet
  facet normal 0.49678152337644826 0.8604508387494487 -0.11328050197251782
    outer loop
      vertex 2.1870125742738176 -29.05709035061653 8
      vertex 2.3565710717565405 -29.15498499478157 8
      vertex 2.3565710717565405 -29.175259639429992 7.845998784527696
    endloop
  endfacet
  facet normal 0.4967815233764431 0.801812536050919 -0.33212162691305513
    outer loop
      vertex 2.1870125742738176 -29.080700674375603 7.82066178620425
      vertex 2.3565710717565405 -29.23470188984791 7.702492497390788
      vertex 2.1870125742738176 -29.149922641106546 7.653545175308267
    endloop
  endfacet
  facet normal 0.4967815233764368 0.801812536050919 -0.33212162691306424
    outer loop
      vertex 2.1870125742738176 -29.080700674375603 7.82066178620425
      vertex 2.3565710717565405 -29.175259639429992 7.845998784527696
      vertex 2.3565710717565405 -29.23470188984791 7.702492497390788
    endloop
  endfacet
  facet normal 0.25675136523052866 0.5883542172165991 -0.7667581440948005
    outer loop
      vertex 2.1870125742738176 -29.260038888171355 7.5100388881713585
      vertex 2.1870125742738176 -29.403545175308263 7.399922641106551
      vertex 1.9978946441650387 -29.378208176984817 7.356037672699054
    endloop
  endfacet
  facet normal 0.49678152337643755 0.6885320340783827 -0.5283292118363991
    outer loop
      vertex 2.1870125742738176 -29.149922641106546 7.653545175308267
      vertex 2.3565710717565405 -29.329260854902298 7.5792608549023015
      vertex 2.1870125742738176 -29.260038888171355 7.5100388881713585
    endloop
  endfacet
  facet normal 0.4967815233764438 0.688532034078385 -0.5283292118363905
    outer loop
      vertex 2.1870125742738176 -29.149922641106546 7.653545175308267
      vertex 2.3565710717565405 -29.23470188984791 7.702492497390788
      vertex 2.3565710717565405 -29.329260854902298 7.5792608549023015
    endloop
  endfacet
  facet normal 0.4967815233764373 0.5283292118363939 -0.688532034078387
    outer loop
      vertex 2.1870125742738176 -29.260038888171355 7.5100388881713585
      vertex 2.3565710717565405 -29.329260854902298 7.5792608549023015
      vertex 2.1870125742738176 -29.403545175308263 7.399922641106551
    endloop
  endfacet
  facet normal 0.4967815233764342 0.33212162691306 -0.8018125360509222
    outer loop
      vertex 2.1870125742738176 -29.403545175308263 7.399922641106551
      vertex 2.3565710717565405 -29.452492497390782 7.484701889847912
      vertex 2.1870125742738176 -29.570661786204244 7.330700674375608
    endloop
  endfacet
  facet normal 0.49678152337643383 0.5283292118363987 -0.6885320340783858
    outer loop
      vertex 2.1870125742738176 -29.403545175308263 7.399922641106551
      vertex 2.3565710717565405 -29.329260854902298 7.5792608549023015
      vertex 2.3565710717565405 -29.452492497390782 7.484701889847912
    endloop
  endfacet
  facet normal 0.4967815233764373 0.33212162691305563 -0.8018125360509222
    outer loop
      vertex 2.1870125742738176 -29.570661786204244 7.330700674375608
      vertex 2.3565710717565405 -29.452492497390782 7.484701889847912
      vertex 2.3565710717565405 -29.59599878452769 7.4252596394299974
    endloop
  endfacet
  facet normal 0.25675136523051495 0.7667581440947988 -0.5883542172166073
    outer loop
      vertex 2.1870125742738176 -29.149922641106546 7.653545175308267
      vertex 2.1870125742738176 -29.260038888171355 7.5100388881713585
      vertex 1.9978946441650387 -29.106037672699053 7.6282081769848205
    endloop
  endfacet
  facet normal 0.7040625922196372 0.7040625922196377 -0.09269159872355787
    outer loop
      vertex 2.3565710717565405 -29.15498499478157 8
      vertex 2.4950150052184266 -29.308986210253874 7.881830711186538
      vertex 2.3565710717565405 -29.175259639429992 7.845998784527696
    endloop
  endfacet
  facet normal 0.7040625922196375 0.7040625922196375 -0.09269159872355713
    outer loop
      vertex 2.3565710717565405 -29.15498499478157 8
      vertex 2.4950150052184266 -29.293428928243458 8
      vertex 2.4950150052184266 -29.308986210253874 7.881830711186538
    endloop
  endfacet
  facet normal 0.7040625922196367 0.6560818900783126 -0.27175801689781726
    outer loop
      vertex 2.3565710717565405 -29.175259639429992 7.845998784527696
      vertex 2.4950150052184266 -29.354597853225744 7.771714464121731
      vertex 2.3565710717565405 -29.23470188984791 7.702492497390788
    endloop
  endfacet
  facet normal 0.7040625922196375 0.6560818900783125 -0.2717580168978157
    outer loop
      vertex 2.3565710717565405 -29.175259639429992 7.845998784527696
      vertex 2.4950150052184266 -29.308986210253874 7.881830711186538
      vertex 2.4950150052184266 -29.354597853225744 7.771714464121731
    endloop
  endfacet
  facet normal 0.7040625922196366 0.563390291354746 -0.4323045753218209
    outer loop
      vertex 2.3565710717565405 -29.23470188984791 7.702492497390788
      vertex 2.4950150052184266 -29.354597853225744 7.771714464121731
      vertex 2.4950150052184266 -29.427155499067336 7.677155499067341
    endloop
  endfacet
  facet normal 0.8641551942546339 0.4989202340245264 -0.06568409490620673
    outer loop
      vertex 2.4950150052184266 -29.293428928243458 8
      vertex 2.592909649383465 -29.472767142039206 7.925715679594035
      vertex 2.4950150052184266 -29.308986210253874 7.881830711186538
    endloop
  endfacet
  facet normal 0.864155194254633 0.49892023402452734 -0.06568409490621005
    outer loop
      vertex 2.4950150052184266 -29.293428928243458 8
      vertex 2.592909649383465 -29.46298742572618 8
      vertex 2.592909649383465 -29.472767142039206 7.925715679594035
    endloop
  endfacet
  facet normal 0.8641551942546349 0.4649196445804252 -0.19257602219888484
    outer loop
      vertex 2.592909649383465 -29.472767142039206 7.925715679594035
      vertex 2.592909649383465 -29.5014398194733 7.856493712863092
      vertex 2.4950150052184266 -29.308986210253874 7.881830711186538
    endloop
  endfacet
  facet normal 0.8641551942546327 0.46491964458042534 -0.19257602219889433
    outer loop
      vertex 2.4950150052184266 -29.308986210253874 7.881830711186538
      vertex 2.592909649383465 -29.5014398194733 7.856493712863092
      vertex 2.4950150052184266 -29.354597853225744 7.771714464121731
    endloop
  endfacet
  facet normal 0.8641551942546343 0.399235549674209 -0.30634421182563165
    outer loop
      vertex 2.4950150052184266 -29.354597853225744 7.771714464121731
      vertex 2.592909649383465 -29.54705146244517 7.797051462445177
      vertex 2.4950150052184266 -29.427155499067336 7.677155499067341
    endloop
  endfacet
  facet normal 0.8641551942546323 0.39923554967420677 -0.30634421182564014
    outer loop
      vertex 2.592909649383465 -29.5014398194733 7.856493712863092
      vertex 2.592909649383465 -29.54705146244517 7.797051462445177
      vertex 2.4950150052184266 -29.354597853225744 7.771714464121731
    endloop
  endfacet
  facet normal 0.8641551942546344 0.3063442118256322 -0.39923554967420843
    outer loop
      vertex 2.592909649383465 -29.54705146244517 7.797051462445177
      vertex 2.592909649383465 -29.606493712863088 7.7514398194733065
      vertex 2.4950150052184266 -29.427155499067336 7.677155499067341
    endloop
  endfacet
  facet normal 0.8641551942546359 0.1925760221988944 -0.4649196445804194
    outer loop
      vertex 2.592909649383465 -29.606493712863088 7.7514398194733065
      vertex 2.592909649383465 -29.67571567959403 7.72276714203921
      vertex 2.4950150052184266 -29.521714464121725 7.604597853225748
    endloop
  endfacet
  facet normal 0.7040625922196357 0.5633902913547457 -0.4323045753218229
    outer loop
      vertex 2.3565710717565405 -29.23470188984791 7.702492497390788
      vertex 2.4950150052184266 -29.427155499067336 7.677155499067341
      vertex 2.3565710717565405 -29.329260854902298 7.5792608549023015
    endloop
  endfacet
  facet normal 0.7040625922196362 0.43230457532182653 -0.5633902913547423
    outer loop
      vertex 2.3565710717565405 -29.329260854902298 7.5792608549023015
      vertex 2.4950150052184266 -29.521714464121725 7.604597853225748
      vertex 2.3565710717565405 -29.452492497390782 7.484701889847912
    endloop
  endfacet
  facet normal 0.704062592219637 0.4323045753218273 -0.5633902913547406
    outer loop
      vertex 2.4950150052184266 -29.427155499067336 7.677155499067341
      vertex 2.4950150052184266 -29.521714464121725 7.604597853225748
      vertex 2.3565710717565405 -29.329260854902298 7.5792608549023015
    endloop
  endfacet
  facet normal 0.7040625922196364 0.27175801689781226 -0.6560818900783151
    outer loop
      vertex 2.3565710717565405 -29.452492497390782 7.484701889847912
      vertex 2.4950150052184266 -29.521714464121725 7.604597853225748
      vertex 2.4950150052184266 -29.631830711186534 7.558986210253877
    endloop
  endfacet
  facet normal 0.7040625922196345 -0.09269159872357254 -0.7040625922196384
    outer loop
      vertex 2.3565710717565405 -29.749999999999996 7.404984994781573
      vertex 2.4950150052184266 -29.772679264497096 7.546414710057947
      vertex 2.3565710717565405 -29.779556192929995 7.408876141399983
    endloop
  endfacet
  facet normal 0.7040625922196364 0.09269159872357284 -0.7040625922196364
    outer loop
      vertex 2.4950150052184266 -29.749999999999996 7.5434289282434595
      vertex 2.3565710717565405 -29.749999999999996 7.404984994781573
      vertex 2.3565710717565405 -29.59599878452769 7.4252596394299974
    endloop
  endfacet
  facet normal 0.7040625922196382 -0.09269159872354839 -0.7040625922196382
    outer loop
      vertex 2.4950150052184266 -29.749999999999996 7.5434289282434595
      vertex 2.4950150052184266 -29.772679264497096 7.546414710057947
      vertex 2.3565710717565405 -29.749999999999996 7.404984994781573
    endloop
  endfacet
  facet normal 0.7040625922196355 0.2717580168978108 -0.6560818900783167
    outer loop
      vertex 2.3565710717565405 -29.452492497390782 7.484701889847912
      vertex 2.4950150052184266 -29.631830711186534 7.558986210253877
      vertex 2.3565710717565405 -29.59599878452769 7.4252596394299974
    endloop
  endfacet
  facet normal 0.7040625922196337 0.09269159872356796 -0.7040625922196397
    outer loop
      vertex 2.4950150052184266 -29.631830711186534 7.558986210253877
      vertex 2.4950150052184266 -29.749999999999996 7.5434289282434595
      vertex 2.3565710717565405 -29.59599878452769 7.4252596394299974
    endloop
  endfacet
  facet normal 0.8641551942546362 -0.0656840949062001 -0.49892023402452335
    outer loop
      vertex 2.4950150052184266 -29.749999999999996 7.5434289282434595
      vertex 2.592909649383465 -29.764256781667978 7.714864366640331
      vertex 2.4950150052184266 -29.772679264497096 7.546414710057947
    endloop
  endfacet
  facet normal 0.8641551942546353 0.06568409490621387 -0.49892023402452335
    outer loop
      vertex 2.592909649383465 -29.749999999999996 7.712987425726183
      vertex 2.4950150052184266 -29.749999999999996 7.5434289282434595
      vertex 2.4950150052184266 -29.631830711186534 7.558986210253877
    endloop
  endfacet
  facet normal 0.8641551942546356 -0.06568409490620718 -0.49892023402452357
    outer loop
      vertex 2.592909649383465 -29.749999999999996 7.712987425726183
      vertex 2.592909649383465 -29.764256781667978 7.714864366640331
      vertex 2.4950150052184266 -29.749999999999996 7.5434289282434595
    endloop
  endfacet
  facet normal 0.8641551942546342 0.06568409490620988 -0.49892023402452573
    outer loop
      vertex 2.592909649383465 -29.67571567959403 7.72276714203921
      vertex 2.592909649383465 -29.749999999999996 7.712987425726183
      vertex 2.4950150052184266 -29.631830711186534 7.558986210253877
    endloop
  endfacet
  facet normal 0.8641551942546356 0.3063442118256349 -0.3992355496742035
    outer loop
      vertex 2.592909649383465 -29.606493712863088 7.7514398194733065
      vertex 2.4950150052184266 -29.521714464121725 7.604597853225748
      vertex 2.4950150052184266 -29.427155499067336 7.677155499067341
    endloop
  endfacet
  facet normal 0.8641551942546345 0.19257602219889045 -0.46491964458042334
    outer loop
      vertex 2.592909649383465 -29.67571567959403 7.72276714203921
      vertex 2.4950150052184266 -29.631830711186534 7.558986210253877
      vertex 2.4950150052184266 -29.521714464121725 7.604597853225748
    endloop
  endfacet
  facet normal -0.4967815233764333 -0.11328050197253649 -0.8604508387494549
    outer loop
      vertex 1.4434289282434596 -29.749999999999996 7.404984994781573
      vertex 1.6129874257261827 -29.78441891565863 7.311621686827245
      vertex 1.4434289282434596 -29.779556192929995 7.408876141399983
    endloop
  endfacet
  facet normal -0.49678152337643317 0.11328050197253718 -0.8604508387494549
    outer loop
      vertex 1.4434289282434596 -29.59599878452769 7.4252596394299974
      vertex 1.6129874257261827 -29.749999999999996 7.3070903506165354
      vertex 1.4434289282434596 -29.749999999999996 7.404984994781573
    endloop
  endfacet
  facet normal -0.49678152337643317 -0.11328050197253603 -0.8604508387494549
    outer loop
      vertex 1.4434289282434596 -29.749999999999996 7.404984994781573
      vertex 1.6129874257261827 -29.749999999999996 7.3070903506165354
      vertex 1.6129874257261827 -29.78441891565863 7.311621686827245
    endloop
  endfacet
  facet normal -0.2567513652305249 -0.12615062648588488 -0.9582091399530064
    outer loop
      vertex 1.6129874257261827 -29.749999999999996 7.3070903506165354
      vertex 1.8021053558349616 -29.786936046165078 7.26127907669828
      vertex 1.6129874257261827 -29.78441891565863 7.311621686827245
    endloop
  endfacet
  facet normal -0.25675136523052844 0.1261506264858807 -0.958209139953006
    outer loop
      vertex 1.6129874257261827 -29.570661786204244 7.330700674375608
      vertex 1.8021053558349616 -29.749999999999996 7.256416353969643
      vertex 1.6129874257261827 -29.749999999999996 7.3070903506165354
    endloop
  endfacet
  facet normal -0.4967815233764366 0.11328050197253232 -0.8604508387494536
    outer loop
      vertex 1.4434289282434596 -29.59599878452769 7.4252596394299974
      vertex 1.6129874257261827 -29.570661786204244 7.330700674375608
      vertex 1.6129874257261827 -29.749999999999996 7.3070903506165354
    endloop
  endfacet
  facet normal -0.2567513652305228 0.3698549227364078 -0.8929087705806839
    outer loop
      vertex 1.6129874257261827 -29.403545175308263 7.399922641106551
      vertex 1.8021053558349616 -29.55754639078057 7.281753352293089
      vertex 1.6129874257261827 -29.570661786204244 7.330700674375608
    endloop
  endfacet
  facet normal -0.25675136523052766 -0.12615062648590308 -0.9582091399530034
    outer loop
      vertex 1.6129874257261827 -29.749999999999996 7.3070903506165354
      vertex 1.8021053558349616 -29.749999999999996 7.256416353969643
      vertex 1.8021053558349616 -29.786936046165078 7.26127907669828
    endloop
  endfacet
  facet normal -0.25675136523052855 0.3698549227364015 -0.892908770580685
    outer loop
      vertex 1.6129874257261827 -29.403545175308263 7.399922641106551
      vertex 1.8021053558349616 -29.378208176984817 7.356037672699054
      vertex 1.8021053558349616 -29.55754639078057 7.281753352293089
    endloop
  endfacet
  facet normal -0.2567513652305251 0.12615062648588435 -0.9582091399530064
    outer loop
      vertex 1.6129874257261827 -29.570661786204244 7.330700674375608
      vertex 1.8021053558349616 -29.55754639078057 7.281753352293089
      vertex 1.8021053558349616 -29.749999999999996 7.256416353969643
    endloop
  endfacet
  facet normal 0 -0.13052619222007167 -0.9914448613738078
    outer loop
      vertex 1.8021053558349616 -29.749999999999996 7.256416353969643
      vertex 1.9978946441650387 -29.786936046165078 7.26127907669828
      vertex 1.8021053558349616 -29.786936046165078 7.26127907669828
    endloop
  endfacet
  facet normal 0 0.1305261922200521 -0.9914448613738104
    outer loop
      vertex 1.8021053558349616 -29.55754639078057 7.281753352293089
      vertex 1.9978946441650387 -29.749999999999996 7.256416353969643
      vertex 1.8021053558349616 -29.749999999999996 7.256416353969643
    endloop
  endfacet
  facet normal 0 -0.13052619222007167 -0.9914448613738078
    outer loop
      vertex 1.8021053558349616 -29.749999999999996 7.256416353969643
      vertex 1.9978946441650387 -29.749999999999996 7.256416353969643
      vertex 1.9978946441650387 -29.786936046165078 7.26127907669828
    endloop
  endfacet
  facet normal 0 0.3826834323650857 -0.9238795325112885
    outer loop
      vertex 1.8021053558349616 -29.378208176984817 7.356037672699054
      vertex 1.9978946441650387 -29.55754639078057 7.281753352293089
      vertex 1.8021053558349616 -29.55754639078057 7.281753352293089
    endloop
  endfacet
  facet normal 0 0.3826834323650857 -0.9238795325112885
    outer loop
      vertex 1.8021053558349616 -29.378208176984817 7.356037672699054
      vertex 1.9978946441650387 -29.378208176984817 7.356037672699054
      vertex 1.9978946441650387 -29.55754639078057 7.281753352293089
    endloop
  endfacet
  facet normal 0 0.1305261922200521 -0.9914448613738104
    outer loop
      vertex 1.8021053558349616 -29.55754639078057 7.281753352293089
      vertex 1.9978946441650387 -29.55754639078057 7.281753352293089
      vertex 1.9978946441650387 -29.749999999999996 7.256416353969643
    endloop
  endfacet
  facet normal 0.25675136523052444 -0.12615062648590328 -0.9582091399530042
    outer loop
      vertex 1.9978946441650387 -29.749999999999996 7.256416353969643
      vertex 2.1870125742738176 -29.78441891565863 7.311621686827245
      vertex 1.9978946441650387 -29.786936046165078 7.26127907669828
    endloop
  endfacet
  facet normal 0.2567513652305286 0.3698549227364016 -0.892908770580685
    outer loop
      vertex 1.9978946441650387 -29.378208176984817 7.356037672699054
      vertex 2.1870125742738176 -29.403545175308263 7.399922641106551
      vertex 1.9978946441650387 -29.55754639078057 7.281753352293089
    endloop
  endfacet
  facet normal 0.2567513652305251 0.12615062648588435 -0.9582091399530066
    outer loop
      vertex 1.9978946441650387 -29.55754639078057 7.281753352293089
      vertex 2.1870125742738176 -29.570661786204244 7.330700674375608
      vertex 1.9978946441650387 -29.749999999999996 7.256416353969643
    endloop
  endfacet
  facet normal 0.2567513652305283 -0.1261506264858847 -0.9582091399530056
    outer loop
      vertex 1.9978946441650387 -29.749999999999996 7.256416353969643
      vertex 2.1870125742738176 -29.749999999999996 7.3070903506165354
      vertex 2.1870125742738176 -29.78441891565863 7.311621686827245
    endloop
  endfacet
  facet normal 0.25675136523052844 0.1261506264858807 -0.958209139953006
    outer loop
      vertex 1.9978946441650387 -29.749999999999996 7.256416353969643
      vertex 2.1870125742738176 -29.570661786204244 7.330700674375608
      vertex 2.1870125742738176 -29.749999999999996 7.3070903506165354
    endloop
  endfacet
  facet normal 0.2567513652305227 0.36985492273640774 -0.8929087705806839
    outer loop
      vertex 1.9978946441650387 -29.55754639078057 7.281753352293089
      vertex 2.1870125742738176 -29.403545175308263 7.399922641106551
      vertex 2.1870125742738176 -29.570661786204244 7.330700674375608
    endloop
  endfacet
  facet normal 0.4967815233764337 -0.11328050197253627 -0.8604508387494546
    outer loop
      vertex 2.1870125742738176 -29.749999999999996 7.3070903506165354
      vertex 2.3565710717565405 -29.779556192929995 7.408876141399983
      vertex 2.1870125742738176 -29.78441891565863 7.311621686827245
    endloop
  endfacet
  facet normal 0.49678152337643366 -0.11328050197253645 -0.8604508387494547
    outer loop
      vertex 2.1870125742738176 -29.749999999999996 7.3070903506165354
      vertex 2.3565710717565405 -29.749999999999996 7.404984994781573
      vertex 2.3565710717565405 -29.779556192929995 7.408876141399983
    endloop
  endfacet
  facet normal 0.4967815233764336 0.11328050197253718 -0.8604508387494546
    outer loop
      vertex 2.1870125742738176 -29.749999999999996 7.3070903506165354
      vertex 2.3565710717565405 -29.59599878452769 7.4252596394299974
      vertex 2.3565710717565405 -29.749999999999996 7.404984994781573
    endloop
  endfacet
  facet normal 0.4967815233764371 0.11328050197253237 -0.8604508387494534
    outer loop
      vertex 2.1870125742738176 -29.570661786204244 7.330700674375608
      vertex 2.3565710717565405 -29.59599878452769 7.4252596394299974
      vertex 2.1870125742738176 -29.749999999999996 7.3070903506165354
    endloop
  endfacet
  facet normal 0.9653655703464425 0.034054410021222524 0.2586689249751394
    outer loop
      vertex 2.592909649383465 -29.67571567959403 8.27723285796079
      vertex 2.592909649383465 -29.73574321833201 8.285135633359669
      vertex 2.6435836460303577 -29.72466300167655 8.09455896505439
    endloop
  endfacet
  facet normal 0.9653655703464427 0.03405441002121826 0.2586689249751392
    outer loop
      vertex 2.6435836460303577 -29.72466300167655 8.09455896505439
      vertex 2.592909649383465 -29.73574321833201 8.285135633359669
      vertex 2.6435836460303577 -29.745137277271358 8.097254454572738
    endloop
  endfacet
  facet normal 0.9653655703464423 0.09984247829830105 0.2410410652086928
    outer loop
      vertex 2.592909649383465 -29.67571567959403 8.27723285796079
      vertex 2.6435836460303577 -29.72466300167655 8.09455896505439
      vertex 2.592909649383465 -29.606493712863088 8.248560180526693
    endloop
  endfacet
  facet normal 0.9653655703464425 0.1588264466768398 0.20698665518747028
    outer loop
      vertex 2.592909649383465 -29.606493712863088 8.248560180526693
      vertex 2.6435836460303577 -29.701052677917477 8.084779248741361
      vertex 2.592909649383465 -29.54705146244517 8.202948537554823
    endloop
  endfacet
  facet normal 1 0 0
    outer loop
      vertex 2.6435836460303577 -29.72466300167655 8.09455896505439
      vertex 2.6435836460303577 -29.745137277271358 8.097254454572738
      vertex 2.6435836460303577 -29.701052677917477 8.084779248741361
    endloop
  endfacet
  facet normal 1 0 0
    outer loop
      vertex 2.6435836460303577 -29.701052677917477 8.084779248741361
      vertex 2.6435836460303577 -29.745137277271358 8.097254454572738
      vertex 2.6435836460303577 -29.680778033269053 8.069221966730943
    endloop
  endfacet
  facet normal 1 0 0
    outer loop
      vertex 2.6435836460303577 -29.680778033269053 8.069221966730943
      vertex 2.6435836460303577 -29.745137277271358 8.097254454572738
      vertex 2.6435836460303577 -29.665220751258634 8.048947322082519
    endloop
  endfacet
  facet normal 1 0 0
    outer loop
      vertex 2.6435836460303577 -29.665220751258634 8.048947322082519
      vertex 2.6435836460303577 -29.745137277271358 8.097254454572738
      vertex 2.6435836460303577 -29.655441034945607 8.025336998323446
    endloop
  endfacet
  facet normal 1 0 0
    outer loop
      vertex 2.6435836460303577 -29.655441034945607 7.974663001676554
      vertex 2.6435836460303577 -29.745137277271358 8.097254454572738
      vertex 2.6435836460303577 -29.665220751258634 7.951052677917481
    endloop
  endfacet
  facet normal 0.9653655703464424 0.20698665518746803 0.15882644667684281
    outer loop
      vertex 2.592909649383465 -29.54705146244517 8.202948537554823
      vertex 2.6435836460303577 -29.680778033269053 8.069221966730943
      vertex 2.592909649383465 -29.5014398194733 8.143506287136908
    endloop
  endfacet
  facet normal 0.9653655703464428 0.09984247829830534 0.24104106520868934
    outer loop
      vertex 2.592909649383465 -29.606493712863088 8.248560180526693
      vertex 2.6435836460303577 -29.72466300167655 8.09455896505439
      vertex 2.6435836460303577 -29.701052677917477 8.084779248741361
    endloop
  endfacet
  facet normal 0.965365570346442 0.15882644667683515 0.2069866551874765
    outer loop
      vertex 2.592909649383465 -29.54705146244517 8.202948537554823
      vertex 2.6435836460303577 -29.701052677917477 8.084779248741361
      vertex 2.6435836460303577 -29.680778033269053 8.069221966730943
    endloop
  endfacet
  facet normal 0.9653655703464421 0.20698665518746678 0.15882644667684595
    outer loop
      vertex 2.592909649383465 -29.5014398194733 8.143506287136908
      vertex 2.6435836460303577 -29.680778033269053 8.069221966730943
      vertex 2.6435836460303577 -29.665220751258634 8.048947322082519
    endloop
  endfacet
  facet normal 0.9653655703464423 0.241041065208695 0.09984247829829579
    outer loop
      vertex 2.592909649383465 -29.5014398194733 8.143506287136908
      vertex 2.6435836460303577 -29.665220751258634 8.048947322082519
      vertex 2.592909649383465 -29.472767142039206 8.074284320405965
    endloop
  endfacet
  facet normal 0.9653655703464429 0.24104106520869586 0.09984247829829003
    outer loop
      vertex 2.592909649383465 -29.472767142039206 8.074284320405965
      vertex 2.6435836460303577 -29.665220751258634 8.048947322082519
      vertex 2.6435836460303577 -29.655441034945607 8.025336998323446
    endloop
  endfacet
  facet normal 0.9653655703464428 0.2586689249751393 0.034054410021214544
    outer loop
      vertex 2.6435836460303577 -29.655441034945607 8.025336998323446
      vertex 2.6435836460303577 -29.65210535583496 8
      vertex 2.592909649383465 -29.46298742572618 8
    endloop
  endfacet
  facet normal 0.9653655703464423 0.25866892497513994 0.034054410021220276
    outer loop
      vertex 2.592909649383465 -29.472767142039206 8.074284320405965
      vertex 2.6435836460303577 -29.655441034945607 8.025336998323446
      vertex 2.592909649383465 -29.46298742572618 8
    endloop
  endfacet
  facet normal 1 0 0
    outer loop
      vertex 2.6435836460303577 -29.655441034945607 8.025336998323446
      vertex 2.6435836460303577 -29.745137277271358 8.097254454572738
      vertex 2.6435836460303577 -29.65210535583496 8
    endloop
  endfacet
  facet normal 1 0 0
    outer loop
      vertex 2.6435836460303577 -29.65210535583496 8
      vertex 2.6435836460303577 -29.745137277271358 8.097254454572738
      vertex 2.6435836460303577 -29.655441034945607 7.974663001676554
    endloop
  endfacet
  facet normal 1 0 0
    outer loop
      vertex 2.6435836460303577 -29.665220751258634 7.951052677917481
      vertex 2.6435836460303577 -29.745137277271358 8.097254454572738
      vertex 2.6435836460303577 -29.680778033269053 7.930778033269057
    endloop
  endfacet
  facet normal 1 0 0
    outer loop
      vertex 2.6435836460303577 -29.680778033269053 7.930778033269057
      vertex 2.6435836460303577 -29.745137277271358 8.097254454572738
      vertex 2.6435836460303577 -29.701052677917477 7.915220751258639
    endloop
  endfacet
  facet normal 1 0 0
    outer loop
      vertex 2.6435836460303577 -29.749999999999996 7.902105355834962
      vertex 2.6435836460303577 -29.745137277271358 8.097254454572738
      vertex 2.6435836460303577 -29.75486272272863 7.902745545427262
    endloop
  endfacet
  facet normal 1 0 0
    outer loop
      vertex 2.6435836460303577 -29.701052677917477 7.915220751258639
      vertex 2.6435836460303577 -29.745137277271358 8.097254454572738
      vertex 2.6435836460303577 -29.72466300167655 7.905441034945611
    endloop
  endfacet
  facet normal 1 0 0
    outer loop
      vertex 2.6435836460303577 -29.72466300167655 7.905441034945611
      vertex 2.6435836460303577 -29.745137277271358 8.097254454572738
      vertex 2.6435836460303577 -29.749999999999996 7.902105355834962
    endloop
  endfacet
  facet normal 0.9653655703464423 0.03405441002121482 -0.2586689249751414
    outer loop
      vertex 2.6435836460303577 -29.72466300167655 7.905441034945611
      vertex 2.6435836460303577 -29.749999999999996 7.902105355834962
      vertex 2.592909649383465 -29.67571567959403 7.72276714203921
    endloop
  endfacet
  facet normal 0.9653655703464428 0.2586689249751393 -0.03405441002121457
    outer loop
      vertex 2.592909649383465 -29.46298742572618 8
      vertex 2.6435836460303577 -29.65210535583496 8
      vertex 2.6435836460303577 -29.655441034945607 7.974663001676554
    endloop
  endfacet
  facet normal 0.9653655703464423 0.25866892497514 -0.03405441002122028
    outer loop
      vertex 2.592909649383465 -29.46298742572618 8
      vertex 2.6435836460303577 -29.655441034945607 7.974663001676554
      vertex 2.592909649383465 -29.472767142039206 7.925715679594035
    endloop
  endfacet
  facet normal 0.9653655703464429 0.24104106520869586 -0.09984247829829003
    outer loop
      vertex 2.6435836460303577 -29.655441034945607 7.974663001676554
      vertex 2.6435836460303577 -29.665220751258634 7.951052677917481
      vertex 2.592909649383465 -29.472767142039206 7.925715679594035
    endloop
  endfacet
  facet normal 0.9653655703464422 0.20698665518746673 -0.15882644667684576
    outer loop
      vertex 2.6435836460303577 -29.665220751258634 7.951052677917481
      vertex 2.6435836460303577 -29.680778033269053 7.930778033269057
      vertex 2.592909649383465 -29.5014398194733 7.856493712863092
    endloop
  endfacet
  facet normal 0.9653655703464423 0.241041065208695 -0.09984247829829579
    outer loop
      vertex 2.592909649383465 -29.472767142039206 7.925715679594035
      vertex 2.6435836460303577 -29.665220751258634 7.951052677917481
      vertex 2.592909649383465 -29.5014398194733 7.856493712863092
    endloop
  endfacet
  facet normal 0.9653655703464424 0.20698665518746806 -0.15882644667684284
    outer loop
      vertex 2.6435836460303577 -29.680778033269053 7.930778033269057
      vertex 2.592909649383465 -29.54705146244517 7.797051462445177
      vertex 2.592909649383465 -29.5014398194733 7.856493712863092
    endloop
  endfacet
  facet normal 0.965365570346442 0.15882644667683501 -0.20698665518747633
    outer loop
      vertex 2.6435836460303577 -29.680778033269053 7.930778033269057
      vertex 2.6435836460303577 -29.701052677917477 7.915220751258639
      vertex 2.592909649383465 -29.54705146244517 7.797051462445177
    endloop
  endfacet
  facet normal 0.9653655703464428 0.0998424782983055 -0.24104106520868948
    outer loop
      vertex 2.6435836460303577 -29.701052677917477 7.915220751258639
      vertex 2.6435836460303577 -29.72466300167655 7.905441034945611
      vertex 2.592909649383465 -29.606493712863088 7.7514398194733065
    endloop
  endfacet
  facet normal 0.9653655703464425 -0.034054410021223745 -0.2586689249751392
    outer loop
      vertex 2.6435836460303577 -29.749999999999996 7.902105355834962
      vertex 2.6435836460303577 -29.75486272272863 7.902745545427262
      vertex 2.592909649383465 -29.749999999999996 7.712987425726183
    endloop
  endfacet
  facet normal 0.9653655703464425 -0.03405441002121891 -0.2586689249751391
    outer loop
      vertex 2.592909649383465 -29.749999999999996 7.712987425726183
      vertex 2.6435836460303577 -29.75486272272863 7.902745545427262
      vertex 2.592909649383465 -29.764256781667978 7.714864366640331
    endloop
  endfacet
  facet normal 0.9653655703464425 0.034054410021220186 -0.2586689249751392
    outer loop
      vertex 2.6435836460303577 -29.749999999999996 7.902105355834962
      vertex 2.592909649383465 -29.749999999999996 7.712987425726183
      vertex 2.592909649383465 -29.67571567959403 7.72276714203921
    endloop
  endfacet
  facet normal 0.9653655703464425 0.15882644667683976 -0.20698665518747028
    outer loop
      vertex 2.6435836460303577 -29.701052677917477 7.915220751258639
      vertex 2.592909649383465 -29.606493712863088 7.7514398194733065
      vertex 2.592909649383465 -29.54705146244517 7.797051462445177
    endloop
  endfacet
  facet normal 0.9653655703464424 0.09984247829830108 -0.2410410652086928
    outer loop
      vertex 2.6435836460303577 -29.72466300167655 7.905441034945611
      vertex 2.592909649383465 -29.67571567959403 7.72276714203921
      vertex 2.592909649383465 -29.606493712863088 7.7514398194733065
    endloop
  endfacet
  facet normal -0.49678152337643494 -0.11328050197253721 0.8604508387494538
    outer loop
      vertex 1.4434289282434596 29.59599878452769 8.574740360570003
      vertex 1.6129874257261827 29.71558108434136 8.688378313172755
      vertex 1.4434289282434596 29.720443807069998 8.591123858600017
    endloop
  endfacet
  facet normal -0.8641551942546337 -0.06568409490621066 0.4989202340245264
    outer loop
      vertex 1.3049849947815737 29.631830711186534 8.441013789746123
      vertex 1.3049849947815737 29.727320735502893 8.453585289942051
      vertex 1.2070903506165351 29.67571567959403 8.27723285796079
    endloop
  endfacet
  facet normal -0.8641551942546353 -0.19257602219889472 0.4649196445804202
    outer loop
      vertex 1.3049849947815737 29.521714464121725 8.395402146774252
      vertex 1.2070903506165351 29.67571567959403 8.27723285796079
      vertex 1.2070903506165351 29.606493712863088 8.248560180526693
    endloop
  endfacet
  facet normal -0.864155194254634 -0.19257602219889075 0.4649196445804242
    outer loop
      vertex 1.3049849947815737 29.631830711186534 8.441013789746123
      vertex 1.2070903506165351 29.67571567959403 8.27723285796079
      vertex 1.3049849947815737 29.521714464121725 8.395402146774252
    endloop
  endfacet
  facet normal -0.8641551942546352 -0.3063442118256355 0.39923554967420416
    outer loop
      vertex 1.3049849947815737 29.521714464121725 8.395402146774252
      vertex 1.2070903506165351 29.606493712863088 8.248560180526693
      vertex 1.3049849947815737 29.427155499067336 8.322844500932659
    endloop
  endfacet
  facet normal -0.8641551942546337 -0.06568409490621054 0.49892023402452634
    outer loop
      vertex 1.2070903506165351 29.67571567959403 8.27723285796079
      vertex 1.3049849947815737 29.727320735502893 8.453585289942051
      vertex 1.2070903506165351 29.735743218332015 8.285135633359669
    endloop
  endfacet
  facet normal -0.9653655703464423 -0.09984247829830105 0.2410410652086928
    outer loop
      vertex 1.2070903506165351 29.67571567959403 8.27723285796079
      vertex 1.1564163539696424 29.72466300167655 8.09455896505439
      vertex 1.2070903506165351 29.606493712863088 8.248560180526693
    endloop
  endfacet
  facet normal -0.9653655703464425 -0.1588264466768398 0.20698665518747028
    outer loop
      vertex 1.2070903506165351 29.606493712863088 8.248560180526693
      vertex 1.1564163539696424 29.701052677917477 8.084779248741361
      vertex 1.2070903506165351 29.54705146244517 8.202948537554823
    endloop
  endfacet
  facet normal -0.8641551942546338 -0.30634421182563276 0.39923554967420916
    outer loop
      vertex 1.3049849947815737 29.427155499067336 8.322844500932659
      vertex 1.2070903506165351 29.606493712863088 8.248560180526693
      vertex 1.2070903506165351 29.54705146244517 8.202948537554823
    endloop
  endfacet
  facet normal -0.8641551942546338 -0.3992355496742096 0.30634421182563215
    outer loop
      vertex 1.3049849947815737 29.427155499067336 8.322844500932659
      vertex 1.2070903506165351 29.54705146244517 8.202948537554823
      vertex 1.3049849947815737 29.354597853225744 8.22828553587827
    endloop
  endfacet
  facet normal -0.8641551942546323 -0.4649196445804261 0.19257602219889464
    outer loop
      vertex 1.3049849947815737 29.354597853225744 8.22828553587827
      vertex 1.2070903506165351 29.5014398194733 8.143506287136908
      vertex 1.3049849947815737 29.308986210253874 8.118169288813462
    endloop
  endfacet
  facet normal -0.8641551942546318 -0.39923554967420755 0.3063442118256407
    outer loop
      vertex 1.2070903506165351 29.54705146244517 8.202948537554823
      vertex 1.2070903506165351 29.5014398194733 8.143506287136908
      vertex 1.3049849947815737 29.354597853225744 8.22828553587827
    endloop
  endfacet
  facet normal -0.9653655703464425 -0.03405441002121833 0.2586689249751398
    outer loop
      vertex 1.1564163539696424 29.72466300167655 8.09455896505439
      vertex 1.2070903506165351 29.735743218332015 8.285135633359669
      vertex 1.1564163539696424 29.745137277271358 8.097254454572738
    endloop
  endfacet
  facet normal -0.9653655703464424 -0.034054410021220574 0.2586689249751399
    outer loop
      vertex 1.2070903506165351 29.67571567959403 8.27723285796079
      vertex 1.2070903506165351 29.735743218332015 8.285135633359669
      vertex 1.1564163539696424 29.72466300167655 8.09455896505439
    endloop
  endfacet
  facet normal -0.9653655703464428 -0.09984247829830534 0.24104106520868934
    outer loop
      vertex 1.2070903506165351 29.606493712863088 8.248560180526693
      vertex 1.1564163539696424 29.72466300167655 8.09455896505439
      vertex 1.1564163539696424 29.701052677917477 8.084779248741361
    endloop
  endfacet
  facet normal -0.965365570346442 -0.15882644667683515 0.2069866551874765
    outer loop
      vertex 1.2070903506165351 29.54705146244517 8.202948537554823
      vertex 1.1564163539696424 29.701052677917477 8.084779248741361
      vertex 1.1564163539696424 29.680778033269053 8.069221966730943
    endloop
  endfacet
  facet normal -0.9653655703464421 -0.20698665518746678 0.15882644667684595
    outer loop
      vertex 1.2070903506165351 29.5014398194733 8.143506287136908
      vertex 1.1564163539696424 29.680778033269053 8.069221966730943
      vertex 1.1564163539696424 29.665220751258634 8.048947322082519
    endloop
  endfacet
  facet normal -0.9653655703464424 -0.20698665518746803 0.15882644667684281
    outer loop
      vertex 1.2070903506165351 29.54705146244517 8.202948537554823
      vertex 1.1564163539696424 29.680778033269053 8.069221966730943
      vertex 1.2070903506165351 29.5014398194733 8.143506287136908
    endloop
  endfacet
  facet normal -0.9653655703464423 -0.241041065208695 0.09984247829829579
    outer loop
      vertex 1.2070903506165351 29.5014398194733 8.143506287136908
      vertex 1.1564163539696424 29.665220751258634 8.048947322082519
      vertex 1.2070903506165351 29.472767142039206 8.074284320405965
    endloop
  endfacet
  facet normal -1 0 0
    outer loop
      vertex 1.1564163539696424 29.655441034945607 8.025336998323446
      vertex 1.1564163539696424 29.745137277271358 8.097254454572738
      vertex 1.1564163539696424 29.65210535583496 8
    endloop
  endfacet
  facet normal -0.9653655703464429 -0.24104106520869586 0.09984247829829003
    outer loop
      vertex 1.1564163539696424 29.665220751258634 8.048947322082519
      vertex 1.1564163539696424 29.655441034945607 8.025336998323446
      vertex 1.2070903506165351 29.472767142039206 8.074284320405965
    endloop
  endfacet
  facet normal -1 0 0
    outer loop
      vertex 1.1564163539696424 29.65210535583496 8
      vertex 1.1564163539696424 29.745137277271358 8.097254454572738
      vertex 1.1564163539696424 29.655441034945607 7.974663001676554
    endloop
  endfacet
  facet normal -0.9653655703464428 -0.2586689249751393 0.034054410021214544
    outer loop
      vertex 1.1564163539696424 29.655441034945607 8.025336998323446
      vertex 1.1564163539696424 29.65210535583496 8
      vertex 1.2070903506165351 29.46298742572618 8
    endloop
  endfacet
  facet normal -0.9653655703464423 -0.25866892497513994 0.034054410021220276
    outer loop
      vertex 1.2070903506165351 29.472767142039206 8.074284320405965
      vertex 1.1564163539696424 29.655441034945607 8.025336998323446
      vertex 1.2070903506165351 29.46298742572618 8
    endloop
  endfacet
  facet normal -0.8641551942546344 -0.4649196445804259 0.19257602219888514
    outer loop
      vertex 1.2070903506165351 29.5014398194733 8.143506287136908
      vertex 1.2070903506165351 29.472767142039206 8.074284320405965
      vertex 1.3049849947815737 29.308986210253874 8.118169288813462
    endloop
  endfacet
  facet normal -0.8641551942546327 -0.49892023402452823 0.06568409490621022
    outer loop
      vertex 1.2070903506165351 29.472767142039206 8.074284320405965
      vertex 1.2070903506165351 29.46298742572618 8
      vertex 1.3049849947815737 29.293428928243458 8
    endloop
  endfacet
  facet normal -0.8641551942546334 -0.49892023402452723 0.06568409490620684
    outer loop
      vertex 1.3049849947815737 29.308986210253874 8.118169288813462
      vertex 1.2070903506165351 29.472767142039206 8.074284320405965
      vertex 1.3049849947815737 29.293428928243458 8
    endloop
  endfacet
  facet normal -1 0 0
    outer loop
      vertex 1.1564163539696424 29.72466300167655 8.09455896505439
      vertex 1.1564163539696424 29.745137277271358 8.097254454572738
      vertex 1.1564163539696424 29.701052677917477 8.084779248741361
    endloop
  endfacet
  facet normal -1 0 0
    outer loop
      vertex 1.1564163539696424 29.701052677917477 8.084779248741361
      vertex 1.1564163539696424 29.745137277271358 8.097254454572738
      vertex 1.1564163539696424 29.680778033269053 8.069221966730943
    endloop
  endfacet
  facet normal -1 0 0
    outer loop
      vertex 1.1564163539696424 29.680778033269053 8.069221966730943
      vertex 1.1564163539696424 29.745137277271358 8.097254454572738
      vertex 1.1564163539696424 29.665220751258634 8.048947322082519
    endloop
  endfacet
  facet normal -1 0 0
    outer loop
      vertex 1.1564163539696424 29.665220751258634 8.048947322082519
      vertex 1.1564163539696424 29.745137277271358 8.097254454572738
      vertex 1.1564163539696424 29.655441034945607 8.025336998323446
    endloop
  endfacet
  facet normal -1 0 0
    outer loop
      vertex 1.1564163539696424 29.655441034945607 7.974663001676554
      vertex 1.1564163539696424 29.745137277271358 8.097254454572738
      vertex 1.1564163539696424 29.665220751258634 7.951052677917481
    endloop
  endfacet
  facet normal -0.7040625922196347 -0.09269159872357322 0.7040625922196382
    outer loop
      vertex 1.4434289282434596 29.59599878452769 8.574740360570003
      vertex 1.4434289282434596 29.720443807069998 8.591123858600017
      vertex 1.3049849947815737 29.631830711186534 8.441013789746123
    endloop
  endfacet
  facet normal -0.704062592219636 -0.27175801689781065 0.6560818900783163
    outer loop
      vertex 1.4434289282434596 29.59599878452769 8.574740360570003
      vertex 1.3049849947815737 29.631830711186534 8.441013789746123
      vertex 1.4434289282434596 29.452492497390782 8.515298110152088
    endloop
  endfacet
  facet normal -0.7040625922196388 -0.09269159872356236 0.7040625922196354
    outer loop
      vertex 1.3049849947815737 29.631830711186534 8.441013789746123
      vertex 1.4434289282434596 29.720443807069998 8.591123858600017
      vertex 1.3049849947815737 29.727320735502893 8.453585289942051
    endloop
  endfacet
  facet normal -0.704062592219637 -0.2717580168978121 0.6560818900783146
    outer loop
      vertex 1.3049849947815737 29.631830711186534 8.441013789746123
      vertex 1.3049849947815737 29.521714464121725 8.395402146774252
      vertex 1.4434289282434596 29.452492497390782 8.515298110152088
    endloop
  endfacet
  facet normal -0.7040625922196376 -0.43230457532182703 0.5633902913547402
    outer loop
      vertex 1.3049849947815737 29.521714464121725 8.395402146774252
      vertex 1.3049849947815737 29.427155499067336 8.322844500932659
      vertex 1.4434289282434596 29.329260854902298 8.420739145097698
    endloop
  endfacet
  facet normal -0.7040625922196369 -0.43230457532182626 0.5633902913547418
    outer loop
      vertex 1.3049849947815737 29.521714464121725 8.395402146774252
      vertex 1.4434289282434596 29.329260854902298 8.420739145097698
      vertex 1.4434289282434596 29.452492497390782 8.515298110152088
    endloop
  endfacet
  facet normal -0.7040625922196363 -0.5633902913547452 0.4323045753218226
    outer loop
      vertex 1.4434289282434596 29.329260854902298 8.420739145097698
      vertex 1.3049849947815737 29.427155499067336 8.322844500932659
      vertex 1.4434289282434596 29.23470188984791 8.297507502609212
    endloop
  endfacet
  facet normal -0.49678152337643683 -0.3321216269130557 0.8018125360509225
    outer loop
      vertex 1.4434289282434596 29.59599878452769 8.574740360570003
      vertex 1.4434289282434596 29.452492497390782 8.515298110152088
      vertex 1.6129874257261827 29.570661786204244 8.669299325624392
    endloop
  endfacet
  facet normal -0.49678152337643333 -0.5283292118363989 0.688532034078386
    outer loop
      vertex 1.4434289282434596 29.452492497390782 8.515298110152088
      vertex 1.4434289282434596 29.329260854902298 8.420739145097698
      vertex 1.6129874257261827 29.403545175308263 8.600077358893449
    endloop
  endfacet
  facet normal -0.4967815233764433 -0.6885320340783851 0.5283292118363905
    outer loop
      vertex 1.4434289282434596 29.329260854902298 8.420739145097698
      vertex 1.4434289282434596 29.23470188984791 8.297507502609212
      vertex 1.6129874257261827 29.149922641106546 8.346454824691733
    endloop
  endfacet
  facet normal -0.49678152337643633 -0.8018125360509193 0.3321216269130643
    outer loop
      vertex 1.4434289282434596 29.23470188984791 8.297507502609212
      vertex 1.4434289282434596 29.175259639429992 8.154001215472304
      vertex 1.6129874257261827 29.080700674375603 8.17933821379575
    endloop
  endfacet
  facet normal -0.49678152337644776 -0.8604508387494489 0.11328050197251784
    outer loop
      vertex 1.4434289282434596 29.175259639429992 8.154001215472304
      vertex 1.4434289282434596 29.15498499478157 8
      vertex 1.6129874257261827 29.05709035061653 8
    endloop
  endfacet
  facet normal -0.7040625922196372 -0.5633902913547456 0.43230457532182054
    outer loop
      vertex 1.3049849947815737 29.427155499067336 8.322844500932659
      vertex 1.3049849947815737 29.354597853225744 8.22828553587827
      vertex 1.4434289282434596 29.23470188984791 8.297507502609212
    endloop
  endfacet
  facet normal -0.704062592219638 -0.656081890078312 0.27175801689781537
    outer loop
      vertex 1.3049849947815737 29.354597853225744 8.22828553587827
      vertex 1.3049849947815737 29.308986210253874 8.118169288813462
      vertex 1.4434289282434596 29.175259639429992 8.154001215472304
    endloop
  endfacet
  facet normal -0.7040625922196373 -0.6560818900783121 0.2717580168978169
    outer loop
      vertex 1.3049849947815737 29.354597853225744 8.22828553587827
      vertex 1.4434289282434596 29.175259639429992 8.154001215472304
      vertex 1.4434289282434596 29.23470188984791 8.297507502609212
    endloop
  endfacet
  facet normal -0.704062592219638 -0.7040625922196369 0.092691598723557
    outer loop
      vertex 1.3049849947815737 29.308986210253874 8.118169288813462
      vertex 1.3049849947815737 29.293428928243458 8
      vertex 1.4434289282434596 29.15498499478157 8
    endloop
  endfacet
  facet normal -0.7040625922196376 -0.7040625922196372 0.09269159872355776
    outer loop
      vertex 1.3049849947815737 29.308986210253874 8.118169288813462
      vertex 1.4434289282434596 29.15498499478157 8
      vertex 1.4434289282434596 29.175259639429992 8.154001215472304
    endloop
  endfacet
  facet normal -0.9653655703464428 -0.2586689249751393 -0.034054410021214544
    outer loop
      vertex 1.1564163539696424 29.65210535583496 8
      vertex 1.1564163539696424 29.655441034945607 7.974663001676554
      vertex 1.2070903506165351 29.46298742572618 8
    endloop
  endfacet
  facet normal -0.9653655703464429 -0.24104106520869586 -0.09984247829829003
    outer loop
      vertex 1.1564163539696424 29.655441034945607 7.974663001676554
      vertex 1.1564163539696424 29.665220751258634 7.951052677917481
      vertex 1.2070903506165351 29.472767142039206 7.925715679594035
    endloop
  endfacet
  facet normal -0.9653655703464423 -0.25866892497514 -0.034054410021220276
    outer loop
      vertex 1.1564163539696424 29.655441034945607 7.974663001676554
      vertex 1.2070903506165351 29.472767142039206 7.925715679594035
      vertex 1.2070903506165351 29.46298742572618 8
    endloop
  endfacet
  facet normal -0.9653655703464422 -0.20698665518746673 -0.15882644667684576
    outer loop
      vertex 1.1564163539696424 29.665220751258634 7.951052677917481
      vertex 1.1564163539696424 29.680778033269053 7.930778033269057
      vertex 1.2070903506165351 29.5014398194733 7.856493712863092
    endloop
  endfacet
  facet normal -0.965365570346442 -0.15882644667683501 -0.20698665518747633
    outer loop
      vertex 1.1564163539696424 29.680778033269053 7.930778033269057
      vertex 1.1564163539696424 29.701052677917477 7.915220751258639
      vertex 1.2070903506165351 29.54705146244517 7.797051462445177
    endloop
  endfacet
  facet normal -0.9653655703464428 -0.0998424782983055 -0.24104106520868948
    outer loop
      vertex 1.1564163539696424 29.701052677917477 7.915220751258639
      vertex 1.1564163539696424 29.72466300167655 7.905441034945611
      vertex 1.2070903506165351 29.606493712863088 7.7514398194733065
    endloop
  endfacet
  facet normal -0.9653655703464423 -0.241041065208695 -0.09984247829829584
    outer loop
      vertex 1.1564163539696424 29.665220751258634 7.951052677917481
      vertex 1.2070903506165351 29.5014398194733 7.856493712863092
      vertex 1.2070903506165351 29.472767142039206 7.925715679594035
    endloop
  endfacet
  facet normal -0.9653655703464424 -0.20698665518746806 -0.15882644667684284
    outer loop
      vertex 1.1564163539696424 29.680778033269053 7.930778033269057
      vertex 1.2070903506165351 29.54705146244517 7.797051462445177
      vertex 1.2070903506165351 29.5014398194733 7.856493712863092
    endloop
  endfacet
  facet normal -0.8641551942546327 -0.49892023402452823 -0.06568409490621022
    outer loop
      vertex 1.2070903506165351 29.46298742572618 8
      vertex 1.2070903506165351 29.472767142039206 7.925715679594035
      vertex 1.3049849947815737 29.293428928243458 8
    endloop
  endfacet
  facet normal -0.8641551942546334 -0.49892023402452723 -0.06568409490620682
    outer loop
      vertex 1.2070903506165351 29.472767142039206 7.925715679594035
      vertex 1.3049849947815737 29.308986210253874 7.881830711186538
      vertex 1.3049849947815737 29.293428928243458 8
    endloop
  endfacet
  facet normal -0.8641551942546344 -0.4649196445804259 -0.19257602219888514
    outer loop
      vertex 1.2070903506165351 29.472767142039206 7.925715679594035
      vertex 1.2070903506165351 29.5014398194733 7.856493712863092
      vertex 1.3049849947815737 29.308986210253874 7.881830711186538
    endloop
  endfacet
  facet normal -1 0 0
    outer loop
      vertex 1.1564163539696424 29.665220751258634 7.951052677917481
      vertex 1.1564163539696424 29.745137277271358 8.097254454572738
      vertex 1.1564163539696424 29.680778033269053 7.930778033269057
    endloop
  endfacet
  facet normal -1 0 0
    outer loop
      vertex 1.1564163539696424 29.680778033269053 7.930778033269057
      vertex 1.1564163539696424 29.745137277271358 8.097254454572738
      vertex 1.1564163539696424 29.701052677917477 7.915220751258639
    endloop
  endfacet
  facet normal -1 0 0
    outer loop
      vertex 1.1564163539696424 29.701052677917477 7.915220751258639
      vertex 1.1564163539696424 29.745137277271358 8.097254454572738
      vertex 1.1564163539696424 29.72466300167655 7.905441034945611
    endloop
  endfacet
  facet normal -1 0 0
    outer loop
      vertex 1.1564163539696424 29.72466300167655 7.905441034945611
      vertex 1.1564163539696424 29.745137277271358 8.097254454572738
      vertex 1.1564163539696424 29.749999999999996 7.902105355834962
    endloop
  endfacet
  facet normal -1 0 0
    outer loop
      vertex 1.1564163539696424 29.749999999999996 7.902105355834962
      vertex 1.1564163539696424 29.745137277271358 8.097254454572738
      vertex 1.1564163539696424 29.754862722728635 7.902745545427262
    endloop
  endfacet
  facet normal -0.9653655703464423 -0.03405441002121482 -0.2586689249751414
    outer loop
      vertex 1.1564163539696424 29.72466300167655 7.905441034945611
      vertex 1.1564163539696424 29.749999999999996 7.902105355834962
      vertex 1.2070903506165351 29.67571567959403 7.72276714203921
    endloop
  endfacet
  facet normal -0.9653655703464425 -0.15882644667683976 -0.20698665518747028
    outer loop
      vertex 1.1564163539696424 29.701052677917477 7.915220751258639
      vertex 1.2070903506165351 29.606493712863088 7.7514398194733065
      vertex 1.2070903506165351 29.54705146244517 7.797051462445177
    endloop
  endfacet
  facet normal -0.9653655703464424 -0.09984247829830108 -0.2410410652086928
    outer loop
      vertex 1.1564163539696424 29.72466300167655 7.905441034945611
      vertex 1.2070903506165351 29.67571567959403 7.72276714203921
      vertex 1.2070903506165351 29.606493712863088 7.7514398194733065
    endloop
  endfacet
  facet normal -0.8641551942546323 -0.46491964458042606 -0.1925760221988946
    outer loop
      vertex 1.2070903506165351 29.5014398194733 7.856493712863092
      vertex 1.3049849947815737 29.354597853225744 7.771714464121731
      vertex 1.3049849947815737 29.308986210253874 7.881830711186538
    endloop
  endfacet
  facet normal -0.8641551942546317 -0.39923554967420744 -0.3063442118256406
    outer loop
      vertex 1.2070903506165351 29.5014398194733 7.856493712863092
      vertex 1.2070903506165351 29.54705146244517 7.797051462445177
      vertex 1.3049849947815737 29.354597853225744 7.771714464121731
    endloop
  endfacet
  facet normal -0.8641551942546338 -0.3063442118256327 -0.3992355496742091
    outer loop
      vertex 1.2070903506165351 29.54705146244517 7.797051462445177
      vertex 1.2070903506165351 29.606493712863088 7.7514398194733065
      vertex 1.3049849947815737 29.427155499067336 7.677155499067341
    endloop
  endfacet
  facet normal -0.8641551942546353 -0.1925760221988947 -0.4649196445804202
    outer loop
      vertex 1.2070903506165351 29.606493712863088 7.7514398194733065
      vertex 1.2070903506165351 29.67571567959403 7.72276714203921
      vertex 1.3049849947815737 29.521714464121725 7.604597853225748
    endloop
  endfacet
  facet normal -0.8641551942546338 -0.3992355496742097 -0.30634421182563215
    outer loop
      vertex 1.2070903506165351 29.54705146244517 7.797051462445177
      vertex 1.3049849947815737 29.427155499067336 7.677155499067341
      vertex 1.3049849947815737 29.354597853225744 7.771714464121731
    endloop
  endfacet
  facet normal -0.9653655703464433 0.0340544100211989 -0.25866892497513944
    outer loop
      vertex 1.1564163539696424 29.749999999999996 7.902105355834962
      vertex 1.1564163539696424 29.754862722728635 7.902745545427262
      vertex 1.2070903506165351 29.749999999999996 7.712987425726183
    endloop
  endfacet
  facet normal -0.9653655703464425 -0.034054410021220186 -0.2586689249751392
    outer loop
      vertex 1.1564163539696424 29.749999999999996 7.902105355834962
      vertex 1.2070903506165351 29.749999999999996 7.712987425726183
      vertex 1.2070903506165351 29.67571567959403 7.72276714203921
    endloop
  endfacet
  facet normal -0.9653655703464425 0.03405441002121899 -0.25866892497513977
    outer loop
      vertex 1.2070903506165351 29.749999999999996 7.712987425726183
      vertex 1.1564163539696424 29.754862722728635 7.902745545427262
      vertex 1.2070903506165351 29.764256781667978 7.714864366640331
    endloop
  endfacet
  facet normal -0.864155194254635 -0.3063442118256354 -0.3992355496742042
    outer loop
      vertex 1.2070903506165351 29.606493712863088 7.7514398194733065
      vertex 1.3049849947815737 29.521714464121725 7.604597853225748
      vertex 1.3049849947815737 29.427155499067336 7.677155499067341
    endloop
  endfacet
  facet normal -0.864155194254634 -0.19257602219889075 -0.4649196445804242
    outer loop
      vertex 1.2070903506165351 29.67571567959403 7.72276714203921
      vertex 1.3049849947815737 29.631830711186534 7.558986210253877
      vertex 1.3049849947815737 29.521714464121725 7.604597853225748
    endloop
  endfacet
  facet normal -0.8641551942546336 -0.06568409490621 -0.49892023402452657
    outer loop
      vertex 1.2070903506165351 29.67571567959403 7.72276714203921
      vertex 1.2070903506165351 29.749999999999996 7.712987425726183
      vertex 1.3049849947815737 29.631830711186534 7.558986210253877
    endloop
  endfacet
  facet normal -0.864155194254635 0.06568409490620729 -0.49892023402452446
    outer loop
      vertex 1.2070903506165351 29.749999999999996 7.712987425726183
      vertex 1.2070903506165351 29.764256781667978 7.714864366640331
      vertex 1.3049849947815737 29.749999999999996 7.5434289282434595
    endloop
  endfacet
  facet normal -0.8641551942546347 -0.06568409490621398 -0.4989202340245242
    outer loop
      vertex 1.2070903506165351 29.749999999999996 7.712987425726183
      vertex 1.3049849947815737 29.749999999999996 7.5434289282434595
      vertex 1.3049849947815737 29.631830711186534 7.558986210253877
    endloop
  endfacet
  facet normal -0.8641551942546332 0.06568409490622912 -0.49892023402452507
    outer loop
      vertex 1.3049849947815737 29.749999999999996 7.5434289282434595
      vertex 1.2070903506165351 29.764256781667978 7.714864366640331
      vertex 1.3049849947815737 29.7726792644971 7.546414710057949
    endloop
  endfacet
  facet normal -0.49678152337644776 -0.860450838749449 -0.11328050197251785
    outer loop
      vertex 1.4434289282434596 29.15498499478157 8
      vertex 1.4434289282434596 29.175259639429992 7.845998784527696
      vertex 1.6129874257261827 29.05709035061653 8
    endloop
  endfacet
  facet normal -0.49678152337643633 -0.8018125360509193 -0.3321216269130643
    outer loop
      vertex 1.4434289282434596 29.175259639429992 7.845998784527696
      vertex 1.4434289282434596 29.23470188984791 7.702492497390788
      vertex 1.6129874257261827 29.080700674375603 7.82066178620425
    endloop
  endfacet
  facet normal -0.704062592219638 -0.7040625922196369 -0.092691598723557
    outer loop
      vertex 1.3049849947815737 29.293428928243458 8
      vertex 1.3049849947815737 29.308986210253874 7.881830711186538
      vertex 1.4434289282434596 29.15498499478157 8
    endloop
  endfacet
  facet normal -0.7040625922196376 -0.7040625922196372 -0.09269159872355776
    outer loop
      vertex 1.3049849947815737 29.308986210253874 7.881830711186538
      vertex 1.4434289282434596 29.175259639429992 7.845998784527696
      vertex 1.4434289282434596 29.15498499478157 8
    endloop
  endfacet
  facet normal -0.704062592219638 -0.656081890078312 -0.27175801689781537
    outer loop
      vertex 1.3049849947815737 29.308986210253874 7.881830711186538
      vertex 1.3049849947815737 29.354597853225744 7.771714464121731
      vertex 1.4434289282434596 29.175259639429992 7.845998784527696
    endloop
  endfacet
  facet normal -0.7040625922196372 -0.5633902913547456 -0.43230457532182054
    outer loop
      vertex 1.3049849947815737 29.354597853225744 7.771714464121731
      vertex 1.3049849947815737 29.427155499067336 7.677155499067341
      vertex 1.4434289282434596 29.23470188984791 7.702492497390788
    endloop
  endfacet
  facet normal -0.7040625922196373 -0.6560818900783121 -0.271758016897817
    outer loop
      vertex 1.4434289282434596 29.175259639429992 7.845998784527696
      vertex 1.3049849947815737 29.354597853225744 7.771714464121731
      vertex 1.4434289282434596 29.23470188984791 7.702492497390788
    endloop
  endfacet
  facet normal -0.7040625922196376 -0.43230457532182703 -0.5633902913547402
    outer loop
      vertex 1.3049849947815737 29.427155499067336 7.677155499067341
      vertex 1.3049849947815737 29.521714464121725 7.604597853225748
      vertex 1.4434289282434596 29.329260854902298 7.5792608549023015
    endloop
  endfacet
  facet normal -0.704062592219637 -0.2717580168978121 -0.6560818900783146
    outer loop
      vertex 1.3049849947815737 29.521714464121725 7.604597853225748
      vertex 1.3049849947815737 29.631830711186534 7.558986210253877
      vertex 1.4434289282434596 29.452492497390782 7.484701889847912
    endloop
  endfacet
  facet normal -0.7040625922196363 -0.5633902913547452 -0.4323045753218226
    outer loop
      vertex 1.3049849947815737 29.427155499067336 7.677155499067341
      vertex 1.4434289282434596 29.329260854902298 7.5792608549023015
      vertex 1.4434289282434596 29.23470188984791 7.702492497390788
    endloop
  endfacet
  facet normal -0.7040625922196369 -0.43230457532182626 -0.5633902913547418
    outer loop
      vertex 1.3049849947815737 29.521714464121725 7.604597853225748
      vertex 1.4434289282434596 29.452492497390782 7.484701889847912
      vertex 1.4434289282434596 29.329260854902298 7.5792608549023015
    endloop
  endfacet
  facet normal -0.7040625922196344 -0.0926915987235679 -0.7040625922196392
    outer loop
      vertex 1.3049849947815737 29.631830711186534 7.558986210253877
      vertex 1.3049849947815737 29.749999999999996 7.5434289282434595
      vertex 1.4434289282434596 29.59599878452769 7.4252596394299974
    endloop
  endfacet
  facet normal -0.704062592219636 -0.27175801689781065 -0.6560818900783163
    outer loop
      vertex 1.3049849947815737 29.631830711186534 7.558986210253877
      vertex 1.4434289282434596 29.59599878452769 7.4252596394299974
      vertex 1.4434289282434596 29.452492497390782 7.484701889847912
    endloop
  endfacet
  facet normal -0.704062592219636 0.09269159872358859 -0.7040625922196349
    outer loop
      vertex 1.3049849947815737 29.749999999999996 7.5434289282434595
      vertex 1.3049849947815737 29.7726792644971 7.546414710057949
      vertex 1.4434289282434596 29.749999999999996 7.404984994781573
    endloop
  endfacet
  facet normal -0.7040625922196371 -0.09269159872357281 -0.704062592219636
    outer loop
      vertex 1.3049849947815737 29.749999999999996 7.5434289282434595
      vertex 1.4434289282434596 29.749999999999996 7.404984994781573
      vertex 1.4434289282434596 29.59599878452769 7.4252596394299974
    endloop
  endfacet
  facet normal -0.7040625922196383 0.09269159872357202 -0.7040625922196346
    outer loop
      vertex 1.4434289282434596 29.749999999999996 7.404984994781573
      vertex 1.3049849947815737 29.7726792644971 7.546414710057949
      vertex 1.4434289282434596 29.779556192929995 7.408876141399983
    endloop
  endfacet
  facet normal -0.49678152337644327 -0.6885320340783853 -0.5283292118363906
    outer loop
      vertex 1.4434289282434596 29.23470188984791 7.702492497390788
      vertex 1.4434289282434596 29.329260854902298 7.5792608549023015
      vertex 1.6129874257261827 29.149922641106546 7.653545175308267
    endloop
  endfacet
  facet normal -0.49678152337643344 -0.5283292118363989 -0.688532034078386
    outer loop
      vertex 1.4434289282434596 29.329260854902298 7.5792608549023015
      vertex 1.4434289282434596 29.452492497390782 7.484701889847912
      vertex 1.6129874257261827 29.403545175308263 7.399922641106551
    endloop
  endfacet
  facet normal -0.4967815233764368 -0.3321216269130557 -0.8018125360509225
    outer loop
      vertex 1.4434289282434596 29.452492497390782 7.484701889847912
      vertex 1.4434289282434596 29.59599878452769 7.4252596394299974
      vertex 1.6129874257261827 29.570661786204244 7.330700674375608
    endloop
  endfacet
  facet normal -0.49678152337643666 -0.11328050197253421 0.8604508387494532
    outer loop
      vertex 1.4434289282434596 29.59599878452769 8.574740360570003
      vertex 1.6129874257261827 29.570661786204244 8.669299325624392
      vertex 1.6129874257261827 29.71558108434136 8.688378313172755
    endloop
  endfacet
  facet normal -0.25675136523052494 -0.1261506264858829 0.9582091399530068
    outer loop
      vertex 1.6129874257261827 29.570661786204244 8.669299325624392
      vertex 1.8021053558349616 29.71306395383491 8.73872092330172
      vertex 1.6129874257261827 29.71558108434136 8.688378313172755
    endloop
  endfacet
  facet normal -0.2567513652305228 -0.3698549227364078 0.8929087705806839
    outer loop
      vertex 1.6129874257261827 29.570661786204244 8.669299325624392
      vertex 1.6129874257261827 29.403545175308263 8.600077358893449
      vertex 1.8021053558349616 29.55754639078057 8.718246647706911
    endloop
  endfacet
  facet normal -0.2567513652305251 -0.12615062648588268 0.9582091399530068
    outer loop
      vertex 1.6129874257261827 29.570661786204244 8.669299325624392
      vertex 1.8021053558349616 29.55754639078057 8.718246647706911
      vertex 1.8021053558349616 29.71306395383491 8.73872092330172
    endloop
  endfacet
  facet normal -0.25675136523052855 -0.3698549227364015 0.892908770580685
    outer loop
      vertex 1.6129874257261827 29.403545175308263 8.600077358893449
      vertex 1.8021053558349616 29.378208176984817 8.643962327300946
      vertex 1.8021053558349616 29.55754639078057 8.718246647706911
    endloop
  endfacet
  facet normal 0 -0.13052619222005038 0.9914448613738106
    outer loop
      vertex 1.8021053558349616 29.55754639078057 8.718246647706911
      vertex 1.9978946441650387 29.71306395383491 8.73872092330172
      vertex 1.8021053558349616 29.71306395383491 8.73872092330172
    endloop
  endfacet
  facet normal 0 -0.3826834323650857 0.9238795325112885
    outer loop
      vertex 1.8021053558349616 29.55754639078057 8.718246647706911
      vertex 1.8021053558349616 29.378208176984817 8.643962327300946
      vertex 1.9978946441650387 29.55754639078057 8.718246647706911
    endloop
  endfacet
  facet normal 0 -0.13052619222005038 0.9914448613738106
    outer loop
      vertex 1.8021053558349616 29.55754639078057 8.718246647706911
      vertex 1.9978946441650387 29.55754639078057 8.718246647706911
      vertex 1.9978946441650387 29.71306395383491 8.73872092330172
    endloop
  endfacet
  facet normal 0 -0.3826834323650857 0.9238795325112885
    outer loop
      vertex 1.8021053558349616 29.378208176984817 8.643962327300946
      vertex 1.9978946441650387 29.378208176984817 8.643962327300946
      vertex 1.9978946441650387 29.55754639078057 8.718246647706911
    endloop
  endfacet
  facet normal 0.25675136523052494 -0.12615062648588268 0.9582091399530068
    outer loop
      vertex 1.9978946441650387 29.55754639078057 8.718246647706911
      vertex 2.1870125742738176 29.71558108434136 8.688378313172755
      vertex 1.9978946441650387 29.71306395383491 8.73872092330172
    endloop
  endfacet
  facet normal 0.25675136523052855 -0.3698549227364016 0.892908770580685
    outer loop
      vertex 1.9978946441650387 29.55754639078057 8.718246647706911
      vertex 1.9978946441650387 29.378208176984817 8.643962327300946
      vertex 2.1870125742738176 29.403545175308263 8.600077358893449
    endloop
  endfacet
  facet normal 0.25675136523052505 -0.12615062648588288 0.9582091399530067
    outer loop
      vertex 1.9978946441650387 29.55754639078057 8.718246647706911
      vertex 2.1870125742738176 29.570661786204244 8.669299325624392
      vertex 2.1870125742738176 29.71558108434136 8.688378313172755
    endloop
  endfacet
  facet normal 0.2567513652305227 -0.36985492273640774 0.8929087705806839
    outer loop
      vertex 1.9978946441650387 29.55754639078057 8.718246647706911
      vertex 2.1870125742738176 29.403545175308263 8.600077358893449
      vertex 2.1870125742738176 29.570661786204244 8.669299325624392
    endloop
  endfacet
  facet normal 0.49678152337643555 -0.11328050197253434 0.8604508387494539
    outer loop
      vertex 2.1870125742738176 29.570661786204244 8.669299325624392
      vertex 2.3565710717565405 29.720443807069998 8.591123858600017
      vertex 2.1870125742738176 29.71558108434136 8.688378313172755
    endloop
  endfacet
  facet normal -0.256751365230515 -0.7667581440947988 0.5883542172166073
    outer loop
      vertex 1.6129874257261827 29.260038888171355 8.489961111828642
      vertex 1.6129874257261827 29.149922641106546 8.346454824691733
      vertex 1.8021053558349616 29.106037672699053 8.37179182301518
    endloop
  endfacet
  facet normal -0.49678152337643383 -0.3321216269130602 0.8018125360509224
    outer loop
      vertex 1.4434289282434596 29.452492497390782 8.515298110152088
      vertex 1.6129874257261827 29.403545175308263 8.600077358893449
      vertex 1.6129874257261827 29.570661786204244 8.669299325624392
    endloop
  endfacet
  facet normal -0.4967815233764369 -0.5283292118363941 0.6885320340783873
    outer loop
      vertex 1.4434289282434596 29.329260854902298 8.420739145097698
      vertex 1.6129874257261827 29.260038888171355 8.489961111828642
      vertex 1.6129874257261827 29.403545175308263 8.600077358893449
    endloop
  endfacet
  facet normal -0.25675136523052866 -0.5883542172165991 0.7667581440948005
    outer loop
      vertex 1.6129874257261827 29.403545175308263 8.600077358893449
      vertex 1.6129874257261827 29.260038888171355 8.489961111828642
      vertex 1.8021053558349616 29.378208176984817 8.643962327300946
    endloop
  endfacet
  facet normal -0.49678152337643716 -0.6885320340783829 0.5283292118363994
    outer loop
      vertex 1.4434289282434596 29.329260854902298 8.420739145097698
      vertex 1.6129874257261827 29.149922641106546 8.346454824691733
      vertex 1.6129874257261827 29.260038888171355 8.489961111828642
    endloop
  endfacet
  facet normal -0.25675136523052206 -0.5883542172166056 0.7667581440947974
    outer loop
      vertex 1.8021053558349616 29.378208176984817 8.643962327300946
      vertex 1.6129874257261827 29.260038888171355 8.489961111828642
      vertex 1.8021053558349616 29.224206961512515 8.525793038487484
    endloop
  endfacet
  facet normal -0.2567513652305203 -0.7667581440948011 0.5883542172166017
    outer loop
      vertex 1.6129874257261827 29.260038888171355 8.489961111828642
      vertex 1.8021053558349616 29.106037672699053 8.37179182301518
      vertex 1.8021053558349616 29.224206961512515 8.525793038487484
    endloop
  endfacet
  facet normal -0.4967815233764425 -0.801812536050919 0.33212162691305525
    outer loop
      vertex 1.4434289282434596 29.23470188984791 8.297507502609212
      vertex 1.6129874257261827 29.080700674375603 8.17933821379575
      vertex 1.6129874257261827 29.149922641106546 8.346454824691733
    endloop
  endfacet
  facet normal -0.25675136523052616 -0.8929087705806845 0.3698549227364042
    outer loop
      vertex 1.6129874257261827 29.149922641106546 8.346454824691733
      vertex 1.6129874257261827 29.080700674375603 8.17933821379575
      vertex 1.8021053558349616 29.031753352293084 8.192453609219427
    endloop
  endfacet
  facet normal -0.49678152337643655 -0.8604508387494534 0.1132805019725334
    outer loop
      vertex 1.4434289282434596 29.175259639429992 8.154001215472304
      vertex 1.6129874257261827 29.05709035061653 8
      vertex 1.6129874257261827 29.080700674375603 8.17933821379575
    endloop
  endfacet
  facet normal -0.25675136523052833 -0.9582091399530059 0.1261506264858819
    outer loop
      vertex 1.6129874257261827 29.080700674375603 8.17933821379575
      vertex 1.6129874257261827 29.05709035061653 8
      vertex 1.8021053558349616 29.006416353969637 8
    endloop
  endfacet
  facet normal -0.25675136523051345 -0.8929087705806824 0.3698549227364182
    outer loop
      vertex 1.8021053558349616 29.106037672699053 8.37179182301518
      vertex 1.6129874257261827 29.149922641106546 8.346454824691733
      vertex 1.8021053558349616 29.031753352293084 8.192453609219427
    endloop
  endfacet
  facet normal -0.2567513652305262 -0.9582091399530063 0.12615062648588432
    outer loop
      vertex 1.8021053558349616 29.031753352293084 8.192453609219427
      vertex 1.6129874257261827 29.080700674375603 8.17933821379575
      vertex 1.8021053558349616 29.006416353969637 8
    endloop
  endfacet
  facet normal 0 -0.7933533402912349 0.6087614290087208
    outer loop
      vertex 1.8021053558349616 29.224206961512515 8.525793038487484
      vertex 1.8021053558349616 29.106037672699053 8.37179182301518
      vertex 1.9978946441650387 29.106037672699053 8.37179182301518
    endloop
  endfacet
  facet normal 0 -0.923879532511282 0.3826834323651013
    outer loop
      vertex 1.8021053558349616 29.106037672699053 8.37179182301518
      vertex 1.9978946441650387 29.031753352293084 8.192453609219427
      vertex 1.9978946441650387 29.106037672699053 8.37179182301518
    endloop
  endfacet
  facet normal 0 -0.6087614290087253 0.7933533402912316
    outer loop
      vertex 1.8021053558349616 29.378208176984817 8.643962327300946
      vertex 1.8021053558349616 29.224206961512515 8.525793038487484
      vertex 1.9978946441650387 29.378208176984817 8.643962327300946
    endloop
  endfacet
  facet normal 0 -0.6087614290087253 0.7933533402912316
    outer loop
      vertex 1.8021053558349616 29.224206961512515 8.525793038487484
      vertex 1.9978946441650387 29.224206961512515 8.525793038487484
      vertex 1.9978946441650387 29.378208176984817 8.643962327300946
    endloop
  endfacet
  facet normal 0 -0.7933533402912349 0.6087614290087208
    outer loop
      vertex 1.8021053558349616 29.224206961512515 8.525793038487484
      vertex 1.9978946441650387 29.106037672699053 8.37179182301518
      vertex 1.9978946441650387 29.224206961512515 8.525793038487484
    endloop
  endfacet
  facet normal 0.25675136523052206 -0.5883542172166056 0.7667581440947974
    outer loop
      vertex 1.9978946441650387 29.378208176984817 8.643962327300946
      vertex 1.9978946441650387 29.224206961512515 8.525793038487484
      vertex 2.1870125742738176 29.260038888171355 8.489961111828642
    endloop
  endfacet
  facet normal 0.2567513652305203 -0.7667581440948011 0.5883542172166017
    outer loop
      vertex 1.9978946441650387 29.224206961512515 8.525793038487484
      vertex 1.9978946441650387 29.106037672699053 8.37179182301518
      vertex 2.1870125742738176 29.260038888171355 8.489961111828642
    endloop
  endfacet
  facet normal 0 -0.923879532511282 0.3826834323651013
    outer loop
      vertex 1.8021053558349616 29.106037672699053 8.37179182301518
      vertex 1.8021053558349616 29.031753352293084 8.192453609219427
      vertex 1.9978946441650387 29.031753352293084 8.192453609219427
    endloop
  endfacet
  facet normal 0 -0.9914448613738104 0.1305261922200521
    outer loop
      vertex 1.8021053558349616 29.031753352293084 8.192453609219427
      vertex 1.8021053558349616 29.006416353969637 8
      vertex 1.9978946441650387 29.006416353969637 8
    endloop
  endfacet
  facet normal 0 -0.9914448613738104 0.1305261922200521
    outer loop
      vertex 1.8021053558349616 29.031753352293084 8.192453609219427
      vertex 1.9978946441650387 29.006416353969637 8
      vertex 1.9978946441650387 29.031753352293084 8.192453609219427
    endloop
  endfacet
  facet normal 0.25675136523051345 -0.8929087705806824 0.3698549227364182
    outer loop
      vertex 1.9978946441650387 29.106037672699053 8.37179182301518
      vertex 1.9978946441650387 29.031753352293084 8.192453609219427
      vertex 2.1870125742738176 29.149922641106546 8.346454824691733
    endloop
  endfacet
  facet normal 0.2567513652305262 -0.9582091399530063 0.12615062648588432
    outer loop
      vertex 1.9978946441650387 29.031753352293084 8.192453609219427
      vertex 1.9978946441650387 29.006416353969637 8
      vertex 2.1870125742738176 29.080700674375603 8.17933821379575
    endloop
  endfacet
  facet normal -0.49678152337643655 -0.8604508387494534 -0.1132805019725334
    outer loop
      vertex 1.4434289282434596 29.175259639429992 7.845998784527696
      vertex 1.6129874257261827 29.080700674375603 7.82066178620425
      vertex 1.6129874257261827 29.05709035061653 8
    endloop
  endfacet
  facet normal -0.25675136523052833 -0.9582091399530059 -0.1261506264858819
    outer loop
      vertex 1.6129874257261827 29.05709035061653 8
      vertex 1.6129874257261827 29.080700674375603 7.82066178620425
      vertex 1.8021053558349616 29.006416353969637 8
    endloop
  endfacet
  facet normal -0.4967815233764425 -0.801812536050919 -0.33212162691305525
    outer loop
      vertex 1.4434289282434596 29.23470188984791 7.702492497390788
      vertex 1.6129874257261827 29.149922641106546 7.653545175308267
      vertex 1.6129874257261827 29.080700674375603 7.82066178620425
    endloop
  endfacet
  facet normal -0.25675136523052616 -0.8929087705806845 -0.3698549227364042
    outer loop
      vertex 1.6129874257261827 29.080700674375603 7.82066178620425
      vertex 1.6129874257261827 29.149922641106546 7.653545175308267
      vertex 1.8021053558349616 29.031753352293084 7.807546390780573
    endloop
  endfacet
  facet normal -0.2567513652305262 -0.9582091399530063 -0.12615062648588432
    outer loop
      vertex 1.6129874257261827 29.080700674375603 7.82066178620425
      vertex 1.8021053558349616 29.031753352293084 7.807546390780573
      vertex 1.8021053558349616 29.006416353969637 8
    endloop
  endfacet
  facet normal -0.2567513652305134 -0.8929087705806824 -0.3698549227364181
    outer loop
      vertex 1.6129874257261827 29.149922641106546 7.653545175308267
      vertex 1.8021053558349616 29.106037672699053 7.6282081769848205
      vertex 1.8021053558349616 29.031753352293084 7.807546390780573
    endloop
  endfacet
  facet normal -0.25675136523051495 -0.7667581440947988 -0.5883542172166073
    outer loop
      vertex 1.6129874257261827 29.149922641106546 7.653545175308267
      vertex 1.6129874257261827 29.260038888171355 7.5100388881713585
      vertex 1.8021053558349616 29.106037672699053 7.6282081769848205
    endloop
  endfacet
  facet normal -0.49678152337643705 -0.6885320340783829 -0.5283292118363992
    outer loop
      vertex 1.6129874257261827 29.149922641106546 7.653545175308267
      vertex 1.4434289282434596 29.329260854902298 7.5792608549023015
      vertex 1.6129874257261827 29.260038888171355 7.5100388881713585
    endloop
  endfacet
  facet normal -0.4967815233764369 -0.5283292118363941 -0.6885320340783873
    outer loop
      vertex 1.4434289282434596 29.329260854902298 7.5792608549023015
      vertex 1.6129874257261827 29.403545175308263 7.399922641106551
      vertex 1.6129874257261827 29.260038888171355 7.5100388881713585
    endloop
  endfacet
  facet normal -0.49678152337643383 -0.3321216269130602 -0.8018125360509224
    outer loop
      vertex 1.4434289282434596 29.452492497390782 7.484701889847912
      vertex 1.6129874257261827 29.570661786204244 7.330700674375608
      vertex 1.6129874257261827 29.403545175308263 7.399922641106551
    endloop
  endfacet
  facet normal -0.25675136523052866 -0.5883542172165991 -0.7667581440948005
    outer loop
      vertex 1.6129874257261827 29.260038888171355 7.5100388881713585
      vertex 1.6129874257261827 29.403545175308263 7.399922641106551
      vertex 1.8021053558349616 29.378208176984817 7.356037672699054
    endloop
  endfacet
  facet normal -0.2567513652305203 -0.7667581440948011 -0.5883542172166017
    outer loop
      vertex 1.6129874257261827 29.260038888171355 7.5100388881713585
      vertex 1.8021053558349616 29.224206961512515 7.474206961512516
      vertex 1.8021053558349616 29.106037672699053 7.6282081769848205
    endloop
  endfacet
  facet normal -0.25675136523052206 -0.5883542172166056 -0.7667581440947974
    outer loop
      vertex 1.6129874257261827 29.260038888171355 7.5100388881713585
      vertex 1.8021053558349616 29.378208176984817 7.356037672699054
      vertex 1.8021053558349616 29.224206961512515 7.474206961512516
    endloop
  endfacet
  facet normal 0 -0.9914448613738104 -0.1305261922200521
    outer loop
      vertex 1.8021053558349616 29.006416353969637 8
      vertex 1.8021053558349616 29.031753352293084 7.807546390780573
      vertex 1.9978946441650387 29.031753352293084 7.807546390780573
    endloop
  endfacet
  facet normal 0 -0.9914448613738104 -0.1305261922200521
    outer loop
      vertex 1.8021053558349616 29.006416353969637 8
      vertex 1.9978946441650387 29.031753352293084 7.807546390780573
      vertex 1.9978946441650387 29.006416353969637 8
    endloop
  endfacet
  facet normal 0 -0.923879532511282 -0.3826834323651013
    outer loop
      vertex 1.8021053558349616 29.031753352293084 7.807546390780573
      vertex 1.9978946441650387 29.106037672699053 7.6282081769848205
      vertex 1.9978946441650387 29.031753352293084 7.807546390780573
    endloop
  endfacet
  facet normal 0.2567513652305262 -0.9582091399530063 -0.12615062648588432
    outer loop
      vertex 1.9978946441650387 29.006416353969637 8
      vertex 1.9978946441650387 29.031753352293084 7.807546390780573
      vertex 2.1870125742738176 29.080700674375603 7.82066178620425
    endloop
  endfacet
  facet normal 0.2567513652305134 -0.8929087705806824 -0.3698549227364182
    outer loop
      vertex 1.9978946441650387 29.031753352293084 7.807546390780573
      vertex 1.9978946441650387 29.106037672699053 7.6282081769848205
      vertex 2.1870125742738176 29.149922641106546 7.653545175308267
    endloop
  endfacet
  facet normal 0 -0.923879532511282 -0.3826834323651013
    outer loop
      vertex 1.8021053558349616 29.031753352293084 7.807546390780573
      vertex 1.8021053558349616 29.106037672699053 7.6282081769848205
      vertex 1.9978946441650387 29.106037672699053 7.6282081769848205
    endloop
  endfacet
  facet normal 0 -0.7933533402912349 -0.6087614290087208
    outer loop
      vertex 1.8021053558349616 29.106037672699053 7.6282081769848205
      vertex 1.9978946441650387 29.224206961512515 7.474206961512516
      vertex 1.9978946441650387 29.106037672699053 7.6282081769848205
    endloop
  endfacet
  facet normal 0 -0.7933533402912349 -0.6087614290087208
    outer loop
      vertex 1.8021053558349616 29.106037672699053 7.6282081769848205
      vertex 1.8021053558349616 29.224206961512515 7.474206961512516
      vertex 1.9978946441650387 29.224206961512515 7.474206961512516
    endloop
  endfacet
  facet normal 0 -0.6087614290087253 -0.7933533402912316
    outer loop
      vertex 1.8021053558349616 29.224206961512515 7.474206961512516
      vertex 1.8021053558349616 29.378208176984817 7.356037672699054
      vertex 1.9978946441650387 29.224206961512515 7.474206961512516
    endloop
  endfacet
  facet normal 0 -0.6087614290087253 -0.7933533402912316
    outer loop
      vertex 1.8021053558349616 29.378208176984817 7.356037672699054
      vertex 1.9978946441650387 29.378208176984817 7.356037672699054
      vertex 1.9978946441650387 29.224206961512515 7.474206961512516
    endloop
  endfacet
  facet normal 0.25675136523052033 -0.7667581440948011 -0.5883542172166017
    outer loop
      vertex 1.9978946441650387 29.106037672699053 7.6282081769848205
      vertex 1.9978946441650387 29.224206961512515 7.474206961512516
      vertex 2.1870125742738176 29.260038888171355 7.5100388881713585
    endloop
  endfacet
  facet normal 0.25675136523052206 -0.5883542172166056 -0.7667581440947974
    outer loop
      vertex 1.9978946441650387 29.224206961512515 7.474206961512516
      vertex 1.9978946441650387 29.378208176984817 7.356037672699054
      vertex 2.1870125742738176 29.260038888171355 7.5100388881713585
    endloop
  endfacet
  facet normal 0.256751365230515 -0.7667581440947988 0.5883542172166073
    outer loop
      vertex 1.9978946441650387 29.106037672699053 8.37179182301518
      vertex 2.1870125742738176 29.149922641106546 8.346454824691733
      vertex 2.1870125742738176 29.260038888171355 8.489961111828642
    endloop
  endfacet
  facet normal 0.2567513652305287 -0.5883542172165991 0.7667581440948005
    outer loop
      vertex 1.9978946441650387 29.378208176984817 8.643962327300946
      vertex 2.1870125742738176 29.260038888171355 8.489961111828642
      vertex 2.1870125742738176 29.403545175308263 8.600077358893449
    endloop
  endfacet
  facet normal 0.4967815233764343 -0.33212162691306 0.8018125360509222
    outer loop
      vertex 2.1870125742738176 29.570661786204244 8.669299325624392
      vertex 2.1870125742738176 29.403545175308263 8.600077358893449
      vertex 2.3565710717565405 29.452492497390782 8.515298110152088
    endloop
  endfacet
  facet normal 0.4967815233764373 -0.5283292118363939 0.688532034078387
    outer loop
      vertex 2.1870125742738176 29.403545175308263 8.600077358893449
      vertex 2.1870125742738176 29.260038888171355 8.489961111828642
      vertex 2.3565710717565405 29.329260854902298 8.420739145097698
    endloop
  endfacet
  facet normal 0.4967815233764373 -0.33212162691305563 0.8018125360509222
    outer loop
      vertex 2.1870125742738176 29.570661786204244 8.669299325624392
      vertex 2.3565710717565405 29.452492497390782 8.515298110152088
      vertex 2.3565710717565405 29.59599878452769 8.574740360570003
    endloop
  endfacet
  facet normal 0.4967815233764373 -0.11328050197253693 0.8604508387494525
    outer loop
      vertex 2.1870125742738176 29.570661786204244 8.669299325624392
      vertex 2.3565710717565405 29.59599878452769 8.574740360570003
      vertex 2.3565710717565405 29.720443807069998 8.591123858600017
    endloop
  endfacet
  facet normal 0.49678152337643383 -0.5283292118363987 0.6885320340783858
    outer loop
      vertex 2.1870125742738176 29.403545175308263 8.600077358893449
      vertex 2.3565710717565405 29.329260854902298 8.420739145097698
      vertex 2.3565710717565405 29.452492497390782 8.515298110152088
    endloop
  endfacet
  facet normal 0.49678152337643755 -0.6885320340783827 0.5283292118363991
    outer loop
      vertex 2.1870125742738176 29.260038888171355 8.489961111828642
      vertex 2.1870125742738176 29.149922641106546 8.346454824691733
      vertex 2.3565710717565405 29.329260854902298 8.420739145097698
    endloop
  endfacet
  facet normal 0.4967815233764439 -0.688532034078385 0.5283292118363904
    outer loop
      vertex 2.3565710717565405 29.329260854902298 8.420739145097698
      vertex 2.1870125742738176 29.149922641106546 8.346454824691733
      vertex 2.3565710717565405 29.23470188984791 8.297507502609212
    endloop
  endfacet
  facet normal 0.25675136523052616 -0.8929087705806845 0.36985492273640413
    outer loop
      vertex 1.9978946441650387 29.031753352293084 8.192453609219427
      vertex 2.1870125742738176 29.080700674375603 8.17933821379575
      vertex 2.1870125742738176 29.149922641106546 8.346454824691733
    endloop
  endfacet
  facet normal 0.25675136523052833 -0.9582091399530059 0.1261506264858819
    outer loop
      vertex 2.1870125742738176 29.080700674375603 8.17933821379575
      vertex 1.9978946441650387 29.006416353969637 8
      vertex 2.1870125742738176 29.05709035061653 8
    endloop
  endfacet
  facet normal 0.4967815233764431 -0.801812536050919 0.33212162691305513
    outer loop
      vertex 2.1870125742738176 29.149922641106546 8.346454824691733
      vertex 2.1870125742738176 29.080700674375603 8.17933821379575
      vertex 2.3565710717565405 29.23470188984791 8.297507502609212
    endloop
  endfacet
  facet normal 0.4967815233764368 -0.801812536050919 0.33212162691306424
    outer loop
      vertex 2.1870125742738176 29.080700674375603 8.17933821379575
      vertex 2.3565710717565405 29.175259639429992 8.154001215472304
      vertex 2.3565710717565405 29.23470188984791 8.297507502609212
    endloop
  endfacet
  facet normal 0.49678152337643716 -0.860450838749453 0.11328050197253345
    outer loop
      vertex 2.1870125742738176 29.080700674375603 8.17933821379575
      vertex 2.1870125742738176 29.05709035061653 8
      vertex 2.3565710717565405 29.175259639429992 8.154001215472304
    endloop
  endfacet
  facet normal 0.4967815233764483 -0.8604508387494487 0.11328050197251782
    outer loop
      vertex 2.3565710717565405 29.175259639429992 8.154001215472304
      vertex 2.1870125742738176 29.05709035061653 8
      vertex 2.3565710717565405 29.15498499478157 8
    endloop
  endfacet
  facet normal 0.704062592219638 -0.09269159872357283 0.7040625922196351
    outer loop
      vertex 2.3565710717565405 29.59599878452769 8.574740360570003
      vertex 2.4950150052184266 29.727320735502893 8.453585289942051
      vertex 2.3565710717565405 29.720443807069998 8.591123858600017
    endloop
  endfacet
  facet normal 0.7040625922196354 -0.2717580168978109 0.6560818900783169
    outer loop
      vertex 2.3565710717565405 29.59599878452769 8.574740360570003
      vertex 2.3565710717565405 29.452492497390782 8.515298110152088
      vertex 2.4950150052184266 29.631830711186534 8.441013789746123
    endloop
  endfacet
  facet normal 0.7040625922196336 -0.09269159872356306 0.7040625922196407
    outer loop
      vertex 2.3565710717565405 29.59599878452769 8.574740360570003
      vertex 2.4950150052184266 29.631830711186534 8.441013789746123
      vertex 2.4950150052184266 29.727320735502893 8.453585289942051
    endloop
  endfacet
  facet normal 0.7040625922196363 -0.43230457532182653 0.5633902913547423
    outer loop
      vertex 2.3565710717565405 29.452492497390782 8.515298110152088
      vertex 2.3565710717565405 29.329260854902298 8.420739145097698
      vertex 2.4950150052184266 29.521714464121725 8.395402146774252
    endloop
  endfacet
  facet normal 0.7040625922196357 -0.5633902913547457 0.4323045753218229
    outer loop
      vertex 2.3565710717565405 29.329260854902298 8.420739145097698
      vertex 2.3565710717565405 29.23470188984791 8.297507502609212
      vertex 2.4950150052184266 29.427155499067336 8.322844500932659
    endloop
  endfacet
  facet normal 0.7040625922196364 -0.27175801689781226 0.6560818900783151
    outer loop
      vertex 2.3565710717565405 29.452492497390782 8.515298110152088
      vertex 2.4950150052184266 29.521714464121725 8.395402146774252
      vertex 2.4950150052184266 29.631830711186534 8.441013789746123
    endloop
  endfacet
  facet normal 0.7040625922196371 -0.4323045753218273 0.5633902913547405
    outer loop
      vertex 2.3565710717565405 29.329260854902298 8.420739145097698
      vertex 2.4950150052184266 29.427155499067336 8.322844500932659
      vertex 2.4950150052184266 29.521714464121725 8.395402146774252
    endloop
  endfacet
  facet normal 0.8641551942546345 -0.19257602219889042 0.46491964458042334
    outer loop
      vertex 2.4950150052184266 29.631830711186534 8.441013789746123
      vertex 2.4950150052184266 29.521714464121725 8.395402146774252
      vertex 2.592909649383465 29.67571567959403 8.27723285796079
    endloop
  endfacet
  facet normal 0.8641551942546356 -0.3063442118256349 0.3992355496742035
    outer loop
      vertex 2.4950150052184266 29.521714464121725 8.395402146774252
      vertex 2.4950150052184266 29.427155499067336 8.322844500932659
      vertex 2.592909649383465 29.606493712863088 8.248560180526693
    endloop
  endfacet
  facet normal 0.8641551942546343 -0.06568409490621421 0.4989202340245247
    outer loop
      vertex 2.4950150052184266 29.631830711186534 8.441013789746123
      vertex 2.592909649383465 29.67571567959403 8.27723285796079
      vertex 2.592909649383465 29.73574321833201 8.285135633359669
    endloop
  endfacet
  facet normal 0.8641551942546359 -0.1925760221988944 0.4649196445804194
    outer loop
      vertex 2.4950150052184266 29.521714464121725 8.395402146774252
      vertex 2.592909649383465 29.606493712863088 8.248560180526693
      vertex 2.592909649383465 29.67571567959403 8.27723285796079
    endloop
  endfacet
  facet normal 0.8641551942546336 -0.06568409490621067 0.4989202340245265
    outer loop
      vertex 2.4950150052184266 29.631830711186534 8.441013789746123
      vertex 2.592909649383465 29.73574321833201 8.285135633359669
      vertex 2.4950150052184266 29.727320735502893 8.453585289942051
    endloop
  endfacet
  facet normal 0.7040625922196367 -0.6560818900783126 0.27175801689781726
    outer loop
      vertex 2.3565710717565405 29.23470188984791 8.297507502609212
      vertex 2.3565710717565405 29.175259639429992 8.154001215472304
      vertex 2.4950150052184266 29.354597853225744 8.22828553587827
    endloop
  endfacet
  facet normal 0.7040625922196366 -0.563390291354746 0.4323045753218209
    outer loop
      vertex 2.3565710717565405 29.23470188984791 8.297507502609212
      vertex 2.4950150052184266 29.354597853225744 8.22828553587827
      vertex 2.4950150052184266 29.427155499067336 8.322844500932659
    endloop
  endfacet
  facet normal 0.7040625922196375 -0.6560818900783126 0.27175801689781565
    outer loop
      vertex 2.4950150052184266 29.354597853225744 8.22828553587827
      vertex 2.3565710717565405 29.175259639429992 8.154001215472304
      vertex 2.4950150052184266 29.308986210253874 8.118169288813462
    endloop
  endfacet
  facet normal 0.7040625922196372 -0.7040625922196376 0.09269159872355785
    outer loop
      vertex 2.3565710717565405 29.175259639429992 8.154001215472304
      vertex 2.3565710717565405 29.15498499478157 8
      vertex 2.4950150052184266 29.308986210253874 8.118169288813462
    endloop
  endfacet
  facet normal 0.7040625922196375 -0.7040625922196375 0.09269159872355708
    outer loop
      vertex 2.4950150052184266 29.308986210253874 8.118169288813462
      vertex 2.3565710717565405 29.15498499478157 8
      vertex 2.4950150052184266 29.293428928243458 8
    endloop
  endfacet
  facet normal 0.8641551942546343 -0.399235549674209 0.30634421182563165
    outer loop
      vertex 2.4950150052184266 29.427155499067336 8.322844500932659
      vertex 2.4950150052184266 29.354597853225744 8.22828553587827
      vertex 2.592909649383465 29.54705146244517 8.202948537554823
    endloop
  endfacet
  facet normal 0.8641551942546327 -0.46491964458042534 0.19257602219889433
    outer loop
      vertex 2.4950150052184266 29.354597853225744 8.22828553587827
      vertex 2.4950150052184266 29.308986210253874 8.118169288813462
      vertex 2.592909649383465 29.5014398194733 8.143506287136908
    endloop
  endfacet
  facet normal 0.8641551942546345 -0.3063442118256323 0.3992355496742084
    outer loop
      vertex 2.4950150052184266 29.427155499067336 8.322844500932659
      vertex 2.592909649383465 29.54705146244517 8.202948537554823
      vertex 2.592909649383465 29.606493712863088 8.248560180526693
    endloop
  endfacet
  facet normal 0.8641551942546323 -0.3992355496742068 0.3063442118256402
    outer loop
      vertex 2.4950150052184266 29.354597853225744 8.22828553587827
      vertex 2.592909649383465 29.5014398194733 8.143506287136908
      vertex 2.592909649383465 29.54705146244517 8.202948537554823
    endloop
  endfacet
  facet normal 0.8641551942546339 -0.4989202340245264 0.06568409490620673
    outer loop
      vertex 2.4950150052184266 29.308986210253874 8.118169288813462
      vertex 2.4950150052184266 29.293428928243458 8
      vertex 2.592909649383465 29.472767142039206 8.074284320405965
    endloop
  endfacet
  facet normal 0.8641551942546349 -0.4649196445804252 0.19257602219888487
    outer loop
      vertex 2.4950150052184266 29.308986210253874 8.118169288813462
      vertex 2.592909649383465 29.472767142039206 8.074284320405965
      vertex 2.592909649383465 29.5014398194733 8.143506287136908
    endloop
  endfacet
  facet normal 0.864155194254633 -0.49892023402452734 0.06568409490621009
    outer loop
      vertex 2.592909649383465 29.472767142039206 8.074284320405965
      vertex 2.4950150052184266 29.293428928243458 8
      vertex 2.592909649383465 29.46298742572618 8
    endloop
  endfacet
  facet normal 0.25675136523052833 -0.9582091399530059 -0.12615062648588193
    outer loop
      vertex 1.9978946441650387 29.006416353969637 8
      vertex 2.1870125742738176 29.080700674375603 7.82066178620425
      vertex 2.1870125742738176 29.05709035061653 8
    endloop
  endfacet
  facet normal 0.25675136523052616 -0.8929087705806845 -0.3698549227364042
    outer loop
      vertex 2.1870125742738176 29.080700674375603 7.82066178620425
      vertex 1.9978946441650387 29.031753352293084 7.807546390780573
      vertex 2.1870125742738176 29.149922641106546 7.653545175308267
    endloop
  endfacet
  facet normal 0.49678152337643716 -0.860450838749453 -0.11328050197253345
    outer loop
      vertex 2.1870125742738176 29.05709035061653 8
      vertex 2.1870125742738176 29.080700674375603 7.82066178620425
      vertex 2.3565710717565405 29.175259639429992 7.845998784527696
    endloop
  endfacet
  facet normal 0.49678152337644826 -0.8604508387494487 -0.11328050197251782
    outer loop
      vertex 2.1870125742738176 29.05709035061653 8
      vertex 2.3565710717565405 29.175259639429992 7.845998784527696
      vertex 2.3565710717565405 29.15498499478157 8
    endloop
  endfacet
  facet normal 0.4967815233764431 -0.801812536050919 -0.33212162691305513
    outer loop
      vertex 2.1870125742738176 29.080700674375603 7.82066178620425
      vertex 2.1870125742738176 29.149922641106546 7.653545175308267
      vertex 2.3565710717565405 29.23470188984791 7.702492497390788
    endloop
  endfacet
  facet normal 0.4967815233764368 -0.801812536050919 -0.33212162691306424
    outer loop
      vertex 2.1870125742738176 29.080700674375603 7.82066178620425
      vertex 2.3565710717565405 29.23470188984791 7.702492497390788
      vertex 2.3565710717565405 29.175259639429992 7.845998784527696
    endloop
  endfacet
  facet normal 0.25675136523051495 -0.7667581440947988 -0.5883542172166073
    outer loop
      vertex 2.1870125742738176 29.149922641106546 7.653545175308267
      vertex 1.9978946441650387 29.106037672699053 7.6282081769848205
      vertex 2.1870125742738176 29.260038888171355 7.5100388881713585
    endloop
  endfacet
  facet normal 0.25675136523052866 -0.5883542172165991 -0.7667581440948005
    outer loop
      vertex 2.1870125742738176 29.260038888171355 7.5100388881713585
      vertex 1.9978946441650387 29.378208176984817 7.356037672699054
      vertex 2.1870125742738176 29.403545175308263 7.399922641106551
    endloop
  endfacet
  facet normal 0.49678152337643755 -0.6885320340783827 -0.5283292118363991
    outer loop
      vertex 2.1870125742738176 29.149922641106546 7.653545175308267
      vertex 2.1870125742738176 29.260038888171355 7.5100388881713585
      vertex 2.3565710717565405 29.329260854902298 7.5792608549023015
    endloop
  endfacet
  facet normal 0.4967815233764438 -0.688532034078385 -0.5283292118363905
    outer loop
      vertex 2.1870125742738176 29.149922641106546 7.653545175308267
      vertex 2.3565710717565405 29.329260854902298 7.5792608549023015
      vertex 2.3565710717565405 29.23470188984791 7.702492497390788
    endloop
  endfacet
  facet normal 0.4967815233764373 -0.5283292118363939 -0.688532034078387
    outer loop
      vertex 2.1870125742738176 29.260038888171355 7.5100388881713585
      vertex 2.1870125742738176 29.403545175308263 7.399922641106551
      vertex 2.3565710717565405 29.329260854902298 7.5792608549023015
    endloop
  endfacet
  facet normal 0.4967815233764342 -0.33212162691306 -0.8018125360509222
    outer loop
      vertex 2.1870125742738176 29.403545175308263 7.399922641106551
      vertex 2.1870125742738176 29.570661786204244 7.330700674375608
      vertex 2.3565710717565405 29.452492497390782 7.484701889847912
    endloop
  endfacet
  facet normal 0.49678152337643383 -0.5283292118363987 -0.6885320340783858
    outer loop
      vertex 2.1870125742738176 29.403545175308263 7.399922641106551
      vertex 2.3565710717565405 29.452492497390782 7.484701889847912
      vertex 2.3565710717565405 29.329260854902298 7.5792608549023015
    endloop
  endfacet
  facet normal 0.4967815233764373 -0.33212162691305563 -0.8018125360509222
    outer loop
      vertex 2.1870125742738176 29.570661786204244 7.330700674375608
      vertex 2.3565710717565405 29.59599878452769 7.4252596394299974
      vertex 2.3565710717565405 29.452492497390782 7.484701889847912
    endloop
  endfacet
  facet normal 0.7040625922196372 -0.7040625922196377 -0.09269159872355787
    outer loop
      vertex 2.3565710717565405 29.15498499478157 8
      vertex 2.3565710717565405 29.175259639429992 7.845998784527696
      vertex 2.4950150052184266 29.308986210253874 7.881830711186538
    endloop
  endfacet
  facet normal 0.7040625922196375 -0.7040625922196375 -0.09269159872355713
    outer loop
      vertex 2.3565710717565405 29.15498499478157 8
      vertex 2.4950150052184266 29.308986210253874 7.881830711186538
      vertex 2.4950150052184266 29.293428928243458 8
    endloop
  endfacet
  facet normal 0.7040625922196367 -0.6560818900783126 -0.27175801689781726
    outer loop
      vertex 2.3565710717565405 29.175259639429992 7.845998784527696
      vertex 2.3565710717565405 29.23470188984791 7.702492497390788
      vertex 2.4950150052184266 29.354597853225744 7.771714464121731
    endloop
  endfacet
  facet normal 0.7040625922196375 -0.6560818900783125 -0.2717580168978157
    outer loop
      vertex 2.3565710717565405 29.175259639429992 7.845998784527696
      vertex 2.4950150052184266 29.354597853225744 7.771714464121731
      vertex 2.4950150052184266 29.308986210253874 7.881830711186538
    endloop
  endfacet
  facet normal 0.7040625922196366 -0.563390291354746 -0.4323045753218209
    outer loop
      vertex 2.3565710717565405 29.23470188984791 7.702492497390788
      vertex 2.4950150052184266 29.427155499067336 7.677155499067341
      vertex 2.4950150052184266 29.354597853225744 7.771714464121731
    endloop
  endfacet
  facet normal 0.8641551942546334 -0.49892023402452745 -0.06568409490620687
    outer loop
      vertex 2.4950150052184266 29.293428928243458 8
      vertex 2.4950150052184266 29.308986210253874 7.881830711186538
      vertex 2.592909649383465 29.46298742572618 8
    endloop
  endfacet
  facet normal 0.8641551942546342 -0.4989202340245257 -0.06568409490620987
    outer loop
      vertex 2.592909649383465 29.46298742572618 8
      vertex 2.4950150052184266 29.308986210253874 7.881830711186538
      vertex 2.592909649383465 29.472767142039206 7.925715679594035
    endloop
  endfacet
  facet normal 0.8641551942546349 -0.4649196445804252 -0.19257602219888484
    outer loop
      vertex 2.592909649383465 29.472767142039206 7.925715679594035
      vertex 2.4950150052184266 29.308986210253874 7.881830711186538
      vertex 2.592909649383465 29.5014398194733 7.856493712863092
    endloop
  endfacet
  facet normal 0.8641551942546327 -0.46491964458042534 -0.19257602219889433
    outer loop
      vertex 2.4950150052184266 29.308986210253874 7.881830711186538
      vertex 2.4950150052184266 29.354597853225744 7.771714464121731
      vertex 2.592909649383465 29.5014398194733 7.856493712863092
    endloop
  endfacet
  facet normal 0.8641551942546343 -0.399235549674209 -0.30634421182563165
    outer loop
      vertex 2.4950150052184266 29.354597853225744 7.771714464121731
      vertex 2.4950150052184266 29.427155499067336 7.677155499067341
      vertex 2.592909649383465 29.54705146244517 7.797051462445177
    endloop
  endfacet
  facet normal 0.8641551942546323 -0.39923554967420677 -0.30634421182564014
    outer loop
      vertex 2.592909649383465 29.5014398194733 7.856493712863092
      vertex 2.4950150052184266 29.354597853225744 7.771714464121731
      vertex 2.592909649383465 29.54705146244517 7.797051462445177
    endloop
  endfacet
  facet normal 0.8641551942546344 -0.3063442118256322 -0.39923554967420843
    outer loop
      vertex 2.592909649383465 29.54705146244517 7.797051462445177
      vertex 2.4950150052184266 29.427155499067336 7.677155499067341
      vertex 2.592909649383465 29.606493712863088 7.7514398194733065
    endloop
  endfacet
  facet normal 0.8641551942546359 -0.1925760221988944 -0.4649196445804194
    outer loop
      vertex 2.592909649383465 29.606493712863088 7.7514398194733065
      vertex 2.4950150052184266 29.521714464121725 7.604597853225748
      vertex 2.592909649383465 29.67571567959403 7.72276714203921
    endloop
  endfacet
  facet normal 0.7040625922196357 -0.5633902913547457 -0.4323045753218229
    outer loop
      vertex 2.3565710717565405 29.23470188984791 7.702492497390788
      vertex 2.3565710717565405 29.329260854902298 7.5792608549023015
      vertex 2.4950150052184266 29.427155499067336 7.677155499067341
    endloop
  endfacet
  facet normal 0.7040625922196362 -0.43230457532182653 -0.5633902913547423
    outer loop
      vertex 2.3565710717565405 29.329260854902298 7.5792608549023015
      vertex 2.3565710717565405 29.452492497390782 7.484701889847912
      vertex 2.4950150052184266 29.521714464121725 7.604597853225748
    endloop
  endfacet
  facet normal 0.704062592219637 -0.4323045753218273 -0.5633902913547406
    outer loop
      vertex 2.4950150052184266 29.427155499067336 7.677155499067341
      vertex 2.3565710717565405 29.329260854902298 7.5792608549023015
      vertex 2.4950150052184266 29.521714464121725 7.604597853225748
    endloop
  endfacet
  facet normal 0.7040625922196364 -0.27175801689781226 -0.6560818900783151
    outer loop
      vertex 2.3565710717565405 29.452492497390782 7.484701889847912
      vertex 2.4950150052184266 29.631830711186534 7.558986210253877
      vertex 2.4950150052184266 29.521714464121725 7.604597853225748
    endloop
  endfacet
  facet normal 0.7040625922196355 -0.2717580168978108 -0.6560818900783167
    outer loop
      vertex 2.3565710717565405 29.452492497390782 7.484701889847912
      vertex 2.3565710717565405 29.59599878452769 7.4252596394299974
      vertex 2.4950150052184266 29.631830711186534 7.558986210253877
    endloop
  endfacet
  facet normal 0.7040625922196337 -0.09269159872356796 -0.7040625922196397
    outer loop
      vertex 2.4950150052184266 29.631830711186534 7.558986210253877
      vertex 2.3565710717565405 29.59599878452769 7.4252596394299974
      vertex 2.4950150052184266 29.749999999999996 7.5434289282434595
    endloop
  endfacet
  facet normal 0.7040625922196364 -0.09269159872357284 -0.7040625922196364
    outer loop
      vertex 2.4950150052184266 29.749999999999996 7.5434289282434595
      vertex 2.3565710717565405 29.59599878452769 7.4252596394299974
      vertex 2.3565710717565405 29.749999999999996 7.404984994781573
    endloop
  endfacet
  facet normal 0.7040625922196364 0.09269159872357229 -0.7040625922196364
    outer loop
      vertex 2.4950150052184266 29.749999999999996 7.5434289282434595
      vertex 2.3565710717565405 29.749999999999996 7.404984994781573
      vertex 2.3565710717565405 29.779556192929995 7.408876141399983
    endloop
  endfacet
  facet normal 0.7040625922196373 0.09269159872358843 -0.7040625922196336
    outer loop
      vertex 2.4950150052184266 29.749999999999996 7.5434289282434595
      vertex 2.3565710717565405 29.779556192929995 7.408876141399983
      vertex 2.4950150052184266 29.7726792644971 7.546414710057949
    endloop
  endfacet
  facet normal 0.8641551942546356 -0.3063442118256349 -0.3992355496742035
    outer loop
      vertex 2.592909649383465 29.606493712863088 7.7514398194733065
      vertex 2.4950150052184266 29.427155499067336 7.677155499067341
      vertex 2.4950150052184266 29.521714464121725 7.604597853225748
    endloop
  endfacet
  facet normal 0.8641551942546345 -0.19257602219889045 -0.46491964458042334
    outer loop
      vertex 2.592909649383465 29.67571567959403 7.72276714203921
      vertex 2.4950150052184266 29.521714464121725 7.604597853225748
      vertex 2.4950150052184266 29.631830711186534 7.558986210253877
    endloop
  endfacet
  facet normal 0.8641551942546353 -0.06568409490621387 -0.49892023402452335
    outer loop
      vertex 2.592909649383465 29.749999999999996 7.712987425726183
      vertex 2.4950150052184266 29.631830711186534 7.558986210253877
      vertex 2.4950150052184266 29.749999999999996 7.5434289282434595
    endloop
  endfacet
  facet normal 0.8641551942546344 0.0656840949062286 -0.49892023402452296
    outer loop
      vertex 2.592909649383465 29.749999999999996 7.712987425726183
      vertex 2.4950150052184266 29.749999999999996 7.5434289282434595
      vertex 2.4950150052184266 29.7726792644971 7.546414710057949
    endloop
  endfacet
  facet normal 0.8641551942546342 -0.06568409490620988 -0.49892023402452573
    outer loop
      vertex 2.592909649383465 29.67571567959403 7.72276714203921
      vertex 2.4950150052184266 29.631830711186534 7.558986210253877
      vertex 2.592909649383465 29.749999999999996 7.712987425726183
    endloop
  endfacet
  facet normal 0.8641551942546344 0.06568409490620747 -0.4989202340245258
    outer loop
      vertex 2.592909649383465 29.749999999999996 7.712987425726183
      vertex 2.4950150052184266 29.7726792644971 7.546414710057949
      vertex 2.592909649383465 29.764256781667978 7.714864366640331
    endloop
  endfacet
  facet normal -0.49678152337643317 -0.11328050197253718 -0.8604508387494549
    outer loop
      vertex 1.4434289282434596 29.59599878452769 7.4252596394299974
      vertex 1.4434289282434596 29.749999999999996 7.404984994781573
      vertex 1.6129874257261827 29.749999999999996 7.3070903506165354
    endloop
  endfacet
  facet normal -0.4967815233764332 0.11328050197253649 -0.8604508387494549
    outer loop
      vertex 1.4434289282434596 29.749999999999996 7.404984994781573
      vertex 1.4434289282434596 29.779556192929995 7.408876141399983
      vertex 1.6129874257261827 29.749999999999996 7.3070903506165354
    endloop
  endfacet
  facet normal -0.4967815233764366 -0.11328050197253232 -0.8604508387494536
    outer loop
      vertex 1.4434289282434596 29.59599878452769 7.4252596394299974
      vertex 1.6129874257261827 29.749999999999996 7.3070903506165354
      vertex 1.6129874257261827 29.570661786204244 7.330700674375608
    endloop
  endfacet
  facet normal -0.2567513652305228 -0.3698549227364078 -0.8929087705806839
    outer loop
      vertex 1.6129874257261827 29.403545175308263 7.399922641106551
      vertex 1.6129874257261827 29.570661786204244 7.330700674375608
      vertex 1.8021053558349616 29.55754639078057 7.281753352293089
    endloop
  endfacet
  facet normal -0.4967815233764354 0.11328050197252464 -0.8604508387494552
    outer loop
      vertex 1.6129874257261827 29.749999999999996 7.3070903506165354
      vertex 1.4434289282434596 29.779556192929995 7.408876141399983
      vertex 1.6129874257261827 29.784418915658634 7.311621686827245
    endloop
  endfacet
  facet normal -0.25675136523052844 -0.1261506264858807 -0.958209139953006
    outer loop
      vertex 1.6129874257261827 29.570661786204244 7.330700674375608
      vertex 1.6129874257261827 29.749999999999996 7.3070903506165354
      vertex 1.8021053558349616 29.749999999999996 7.256416353969643
    endloop
  endfacet
  facet normal -0.25675136523052866 0.12615062648587194 -0.9582091399530072
    outer loop
      vertex 1.6129874257261827 29.749999999999996 7.3070903506165354
      vertex 1.6129874257261827 29.784418915658634 7.311621686827245
      vertex 1.8021053558349616 29.749999999999996 7.256416353969643
    endloop
  endfacet
  facet normal -0.25675136523052855 -0.3698549227364015 -0.892908770580685
    outer loop
      vertex 1.6129874257261827 29.403545175308263 7.399922641106551
      vertex 1.8021053558349616 29.55754639078057 7.281753352293089
      vertex 1.8021053558349616 29.378208176984817 7.356037672699054
    endloop
  endfacet
  facet normal -0.2567513652305251 -0.12615062648588435 -0.9582091399530064
    outer loop
      vertex 1.6129874257261827 29.570661786204244 7.330700674375608
      vertex 1.8021053558349616 29.749999999999996 7.256416353969643
      vertex 1.8021053558349616 29.55754639078057 7.281753352293089
    endloop
  endfacet
  facet normal -0.2567513652305248 0.12615062648589137 -0.9582091399530057
    outer loop
      vertex 1.8021053558349616 29.749999999999996 7.256416353969643
      vertex 1.6129874257261827 29.784418915658634 7.311621686827245
      vertex 1.8021053558349616 29.78693604616508 7.26127907669828
    endloop
  endfacet
  facet normal 0 -0.3826834323650857 -0.9238795325112885
    outer loop
      vertex 1.8021053558349616 29.378208176984817 7.356037672699054
      vertex 1.8021053558349616 29.55754639078057 7.281753352293089
      vertex 1.9978946441650387 29.378208176984817 7.356037672699054
    endloop
  endfacet
  facet normal 0 -0.1305261922200521 -0.9914448613738104
    outer loop
      vertex 1.8021053558349616 29.55754639078057 7.281753352293089
      vertex 1.8021053558349616 29.749999999999996 7.256416353969643
      vertex 1.9978946441650387 29.55754639078057 7.281753352293089
    endloop
  endfacet
  facet normal 0 -0.3826834323650857 -0.9238795325112885
    outer loop
      vertex 1.8021053558349616 29.55754639078057 7.281753352293089
      vertex 1.9978946441650387 29.55754639078057 7.281753352293089
      vertex 1.9978946441650387 29.378208176984817 7.356037672699054
    endloop
  endfacet
  facet normal 0 0.13052619222005934 -0.9914448613738094
    outer loop
      vertex 1.8021053558349616 29.749999999999996 7.256416353969643
      vertex 1.8021053558349616 29.78693604616508 7.26127907669828
      vertex 1.9978946441650387 29.749999999999996 7.256416353969643
    endloop
  endfacet
  facet normal 0 -0.1305261922200521 -0.9914448613738104
    outer loop
      vertex 1.8021053558349616 29.749999999999996 7.256416353969643
      vertex 1.9978946441650387 29.749999999999996 7.256416353969643
      vertex 1.9978946441650387 29.55754639078057 7.281753352293089
    endloop
  endfacet
  facet normal 0 0.13052619222005934 -0.9914448613738094
    outer loop
      vertex 1.9978946441650387 29.749999999999996 7.256416353969643
      vertex 1.8021053558349616 29.78693604616508 7.26127907669828
      vertex 1.9978946441650387 29.78693604616508 7.26127907669828
    endloop
  endfacet
  facet normal 0.2567513652305286 -0.3698549227364016 -0.892908770580685
    outer loop
      vertex 1.9978946441650387 29.378208176984817 7.356037672699054
      vertex 1.9978946441650387 29.55754639078057 7.281753352293089
      vertex 2.1870125742738176 29.403545175308263 7.399922641106551
    endloop
  endfacet
  facet normal 0.2567513652305251 -0.12615062648588435 -0.9582091399530066
    outer loop
      vertex 1.9978946441650387 29.55754639078057 7.281753352293089
      vertex 1.9978946441650387 29.749999999999996 7.256416353969643
      vertex 2.1870125742738176 29.570661786204244 7.330700674375608
    endloop
  endfacet
  facet normal 0.2567513652305281 0.12615062648589123 -0.9582091399530048
    outer loop
      vertex 1.9978946441650387 29.749999999999996 7.256416353969643
      vertex 1.9978946441650387 29.78693604616508 7.26127907669828
      vertex 2.1870125742738176 29.749999999999996 7.3070903506165354
    endloop
  endfacet
  facet normal 0.2567513652305227 -0.36985492273640774 -0.8929087705806839
    outer loop
      vertex 1.9978946441650387 29.55754639078057 7.281753352293089
      vertex 2.1870125742738176 29.570661786204244 7.330700674375608
      vertex 2.1870125742738176 29.403545175308263 7.399922641106551
    endloop
  endfacet
  facet normal 0.25675136523052844 -0.1261506264858807 -0.958209139953006
    outer loop
      vertex 1.9978946441650387 29.749999999999996 7.256416353969643
      vertex 2.1870125742738176 29.749999999999996 7.3070903506165354
      vertex 2.1870125742738176 29.570661786204244 7.330700674375608
    endloop
  endfacet
  facet normal 0.2567513652305251 0.12615062648587208 -0.9582091399530082
    outer loop
      vertex 2.1870125742738176 29.749999999999996 7.3070903506165354
      vertex 1.9978946441650387 29.78693604616508 7.26127907669828
      vertex 2.1870125742738176 29.784418915658634 7.311621686827245
    endloop
  endfacet
  facet normal 0.4967815233764371 -0.11328050197253237 -0.8604508387494534
    outer loop
      vertex 2.1870125742738176 29.570661786204244 7.330700674375608
      vertex 2.1870125742738176 29.749999999999996 7.3070903506165354
      vertex 2.3565710717565405 29.59599878452769 7.4252596394299974
    endloop
  endfacet
  facet normal 0.4967815233764344 0.11328050197252473 -0.8604508387494558
    outer loop
      vertex 2.1870125742738176 29.749999999999996 7.3070903506165354
      vertex 2.1870125742738176 29.784418915658634 7.311621686827245
      vertex 2.3565710717565405 29.749999999999996 7.404984994781573
    endloop
  endfacet
  facet normal 0.4967815233764336 -0.11328050197253718 -0.8604508387494546
    outer loop
      vertex 2.1870125742738176 29.749999999999996 7.3070903506165354
      vertex 2.3565710717565405 29.749999999999996 7.404984994781573
      vertex 2.3565710717565405 29.59599878452769 7.4252596394299974
    endloop
  endfacet
  facet normal 0.49678152337643544 0.1132805019725363 -0.8604508387494536
    outer loop
      vertex 2.3565710717565405 29.749999999999996 7.404984994781573
      vertex 2.1870125742738176 29.784418915658634 7.311621686827245
      vertex 2.3565710717565405 29.779556192929995 7.408876141399983
    endloop
  endfacet
  facet normal 0.9653655703464423 -0.09984247829830105 0.2410410652086928
    outer loop
      vertex 2.592909649383465 29.67571567959403 8.27723285796079
      vertex 2.592909649383465 29.606493712863088 8.248560180526693
      vertex 2.6435836460303577 29.72466300167655 8.09455896505439
    endloop
  endfacet
  facet normal 0.9653655703464425 -0.1588264466768398 0.20698665518747028
    outer loop
      vertex 2.592909649383465 29.606493712863088 8.248560180526693
      vertex 2.592909649383465 29.54705146244517 8.202948537554823
      vertex 2.6435836460303577 29.701052677917477 8.084779248741361
    endloop
  endfacet
  facet normal 0.9653655703464425 -0.03405441002122247 0.258668924975139
    outer loop
      vertex 2.592909649383465 29.67571567959403 8.27723285796079
      vertex 2.6435836460303577 29.745137277271358 8.097254454572738
      vertex 2.592909649383465 29.73574321833201 8.285135633359669
    endloop
  endfacet
  facet normal 0.9653655703464423 -0.03405441002121864 0.25866892497514044
    outer loop
      vertex 2.592909649383465 29.67571567959403 8.27723285796079
      vertex 2.6435836460303577 29.72466300167655 8.09455896505439
      vertex 2.6435836460303577 29.745137277271358 8.097254454572738
    endloop
  endfacet
  facet normal 0.9653655703464424 -0.20698665518746803 0.15882644667684281
    outer loop
      vertex 2.592909649383465 29.54705146244517 8.202948537554823
      vertex 2.592909649383465 29.5014398194733 8.143506287136908
      vertex 2.6435836460303577 29.680778033269053 8.069221966730943
    endloop
  endfacet
  facet normal 0.9653655703464428 -0.09984247829830534 0.24104106520868934
    outer loop
      vertex 2.592909649383465 29.606493712863088 8.248560180526693
      vertex 2.6435836460303577 29.701052677917477 8.084779248741361
      vertex 2.6435836460303577 29.72466300167655 8.09455896505439
    endloop
  endfacet
  facet normal 0.965365570346442 -0.15882644667683515 0.2069866551874765
    outer loop
      vertex 2.592909649383465 29.54705146244517 8.202948537554823
      vertex 2.6435836460303577 29.680778033269053 8.069221966730943
      vertex 2.6435836460303577 29.701052677917477 8.084779248741361
    endloop
  endfacet
  facet normal 0.9653655703464423 -0.241041065208695 0.09984247829829579
    outer loop
      vertex 2.592909649383465 29.5014398194733 8.143506287136908
      vertex 2.592909649383465 29.472767142039206 8.074284320405965
      vertex 2.6435836460303577 29.665220751258634 8.048947322082519
    endloop
  endfacet
  facet normal 0.9653655703464421 -0.20698665518746678 0.15882644667684595
    outer loop
      vertex 2.592909649383465 29.5014398194733 8.143506287136908
      vertex 2.6435836460303577 29.665220751258634 8.048947322082519
      vertex 2.6435836460303577 29.680778033269053 8.069221966730943
    endloop
  endfacet
  facet normal 0.9653655703464429 -0.24104106520869586 0.09984247829829003
    outer loop
      vertex 2.592909649383465 29.472767142039206 8.074284320405965
      vertex 2.6435836460303577 29.655441034945607 8.025336998323446
      vertex 2.6435836460303577 29.665220751258634 8.048947322082519
    endloop
  endfacet
  facet normal 0.9653655703464423 -0.25866892497513994 0.034054410021220276
    outer loop
      vertex 2.592909649383465 29.472767142039206 8.074284320405965
      vertex 2.592909649383465 29.46298742572618 8
      vertex 2.6435836460303577 29.655441034945607 8.025336998323446
    endloop
  endfacet
  facet normal 0.9653655703464428 -0.2586689249751393 0.034054410021214544
    outer loop
      vertex 2.6435836460303577 29.655441034945607 8.025336998323446
      vertex 2.592909649383465 29.46298742572618 8
      vertex 2.6435836460303577 29.65210535583496 8
    endloop
  endfacet
  facet normal 1 0 0
    outer loop
      vertex 2.6435836460303577 29.72466300167655 8.09455896505439
      vertex 2.6435836460303577 29.75486272272863 7.902745545427262
      vertex 2.6435836460303577 29.745137277271358 8.097254454572738
    endloop
  endfacet
  facet normal 1 0 0
    outer loop
      vertex 2.6435836460303577 29.72466300167655 8.09455896505439
      vertex 2.6435836460303577 29.701052677917477 8.084779248741361
      vertex 2.6435836460303577 29.75486272272863 7.902745545427262
    endloop
  endfacet
  facet normal 1 0 0
    outer loop
      vertex 2.6435836460303577 29.701052677917477 8.084779248741361
      vertex 2.6435836460303577 29.680778033269053 8.069221966730943
      vertex 2.6435836460303577 29.75486272272863 7.902745545427262
    endloop
  endfacet
  facet normal 1 0 0
    outer loop
      vertex 2.6435836460303577 29.680778033269053 8.069221966730943
      vertex 2.6435836460303577 29.665220751258634 8.048947322082519
      vertex 2.6435836460303577 29.75486272272863 7.902745545427262
    endloop
  endfacet
  facet normal 0.9653655703464425 -0.2586689249751392 -0.034054410021220186
    outer loop
      vertex 2.592909649383465 29.46298742572618 8
      vertex 2.592909649383465 29.472767142039206 7.925715679594035
      vertex 2.6435836460303577 29.65210535583496 8
    endloop
  endfacet
  facet normal 0.9653655703464423 -0.2586689249751414 -0.03405441002121482
    outer loop
      vertex 2.6435836460303577 29.65210535583496 8
      vertex 2.592909649383465 29.472767142039206 7.925715679594035
      vertex 2.6435836460303577 29.655441034945607 7.974663001676554
    endloop
  endfacet
  facet normal 0.9653655703464429 -0.24104106520869586 -0.09984247829829003
    outer loop
      vertex 2.6435836460303577 29.655441034945607 7.974663001676554
      vertex 2.592909649383465 29.472767142039206 7.925715679594035
      vertex 2.6435836460303577 29.665220751258634 7.951052677917481
    endloop
  endfacet
  facet normal 0.9653655703464423 -0.241041065208695 -0.09984247829829579
    outer loop
      vertex 2.592909649383465 29.472767142039206 7.925715679594035
      vertex 2.592909649383465 29.5014398194733 7.856493712863092
      vertex 2.6435836460303577 29.665220751258634 7.951052677917481
    endloop
  endfacet
  facet normal 0.9653655703464422 -0.20698665518746673 -0.15882644667684576
    outer loop
      vertex 2.6435836460303577 29.665220751258634 7.951052677917481
      vertex 2.592909649383465 29.5014398194733 7.856493712863092
      vertex 2.6435836460303577 29.680778033269053 7.930778033269057
    endloop
  endfacet
  facet normal 0.9653655703464424 -0.20698665518746806 -0.15882644667684284
    outer loop
      vertex 2.6435836460303577 29.680778033269053 7.930778033269057
      vertex 2.592909649383465 29.5014398194733 7.856493712863092
      vertex 2.592909649383465 29.54705146244517 7.797051462445177
    endloop
  endfacet
  facet normal 0.965365570346442 -0.15882644667683501 -0.20698665518747633
    outer loop
      vertex 2.6435836460303577 29.680778033269053 7.930778033269057
      vertex 2.592909649383465 29.54705146244517 7.797051462445177
      vertex 2.6435836460303577 29.701052677917477 7.915220751258639
    endloop
  endfacet
  facet normal 0.9653655703464428 -0.0998424782983055 -0.24104106520868948
    outer loop
      vertex 2.6435836460303577 29.701052677917477 7.915220751258639
      vertex 2.592909649383465 29.606493712863088 7.7514398194733065
      vertex 2.6435836460303577 29.72466300167655 7.905441034945611
    endloop
  endfacet
  facet normal 1 0 0
    outer loop
      vertex 2.6435836460303577 29.665220751258634 8.048947322082519
      vertex 2.6435836460303577 29.655441034945607 8.025336998323446
      vertex 2.6435836460303577 29.75486272272863 7.902745545427262
    endloop
  endfacet
  facet normal 1 0 0
    outer loop
      vertex 2.6435836460303577 29.655441034945607 8.025336998323446
      vertex 2.6435836460303577 29.65210535583496 8
      vertex 2.6435836460303577 29.75486272272863 7.902745545427262
    endloop
  endfacet
  facet normal 1 0 0
    outer loop
      vertex 2.6435836460303577 29.65210535583496 8
      vertex 2.6435836460303577 29.655441034945607 7.974663001676554
      vertex 2.6435836460303577 29.75486272272863 7.902745545427262
    endloop
  endfacet
  facet normal 1 0 0
    outer loop
      vertex 2.6435836460303577 29.655441034945607 7.974663001676554
      vertex 2.6435836460303577 29.665220751258634 7.951052677917481
      vertex 2.6435836460303577 29.75486272272863 7.902745545427262
    endloop
  endfacet
  facet normal 1 0 0
    outer loop
      vertex 2.6435836460303577 29.665220751258634 7.951052677917481
      vertex 2.6435836460303577 29.680778033269053 7.930778033269057
      vertex 2.6435836460303577 29.75486272272863 7.902745545427262
    endloop
  endfacet
  facet normal 0.9653655703464423 -0.03405441002121482 -0.2586689249751414
    outer loop
      vertex 2.6435836460303577 29.72466300167655 7.905441034945611
      vertex 2.592909649383465 29.67571567959403 7.72276714203921
      vertex 2.6435836460303577 29.749999999999996 7.902105355834962
    endloop
  endfacet
  facet normal 1 0 0
    outer loop
      vertex 2.6435836460303577 29.680778033269053 7.930778033269057
      vertex 2.6435836460303577 29.701052677917477 7.915220751258639
      vertex 2.6435836460303577 29.75486272272863 7.902745545427262
    endloop
  endfacet
  facet normal 1 0 0
    outer loop
      vertex 2.6435836460303577 29.701052677917477 7.915220751258639
      vertex 2.6435836460303577 29.72466300167655 7.905441034945611
      vertex 2.6435836460303577 29.75486272272863 7.902745545427262
    endloop
  endfacet
  facet normal 1 0 0
    outer loop
      vertex 2.6435836460303577 29.72466300167655 7.905441034945611
      vertex 2.6435836460303577 29.749999999999996 7.902105355834962
      vertex 2.6435836460303577 29.75486272272863 7.902745545427262
    endloop
  endfacet
  facet normal 0.9653655703464425 -0.15882644667683976 -0.20698665518747028
    outer loop
      vertex 2.6435836460303577 29.701052677917477 7.915220751258639
      vertex 2.592909649383465 29.54705146244517 7.797051462445177
      vertex 2.592909649383465 29.606493712863088 7.7514398194733065
    endloop
  endfacet
  facet normal 0.9653655703464424 -0.09984247829830108 -0.2410410652086928
    outer loop
      vertex 2.6435836460303577 29.72466300167655 7.905441034945611
      vertex 2.592909649383465 29.606493712863088 7.7514398194733065
      vertex 2.592909649383465 29.67571567959403 7.72276714203921
    endloop
  endfacet
  facet normal 0.9653655703464425 0.034054410021223704 -0.2586689249751389
    outer loop
      vertex 2.6435836460303577 29.749999999999996 7.902105355834962
      vertex 2.592909649383465 29.764256781667978 7.714864366640331
      vertex 2.6435836460303577 29.75486272272863 7.902745545427262
    endloop
  endfacet
  facet normal 0.9653655703464425 -0.034054410021220186 -0.2586689249751392
    outer loop
      vertex 2.6435836460303577 29.749999999999996 7.902105355834962
      vertex 2.592909649383465 29.67571567959403 7.72276714203921
      vertex 2.592909649383465 29.749999999999996 7.712987425726183
    endloop
  endfacet
  facet normal 0.9653655703464425 0.03405441002121879 -0.25866892497513927
    outer loop
      vertex 2.6435836460303577 29.749999999999996 7.902105355834962
      vertex 2.592909649383465 29.749999999999996 7.712987425726183
      vertex 2.592909649383465 29.764256781667978 7.714864366640331
    endloop
  endfacet
endsolid OpenSCAD_Model
