solid OpenSCAD_Model
  facet normal -0.9891765099647779 -0.1467304744553834 0
    outer loop
      vertex 15.336532955658067 -3.5010816782192906 2.0500000014901163
      vertex 15.336532955658067 -3.5010816782192906 2.6
      vertex 15.332222909991703 -3.472025710494341 2.0500000014901163
    endloop
  endfacet
  facet normal -0.9987954562051731 0.049067674327402847 0
    outer loop
      vertex 15.330248920651664 -3.218155765608901 2.0500000014901163
      vertex 15.330248920651664 -3.218155765608901 2.6
      vertex 15.332222909991703 -3.1779742895056593 2.0500000014901163
    endloop
  endfacet
  facet normal -0.9987954562051731 -0.04906767432740472 0
    outer loop
      vertex 15.332222909991703 -3.472025710494341 2.0500000014901163
      vertex 15.332222909991703 -3.472025710494341 3.7
      vertex 15.330199695025634 -3.430842223754117 2.0500000014901163
    endloop
  endfacet
  facet normal -0.9891765099647819 0.14673047445535553 0
    outer loop
      vertex 15.332222909991703 -3.1779742895056593 2.0500000014901163
      vertex 15.332222909991703 -3.1779742895056593 3.7
      vertex 15.337735690612247 -3.140810141330768 2.0500000014901163
    endloop
  endfacet
  facet normal -0.6715589548470177 -0.7409511253549595 0
    outer loop
      vertex 15.764339828220178 -4.385660171779822 2.0500000014901163
      vertex 15.858848859056408 -4.471318164324982 2.0500000014901163
      vertex 15.858848859056408 -4.471318164324982 2.6
    endloop
  endfacet
  facet normal -0.5956993044924358 -0.803207531480643 0
    outer loop
      vertex 15.873410074534618 -4.484515680622658 2.0500000014901163
      vertex 15.945969414650191 -4.538329354856511 2.0500000014901163
      vertex 15.945969414650191 -4.538329354856511 2.6
    endloop
  endfacet
  facet normal -0.1467304744553648 -0.9891765099647807 0
    outer loop
      vertex 16.532364516975807 -4.796177920604846 2.0500000014901163
      vertex 16.658022858203594 -4.814817574743301 2.0500000014901163
      vertex 16.658022858203594 -4.814817574743301 2.6
    endloop
  endfacet
  facet normal -0.8577286100002708 -0.5141027441932239 0
    outer loop
      vertex 15.577795581546182 -4.158355349529403 2.0500000014901163
      vertex 15.577795581546182 -4.158355349529403 3.7
      vertex 15.523981691109976 -4.068572297476279 2.0500000014901163
    endloop
  endfacet
  facet normal -0.8032075314806472 -0.5956993044924305 0
    outer loop
      vertex 15.577795581546182 -4.158355349529403 2.0500000014901163
      vertex 15.665484319955894 -4.276589926245468 2.0500000014901163
      vertex 15.665484319955894 -4.276589926245468 3.7
    endloop
  endfacet
  facet normal -0.7409511253549605 -0.6715589548470168 0
    outer loop
      vertex 15.665484319955894 -4.276589926245468 2.0500000014901163
      vertex 15.764339828220178 -4.385660171779822 2.0500000014901163
      vertex 15.764339828220178 -4.385660171779822 3.7
    endloop
  endfacet
  facet normal -0.24298017990326815 -0.970031253194543 0
    outer loop
      vertex 16.435111700176073 -4.771817358154638 2.0500000014901163
      vertex 16.532364516975807 -4.796177920604846 2.0500000014901163
      vertex 16.532364516975807 -4.796177920604846 3.7
    endloop
  endfacet
  facet normal -0.04906767432742323 -0.9987954562051722 0
    outer loop
      vertex 16.692651318154603 -4.818498126189794 2.0500000014901163
      vertex 16.825 -4.825 2.0500000014901163
      vertex 16.825 -4.825 3.7
    endloop
  endfacet
  facet normal -0.9700312531946095 0.2429801799030025 0
    outer loop
      vertex 15.389589496310752 -2.889572984481338 2.0500000014901163
      vertex 15.388369250294675 -2.8944444796487763 2.0500000014901163
      vertex 15.388369250294675 -2.8944444796487763 2.6
    endloop
  endfacet
  facet normal -0.9415440651830217 0.33688985339221733 0
    outer loop
      vertex 15.3981299391777 -2.8657040455651828 2.0500000014901163
      vertex 15.3981299391777 -2.8657040455651828 2.6
      vertex 15.43918070123307 -2.7509748514523658 2.0500000014901163
    endloop
  endfacet
  facet normal -0.24298017990339973 0.97003125319451 0
    outer loop
      vertex 16.394444472110706 -1.888369252182862 2.0500000014901163
      vertex 16.38957298448134 -1.889589496310752 2.0500000014901163
      vertex 16.38957298448134 -1.889589496310752 2.6
    endloop
  endfacet
  facet normal -0.14673047445535548 0.9891765099647818 0
    outer loop
      vertex 16.64081009604379 -1.8377356973299372 2.0500000014901163
      vertex 16.64081009604379 -1.8377356973299372 2.6
      vertex 16.67797428950566 -1.832222909991705 2.0500000014901163
    endloop
  endfacet
  facet normal -0.9700312531946095 0.2429801799030025 0
    outer loop
      vertex 15.389589496310752 -2.889572984481338 2.0500000014901163
      vertex 15.388369250294675 -2.8944444796487763 2.6
      vertex 15.389589496310752 -2.889572984481338 2.6
    endloop
  endfacet
  facet normal -0.9039892931234482 0.42755509343027176 0
    outer loop
      vertex 15.43918070123307 -2.7509748514523658 2.0500000014901163
      vertex 15.43918070123307 -2.7509748514523658 3.7
      vertex 15.502118103477466 -2.6179048947610037 2.0500000014901163
    endloop
  endfacet
  facet normal -0.8577286100002682 0.5141027441932281 0
    outer loop
      vertex 15.502118103477466 -2.6179048947610037 2.0500000014901163
      vertex 15.502118103477466 -2.6179048947610037 3.7
      vertex 15.577795581546182 -2.491644650470597 2.0500000014901163
    endloop
  endfacet
  facet normal -0.8032075314806459 0.5956993044924318 0
    outer loop
      vertex 15.577795581546182 -2.491644650470597 2.0500000014901163
      vertex 15.577795581546182 -2.491644650470597 3.7
      vertex 15.665484319955894 -2.373410073754532 2.0500000014901163
    endloop
  endfacet
  facet normal -0.7409511253549592 0.6715589548470183 0
    outer loop
      vertex 15.665484319955894 -2.373410073754532 2.0500000014901163
      vertex 15.665484319955894 -2.373410073754532 3.7
      vertex 15.764339828220178 -2.2643398282201788 2.0500000014901163
    endloop
  endfacet
  facet normal -0.6715589548470181 0.7409511253549593 0
    outer loop
      vertex 15.764339828220178 -2.2643398282201788 2.0500000014901163
      vertex 15.764339828220178 -2.2643398282201788 3.7
      vertex 15.873410073754531 -2.165484319955895 2.0500000014901163
    endloop
  endfacet
  facet normal -0.5956993044924352 0.8032075314806435 0
    outer loop
      vertex 15.873410073754531 -2.165484319955895 2.0500000014901163
      vertex 15.873410073754531 -2.165484319955895 3.7
      vertex 15.991644650470596 -2.0777955815461824 2.0500000014901163
    endloop
  endfacet
  facet normal -0.5141027441932161 0.8577286100002753 0
    outer loop
      vertex 15.991644650470596 -2.0777955815461824 2.0500000014901163
      vertex 15.991644650470596 -2.0777955815461824 3.7
      vertex 16.117904894761004 -2.0021181034774678 2.0500000014901163
    endloop
  endfacet
  facet normal -0.4275550934302827 0.903989293123443 0
    outer loop
      vertex 16.117904894761004 -2.0021181034774678 2.0500000014901163
      vertex 16.117904894761004 -2.0021181034774678 3.7
      vertex 16.250974851452366 -1.9391807012330702 2.0500000014901163
    endloop
  endfacet
  facet normal -0.33688985339222105 0.9415440651830205 0
    outer loop
      vertex 16.250974851452366 -1.9391807012330702 2.0500000014901163
      vertex 16.250974851452366 -1.9391807012330702 3.7
      vertex 16.36570403652836 -1.8981299424111264 2.0500000014901163
    endloop
  endfacet
  facet normal -0.24298017990339973 0.97003125319451 0
    outer loop
      vertex 16.394444472110706 -1.888369252182862 2.0500000014901163
      vertex 16.38957298448134 -1.889589496310752 2.6
      vertex 16.394444472110706 -1.888369252182862 2.6
    endloop
  endfacet
  facet normal -0.04906767432742057 0.9987954562051722 0
    outer loop
      vertex 16.67797428950566 -1.832222909991705 2.0500000014901163
      vertex 16.67797428950566 -1.832222909991705 3.7
      vertex 16.718155815646554 -1.8302489181934731 2.0500000014901163
    endloop
  endfacet
  facet normal 0 -1 0
    outer loop
      vertex 16.825 -4.825 2.0500000014901163
      vertex 19.5 -4.825 2.0500000014901163
      vertex 19.5 -4.825 3.7
    endloop
  endfacet
  facet normal 0.04906767432741863 -0.9987954562051723 0
    outer loop
      vertex 19.5 -4.825 2.0500000014901163
      vertex 19.64702571049434 -4.8177770900082955 2.0500000014901163
      vertex 19.64702571049434 -4.8177770900082955 3.7
    endloop
  endfacet
  facet normal 0.14673047445536114 -0.989176509964781 0
    outer loop
      vertex 19.64702571049434 -4.8177770900082955 2.0500000014901163
      vertex 19.792635483024192 -4.796177920604846 2.0500000014901163
      vertex 19.792635483024192 -4.796177920604846 3.7
    endloop
  endfacet
  facet normal 0.24298017990326343 -0.9700312531945441 0
    outer loop
      vertex 19.792635483024192 -4.796177920604846 2.0500000014901163
      vertex 19.935427015881693 -4.7604105035983135 2.0500000014901163
      vertex 19.935427015881693 -4.7604105035983135 3.7
    endloop
  endfacet
  facet normal 0.3368898533922226 -0.9415440651830198 0
    outer loop
      vertex 19.935427015881693 -4.7604105035983135 2.0500000014901163
      vertex 20.074025148547634 -4.71081929876693 2.0500000014901163
      vertex 20.074025148547634 -4.71081929876693 3.7
    endloop
  endfacet
  facet normal 0.4275550934302827 -0.903989293123443 0
    outer loop
      vertex 20.074025148547634 -4.71081929876693 2.0500000014901163
      vertex 20.207095105238995 -4.647881896522533 2.0500000014901163
      vertex 20.207095105238995 -4.647881896522533 3.7
    endloop
  endfacet
  facet normal 0.5141027441932192 -0.8577286100002736 0
    outer loop
      vertex 20.207095105238995 -4.647881896522533 2.0500000014901163
      vertex 20.333355349529402 -4.572204418453818 2.0500000014901163
      vertex 20.333355349529402 -4.572204418453818 3.7
    endloop
  endfacet
  facet normal 0.5956993044924314 -0.8032075314806463 0
    outer loop
      vertex 20.333355349529402 -4.572204418453818 2.0500000014901163
      vertex 20.451589926245468 -4.4845156800441055 2.0500000014901163
      vertex 20.451589926245468 -4.4845156800441055 3.7
    endloop
  endfacet
  facet normal 0.6715589548470106 -0.7409511253549663 0
    outer loop
      vertex 20.451589926245468 -4.4845156800441055 2.0500000014901163
      vertex 20.560660171779823 -4.385660171779822 2.0500000014901163
      vertex 20.560660171779823 -4.385660171779822 3.7
    endloop
  endfacet
  facet normal 0.7409511253549667 -0.6715589548470101 0
    outer loop
      vertex 20.560660171779823 -4.385660171779822 2.0500000014901163
      vertex 20.659515680044105 -4.276589926245468 2.0500000014901163
      vertex 20.659515680044105 -4.276589926245468 3.7
    endloop
  endfacet
  facet normal 0.8032075314806413 -0.5956993044924382 0
    outer loop
      vertex 20.659515680044105 -4.276589926245468 2.0500000014901163
      vertex 20.74720441845382 -4.158355349529403 2.0500000014901163
      vertex 20.74720441845382 -4.158355349529403 3.7
    endloop
  endfacet
  facet normal 0.8577286100002789 -0.5141027441932102 0
    outer loop
      vertex 20.74720441845382 -4.158355349529403 2.0500000014901163
      vertex 20.82288189652253 -4.032095105238996 2.0500000014901163
      vertex 20.82288189652253 -4.032095105238996 3.7
    endloop
  endfacet
  facet normal 0.903989293123443 -0.4275550934302827 0
    outer loop
      vertex 20.82288189652253 -4.032095105238996 2.0500000014901163
      vertex 20.88581929876693 -3.8990251485476346 2.0500000014901163
      vertex 20.88581929876693 -3.8990251485476346 3.7
    endloop
  endfacet
  facet normal 0.9415440651830203 -0.33688985339222166 0
    outer loop
      vertex 20.88581929876693 -3.8990251485476346 2.0500000014901163
      vertex 20.935410503598312 -3.7604270158816937 2.0500000014901163
      vertex 20.935410503598312 -3.7604270158816937 3.7
    endloop
  endfacet
  facet normal 0.9700312531945441 -0.24298017990326343 0
    outer loop
      vertex 20.935410503598312 -3.7604270158816937 2.0500000014901163
      vertex 20.971177920604845 -3.6176354830241926 2.0500000014901163
      vertex 20.971177920604845 -3.6176354830241926 3.7
    endloop
  endfacet
  facet normal 0 1 0
    outer loop
      vertex 19.25 -1.8250000000000002 2.0500000014901163
      vertex 19.25 -1.8250000000000002 2.6
      vertex 19.5 -1.8250000000000002 2.0500000014901163
    endloop
  endfacet
  facet normal 0.14673047445536114 0.989176509964781 0
    outer loop
      vertex 19.64702571049434 -1.832222909991705 2.0500000014901163
      vertex 19.64702571049434 -1.832222909991705 3.7
      vertex 19.792635483024192 -1.8538220793951545 2.0500000014901163
    endloop
  endfacet
  facet normal 0.24298017990326343 0.9700312531945441 0
    outer loop
      vertex 19.792635483024192 -1.8538220793951545 2.0500000014901163
      vertex 19.792635483024192 -1.8538220793951545 3.7
      vertex 19.935427015881693 -1.8895894964016868 2.0500000014901163
    endloop
  endfacet
  facet normal 0.3368898533922226 0.9415440651830198 0
    outer loop
      vertex 19.935427015881693 -1.8895894964016868 2.0500000014901163
      vertex 19.935427015881693 -1.8895894964016868 3.7
      vertex 20.074025148547634 -1.9391807012330702 2.0500000014901163
    endloop
  endfacet
  facet normal 0.04906767432741863 0.9987954562051723 0
    outer loop
      vertex 19.64702571049434 -1.832222909991705 2.0500000014901163
      vertex 19.5 -1.8250000000000002 2.0500000014901163
      vertex 19.5 -1.8250000000000002 3.7
    endloop
  endfacet
  facet normal 0.4275550934302827 0.903989293123443 0
    outer loop
      vertex 20.074025148547634 -1.9391807012330702 2.0500000014901163
      vertex 20.074025148547634 -1.9391807012330702 3.7
      vertex 20.207095105238995 -2.0021181034774678 2.0500000014901163
    endloop
  endfacet
  facet normal 0.5141027441932213 0.8577286100002722 0
    outer loop
      vertex 20.207095105238995 -2.0021181034774678 2.0500000014901163
      vertex 20.207095105238995 -2.0021181034774678 3.7
      vertex 20.333355349529402 -2.0777955815461824 2.0500000014901163
    endloop
  endfacet
  facet normal 0.5956993044924295 0.8032075314806477 0
    outer loop
      vertex 20.333355349529402 -2.0777955815461824 2.0500000014901163
      vertex 20.333355349529402 -2.0777955815461824 3.7
      vertex 20.451589926245468 -2.165484319955895 2.0500000014901163
    endloop
  endfacet
  facet normal 0.6715589548470121 0.7409511253549648 0
    outer loop
      vertex 20.451589926245468 -2.165484319955895 2.0500000014901163
      vertex 20.451589926245468 -2.165484319955895 3.7
      vertex 20.560660171779823 -2.2643398282201788 2.0500000014901163
    endloop
  endfacet
  facet normal 0.9891765099647792 -0.14673047445537338 0
    outer loop
      vertex 20.971177920604845 -3.6176354830241926 2.0500000014901163
      vertex 20.992777090008296 -3.472025710494341 2.0500000014901163
      vertex 20.992777090008296 -3.472025710494341 3.7
    endloop
  endfacet
  facet normal 0.9987954562051726 -0.049067674327412325 0
    outer loop
      vertex 20.992777090008296 -3.472025710494341 2.0500000014901163
      vertex 21 -3.325 2.0500000014901163
      vertex 21 -3.325 3.7
    endloop
  endfacet
  facet normal 0.9987954562051726 0.049067674327412325 0
    outer loop
      vertex 20.992777090008296 -3.1779742895056593 2.0500000014901163
      vertex 20.992777090008296 -3.1779742895056593 3.7
      vertex 21 -3.325 2.0500000014901163
    endloop
  endfacet
  facet normal 0.9891765099647792 0.14673047445537338 0
    outer loop
      vertex 20.992777090008296 -3.1779742895056593 2.0500000014901163
      vertex 20.971177920604845 -3.0323645169758078 2.0500000014901163
      vertex 20.971177920604845 -3.0323645169758078 3.7
    endloop
  endfacet
  facet normal 0.9415440651830203 0.33688985339222166 0
    outer loop
      vertex 20.935410503598312 -2.8895729841183067 2.0500000014901163
      vertex 20.88581929876693 -2.7509748514523658 2.0500000014901163
      vertex 20.88581929876693 -2.7509748514523658 3.7
    endloop
  endfacet
  facet normal 0.9700312531945441 0.24298017990326343 0
    outer loop
      vertex 20.971177920604845 -3.0323645169758078 2.0500000014901163
      vertex 20.935410503598312 -2.8895729841183067 2.0500000014901163
      vertex 20.935410503598312 -2.8895729841183067 3.7
    endloop
  endfacet
  facet normal 0.7409511253549652 0.6715589548470117 0
    outer loop
      vertex 20.659515680044105 -2.373410073754532 2.0500000014901163
      vertex 20.560660171779823 -2.2643398282201788 2.0500000014901163
      vertex 20.560660171779823 -2.2643398282201788 3.7
    endloop
  endfacet
  facet normal 0.8032075314806403 0.5956993044924397 0
    outer loop
      vertex 20.659515680044105 -2.373410073754532 2.0500000014901163
      vertex 20.659515680044105 -2.373410073754532 3.7
      vertex 20.74720441845382 -2.491644650470597 2.0500000014901163
    endloop
  endfacet
  facet normal 0.8577286100002789 0.5141027441932102 0
    outer loop
      vertex 20.74720441845382 -2.491644650470597 2.0500000014901163
      vertex 20.74720441845382 -2.491644650470597 3.7
      vertex 20.82288189652253 -2.6179048947610037 2.0500000014901163
    endloop
  endfacet
  facet normal 0.9039892931234436 0.4275550934302816 0
    outer loop
      vertex 20.88581929876693 -2.7509748514523658 2.0500000014901163
      vertex 20.82288189652253 -2.6179048947610037 2.0500000014901163
      vertex 20.82288189652253 -2.6179048947610037 3.7
    endloop
  endfacet
  facet normal -0.9700312531945441 -0.2429801799032634 0
    outer loop
      vertex 15.353822079395155 -3.6176354830241926 2.6
      vertex 15.389589496401687 -3.7604270158816937 2.6
      vertex 15.353822079395155 -3.6176354830241926 3.7
    endloop
  endfacet
  facet normal -0.9987954562051731 -0.04906767432740473 0
    outer loop
      vertex 15.330199695025634 -3.430842223754117 2.0500000014901163
      vertex 15.332222909991703 -3.472025710494341 3.7
      vertex 15.330199695025634 -3.430842223754117 2.6
    endloop
  endfacet
  facet normal -0.9891765099647777 -0.14673047445538343 0
    outer loop
      vertex 15.332222909991703 -3.472025710494341 2.0500000014901163
      vertex 15.336532955658067 -3.5010816782192906 2.6
      vertex 15.332222909991703 -3.472025710494341 3.7
    endloop
  endfacet
  facet normal -0.9891765099647819 0.14673047445535553 0
    outer loop
      vertex 15.337735690612247 -3.140810141330768 2.0500000014901163
      vertex 15.332222909991703 -3.1779742895056593 3.7
      vertex 15.337735690612247 -3.140810141330768 2.6
    endloop
  endfacet
  facet normal -0.9987954562051732 0.04906767432740286 0
    outer loop
      vertex 15.332222909991703 -3.1779742895056593 2.0500000014901163
      vertex 15.330248920651664 -3.218155765608901 2.6
      vertex 15.332222909991703 -3.1779742895056593 3.7
    endloop
  endfacet
  facet normal -0.9891765099647796 -0.1467304744553709 -3.379452078647953e-16
    outer loop
      vertex 15.353822079395155 -3.6176354830241926 2.6
      vertex 15.332222909991703 -3.472025710494341 3.7
      vertex 15.336532955658067 -3.5010816782192906 2.6
    endloop
  endfacet
  facet normal -0.9987954562051725 -0.04906767432741528 0
    outer loop
      vertex 15.330199695025634 -3.430842223754117 2.6
      vertex 15.325 -3.325 3.7
      vertex 15.325 -3.325 2.6
    endloop
  endfacet
  facet normal -0.9987954562051725 0.049067674327415885 -4.772795365503791e-16
    outer loop
      vertex 15.325 -3.325 2.6
      vertex 15.332222909991703 -3.1779742895056593 3.7
      vertex 15.330248920651664 -3.218155765608901 2.6
    endloop
  endfacet
  facet normal -0.9891765099647785 0.14673047445537954 0
    outer loop
      vertex 15.337735690612247 -3.140810141330768 2.6
      vertex 15.353822079395155 -3.0323645169758078 3.7
      vertex 15.353822079395155 -3.0323645169758078 2.6
    endloop
  endfacet
  facet normal -0.9891765099647791 -0.1467304744553734 0
    outer loop
      vertex 15.353822079395155 -3.6176354830241926 2.6
      vertex 15.353822079395155 -3.6176354830241926 3.7
      vertex 15.332222909991703 -3.472025710494341 3.7
    endloop
  endfacet
  facet normal -0.9987954562051727 -0.04906767432741232 -2.8524002003959926e-16
    outer loop
      vertex 15.330199695025634 -3.430842223754117 2.6
      vertex 15.332222909991703 -3.472025710494341 3.7
      vertex 15.325 -3.325 3.7
    endloop
  endfacet
  facet normal -0.9987954562051727 0.04906767432741233 0
    outer loop
      vertex 15.325 -3.325 2.6
      vertex 15.325 -3.325 3.7
      vertex 15.332222909991703 -3.1779742895056593 3.7
    endloop
  endfacet
  facet normal -0.9891765099647791 0.14673047445537338 6.173504659073002e-16
    outer loop
      vertex 15.337735690612247 -3.140810141330768 2.6
      vertex 15.332222909991703 -3.1779742895056593 3.7
      vertex 15.353822079395155 -3.0323645169758078 3.7
    endloop
  endfacet
  facet normal -0.9700312531945441 0.2429801799032634 0
    outer loop
      vertex 15.353822079395155 -3.0323645169758078 2.6
      vertex 15.353822079395155 -3.0323645169758078 3.7
      vertex 15.389589496401687 -2.8895729841183067 3.7
    endloop
  endfacet
  facet normal -0.8577286100002708 -0.5141027441932239 0
    outer loop
      vertex 15.523981691109976 -4.068572297476279 2.0500000014901163
      vertex 15.577795581546182 -4.158355349529403 3.7
      vertex 15.523981691109976 -4.068572297476279 2.6
    endloop
  endfacet
  facet normal -0.6715589548470186 -0.7409511253549589 2.4112465222735514e-16
    outer loop
      vertex 15.764339828220178 -4.385660171779822 2.0500000014901163
      vertex 15.858848859056408 -4.471318164324982 2.6
      vertex 15.873410073754531 -4.4845156800441055 3.7
    endloop
  endfacet
  facet normal -0.5956993044924359 -0.8032075314806429 0
    outer loop
      vertex 15.873410074534618 -4.484515680622658 2.0500000014901163
      vertex 15.991644650470596 -4.572204418453818 3.7
      vertex 15.873410074534618 -4.484515680622658 2.6
    endloop
  endfacet
  facet normal -0.5956993044924356 -0.8032075314806432 -3.8212938770372657e-17
    outer loop
      vertex 15.873410074534618 -4.484515680622658 2.0500000014901163
      vertex 15.945969414650191 -4.538329354856511 2.6
      vertex 15.991644650470596 -4.572204418453818 3.7
    endloop
  endfacet
  facet normal -0.9039892931234478 -0.42755509343027287 0
    outer loop
      vertex 15.43918070123307 -3.8990251485476346 2.6
      vertex 15.502118103477466 -4.032095105238996 2.6
      vertex 15.43918070123307 -3.8990251485476346 3.7
    endloop
  endfacet
  facet normal -0.9415440651830203 -0.3368898533922216 0
    outer loop
      vertex 15.43918070123307 -3.8990251485476346 2.6
      vertex 15.389589496401687 -3.7604270158816937 3.7
      vertex 15.389589496401687 -3.7604270158816937 2.6
    endloop
  endfacet
  facet normal -0.8577286100002621 -0.5141027441932386 0
    outer loop
      vertex 15.502118103477466 -4.032095105238996 2.6
      vertex 15.523981691109976 -4.068572297476279 2.6
      vertex 15.502118103477466 -4.032095105238996 3.7
    endloop
  endfacet
  facet normal -0.5141027441932139 -0.8577286100002768 0
    outer loop
      vertex 15.991644650470596 -4.572204418453818 2.6
      vertex 16.117904894761004 -4.647881896522533 2.6
      vertex 15.991644650470596 -4.572204418453818 3.7
    endloop
  endfacet
  facet normal -0.42755509343028275 -0.9039892931234431 0
    outer loop
      vertex 16.117904894761004 -4.647881896522533 2.6
      vertex 16.250974851452366 -4.71081929876693 2.6
      vertex 16.117904894761004 -4.647881896522533 3.7
    endloop
  endfacet
  facet normal -0.3368898533922226 -0.9415440651830199 0
    outer loop
      vertex 16.250974851452366 -4.71081929876693 2.6
      vertex 16.389572984118306 -4.7604105035983135 2.6
      vertex 16.250974851452366 -4.71081929876693 3.7
    endloop
  endfacet
  facet normal -0.6715589548470083 -0.7409511253549682 0
    outer loop
      vertex 15.858848859056408 -4.471318164324982 2.6
      vertex 15.873410073754531 -4.4845156800441055 2.6
      vertex 15.873410073754531 -4.4845156800441055 3.7
    endloop
  endfacet
  facet normal -0.5956994963607373 -0.803207389181377 0
    outer loop
      vertex 15.873410073754531 -4.4845156800441055 2.6
      vertex 15.873410074534618 -4.484515680622658 2.6
      vertex 15.873410073754531 -4.4845156800441055 3.7
    endloop
  endfacet
  facet normal -0.5956993044924361 -0.8032075314806428 0
    outer loop
      vertex 15.991644650470596 -4.572204418453818 2.6
      vertex 15.991644650470596 -4.572204418453818 3.7
      vertex 15.945969414650191 -4.538329354856511 2.6
    endloop
  endfacet
  facet normal -0.24298017990326815 -0.970031253194543 0
    outer loop
      vertex 16.435111700176073 -4.771817358154638 2.0500000014901163
      vertex 16.532364516975807 -4.796177920604846 3.7
      vertex 16.435111700176073 -4.771817358154638 2.6
    endloop
  endfacet
  facet normal -0.14673047445536708 -0.98917650996478 5.326480283935514e-16
    outer loop
      vertex 16.532364516975807 -4.796177920604846 2.0500000014901163
      vertex 16.658022858203594 -4.814817574743301 2.6
      vertex 16.67797428950566 -4.8177770900082955 3.7
    endloop
  endfacet
  facet normal -0.049067674327423226 -0.9987954562051722 0
    outer loop
      vertex 16.692651318154603 -4.818498126189794 2.0500000014901163
      vertex 16.825 -4.825 3.7
      vertex 16.692651318154603 -4.818498126189794 2.6
    endloop
  endfacet
  facet normal -0.24298017990325343 -0.9700312531945466 0
    outer loop
      vertex 16.389572984118306 -4.7604105035983135 2.6
      vertex 16.435111700176073 -4.771817358154638 2.6
      vertex 16.389572984118306 -4.7604105035983135 3.7
    endloop
  endfacet
  facet normal -0.14673047445533838 -0.9891765099647846 0
    outer loop
      vertex 16.658022858203594 -4.814817574743301 2.6
      vertex 16.67797428950566 -4.8177770900082955 2.6
      vertex 16.67797428950566 -4.8177770900082955 3.7
    endloop
  endfacet
  facet normal -0.04906767432737726 -0.9987954562051744 0
    outer loop
      vertex 16.67797428950566 -4.8177770900082955 2.6
      vertex 16.692651318154603 -4.818498126189794 2.6
      vertex 16.67797428950566 -4.8177770900082955 3.7
    endloop
  endfacet
  facet normal -0.8032075314806472 -0.5956993044924305 0
    outer loop
      vertex 15.577795581546182 -4.158355349529403 2.0500000014901163
      vertex 15.665484319955894 -4.276589926245468 3.7
      vertex 15.577795581546182 -4.158355349529403 3.7
    endloop
  endfacet
  facet normal -0.7409511253549605 -0.6715589548470168 0
    outer loop
      vertex 15.665484319955894 -4.276589926245468 2.0500000014901163
      vertex 15.764339828220178 -4.385660171779822 3.7
      vertex 15.665484319955894 -4.276589926245468 3.7
    endloop
  endfacet
  facet normal -0.6715589548470164 -0.7409511253549608 0
    outer loop
      vertex 15.764339828220178 -4.385660171779822 2.0500000014901163
      vertex 15.873410073754531 -4.4845156800441055 3.7
      vertex 15.764339828220178 -4.385660171779822 3.7
    endloop
  endfacet
  facet normal -0.9039892931234478 -0.42755509343027287 0
    outer loop
      vertex 15.502118103477466 -4.032095105238996 2.6
      vertex 15.502118103477466 -4.032095105238996 3.7
      vertex 15.43918070123307 -3.8990251485476346 3.7
    endloop
  endfacet
  facet normal -0.9415440651830203 -0.3368898533922216 0
    outer loop
      vertex 15.43918070123307 -3.8990251485476346 2.6
      vertex 15.43918070123307 -3.8990251485476346 3.7
      vertex 15.389589496401687 -3.7604270158816937 3.7
    endloop
  endfacet
  facet normal -0.9700312531945441 -0.2429801799032634 0
    outer loop
      vertex 15.389589496401687 -3.7604270158816937 2.6
      vertex 15.389589496401687 -3.7604270158816937 3.7
      vertex 15.353822079395155 -3.6176354830241926 3.7
    endloop
  endfacet
  facet normal -0.8577286100002682 -0.514102744193228 -4.713825683283496e-16
    outer loop
      vertex 15.523981691109976 -4.068572297476279 2.6
      vertex 15.577795581546182 -4.158355349529403 3.7
      vertex 15.502118103477466 -4.032095105238996 3.7
    endloop
  endfacet
  facet normal -0.5141027441932139 -0.8577286100002768 0
    outer loop
      vertex 16.117904894761004 -4.647881896522533 2.6
      vertex 16.117904894761004 -4.647881896522533 3.7
      vertex 15.991644650470596 -4.572204418453818 3.7
    endloop
  endfacet
  facet normal -0.42755509343028275 -0.9039892931234431 0
    outer loop
      vertex 16.250974851452366 -4.71081929876693 2.6
      vertex 16.250974851452366 -4.71081929876693 3.7
      vertex 16.117904894761004 -4.647881896522533 3.7
    endloop
  endfacet
  facet normal -0.5956993044924372 -0.8032075314806421 2.109105058935491e-16
    outer loop
      vertex 15.873410074534618 -4.484515680622658 2.6
      vertex 15.991644650470596 -4.572204418453818 3.7
      vertex 15.873410073754531 -4.4845156800441055 3.7
    endloop
  endfacet
  facet normal -0.14673047445536114 -0.989176509964781 0
    outer loop
      vertex 16.532364516975807 -4.796177920604846 2.0500000014901163
      vertex 16.67797428950566 -4.8177770900082955 3.7
      vertex 16.532364516975807 -4.796177920604846 3.7
    endloop
  endfacet
  facet normal -0.3368898533922226 -0.9415440651830199 0
    outer loop
      vertex 16.389572984118306 -4.7604105035983135 2.6
      vertex 16.389572984118306 -4.7604105035983135 3.7
      vertex 16.250974851452366 -4.71081929876693 3.7
    endloop
  endfacet
  facet normal -0.2429801799032634 -0.9700312531945441 -4.3924284776050952e-16
    outer loop
      vertex 16.435111700176073 -4.771817358154638 2.6
      vertex 16.532364516975807 -4.796177920604846 3.7
      vertex 16.389572984118306 -4.7604105035983135 3.7
    endloop
  endfacet
  facet normal -0.04906767432741864 -0.9987954562051724 -5.534058135275355e-16
    outer loop
      vertex 16.692651318154603 -4.818498126189794 2.6
      vertex 16.825 -4.825 3.7
      vertex 16.67797428950566 -4.8177770900082955 3.7
    endloop
  endfacet
  facet normal -0.9415440651830228 0.3368898533922145 -6.788991272257195e-16
    outer loop
      vertex 15.43918070123307 -2.7509748514523658 2.0500000014901163
      vertex 15.3981299391777 -2.8657040455651828 2.6
      vertex 15.389589496401687 -2.8895729841183067 3.7
    endloop
  endfacet
  facet normal -0.9700312531945429 0.24298017990326842 -6.932277654074025e-16
    outer loop
      vertex 15.353822079395155 -3.0323645169758078 2.6
      vertex 15.389589496401687 -2.8895729841183067 3.7
      vertex 15.388369250294675 -2.8944444796487763 2.6
    endloop
  endfacet
  facet normal -0.9415440651830128 0.3368898533922422 0
    outer loop
      vertex 15.389589496401687 -2.8895729841183067 2.6
      vertex 15.389589496401687 -2.8895729841183067 3.7
      vertex 15.3981299391777 -2.8657040455651828 2.6
    endloop
  endfacet
  facet normal -0.9700308552850299 0.24298176844157124 0
    outer loop
      vertex 15.389589496401687 -2.8895729841183067 2.6
      vertex 15.389589496310752 -2.889572984481338 2.6
      vertex 15.389589496401687 -2.8895729841183067 3.7
    endloop
  endfacet
  facet normal -0.9700312531946095 0.24298017990300244 5.572062667709201e-16
    outer loop
      vertex 15.388369250294675 -2.8944444796487763 2.6
      vertex 15.389589496401687 -2.8895729841183067 3.7
      vertex 15.389589496310752 -2.889572984481338 2.6
    endloop
  endfacet
  facet normal -0.33688985339222105 0.9415440651830205 0
    outer loop
      vertex 16.36570403652836 -1.8981299424111264 2.0500000014901163
      vertex 16.250974851452366 -1.9391807012330702 3.7
      vertex 16.36570403652836 -1.8981299424111264 2.6
    endloop
  endfacet
  facet normal -0.1467304744553555 0.9891765099647819 0
    outer loop
      vertex 16.67797428950566 -1.832222909991705 2.0500000014901163
      vertex 16.64081009604379 -1.8377356973299372 2.6
      vertex 16.67797428950566 -1.832222909991705 3.7
    endloop
  endfacet
  facet normal -0.049067674327420575 0.9987954562051723 0
    outer loop
      vertex 16.718155815646554 -1.8302489181934731 2.0500000014901163
      vertex 16.67797428950566 -1.832222909991705 3.7
      vertex 16.718155815646554 -1.8302489181934731 2.6
    endloop
  endfacet
  facet normal -0.24297897378100927 0.9700315553116443 0
    outer loop
      vertex 16.389572984118306 -1.8895894964016868 2.6
      vertex 16.389572984118306 -1.8895894964016868 3.7
      vertex 16.38957298448134 -1.889589496310752 2.6
    endloop
  endfacet
  facet normal -0.2429801799033997 0.97003125319451 -4.2303314426525295e-16
    outer loop
      vertex 16.38957298448134 -1.889589496310752 2.6
      vertex 16.389572984118306 -1.8895894964016868 3.7
      vertex 16.394444472110706 -1.888369252182862 2.6
    endloop
  endfacet
  facet normal -0.33688985339223027 0.9415440651830173 0
    outer loop
      vertex 16.36570403652836 -1.8981299424111264 2.6
      vertex 16.389572984118306 -1.8895894964016868 3.7
      vertex 16.389572984118306 -1.8895894964016868 2.6
    endloop
  endfacet
  facet normal -0.2429801799032618 0.9700312531945445 0
    outer loop
      vertex 16.394444472110706 -1.888369252182862 2.6
      vertex 16.532364516975807 -1.8538220793951545 3.7
      vertex 16.532364516975807 -1.8538220793951545 2.6
    endloop
  endfacet
  facet normal -0.1467304744553631 0.9891765099647808 2.625199917577722e-16
    outer loop
      vertex 16.532364516975807 -1.8538220793951545 2.6
      vertex 16.67797428950566 -1.832222909991705 3.7
      vertex 16.64081009604379 -1.8377356973299372 2.6
    endloop
  endfacet
  facet normal -0.04906767432741791 0.9987954562051724 0
    outer loop
      vertex 16.718155815646554 -1.8302489181934731 2.6
      vertex 16.825 -1.8250000000000002 3.7
      vertex 16.825 -1.8250000000000002 2.6
    endloop
  endfacet
  facet normal -0.9415440651830203 0.33688985339222166 0
    outer loop
      vertex 15.43918070123307 -2.7509748514523658 2.0500000014901163
      vertex 15.389589496401687 -2.8895729841183067 3.7
      vertex 15.43918070123307 -2.7509748514523658 3.7
    endloop
  endfacet
  facet normal -0.9039892931234482 0.42755509343027176 0
    outer loop
      vertex 15.502118103477466 -2.6179048947610037 2.0500000014901163
      vertex 15.43918070123307 -2.7509748514523658 3.7
      vertex 15.502118103477466 -2.6179048947610037 3.7
    endloop
  endfacet
  facet normal -0.8577286100002682 0.5141027441932281 0
    outer loop
      vertex 15.577795581546182 -2.491644650470597 2.0500000014901163
      vertex 15.502118103477466 -2.6179048947610037 3.7
      vertex 15.577795581546182 -2.491644650470597 3.7
    endloop
  endfacet
  facet normal -0.8032075314806459 0.5956993044924318 0
    outer loop
      vertex 15.665484319955894 -2.373410073754532 2.0500000014901163
      vertex 15.577795581546182 -2.491644650470597 3.7
      vertex 15.665484319955894 -2.373410073754532 3.7
    endloop
  endfacet
  facet normal -0.7409511253549592 0.6715589548470183 0
    outer loop
      vertex 15.764339828220178 -2.2643398282201788 2.0500000014901163
      vertex 15.665484319955894 -2.373410073754532 3.7
      vertex 15.764339828220178 -2.2643398282201788 3.7
    endloop
  endfacet
  facet normal -0.6715589548470181 0.7409511253549593 0
    outer loop
      vertex 15.873410073754531 -2.165484319955895 2.0500000014901163
      vertex 15.764339828220178 -2.2643398282201788 3.7
      vertex 15.873410073754531 -2.165484319955895 3.7
    endloop
  endfacet
  facet normal -0.5956993044924352 0.8032075314806435 0
    outer loop
      vertex 15.991644650470596 -2.0777955815461824 2.0500000014901163
      vertex 15.873410073754531 -2.165484319955895 3.7
      vertex 15.991644650470596 -2.0777955815461824 3.7
    endloop
  endfacet
  facet normal -0.5141027441932161 0.8577286100002753 0
    outer loop
      vertex 16.117904894761004 -2.0021181034774678 2.0500000014901163
      vertex 15.991644650470596 -2.0777955815461824 3.7
      vertex 16.117904894761004 -2.0021181034774678 3.7
    endloop
  endfacet
  facet normal -0.4275550934302827 0.903989293123443 0
    outer loop
      vertex 16.250974851452366 -1.9391807012330702 2.0500000014901163
      vertex 16.117904894761004 -2.0021181034774678 3.7
      vertex 16.250974851452366 -1.9391807012330702 3.7
    endloop
  endfacet
  facet normal -0.33688985339222255 0.9415440651830199 -1.8882085833607334e-16
    outer loop
      vertex 16.36570403652836 -1.8981299424111264 2.6
      vertex 16.250974851452366 -1.9391807012330702 3.7
      vertex 16.389572984118306 -1.8895894964016868 3.7
    endloop
  endfacet
  facet normal -0.2429801799032634 0.9700312531945441 2.1844966323455219e-16
    outer loop
      vertex 16.394444472110706 -1.888369252182862 2.6
      vertex 16.389572984118306 -1.8895894964016868 3.7
      vertex 16.532364516975807 -1.8538220793951545 3.7
    endloop
  endfacet
  facet normal -0.14673047445536117 0.989176509964781 0
    outer loop
      vertex 16.532364516975807 -1.8538220793951545 2.6
      vertex 16.532364516975807 -1.8538220793951545 3.7
      vertex 16.67797428950566 -1.832222909991705 3.7
    endloop
  endfacet
  facet normal -0.04906767432741864 0.9987954562051724 7.047303312011266e-17
    outer loop
      vertex 16.718155815646554 -1.8302489181934731 2.6
      vertex 16.67797428950566 -1.832222909991705 3.7
      vertex 16.825 -1.8250000000000002 3.7
    endloop
  endfacet
  facet normal 0 0 1
    outer loop
      vertex 15.332222909991703 -3.472025710494341 3.7
      vertex 15.332222909991703 -3.1779742895056593 3.7
      vertex 15.325 -3.325 3.7
    endloop
  endfacet
  facet normal 0 0 1
    outer loop
      vertex 15.353822079395155 -3.6176354830241926 3.7
      vertex 15.353822079395155 -3.0323645169758078 3.7
      vertex 15.332222909991703 -3.472025710494341 3.7
    endloop
  endfacet
  facet normal 0 0 1
    outer loop
      vertex 15.332222909991703 -3.472025710494341 3.7
      vertex 15.353822079395155 -3.0323645169758078 3.7
      vertex 15.332222909991703 -3.1779742895056593 3.7
    endloop
  endfacet
  facet normal 0 0 1
    outer loop
      vertex 15.353822079395155 -3.6176354830241926 3.7
      vertex 15.389589496401687 -2.8895729841183067 3.7
      vertex 15.353822079395155 -3.0323645169758078 3.7
    endloop
  endfacet
  facet normal 0 0 1
    outer loop
      vertex 15.764339828220178 -4.385660171779822 3.7
      vertex 15.873410073754531 -4.4845156800441055 3.7
      vertex 15.873410073754531 -2.165484319955895 3.7
    endloop
  endfacet
  facet normal 0 0 1
    outer loop
      vertex 15.991644650470596 -4.572204418453818 3.7
      vertex 15.991644650470596 -2.0777955815461824 3.7
      vertex 15.873410073754531 -4.4845156800441055 3.7
    endloop
  endfacet
  facet normal 0 0 1
    outer loop
      vertex 15.991644650470596 -4.572204418453818 3.7
      vertex 16.117904894761004 -4.647881896522533 3.7
      vertex 16.117904894761004 -2.0021181034774678 3.7
    endloop
  endfacet
  facet normal 0 0 1
    outer loop
      vertex 16.117904894761004 -4.647881896522533 3.7
      vertex 16.250974851452366 -4.71081929876693 3.7
      vertex 16.250974851452366 -1.9391807012330702 3.7
    endloop
  endfacet
  facet normal 0 0 1
    outer loop
      vertex 16.250974851452366 -4.71081929876693 3.7
      vertex 16.389572984118306 -4.7604105035983135 3.7
      vertex 16.389572984118306 -1.8895894964016868 3.7
    endloop
  endfacet
  facet normal 0 0 1
    outer loop
      vertex 16.389572984118306 -4.7604105035983135 3.7
      vertex 16.532364516975807 -4.796177920604846 3.7
      vertex 16.532364516975807 -1.8538220793951545 3.7
    endloop
  endfacet
  facet normal 0 0 1
    outer loop
      vertex 16.532364516975807 -4.796177920604846 3.7
      vertex 16.67797428950566 -4.8177770900082955 3.7
      vertex 16.67797428950566 -1.832222909991705 3.7
    endloop
  endfacet
  facet normal 0 0 1
    outer loop
      vertex 16.67797428950566 -4.8177770900082955 3.7
      vertex 16.825 -4.825 3.7
      vertex 16.825 -1.8250000000000002 3.7
    endloop
  endfacet
  facet normal 0 0 1
    outer loop
      vertex 15.43918070123307 -3.8990251485476346 3.7
      vertex 15.43918070123307 -2.7509748514523658 3.7
      vertex 15.389589496401687 -3.7604270158816937 3.7
    endloop
  endfacet
  facet normal 0 0 1
    outer loop
      vertex 15.43918070123307 -3.8990251485476346 3.7
      vertex 15.502118103477466 -4.032095105238996 3.7
      vertex 15.502118103477466 -2.6179048947610037 3.7
    endloop
  endfacet
  facet normal 0 0 1
    outer loop
      vertex 15.353822079395155 -3.6176354830241926 3.7
      vertex 15.389589496401687 -3.7604270158816937 3.7
      vertex 15.389589496401687 -2.8895729841183067 3.7
    endloop
  endfacet
  facet normal 0 0 1
    outer loop
      vertex 15.577795581546182 -4.158355349529403 3.7
      vertex 15.577795581546182 -2.491644650470597 3.7
      vertex 15.502118103477466 -4.032095105238996 3.7
    endloop
  endfacet
  facet normal 0 0 1
    outer loop
      vertex 15.389589496401687 -3.7604270158816937 3.7
      vertex 15.43918070123307 -2.7509748514523658 3.7
      vertex 15.389589496401687 -2.8895729841183067 3.7
    endloop
  endfacet
  facet normal 0 0 1
    outer loop
      vertex 15.43918070123307 -3.8990251485476346 3.7
      vertex 15.502118103477466 -2.6179048947610037 3.7
      vertex 15.43918070123307 -2.7509748514523658 3.7
    endloop
  endfacet
  facet normal 0 0 1
    outer loop
      vertex 15.502118103477466 -4.032095105238996 3.7
      vertex 15.577795581546182 -2.491644650470597 3.7
      vertex 15.502118103477466 -2.6179048947610037 3.7
    endloop
  endfacet
  facet normal 0 0 1
    outer loop
      vertex 15.577795581546182 -4.158355349529403 3.7
      vertex 15.665484319955894 -2.373410073754532 3.7
      vertex 15.577795581546182 -2.491644650470597 3.7
    endloop
  endfacet
  facet normal 0 0 1
    outer loop
      vertex 15.577795581546182 -4.158355349529403 3.7
      vertex 15.665484319955894 -4.276589926245468 3.7
      vertex 15.665484319955894 -2.373410073754532 3.7
    endloop
  endfacet
  facet normal 0 0 1
    outer loop
      vertex 15.665484319955894 -4.276589926245468 3.7
      vertex 15.764339828220178 -4.385660171779822 3.7
      vertex 15.764339828220178 -2.2643398282201788 3.7
    endloop
  endfacet
  facet normal 0 0 1
    outer loop
      vertex 15.665484319955894 -4.276589926245468 3.7
      vertex 15.764339828220178 -2.2643398282201788 3.7
      vertex 15.665484319955894 -2.373410073754532 3.7
    endloop
  endfacet
  facet normal 0 0 1
    outer loop
      vertex 15.764339828220178 -4.385660171779822 3.7
      vertex 15.873410073754531 -2.165484319955895 3.7
      vertex 15.764339828220178 -2.2643398282201788 3.7
    endloop
  endfacet
  facet normal 0 0 1
    outer loop
      vertex 15.873410073754531 -4.4845156800441055 3.7
      vertex 15.991644650470596 -2.0777955815461824 3.7
      vertex 15.873410073754531 -2.165484319955895 3.7
    endloop
  endfacet
  facet normal 0 0 1
    outer loop
      vertex 15.991644650470596 -4.572204418453818 3.7
      vertex 16.117904894761004 -2.0021181034774678 3.7
      vertex 15.991644650470596 -2.0777955815461824 3.7
    endloop
  endfacet
  facet normal 0 0 1
    outer loop
      vertex 16.117904894761004 -4.647881896522533 3.7
      vertex 16.250974851452366 -1.9391807012330702 3.7
      vertex 16.117904894761004 -2.0021181034774678 3.7
    endloop
  endfacet
  facet normal 0 0 1
    outer loop
      vertex 16.250974851452366 -4.71081929876693 3.7
      vertex 16.389572984118306 -1.8895894964016868 3.7
      vertex 16.250974851452366 -1.9391807012330702 3.7
    endloop
  endfacet
  facet normal 0 0 1
    outer loop
      vertex 16.389572984118306 -4.7604105035983135 3.7
      vertex 16.532364516975807 -1.8538220793951545 3.7
      vertex 16.389572984118306 -1.8895894964016868 3.7
    endloop
  endfacet
  facet normal 0 0 1
    outer loop
      vertex 16.532364516975807 -4.796177920604846 3.7
      vertex 16.67797428950566 -1.832222909991705 3.7
      vertex 16.532364516975807 -1.8538220793951545 3.7
    endloop
  endfacet
  facet normal 0 0 1
    outer loop
      vertex 16.67797428950566 -4.8177770900082955 3.7
      vertex 16.825 -1.8250000000000002 3.7
      vertex 16.67797428950566 -1.832222909991705 3.7
    endloop
  endfacet
  facet normal 0 -1 0
    outer loop
      vertex 16.825 -4.825 2.0500000014901163
      vertex 19.5 -4.825 3.7
      vertex 16.825 -4.825 3.7
    endloop
  endfacet
  facet normal 0 1 0
    outer loop
      vertex 16.825 -1.8250000000000002 2.6
      vertex 19.5 -1.8250000000000002 3.7
      vertex 19.25 -1.8250000000000002 2.6
    endloop
  endfacet
  facet normal 0 1 0
    outer loop
      vertex 16.825 -1.8250000000000002 2.6
      vertex 16.825 -1.8250000000000002 3.7
      vertex 19.5 -1.8250000000000002 3.7
    endloop
  endfacet
  facet normal 0.04906767432741863 -0.9987954562051723 0
    outer loop
      vertex 19.5 -4.825 2.0500000014901163
      vertex 19.64702571049434 -4.8177770900082955 3.7
      vertex 19.5 -4.825 3.7
    endloop
  endfacet
  facet normal 0.14673047445536114 -0.989176509964781 0
    outer loop
      vertex 19.64702571049434 -4.8177770900082955 2.0500000014901163
      vertex 19.792635483024192 -4.796177920604846 3.7
      vertex 19.64702571049434 -4.8177770900082955 3.7
    endloop
  endfacet
  facet normal 0.24298017990326343 -0.9700312531945441 0
    outer loop
      vertex 19.792635483024192 -4.796177920604846 2.0500000014901163
      vertex 19.935427015881693 -4.7604105035983135 3.7
      vertex 19.792635483024192 -4.796177920604846 3.7
    endloop
  endfacet
  facet normal 0.3368898533922226 -0.9415440651830198 0
    outer loop
      vertex 19.935427015881693 -4.7604105035983135 2.0500000014901163
      vertex 20.074025148547634 -4.71081929876693 3.7
      vertex 19.935427015881693 -4.7604105035983135 3.7
    endloop
  endfacet
  facet normal 0.4275550934302827 -0.903989293123443 0
    outer loop
      vertex 20.074025148547634 -4.71081929876693 2.0500000014901163
      vertex 20.207095105238995 -4.647881896522533 3.7
      vertex 20.074025148547634 -4.71081929876693 3.7
    endloop
  endfacet
  facet normal 0.5141027441932192 -0.8577286100002736 0
    outer loop
      vertex 20.207095105238995 -4.647881896522533 2.0500000014901163
      vertex 20.333355349529402 -4.572204418453818 3.7
      vertex 20.207095105238995 -4.647881896522533 3.7
    endloop
  endfacet
  facet normal 0.5956993044924314 -0.8032075314806463 0
    outer loop
      vertex 20.333355349529402 -4.572204418453818 2.0500000014901163
      vertex 20.451589926245468 -4.4845156800441055 3.7
      vertex 20.333355349529402 -4.572204418453818 3.7
    endloop
  endfacet
  facet normal 0.6715589548470106 -0.7409511253549663 0
    outer loop
      vertex 20.451589926245468 -4.4845156800441055 2.0500000014901163
      vertex 20.560660171779823 -4.385660171779822 3.7
      vertex 20.451589926245468 -4.4845156800441055 3.7
    endloop
  endfacet
  facet normal 0.7409511253549667 -0.6715589548470101 0
    outer loop
      vertex 20.560660171779823 -4.385660171779822 2.0500000014901163
      vertex 20.659515680044105 -4.276589926245468 3.7
      vertex 20.560660171779823 -4.385660171779822 3.7
    endloop
  endfacet
  facet normal 0.8032075314806413 -0.5956993044924382 0
    outer loop
      vertex 20.659515680044105 -4.276589926245468 2.0500000014901163
      vertex 20.74720441845382 -4.158355349529403 3.7
      vertex 20.659515680044105 -4.276589926245468 3.7
    endloop
  endfacet
  facet normal 0.8577286100002789 -0.5141027441932102 0
    outer loop
      vertex 20.74720441845382 -4.158355349529403 2.0500000014901163
      vertex 20.82288189652253 -4.032095105238996 3.7
      vertex 20.74720441845382 -4.158355349529403 3.7
    endloop
  endfacet
  facet normal 0.903989293123443 -0.4275550934302827 0
    outer loop
      vertex 20.82288189652253 -4.032095105238996 2.0500000014901163
      vertex 20.88581929876693 -3.8990251485476346 3.7
      vertex 20.82288189652253 -4.032095105238996 3.7
    endloop
  endfacet
  facet normal 0.9415440651830203 -0.33688985339222166 0
    outer loop
      vertex 20.88581929876693 -3.8990251485476346 2.0500000014901163
      vertex 20.935410503598312 -3.7604270158816937 3.7
      vertex 20.88581929876693 -3.8990251485476346 3.7
    endloop
  endfacet
  facet normal 0.9700312531945441 -0.24298017990326343 0
    outer loop
      vertex 20.935410503598312 -3.7604270158816937 2.0500000014901163
      vertex 20.971177920604845 -3.6176354830241926 3.7
      vertex 20.935410503598312 -3.7604270158816937 3.7
    endloop
  endfacet
  facet normal 0 1 0
    outer loop
      vertex 19.5 -1.8250000000000002 2.0500000014901163
      vertex 19.25 -1.8250000000000002 2.6
      vertex 19.5 -1.8250000000000002 3.7
    endloop
  endfacet
  facet normal 0.04906767432741863 0.9987954562051723 0
    outer loop
      vertex 19.64702571049434 -1.832222909991705 2.0500000014901163
      vertex 19.5 -1.8250000000000002 3.7
      vertex 19.64702571049434 -1.832222909991705 3.7
    endloop
  endfacet
  facet normal 0.14673047445536114 0.989176509964781 0
    outer loop
      vertex 19.792635483024192 -1.8538220793951545 2.0500000014901163
      vertex 19.64702571049434 -1.832222909991705 3.7
      vertex 19.792635483024192 -1.8538220793951545 3.7
    endloop
  endfacet
  facet normal 0.24298017990326343 0.9700312531945441 0
    outer loop
      vertex 19.935427015881693 -1.8895894964016868 2.0500000014901163
      vertex 19.792635483024192 -1.8538220793951545 3.7
      vertex 19.935427015881693 -1.8895894964016868 3.7
    endloop
  endfacet
  facet normal 0.3368898533922226 0.9415440651830198 0
    outer loop
      vertex 20.074025148547634 -1.9391807012330702 2.0500000014901163
      vertex 19.935427015881693 -1.8895894964016868 3.7
      vertex 20.074025148547634 -1.9391807012330702 3.7
    endloop
  endfacet
  facet normal 0.4275550934302827 0.903989293123443 0
    outer loop
      vertex 20.207095105238995 -2.0021181034774678 2.0500000014901163
      vertex 20.074025148547634 -1.9391807012330702 3.7
      vertex 20.207095105238995 -2.0021181034774678 3.7
    endloop
  endfacet
  facet normal 0.5141027441932213 0.8577286100002722 0
    outer loop
      vertex 20.333355349529402 -2.0777955815461824 2.0500000014901163
      vertex 20.207095105238995 -2.0021181034774678 3.7
      vertex 20.333355349529402 -2.0777955815461824 3.7
    endloop
  endfacet
  facet normal 0.5956993044924295 0.8032075314806477 0
    outer loop
      vertex 20.451589926245468 -2.165484319955895 2.0500000014901163
      vertex 20.333355349529402 -2.0777955815461824 3.7
      vertex 20.451589926245468 -2.165484319955895 3.7
    endloop
  endfacet
  facet normal 0.6715589548470121 0.7409511253549648 0
    outer loop
      vertex 20.560660171779823 -2.2643398282201788 2.0500000014901163
      vertex 20.451589926245468 -2.165484319955895 3.7
      vertex 20.560660171779823 -2.2643398282201788 3.7
    endloop
  endfacet
  facet normal 0.9891765099647792 -0.14673047445537338 0
    outer loop
      vertex 20.971177920604845 -3.6176354830241926 2.0500000014901163
      vertex 20.992777090008296 -3.472025710494341 3.7
      vertex 20.971177920604845 -3.6176354830241926 3.7
    endloop
  endfacet
  facet normal 0.9987954562051726 -0.049067674327412325 0
    outer loop
      vertex 20.992777090008296 -3.472025710494341 2.0500000014901163
      vertex 21 -3.325 3.7
      vertex 20.992777090008296 -3.472025710494341 3.7
    endloop
  endfacet
  facet normal 0.9987954562051726 0.049067674327412325 0
    outer loop
      vertex 20.992777090008296 -3.1779742895056593 3.7
      vertex 21 -3.325 3.7
      vertex 21 -3.325 2.0500000014901163
    endloop
  endfacet
  facet normal 0.9891765099647792 0.14673047445537338 0
    outer loop
      vertex 20.992777090008296 -3.1779742895056593 2.0500000014901163
      vertex 20.971177920604845 -3.0323645169758078 3.7
      vertex 20.992777090008296 -3.1779742895056593 3.7
    endloop
  endfacet
  facet normal 0.9700312531945441 0.24298017990326343 0
    outer loop
      vertex 20.971177920604845 -3.0323645169758078 2.0500000014901163
      vertex 20.935410503598312 -2.8895729841183067 3.7
      vertex 20.971177920604845 -3.0323645169758078 3.7
    endloop
  endfacet
  facet normal 0.9415440651830203 0.33688985339222166 0
    outer loop
      vertex 20.935410503598312 -2.8895729841183067 2.0500000014901163
      vertex 20.88581929876693 -2.7509748514523658 3.7
      vertex 20.935410503598312 -2.8895729841183067 3.7
    endloop
  endfacet
  facet normal 0.7409511253549652 0.6715589548470117 0
    outer loop
      vertex 20.659515680044105 -2.373410073754532 2.0500000014901163
      vertex 20.560660171779823 -2.2643398282201788 3.7
      vertex 20.659515680044105 -2.373410073754532 3.7
    endloop
  endfacet
  facet normal 0.8032075314806403 0.5956993044924397 0
    outer loop
      vertex 20.74720441845382 -2.491644650470597 2.0500000014901163
      vertex 20.659515680044105 -2.373410073754532 3.7
      vertex 20.74720441845382 -2.491644650470597 3.7
    endloop
  endfacet
  facet normal 0.8577286100002789 0.5141027441932102 0
    outer loop
      vertex 20.82288189652253 -2.6179048947610037 2.0500000014901163
      vertex 20.74720441845382 -2.491644650470597 3.7
      vertex 20.82288189652253 -2.6179048947610037 3.7
    endloop
  endfacet
  facet normal 0.9039892931234436 0.4275550934302816 0
    outer loop
      vertex 20.88581929876693 -2.7509748514523658 2.0500000014901163
      vertex 20.82288189652253 -2.6179048947610037 3.7
      vertex 20.88581929876693 -2.7509748514523658 3.7
    endloop
  endfacet
  facet normal 0 0 1
    outer loop
      vertex 16.825 -4.825 3.7
      vertex 19.5 -4.825 3.7
      vertex 19.5 -1.8250000000000002 3.7
    endloop
  endfacet
  facet normal 0 0 1
    outer loop
      vertex 16.825 -4.825 3.7
      vertex 19.5 -1.8250000000000002 3.7
      vertex 16.825 -1.8250000000000002 3.7
    endloop
  endfacet
  facet normal 0 0 1
    outer loop
      vertex 19.5 -4.825 3.7
      vertex 19.64702571049434 -4.8177770900082955 3.7
      vertex 19.64702571049434 -1.832222909991705 3.7
    endloop
  endfacet
  facet normal 0 0 1
    outer loop
      vertex 19.64702571049434 -4.8177770900082955 3.7
      vertex 19.792635483024192 -4.796177920604846 3.7
      vertex 19.792635483024192 -1.8538220793951545 3.7
    endloop
  endfacet
  facet normal 0 0 1
    outer loop
      vertex 19.792635483024192 -4.796177920604846 3.7
      vertex 19.935427015881693 -4.7604105035983135 3.7
      vertex 19.935427015881693 -1.8895894964016868 3.7
    endloop
  endfacet
  facet normal 0 0 1
    outer loop
      vertex 19.935427015881693 -4.7604105035983135 3.7
      vertex 20.074025148547634 -4.71081929876693 3.7
      vertex 20.074025148547634 -1.9391807012330702 3.7
    endloop
  endfacet
  facet normal 0 0 1
    outer loop
      vertex 20.074025148547634 -4.71081929876693 3.7
      vertex 20.207095105238995 -4.647881896522533 3.7
      vertex 20.207095105238995 -2.0021181034774678 3.7
    endloop
  endfacet
  facet normal 0 0 1
    outer loop
      vertex 20.207095105238995 -4.647881896522533 3.7
      vertex 20.333355349529402 -4.572204418453818 3.7
      vertex 20.333355349529402 -2.0777955815461824 3.7
    endloop
  endfacet
  facet normal 0 0 1
    outer loop
      vertex 20.333355349529402 -4.572204418453818 3.7
      vertex 20.451589926245468 -4.4845156800441055 3.7
      vertex 20.451589926245468 -2.165484319955895 3.7
    endloop
  endfacet
  facet normal 0 0 1
    outer loop
      vertex 20.451589926245468 -4.4845156800441055 3.7
      vertex 20.560660171779823 -4.385660171779822 3.7
      vertex 20.560660171779823 -2.2643398282201788 3.7
    endloop
  endfacet
  facet normal 0 0 1
    outer loop
      vertex 20.560660171779823 -4.385660171779822 3.7
      vertex 20.659515680044105 -4.276589926245468 3.7
      vertex 20.659515680044105 -2.373410073754532 3.7
    endloop
  endfacet
  facet normal 0 0 1
    outer loop
      vertex 19.5 -4.825 3.7
      vertex 19.64702571049434 -1.832222909991705 3.7
      vertex 19.5 -1.8250000000000002 3.7
    endloop
  endfacet
  facet normal 0 0 1
    outer loop
      vertex 19.64702571049434 -4.8177770900082955 3.7
      vertex 19.792635483024192 -1.8538220793951545 3.7
      vertex 19.64702571049434 -1.832222909991705 3.7
    endloop
  endfacet
  facet normal 0 0 1
    outer loop
      vertex 19.792635483024192 -4.796177920604846 3.7
      vertex 19.935427015881693 -1.8895894964016868 3.7
      vertex 19.792635483024192 -1.8538220793951545 3.7
    endloop
  endfacet
  facet normal 0 0 1
    outer loop
      vertex 19.935427015881693 -4.7604105035983135 3.7
      vertex 20.074025148547634 -1.9391807012330702 3.7
      vertex 19.935427015881693 -1.8895894964016868 3.7
    endloop
  endfacet
  facet normal 0 0 1
    outer loop
      vertex 20.074025148547634 -4.71081929876693 3.7
      vertex 20.207095105238995 -2.0021181034774678 3.7
      vertex 20.074025148547634 -1.9391807012330702 3.7
    endloop
  endfacet
  facet normal 0 0 1
    outer loop
      vertex 20.207095105238995 -4.647881896522533 3.7
      vertex 20.333355349529402 -2.0777955815461824 3.7
      vertex 20.207095105238995 -2.0021181034774678 3.7
    endloop
  endfacet
  facet normal 0 0 1
    outer loop
      vertex 20.333355349529402 -4.572204418453818 3.7
      vertex 20.451589926245468 -2.165484319955895 3.7
      vertex 20.333355349529402 -2.0777955815461824 3.7
    endloop
  endfacet
  facet normal 0 0 1
    outer loop
      vertex 20.451589926245468 -4.4845156800441055 3.7
      vertex 20.560660171779823 -2.2643398282201788 3.7
      vertex 20.451589926245468 -2.165484319955895 3.7
    endloop
  endfacet
  facet normal 0 0 1
    outer loop
      vertex 20.659515680044105 -4.276589926245468 3.7
      vertex 20.74720441845382 -4.158355349529403 3.7
      vertex 20.74720441845382 -2.491644650470597 3.7
    endloop
  endfacet
  facet normal 0 0 1
    outer loop
      vertex 20.560660171779823 -4.385660171779822 3.7
      vertex 20.659515680044105 -2.373410073754532 3.7
      vertex 20.560660171779823 -2.2643398282201788 3.7
    endloop
  endfacet
  facet normal 0 0 1
    outer loop
      vertex 20.659515680044105 -4.276589926245468 3.7
      vertex 20.74720441845382 -2.491644650470597 3.7
      vertex 20.659515680044105 -2.373410073754532 3.7
    endloop
  endfacet
  facet normal 0 0 1
    outer loop
      vertex 20.74720441845382 -4.158355349529403 3.7
      vertex 20.82288189652253 -4.032095105238996 3.7
      vertex 20.82288189652253 -2.6179048947610037 3.7
    endloop
  endfacet
  facet normal 0 0 1
    outer loop
      vertex 20.82288189652253 -4.032095105238996 3.7
      vertex 20.88581929876693 -3.8990251485476346 3.7
      vertex 20.88581929876693 -2.7509748514523658 3.7
    endloop
  endfacet
  facet normal 0 0 1
    outer loop
      vertex 20.88581929876693 -3.8990251485476346 3.7
      vertex 20.935410503598312 -3.7604270158816937 3.7
      vertex 20.935410503598312 -2.8895729841183067 3.7
    endloop
  endfacet
  facet normal 0 0 1
    outer loop
      vertex 20.935410503598312 -3.7604270158816937 3.7
      vertex 20.971177920604845 -3.6176354830241926 3.7
      vertex 20.971177920604845 -3.0323645169758078 3.7
    endloop
  endfacet
  facet normal 0 0 1
    outer loop
      vertex 20.971177920604845 -3.6176354830241926 3.7
      vertex 20.992777090008296 -3.472025710494341 3.7
      vertex 20.992777090008296 -3.1779742895056593 3.7
    endloop
  endfacet
  facet normal 0 0 1
    outer loop
      vertex 20.992777090008296 -3.472025710494341 3.7
      vertex 21 -3.325 3.7
      vertex 20.992777090008296 -3.1779742895056593 3.7
    endloop
  endfacet
  facet normal 0 0 1
    outer loop
      vertex 20.935410503598312 -3.7604270158816937 3.7
      vertex 20.971177920604845 -3.0323645169758078 3.7
      vertex 20.935410503598312 -2.8895729841183067 3.7
    endloop
  endfacet
  facet normal 0 0 1
    outer loop
      vertex 20.971177920604845 -3.6176354830241926 3.7
      vertex 20.992777090008296 -3.1779742895056593 3.7
      vertex 20.971177920604845 -3.0323645169758078 3.7
    endloop
  endfacet
  facet normal 0 0 1
    outer loop
      vertex 20.74720441845382 -4.158355349529403 3.7
      vertex 20.82288189652253 -2.6179048947610037 3.7
      vertex 20.74720441845382 -2.491644650470597 3.7
    endloop
  endfacet
  facet normal 0 0 1
    outer loop
      vertex 20.82288189652253 -4.032095105238996 3.7
      vertex 20.88581929876693 -2.7509748514523658 3.7
      vertex 20.82288189652253 -2.6179048947610037 3.7
    endloop
  endfacet
  facet normal 0 0 1
    outer loop
      vertex 20.88581929876693 -3.8990251485476346 3.7
      vertex 20.935410503598312 -2.8895729841183067 3.7
      vertex 20.88581929876693 -2.7509748514523658 3.7
    endloop
  endfacet
  facet normal -0.9891765099647819 -0.14673047445535553 0
    outer loop
      vertex 15.337735690612247 3.140810141330768 2.0500000014901163
      vertex 15.337735690612247 3.140810141330768 2.6
      vertex 15.332222909991703 3.1779742895056593 2.0500000014901163
    endloop
  endfacet
  facet normal -0.9987954562051731 0.04906767432740473 0
    outer loop
      vertex 15.332222909991703 3.472025710494341 2.0500000014901163
      vertex 15.330199695025634 3.430842223754117 2.0500000014901163
      vertex 15.330199695025634 3.430842223754117 2.6
    endloop
  endfacet
  facet normal -0.9987954562051732 -0.04906767432740286 0
    outer loop
      vertex 15.332222909991703 3.1779742895056593 2.0500000014901163
      vertex 15.332222909991703 3.1779742895056593 3.7
      vertex 15.330248920651664 3.218155765608901 2.0500000014901163
    endloop
  endfacet
  facet normal -0.9891765099647777 0.14673047445538343 0
    outer loop
      vertex 15.332222909991703 3.472025710494341 2.0500000014901163
      vertex 15.332222909991703 3.472025710494341 3.7
      vertex 15.336532955658067 3.5010816782192906 2.0500000014901163
    endloop
  endfacet
  facet normal -0.9700312531946095 -0.2429801799030025 0
    outer loop
      vertex 15.388369250294675 2.8944444796487763 2.0500000014901163
      vertex 15.389589496310752 2.889572984481338 2.0500000014901163
      vertex 15.389589496310752 2.889572984481338 2.6
    endloop
  endfacet
  facet normal -0.33688985339222105 -0.9415440651830205 0
    outer loop
      vertex 16.250974851452366 1.9391807012330702 2.0500000014901163
      vertex 16.36570403652836 1.8981299424111264 2.0500000014901163
      vertex 16.36570403652836 1.8981299424111264 2.6
    endloop
  endfacet
  facet normal -0.24298017990339973 -0.97003125319451 0
    outer loop
      vertex 16.38957298448134 1.889589496310752 2.0500000014901163
      vertex 16.394444472110706 1.888369252182862 2.0500000014901163
      vertex 16.394444472110706 1.888369252182862 2.6
    endloop
  endfacet
  facet normal -0.049067674327420575 -0.9987954562051723 0
    outer loop
      vertex 16.67797428950566 1.832222909991705 2.0500000014901163
      vertex 16.718155815646554 1.8302489181934731 2.0500000014901163
      vertex 16.718155815646554 1.8302489181934731 2.6
    endloop
  endfacet
  facet normal -0.9700312531946095 -0.2429801799030025 0
    outer loop
      vertex 15.388369250294675 2.8944444796487763 2.0500000014901163
      vertex 15.389589496310752 2.889572984481338 2.6
      vertex 15.388369250294675 2.8944444796487763 2.6
    endloop
  endfacet
  facet normal -0.9039892931234482 -0.42755509343027176 0
    outer loop
      vertex 15.502118103477466 2.6179048947610037 2.0500000014901163
      vertex 15.502118103477466 2.6179048947610037 3.7
      vertex 15.43918070123307 2.7509748514523658 2.0500000014901163
    endloop
  endfacet
  facet normal -0.8577286100002682 -0.5141027441932281 0
    outer loop
      vertex 15.577795581546182 2.491644650470597 2.0500000014901163
      vertex 15.577795581546182 2.491644650470597 3.7
      vertex 15.502118103477466 2.6179048947610037 2.0500000014901163
    endloop
  endfacet
  facet normal -0.6715589548470181 -0.7409511253549593 0
    outer loop
      vertex 15.764339828220178 2.2643398282201788 2.0500000014901163
      vertex 15.873410073754531 2.165484319955895 2.0500000014901163
      vertex 15.873410073754531 2.165484319955895 3.7
    endloop
  endfacet
  facet normal -0.8032075314806459 -0.5956993044924318 0
    outer loop
      vertex 15.577795581546182 2.491644650470597 2.0500000014901163
      vertex 15.665484319955894 2.373410073754532 2.0500000014901163
      vertex 15.665484319955894 2.373410073754532 3.7
    endloop
  endfacet
  facet normal -0.7409511253549592 -0.6715589548470183 0
    outer loop
      vertex 15.764339828220178 2.2643398282201788 2.0500000014901163
      vertex 15.764339828220178 2.2643398282201788 3.7
      vertex 15.665484319955894 2.373410073754532 2.0500000014901163
    endloop
  endfacet
  facet normal -0.9415440651830217 -0.33688985339221733 0
    outer loop
      vertex 15.3981299391777 2.8657040455651828 2.0500000014901163
      vertex 15.43918070123307 2.7509748514523658 2.0500000014901163
      vertex 15.43918070123307 2.7509748514523658 3.7
    endloop
  endfacet
  facet normal -0.5956993044924352 -0.8032075314806435 0
    outer loop
      vertex 15.873410073754531 2.165484319955895 2.0500000014901163
      vertex 15.991644650470596 2.0777955815461824 2.0500000014901163
      vertex 15.991644650470596 2.0777955815461824 3.7
    endloop
  endfacet
  facet normal -0.5141027441932161 -0.8577286100002753 0
    outer loop
      vertex 15.991644650470596 2.0777955815461824 2.0500000014901163
      vertex 16.117904894761004 2.0021181034774678 2.0500000014901163
      vertex 16.117904894761004 2.0021181034774678 3.7
    endloop
  endfacet
  facet normal -0.4275550934302827 -0.903989293123443 0
    outer loop
      vertex 16.117904894761004 2.0021181034774678 2.0500000014901163
      vertex 16.250974851452366 1.9391807012330702 2.0500000014901163
      vertex 16.250974851452366 1.9391807012330702 3.7
    endloop
  endfacet
  facet normal -0.24298017990339973 -0.97003125319451 0
    outer loop
      vertex 16.38957298448134 1.889589496310752 2.0500000014901163
      vertex 16.394444472110706 1.888369252182862 2.6
      vertex 16.38957298448134 1.889589496310752 2.6
    endloop
  endfacet
  facet normal -0.1467304744553555 -0.9891765099647819 0
    outer loop
      vertex 16.64081009604379 1.8377356973299372 2.0500000014901163
      vertex 16.67797428950566 1.832222909991705 2.0500000014901163
      vertex 16.67797428950566 1.832222909991705 3.7
    endloop
  endfacet
  facet normal -0.8577286100002708 0.5141027441932239 0
    outer loop
      vertex 15.523981691109976 4.068572297476279 2.0500000014901163
      vertex 15.523981691109976 4.068572297476279 2.6
      vertex 15.577795581546182 4.158355349529403 2.0500000014901163
    endloop
  endfacet
  facet normal -0.5956993044924358 0.803207531480643 0
    outer loop
      vertex 15.873410074534618 4.484515680622658 2.0500000014901163
      vertex 15.945969414650191 4.538329354856511 2.6
      vertex 15.945969414650191 4.538329354856511 2.0500000014901163
    endloop
  endfacet
  facet normal -0.24298017990326815 0.970031253194543 0
    outer loop
      vertex 16.435111700176073 4.771817358154638 2.0500000014901163
      vertex 16.435111700176073 4.771817358154638 2.6
      vertex 16.532364516975807 4.796177920604846 2.0500000014901163
    endloop
  endfacet
  facet normal -0.049067674327423226 0.9987954562051722 0
    outer loop
      vertex 16.692651318154603 4.818498126189794 2.0500000014901163
      vertex 16.692651318154603 4.818498126189794 2.6
      vertex 16.825 4.825 2.0500000014901163
    endloop
  endfacet
  facet normal -0.5956993044924358 0.803207531480643 0
    outer loop
      vertex 15.873410074534618 4.484515680622658 2.0500000014901163
      vertex 15.873410074534618 4.484515680622658 2.6
      vertex 15.945969414650191 4.538329354856511 2.6
    endloop
  endfacet
  facet normal -0.8032075315122071 0.5956993044498766 0
    outer loop
      vertex 15.577795581546182 4.158355349529403 2.0500000014901163
      vertex 15.577795581546182 4.158355349529403 3.7
      vertex 15.66548431995234 4.276589926253767 2.0500000014901163
    endloop
  endfacet
  facet normal -0.7409511253175189 0.6715589548883273 4.97397855500962e-12
    outer loop
      vertex 15.66548431995234 4.276589926253767 2.0500000014901163
      vertex 15.665484319955894 4.276589926245468 3.7
      vertex 15.764339828220178 4.385660171779822 2.0500000014901163
    endloop
  endfacet
  facet normal -0.6715589548470178 0.7409511253549598 0
    outer loop
      vertex 15.764339828220178 4.385660171779822 2.0500000014901163
      vertex 15.764339828220178 4.385660171779822 3.7
      vertex 15.858848859056408 4.471318164324982 2.0500000014901163
    endloop
  endfacet
  facet normal -0.1467304744553648 0.9891765099647806 0
    outer loop
      vertex 16.532364516975807 4.796177920604846 2.0500000014901163
      vertex 16.532364516975807 4.796177920604846 3.7
      vertex 16.658022858203594 4.814817574743301 2.0500000014901163
    endloop
  endfacet
  facet normal 0 1 0
    outer loop
      vertex 16.825 4.825 2.0500000014901163
      vertex 16.825 4.825 3.7
      vertex 19.5 4.825 2.0500000014901163
    endloop
  endfacet
  facet normal 0 -1 0
    outer loop
      vertex 19.25 1.8250000000000002 2.0500000014901163
      vertex 19.5 1.8250000000000002 2.0500000014901163
      vertex 19.25 1.8250000000000002 2.6
    endloop
  endfacet
  facet normal 0.04906767432741863 -0.9987954562051723 0
    outer loop
      vertex 19.5 1.8250000000000002 2.0500000014901163
      vertex 19.64702571049434 1.832222909991705 2.0500000014901163
      vertex 19.64702571049434 1.832222909991705 3.7
    endloop
  endfacet
  facet normal 0.14673047445536114 -0.989176509964781 0
    outer loop
      vertex 19.64702571049434 1.832222909991705 2.0500000014901163
      vertex 19.792635483024192 1.8538220793951545 2.0500000014901163
      vertex 19.792635483024192 1.8538220793951545 3.7
    endloop
  endfacet
  facet normal 0.24298017990326343 -0.9700312531945441 0
    outer loop
      vertex 19.792635483024192 1.8538220793951545 2.0500000014901163
      vertex 19.935427015881693 1.8895894964016868 2.0500000014901163
      vertex 19.935427015881693 1.8895894964016868 3.7
    endloop
  endfacet
  facet normal 0.3368898533922226 -0.9415440651830198 0
    outer loop
      vertex 19.935427015881693 1.8895894964016868 2.0500000014901163
      vertex 20.074025148547634 1.9391807012330702 2.0500000014901163
      vertex 20.074025148547634 1.9391807012330702 3.7
    endloop
  endfacet
  facet normal 0.4275550934302827 -0.903989293123443 0
    outer loop
      vertex 20.074025148547634 1.9391807012330702 2.0500000014901163
      vertex 20.207095105238995 2.0021181034774678 2.0500000014901163
      vertex 20.207095105238995 2.0021181034774678 3.7
    endloop
  endfacet
  facet normal 0.5141027441932213 -0.8577286100002722 0
    outer loop
      vertex 20.207095105238995 2.0021181034774678 2.0500000014901163
      vertex 20.333355349529402 2.0777955815461824 2.0500000014901163
      vertex 20.333355349529402 2.0777955815461824 3.7
    endloop
  endfacet
  facet normal 0.5956993044924295 -0.8032075314806477 0
    outer loop
      vertex 20.333355349529402 2.0777955815461824 2.0500000014901163
      vertex 20.451589926245468 2.165484319955895 2.0500000014901163
      vertex 20.451589926245468 2.165484319955895 3.7
    endloop
  endfacet
  facet normal 0.6715589548470121 -0.7409511253549648 0
    outer loop
      vertex 20.451589926245468 2.165484319955895 2.0500000014901163
      vertex 20.560660171779823 2.2643398282201788 2.0500000014901163
      vertex 20.560660171779823 2.2643398282201788 3.7
    endloop
  endfacet
  facet normal 0.7409511253549652 -0.6715589548470117 0
    outer loop
      vertex 20.560660171779823 2.2643398282201788 2.0500000014901163
      vertex 20.659515680044105 2.373410073754532 2.0500000014901163
      vertex 20.659515680044105 2.373410073754532 3.7
    endloop
  endfacet
  facet normal 0.8032075314806403 -0.5956993044924397 0
    outer loop
      vertex 20.659515680044105 2.373410073754532 2.0500000014901163
      vertex 20.74720441845382 2.491644650470597 2.0500000014901163
      vertex 20.74720441845382 2.491644650470597 3.7
    endloop
  endfacet
  facet normal 0.8577286100002789 -0.5141027441932102 0
    outer loop
      vertex 20.74720441845382 2.491644650470597 2.0500000014901163
      vertex 20.82288189652253 2.6179048947610037 2.0500000014901163
      vertex 20.82288189652253 2.6179048947610037 3.7
    endloop
  endfacet
  facet normal 0.9039892931234436 -0.4275550934302816 0
    outer loop
      vertex 20.82288189652253 2.6179048947610037 2.0500000014901163
      vertex 20.88581929876693 2.7509748514523658 2.0500000014901163
      vertex 20.88581929876693 2.7509748514523658 3.7
    endloop
  endfacet
  facet normal 0.9415440651830203 -0.33688985339222166 0
    outer loop
      vertex 20.88581929876693 2.7509748514523658 2.0500000014901163
      vertex 20.935410503598312 2.8895729841183067 2.0500000014901163
      vertex 20.935410503598312 2.8895729841183067 3.7
    endloop
  endfacet
  facet normal 0.9700312531945441 -0.24298017990326343 0
    outer loop
      vertex 20.935410503598312 2.8895729841183067 2.0500000014901163
      vertex 20.971177920604845 3.0323645169758078 2.0500000014901163
      vertex 20.971177920604845 3.0323645169758078 3.7
    endloop
  endfacet
  facet normal 0.9891765099647792 -0.14673047445537338 0
    outer loop
      vertex 20.971177920604845 3.0323645169758078 2.0500000014901163
      vertex 20.992777090008296 3.1779742895056593 2.0500000014901163
      vertex 20.992777090008296 3.1779742895056593 3.7
    endloop
  endfacet
  facet normal 0.9987954562051726 -0.049067674327412325 0
    outer loop
      vertex 20.992777090008296 3.1779742895056593 2.0500000014901163
      vertex 21 3.325 2.0500000014901163
      vertex 21 3.325 3.7
    endloop
  endfacet
  facet normal 0.9987954562051726 0.049067674327412325 0
    outer loop
      vertex 20.992777090008296 3.472025710494341 2.0500000014901163
      vertex 20.992777090008296 3.472025710494341 3.7
      vertex 21 3.325 2.0500000014901163
    endloop
  endfacet
  facet normal 0.9891765099647792 0.14673047445537338 0
    outer loop
      vertex 20.992777090008296 3.472025710494341 2.0500000014901163
      vertex 20.971177920604845 3.6176354830241926 2.0500000014901163
      vertex 20.971177920604845 3.6176354830241926 3.7
    endloop
  endfacet
  facet normal 0.04906767432741863 0.9987954562051723 0
    outer loop
      vertex 19.5 4.825 2.0500000014901163
      vertex 19.5 4.825 3.7
      vertex 19.64702571049434 4.8177770900082955 2.0500000014901163
    endloop
  endfacet
  facet normal 0.14673047445536114 0.989176509964781 0
    outer loop
      vertex 19.64702571049434 4.8177770900082955 2.0500000014901163
      vertex 19.64702571049434 4.8177770900082955 3.7
      vertex 19.792635483024192 4.796177920604846 2.0500000014901163
    endloop
  endfacet
  facet normal 0.24298017990326343 0.9700312531945441 0
    outer loop
      vertex 19.792635483024192 4.796177920604846 2.0500000014901163
      vertex 19.792635483024192 4.796177920604846 3.7
      vertex 19.935427015881693 4.7604105035983135 2.0500000014901163
    endloop
  endfacet
  facet normal 0.3368898533922226 0.9415440651830198 0
    outer loop
      vertex 19.935427015881693 4.7604105035983135 2.0500000014901163
      vertex 19.935427015881693 4.7604105035983135 3.7
      vertex 20.074025148547634 4.71081929876693 2.0500000014901163
    endloop
  endfacet
  facet normal 0.5956993044924314 0.8032075314806463 0
    outer loop
      vertex 20.451589926245468 4.4845156800441055 2.0500000014901163
      vertex 20.333355349529402 4.572204418453818 2.0500000014901163
      vertex 20.333355349529402 4.572204418453818 3.7
    endloop
  endfacet
  facet normal 0.6715589548470106 0.7409511253549663 0
    outer loop
      vertex 20.451589926245468 4.4845156800441055 2.0500000014901163
      vertex 20.451589926245468 4.4845156800441055 3.7
      vertex 20.560660171779823 4.385660171779822 2.0500000014901163
    endloop
  endfacet
  facet normal 0.4275550934302827 0.903989293123443 0
    outer loop
      vertex 20.074025148547634 4.71081929876693 2.0500000014901163
      vertex 20.074025148547634 4.71081929876693 3.7
      vertex 20.207095105238995 4.647881896522533 2.0500000014901163
    endloop
  endfacet
  facet normal 0.5141027441932192 0.8577286100002736 0
    outer loop
      vertex 20.207095105238995 4.647881896522533 2.0500000014901163
      vertex 20.207095105238995 4.647881896522533 3.7
      vertex 20.333355349529402 4.572204418453818 2.0500000014901163
    endloop
  endfacet
  facet normal 0.7409511253549667 0.6715589548470101 0
    outer loop
      vertex 20.560660171779823 4.385660171779822 2.0500000014901163
      vertex 20.560660171779823 4.385660171779822 3.7
      vertex 20.659515680044105 4.276589926245468 2.0500000014901163
    endloop
  endfacet
  facet normal 0.8032075314806413 0.5956993044924382 0
    outer loop
      vertex 20.659515680044105 4.276589926245468 2.0500000014901163
      vertex 20.659515680044105 4.276589926245468 3.7
      vertex 20.74720441845382 4.158355349529403 2.0500000014901163
    endloop
  endfacet
  facet normal 0.903989293123443 0.4275550934302827 0
    outer loop
      vertex 20.82288189652253 4.032095105238996 2.0500000014901163
      vertex 20.82288189652253 4.032095105238996 3.7
      vertex 20.88581929876693 3.8990251485476346 2.0500000014901163
    endloop
  endfacet
  facet normal 0.9415440651830203 0.33688985339222166 0
    outer loop
      vertex 20.935410503598312 3.7604270158816937 2.0500000014901163
      vertex 20.88581929876693 3.8990251485476346 2.0500000014901163
      vertex 20.88581929876693 3.8990251485476346 3.7
    endloop
  endfacet
  facet normal 0.9700312531945441 0.24298017990326343 0
    outer loop
      vertex 20.971177920604845 3.6176354830241926 2.0500000014901163
      vertex 20.935410503598312 3.7604270158816937 2.0500000014901163
      vertex 20.935410503598312 3.7604270158816937 3.7
    endloop
  endfacet
  facet normal 0.8577286100002789 0.5141027441932102 0
    outer loop
      vertex 20.74720441845382 4.158355349529403 2.0500000014901163
      vertex 20.74720441845382 4.158355349529403 3.7
      vertex 20.82288189652253 4.032095105238996 2.0500000014901163
    endloop
  endfacet
  facet normal -0.9891765099647819 -0.14673047445535553 0
    outer loop
      vertex 15.332222909991703 3.1779742895056593 2.0500000014901163
      vertex 15.337735690612247 3.140810141330768 2.6
      vertex 15.332222909991703 3.1779742895056593 3.7
    endloop
  endfacet
  facet normal -0.9987954562051731 -0.049067674327402847 0
    outer loop
      vertex 15.330248920651664 3.218155765608901 2.0500000014901163
      vertex 15.332222909991703 3.1779742895056593 3.7
      vertex 15.330248920651664 3.218155765608901 2.6
    endloop
  endfacet
  facet normal -0.9987954562051731 0.04906767432740472 0
    outer loop
      vertex 15.332222909991703 3.472025710494341 2.0500000014901163
      vertex 15.330199695025634 3.430842223754117 2.6
      vertex 15.332222909991703 3.472025710494341 3.7
    endloop
  endfacet
  facet normal -0.9891765099647779 0.1467304744553834 0
    outer loop
      vertex 15.336532955658067 3.5010816782192906 2.0500000014901163
      vertex 15.332222909991703 3.472025710494341 3.7
      vertex 15.336532955658067 3.5010816782192906 2.6
    endloop
  endfacet
  facet normal -0.9700312531945429 -0.24298017990326842 0
    outer loop
      vertex 15.353822079395155 3.0323645169758078 2.6
      vertex 15.388369250294675 2.8944444796487763 2.6
      vertex 15.353822079395155 3.0323645169758078 3.7
    endloop
  endfacet
  facet normal -0.9891765099647785 -0.14673047445537954 8.307135996143723e-16
    outer loop
      vertex 15.353822079395155 3.0323645169758078 2.6
      vertex 15.332222909991703 3.1779742895056593 3.7
      vertex 15.337735690612247 3.140810141330768 2.6
    endloop
  endfacet
  facet normal -0.9987954562051725 -0.049067674327415885 0
    outer loop
      vertex 15.330248920651664 3.218155765608901 2.6
      vertex 15.325 3.325 3.7
      vertex 15.325 3.325 2.6
    endloop
  endfacet
  facet normal -0.9987954562051725 0.04906767432741528 -3.9622765962634865e-16
    outer loop
      vertex 15.325 3.325 2.6
      vertex 15.332222909991703 3.472025710494341 3.7
      vertex 15.330199695025634 3.430842223754117 2.6
    endloop
  endfacet
  facet normal -0.9891765099647796 0.1467304744553709 0
    outer loop
      vertex 15.336532955658067 3.5010816782192906 2.6
      vertex 15.353822079395155 3.6176354830241926 3.7
      vertex 15.353822079395155 3.6176354830241926 2.6
    endloop
  endfacet
  facet normal -0.9891765099647791 -0.1467304744553734 0
    outer loop
      vertex 15.353822079395155 3.0323645169758078 2.6
      vertex 15.353822079395155 3.0323645169758078 3.7
      vertex 15.332222909991703 3.1779742895056593 3.7
    endloop
  endfacet
  facet normal -0.9987954562051727 -0.049067674327412325 -3.4667375675000586e-16
    outer loop
      vertex 15.330248920651664 3.218155765608901 2.6
      vertex 15.332222909991703 3.1779742895056593 3.7
      vertex 15.325 3.325 3.7
    endloop
  endfacet
  facet normal -0.9987954562051727 0.04906767432741233 0
    outer loop
      vertex 15.325 3.325 2.6
      vertex 15.325 3.325 3.7
      vertex 15.332222909991703 3.472025710494341 3.7
    endloop
  endfacet
  facet normal -0.9891765099647791 0.1467304744553734 -2.6983973726750757e-16
    outer loop
      vertex 15.336532955658067 3.5010816782192906 2.6
      vertex 15.332222909991703 3.472025710494341 3.7
      vertex 15.353822079395155 3.6176354830241926 3.7
    endloop
  endfacet
  facet normal -0.9700312531945441 0.2429801799032634 0
    outer loop
      vertex 15.353822079395155 3.6176354830241926 2.6
      vertex 15.353822079395155 3.6176354830241926 3.7
      vertex 15.389589496401687 3.7604270158816937 3.7
    endloop
  endfacet
  facet normal -0.9415440651830217 -0.33688985339221733 0
    outer loop
      vertex 15.3981299391777 2.8657040455651828 2.0500000014901163
      vertex 15.43918070123307 2.7509748514523658 3.7
      vertex 15.3981299391777 2.8657040455651828 2.6
    endloop
  endfacet
  facet normal -0.9700308552850299 -0.24298176844157124 0
    outer loop
      vertex 15.389589496401687 2.8895729841183067 2.6
      vertex 15.389589496401687 2.8895729841183067 3.7
      vertex 15.389589496310752 2.889572984481338 2.6
    endloop
  endfacet
  facet normal -0.9700312531946095 -0.24298017990300244 5.572062667709201e-16
    outer loop
      vertex 15.388369250294675 2.8944444796487763 2.6
      vertex 15.389589496310752 2.889572984481338 2.6
      vertex 15.389589496401687 2.8895729841183067 3.7
    endloop
  endfacet
  facet normal -0.9415440651830128 -0.3368898533922422 0
    outer loop
      vertex 15.389589496401687 2.8895729841183067 2.6
      vertex 15.3981299391777 2.8657040455651828 2.6
      vertex 15.389589496401687 2.8895729841183067 3.7
    endloop
  endfacet
  facet normal -0.33688985339221994 -0.9415440651830208 -2.5278162325802886e-16
    outer loop
      vertex 16.250974851452366 1.9391807012330702 2.0500000014901163
      vertex 16.36570403652836 1.8981299424111264 2.6
      vertex 16.389572984118306 1.8895894964016868 3.7
    endloop
  endfacet
  facet normal -0.14673047445535548 -0.9891765099647818 0
    outer loop
      vertex 16.64081009604379 1.8377356973299372 2.0500000014901163
      vertex 16.67797428950566 1.832222909991705 3.7
      vertex 16.64081009604379 1.8377356973299372 2.6
    endloop
  endfacet
  facet normal -0.04906767432742057 -0.9987954562051722 0
    outer loop
      vertex 16.67797428950566 1.832222909991705 2.0500000014901163
      vertex 16.718155815646554 1.8302489181934731 2.6
      vertex 16.67797428950566 1.832222909991705 3.7
    endloop
  endfacet
  facet normal -0.33688985339223027 -0.9415440651830173 0
    outer loop
      vertex 16.36570403652836 1.8981299424111264 2.6
      vertex 16.389572984118306 1.8895894964016868 2.6
      vertex 16.389572984118306 1.8895894964016868 3.7
    endloop
  endfacet
  facet normal -0.24297897378100927 -0.9700315553116443 0
    outer loop
      vertex 16.389572984118306 1.8895894964016868 2.6
      vertex 16.38957298448134 1.889589496310752 2.6
      vertex 16.389572984118306 1.8895894964016868 3.7
    endloop
  endfacet
  facet normal -0.2429801799033997 -0.97003125319451 -4.2303314426525295e-16
    outer loop
      vertex 16.38957298448134 1.889589496310752 2.6
      vertex 16.394444472110706 1.888369252182862 2.6
      vertex 16.389572984118306 1.8895894964016868 3.7
    endloop
  endfacet
  facet normal -0.2429801799032618 -0.9700312531945445 2.2616554610300543e-16
    outer loop
      vertex 16.394444472110706 1.888369252182862 2.6
      vertex 16.532364516975807 1.8538220793951545 2.6
      vertex 16.389572984118306 1.8895894964016868 3.7
    endloop
  endfacet
  facet normal -0.1467304744553631 -0.9891765099647808 0
    outer loop
      vertex 16.532364516975807 1.8538220793951545 2.6
      vertex 16.64081009604379 1.8377356973299372 2.6
      vertex 16.532364516975807 1.8538220793951545 3.7
    endloop
  endfacet
  facet normal -0.04906767432741791 -0.9987954562051724 9.674589731182177e-17
    outer loop
      vertex 16.825 1.8250000000000002 2.6
      vertex 16.67797428950566 1.832222909991705 3.7
      vertex 16.718155815646554 1.8302489181934731 2.6
    endloop
  endfacet
  facet normal -0.9039892931234482 -0.42755509343027176 0
    outer loop
      vertex 15.43918070123307 2.7509748514523658 2.0500000014901163
      vertex 15.502118103477466 2.6179048947610037 3.7
      vertex 15.43918070123307 2.7509748514523658 3.7
    endloop
  endfacet
  facet normal -0.8032075314806459 -0.5956993044924318 0
    outer loop
      vertex 15.577795581546182 2.491644650470597 2.0500000014901163
      vertex 15.665484319955894 2.373410073754532 3.7
      vertex 15.577795581546182 2.491644650470597 3.7
    endloop
  endfacet
  facet normal -0.8577286100002682 -0.5141027441932281 0
    outer loop
      vertex 15.502118103477466 2.6179048947610037 2.0500000014901163
      vertex 15.577795581546182 2.491644650470597 3.7
      vertex 15.502118103477466 2.6179048947610037 3.7
    endloop
  endfacet
  facet normal -0.6715589548470181 -0.7409511253549593 0
    outer loop
      vertex 15.764339828220178 2.2643398282201788 2.0500000014901163
      vertex 15.873410073754531 2.165484319955895 3.7
      vertex 15.764339828220178 2.2643398282201788 3.7
    endloop
  endfacet
  facet normal -0.7409511253549592 -0.6715589548470183 0
    outer loop
      vertex 15.665484319955894 2.373410073754532 2.0500000014901163
      vertex 15.764339828220178 2.2643398282201788 3.7
      vertex 15.665484319955894 2.373410073754532 3.7
    endloop
  endfacet
  facet normal -0.5956993044924352 -0.8032075314806435 0
    outer loop
      vertex 15.873410073754531 2.165484319955895 2.0500000014901163
      vertex 15.991644650470596 2.0777955815461824 3.7
      vertex 15.873410073754531 2.165484319955895 3.7
    endloop
  endfacet
  facet normal -0.5141027441932161 -0.8577286100002753 0
    outer loop
      vertex 15.991644650470596 2.0777955815461824 2.0500000014901163
      vertex 16.117904894761004 2.0021181034774678 3.7
      vertex 15.991644650470596 2.0777955815461824 3.7
    endloop
  endfacet
  facet normal -0.4275550934302827 -0.903989293123443 0
    outer loop
      vertex 16.117904894761004 2.0021181034774678 2.0500000014901163
      vertex 16.250974851452366 1.9391807012330702 3.7
      vertex 16.117904894761004 2.0021181034774678 3.7
    endloop
  endfacet
  facet normal -0.3368898533922226 -0.9415440651830198 0
    outer loop
      vertex 16.250974851452366 1.9391807012330702 2.0500000014901163
      vertex 16.389572984118306 1.8895894964016868 3.7
      vertex 16.250974851452366 1.9391807012330702 3.7
    endloop
  endfacet
  facet normal -0.9415440651830203 -0.3368898533922217 -5.048614439198544e-16
    outer loop
      vertex 15.3981299391777 2.8657040455651828 2.6
      vertex 15.43918070123307 2.7509748514523658 3.7
      vertex 15.389589496401687 2.8895729841183067 3.7
    endloop
  endfacet
  facet normal -0.9700312531945441 -0.2429801799032634 -6.710840612316626e-16
    outer loop
      vertex 15.388369250294675 2.8944444796487763 2.6
      vertex 15.389589496401687 2.8895729841183067 3.7
      vertex 15.353822079395155 3.0323645169758078 3.7
    endloop
  endfacet
  facet normal -0.04906767432741864 -0.9987954562051724 0
    outer loop
      vertex 16.825 1.8250000000000002 2.6
      vertex 16.825 1.8250000000000002 3.7
      vertex 16.67797428950566 1.832222909991705 3.7
    endloop
  endfacet
  facet normal -0.2429801799032634 -0.9700312531945441 0
    outer loop
      vertex 16.532364516975807 1.8538220793951545 2.6
      vertex 16.532364516975807 1.8538220793951545 3.7
      vertex 16.389572984118306 1.8895894964016868 3.7
    endloop
  endfacet
  facet normal -0.14673047445536117 -0.989176509964781 1.9551663345437249e-16
    outer loop
      vertex 16.64081009604379 1.8377356973299372 2.6
      vertex 16.67797428950566 1.832222909991705 3.7
      vertex 16.532364516975807 1.8538220793951545 3.7
    endloop
  endfacet
  facet normal -0.857728610000273 0.5141027441932202 -8.318866558265986e-16
    outer loop
      vertex 15.577795581546182 4.158355349529403 2.0500000014901163
      vertex 15.523981691109976 4.068572297476279 2.6
      vertex 15.502118103477466 4.032095105238996 3.7
    endloop
  endfacet
  facet normal -0.6715589548470177 0.7409511253549595 0
    outer loop
      vertex 15.858848859056408 4.471318164324982 2.0500000014901163
      vertex 15.764339828220178 4.385660171779822 3.7
      vertex 15.858848859056408 4.471318164324982 2.6
    endloop
  endfacet
  facet normal -0.9700312531945441 0.2429801799032634 0
    outer loop
      vertex 15.353822079395155 3.6176354830241926 2.6
      vertex 15.389589496401687 3.7604270158816937 3.7
      vertex 15.389589496401687 3.7604270158816937 2.6
    endloop
  endfacet
  facet normal -0.9415440651830203 0.3368898533922216 0
    outer loop
      vertex 15.389589496401687 3.7604270158816937 2.6
      vertex 15.43918070123307 3.8990251485476346 3.7
      vertex 15.43918070123307 3.8990251485476346 2.6
    endloop
  endfacet
  facet normal -0.9039892931234478 0.42755509343027287 0
    outer loop
      vertex 15.43918070123307 3.8990251485476346 2.6
      vertex 15.502118103477466 4.032095105238996 3.7
      vertex 15.502118103477466 4.032095105238996 2.6
    endloop
  endfacet
  facet normal -0.8577286100002621 0.5141027441932386 0
    outer loop
      vertex 15.502118103477466 4.032095105238996 2.6
      vertex 15.502118103477466 4.032095105238996 3.7
      vertex 15.523981691109976 4.068572297476279 2.6
    endloop
  endfacet
  facet normal -0.6715589548470083 0.7409511253549682 0
    outer loop
      vertex 15.858848859056408 4.471318164324982 2.6
      vertex 15.873410073754531 4.4845156800441055 3.7
      vertex 15.873410073754531 4.4845156800441055 2.6
    endloop
  endfacet
  facet normal -0.5956994963607373 0.803207389181377 0
    outer loop
      vertex 15.873410073754531 4.4845156800441055 2.6
      vertex 15.873410073754531 4.4845156800441055 3.7
      vertex 15.873410074534618 4.484515680622658 2.6
    endloop
  endfacet
  facet normal -0.5956993044924358 0.8032075314806432 2.1091050740718042e-16
    outer loop
      vertex 15.873410074534618 4.484515680622658 2.6
      vertex 15.873410073754531 4.4845156800441055 3.7
      vertex 15.945969414650191 4.538329354856511 2.6
    endloop
  endfacet
  facet normal -0.5956993044924361 0.8032075314806428 0
    outer loop
      vertex 15.945969414650191 4.538329354856511 2.6
      vertex 15.991644650470596 4.572204418453818 3.7
      vertex 15.991644650470596 4.572204418453818 2.6
    endloop
  endfacet
  facet normal -0.5141027441932139 0.8577286100002768 0
    outer loop
      vertex 15.991644650470596 4.572204418453818 2.6
      vertex 16.117904894761004 4.647881896522533 3.7
      vertex 16.117904894761004 4.647881896522533 2.6
    endloop
  endfacet
  facet normal -0.42755509343028275 0.9039892931234431 0
    outer loop
      vertex 16.117904894761004 4.647881896522533 2.6
      vertex 16.250974851452366 4.71081929876693 3.7
      vertex 16.250974851452366 4.71081929876693 2.6
    endloop
  endfacet
  facet normal -0.24298017990327267 0.9700312531945419 -8.420682996130644e-16
    outer loop
      vertex 16.532364516975807 4.796177920604846 2.0500000014901163
      vertex 16.435111700176073 4.771817358154638 2.6
      vertex 16.389572984118306 4.7604105035983135 3.7
    endloop
  endfacet
  facet normal -0.1467304744553648 0.9891765099647807 0
    outer loop
      vertex 16.658022858203594 4.814817574743301 2.0500000014901163
      vertex 16.532364516975807 4.796177920604846 3.7
      vertex 16.658022858203594 4.814817574743301 2.6
    endloop
  endfacet
  facet normal -0.04906767432742591 0.9987954562051718 -6.504723733318439e-16
    outer loop
      vertex 16.825 4.825 2.0500000014901163
      vertex 16.692651318154603 4.818498126189794 2.6
      vertex 16.67797428950566 4.8177770900082955 3.7
    endloop
  endfacet
  facet normal -0.3368898533922226 0.9415440651830199 0
    outer loop
      vertex 16.250974851452366 4.71081929876693 2.6
      vertex 16.389572984118306 4.7604105035983135 3.7
      vertex 16.389572984118306 4.7604105035983135 2.6
    endloop
  endfacet
  facet normal -0.24298017990325343 0.9700312531945466 0
    outer loop
      vertex 16.389572984118306 4.7604105035983135 2.6
      vertex 16.389572984118306 4.7604105035983135 3.7
      vertex 16.435111700176073 4.771817358154638 2.6
    endloop
  endfacet
  facet normal -0.04906767432737726 0.9987954562051744 0
    outer loop
      vertex 16.67797428950566 4.8177770900082955 2.6
      vertex 16.67797428950566 4.8177770900082955 3.7
      vertex 16.692651318154603 4.818498126189794 2.6
    endloop
  endfacet
  facet normal -0.14673047445533838 0.9891765099647846 0
    outer loop
      vertex 16.658022858203594 4.814817574743301 2.6
      vertex 16.67797428950566 4.8177770900082955 3.7
      vertex 16.67797428950566 4.8177770900082955 2.6
    endloop
  endfacet
  facet normal -0.8577286100002682 0.5141027441932281 0
    outer loop
      vertex 15.577795581546182 4.158355349529403 2.0500000014901163
      vertex 15.502118103477466 4.032095105238996 3.7
      vertex 15.577795581546182 4.158355349529403 3.7
    endloop
  endfacet
  facet normal -0.803207531480647 0.5956993044924304 4.726536118772021e-12
    outer loop
      vertex 15.66548431995234 4.276589926253767 2.0500000014901163
      vertex 15.577795581546182 4.158355349529403 3.7
      vertex 15.665484319955894 4.276589926245468 3.7
    endloop
  endfacet
  facet normal -0.7409511253549605 0.6715589548470168 0
    outer loop
      vertex 15.764339828220178 4.385660171779822 2.0500000014901163
      vertex 15.665484319955894 4.276589926245468 3.7
      vertex 15.764339828220178 4.385660171779822 3.7
    endloop
  endfacet
  facet normal -0.9415440651830203 0.3368898533922216 0
    outer loop
      vertex 15.389589496401687 3.7604270158816937 2.6
      vertex 15.389589496401687 3.7604270158816937 3.7
      vertex 15.43918070123307 3.8990251485476346 3.7
    endloop
  endfacet
  facet normal -0.9039892931234478 0.42755509343027287 0
    outer loop
      vertex 15.43918070123307 3.8990251485476346 2.6
      vertex 15.43918070123307 3.8990251485476346 3.7
      vertex 15.502118103477466 4.032095105238996 3.7
    endloop
  endfacet
  facet normal -0.6715589548470164 0.7409511253549609 1.9551663345437392e-16
    outer loop
      vertex 15.858848859056408 4.471318164324982 2.6
      vertex 15.764339828220178 4.385660171779822 3.7
      vertex 15.873410073754531 4.4845156800441055 3.7
    endloop
  endfacet
  facet normal -0.5956993044924372 0.8032075314806421 6.963606123032471e-17
    outer loop
      vertex 15.945969414650191 4.538329354856511 2.6
      vertex 15.873410073754531 4.4845156800441055 3.7
      vertex 15.991644650470596 4.572204418453818 3.7
    endloop
  endfacet
  facet normal -0.5141027441932139 0.8577286100002768 0
    outer loop
      vertex 15.991644650470596 4.572204418453818 2.6
      vertex 15.991644650470596 4.572204418453818 3.7
      vertex 16.117904894761004 4.647881896522533 3.7
    endloop
  endfacet
  facet normal -0.42755509343028275 0.9039892931234431 0
    outer loop
      vertex 16.117904894761004 4.647881896522533 2.6
      vertex 16.117904894761004 4.647881896522533 3.7
      vertex 16.250974851452366 4.71081929876693 3.7
    endloop
  endfacet
  facet normal -0.3368898533922226 0.9415440651830199 0
    outer loop
      vertex 16.250974851452366 4.71081929876693 2.6
      vertex 16.250974851452366 4.71081929876693 3.7
      vertex 16.389572984118306 4.7604105035983135 3.7
    endloop
  endfacet
  facet normal -0.24298017990326343 0.9700312531945441 0
    outer loop
      vertex 16.532364516975807 4.796177920604846 2.0500000014901163
      vertex 16.389572984118306 4.7604105035983135 3.7
      vertex 16.532364516975807 4.796177920604846 3.7
    endloop
  endfacet
  facet normal -0.04906767432741863 0.9987954562051723 0
    outer loop
      vertex 16.825 4.825 2.0500000014901163
      vertex 16.67797428950566 4.8177770900082955 3.7
      vertex 16.825 4.825 3.7
    endloop
  endfacet
  facet normal -0.14673047445536114 0.989176509964781 4.2216862120884194e-16
    outer loop
      vertex 16.658022858203594 4.814817574743301 2.6
      vertex 16.532364516975807 4.796177920604846 3.7
      vertex 16.67797428950566 4.8177770900082955 3.7
    endloop
  endfacet
  facet normal 0 0 1
    outer loop
      vertex 15.353822079395155 3.0323645169758078 3.7
      vertex 15.353822079395155 3.6176354830241926 3.7
      vertex 15.332222909991703 3.1779742895056593 3.7
    endloop
  endfacet
  facet normal 0 0 1
    outer loop
      vertex 15.332222909991703 3.1779742895056593 3.7
      vertex 15.332222909991703 3.472025710494341 3.7
      vertex 15.325 3.325 3.7
    endloop
  endfacet
  facet normal 0 0 1
    outer loop
      vertex 15.332222909991703 3.1779742895056593 3.7
      vertex 15.353822079395155 3.6176354830241926 3.7
      vertex 15.332222909991703 3.472025710494341 3.7
    endloop
  endfacet
  facet normal 0 0 1
    outer loop
      vertex 15.353822079395155 3.0323645169758078 3.7
      vertex 15.389589496401687 3.7604270158816937 3.7
      vertex 15.353822079395155 3.6176354830241926 3.7
    endloop
  endfacet
  facet normal 0 0 1
    outer loop
      vertex 15.389589496401687 2.8895729841183067 3.7
      vertex 15.43918070123307 2.7509748514523658 3.7
      vertex 15.43918070123307 3.8990251485476346 3.7
    endloop
  endfacet
  facet normal 0 0 1
    outer loop
      vertex 15.502118103477466 2.6179048947610037 3.7
      vertex 15.502118103477466 4.032095105238996 3.7
      vertex 15.43918070123307 2.7509748514523658 3.7
    endloop
  endfacet
  facet normal 0 0 1
    outer loop
      vertex 15.577795581546182 2.491644650470597 3.7
      vertex 15.577795581546182 4.158355349529403 3.7
      vertex 15.502118103477466 2.6179048947610037 3.7
    endloop
  endfacet
  facet normal 0 0 1
    outer loop
      vertex 15.353822079395155 3.0323645169758078 3.7
      vertex 15.389589496401687 2.8895729841183067 3.7
      vertex 15.389589496401687 3.7604270158816937 3.7
    endloop
  endfacet
  facet normal 0 0 1
    outer loop
      vertex 15.389589496401687 2.8895729841183067 3.7
      vertex 15.43918070123307 3.8990251485476346 3.7
      vertex 15.389589496401687 3.7604270158816937 3.7
    endloop
  endfacet
  facet normal 0 0 1
    outer loop
      vertex 15.43918070123307 2.7509748514523658 3.7
      vertex 15.502118103477466 4.032095105238996 3.7
      vertex 15.43918070123307 3.8990251485476346 3.7
    endloop
  endfacet
  facet normal 0 0 1
    outer loop
      vertex 15.502118103477466 2.6179048947610037 3.7
      vertex 15.577795581546182 4.158355349529403 3.7
      vertex 15.502118103477466 4.032095105238996 3.7
    endloop
  endfacet
  facet normal 0 0 1
    outer loop
      vertex 15.577795581546182 2.491644650470597 3.7
      vertex 15.665484319955894 4.276589926245468 3.7
      vertex 15.577795581546182 4.158355349529403 3.7
    endloop
  endfacet
  facet normal 0 0 1
    outer loop
      vertex 15.577795581546182 2.491644650470597 3.7
      vertex 15.665484319955894 2.373410073754532 3.7
      vertex 15.665484319955894 4.276589926245468 3.7
    endloop
  endfacet
  facet normal 0 0 1
    outer loop
      vertex 15.764339828220178 2.2643398282201788 3.7
      vertex 15.764339828220178 4.385660171779822 3.7
      vertex 15.665484319955894 2.373410073754532 3.7
    endloop
  endfacet
  facet normal 0 0 1
    outer loop
      vertex 15.764339828220178 2.2643398282201788 3.7
      vertex 15.873410073754531 2.165484319955895 3.7
      vertex 15.873410073754531 4.4845156800441055 3.7
    endloop
  endfacet
  facet normal 0 0 1
    outer loop
      vertex 15.873410073754531 2.165484319955895 3.7
      vertex 15.991644650470596 2.0777955815461824 3.7
      vertex 15.991644650470596 4.572204418453818 3.7
    endloop
  endfacet
  facet normal 0 0 1
    outer loop
      vertex 15.991644650470596 2.0777955815461824 3.7
      vertex 16.117904894761004 2.0021181034774678 3.7
      vertex 16.117904894761004 4.647881896522533 3.7
    endloop
  endfacet
  facet normal 0 0 1
    outer loop
      vertex 16.117904894761004 2.0021181034774678 3.7
      vertex 16.250974851452366 1.9391807012330702 3.7
      vertex 16.250974851452366 4.71081929876693 3.7
    endloop
  endfacet
  facet normal 0 0 1
    outer loop
      vertex 16.250974851452366 1.9391807012330702 3.7
      vertex 16.389572984118306 1.8895894964016868 3.7
      vertex 16.389572984118306 4.7604105035983135 3.7
    endloop
  endfacet
  facet normal 0 0 1
    outer loop
      vertex 16.389572984118306 1.8895894964016868 3.7
      vertex 16.532364516975807 1.8538220793951545 3.7
      vertex 16.532364516975807 4.796177920604846 3.7
    endloop
  endfacet
  facet normal 0 0 1
    outer loop
      vertex 16.532364516975807 1.8538220793951545 3.7
      vertex 16.67797428950566 1.832222909991705 3.7
      vertex 16.67797428950566 4.8177770900082955 3.7
    endloop
  endfacet
  facet normal 0 0 1
    outer loop
      vertex 16.825 1.8250000000000002 3.7
      vertex 16.825 4.825 3.7
      vertex 16.67797428950566 1.832222909991705 3.7
    endloop
  endfacet
  facet normal 0 0 1
    outer loop
      vertex 15.665484319955894 2.373410073754532 3.7
      vertex 15.764339828220178 4.385660171779822 3.7
      vertex 15.665484319955894 4.276589926245468 3.7
    endloop
  endfacet
  facet normal 0 0 1
    outer loop
      vertex 15.764339828220178 2.2643398282201788 3.7
      vertex 15.873410073754531 4.4845156800441055 3.7
      vertex 15.764339828220178 4.385660171779822 3.7
    endloop
  endfacet
  facet normal 0 0 1
    outer loop
      vertex 15.873410073754531 2.165484319955895 3.7
      vertex 15.991644650470596 4.572204418453818 3.7
      vertex 15.873410073754531 4.4845156800441055 3.7
    endloop
  endfacet
  facet normal 0 0 1
    outer loop
      vertex 15.991644650470596 2.0777955815461824 3.7
      vertex 16.117904894761004 4.647881896522533 3.7
      vertex 15.991644650470596 4.572204418453818 3.7
    endloop
  endfacet
  facet normal 0 0 1
    outer loop
      vertex 16.117904894761004 2.0021181034774678 3.7
      vertex 16.250974851452366 4.71081929876693 3.7
      vertex 16.117904894761004 4.647881896522533 3.7
    endloop
  endfacet
  facet normal 0 0 1
    outer loop
      vertex 16.250974851452366 1.9391807012330702 3.7
      vertex 16.389572984118306 4.7604105035983135 3.7
      vertex 16.250974851452366 4.71081929876693 3.7
    endloop
  endfacet
  facet normal 0 0 1
    outer loop
      vertex 16.389572984118306 1.8895894964016868 3.7
      vertex 16.532364516975807 4.796177920604846 3.7
      vertex 16.389572984118306 4.7604105035983135 3.7
    endloop
  endfacet
  facet normal 0 0 1
    outer loop
      vertex 16.532364516975807 1.8538220793951545 3.7
      vertex 16.67797428950566 4.8177770900082955 3.7
      vertex 16.532364516975807 4.796177920604846 3.7
    endloop
  endfacet
  facet normal 0 0 1
    outer loop
      vertex 16.67797428950566 1.832222909991705 3.7
      vertex 16.825 4.825 3.7
      vertex 16.67797428950566 4.8177770900082955 3.7
    endloop
  endfacet
  facet normal 0 -1 0
    outer loop
      vertex 16.825 1.8250000000000002 2.6
      vertex 19.25 1.8250000000000002 2.6
      vertex 16.825 1.8250000000000002 3.7
    endloop
  endfacet
  facet normal 0 -1 0
    outer loop
      vertex 19.25 1.8250000000000002 2.6
      vertex 19.5 1.8250000000000002 3.7
      vertex 16.825 1.8250000000000002 3.7
    endloop
  endfacet
  facet normal 0 1 0
    outer loop
      vertex 19.5 4.825 2.0500000014901163
      vertex 16.825 4.825 3.7
      vertex 19.5 4.825 3.7
    endloop
  endfacet
  facet normal 0 -1 0
    outer loop
      vertex 19.5 1.8250000000000002 2.0500000014901163
      vertex 19.5 1.8250000000000002 3.7
      vertex 19.25 1.8250000000000002 2.6
    endloop
  endfacet
  facet normal 0.04906767432741863 -0.9987954562051723 0
    outer loop
      vertex 19.5 1.8250000000000002 2.0500000014901163
      vertex 19.64702571049434 1.832222909991705 3.7
      vertex 19.5 1.8250000000000002 3.7
    endloop
  endfacet
  facet normal 0.14673047445536114 -0.989176509964781 0
    outer loop
      vertex 19.64702571049434 1.832222909991705 2.0500000014901163
      vertex 19.792635483024192 1.8538220793951545 3.7
      vertex 19.64702571049434 1.832222909991705 3.7
    endloop
  endfacet
  facet normal 0.24298017990326343 -0.9700312531945441 0
    outer loop
      vertex 19.792635483024192 1.8538220793951545 2.0500000014901163
      vertex 19.935427015881693 1.8895894964016868 3.7
      vertex 19.792635483024192 1.8538220793951545 3.7
    endloop
  endfacet
  facet normal 0.3368898533922226 -0.9415440651830198 0
    outer loop
      vertex 19.935427015881693 1.8895894964016868 2.0500000014901163
      vertex 20.074025148547634 1.9391807012330702 3.7
      vertex 19.935427015881693 1.8895894964016868 3.7
    endloop
  endfacet
  facet normal 0.4275550934302827 -0.903989293123443 0
    outer loop
      vertex 20.074025148547634 1.9391807012330702 2.0500000014901163
      vertex 20.207095105238995 2.0021181034774678 3.7
      vertex 20.074025148547634 1.9391807012330702 3.7
    endloop
  endfacet
  facet normal 0.5141027441932213 -0.8577286100002722 0
    outer loop
      vertex 20.207095105238995 2.0021181034774678 2.0500000014901163
      vertex 20.333355349529402 2.0777955815461824 3.7
      vertex 20.207095105238995 2.0021181034774678 3.7
    endloop
  endfacet
  facet normal 0.5956993044924295 -0.8032075314806477 0
    outer loop
      vertex 20.333355349529402 2.0777955815461824 2.0500000014901163
      vertex 20.451589926245468 2.165484319955895 3.7
      vertex 20.333355349529402 2.0777955815461824 3.7
    endloop
  endfacet
  facet normal 0.6715589548470121 -0.7409511253549648 0
    outer loop
      vertex 20.451589926245468 2.165484319955895 2.0500000014901163
      vertex 20.560660171779823 2.2643398282201788 3.7
      vertex 20.451589926245468 2.165484319955895 3.7
    endloop
  endfacet
  facet normal 0.7409511253549652 -0.6715589548470117 0
    outer loop
      vertex 20.560660171779823 2.2643398282201788 2.0500000014901163
      vertex 20.659515680044105 2.373410073754532 3.7
      vertex 20.560660171779823 2.2643398282201788 3.7
    endloop
  endfacet
  facet normal 0.8032075314806403 -0.5956993044924397 0
    outer loop
      vertex 20.659515680044105 2.373410073754532 2.0500000014901163
      vertex 20.74720441845382 2.491644650470597 3.7
      vertex 20.659515680044105 2.373410073754532 3.7
    endloop
  endfacet
  facet normal 0.8577286100002789 -0.5141027441932102 0
    outer loop
      vertex 20.74720441845382 2.491644650470597 2.0500000014901163
      vertex 20.82288189652253 2.6179048947610037 3.7
      vertex 20.74720441845382 2.491644650470597 3.7
    endloop
  endfacet
  facet normal 0.9039892931234436 -0.4275550934302816 0
    outer loop
      vertex 20.82288189652253 2.6179048947610037 2.0500000014901163
      vertex 20.88581929876693 2.7509748514523658 3.7
      vertex 20.82288189652253 2.6179048947610037 3.7
    endloop
  endfacet
  facet normal 0.9415440651830203 -0.33688985339222166 0
    outer loop
      vertex 20.88581929876693 2.7509748514523658 2.0500000014901163
      vertex 20.935410503598312 2.8895729841183067 3.7
      vertex 20.88581929876693 2.7509748514523658 3.7
    endloop
  endfacet
  facet normal 0.9700312531945441 -0.24298017990326343 0
    outer loop
      vertex 20.935410503598312 2.8895729841183067 2.0500000014901163
      vertex 20.971177920604845 3.0323645169758078 3.7
      vertex 20.935410503598312 2.8895729841183067 3.7
    endloop
  endfacet
  facet normal 0.9891765099647792 -0.14673047445537338 0
    outer loop
      vertex 20.971177920604845 3.0323645169758078 2.0500000014901163
      vertex 20.992777090008296 3.1779742895056593 3.7
      vertex 20.971177920604845 3.0323645169758078 3.7
    endloop
  endfacet
  facet normal 0.9987954562051726 -0.049067674327412325 0
    outer loop
      vertex 20.992777090008296 3.1779742895056593 2.0500000014901163
      vertex 21 3.325 3.7
      vertex 20.992777090008296 3.1779742895056593 3.7
    endloop
  endfacet
  facet normal 0.9987954562051726 0.049067674327412325 0
    outer loop
      vertex 20.992777090008296 3.472025710494341 3.7
      vertex 21 3.325 3.7
      vertex 21 3.325 2.0500000014901163
    endloop
  endfacet
  facet normal 0.9891765099647792 0.14673047445537338 0
    outer loop
      vertex 20.992777090008296 3.472025710494341 2.0500000014901163
      vertex 20.971177920604845 3.6176354830241926 3.7
      vertex 20.992777090008296 3.472025710494341 3.7
    endloop
  endfacet
  facet normal 0.04906767432741863 0.9987954562051723 0
    outer loop
      vertex 19.64702571049434 4.8177770900082955 2.0500000014901163
      vertex 19.5 4.825 3.7
      vertex 19.64702571049434 4.8177770900082955 3.7
    endloop
  endfacet
  facet normal 0.14673047445536114 0.989176509964781 0
    outer loop
      vertex 19.792635483024192 4.796177920604846 2.0500000014901163
      vertex 19.64702571049434 4.8177770900082955 3.7
      vertex 19.792635483024192 4.796177920604846 3.7
    endloop
  endfacet
  facet normal 0.24298017990326343 0.9700312531945441 0
    outer loop
      vertex 19.935427015881693 4.7604105035983135 2.0500000014901163
      vertex 19.792635483024192 4.796177920604846 3.7
      vertex 19.935427015881693 4.7604105035983135 3.7
    endloop
  endfacet
  facet normal 0.3368898533922226 0.9415440651830198 0
    outer loop
      vertex 20.074025148547634 4.71081929876693 2.0500000014901163
      vertex 19.935427015881693 4.7604105035983135 3.7
      vertex 20.074025148547634 4.71081929876693 3.7
    endloop
  endfacet
  facet normal 0.5956993044924314 0.8032075314806463 0
    outer loop
      vertex 20.451589926245468 4.4845156800441055 2.0500000014901163
      vertex 20.333355349529402 4.572204418453818 3.7
      vertex 20.451589926245468 4.4845156800441055 3.7
    endloop
  endfacet
  facet normal 0.6715589548470106 0.7409511253549663 0
    outer loop
      vertex 20.560660171779823 4.385660171779822 2.0500000014901163
      vertex 20.451589926245468 4.4845156800441055 3.7
      vertex 20.560660171779823 4.385660171779822 3.7
    endloop
  endfacet
  facet normal 0.4275550934302827 0.903989293123443 0
    outer loop
      vertex 20.207095105238995 4.647881896522533 2.0500000014901163
      vertex 20.074025148547634 4.71081929876693 3.7
      vertex 20.207095105238995 4.647881896522533 3.7
    endloop
  endfacet
  facet normal 0.5141027441932192 0.8577286100002736 0
    outer loop
      vertex 20.333355349529402 4.572204418453818 2.0500000014901163
      vertex 20.207095105238995 4.647881896522533 3.7
      vertex 20.333355349529402 4.572204418453818 3.7
    endloop
  endfacet
  facet normal 0.7409511253549667 0.6715589548470101 0
    outer loop
      vertex 20.659515680044105 4.276589926245468 2.0500000014901163
      vertex 20.560660171779823 4.385660171779822 3.7
      vertex 20.659515680044105 4.276589926245468 3.7
    endloop
  endfacet
  facet normal 0.8032075314806413 0.5956993044924382 0
    outer loop
      vertex 20.74720441845382 4.158355349529403 2.0500000014901163
      vertex 20.659515680044105 4.276589926245468 3.7
      vertex 20.74720441845382 4.158355349529403 3.7
    endloop
  endfacet
  facet normal 0.8577286100002789 0.5141027441932102 0
    outer loop
      vertex 20.82288189652253 4.032095105238996 2.0500000014901163
      vertex 20.74720441845382 4.158355349529403 3.7
      vertex 20.82288189652253 4.032095105238996 3.7
    endloop
  endfacet
  facet normal 0.903989293123443 0.4275550934302827 0
    outer loop
      vertex 20.88581929876693 3.8990251485476346 2.0500000014901163
      vertex 20.82288189652253 4.032095105238996 3.7
      vertex 20.88581929876693 3.8990251485476346 3.7
    endloop
  endfacet
  facet normal 0.9415440651830203 0.33688985339222166 0
    outer loop
      vertex 20.935410503598312 3.7604270158816937 2.0500000014901163
      vertex 20.88581929876693 3.8990251485476346 3.7
      vertex 20.935410503598312 3.7604270158816937 3.7
    endloop
  endfacet
  facet normal 0.9700312531945441 0.24298017990326343 0
    outer loop
      vertex 20.971177920604845 3.6176354830241926 2.0500000014901163
      vertex 20.935410503598312 3.7604270158816937 3.7
      vertex 20.971177920604845 3.6176354830241926 3.7
    endloop
  endfacet
  facet normal 0 0 1
    outer loop
      vertex 16.825 1.8250000000000002 3.7
      vertex 19.5 1.8250000000000002 3.7
      vertex 19.5 4.825 3.7
    endloop
  endfacet
  facet normal 0 0 1
    outer loop
      vertex 16.825 1.8250000000000002 3.7
      vertex 19.5 4.825 3.7
      vertex 16.825 4.825 3.7
    endloop
  endfacet
  facet normal 0 0 1
    outer loop
      vertex 19.5 1.8250000000000002 3.7
      vertex 19.64702571049434 1.832222909991705 3.7
      vertex 19.64702571049434 4.8177770900082955 3.7
    endloop
  endfacet
  facet normal 0 0 1
    outer loop
      vertex 19.64702571049434 1.832222909991705 3.7
      vertex 19.792635483024192 1.8538220793951545 3.7
      vertex 19.792635483024192 4.796177920604846 3.7
    endloop
  endfacet
  facet normal 0 0 1
    outer loop
      vertex 19.792635483024192 1.8538220793951545 3.7
      vertex 19.935427015881693 1.8895894964016868 3.7
      vertex 19.935427015881693 4.7604105035983135 3.7
    endloop
  endfacet
  facet normal 0 0 1
    outer loop
      vertex 19.935427015881693 1.8895894964016868 3.7
      vertex 20.074025148547634 1.9391807012330702 3.7
      vertex 20.074025148547634 4.71081929876693 3.7
    endloop
  endfacet
  facet normal 0 0 1
    outer loop
      vertex 20.074025148547634 1.9391807012330702 3.7
      vertex 20.207095105238995 2.0021181034774678 3.7
      vertex 20.207095105238995 4.647881896522533 3.7
    endloop
  endfacet
  facet normal 0 0 1
    outer loop
      vertex 20.207095105238995 2.0021181034774678 3.7
      vertex 20.333355349529402 2.0777955815461824 3.7
      vertex 20.333355349529402 4.572204418453818 3.7
    endloop
  endfacet
  facet normal 0 0 1
    outer loop
      vertex 20.333355349529402 2.0777955815461824 3.7
      vertex 20.451589926245468 2.165484319955895 3.7
      vertex 20.451589926245468 4.4845156800441055 3.7
    endloop
  endfacet
  facet normal 0 0 1
    outer loop
      vertex 20.451589926245468 2.165484319955895 3.7
      vertex 20.560660171779823 2.2643398282201788 3.7
      vertex 20.560660171779823 4.385660171779822 3.7
    endloop
  endfacet
  facet normal 0 0 1
    outer loop
      vertex 20.560660171779823 2.2643398282201788 3.7
      vertex 20.659515680044105 2.373410073754532 3.7
      vertex 20.659515680044105 4.276589926245468 3.7
    endloop
  endfacet
  facet normal 0 0 1
    outer loop
      vertex 20.659515680044105 2.373410073754532 3.7
      vertex 20.74720441845382 2.491644650470597 3.7
      vertex 20.74720441845382 4.158355349529403 3.7
    endloop
  endfacet
  facet normal 0 0 1
    outer loop
      vertex 20.560660171779823 2.2643398282201788 3.7
      vertex 20.659515680044105 4.276589926245468 3.7
      vertex 20.560660171779823 4.385660171779822 3.7
    endloop
  endfacet
  facet normal 0 0 1
    outer loop
      vertex 20.659515680044105 2.373410073754532 3.7
      vertex 20.74720441845382 4.158355349529403 3.7
      vertex 20.659515680044105 4.276589926245468 3.7
    endloop
  endfacet
  facet normal 0 0 1
    outer loop
      vertex 20.74720441845382 2.491644650470597 3.7
      vertex 20.82288189652253 2.6179048947610037 3.7
      vertex 20.82288189652253 4.032095105238996 3.7
    endloop
  endfacet
  facet normal 0 0 1
    outer loop
      vertex 20.82288189652253 2.6179048947610037 3.7
      vertex 20.88581929876693 2.7509748514523658 3.7
      vertex 20.88581929876693 3.8990251485476346 3.7
    endloop
  endfacet
  facet normal 0 0 1
    outer loop
      vertex 20.88581929876693 2.7509748514523658 3.7
      vertex 20.935410503598312 2.8895729841183067 3.7
      vertex 20.935410503598312 3.7604270158816937 3.7
    endloop
  endfacet
  facet normal 0 0 1
    outer loop
      vertex 20.935410503598312 2.8895729841183067 3.7
      vertex 20.971177920604845 3.0323645169758078 3.7
      vertex 20.971177920604845 3.6176354830241926 3.7
    endloop
  endfacet
  facet normal 0 0 1
    outer loop
      vertex 20.74720441845382 2.491644650470597 3.7
      vertex 20.82288189652253 4.032095105238996 3.7
      vertex 20.74720441845382 4.158355349529403 3.7
    endloop
  endfacet
  facet normal 0 0 1
    outer loop
      vertex 20.82288189652253 2.6179048947610037 3.7
      vertex 20.88581929876693 3.8990251485476346 3.7
      vertex 20.82288189652253 4.032095105238996 3.7
    endloop
  endfacet
  facet normal 0 0 1
    outer loop
      vertex 20.971177920604845 3.0323645169758078 3.7
      vertex 20.992777090008296 3.1779742895056593 3.7
      vertex 20.992777090008296 3.472025710494341 3.7
    endloop
  endfacet
  facet normal 0 0 1
    outer loop
      vertex 20.935410503598312 2.8895729841183067 3.7
      vertex 20.971177920604845 3.6176354830241926 3.7
      vertex 20.935410503598312 3.7604270158816937 3.7
    endloop
  endfacet
  facet normal 0 0 1
    outer loop
      vertex 20.992777090008296 3.1779742895056593 3.7
      vertex 21 3.325 3.7
      vertex 20.992777090008296 3.472025710494341 3.7
    endloop
  endfacet
  facet normal 0 0 1
    outer loop
      vertex 20.971177920604845 3.0323645169758078 3.7
      vertex 20.992777090008296 3.472025710494341 3.7
      vertex 20.971177920604845 3.6176354830241926 3.7
    endloop
  endfacet
  facet normal 0 0 1
    outer loop
      vertex 20.88581929876693 2.7509748514523658 3.7
      vertex 20.935410503598312 3.7604270158816937 3.7
      vertex 20.88581929876693 3.8990251485476346 3.7
    endloop
  endfacet
  facet normal 0 0 1
    outer loop
      vertex 19.5 1.8250000000000002 3.7
      vertex 19.64702571049434 4.8177770900082955 3.7
      vertex 19.5 4.825 3.7
    endloop
  endfacet
  facet normal 0 0 1
    outer loop
      vertex 19.64702571049434 1.832222909991705 3.7
      vertex 19.792635483024192 4.796177920604846 3.7
      vertex 19.64702571049434 4.8177770900082955 3.7
    endloop
  endfacet
  facet normal 0 0 1
    outer loop
      vertex 19.792635483024192 1.8538220793951545 3.7
      vertex 19.935427015881693 4.7604105035983135 3.7
      vertex 19.792635483024192 4.796177920604846 3.7
    endloop
  endfacet
  facet normal 0 0 1
    outer loop
      vertex 19.935427015881693 1.8895894964016868 3.7
      vertex 20.074025148547634 4.71081929876693 3.7
      vertex 19.935427015881693 4.7604105035983135 3.7
    endloop
  endfacet
  facet normal 0 0 1
    outer loop
      vertex 20.074025148547634 1.9391807012330702 3.7
      vertex 20.207095105238995 4.647881896522533 3.7
      vertex 20.074025148547634 4.71081929876693 3.7
    endloop
  endfacet
  facet normal 0 0 1
    outer loop
      vertex 20.207095105238995 2.0021181034774678 3.7
      vertex 20.333355349529402 4.572204418453818 3.7
      vertex 20.207095105238995 4.647881896522533 3.7
    endloop
  endfacet
  facet normal 0 0 1
    outer loop
      vertex 20.333355349529402 2.0777955815461824 3.7
      vertex 20.451589926245468 4.4845156800441055 3.7
      vertex 20.333355349529402 4.572204418453818 3.7
    endloop
  endfacet
  facet normal 0 0 1
    outer loop
      vertex 20.451589926245468 2.165484319955895 3.7
      vertex 20.560660171779823 4.385660171779822 3.7
      vertex 20.451589926245468 4.4845156800441055 3.7
    endloop
  endfacet
  facet normal -1 0 0
    outer loop
      vertex 6 -29.25 1.4000000007888849
      vertex 6 -26.850000001490116 2.0500000014901163
      vertex 6 -26.173982856432335 1.6
    endloop
  endfacet
  facet normal -1 0 0
    outer loop
      vertex 6 -26.173982856432335 1.6
      vertex 6 -26.850000001490116 2.0500000014901163
      vertex 6 -26.17398285643234 2.0500000014901163
    endloop
  endfacet
  facet normal -1 0 0
    outer loop
      vertex 6 -29.25 1.4000000007888849
      vertex 6 -26.173982856432335 1.6
      vertex 6 -19.806990597111565 1.6
    endloop
  endfacet
  facet normal 0 0 -1
    outer loop
      vertex 7.400000000701231 -29.25 -2.9802320611338473e-9
      vertex 7.400000000701231 29.25 -2.9802320611338473e-9
      vertex 23 -5.000000000000001 -2.9802320611338473e-9
    endloop
  endfacet
  facet normal -1 0 0
    outer loop
      vertex 6 -29.25 1.4000000007888849
      vertex 6 -19.806990597111565 1.6
      vertex 6 26.17398285643234 1.6
    endloop
  endfacet
  facet normal 0 0 1
    outer loop
      vertex 6 -26.850000001490116 2.0500000014901163
      vertex 36 -26.850000001490116 2.0500000014901163
      vertex 6 -26.17398285643234 2.0500000014901163
    endloop
  endfacet
  facet normal 0 -1 0
    outer loop
      vertex 7.400000000701231 -29.25 -2.9802320611338473e-9
      vertex 36 -29.25 5.400000002980232
      vertex 6 -29.25 1.4000000007888849
    endloop
  endfacet
  facet normal 0 0.7071067811865475 -0.7071067811865475
    outer loop
      vertex 6 -26.850000001490116 2.0500000014901163
      vertex 6 -25.100000001490116 3.8000000014901163
      vertex 36 -26.850000001490116 2.0500000014901163
    endloop
  endfacet
  facet normal 0 0 1
    outer loop
      vertex 6 -26.17398285643234 2.0500000014901163
      vertex 36 -26.850000001490116 2.0500000014901163
      vertex 19.25 -15.922667071223259 2.0500000014901163
    endloop
  endfacet
  facet normal 0 0 -1
    outer loop
      vertex 7.400000000701231 -29.25 -2.9802320611338473e-9
      vertex 23 -5.000000000000001 -2.9802320611338473e-9
      vertex 23 -5.800000000000001 -2.9802320611338473e-9
    endloop
  endfacet
  facet normal 0 0 1
    outer loop
      vertex 15.336532955658067 -3.5010816782192906 2.0500000014901163
      vertex 15.332222909991703 -3.472025710494341 2.0500000014901163
      vertex 15.332222908735275 -3.4720257073640823 2.0500000014901163
    endloop
  endfacet
  facet normal 0 0 1
    outer loop
      vertex 15.332222909991703 -3.472025710494341 2.0500000014901163
      vertex 15.330199695025634 -3.430842223754117 2.0500000014901163
      vertex 15.332222908735275 -3.4720257073640823 2.0500000014901163
    endloop
  endfacet
  facet normal 0 0 1
    outer loop
      vertex 15.330248920651664 -3.218155765608901 2.0500000014901163
      vertex 15.332222909991703 -3.1779742895056593 2.0500000014901163
      vertex 15.332222908735275 -3.1779742911458015 2.0500000014901163
    endloop
  endfacet
  facet normal 0 0 1
    outer loop
      vertex 15.332222909991703 -3.1779742895056593 2.0500000014901163
      vertex 15.337735690612247 -3.140810141330768 2.0500000014901163
      vertex 15.332222908735275 -3.1779742911458015 2.0500000014901163
    endloop
  endfacet
  facet normal 0 0 1
    outer loop
      vertex 15.577795581546182 -4.158355349529403 2.0500000014901163
      vertex 15.523981691109976 -4.068572297476279 2.0500000014901163
      vertex 15.577795580029488 -4.158355347812176 2.0500000014901163
    endloop
  endfacet
  facet normal 0 0 1
    outer loop
      vertex 15.577795581546182 -4.158355349529403 2.0500000014901163
      vertex 15.577795580029488 -4.158355347812176 2.0500000014901163
      vertex 15.665484316647053 -4.276589922606945 2.0500000014901163
    endloop
  endfacet
  facet normal 0 0 1
    outer loop
      vertex 15.577795581546182 -4.158355349529403 2.0500000014901163
      vertex 15.665484316647053 -4.276589922606945 2.0500000014901163
      vertex 15.665484319955894 -4.276589926245468 2.0500000014901163
    endloop
  endfacet
  facet normal 0 0 1
    outer loop
      vertex 15.665484319955894 -4.276589926245468 2.0500000014901163
      vertex 15.764339827001095 -4.385660171508789 2.0500000014901163
      vertex 15.764339828220178 -4.385660171779822 2.0500000014901163
    endloop
  endfacet
  facet normal 0 0 1
    outer loop
      vertex 15.764339828220178 -4.385660171779822 2.0500000014901163
      vertex 15.764339827001095 -4.385660171508789 2.0500000014901163
      vertex 15.858848859056408 -4.471318164324982 2.0500000014901163
    endloop
  endfacet
  facet normal 0 0 1
    outer loop
      vertex 15.873410074534618 -4.484515680622658 2.0500000014901163
      vertex 15.873410075902939 -4.484515681862831 2.0500000014901163
      vertex 15.945969414650191 -4.538329354856511 2.0500000014901163
    endloop
  endfacet
  facet normal 0 0 1
    outer loop
      vertex 16.435111700176073 -4.771817358154638 2.0500000014901163
      vertex 16.532364517450333 -4.796177923679352 2.0500000014901163
      vertex 16.532364516975807 -4.796177920604846 2.0500000014901163
    endloop
  endfacet
  facet normal 0 0 1
    outer loop
      vertex 16.532364516975807 -4.796177920604846 2.0500000014901163
      vertex 16.532364517450333 -4.796177923679352 2.0500000014901163
      vertex 16.658022858203594 -4.814817574743301 2.0500000014901163
    endloop
  endfacet
  facet normal 0 0 1
    outer loop
      vertex 16.692651318154603 -4.818498126189794 2.0500000014901163
      vertex 16.825000002980232 -4.825000002980232 2.0500000014901163
      vertex 16.825 -4.825 2.0500000014901163
    endloop
  endfacet
  facet normal 0 0 1
    outer loop
      vertex 15.389589496310752 -2.889572984481338 2.0500000014901163
      vertex 15.389589495956898 -2.889572985470295 2.0500000014901163
      vertex 15.388369250294675 -2.8944444796487763 2.0500000014901163
    endloop
  endfacet
  facet normal 0 0 1
    outer loop
      vertex 15.3981299391777 -2.8657040455651828 2.0500000014901163
      vertex 15.43918070123307 -2.7509748514523658 2.0500000014901163
      vertex 15.439180701971054 -2.7509748488664627 2.0500000014901163
    endloop
  endfacet
  facet normal 0 0 1
    outer loop
      vertex 15.43918070123307 -2.7509748514523658 2.0500000014901163
      vertex 15.502118103477466 -2.6179048947610037 2.0500000014901163
      vertex 15.439180701971054 -2.7509748488664627 2.0500000014901163
    endloop
  endfacet
  facet normal 0 0 1
    outer loop
      vertex 15.439180701971054 -2.7509748488664627 2.0500000014901163
      vertex 15.502118103477466 -2.6179048947610037 2.0500000014901163
      vertex 15.502118103206158 -2.617904894053936 2.0500000014901163
    endloop
  endfacet
  facet normal 0 0 1
    outer loop
      vertex 15.502118103477466 -2.6179048947610037 2.0500000014901163
      vertex 15.577795581546182 -2.491644650470597 2.0500000014901163
      vertex 15.502118103206158 -2.617904894053936 2.0500000014901163
    endloop
  endfacet
  facet normal 0 0 1
    outer loop
      vertex 15.502118103206158 -2.617904894053936 2.0500000014901163
      vertex 15.577795581546182 -2.491644650470597 2.0500000014901163
      vertex 15.577795580029488 -2.491644650697708 2.0500000014901163
    endloop
  endfacet
  facet normal 0 0 1
    outer loop
      vertex 15.577795581546182 -2.491644650470597 2.0500000014901163
      vertex 15.665484319955894 -2.373410073754532 2.0500000014901163
      vertex 15.577795580029488 -2.491644650697708 2.0500000014901163
    endloop
  endfacet
  facet normal 0 0 1
    outer loop
      vertex 15.577795580029488 -2.491644650697708 2.0500000014901163
      vertex 15.665484319955894 -2.373410073754532 2.0500000014901163
      vertex 15.665484316647053 -2.373410075902939 2.0500000014901163
    endloop
  endfacet
  facet normal 0 0 1
    outer loop
      vertex 15.665484319955894 -2.373410073754532 2.0500000014901163
      vertex 15.764339828220178 -2.2643398282201788 2.0500000014901163
      vertex 15.665484316647053 -2.373410075902939 2.0500000014901163
    endloop
  endfacet
  facet normal 0 0 1
    outer loop
      vertex 15.665484316647053 -2.373410075902939 2.0500000014901163
      vertex 15.764339828220178 -2.2643398282201788 2.0500000014901163
      vertex 15.764339827001095 -2.264339827001095 2.0500000014901163
    endloop
  endfacet
  facet normal 0 0 1
    outer loop
      vertex 15.764339828220178 -2.2643398282201788 2.0500000014901163
      vertex 15.873410073754531 -2.165484319955895 2.0500000014901163
      vertex 15.764339827001095 -2.264339827001095 2.0500000014901163
    endloop
  endfacet
  facet normal 0 0 1
    outer loop
      vertex 15.764339827001095 -2.264339827001095 2.0500000014901163
      vertex 15.873410073754531 -2.165484319955895 2.0500000014901163
      vertex 15.873410075902939 -2.1654843166470528 2.0500000014901163
    endloop
  endfacet
  facet normal 0 0 1
    outer loop
      vertex 15.873410073754531 -2.165484319955895 2.0500000014901163
      vertex 15.991644650470596 -2.0777955815461824 2.0500000014901163
      vertex 15.873410075902939 -2.1654843166470528 2.0500000014901163
    endloop
  endfacet
  facet normal 0 0 1
    outer loop
      vertex 15.873410075902939 -2.1654843166470528 2.0500000014901163
      vertex 15.991644650470596 -2.0777955815461824 2.0500000014901163
      vertex 15.991644650697708 -2.0777955800294876 2.0500000014901163
    endloop
  endfacet
  facet normal 0 0 1
    outer loop
      vertex 15.991644650470596 -2.0777955815461824 2.0500000014901163
      vertex 16.117904894761004 -2.0021181034774678 2.0500000014901163
      vertex 15.991644650697708 -2.0777955800294876 2.0500000014901163
    endloop
  endfacet
  facet normal 0 0 1
    outer loop
      vertex 15.991644650697708 -2.0777955800294876 2.0500000014901163
      vertex 16.117904894761004 -2.0021181034774678 2.0500000014901163
      vertex 16.117904894053936 -2.0021181032061577 2.0500000014901163
    endloop
  endfacet
  facet normal 0 0 1
    outer loop
      vertex 16.117904894761004 -2.0021181034774678 2.0500000014901163
      vertex 16.250974851452366 -1.9391807012330702 2.0500000014901163
      vertex 16.117904894053936 -2.0021181032061577 2.0500000014901163
    endloop
  endfacet
  facet normal 0 0 1
    outer loop
      vertex 16.117904894053936 -2.0021181032061577 2.0500000014901163
      vertex 16.250974851452366 -1.9391807012330702 2.0500000014901163
      vertex 16.250974848866463 -1.939180701971054 2.0500000014901163
    endloop
  endfacet
  facet normal 0 0 1
    outer loop
      vertex 16.250974851452366 -1.9391807012330702 2.0500000014901163
      vertex 16.36570403652836 -1.8981299424111264 2.0500000014901163
      vertex 16.250974848866463 -1.939180701971054 2.0500000014901163
    endloop
  endfacet
  facet normal 0 0 1
    outer loop
      vertex 16.394444472110706 -1.888369252182862 2.0500000014901163
      vertex 16.389572985470295 -1.8895894959568977 2.0500000014901163
      vertex 16.38957298448134 -1.889589496310752 2.0500000014901163
    endloop
  endfacet
  facet normal 0 0 1
    outer loop
      vertex 16.67797428950566 -1.832222909991705 2.0500000014901163
      vertex 16.718155815646554 -1.8302489181934731 2.0500000014901163
      vertex 16.6779742911458 -1.8322229087352753 2.0500000014901163
    endloop
  endfacet
  facet normal 0 0 1
    outer loop
      vertex 16.64081009604379 -1.8377356973299372 2.0500000014901163
      vertex 16.67797428950566 -1.832222909991705 2.0500000014901163
      vertex 16.6779742911458 -1.8322229087352753 2.0500000014901163
    endloop
  endfacet
  facet normal 0 0 1
    outer loop
      vertex 19.25 -15.922667071223259 2.0500000014901163
      vertex 19.5 -4.825 2.0500000014901163
      vertex 19.25 -4.825000002980232 2.0500000014901163
    endloop
  endfacet
  facet normal 0 0 1
    outer loop
      vertex 16.825 -4.825 2.0500000014901163
      vertex 16.825000002980232 -4.825000002980232 2.0500000014901163
      vertex 19.25 -4.825000002980232 2.0500000014901163
    endloop
  endfacet
  facet normal 0 0 1
    outer loop
      vertex 16.825 -4.825 2.0500000014901163
      vertex 19.25 -4.825000002980232 2.0500000014901163
      vertex 19.5 -4.825 2.0500000014901163
    endloop
  endfacet
  facet normal 0 0 1
    outer loop
      vertex 19.25 -1.8250000000000002 2.0500000014901163
      vertex 19.5 -1.8250000000000002 2.0500000014901163
      vertex 19.5 1.8250000000000002 2.0500000014901163
    endloop
  endfacet
  facet normal -1 0 0
    outer loop
      vertex 6 -29.25 1.4000000007888849
      vertex 6 -29.25 5.400000002980232
      vertex 6 -26.850000001490116 2.0500000014901163
    endloop
  endfacet
  facet normal -1 0 0
    outer loop
      vertex 6 -26.850000001490116 2.0500000014901163
      vertex 6 -29.25 5.400000002980232
      vertex 6 -25.100000001490116 3.8000000014901163
    endloop
  endfacet
  facet normal -1 0 0
    outer loop
      vertex 6 -25.100000001490116 3.8000000014901163
      vertex 6 -29.25 5.400000002980232
      vertex 6 -25.100000001490116 5.400000002980232
    endloop
  endfacet
  facet normal 0 -1 0
    outer loop
      vertex 6 -29.25 1.4000000007888849
      vertex 36 -29.25 5.400000002980232
      vertex 6 -29.25 5.400000002980232
    endloop
  endfacet
  facet normal 0 1 0
    outer loop
      vertex 6 -25.100000001490116 3.8000000014901163
      vertex 6 -25.100000001490116 5.400000002980232
      vertex 36 -25.100000001490116 3.8000000014901163
    endloop
  endfacet
  facet normal 0 0 1
    outer loop
      vertex 6 -29.25 5.400000002980232
      vertex 36 -25.100000001490116 5.400000002980232
      vertex 6 -25.100000001490116 5.400000002980232
    endloop
  endfacet
  facet normal -1 0 0
    outer loop
      vertex 6 -29.25 1.4000000007888849
      vertex 6 26.17398285643234 1.6
      vertex 6 29.25 1.4000000007888849
    endloop
  endfacet
  facet normal -1 0 0
    outer loop
      vertex 6 26.17398285643234 1.6
      vertex 6 26.17398285643234 2.0500000014901163
      vertex 6 29.25 1.4000000007888849
    endloop
  endfacet
  facet normal -1 0 0
    outer loop
      vertex 6 29.25 1.4000000007888849
      vertex 6 26.17398285643234 2.0500000014901163
      vertex 6 26.850000001490116 2.0500000014901163
    endloop
  endfacet
  facet normal 0 0 1
    outer loop
      vertex 6 26.17398285643234 2.0500000014901163
      vertex 19.25 15.922667071223259 2.0500000014901163
      vertex 6 26.850000001490116 2.0500000014901163
    endloop
  endfacet
  facet normal 0 0 -1
    outer loop
      vertex 7.400000000701231 29.25 -2.9802320611338473e-9
      vertex 23 5 -2.9802320611338473e-9
      vertex 23 -5.000000000000001 -2.9802320611338473e-9
    endloop
  endfacet
  facet normal 0 0 -1
    outer loop
      vertex 7.400000000701231 29.25 -2.9802320611338473e-9
      vertex 23 5.8 -2.9802320611338473e-9
      vertex 23 5 -2.9802320611338473e-9
    endloop
  endfacet
  facet normal 0 0 1
    outer loop
      vertex 15.337735690612247 3.140810141330768 2.0500000014901163
      vertex 15.332222909991703 3.1779742895056593 2.0500000014901163
      vertex 15.332222908735275 3.1779742911458015 2.0500000014901163
    endloop
  endfacet
  facet normal 0 0 1
    outer loop
      vertex 15.332222909991703 3.1779742895056593 2.0500000014901163
      vertex 15.330248920651664 3.218155765608901 2.0500000014901163
      vertex 15.332222908735275 3.1779742911458015 2.0500000014901163
    endloop
  endfacet
  facet normal 0 0 1
    outer loop
      vertex 15.332222909991703 3.472025710494341 2.0500000014901163
      vertex 15.332222908735275 3.4720257073640823 2.0500000014901163
      vertex 15.330199695025634 3.430842223754117 2.0500000014901163
    endloop
  endfacet
  facet normal 0 0 1
    outer loop
      vertex 15.332222909991703 3.472025710494341 2.0500000014901163
      vertex 15.336532955658067 3.5010816782192906 2.0500000014901163
      vertex 15.332222908735275 3.4720257073640823 2.0500000014901163
    endloop
  endfacet
  facet normal 0 0 1
    outer loop
      vertex 15.502118103206158 2.617904894053936 2.0500000014901163
      vertex 15.43918070123307 2.7509748514523658 2.0500000014901163
      vertex 15.439180701971054 2.7509748488664627 2.0500000014901163
    endloop
  endfacet
  facet normal 0 0 1
    outer loop
      vertex 15.502118103477466 2.6179048947610037 2.0500000014901163
      vertex 15.43918070123307 2.7509748514523658 2.0500000014901163
      vertex 15.502118103206158 2.617904894053936 2.0500000014901163
    endloop
  endfacet
  facet normal 0 0 1
    outer loop
      vertex 15.577795581546182 2.491644650470597 2.0500000014901163
      vertex 15.577795580029488 2.491644650697708 2.0500000014901163
      vertex 15.665484316647053 2.373410075902939 2.0500000014901163
    endloop
  endfacet
  facet normal 0 0 1
    outer loop
      vertex 15.577795580029488 2.491644650697708 2.0500000014901163
      vertex 15.502118103477466 2.6179048947610037 2.0500000014901163
      vertex 15.502118103206158 2.617904894053936 2.0500000014901163
    endloop
  endfacet
  facet normal 0 0 1
    outer loop
      vertex 15.577795581546182 2.491644650470597 2.0500000014901163
      vertex 15.502118103477466 2.6179048947610037 2.0500000014901163
      vertex 15.577795580029488 2.491644650697708 2.0500000014901163
    endloop
  endfacet
  facet normal 0 0 1
    outer loop
      vertex 15.764339828220178 2.2643398282201788 2.0500000014901163
      vertex 15.764339827001095 2.264339827001095 2.0500000014901163
      vertex 15.873410075902939 2.1654843166470528 2.0500000014901163
    endloop
  endfacet
  facet normal 0 0 1
    outer loop
      vertex 15.764339828220178 2.2643398282201788 2.0500000014901163
      vertex 15.873410075902939 2.1654843166470528 2.0500000014901163
      vertex 15.873410073754531 2.165484319955895 2.0500000014901163
    endloop
  endfacet
  facet normal 0 0 1
    outer loop
      vertex 15.577795581546182 2.491644650470597 2.0500000014901163
      vertex 15.665484316647053 2.373410075902939 2.0500000014901163
      vertex 15.665484319955894 2.373410073754532 2.0500000014901163
    endloop
  endfacet
  facet normal 0 0 1
    outer loop
      vertex 15.764339827001095 2.264339827001095 2.0500000014901163
      vertex 15.665484319955894 2.373410073754532 2.0500000014901163
      vertex 15.665484316647053 2.373410075902939 2.0500000014901163
    endloop
  endfacet
  facet normal 0 0 1
    outer loop
      vertex 15.764339828220178 2.2643398282201788 2.0500000014901163
      vertex 15.665484319955894 2.373410073754532 2.0500000014901163
      vertex 15.764339827001095 2.264339827001095 2.0500000014901163
    endloop
  endfacet
  facet normal 0 0 1
    outer loop
      vertex 15.3981299391777 2.8657040455651828 2.0500000014901163
      vertex 15.439180701971054 2.7509748488664627 2.0500000014901163
      vertex 15.43918070123307 2.7509748514523658 2.0500000014901163
    endloop
  endfacet
  facet normal 0 0 1
    outer loop
      vertex 15.388369250294675 2.8944444796487763 2.0500000014901163
      vertex 15.389589495956898 2.889572985470295 2.0500000014901163
      vertex 15.389589496310752 2.889572984481338 2.0500000014901163
    endloop
  endfacet
  facet normal 0 0 1
    outer loop
      vertex 15.873410073754531 2.165484319955895 2.0500000014901163
      vertex 15.873410075902939 2.1654843166470528 2.0500000014901163
      vertex 15.991644650697708 2.0777955800294876 2.0500000014901163
    endloop
  endfacet
  facet normal 0 0 1
    outer loop
      vertex 15.873410073754531 2.165484319955895 2.0500000014901163
      vertex 15.991644650697708 2.0777955800294876 2.0500000014901163
      vertex 15.991644650470596 2.0777955815461824 2.0500000014901163
    endloop
  endfacet
  facet normal 0 0 1
    outer loop
      vertex 15.991644650470596 2.0777955815461824 2.0500000014901163
      vertex 15.991644650697708 2.0777955800294876 2.0500000014901163
      vertex 16.117904894053936 2.0021181032061577 2.0500000014901163
    endloop
  endfacet
  facet normal 0 0 1
    outer loop
      vertex 15.991644650470596 2.0777955815461824 2.0500000014901163
      vertex 16.117904894053936 2.0021181032061577 2.0500000014901163
      vertex 16.117904894761004 2.0021181034774678 2.0500000014901163
    endloop
  endfacet
  facet normal 0 0 1
    outer loop
      vertex 16.117904894761004 2.0021181034774678 2.0500000014901163
      vertex 16.117904894053936 2.0021181032061577 2.0500000014901163
      vertex 16.250974848866463 1.939180701971054 2.0500000014901163
    endloop
  endfacet
  facet normal 0 0 1
    outer loop
      vertex 16.117904894761004 2.0021181034774678 2.0500000014901163
      vertex 16.250974848866463 1.939180701971054 2.0500000014901163
      vertex 16.250974851452366 1.9391807012330702 2.0500000014901163
    endloop
  endfacet
  facet normal 0 0 1
    outer loop
      vertex 16.250974851452366 1.9391807012330702 2.0500000014901163
      vertex 16.250974848866463 1.939180701971054 2.0500000014901163
      vertex 16.36570403652836 1.8981299424111264 2.0500000014901163
    endloop
  endfacet
  facet normal 0 0 1
    outer loop
      vertex 16.38957298448134 1.889589496310752 2.0500000014901163
      vertex 16.389572985470295 1.8895894959568977 2.0500000014901163
      vertex 16.394444472110706 1.888369252182862 2.0500000014901163
    endloop
  endfacet
  facet normal 0 0 1
    outer loop
      vertex 16.64081009604379 1.8377356973299372 2.0500000014901163
      vertex 16.6779742911458 1.8322229087352753 2.0500000014901163
      vertex 16.67797428950566 1.832222909991705 2.0500000014901163
    endloop
  endfacet
  facet normal 0 0 1
    outer loop
      vertex 16.67797428950566 1.832222909991705 2.0500000014901163
      vertex 16.6779742911458 1.8322229087352753 2.0500000014901163
      vertex 16.718155815646554 1.8302489181934731 2.0500000014901163
    endloop
  endfacet
  facet normal 0 0 1
    outer loop
      vertex 15.523981691109976 4.068572297476279 2.0500000014901163
      vertex 15.577795581546182 4.158355349529403 2.0500000014901163
      vertex 15.577795580029488 4.158355347812176 2.0500000014901163
    endloop
  endfacet
  facet normal 0 0 1
    outer loop
      vertex 15.577795581546182 4.158355349529403 2.0500000014901163
      vertex 15.66548431995234 4.276589926253767 2.0500000014901163
      vertex 15.577795580029488 4.158355347812176 2.0500000014901163
    endloop
  endfacet
  facet normal 0 0 1
    outer loop
      vertex 15.577795580029488 4.158355347812176 2.0500000014901163
      vertex 15.66548431995234 4.276589926253767 2.0500000014901163
      vertex 15.665484316647053 4.276589922606945 2.0500000014901163
    endloop
  endfacet
  facet normal 0 0 1
    outer loop
      vertex 15.66548431995234 4.276589926253767 2.0500000014901163
      vertex 15.764339828220178 4.385660171779822 2.0500000014901163
      vertex 15.764339827001095 4.385660171508789 2.0500000014901163
    endloop
  endfacet
  facet normal 0 0 1
    outer loop
      vertex 15.764339828220178 4.385660171779822 2.0500000014901163
      vertex 15.858848859056408 4.471318164324982 2.0500000014901163
      vertex 15.764339827001095 4.385660171508789 2.0500000014901163
    endloop
  endfacet
  facet normal 0 0 1
    outer loop
      vertex 15.873410074534618 4.484515680622658 2.0500000014901163
      vertex 15.945969414650191 4.538329354856511 2.0500000014901163
      vertex 15.873410075902939 4.484515681862831 2.0500000014901163
    endloop
  endfacet
  facet normal 0 0 1
    outer loop
      vertex 16.435111700176073 4.771817358154638 2.0500000014901163
      vertex 16.532364516975807 4.796177920604846 2.0500000014901163
      vertex 16.532364517450333 4.796177923679352 2.0500000014901163
    endloop
  endfacet
  facet normal 0 0 1
    outer loop
      vertex 16.532364516975807 4.796177920604846 2.0500000014901163
      vertex 16.658022858203594 4.814817574743301 2.0500000014901163
      vertex 16.532364517450333 4.796177923679352 2.0500000014901163
    endloop
  endfacet
  facet normal 0 0 1
    outer loop
      vertex 16.692651318154603 4.818498126189794 2.0500000014901163
      vertex 16.825 4.825 2.0500000014901163
      vertex 16.825000002980232 4.825000002980232 2.0500000014901163
    endloop
  endfacet
  facet normal 0 0 1
    outer loop
      vertex 16.825 4.825 2.0500000014901163
      vertex 19.5 4.825 2.0500000014901163
      vertex 16.825000002980232 4.825000002980232 2.0500000014901163
    endloop
  endfacet
  facet normal 0 0 1
    outer loop
      vertex 16.825000002980232 4.825000002980232 2.0500000014901163
      vertex 19.5 4.825 2.0500000014901163
      vertex 19.25 4.825000002980232 2.0500000014901163
    endloop
  endfacet
  facet normal 0 0 1
    outer loop
      vertex 19.25 -1.8250000000000002 2.0500000014901163
      vertex 19.5 1.8250000000000002 2.0500000014901163
      vertex 19.25 1.8250000000000002 2.0500000014901163
    endloop
  endfacet
  facet normal 0 0 1
    outer loop
      vertex 19.5 -1.8250000000000002 2.0500000014901163
      vertex 19.64702571049434 1.832222909991705 2.0500000014901163
      vertex 19.5 1.8250000000000002 2.0500000014901163
    endloop
  endfacet
  facet normal 0 0 1
    outer loop
      vertex 19.5 -1.8250000000000002 2.0500000014901163
      vertex 19.792635483024192 1.8538220793951545 2.0500000014901163
      vertex 19.64702571049434 1.832222909991705 2.0500000014901163
    endloop
  endfacet
  facet normal 0 0 1
    outer loop
      vertex 19.5 -1.8250000000000002 2.0500000014901163
      vertex 19.935427015881693 1.8895894964016868 2.0500000014901163
      vertex 19.792635483024192 1.8538220793951545 2.0500000014901163
    endloop
  endfacet
  facet normal 0 0 1
    outer loop
      vertex 19.5 -1.8250000000000002 2.0500000014901163
      vertex 20.074025148547634 1.9391807012330702 2.0500000014901163
      vertex 19.935427015881693 1.8895894964016868 2.0500000014901163
    endloop
  endfacet
  facet normal 0 0 1
    outer loop
      vertex 19.5 -1.8250000000000002 2.0500000014901163
      vertex 20.207095105238995 2.0021181034774678 2.0500000014901163
      vertex 20.074025148547634 1.9391807012330702 2.0500000014901163
    endloop
  endfacet
  facet normal 0 0 1
    outer loop
      vertex 19.5 -1.8250000000000002 2.0500000014901163
      vertex 20.333355349529402 2.0777955815461824 2.0500000014901163
      vertex 20.207095105238995 2.0021181034774678 2.0500000014901163
    endloop
  endfacet
  facet normal 0 0 1
    outer loop
      vertex 19.5 -1.8250000000000002 2.0500000014901163
      vertex 20.451589926245468 2.165484319955895 2.0500000014901163
      vertex 20.333355349529402 2.0777955815461824 2.0500000014901163
    endloop
  endfacet
  facet normal 0 0 1
    outer loop
      vertex 19.5 -1.8250000000000002 2.0500000014901163
      vertex 20.560660171779823 2.2643398282201788 2.0500000014901163
      vertex 20.451589926245468 2.165484319955895 2.0500000014901163
    endloop
  endfacet
  facet normal 0 0 1
    outer loop
      vertex 19.5 -1.8250000000000002 2.0500000014901163
      vertex 20.659515680044105 2.373410073754532 2.0500000014901163
      vertex 20.560660171779823 2.2643398282201788 2.0500000014901163
    endloop
  endfacet
  facet normal 0 0 1
    outer loop
      vertex 19.5 -1.8250000000000002 2.0500000014901163
      vertex 20.74720441845382 2.491644650470597 2.0500000014901163
      vertex 20.659515680044105 2.373410073754532 2.0500000014901163
    endloop
  endfacet
  facet normal 0 0 1
    outer loop
      vertex 19.5 -1.8250000000000002 2.0500000014901163
      vertex 20.82288189652253 2.6179048947610037 2.0500000014901163
      vertex 20.74720441845382 2.491644650470597 2.0500000014901163
    endloop
  endfacet
  facet normal 0 0 1
    outer loop
      vertex 19.5 -1.8250000000000002 2.0500000014901163
      vertex 20.88581929876693 2.7509748514523658 2.0500000014901163
      vertex 20.82288189652253 2.6179048947610037 2.0500000014901163
    endloop
  endfacet
  facet normal 0 0 1
    outer loop
      vertex 19.5 -1.8250000000000002 2.0500000014901163
      vertex 20.935410503598312 2.8895729841183067 2.0500000014901163
      vertex 20.88581929876693 2.7509748514523658 2.0500000014901163
    endloop
  endfacet
  facet normal 0 0 1
    outer loop
      vertex 19.64702571049434 -1.832222909991705 2.0500000014901163
      vertex 23 5 2.0500000014901163
      vertex 19.5 -1.8250000000000002 2.0500000014901163
    endloop
  endfacet
  facet normal 0 0 1
    outer loop
      vertex 19.64702571049434 -1.832222909991705 2.0500000014901163
      vertex 19.792635483024192 -1.8538220793951545 2.0500000014901163
      vertex 23 5 2.0500000014901163
    endloop
  endfacet
  facet normal 0 0 1
    outer loop
      vertex 19.792635483024192 -1.8538220793951545 2.0500000014901163
      vertex 19.935427015881693 -1.8895894964016868 2.0500000014901163
      vertex 23 5 2.0500000014901163
    endloop
  endfacet
  facet normal 0 0 1
    outer loop
      vertex 19.25 4.825000002980232 2.0500000014901163
      vertex 19.5 4.825 2.0500000014901163
      vertex 19.25 15.922667071223259 2.0500000014901163
    endloop
  endfacet
  facet normal 0 0 1
    outer loop
      vertex 19.5 4.825 2.0500000014901163
      vertex 19.64702571049434 4.8177770900082955 2.0500000014901163
      vertex 19.25 15.922667071223259 2.0500000014901163
    endloop
  endfacet
  facet normal 0 0 1
    outer loop
      vertex 19.64702571049434 4.8177770900082955 2.0500000014901163
      vertex 19.792635483024192 4.796177920604846 2.0500000014901163
      vertex 19.25 15.922667071223259 2.0500000014901163
    endloop
  endfacet
  facet normal 0 0 1
    outer loop
      vertex 19.792635483024192 4.796177920604846 2.0500000014901163
      vertex 19.935427015881693 4.7604105035983135 2.0500000014901163
      vertex 19.25 15.922667071223259 2.0500000014901163
    endloop
  endfacet
  facet normal 0 0 1
    outer loop
      vertex 19.935427015881693 4.7604105035983135 2.0500000014901163
      vertex 20.074025148547634 4.71081929876693 2.0500000014901163
      vertex 19.25 15.922667071223259 2.0500000014901163
    endloop
  endfacet
  facet normal 0 1 0
    outer loop
      vertex 7.400000000701231 29.25 -2.9802320611338473e-9
      vertex 6 29.25 1.4000000007888849
      vertex 36 29.25 -2.9802320611338473e-9
    endloop
  endfacet
  facet normal 0 1 0
    outer loop
      vertex 6 29.25 1.4000000007888849
      vertex 6 29.25 5.400000002980232
      vertex 36 29.25 -2.9802320611338473e-9
    endloop
  endfacet
  facet normal 0 0 1
    outer loop
      vertex 6 26.850000001490116 2.0500000014901163
      vertex 19.25 15.922667071223259 2.0500000014901163
      vertex 36 26.850000001490116 2.0500000014901163
    endloop
  endfacet
  facet normal -1 0 0
    outer loop
      vertex 6 29.25 1.4000000007888849
      vertex 6 26.850000001490116 2.0500000014901163
      vertex 6 29.25 5.400000002980232
    endloop
  endfacet
  facet normal -1 0 0
    outer loop
      vertex 6 26.850000001490116 2.0500000014901163
      vertex 6 25.100000001490116 3.8000000014901163
      vertex 6 29.25 5.400000002980232
    endloop
  endfacet
  facet normal -1 0 0
    outer loop
      vertex 6 25.100000001490116 3.8000000014901163
      vertex 6 25.100000001490116 5.400000002980232
      vertex 6 29.25 5.400000002980232
    endloop
  endfacet
  facet normal 0 -0.7071067811865475 -0.7071067811865475
    outer loop
      vertex 6 26.850000001490116 2.0500000014901163
      vertex 36 25.100000001490116 3.8000000014901163
      vertex 6 25.100000001490116 3.8000000014901163
    endloop
  endfacet
  facet normal 0 -1 0
    outer loop
      vertex 6 25.100000001490116 3.8000000014901163
      vertex 36 25.100000001490116 5.400000002980232
      vertex 6 25.100000001490116 5.400000002980232
    endloop
  endfacet
  facet normal 0 0 1
    outer loop
      vertex 6 25.100000001490116 5.400000002980232
      vertex 36 29.25 5.400000002980232
      vertex 6 29.25 5.400000002980232
    endloop
  endfacet
  facet normal 0 0 -1
    outer loop
      vertex 7.400000000701231 -29.25 -2.9802320611338473e-9
      vertex 23 -5.800000000000001 -2.9802320611338473e-9
      vertex 36 -29.25 -2.9802320611338473e-9
    endloop
  endfacet
  facet normal 0 -1 0
    outer loop
      vertex 7.400000000701231 -29.25 -2.9802320611338473e-9
      vertex 36 -29.25 -2.9802320611338473e-9
      vertex 36 -29.25 5.400000002980232
    endloop
  endfacet
  facet normal 0 0 1
    outer loop
      vertex 19.25 -15.922667071223259 2.0500000014901163
      vertex 36 -26.850000001490116 2.0500000014901163
      vertex 19.5 -4.825 2.0500000014901163
    endloop
  endfacet
  facet normal 0 0 1
    outer loop
      vertex 20.82288189652253 -4.032095105238996 2.0500000014901163
      vertex 23 -5.000000000000001 2.0500000014901163
      vertex 20.88581929876693 -3.8990251485476346 2.0500000014901163
    endloop
  endfacet
  facet normal 0 0 1
    outer loop
      vertex 20.88581929876693 -3.8990251485476346 2.0500000014901163
      vertex 23 -5.000000000000001 2.0500000014901163
      vertex 20.935410503598312 -3.7604270158816937 2.0500000014901163
    endloop
  endfacet
  facet normal 0 0 1
    outer loop
      vertex 20.935410503598312 -3.7604270158816937 2.0500000014901163
      vertex 23 -5.000000000000001 2.0500000014901163
      vertex 20.971177920604845 -3.6176354830241926 2.0500000014901163
    endloop
  endfacet
  facet normal 0 0 1
    outer loop
      vertex 20.971177920604845 -3.6176354830241926 2.0500000014901163
      vertex 23 -5.000000000000001 2.0500000014901163
      vertex 20.992777090008296 -3.472025710494341 2.0500000014901163
    endloop
  endfacet
  facet normal 0 0 1
    outer loop
      vertex 20.82288189652253 -4.032095105238996 2.0500000014901163
      vertex 23 -5.800000000000001 2.0500000014901163
      vertex 23 -5.000000000000001 2.0500000014901163
    endloop
  endfacet
  facet normal 0 0 1
    outer loop
      vertex 20.992777090008296 -3.472025710494341 2.0500000014901163
      vertex 23 5 2.0500000014901163
      vertex 21 -3.325 2.0500000014901163
    endloop
  endfacet
  facet normal 0 0 1
    outer loop
      vertex 20.992777090008296 -3.1779742895056593 2.0500000014901163
      vertex 21 -3.325 2.0500000014901163
      vertex 23 5 2.0500000014901163
    endloop
  endfacet
  facet normal 0 0 1
    outer loop
      vertex 20.74720441845382 -2.491644650470597 2.0500000014901163
      vertex 20.82288189652253 -2.6179048947610037 2.0500000014901163
      vertex 23 5 2.0500000014901163
    endloop
  endfacet
  facet normal 0 0 1
    outer loop
      vertex 20.88581929876693 -2.7509748514523658 2.0500000014901163
      vertex 23 5 2.0500000014901163
      vertex 20.82288189652253 -2.6179048947610037 2.0500000014901163
    endloop
  endfacet
  facet normal 0 0 1
    outer loop
      vertex 20.971177920604845 -3.0323645169758078 2.0500000014901163
      vertex 23 5 2.0500000014901163
      vertex 20.935410503598312 -2.8895729841183067 2.0500000014901163
    endloop
  endfacet
  facet normal 0 0 1
    outer loop
      vertex 20.992777090008296 -3.1779742895056593 2.0500000014901163
      vertex 23 5 2.0500000014901163
      vertex 20.971177920604845 -3.0323645169758078 2.0500000014901163
    endloop
  endfacet
  facet normal 0 0 1
    outer loop
      vertex 20.935410503598312 -2.8895729841183067 2.0500000014901163
      vertex 23 5 2.0500000014901163
      vertex 20.88581929876693 -2.7509748514523658 2.0500000014901163
    endloop
  endfacet
  facet normal 0 0 1
    outer loop
      vertex 20.992777090008296 -3.472025710494341 2.0500000014901163
      vertex 23 -5.000000000000001 2.0500000014901163
      vertex 23 5 2.0500000014901163
    endloop
  endfacet
  facet normal 0 0 1
    outer loop
      vertex 19.5 -4.825 2.0500000014901163
      vertex 36 -26.850000001490116 2.0500000014901163
      vertex 19.64702571049434 -4.8177770900082955 2.0500000014901163
    endloop
  endfacet
  facet normal 0 0 1
    outer loop
      vertex 19.64702571049434 -4.8177770900082955 2.0500000014901163
      vertex 36 -26.850000001490116 2.0500000014901163
      vertex 19.792635483024192 -4.796177920604846 2.0500000014901163
    endloop
  endfacet
  facet normal 0 0 1
    outer loop
      vertex 19.792635483024192 -4.796177920604846 2.0500000014901163
      vertex 36 -26.850000001490116 2.0500000014901163
      vertex 19.935427015881693 -4.7604105035983135 2.0500000014901163
    endloop
  endfacet
  facet normal 0 0 1
    outer loop
      vertex 19.935427015881693 -4.7604105035983135 2.0500000014901163
      vertex 36 -26.850000001490116 2.0500000014901163
      vertex 20.074025148547634 -4.71081929876693 2.0500000014901163
    endloop
  endfacet
  facet normal 0 0 1
    outer loop
      vertex 20.074025148547634 -4.71081929876693 2.0500000014901163
      vertex 36 -26.850000001490116 2.0500000014901163
      vertex 20.207095105238995 -4.647881896522533 2.0500000014901163
    endloop
  endfacet
  facet normal 0 0 1
    outer loop
      vertex 20.207095105238995 -4.647881896522533 2.0500000014901163
      vertex 36 -26.850000001490116 2.0500000014901163
      vertex 20.333355349529402 -4.572204418453818 2.0500000014901163
    endloop
  endfacet
  facet normal 0 0 1
    outer loop
      vertex 20.333355349529402 -4.572204418453818 2.0500000014901163
      vertex 36 -26.850000001490116 2.0500000014901163
      vertex 20.451589926245468 -4.4845156800441055 2.0500000014901163
    endloop
  endfacet
  facet normal 0 0 1
    outer loop
      vertex 20.451589926245468 -4.4845156800441055 2.0500000014901163
      vertex 36 -26.850000001490116 2.0500000014901163
      vertex 20.560660171779823 -4.385660171779822 2.0500000014901163
    endloop
  endfacet
  facet normal 0 0 1
    outer loop
      vertex 20.560660171779823 -4.385660171779822 2.0500000014901163
      vertex 36 -26.850000001490116 2.0500000014901163
      vertex 20.659515680044105 -4.276589926245468 2.0500000014901163
    endloop
  endfacet
  facet normal 0 0 1
    outer loop
      vertex 20.659515680044105 -4.276589926245468 2.0500000014901163
      vertex 36 -26.850000001490116 2.0500000014901163
      vertex 20.74720441845382 -4.158355349529403 2.0500000014901163
    endloop
  endfacet
  facet normal 0 0 1
    outer loop
      vertex 20.74720441845382 -4.158355349529403 2.0500000014901163
      vertex 36 -26.850000001490116 2.0500000014901163
      vertex 20.82288189652253 -4.032095105238996 2.0500000014901163
    endloop
  endfacet
  facet normal 0 0 1
    outer loop
      vertex 20.82288189652253 -4.032095105238996 2.0500000014901163
      vertex 36 -26.850000001490116 2.0500000014901163
      vertex 23 -5.800000000000001 2.0500000014901163
    endloop
  endfacet
  facet normal 1 0 0
    outer loop
      vertex 36 -29.25 -2.9802320611338473e-9
      vertex 36 -26.850000001490116 2.0500000014901163
      vertex 36 -29.25 5.400000002980232
    endloop
  endfacet
  facet normal 1 0 0
    outer loop
      vertex 36 -29.25 -2.9802320611338473e-9
      vertex 36 -5.800000000000001 2.0500000014901163
      vertex 36 -26.850000001490116 2.0500000014901163
    endloop
  endfacet
  facet normal 0 0 -1
    outer loop
      vertex 23 -5.800000000000001 -2.9802320611338473e-9
      vertex 36 -5.800000000000001 -2.9802320611338473e-9
      vertex 36 -29.25 -2.9802320611338473e-9
    endloop
  endfacet
  facet normal 0 0 -1
    outer loop
      vertex 23 -5.000000000000001 -2.9802320611338473e-9
      vertex 36 5 -2.9802320611338473e-9
      vertex 36 -5.000000000000001 -2.9802320611338473e-9
    endloop
  endfacet
  facet normal 1 0 0
    outer loop
      vertex 36 -29.25 -2.9802320611338473e-9
      vertex 36 -5.800000000000001 -2.9802320611338473e-9
      vertex 36 -5.800000000000001 2.0500000014901163
    endloop
  endfacet
  facet normal 1 0 0
    outer loop
      vertex 36 -5.000000000000001 -2.9802320611338473e-9
      vertex 36 5 -2.9802320611338473e-9
      vertex 36 -5 1.2
    endloop
  endfacet
  facet normal 0 0 1
    outer loop
      vertex 23 -5.800000000000001 2.0500000014901163
      vertex 36 -26.850000001490116 2.0500000014901163
      vertex 36 -5.800000000000001 2.0500000014901163
    endloop
  endfacet
  facet normal 0 0.7071067811865475 -0.7071067811865475
    outer loop
      vertex 6 -25.100000001490116 3.8000000014901163
      vertex 36 -25.100000001490116 3.8000000014901163
      vertex 36 -26.850000001490116 2.0500000014901163
    endloop
  endfacet
  facet normal 0 0 1
    outer loop
      vertex 6 -29.25 5.400000002980232
      vertex 36 -29.25 5.400000002980232
      vertex 36 -25.100000001490116 5.400000002980232
    endloop
  endfacet
  facet normal 0 1 0
    outer loop
      vertex 6 -25.100000001490116 5.400000002980232
      vertex 36 -25.100000001490116 5.400000002980232
      vertex 36 -25.100000001490116 3.8000000014901163
    endloop
  endfacet
  facet normal 1 0 0
    outer loop
      vertex 36 -26.850000001490116 2.0500000014901163
      vertex 36 -25.100000001490116 3.8000000014901163
      vertex 36 -29.25 5.400000002980232
    endloop
  endfacet
  facet normal 1 0 0
    outer loop
      vertex 36 -25.100000001490116 3.8000000014901163
      vertex 36 -25.100000001490116 5.400000002980232
      vertex 36 -29.25 5.400000002980232
    endloop
  endfacet
  facet normal 0 0 -1
    outer loop
      vertex 23 -5.000000000000001 -2.9802320611338473e-9
      vertex 23 5 -2.9802320611338473e-9
      vertex 36 5 -2.9802320611338473e-9
    endloop
  endfacet
  facet normal 0 0 1
    outer loop
      vertex 19.935427015881693 -1.8895894964016868 2.0500000014901163
      vertex 20.074025148547634 -1.9391807012330702 2.0500000014901163
      vertex 23 5 2.0500000014901163
    endloop
  endfacet
  facet normal 0 0 1
    outer loop
      vertex 20.074025148547634 -1.9391807012330702 2.0500000014901163
      vertex 20.207095105238995 -2.0021181034774678 2.0500000014901163
      vertex 23 5 2.0500000014901163
    endloop
  endfacet
  facet normal 0 0 1
    outer loop
      vertex 20.207095105238995 -2.0021181034774678 2.0500000014901163
      vertex 20.333355349529402 -2.0777955815461824 2.0500000014901163
      vertex 23 5 2.0500000014901163
    endloop
  endfacet
  facet normal 0 0 1
    outer loop
      vertex 20.451589926245468 -2.165484319955895 2.0500000014901163
      vertex 20.560660171779823 -2.2643398282201788 2.0500000014901163
      vertex 23 5 2.0500000014901163
    endloop
  endfacet
  facet normal 0 0 1
    outer loop
      vertex 20.333355349529402 -2.0777955815461824 2.0500000014901163
      vertex 20.451589926245468 -2.165484319955895 2.0500000014901163
      vertex 23 5 2.0500000014901163
    endloop
  endfacet
  facet normal 0 0 1
    outer loop
      vertex 20.659515680044105 -2.373410073754532 2.0500000014901163
      vertex 23 5 2.0500000014901163
      vertex 20.560660171779823 -2.2643398282201788 2.0500000014901163
    endloop
  endfacet
  facet normal 0 0 1
    outer loop
      vertex 20.659515680044105 -2.373410073754532 2.0500000014901163
      vertex 20.74720441845382 -2.491644650470597 2.0500000014901163
      vertex 23 5 2.0500000014901163
    endloop
  endfacet
  facet normal 0 0 1
    outer loop
      vertex 19.5 -1.8250000000000002 2.0500000014901163
      vertex 23 5 2.0500000014901163
      vertex 20.935410503598312 2.8895729841183067 2.0500000014901163
    endloop
  endfacet
  facet normal 0 0 1
    outer loop
      vertex 20.935410503598312 2.8895729841183067 2.0500000014901163
      vertex 23 5 2.0500000014901163
      vertex 23 5.8 2.0500000014901163
    endloop
  endfacet
  facet normal 0 0 1
    outer loop
      vertex 20.935410503598312 2.8895729841183067 2.0500000014901163
      vertex 36 26.850000001490116 2.0500000014901163
      vertex 20.971177920604845 3.0323645169758078 2.0500000014901163
    endloop
  endfacet
  facet normal 0 0 1
    outer loop
      vertex 20.074025148547634 4.71081929876693 2.0500000014901163
      vertex 20.207095105238995 4.647881896522533 2.0500000014901163
      vertex 36 26.850000001490116 2.0500000014901163
    endloop
  endfacet
  facet normal 0 0 1
    outer loop
      vertex 20.207095105238995 4.647881896522533 2.0500000014901163
      vertex 20.333355349529402 4.572204418453818 2.0500000014901163
      vertex 36 26.850000001490116 2.0500000014901163
    endloop
  endfacet
  facet normal 0 0 1
    outer loop
      vertex 20.451589926245468 4.4845156800441055 2.0500000014901163
      vertex 36 26.850000001490116 2.0500000014901163
      vertex 20.333355349529402 4.572204418453818 2.0500000014901163
    endloop
  endfacet
  facet normal 0 0 1
    outer loop
      vertex 20.451589926245468 4.4845156800441055 2.0500000014901163
      vertex 20.560660171779823 4.385660171779822 2.0500000014901163
      vertex 36 26.850000001490116 2.0500000014901163
    endloop
  endfacet
  facet normal 0 0 1
    outer loop
      vertex 20.560660171779823 4.385660171779822 2.0500000014901163
      vertex 20.659515680044105 4.276589926245468 2.0500000014901163
      vertex 36 26.850000001490116 2.0500000014901163
    endloop
  endfacet
  facet normal 0 0 1
    outer loop
      vertex 20.659515680044105 4.276589926245468 2.0500000014901163
      vertex 20.74720441845382 4.158355349529403 2.0500000014901163
      vertex 36 26.850000001490116 2.0500000014901163
    endloop
  endfacet
  facet normal 0 0 1
    outer loop
      vertex 20.82288189652253 4.032095105238996 2.0500000014901163
      vertex 20.88581929876693 3.8990251485476346 2.0500000014901163
      vertex 36 26.850000001490116 2.0500000014901163
    endloop
  endfacet
  facet normal 0 0 1
    outer loop
      vertex 20.74720441845382 4.158355349529403 2.0500000014901163
      vertex 20.82288189652253 4.032095105238996 2.0500000014901163
      vertex 36 26.850000001490116 2.0500000014901163
    endloop
  endfacet
  facet normal 0 0 1
    outer loop
      vertex 20.971177920604845 3.0323645169758078 2.0500000014901163
      vertex 36 26.850000001490116 2.0500000014901163
      vertex 20.992777090008296 3.1779742895056593 2.0500000014901163
    endloop
  endfacet
  facet normal 0 0 1
    outer loop
      vertex 20.992777090008296 3.1779742895056593 2.0500000014901163
      vertex 36 26.850000001490116 2.0500000014901163
      vertex 21 3.325 2.0500000014901163
    endloop
  endfacet
  facet normal 0 0 1
    outer loop
      vertex 20.971177920604845 3.6176354830241926 2.0500000014901163
      vertex 36 26.850000001490116 2.0500000014901163
      vertex 20.935410503598312 3.7604270158816937 2.0500000014901163
    endloop
  endfacet
  facet normal 0 0 1
    outer loop
      vertex 20.992777090008296 3.472025710494341 2.0500000014901163
      vertex 21 3.325 2.0500000014901163
      vertex 36 26.850000001490116 2.0500000014901163
    endloop
  endfacet
  facet normal 0 0 1
    outer loop
      vertex 20.992777090008296 3.472025710494341 2.0500000014901163
      vertex 36 26.850000001490116 2.0500000014901163
      vertex 20.971177920604845 3.6176354830241926 2.0500000014901163
    endloop
  endfacet
  facet normal 0 0 1
    outer loop
      vertex 20.935410503598312 3.7604270158816937 2.0500000014901163
      vertex 36 26.850000001490116 2.0500000014901163
      vertex 20.88581929876693 3.8990251485476346 2.0500000014901163
    endloop
  endfacet
  facet normal 0 0 1
    outer loop
      vertex 20.935410503598312 2.8895729841183067 2.0500000014901163
      vertex 23 5.8 2.0500000014901163
      vertex 36 26.850000001490116 2.0500000014901163
    endloop
  endfacet
  facet normal 0 0 -1
    outer loop
      vertex 7.400000000701231 29.25 -2.9802320611338473e-9
      vertex 36 29.25 -2.9802320611338473e-9
      vertex 23 5.8 -2.9802320611338473e-9
    endloop
  endfacet
  facet normal 0 0 1
    outer loop
      vertex 20.074025148547634 4.71081929876693 2.0500000014901163
      vertex 36 26.850000001490116 2.0500000014901163
      vertex 19.25 15.922667071223259 2.0500000014901163
    endloop
  endfacet
  facet normal 0 -0.7071067811865475 -0.7071067811865475
    outer loop
      vertex 6 26.850000001490116 2.0500000014901163
      vertex 36 26.850000001490116 2.0500000014901163
      vertex 36 25.100000001490116 3.8000000014901163
    endloop
  endfacet
  facet normal 0 0 -1
    outer loop
      vertex 23 5.8 -2.9802320611338473e-9
      vertex 36 29.25 -2.9802320611338473e-9
      vertex 36 5.8 -2.9802320611338473e-9
    endloop
  endfacet
  facet normal 1 0 0
    outer loop
      vertex 36 -5 1.2
      vertex 36 5 -2.9802320611338473e-9
      vertex 36 5 1.2
    endloop
  endfacet
  facet normal 0 0 1
    outer loop
      vertex 23 5.8 2.0500000014901163
      vertex 36 5.8 2.0500000014901163
      vertex 36 26.850000001490116 2.0500000014901163
    endloop
  endfacet
  facet normal 1 0 0
    outer loop
      vertex 36 5.8 -2.9802320611338473e-9
      vertex 36 26.850000001490116 2.0500000014901163
      vertex 36 5.8 2.0500000014901163
    endloop
  endfacet
  facet normal 1 0 0
    outer loop
      vertex 36 5.8 -2.9802320611338473e-9
      vertex 36 29.25 -2.9802320611338473e-9
      vertex 36 26.850000001490116 2.0500000014901163
    endloop
  endfacet
  facet normal 1 0 0
    outer loop
      vertex 36 29.25 -2.9802320611338473e-9
      vertex 36 29.25 5.400000002980232
      vertex 36 26.850000001490116 2.0500000014901163
    endloop
  endfacet
  facet normal 0 1 0
    outer loop
      vertex 6 29.25 5.400000002980232
      vertex 36 29.25 5.400000002980232
      vertex 36 29.25 -2.9802320611338473e-9
    endloop
  endfacet
  facet normal 0 -1 0
    outer loop
      vertex 6 25.100000001490116 3.8000000014901163
      vertex 36 25.100000001490116 3.8000000014901163
      vertex 36 25.100000001490116 5.400000002980232
    endloop
  endfacet
  facet normal 0 0 1
    outer loop
      vertex 6 25.100000001490116 5.400000002980232
      vertex 36 25.100000001490116 5.400000002980232
      vertex 36 29.25 5.400000002980232
    endloop
  endfacet
  facet normal 1 0 0
    outer loop
      vertex 36 26.850000001490116 2.0500000014901163
      vertex 36 29.25 5.400000002980232
      vertex 36 25.100000001490116 3.8000000014901163
    endloop
  endfacet
  facet normal 1 0 0
    outer loop
      vertex 36 25.100000001490116 3.8000000014901163
      vertex 36 29.25 5.400000002980232
      vertex 36 25.100000001490116 5.400000002980232
    endloop
  endfacet
  facet normal 1 0 0
    outer loop
      vertex 23 -5.800000000000001 -2.9802320611338473e-9
      vertex 23 -5.000000000000001 -2.9802320611338473e-9
      vertex 23 -5.000000000000001 2.0500000014901163
    endloop
  endfacet
  facet normal 9.11493171134605e-17 -1 0
    outer loop
      vertex 23 -5.000000000000001 -2.9802320611338473e-9
      vertex 32.744213646653456 -5 1.5365875369581996
      vertex 23 -5.000000000000001 2.0500000014901163
    endloop
  endfacet
  facet normal 0 1 0
    outer loop
      vertex 23 -5.800000000000001 -2.9802320611338473e-9
      vertex 23 -5.800000000000001 2.0500000014901163
      vertex 36 -5.800000000000001 -2.9802320611338473e-9
    endloop
  endfacet
  facet normal 1 0 0
    outer loop
      vertex 23 -5.800000000000001 -2.9802320611338473e-9
      vertex 23 -5.000000000000001 2.0500000014901163
      vertex 23 -5.800000000000001 2.0500000014901163
    endloop
  endfacet
  facet normal 0 -1 7.401486812452587e-16
    outer loop
      vertex 23 -5.000000000000001 -2.9802320611338473e-9
      vertex 36 -5.000000000000001 -2.9802320611338473e-9
      vertex 36 -5 1.2
    endloop
  endfacet
  facet normal 3.609379304571484e-17 -1 3.491325908877803e-16
    outer loop
      vertex 23 -5.000000000000001 -2.9802320611338473e-9
      vertex 36 -5 1.2
      vertex 32.744213646653456 -5 1.5365875369581996
    endloop
  endfacet
  facet normal 0 1 0
    outer loop
      vertex 23 -5.800000000000001 2.0500000014901163
      vertex 36 -5.800000000000001 2.0500000014901163
      vertex 36 -5.800000000000001 -2.9802320611338473e-9
    endloop
  endfacet
  facet normal 0 -1 0
    outer loop
      vertex 36 -5 1.2
      vertex 34.915704362956625 -5 1.8790149198911854
      vertex 32.744213646653456 -5 1.5365875369581996
    endloop
  endfacet
  facet normal 0 -1 0
    outer loop
      vertex 36 -5 1.2
      vertex 36 -5 2.0500000014901163
      vertex 34.915704362956625 -5 1.8790149198911854
    endloop
  endfacet
  facet normal 0 -1 0
    outer loop
      vertex 36 -5 2.0500000014901163
      vertex 34.74589041180854 -5 2.0500000014901163
      vertex 34.915704362956625 -5 1.8790149198911854
    endloop
  endfacet
  facet normal 1 0 0
    outer loop
      vertex 23 5 -2.9802320611338473e-9
      vertex 23 5.8 -2.9802320611338473e-9
      vertex 23 5.8 2.0500000014901163
    endloop
  endfacet
  facet normal 1 0 0
    outer loop
      vertex 23 5 -2.9802320611338473e-9
      vertex 23 5.8 2.0500000014901163
      vertex 23 5 1.2
    endloop
  endfacet
  facet normal 0 1 0
    outer loop
      vertex 23 5 -2.9802320611338473e-9
      vertex 23 5 1.2
      vertex 36 5 -2.9802320611338473e-9
    endloop
  endfacet
  facet normal 1 0 0
    outer loop
      vertex 23 5 1.2
      vertex 23 5.8 2.0500000014901163
      vertex 23 5 2.0500000014901163
    endloop
  endfacet
  facet normal 0 -1 0
    outer loop
      vertex 23 5.8 -2.9802320611338473e-9
      vertex 36 5.8 2.0500000014901163
      vertex 23 5.8 2.0500000014901163
    endloop
  endfacet
  facet normal 0 1 0
    outer loop
      vertex 23 5 1.2
      vertex 32.40993150330166 5 1.2
      vertex 36 5 -2.9802320611338473e-9
    endloop
  endfacet
  facet normal 0 -1 0
    outer loop
      vertex 23 5.8 -2.9802320611338473e-9
      vertex 36 5.8 -2.9802320611338473e-9
      vertex 36 5.8 2.0500000014901163
    endloop
  endfacet
  facet normal 0 1 0
    outer loop
      vertex 36 5 -2.9802320611338473e-9
      vertex 32.40993150330166 5 1.2
      vertex 35.59006849669834 5 1.2
    endloop
  endfacet
  facet normal 0 1 0
    outer loop
      vertex 35.59006849669834 5 1.2
      vertex 36 5 1.2
      vertex 36 5 -2.9802320611338473e-9
    endloop
  endfacet
  facet normal -0.6119212854735 0.7909186686281084 6.244239030109155e-15
    outer loop
      vertex 6 -26.173982856432335 1.6
      vertex 6 -26.17398285643234 2.0500000014901163
      vertex 19.25 -15.922667071223259 1.6
    endloop
  endfacet
  facet normal 0 0 1
    outer loop
      vertex 6 -26.173982856432335 1.6
      vertex 19.25 -15.922667071223259 1.6
      vertex 6 -19.806990597111565 1.6
    endloop
  endfacet
  facet normal 0 0 1
    outer loop
      vertex 6 -19.806990597111565 1.6
      vertex 15.439180701971054 -3.899025149643421 1.6
      vertex 15.389589495956898 -3.760427013039589 1.6
    endloop
  endfacet
  facet normal 0 0 1
    outer loop
      vertex 6 -19.806990597111565 1.6
      vertex 15.502118103206158 -4.032095104455948 1.6
      vertex 15.439180701971054 -3.899025149643421 1.6
    endloop
  endfacet
  facet normal 0 0 1
    outer loop
      vertex 6 -19.806990597111565 1.6
      vertex 15.665484316647053 -4.276589922606945 1.6
      vertex 15.577795580029488 -4.158355347812176 1.6
    endloop
  endfacet
  facet normal 0 0 1
    outer loop
      vertex 6 -19.806990597111565 1.6
      vertex 15.577795580029488 -4.158355347812176 1.6
      vertex 15.502118103206158 -4.032095104455948 1.6
    endloop
  endfacet
  facet normal 0 0 1
    outer loop
      vertex 6 -19.806990597111565 1.6
      vertex 15.764339827001095 -4.385660171508789 1.6
      vertex 15.665484316647053 -4.276589922606945 1.6
    endloop
  endfacet
  facet normal 0 0 1
    outer loop
      vertex 6 -19.806990597111565 1.6
      vertex 15.873410075902939 -4.484515681862831 1.6
      vertex 15.764339827001095 -4.385660171508789 1.6
    endloop
  endfacet
  facet normal 0 0 1
    outer loop
      vertex 6 -19.806990597111565 1.6
      vertex 15.389589495956898 -3.760427013039589 1.6
      vertex 15.353822082281113 -3.6176354810595512 1.6
    endloop
  endfacet
  facet normal 0 0 1
    outer loop
      vertex 6 -19.806990597111565 1.6
      vertex 15.353822082281113 -3.6176354810595512 1.6
      vertex 15.332222908735275 -3.4720257073640823 1.6
    endloop
  endfacet
  facet normal 0 0 1
    outer loop
      vertex 6 -19.806990597111565 1.6
      vertex 15.332222908735275 -3.4720257073640823 1.6
      vertex 15.325000002980232 -3.3250000029802322 1.6
    endloop
  endfacet
  facet normal 0 0 1
    outer loop
      vertex 6 -19.806990597111565 1.6
      vertex 15.325000002980232 -3.3250000029802322 1.6
      vertex 15.332222908735275 -3.1779742911458015 1.6
    endloop
  endfacet
  facet normal 0 0 1
    outer loop
      vertex 6 -19.806990597111565 1.6
      vertex 15.332222908735275 -3.1779742911458015 1.6
      vertex 15.353822082281113 -3.0323645174503326 1.6
    endloop
  endfacet
  facet normal 0 0 1
    outer loop
      vertex 6 -19.806990597111565 1.6
      vertex 15.353822082281113 -3.0323645174503326 1.6
      vertex 15.389589495956898 -2.889572985470295 1.6
    endloop
  endfacet
  facet normal 0 0 1
    outer loop
      vertex 6 -19.806990597111565 1.6
      vertex 15.389589495956898 -2.889572985470295 1.6
      vertex 15.439180701971054 -2.7509748488664627 1.6
    endloop
  endfacet
  facet normal 0 0 1
    outer loop
      vertex 6 -19.806990597111565 1.6
      vertex 15.439180701971054 -2.7509748488664627 1.6
      vertex 15.502118103206158 -2.617904894053936 1.6
    endloop
  endfacet
  facet normal 0 0 1
    outer loop
      vertex 6 -19.806990597111565 1.6
      vertex 15.991644650697708 -4.572204418480396 1.6
      vertex 15.873410075902939 -4.484515681862831 1.6
    endloop
  endfacet
  facet normal 0 0 1
    outer loop
      vertex 6 -19.806990597111565 1.6
      vertex 16.117904894053936 -4.647881895303726 1.6
      vertex 15.991644650697708 -4.572204418480396 1.6
    endloop
  endfacet
  facet normal 0 0 1
    outer loop
      vertex 6 -19.806990597111565 1.6
      vertex 16.250974848866463 -4.71081929653883 1.6
      vertex 16.117904894053936 -4.647881895303726 1.6
    endloop
  endfacet
  facet normal 0 0 1
    outer loop
      vertex 6 -19.806990597111565 1.6
      vertex 16.389572985470295 -4.760410502552986 1.6
      vertex 16.250974848866463 -4.71081929653883 1.6
    endloop
  endfacet
  facet normal 0 0 1
    outer loop
      vertex 6 -19.806990597111565 1.6
      vertex 16.532364517450333 -4.796177923679352 1.6
      vertex 16.389572985470295 -4.760410502552986 1.6
    endloop
  endfacet
  facet normal 0 0 1
    outer loop
      vertex 6 -19.806990597111565 1.6
      vertex 15.502118103206158 -2.617904894053936 1.6
      vertex 15.873410075902939 2.1654843166470528 1.6
    endloop
  endfacet
  facet normal 0 0 1
    outer loop
      vertex 6 -19.806990597111565 1.6
      vertex 15.502118103206158 2.617904894053936 1.6
      vertex 15.439180701971054 2.7509748488664627 1.6
    endloop
  endfacet
  facet normal 0 0 1
    outer loop
      vertex 6 -19.806990597111565 1.6
      vertex 15.389589495956898 2.889572985470295 1.6
      vertex 15.353822082281113 3.0323645174503326 1.6
    endloop
  endfacet
  facet normal 0 0 1
    outer loop
      vertex 6 -19.806990597111565 1.6
      vertex 15.439180701971054 2.7509748488664627 1.6
      vertex 15.389589495956898 2.889572985470295 1.6
    endloop
  endfacet
  facet normal 0 0 1
    outer loop
      vertex 6 -19.806990597111565 1.6
      vertex 15.764339827001095 2.264339827001095 1.6
      vertex 15.665484316647053 2.373410075902939 1.6
    endloop
  endfacet
  facet normal 0 0 1
    outer loop
      vertex 6 -19.806990597111565 1.6
      vertex 15.873410075902939 2.1654843166470528 1.6
      vertex 15.764339827001095 2.264339827001095 1.6
    endloop
  endfacet
  facet normal 0 0 1
    outer loop
      vertex 6 -19.806990597111565 1.6
      vertex 15.577795580029488 2.491644650697708 1.6
      vertex 15.502118103206158 2.617904894053936 1.6
    endloop
  endfacet
  facet normal 0 0 1
    outer loop
      vertex 6 -19.806990597111565 1.6
      vertex 15.665484316647053 2.373410075902939 1.6
      vertex 15.577795580029488 2.491644650697708 1.6
    endloop
  endfacet
  facet normal 0 0 1
    outer loop
      vertex 6 -19.806990597111565 1.6
      vertex 15.353822082281113 3.0323645174503326 1.6
      vertex 15.332222908735275 3.1779742911458015 1.6
    endloop
  endfacet
  facet normal 0 0 1
    outer loop
      vertex 6 -19.806990597111565 1.6
      vertex 15.332222908735275 3.1779742911458015 1.6
      vertex 15.325000002980232 3.3250000029802322 1.6
    endloop
  endfacet
  facet normal 0 0 1
    outer loop
      vertex 6 -19.806990597111565 1.6
      vertex 15.325000002980232 3.3250000029802322 1.6
      vertex 15.332222908735275 3.4720257073640823 1.6
    endloop
  endfacet
  facet normal 0 0 1
    outer loop
      vertex 6 -19.806990597111565 1.6
      vertex 15.332222908735275 3.4720257073640823 1.6
      vertex 15.353822082281113 3.6176354810595512 1.6
    endloop
  endfacet
  facet normal 0 0 1
    outer loop
      vertex 6 -19.806990597111565 1.6
      vertex 15.353822082281113 3.6176354810595512 1.6
      vertex 15.389589495956898 3.760427013039589 1.6
    endloop
  endfacet
  facet normal 0 0 1
    outer loop
      vertex 6 -19.806990597111565 1.6
      vertex 15.389589495956898 3.760427013039589 1.6
      vertex 15.439180701971054 3.899025149643421 1.6
    endloop
  endfacet
  facet normal -0.6119212854735001 0.7909186686281082 0
    outer loop
      vertex 6 -26.17398285643234 2.0500000014901163
      vertex 19.25 -15.922667071223259 2.0500000014901163
      vertex 19.25 -15.922667071223259 1.6
    endloop
  endfacet
  facet normal 0 0 1
    outer loop
      vertex 6 -19.806990597111565 1.6
      vertex 19.25 -15.922667071223259 1.6
      vertex 16.532364517450333 -4.796177923679352 1.6
    endloop
  endfacet
  facet normal -0.9987954575157492 -0.049067647650010364 6.751573511388552e-16
    outer loop
      vertex 15.332222908735275 -3.4720257073640823 1.6
      vertex 15.330199695025634 -3.430842223754117 2.0500000014901163
      vertex 15.325000002980232 -3.3250000029802322 1.6
    endloop
  endfacet
  facet normal -0.9891765060508644 0.14673050084084122 -1.4452458384609824e-15
    outer loop
      vertex 15.332222908735275 -3.1779742911458015 1.6
      vertex 15.337735690612247 -3.140810141330768 2.0500000014901163
      vertex 15.353822082281113 -3.0323645174503326 1.6
    endloop
  endfacet
  facet normal -0.9987954575157494 -0.04906764765000299 0
    outer loop
      vertex 15.332222908735275 -3.4720257073640823 1.6
      vertex 15.332222908735275 -3.4720257073640823 2.0500000014901163
      vertex 15.330199695025634 -3.430842223754117 2.0500000014901163
    endloop
  endfacet
  facet normal -0.9891765060508627 -0.14673050084085218 0
    outer loop
      vertex 15.332222908735275 -3.4720257073640823 1.6
      vertex 15.336532955658067 -3.5010816782192906 2.0500000014901163
      vertex 15.332222908735275 -3.4720257073640823 2.0500000014901163
    endloop
  endfacet
  facet normal -0.9891765060508644 -0.14673050084084122 0
    outer loop
      vertex 15.353822082281113 -3.6176354810595512 1.6
      vertex 15.353822082281113 -3.6176354810595512 2.6
      vertex 15.332222908735275 -3.4720257073640823 1.6
    endloop
  endfacet
  facet normal -0.9987954576376099 0.04906764516947638 0
    outer loop
      vertex 15.325000002980232 -3.3250000029802322 1.6
      vertex 15.325000002980232 -3.3250000029802322 2.6
      vertex 15.332222908735275 -3.1779742911458015 1.6
    endloop
  endfacet
  facet normal -0.989176506050867 0.14673050084082412 0
    outer loop
      vertex 15.332222908735275 -3.1779742911458015 1.6
      vertex 15.332222908735275 -3.1779742911458015 2.0500000014901163
      vertex 15.337735690612247 -3.140810141330768 2.0500000014901163
    endloop
  endfacet
  facet normal -0.9987954576376102 0.04906764516946715 0
    outer loop
      vertex 15.332222908735275 -3.1779742911458015 1.6
      vertex 15.330248920651664 -3.218155765608901 2.0500000014901163
      vertex 15.332222908735275 -3.1779742911458015 2.0500000014901163
    endloop
  endfacet
  facet normal -0.9700312581757379 0.24298016001722236 0
    outer loop
      vertex 15.353822082281113 -3.0323645174503326 1.6
      vertex 15.353822082281113 -3.0323645174503326 2.6
      vertex 15.389589495956898 -2.889572985470295 1.6
    endloop
  endfacet
  facet normal -0.8577286120536308 -0.5141027407673995 0
    outer loop
      vertex 15.577795580029488 -4.158355347812176 1.6
      vertex 15.577795580029488 -4.158355347812176 2.0500000014901163
      vertex 15.502118103206158 -4.032095104455948 1.6
    endloop
  endfacet
  facet normal -0.8032075326742517 -0.5956993028830408 0
    outer loop
      vertex 15.577795580029488 -4.158355347812176 1.6
      vertex 15.665484316647053 -4.276589922606945 1.6
      vertex 15.665484316647053 -4.276589922606945 2.0500000014901163
    endloop
  endfacet
  facet normal -0.7409511286080308 -0.6715589512578068 0
    outer loop
      vertex 15.665484316647053 -4.276589922606945 1.6
      vertex 15.764339827001095 -4.385660171508789 1.6
      vertex 15.764339827001095 -4.385660171508789 2.0500000014901163
    endloop
  endfacet
  facet normal -0.6715589512578068 -0.7409511286080308 -2.8806711650644876e-16
    outer loop
      vertex 15.764339827001095 -4.385660171508789 1.6
      vertex 15.873410075902939 -4.484515681862831 1.6
      vertex 15.858848859056408 -4.471318164324982 2.0500000014901163
    endloop
  endfacet
  facet normal -0.5956993028830408 -0.8032075326742517 -3.797248521863076e-16
    outer loop
      vertex 15.991644650697708 -4.572204418480396 1.6
      vertex 15.945969414650191 -4.538329354856511 2.0500000014901163
      vertex 15.873410075902939 -4.484515681862831 1.6
    endloop
  endfacet
  facet normal -0.8032075326742517 -0.5956993028830408 0
    outer loop
      vertex 15.577795580029488 -4.158355347812176 1.6
      vertex 15.665484316647053 -4.276589922606945 2.0500000014901163
      vertex 15.577795580029488 -4.158355347812176 2.0500000014901163
    endloop
  endfacet
  facet normal -0.9039892934402849 -0.42755509276037695 0
    outer loop
      vertex 15.439180701971054 -3.899025149643421 1.6
      vertex 15.502118103206158 -4.032095104455948 1.6
      vertex 15.502118103206158 -4.032095104455948 2.6
    endloop
  endfacet
  facet normal -0.9415440656704999 -0.3368898520298076 0
    outer loop
      vertex 15.439180701971054 -3.899025149643421 1.6
      vertex 15.439180701971054 -3.899025149643421 2.6
      vertex 15.389589495956898 -3.760427013039589 1.6
    endloop
  endfacet
  facet normal -0.9700312581757379 -0.24298016001722236 0
    outer loop
      vertex 15.353822082281113 -3.6176354810595512 1.6
      vertex 15.389589495956898 -3.760427013039589 1.6
      vertex 15.389589495956898 -3.760427013039589 2.6
    endloop
  endfacet
  facet normal -0.8577286120536339 -0.5141027407673944 1.9518621904987444e-15
    outer loop
      vertex 15.502118103206158 -4.032095104455948 1.6
      vertex 15.577795580029488 -4.158355347812176 2.0500000014901163
      vertex 15.523981691109976 -4.068572297476279 2.0500000014901163
    endloop
  endfacet
  facet normal -0.7398294670983763 -0.672794440830877 0
    outer loop
      vertex 15.665484316647053 -4.276589922606945 1.6
      vertex 15.665484319955894 -4.276589926245468 2.0500000014901163
      vertex 15.665484316647053 -4.276589922606945 2.0500000014901163
    endloop
  endfacet
  facet normal -0.740951128645471 -0.6715589512164979 1.8237239140988185e-11
    outer loop
      vertex 15.665484316647053 -4.276589922606945 1.6
      vertex 15.764339827001095 -4.385660171508789 2.0500000014901163
      vertex 15.665484319955894 -4.276589926245468 2.0500000014901163
    endloop
  endfacet
  facet normal -0.6715589512578076 -0.7409511286080301 0
    outer loop
      vertex 15.764339827001095 -4.385660171508789 1.6
      vertex 15.858848859056408 -4.471318164324982 2.0500000014901163
      vertex 15.764339827001095 -4.385660171508789 2.0500000014901163
    endloop
  endfacet
  facet normal -0.5141027407673995 -0.8577286120536308 0
    outer loop
      vertex 15.991644650697708 -4.572204418480396 1.6
      vertex 16.117904894053936 -4.647881895303726 1.6
      vertex 16.117904894053936 -4.647881895303726 2.6
    endloop
  endfacet
  facet normal -0.42755509276037695 -0.9039892934402849 0
    outer loop
      vertex 16.117904894053936 -4.647881895303726 1.6
      vertex 16.250974848866463 -4.71081929653883 1.6
      vertex 16.250974848866463 -4.71081929653883 2.6
    endloop
  endfacet
  facet normal -0.6715589512578065 -0.740951128608031 -2.6941087937759773e-16
    outer loop
      vertex 15.873410075902939 -4.484515681862831 1.6
      vertex 15.873410074534618 -4.484515680622658 2.0500000014901163
      vertex 15.858848859056408 -4.471318164324982 2.0500000014901163
    endloop
  endfacet
  facet normal -0.6715589026149629 -0.7409511726953315 0
    outer loop
      vertex 15.873410075902939 -4.484515681862831 1.6
      vertex 15.873410075902939 -4.484515681862831 2.0500000014901163
      vertex 15.873410074534618 -4.484515680622658 2.0500000014901163
    endloop
  endfacet
  facet normal -0.5956993028830423 -0.8032075326742505 0
    outer loop
      vertex 15.873410075902939 -4.484515681862831 1.6
      vertex 15.945969414650191 -4.538329354856511 2.0500000014901163
      vertex 15.873410075902939 -4.484515681862831 2.0500000014901163
    endloop
  endfacet
  facet normal -0.24298020764330305 -0.9700312462460255 0
    outer loop
      vertex 16.389572985470295 -4.760410502552986 1.6
      vertex 16.532364517450333 -4.796177923679352 1.6
      vertex 16.532364517450333 -4.796177923679352 2.0500000014901163
    endloop
  endfacet
  facet normal -0.14673045131624154 -0.9891765133971449 -2.8806712282922217e-16
    outer loop
      vertex 16.532364517450333 -4.796177923679352 1.6
      vertex 16.6779742911458 -4.817777089774609 1.6
      vertex 16.658022858203594 -4.814817574743301 2.0500000014901163
    endloop
  endfacet
  facet normal -0.049067695661932934 -0.9987954551570747 0
    outer loop
      vertex 16.6779742911458 -4.817777089774609 1.6
      vertex 16.825000002980232 -4.825000002980232 1.6
      vertex 16.825000002980232 -4.825000002980232 2.0500000014901163
    endloop
  endfacet
  facet normal -0.3368898520298076 -0.9415440656704999 0
    outer loop
      vertex 16.250974848866463 -4.71081929653883 1.6
      vertex 16.389572985470295 -4.760410502552986 1.6
      vertex 16.389572985470295 -4.760410502552986 2.6
    endloop
  endfacet
  facet normal -0.2429802076433058 -0.9700312462460248 9.324230828804845e-16
    outer loop
      vertex 16.389572985470295 -4.760410502552986 1.6
      vertex 16.532364517450333 -4.796177923679352 2.0500000014901163
      vertex 16.435111700176073 -4.771817358154638 2.0500000014901163
    endloop
  endfacet
  facet normal -0.14673045131624257 -0.9891765133971447 0
    outer loop
      vertex 16.532364517450333 -4.796177923679352 1.6
      vertex 16.658022858203594 -4.814817574743301 2.0500000014901163
      vertex 16.532364517450333 -4.796177923679352 2.0500000014901163
    endloop
  endfacet
  facet normal -0.04906769566193474 -0.9987954551570746 5.93887395736869e-16
    outer loop
      vertex 16.6779742911458 -4.817777089774609 1.6
      vertex 16.825000002980232 -4.825000002980232 2.0500000014901163
      vertex 16.692651318154603 -4.818498126189794 2.0500000014901163
    endloop
  endfacet
  facet normal 0 0 1
    outer loop
      vertex 15.502118103206158 -2.617904894053936 1.6
      vertex 15.577795580029488 -2.491644650697708 1.6
      vertex 15.873410075902939 2.1654843166470528 1.6
    endloop
  endfacet
  facet normal 0 0 1
    outer loop
      vertex 15.577795580029488 -2.491644650697708 1.6
      vertex 15.665484316647053 -2.373410075902939 1.6
      vertex 15.873410075902939 2.1654843166470528 1.6
    endloop
  endfacet
  facet normal 0 0 1
    outer loop
      vertex 15.665484316647053 -2.373410075902939 1.6
      vertex 15.764339827001095 -2.264339827001095 1.6
      vertex 15.873410075902939 2.1654843166470528 1.6
    endloop
  endfacet
  facet normal 0 0 1
    outer loop
      vertex 15.764339827001095 -2.264339827001095 1.6
      vertex 15.873410075902939 -2.1654843166470528 1.6
      vertex 15.873410075902939 2.1654843166470528 1.6
    endloop
  endfacet
  facet normal 0 0 1
    outer loop
      vertex 15.873410075902939 -2.1654843166470528 1.6
      vertex 15.991644650697708 -2.0777955800294876 1.6
      vertex 15.991644650697708 2.0777955800294876 1.6
    endloop
  endfacet
  facet normal 0 0 1
    outer loop
      vertex 15.991644650697708 -2.0777955800294876 1.6
      vertex 16.117904894053936 -2.0021181032061577 1.6
      vertex 16.117904894053936 2.0021181032061577 1.6
    endloop
  endfacet
  facet normal 0 0 1
    outer loop
      vertex 16.117904894053936 -2.0021181032061577 1.6
      vertex 16.250974848866463 -1.939180701971054 1.6
      vertex 16.250974848866463 1.939180701971054 1.6
    endloop
  endfacet
  facet normal 0 0 1
    outer loop
      vertex 16.250974848866463 -1.939180701971054 1.6
      vertex 16.389572985470295 -1.8895894959568977 1.6
      vertex 16.389572985470295 1.8895894959568977 1.6
    endloop
  endfacet
  facet normal 0 0 1
    outer loop
      vertex 16.389572985470295 -1.8895894959568977 1.6
      vertex 16.532364517450333 -1.8538220822811127 1.6
      vertex 16.532364517450333 1.8538220822811127 1.6
    endloop
  endfacet
  facet normal 0 0 1
    outer loop
      vertex 16.532364517450333 -1.8538220822811127 1.6
      vertex 16.6779742911458 -1.8322229087352753 1.6
      vertex 16.6779742911458 1.8322229087352753 1.6
    endloop
  endfacet
  facet normal 0 0 1
    outer loop
      vertex 16.6779742911458 -1.8322229087352753 1.6
      vertex 16.825000002980232 -1.8250000029802322 1.6
      vertex 16.825000002980232 1.8250000029802322 1.6
    endloop
  endfacet
  facet normal -0.9415440656704996 0.3368898520298075 1.371592291431389e-15
    outer loop
      vertex 15.389589495956898 -2.889572985470295 1.6
      vertex 15.3981299391777 -2.8657040455651828 2.0500000014901163
      vertex 15.439180701971054 -2.7509748488664627 1.6
    endloop
  endfacet
  facet normal -0.9039892934402848 0.4275550927603769 0
    outer loop
      vertex 15.439180701971054 -2.7509748488664627 1.6
      vertex 15.439180701971054 -2.7509748488664627 2.0500000014901163
      vertex 15.502118103206158 -2.617904894053936 1.6
    endloop
  endfacet
  facet normal -0.8577286120536308 0.5141027407673995 0
    outer loop
      vertex 15.502118103206158 -2.617904894053936 1.6
      vertex 15.502118103206158 -2.617904894053936 2.0500000014901163
      vertex 15.577795580029488 -2.491644650697708 1.6
    endloop
  endfacet
  facet normal -0.8032075326742517 0.5956993028830408 0
    outer loop
      vertex 15.577795580029488 -2.491644650697708 1.6
      vertex 15.577795580029488 -2.491644650697708 2.0500000014901163
      vertex 15.665484316647053 -2.373410075902939 1.6
    endloop
  endfacet
  facet normal -0.7409511286080308 0.6715589512578068 0
    outer loop
      vertex 15.665484316647053 -2.373410075902939 1.6
      vertex 15.665484316647053 -2.373410075902939 2.0500000014901163
      vertex 15.764339827001095 -2.264339827001095 1.6
    endloop
  endfacet
  facet normal -0.6715589512578068 0.7409511286080308 0
    outer loop
      vertex 15.764339827001095 -2.264339827001095 1.6
      vertex 15.764339827001095 -2.264339827001095 2.0500000014901163
      vertex 15.873410075902939 -2.1654843166470528 1.6
    endloop
  endfacet
  facet normal -0.5956993028830408 0.8032075326742517 0
    outer loop
      vertex 15.873410075902939 -2.1654843166470528 1.6
      vertex 15.873410075902939 -2.1654843166470528 2.0500000014901163
      vertex 15.991644650697708 -2.0777955800294876 1.6
    endloop
  endfacet
  facet normal -0.5141027407673995 0.8577286120536308 0
    outer loop
      vertex 15.991644650697708 -2.0777955800294876 1.6
      vertex 15.991644650697708 -2.0777955800294876 2.0500000014901163
      vertex 16.117904894053936 -2.0021181032061577 1.6
    endloop
  endfacet
  facet normal -0.4275550927603769 0.9039892934402848 0
    outer loop
      vertex 16.117904894053936 -2.0021181032061577 1.6
      vertex 16.117904894053936 -2.0021181032061577 2.0500000014901163
      vertex 16.250974848866463 -1.939180701971054 1.6
    endloop
  endfacet
  facet normal -0.3368898520298075 0.9415440656704996 0
    outer loop
      vertex 16.250974848866463 -1.939180701971054 1.6
      vertex 16.250974848866463 -1.939180701971054 2.0500000014901163
      vertex 16.389572985470295 -1.8895894959568977 1.6
    endloop
  endfacet
  facet normal -0.9415442486972986 0.3368893405037318 0
    outer loop
      vertex 15.389589495956898 -2.889572985470295 1.6
      vertex 15.389589495956898 -2.889572985470295 2.0500000014901163
      vertex 15.389589496310752 -2.889572984481338 2.0500000014901163
    endloop
  endfacet
  facet normal -0.9415440656704841 0.33688985202985167 -1.2680934056690687e-15
    outer loop
      vertex 15.389589495956898 -2.889572985470295 1.6
      vertex 15.389589496310752 -2.889572984481338 2.0500000014901163
      vertex 15.3981299391777 -2.8657040455651828 2.0500000014901163
    endloop
  endfacet
  facet normal -0.9700312581757711 0.24298016001708955 0
    outer loop
      vertex 15.389589495956898 -2.889572985470295 1.6
      vertex 15.388369250294675 -2.8944444796487763 2.0500000014901163
      vertex 15.389589495956898 -2.889572985470295 2.0500000014901163
    endloop
  endfacet
  facet normal -0.9415440656705015 0.3368898520298028 0
    outer loop
      vertex 15.439180701971054 -2.7509748488664627 1.6
      vertex 15.3981299391777 -2.8657040455651828 2.0500000014901163
      vertex 15.439180701971054 -2.7509748488664627 2.0500000014901163
    endloop
  endfacet
  facet normal -0.9039892934402848 0.4275550927603769 0
    outer loop
      vertex 15.502118103206158 -2.617904894053936 1.6
      vertex 15.439180701971054 -2.7509748488664627 2.0500000014901163
      vertex 15.502118103206158 -2.617904894053936 2.0500000014901163
    endloop
  endfacet
  facet normal -0.8577286120536308 0.5141027407673995 0
    outer loop
      vertex 15.577795580029488 -2.491644650697708 1.6
      vertex 15.502118103206158 -2.617904894053936 2.0500000014901163
      vertex 15.577795580029488 -2.491644650697708 2.0500000014901163
    endloop
  endfacet
  facet normal -0.8032075326742517 0.5956993028830408 0
    outer loop
      vertex 15.665484316647053 -2.373410075902939 1.6
      vertex 15.577795580029488 -2.491644650697708 2.0500000014901163
      vertex 15.665484316647053 -2.373410075902939 2.0500000014901163
    endloop
  endfacet
  facet normal -0.7409511286080308 0.6715589512578068 0
    outer loop
      vertex 15.764339827001095 -2.264339827001095 1.6
      vertex 15.665484316647053 -2.373410075902939 2.0500000014901163
      vertex 15.764339827001095 -2.264339827001095 2.0500000014901163
    endloop
  endfacet
  facet normal -0.6715589512578068 0.7409511286080308 0
    outer loop
      vertex 15.873410075902939 -2.1654843166470528 1.6
      vertex 15.764339827001095 -2.264339827001095 2.0500000014901163
      vertex 15.873410075902939 -2.1654843166470528 2.0500000014901163
    endloop
  endfacet
  facet normal -0.5956993028830408 0.8032075326742517 0
    outer loop
      vertex 15.991644650697708 -2.0777955800294876 1.6
      vertex 15.873410075902939 -2.1654843166470528 2.0500000014901163
      vertex 15.991644650697708 -2.0777955800294876 2.0500000014901163
    endloop
  endfacet
  facet normal -0.5141027407673995 0.8577286120536308 0
    outer loop
      vertex 16.117904894053936 -2.0021181032061577 1.6
      vertex 15.991644650697708 -2.0777955800294876 2.0500000014901163
      vertex 16.117904894053936 -2.0021181032061577 2.0500000014901163
    endloop
  endfacet
  facet normal -0.4275550927603769 0.9039892934402848 0
    outer loop
      vertex 16.250974848866463 -1.939180701971054 1.6
      vertex 16.117904894053936 -2.0021181032061577 2.0500000014901163
      vertex 16.250974848866463 -1.939180701971054 2.0500000014901163
    endloop
  endfacet
  facet normal -0.24298016001722236 0.9700312581757379 -5.327605111582254e-16
    outer loop
      vertex 16.389572985470295 -1.8895894959568977 1.6
      vertex 16.394444472110706 -1.888369252182862 2.0500000014901163
      vertex 16.532364517450333 -1.8538220822811127 1.6
    endloop
  endfacet
  facet normal -0.04906764516947637 0.9987954576376097 -6.710654544800715e-17
    outer loop
      vertex 16.6779742911458 -1.8322229087352753 1.6
      vertex 16.718155815646554 -1.8302489181934731 2.0500000014901163
      vertex 16.825000002980232 -1.8250000029802322 1.6
    endloop
  endfacet
  facet normal -0.3368898520298063 0.9415440656705002 4.270888574030722e-16
    outer loop
      vertex 16.389572985470295 -1.8895894959568977 1.6
      vertex 16.250974848866463 -1.939180701971054 2.0500000014901163
      vertex 16.36570403652836 -1.8981299424111264 2.0500000014901163
    endloop
  endfacet
  facet normal -0.24298016001726866 0.9700312581757263 0
    outer loop
      vertex 16.389572985470295 -1.8895894959568977 1.6
      vertex 16.389572985470295 -1.8895894959568977 2.0500000014901163
      vertex 16.394444472110706 -1.888369252182862 2.0500000014901163
    endloop
  endfacet
  facet normal -0.3368903858694661 0.9415438746594459 0
    outer loop
      vertex 16.389572985470295 -1.8895894959568977 1.6
      vertex 16.38957298448134 -1.889589496310752 2.0500000014901163
      vertex 16.389572985470295 -1.8895894959568977 2.0500000014901163
    endloop
  endfacet
  facet normal -0.3368898520297914 0.9415440656705056 1.323407404574219e-15
    outer loop
      vertex 16.389572985470295 -1.8895894959568977 1.6
      vertex 16.36570403652836 -1.8981299424111264 2.0500000014901163
      vertex 16.38957298448134 -1.889589496310752 2.0500000014901163
    endloop
  endfacet
  facet normal -0.14673050084084122 0.9891765060508644 0
    outer loop
      vertex 16.532364517450333 -1.8538220822811127 1.6
      vertex 16.532364517450333 -1.8538220822811127 2.6
      vertex 16.6779742911458 -1.8322229087352753 1.6
    endloop
  endfacet
  facet normal -0.04906764516947713 0.9987954576376099 0
    outer loop
      vertex 16.6779742911458 -1.8322229087352753 1.6
      vertex 16.6779742911458 -1.8322229087352753 2.0500000014901163
      vertex 16.718155815646554 -1.8302489181934731 2.0500000014901163
    endloop
  endfacet
  facet normal -0.1467305008408382 0.9891765060508649 0
    outer loop
      vertex 16.6779742911458 -1.8322229087352753 1.6
      vertex 16.64081009604379 -1.8377356973299372 2.0500000014901163
      vertex 16.6779742911458 -1.8322229087352753 2.0500000014901163
    endloop
  endfacet
  facet normal -0.9700312581757379 -0.24298016001722236 0
    outer loop
      vertex 15.353822082281113 -3.6176354810595512 1.6
      vertex 15.389589495956898 -3.760427013039589 2.6
      vertex 15.353822082281113 -3.6176354810595512 2.6
    endloop
  endfacet
  facet normal 0 0 -1
    outer loop
      vertex 15.353822082281113 -3.6176354810595512 2.6
      vertex 15.389589496401687 -3.7604270158816937 2.6
      vertex 15.353822079395155 -3.6176354830241926 2.6
    endloop
  endfacet
  facet normal -0.9891765060508658 -0.14673050084083247 1.2998382058516333e-15
    outer loop
      vertex 15.332222908735275 -3.4720257073640823 1.6
      vertex 15.353822082281113 -3.6176354810595512 2.6
      vertex 15.336532955658067 -3.5010816782192906 2.0500000014901163
    endloop
  endfacet
  facet normal -0.9987954575157489 -0.04906764765001322 0
    outer loop
      vertex 15.325000002980232 -3.3250000029802322 1.6
      vertex 15.330199695025634 -3.430842223754117 2.0500000014901163
      vertex 15.325000002980232 -3.3250000029802322 2.6
    endloop
  endfacet
  facet normal -0.9987954576376091 0.04906764516949065 2.10284493840577e-15
    outer loop
      vertex 15.332222908735275 -3.1779742911458015 1.6
      vertex 15.325000002980232 -3.3250000029802322 2.6
      vertex 15.330248920651664 -3.218155765608901 2.0500000014901163
    endloop
  endfacet
  facet normal -0.9891765060508636 0.1467305008408471 0
    outer loop
      vertex 15.353822082281113 -3.0323645174503326 1.6
      vertex 15.337735690612247 -3.140810141330768 2.0500000014901163
      vertex 15.353822082281113 -3.0323645174503326 2.6
    endloop
  endfacet
  facet normal -0.9891765060508648 -0.14673050084083847 0
    outer loop
      vertex 15.336532955658067 -3.5010816782192906 2.0500000014901163
      vertex 15.353822082281113 -3.6176354810595512 2.6
      vertex 15.336532955658067 -3.5010816782192906 2.6
    endloop
  endfacet
  facet normal -0.9987954575157488 -0.049067647650013216 0
    outer loop
      vertex 15.330199695025634 -3.430842223754117 2.0500000014901163
      vertex 15.330199695025634 -3.430842223754117 2.6
      vertex 15.325000002980232 -3.3250000029802322 2.6
    endloop
  endfacet
  facet normal -0.9987954576376096 0.04906764516947984 0
    outer loop
      vertex 15.330248920651664 -3.218155765608901 2.0500000014901163
      vertex 15.325000002980232 -3.3250000029802322 2.6
      vertex 15.330248920651664 -3.218155765608901 2.6
    endloop
  endfacet
  facet normal -0.9891765060508636 0.14673050084084713 0
    outer loop
      vertex 15.337735690612247 -3.140810141330768 2.0500000014901163
      vertex 15.337735690612247 -3.140810141330768 2.6
      vertex 15.353822082281113 -3.0323645174503326 2.6
    endloop
  endfacet
  facet normal 0 0 -1
    outer loop
      vertex 15.353822082281113 -3.6176354810595512 2.6
      vertex 15.353822079395155 -3.6176354830241926 2.6
      vertex 15.336532955658067 -3.5010816782192906 2.6
    endloop
  endfacet
  facet normal 0 0 -1
    outer loop
      vertex 15.330199695025634 -3.430842223754117 2.6
      vertex 15.325 -3.325 2.6
      vertex 15.325000002980232 -3.3250000029802322 2.6
    endloop
  endfacet
  facet normal 0 0 -1
    outer loop
      vertex 15.325000002980232 -3.3250000029802322 2.6
      vertex 15.325 -3.325 2.6
      vertex 15.330248920651664 -3.218155765608901 2.6
    endloop
  endfacet
  facet normal 0 0 -1
    outer loop
      vertex 15.337735690612247 -3.140810141330768 2.6
      vertex 15.353822079395155 -3.0323645169758078 2.6
      vertex 15.353822082281113 -3.0323645174503326 2.6
    endloop
  endfacet
  facet normal 0 0 -1
    outer loop
      vertex 15.353822082281113 -3.0323645174503326 2.6
      vertex 15.353822079395155 -3.0323645169758078 2.6
      vertex 15.388369250294675 -2.8944444796487763 2.6
    endloop
  endfacet
  facet normal -0.8577286120536233 -0.5141027407674121 0
    outer loop
      vertex 15.502118103206158 -4.032095104455948 1.6
      vertex 15.523981691109976 -4.068572297476279 2.0500000014901163
      vertex 15.502118103206158 -4.032095104455948 2.6
    endloop
  endfacet
  facet normal -0.5956993028830383 -0.8032075326742535 0
    outer loop
      vertex 15.991644650697708 -4.572204418480396 1.6
      vertex 15.945969414650191 -4.538329354856511 2.6
      vertex 15.945969414650191 -4.538329354856511 2.0500000014901163
    endloop
  endfacet
  facet normal -0.9039892934402849 -0.42755509276037695 0
    outer loop
      vertex 15.439180701971054 -3.899025149643421 1.6
      vertex 15.502118103206158 -4.032095104455948 2.6
      vertex 15.439180701971054 -3.899025149643421 2.6
    endloop
  endfacet
  facet normal -0.9415440656704999 -0.3368898520298076 0
    outer loop
      vertex 15.389589495956898 -3.760427013039589 1.6
      vertex 15.439180701971054 -3.899025149643421 2.6
      vertex 15.389589495956898 -3.760427013039589 2.6
    endloop
  endfacet
  facet normal -0.5141027407673995 -0.8577286120536308 0
    outer loop
      vertex 15.991644650697708 -4.572204418480396 1.6
      vertex 16.117904894053936 -4.647881895303726 2.6
      vertex 15.991644650697708 -4.572204418480396 2.6
    endloop
  endfacet
  facet normal -0.42755509276037695 -0.9039892934402849 0
    outer loop
      vertex 16.117904894053936 -4.647881895303726 1.6
      vertex 16.250974848866463 -4.71081929653883 2.6
      vertex 16.117904894053936 -4.647881895303726 2.6
    endloop
  endfacet
  facet normal -0.3368898520298076 -0.9415440656704999 0
    outer loop
      vertex 16.250974848866463 -4.71081929653883 1.6
      vertex 16.389572985470295 -4.760410502552986 2.6
      vertex 16.250974848866463 -4.71081929653883 2.6
    endloop
  endfacet
  facet normal -0.6715589512578065 -0.7409511286080311 0
    outer loop
      vertex 15.858848859056408 -4.471318164324982 2.0500000014901163
      vertex 15.873410074534618 -4.484515680622658 2.0500000014901163
      vertex 15.858848859056408 -4.471318164324982 2.6
    endloop
  endfacet
  facet normal -0.5956993028830384 -0.8032075326742535 0
    outer loop
      vertex 15.991644650697708 -4.572204418480396 1.6
      vertex 15.991644650697708 -4.572204418480396 2.6
      vertex 15.945969414650191 -4.538329354856511 2.6
    endloop
  endfacet
  facet normal -0.24298020764329714 -0.970031246246027 0
    outer loop
      vertex 16.389572985470295 -4.760410502552986 1.6
      vertex 16.435111700176073 -4.771817358154638 2.0500000014901163
      vertex 16.389572985470295 -4.760410502552986 2.6
    endloop
  endfacet
  facet normal -0.14673045131623522 -0.9891765133971459 0
    outer loop
      vertex 16.6779742911458 -4.817777089774609 1.6
      vertex 16.6779742911458 -4.817777089774609 2.6
      vertex 16.658022858203594 -4.814817574743301 2.0500000014901163
    endloop
  endfacet
  facet normal -0.04906769566191657 -0.9987954551570755 0
    outer loop
      vertex 16.6779742911458 -4.817777089774609 1.6
      vertex 16.692651318154603 -4.818498126189794 2.0500000014901163
      vertex 16.6779742911458 -4.817777089774609 2.6
    endloop
  endfacet
  facet normal -0.8577286120536233 -0.514102740767412 0
    outer loop
      vertex 15.523981691109976 -4.068572297476279 2.0500000014901163
      vertex 15.523981691109976 -4.068572297476279 2.6
      vertex 15.502118103206158 -4.032095104455948 2.6
    endloop
  endfacet
  facet normal -0.6715589512578065 -0.7409511286080311 0
    outer loop
      vertex 15.873410074534618 -4.484515680622658 2.0500000014901163
      vertex 15.873410074534618 -4.484515680622658 2.6
      vertex 15.858848859056408 -4.471318164324982 2.6
    endloop
  endfacet
  facet normal 0 0 -1
    outer loop
      vertex 15.439180701971054 -3.899025149643421 2.6
      vertex 15.502118103477466 -4.032095105238996 2.6
      vertex 15.43918070123307 -3.8990251485476346 2.6
    endloop
  endfacet
  facet normal 0 0 -1
    outer loop
      vertex 15.439180701971054 -3.899025149643421 2.6
      vertex 15.502118103206158 -4.032095104455948 2.6
      vertex 15.502118103477466 -4.032095105238996 2.6
    endloop
  endfacet
  facet normal 0 0 -1
    outer loop
      vertex 15.439180701971054 -3.899025149643421 2.6
      vertex 15.43918070123307 -3.8990251485476346 2.6
      vertex 15.389589496401687 -3.7604270158816937 2.6
    endloop
  endfacet
  facet normal 0 0 -1
    outer loop
      vertex 15.439180701971054 -3.899025149643421 2.6
      vertex 15.389589496401687 -3.7604270158816937 2.6
      vertex 15.389589495956898 -3.760427013039589 2.6
    endloop
  endfacet
  facet normal 0 0 -1
    outer loop
      vertex 15.353822082281113 -3.6176354810595512 2.6
      vertex 15.389589495956898 -3.760427013039589 2.6
      vertex 15.389589496401687 -3.7604270158816937 2.6
    endloop
  endfacet
  facet normal 0 0 -1
    outer loop
      vertex 15.502118103206158 -4.032095104455948 2.6
      vertex 15.523981691109976 -4.068572297476279 2.6
      vertex 15.502118103477466 -4.032095105238996 2.6
    endloop
  endfacet
  facet normal 0 0 -1
    outer loop
      vertex 15.991644650697708 -4.572204418480396 2.6
      vertex 16.117904894761004 -4.647881896522533 2.6
      vertex 15.991644650470596 -4.572204418453818 2.6
    endloop
  endfacet
  facet normal 0 0 -1
    outer loop
      vertex 15.991644650697708 -4.572204418480396 2.6
      vertex 16.117904894053936 -4.647881895303726 2.6
      vertex 16.117904894761004 -4.647881896522533 2.6
    endloop
  endfacet
  facet normal 0 0 -1
    outer loop
      vertex 16.117904894053936 -4.647881895303726 2.6
      vertex 16.250974851452366 -4.71081929876693 2.6
      vertex 16.117904894761004 -4.647881896522533 2.6
    endloop
  endfacet
  facet normal 0 0 -1
    outer loop
      vertex 16.117904894053936 -4.647881895303726 2.6
      vertex 16.250974848866463 -4.71081929653883 2.6
      vertex 16.250974851452366 -4.71081929876693 2.6
    endloop
  endfacet
  facet normal 0 0 -1
    outer loop
      vertex 16.250974848866463 -4.71081929653883 2.6
      vertex 16.389572984118306 -4.7604105035983135 2.6
      vertex 16.250974851452366 -4.71081929876693 2.6
    endloop
  endfacet
  facet normal 0 0 -1
    outer loop
      vertex 15.858848859056408 -4.471318164324982 2.6
      vertex 15.873410074534618 -4.484515680622658 2.6
      vertex 15.873410073754531 -4.4845156800441055 2.6
    endloop
  endfacet
  facet normal 0 0 -1
    outer loop
      vertex 15.991644650697708 -4.572204418480396 2.6
      vertex 15.991644650470596 -4.572204418453818 2.6
      vertex 15.945969414650191 -4.538329354856511 2.6
    endloop
  endfacet
  facet normal -0.24298020764329717 -0.970031246246027 0
    outer loop
      vertex 16.435111700176073 -4.771817358154638 2.0500000014901163
      vertex 16.435111700176073 -4.771817358154638 2.6
      vertex 16.389572985470295 -4.760410502552986 2.6
    endloop
  endfacet
  facet normal -0.14673045131623524 -0.9891765133971459 0
    outer loop
      vertex 16.658022858203594 -4.814817574743301 2.0500000014901163
      vertex 16.6779742911458 -4.817777089774609 2.6
      vertex 16.658022858203594 -4.814817574743301 2.6
    endloop
  endfacet
  facet normal -0.04906769566191657 -0.9987954551570756 0
    outer loop
      vertex 16.692651318154603 -4.818498126189794 2.0500000014901163
      vertex 16.692651318154603 -4.818498126189794 2.6
      vertex 16.6779742911458 -4.817777089774609 2.6
    endloop
  endfacet
  facet normal 0 0 -1
    outer loop
      vertex 16.250974848866463 -4.71081929653883 2.6
      vertex 16.389572985470295 -4.760410502552986 2.6
      vertex 16.389572984118306 -4.7604105035983135 2.6
    endloop
  endfacet
  facet normal 0 0 -1
    outer loop
      vertex 16.389572985470295 -4.760410502552986 2.6
      vertex 16.435111700176073 -4.771817358154638 2.6
      vertex 16.389572984118306 -4.7604105035983135 2.6
    endloop
  endfacet
  facet normal 0 0 -1
    outer loop
      vertex 16.6779742911458 -4.817777089774609 2.6
      vertex 16.692651318154603 -4.818498126189794 2.6
      vertex 16.67797428950566 -4.8177770900082955 2.6
    endloop
  endfacet
  facet normal 0 0 -1
    outer loop
      vertex 16.658022858203594 -4.814817574743301 2.6
      vertex 16.6779742911458 -4.817777089774609 2.6
      vertex 16.67797428950566 -4.8177770900082955 2.6
    endloop
  endfacet
  facet normal -0.9700312581757352 0.24298016001723327 1.6523540630010744e-15
    outer loop
      vertex 15.389589495956898 -2.889572985470295 1.6
      vertex 15.353822082281113 -3.0323645174503326 2.6
      vertex 15.388369250294675 -2.8944444796487763 2.0500000014901163
    endloop
  endfacet
  facet normal -0.941544065670484 0.33688985202985167 0
    outer loop
      vertex 15.389589496310752 -2.889572984481338 2.0500000014901163
      vertex 15.3981299391777 -2.8657040455651828 2.6
      vertex 15.3981299391777 -2.8657040455651828 2.0500000014901163
    endloop
  endfacet
  facet normal -0.2429801600172207 0.9700312581757382 0
    outer loop
      vertex 16.532364517450333 -1.8538220822811127 1.6
      vertex 16.394444472110706 -1.888369252182862 2.0500000014901163
      vertex 16.532364517450333 -1.8538220822811127 2.6
    endloop
  endfacet
  facet normal -0.1467305008408452 0.9891765060508639 -5.97491613155495e-16
    outer loop
      vertex 16.6779742911458 -1.8322229087352753 1.6
      vertex 16.532364517450333 -1.8538220822811127 2.6
      vertex 16.64081009604379 -1.8377356973299372 2.0500000014901163
    endloop
  endfacet
  facet normal -0.3368898520297914 0.9415440656705055 0
    outer loop
      vertex 16.36570403652836 -1.8981299424111264 2.0500000014901163
      vertex 16.38957298448134 -1.889589496310752 2.6
      vertex 16.38957298448134 -1.889589496310752 2.0500000014901163
    endloop
  endfacet
  facet normal -0.04906764516947609 0.9987954576376098 0
    outer loop
      vertex 16.825000002980232 -1.8250000029802322 1.6
      vertex 16.718155815646554 -1.8302489181934731 2.0500000014901163
      vertex 16.825000002980232 -1.8250000029802322 2.6
    endloop
  endfacet
  facet normal -0.9700312581757367 0.24298016001722703 0
    outer loop
      vertex 15.353822082281113 -3.0323645174503326 2.6
      vertex 15.388369250294675 -2.8944444796487763 2.6
      vertex 15.388369250294675 -2.8944444796487763 2.0500000014901163
    endloop
  endfacet
  facet normal -0.941544065670484 0.33688985202985167 0
    outer loop
      vertex 15.389589496310752 -2.889572984481338 2.0500000014901163
      vertex 15.389589496310752 -2.889572984481338 2.6
      vertex 15.3981299391777 -2.8657040455651828 2.6
    endloop
  endfacet
  facet normal 0 0 -1
    outer loop
      vertex 15.389589496401687 -2.8895729841183067 2.6
      vertex 15.3981299391777 -2.8657040455651828 2.6
      vertex 15.389589496310752 -2.889572984481338 2.6
    endloop
  endfacet
  facet normal -0.3368898520297914 0.9415440656705055 0
    outer loop
      vertex 16.36570403652836 -1.8981299424111264 2.0500000014901163
      vertex 16.36570403652836 -1.8981299424111264 2.6
      vertex 16.38957298448134 -1.889589496310752 2.6
    endloop
  endfacet
  facet normal -0.24298016001722073 0.9700312581757383 0
    outer loop
      vertex 16.394444472110706 -1.888369252182862 2.0500000014901163
      vertex 16.394444472110706 -1.888369252182862 2.6
      vertex 16.532364517450333 -1.8538220822811127 2.6
    endloop
  endfacet
  facet normal -0.1467305008408423 0.9891765060508643 0
    outer loop
      vertex 16.64081009604379 -1.8377356973299372 2.0500000014901163
      vertex 16.532364517450333 -1.8538220822811127 2.6
      vertex 16.64081009604379 -1.8377356973299372 2.6
    endloop
  endfacet
  facet normal -0.049067645169476086 0.9987954576376098 0
    outer loop
      vertex 16.718155815646554 -1.8302489181934731 2.0500000014901163
      vertex 16.718155815646554 -1.8302489181934731 2.6
      vertex 16.825000002980232 -1.8250000029802322 2.6
    endloop
  endfacet
  facet normal 0 0 -1
    outer loop
      vertex 16.36570403652836 -1.8981299424111264 2.6
      vertex 16.389572984118306 -1.8895894964016868 2.6
      vertex 16.38957298448134 -1.889589496310752 2.6
    endloop
  endfacet
  facet normal 0 0 -1
    outer loop
      vertex 16.394444472110706 -1.888369252182862 2.6
      vertex 16.532364516975807 -1.8538220793951545 2.6
      vertex 16.532364517450333 -1.8538220822811127 2.6
    endloop
  endfacet
  facet normal 0 0 -1
    outer loop
      vertex 16.532364517450333 -1.8538220822811127 2.6
      vertex 16.532364516975807 -1.8538220793951545 2.6
      vertex 16.64081009604379 -1.8377356973299372 2.6
    endloop
  endfacet
  facet normal 0 0 -1
    outer loop
      vertex 16.718155815646554 -1.8302489181934731 2.6
      vertex 16.825 -1.8250000000000002 2.6
      vertex 16.825000002980232 -1.8250000029802322 2.6
    endloop
  endfacet
  facet normal 0 0 1
    outer loop
      vertex 19.25 -15.922667071223259 1.6
      vertex 16.6779742911458 -4.817777089774609 1.6
      vertex 16.532364517450333 -4.796177923679352 1.6
    endloop
  endfacet
  facet normal 0 0 1
    outer loop
      vertex 19.25 -15.922667071223259 1.6
      vertex 16.825000002980232 -4.825000002980232 1.6
      vertex 16.6779742911458 -4.817777089774609 1.6
    endloop
  endfacet
  facet normal 0 0 1
    outer loop
      vertex 19.25 -15.922667071223259 1.6
      vertex 19.25 -4.825000002980232 1.6
      vertex 16.825000002980232 -4.825000002980232 1.6
    endloop
  endfacet
  facet normal -1 0 0
    outer loop
      vertex 19.25 -15.922667071223259 1.6
      vertex 19.25 -15.922667071223259 2.0500000014901163
      vertex 19.25 -4.825000002980232 1.6
    endloop
  endfacet
  facet normal -1 0 0
    outer loop
      vertex 19.25 -15.922667071223259 2.0500000014901163
      vertex 19.25 -4.825000002980232 2.0500000014901163
      vertex 19.25 -4.825000002980232 1.6
    endloop
  endfacet
  facet normal 0 -1 0
    outer loop
      vertex 16.825000002980232 -4.825000002980232 1.6
      vertex 19.25 -4.825000002980232 2.0500000014901163
      vertex 16.825000002980232 -4.825000002980232 2.0500000014901163
    endloop
  endfacet
  facet normal 0 -1 0
    outer loop
      vertex 16.825000002980232 -4.825000002980232 1.6
      vertex 19.25 -4.825000002980232 1.6
      vertex 19.25 -4.825000002980232 2.0500000014901163
    endloop
  endfacet
  facet normal 0 0 1
    outer loop
      vertex 16.825000002980232 -1.8250000029802322 1.6
      vertex 19.25 -1.8250000029802322 1.6
      vertex 19.25 1.8250000029802322 1.6
    endloop
  endfacet
  facet normal 0 1 0
    outer loop
      vertex 16.825000002980232 -1.8250000029802322 1.6
      vertex 16.825000002980232 -1.8250000029802322 2.6
      vertex 19.25 -1.8250000029802322 1.6
    endloop
  endfacet
  facet normal -1 0 0
    outer loop
      vertex 19.25 -1.8250000029802322 1.6
      vertex 19.25 -1.8250000000000002 2.0500000014901163
      vertex 19.25 1.8250000029802322 1.6
    endloop
  endfacet
  facet normal 0 1 0
    outer loop
      vertex 16.825000002980232 -1.8250000029802322 2.6
      vertex 19.25 -1.8250000029802322 2.6
      vertex 19.25 -1.8250000029802322 1.6
    endloop
  endfacet
  facet normal 0 0 -1
    outer loop
      vertex 16.825000002980232 -1.8250000029802322 2.6
      vertex 16.825 -1.8250000000000002 2.6
      vertex 19.25 -1.8250000029802322 2.6
    endloop
  endfacet
  facet normal 0 0 -1
    outer loop
      vertex 16.825 -1.8250000000000002 2.6
      vertex 19.25 -1.8250000000000002 2.6
      vertex 19.25 -1.8250000029802322 2.6
    endloop
  endfacet
  facet normal -1 0 0
    outer loop
      vertex 19.25 -1.8250000029802322 1.6
      vertex 19.25 -1.8250000000000002 2.6
      vertex 19.25 -1.8250000000000002 2.0500000014901163
    endloop
  endfacet
  facet normal -1 0 0
    outer loop
      vertex 19.25 -1.8250000029802322 1.6
      vertex 19.25 -1.8250000029802322 2.6
      vertex 19.25 -1.8250000000000002 2.6
    endloop
  endfacet
  facet normal 0 0 1
    outer loop
      vertex 6 -19.806990597111565 1.6
      vertex 15.439180701971054 3.899025149643421 1.6
      vertex 6 26.17398285643234 1.6
    endloop
  endfacet
  facet normal 0 0 1
    outer loop
      vertex 6 26.17398285643234 1.6
      vertex 15.439180701971054 3.899025149643421 1.6
      vertex 15.502118103206158 4.032095104455948 1.6
    endloop
  endfacet
  facet normal 0 0 1
    outer loop
      vertex 6 26.17398285643234 1.6
      vertex 15.502118103206158 4.032095104455948 1.6
      vertex 15.577795580029488 4.158355347812176 1.6
    endloop
  endfacet
  facet normal 0 0 1
    outer loop
      vertex 6 26.17398285643234 1.6
      vertex 15.577795580029488 4.158355347812176 1.6
      vertex 15.665484316647053 4.276589922606945 1.6
    endloop
  endfacet
  facet normal 0 0 1
    outer loop
      vertex 6 26.17398285643234 1.6
      vertex 15.665484316647053 4.276589922606945 1.6
      vertex 15.764339827001095 4.385660171508789 1.6
    endloop
  endfacet
  facet normal 0 0 1
    outer loop
      vertex 6 26.17398285643234 1.6
      vertex 15.764339827001095 4.385660171508789 1.6
      vertex 15.873410075902939 4.484515681862831 1.6
    endloop
  endfacet
  facet normal 0 0 1
    outer loop
      vertex 6 26.17398285643234 1.6
      vertex 15.873410075902939 4.484515681862831 1.6
      vertex 15.991644650697708 4.572204418480396 1.6
    endloop
  endfacet
  facet normal 0 0 1
    outer loop
      vertex 6 26.17398285643234 1.6
      vertex 15.991644650697708 4.572204418480396 1.6
      vertex 16.117904894053936 4.647881895303726 1.6
    endloop
  endfacet
  facet normal 0 0 1
    outer loop
      vertex 6 26.17398285643234 1.6
      vertex 16.117904894053936 4.647881895303726 1.6
      vertex 16.250974848866463 4.71081929653883 1.6
    endloop
  endfacet
  facet normal 0 0 1
    outer loop
      vertex 6 26.17398285643234 1.6
      vertex 16.250974848866463 4.71081929653883 1.6
      vertex 16.389572985470295 4.760410502552986 1.6
    endloop
  endfacet
  facet normal 0 0 1
    outer loop
      vertex 6 26.17398285643234 1.6
      vertex 16.389572985470295 4.760410502552986 1.6
      vertex 16.532364517450333 4.796177923679352 1.6
    endloop
  endfacet
  facet normal -0.6119212854735001 -0.7909186686281082 0
    outer loop
      vertex 6 26.17398285643234 1.6
      vertex 19.25 15.922667071223259 2.0500000014901163
      vertex 6 26.17398285643234 2.0500000014901163
    endloop
  endfacet
  facet normal -0.9987954576376097 -0.04906764516947637 8.257378580126733e-16
    outer loop
      vertex 15.332222908735275 3.1779742911458015 1.6
      vertex 15.330248920651664 3.218155765608901 2.0500000014901163
      vertex 15.325000002980232 3.3250000029802322 1.6
    endloop
  endfacet
  facet normal -0.9891765060508644 0.14673050084084122 7.23441291732451e-16
    outer loop
      vertex 15.332222908735275 3.4720257073640823 1.6
      vertex 15.336532955658067 3.5010816782192906 2.0500000014901163
      vertex 15.353822082281113 3.6176354810595512 1.6
    endloop
  endfacet
  facet normal -0.9987954576376102 -0.04906764516946715 0
    outer loop
      vertex 15.332222908735275 3.1779742911458015 1.6
      vertex 15.332222908735275 3.1779742911458015 2.0500000014901163
      vertex 15.330248920651664 3.218155765608901 2.0500000014901163
    endloop
  endfacet
  facet normal -0.989176506050867 -0.14673050084082412 0
    outer loop
      vertex 15.332222908735275 3.1779742911458015 1.6
      vertex 15.337735690612247 3.140810141330768 2.0500000014901163
      vertex 15.332222908735275 3.1779742911458015 2.0500000014901163
    endloop
  endfacet
  facet normal -0.9891765060508644 -0.14673050084084122 0
    outer loop
      vertex 15.353822082281113 3.0323645174503326 1.6
      vertex 15.353822082281113 3.0323645174503326 2.6
      vertex 15.332222908735275 3.1779742911458015 1.6
    endloop
  endfacet
  facet normal -0.998795457515749 0.04906764765001036 0
    outer loop
      vertex 15.325000002980232 3.3250000029802322 1.6
      vertex 15.325000002980232 3.3250000029802322 2.6
      vertex 15.332222908735275 3.4720257073640823 1.6
    endloop
  endfacet
  facet normal -0.9891765060508627 0.14673050084085218 0
    outer loop
      vertex 15.332222908735275 3.4720257073640823 1.6
      vertex 15.332222908735275 3.4720257073640823 2.0500000014901163
      vertex 15.336532955658067 3.5010816782192906 2.0500000014901163
    endloop
  endfacet
  facet normal -0.9987954575157494 0.04906764765000299 0
    outer loop
      vertex 15.332222908735275 3.4720257073640823 1.6
      vertex 15.330199695025634 3.430842223754117 2.0500000014901163
      vertex 15.332222908735275 3.4720257073640823 2.0500000014901163
    endloop
  endfacet
  facet normal -0.9700312581757379 0.24298016001722236 0
    outer loop
      vertex 15.353822082281113 3.6176354810595512 1.6
      vertex 15.353822082281113 3.6176354810595512 2.6
      vertex 15.389589495956898 3.760427013039589 1.6
    endloop
  endfacet
  facet normal 0 0 1
    outer loop
      vertex 15.873410075902939 -2.1654843166470528 1.6
      vertex 15.991644650697708 2.0777955800294876 1.6
      vertex 15.873410075902939 2.1654843166470528 1.6
    endloop
  endfacet
  facet normal 0 0 1
    outer loop
      vertex 15.991644650697708 -2.0777955800294876 1.6
      vertex 16.117904894053936 2.0021181032061577 1.6
      vertex 15.991644650697708 2.0777955800294876 1.6
    endloop
  endfacet
  facet normal 0 0 1
    outer loop
      vertex 16.117904894053936 -2.0021181032061577 1.6
      vertex 16.250974848866463 1.939180701971054 1.6
      vertex 16.117904894053936 2.0021181032061577 1.6
    endloop
  endfacet
  facet normal 0 0 1
    outer loop
      vertex 16.250974848866463 -1.939180701971054 1.6
      vertex 16.389572985470295 1.8895894959568977 1.6
      vertex 16.250974848866463 1.939180701971054 1.6
    endloop
  endfacet
  facet normal 0 0 1
    outer loop
      vertex 16.389572985470295 -1.8895894959568977 1.6
      vertex 16.532364517450333 1.8538220822811127 1.6
      vertex 16.389572985470295 1.8895894959568977 1.6
    endloop
  endfacet
  facet normal 0 0 1
    outer loop
      vertex 16.532364517450333 -1.8538220822811127 1.6
      vertex 16.6779742911458 1.8322229087352753 1.6
      vertex 16.532364517450333 1.8538220822811127 1.6
    endloop
  endfacet
  facet normal 0 0 1
    outer loop
      vertex 16.6779742911458 -1.8322229087352753 1.6
      vertex 16.825000002980232 1.8250000029802322 1.6
      vertex 16.6779742911458 1.8322229087352753 1.6
    endloop
  endfacet
  facet normal -0.9039892934402848 -0.4275550927603769 0
    outer loop
      vertex 15.502118103206158 2.617904894053936 1.6
      vertex 15.502118103206158 2.617904894053936 2.0500000014901163
      vertex 15.439180701971054 2.7509748488664627 1.6
    endloop
  endfacet
  facet normal -0.8577286120536308 -0.5141027407673995 0
    outer loop
      vertex 15.577795580029488 2.491644650697708 1.6
      vertex 15.577795580029488 2.491644650697708 2.0500000014901163
      vertex 15.502118103206158 2.617904894053936 1.6
    endloop
  endfacet
  facet normal -0.6715589512578068 -0.7409511286080308 0
    outer loop
      vertex 15.764339827001095 2.264339827001095 1.6
      vertex 15.873410075902939 2.1654843166470528 1.6
      vertex 15.873410075902939 2.1654843166470528 2.0500000014901163
    endloop
  endfacet
  facet normal -0.8032075326742517 -0.5956993028830408 0
    outer loop
      vertex 15.577795580029488 2.491644650697708 1.6
      vertex 15.665484316647053 2.373410075902939 1.6
      vertex 15.665484316647053 2.373410075902939 2.0500000014901163
    endloop
  endfacet
  facet normal -0.7409511286080308 -0.6715589512578068 0
    outer loop
      vertex 15.764339827001095 2.264339827001095 1.6
      vertex 15.764339827001095 2.264339827001095 2.0500000014901163
      vertex 15.665484316647053 2.373410075902939 1.6
    endloop
  endfacet
  facet normal -0.9415440656704996 -0.3368898520298075 0
    outer loop
      vertex 15.389589495956898 2.889572985470295 1.6
      vertex 15.439180701971054 2.7509748488664627 1.6
      vertex 15.439180701971054 2.7509748488664627 2.0500000014901163
    endloop
  endfacet
  facet normal -0.9700312581757379 -0.24298016001722236 1.5188993989395796e-15
    outer loop
      vertex 15.353822082281113 3.0323645174503326 1.6
      vertex 15.389589495956898 2.889572985470295 1.6
      vertex 15.388369250294675 2.8944444796487763 2.0500000014901163
    endloop
  endfacet
  facet normal -0.5956993028830408 -0.8032075326742517 0
    outer loop
      vertex 15.873410075902939 2.1654843166470528 1.6
      vertex 15.991644650697708 2.0777955800294876 1.6
      vertex 15.991644650697708 2.0777955800294876 2.0500000014901163
    endloop
  endfacet
  facet normal -0.5141027407673995 -0.8577286120536308 0
    outer loop
      vertex 15.991644650697708 2.0777955800294876 1.6
      vertex 16.117904894053936 2.0021181032061577 1.6
      vertex 16.117904894053936 2.0021181032061577 2.0500000014901163
    endloop
  endfacet
  facet normal -0.4275550927603769 -0.9039892934402848 0
    outer loop
      vertex 16.117904894053936 2.0021181032061577 1.6
      vertex 16.250974848866463 1.939180701971054 1.6
      vertex 16.250974848866463 1.939180701971054 2.0500000014901163
    endloop
  endfacet
  facet normal -0.9039892934402848 -0.4275550927603769 0
    outer loop
      vertex 15.439180701971054 2.7509748488664627 1.6
      vertex 15.502118103206158 2.617904894053936 2.0500000014901163
      vertex 15.439180701971054 2.7509748488664627 2.0500000014901163
    endloop
  endfacet
  facet normal -0.8032075326742517 -0.5956993028830408 0
    outer loop
      vertex 15.577795580029488 2.491644650697708 1.6
      vertex 15.665484316647053 2.373410075902939 2.0500000014901163
      vertex 15.577795580029488 2.491644650697708 2.0500000014901163
    endloop
  endfacet
  facet normal -0.8577286120536308 -0.5141027407673995 0
    outer loop
      vertex 15.502118103206158 2.617904894053936 1.6
      vertex 15.577795580029488 2.491644650697708 2.0500000014901163
      vertex 15.502118103206158 2.617904894053936 2.0500000014901163
    endloop
  endfacet
  facet normal -0.6715589512578068 -0.7409511286080308 0
    outer loop
      vertex 15.764339827001095 2.264339827001095 1.6
      vertex 15.873410075902939 2.1654843166470528 2.0500000014901163
      vertex 15.764339827001095 2.264339827001095 2.0500000014901163
    endloop
  endfacet
  facet normal -0.7409511286080308 -0.6715589512578068 0
    outer loop
      vertex 15.665484316647053 2.373410075902939 1.6
      vertex 15.764339827001095 2.264339827001095 2.0500000014901163
      vertex 15.665484316647053 2.373410075902939 2.0500000014901163
    endloop
  endfacet
  facet normal -0.9415440656705015 -0.33688985202980276 1.656946455153661e-15
    outer loop
      vertex 15.389589495956898 2.889572985470295 1.6
      vertex 15.439180701971054 2.7509748488664627 2.0500000014901163
      vertex 15.3981299391777 2.8657040455651828 2.0500000014901163
    endloop
  endfacet
  facet normal -0.9700312581757711 -0.24298016001708955 0
    outer loop
      vertex 15.389589495956898 2.889572985470295 1.6
      vertex 15.389589495956898 2.889572985470295 2.0500000014901163
      vertex 15.388369250294675 2.8944444796487763 2.0500000014901163
    endloop
  endfacet
  facet normal -0.9415442486972986 -0.3368893405037318 0
    outer loop
      vertex 15.389589495956898 2.889572985470295 1.6
      vertex 15.389589496310752 2.889572984481338 2.0500000014901163
      vertex 15.389589495956898 2.889572985470295 2.0500000014901163
    endloop
  endfacet
  facet normal -0.9415440656704841 -0.33688985202985167 -1.2680934056690687e-15
    outer loop
      vertex 15.389589495956898 2.889572985470295 1.6
      vertex 15.3981299391777 2.8657040455651828 2.0500000014901163
      vertex 15.389589496310752 2.889572984481338 2.0500000014901163
    endloop
  endfacet
  facet normal -0.5956993028830408 -0.8032075326742517 0
    outer loop
      vertex 15.873410075902939 2.1654843166470528 1.6
      vertex 15.991644650697708 2.0777955800294876 2.0500000014901163
      vertex 15.873410075902939 2.1654843166470528 2.0500000014901163
    endloop
  endfacet
  facet normal -0.5141027407673995 -0.8577286120536308 0
    outer loop
      vertex 15.991644650697708 2.0777955800294876 1.6
      vertex 16.117904894053936 2.0021181032061577 2.0500000014901163
      vertex 15.991644650697708 2.0777955800294876 2.0500000014901163
    endloop
  endfacet
  facet normal -0.4275550927603769 -0.9039892934402848 0
    outer loop
      vertex 16.117904894053936 2.0021181032061577 1.6
      vertex 16.250974848866463 1.939180701971054 2.0500000014901163
      vertex 16.117904894053936 2.0021181032061577 2.0500000014901163
    endloop
  endfacet
  facet normal -0.33688985202980637 -0.9415440656705002 0
    outer loop
      vertex 16.250974848866463 1.939180701971054 1.6
      vertex 16.36570403652836 1.8981299424111264 2.0500000014901163
      vertex 16.250974848866463 1.939180701971054 2.0500000014901163
    endloop
  endfacet
  facet normal -0.04906764516947638 -0.9987954576376099 0
    outer loop
      vertex 16.825000002980232 1.8250000029802322 1.6
      vertex 16.825000002980232 1.8250000029802322 2.6
      vertex 16.6779742911458 1.8322229087352753 1.6
    endloop
  endfacet
  facet normal -0.3368898520298075 -0.9415440656704996 3.535369152138186e-16
    outer loop
      vertex 16.250974848866463 1.939180701971054 1.6
      vertex 16.389572985470295 1.8895894959568977 1.6
      vertex 16.36570403652836 1.8981299424111264 2.0500000014901163
    endloop
  endfacet
  facet normal -0.14673050084084122 -0.9891765060508644 -2.553322206114533e-16
    outer loop
      vertex 16.532364517450333 1.8538220822811127 1.6
      vertex 16.6779742911458 1.8322229087352753 1.6
      vertex 16.64081009604379 1.8377356973299372 2.0500000014901163
    endloop
  endfacet
  facet normal -0.3368903858694661 -0.9415438746594459 0
    outer loop
      vertex 16.389572985470295 1.8895894959568977 1.6
      vertex 16.389572985470295 1.8895894959568977 2.0500000014901163
      vertex 16.38957298448134 1.889589496310752 2.0500000014901163
    endloop
  endfacet
  facet normal -0.3368898520297914 -0.9415440656705056 1.323407404574219e-15
    outer loop
      vertex 16.389572985470295 1.8895894959568977 1.6
      vertex 16.38957298448134 1.889589496310752 2.0500000014901163
      vertex 16.36570403652836 1.8981299424111264 2.0500000014901163
    endloop
  endfacet
  facet normal -0.24298016001726866 -0.9700312581757263 0
    outer loop
      vertex 16.389572985470295 1.8895894959568977 1.6
      vertex 16.394444472110706 1.888369252182862 2.0500000014901163
      vertex 16.389572985470295 1.8895894959568977 2.0500000014901163
    endloop
  endfacet
  facet normal -0.24298016001722236 -0.9700312581757379 0
    outer loop
      vertex 16.389572985470295 1.8895894959568977 1.6
      vertex 16.532364517450333 1.8538220822811127 1.6
      vertex 16.532364517450333 1.8538220822811127 2.6
    endloop
  endfacet
  facet normal -0.1467305008408382 -0.9891765060508649 0
    outer loop
      vertex 16.6779742911458 1.8322229087352753 1.6
      vertex 16.6779742911458 1.8322229087352753 2.0500000014901163
      vertex 16.64081009604379 1.8377356973299372 2.0500000014901163
    endloop
  endfacet
  facet normal -0.04906764516947713 -0.9987954576376099 0
    outer loop
      vertex 16.6779742911458 1.8322229087352753 1.6
      vertex 16.718155815646554 1.8302489181934731 2.0500000014901163
      vertex 16.6779742911458 1.8322229087352753 2.0500000014901163
    endloop
  endfacet
  facet normal -0.8577286120536308 0.5141027407673995 1.3879597935183151e-15
    outer loop
      vertex 15.502118103206158 4.032095104455948 1.6
      vertex 15.523981691109976 4.068572297476279 2.0500000014901163
      vertex 15.577795580029488 4.158355347812176 1.6
    endloop
  endfacet
  facet normal -0.8032075326742517 0.5956993028830408 0
    outer loop
      vertex 15.577795580029488 4.158355347812176 1.6
      vertex 15.577795580029488 4.158355347812176 2.0500000014901163
      vertex 15.665484316647053 4.276589922606945 1.6
    endloop
  endfacet
  facet normal -0.7409511286080308 0.6715589512578068 -6.827188583303935e-16
    outer loop
      vertex 15.665484316647053 4.276589922606945 1.6
      vertex 15.66548431995234 4.276589926253767 2.0500000014901163
      vertex 15.764339827001095 4.385660171508789 1.6
    endloop
  endfacet
  facet normal -0.6715589512578068 0.7409511286080308 0
    outer loop
      vertex 15.764339827001095 4.385660171508789 1.6
      vertex 15.764339827001095 4.385660171508789 2.0500000014901163
      vertex 15.873410075902939 4.484515681862831 1.6
    endloop
  endfacet
  facet normal -0.5956993028830408 0.8032075326742517 0
    outer loop
      vertex 15.873410075902939 4.484515681862831 1.6
      vertex 15.873410075902939 4.484515681862831 2.0500000014901163
      vertex 15.991644650697708 4.572204418480396 1.6
    endloop
  endfacet
  facet normal -0.9415440656704999 0.3368898520298076 0
    outer loop
      vertex 15.389589495956898 3.760427013039589 1.6
      vertex 15.389589495956898 3.760427013039589 2.6
      vertex 15.439180701971054 3.899025149643421 1.6
    endloop
  endfacet
  facet normal -0.9039892934402849 0.42755509276037695 0
    outer loop
      vertex 15.439180701971054 3.899025149643421 1.6
      vertex 15.439180701971054 3.899025149643421 2.6
      vertex 15.502118103206158 4.032095104455948 1.6
    endloop
  endfacet
  facet normal -0.8577286120536339 0.5141027407673944 0
    outer loop
      vertex 15.577795580029488 4.158355347812176 1.6
      vertex 15.523981691109976 4.068572297476279 2.0500000014901163
      vertex 15.577795580029488 4.158355347812176 2.0500000014901163
    endloop
  endfacet
  facet normal -0.8032075326742517 0.5956993028830408 0
    outer loop
      vertex 15.665484316647053 4.276589922606945 1.6
      vertex 15.577795580029488 4.158355347812176 2.0500000014901163
      vertex 15.665484316647053 4.276589922606945 2.0500000014901163
    endloop
  endfacet
  facet normal -0.7409511705272821 0.6715589050070372 0
    outer loop
      vertex 15.665484316647053 4.276589922606945 1.6
      vertex 15.665484316647053 4.276589922606945 2.0500000014901163
      vertex 15.66548431995234 4.276589926253767 2.0500000014901163
    endloop
  endfacet
  facet normal -0.7409511286080294 0.6715589512578084 0
    outer loop
      vertex 15.764339827001095 4.385660171508789 1.6
      vertex 15.66548431995234 4.276589926253767 2.0500000014901163
      vertex 15.764339827001095 4.385660171508789 2.0500000014901163
    endloop
  endfacet
  facet normal -0.6715589512578076 0.7409511286080301 -3.3245025808121557e-16
    outer loop
      vertex 15.873410075902939 4.484515681862831 1.6
      vertex 15.764339827001095 4.385660171508789 2.0500000014901163
      vertex 15.858848859056408 4.471318164324982 2.0500000014901163
    endloop
  endfacet
  facet normal -0.6715589512578065 0.740951128608031 -2.6941087937759773e-16
    outer loop
      vertex 15.873410075902939 4.484515681862831 1.6
      vertex 15.858848859056408 4.471318164324982 2.0500000014901163
      vertex 15.873410074534618 4.484515680622658 2.0500000014901163
    endloop
  endfacet
  facet normal -0.6715589026149629 0.7409511726953315 0
    outer loop
      vertex 15.873410075902939 4.484515681862831 1.6
      vertex 15.873410074534618 4.484515680622658 2.0500000014901163
      vertex 15.873410075902939 4.484515681862831 2.0500000014901163
    endloop
  endfacet
  facet normal -0.5956993028830423 0.8032075326742506 -6.187571057344381e-16
    outer loop
      vertex 15.991644650697708 4.572204418480396 1.6
      vertex 15.873410075902939 4.484515681862831 2.0500000014901163
      vertex 15.945969414650191 4.538329354856511 2.0500000014901163
    endloop
  endfacet
  facet normal -0.5141027407673995 0.8577286120536308 0
    outer loop
      vertex 15.991644650697708 4.572204418480396 1.6
      vertex 15.991644650697708 4.572204418480396 2.6
      vertex 16.117904894053936 4.647881895303726 1.6
    endloop
  endfacet
  facet normal -0.42755509276037695 0.9039892934402849 0
    outer loop
      vertex 16.117904894053936 4.647881895303726 1.6
      vertex 16.117904894053936 4.647881895303726 2.6
      vertex 16.250974848866463 4.71081929653883 1.6
    endloop
  endfacet
  facet normal -0.3368898520298076 0.9415440656704999 0
    outer loop
      vertex 16.250974848866463 4.71081929653883 1.6
      vertex 16.250974848866463 4.71081929653883 2.6
      vertex 16.389572985470295 4.760410502552986 1.6
    endloop
  endfacet
  facet normal -0.24298020764330305 0.9700312462460255 6.350570684706651e-16
    outer loop
      vertex 16.389572985470295 4.760410502552986 1.6
      vertex 16.435111700176073 4.771817358154638 2.0500000014901163
      vertex 16.532364517450333 4.796177923679352 1.6
    endloop
  endfacet
  facet normal -0.14673045131624154 0.9891765133971449 0
    outer loop
      vertex 16.532364517450333 4.796177923679352 1.6
      vertex 16.532364517450333 4.796177923679352 2.0500000014901163
      vertex 16.6779742911458 4.817777089774609 1.6
    endloop
  endfacet
  facet normal -0.049067695661932934 0.9987954551570747 5.346018378663347e-16
    outer loop
      vertex 16.6779742911458 4.817777089774609 1.6
      vertex 16.692651318154603 4.818498126189794 2.0500000014901163
      vertex 16.825000002980232 4.825000002980232 1.6
    endloop
  endfacet
  facet normal -0.24298020764330575 0.9700312462460248 0
    outer loop
      vertex 16.532364517450333 4.796177923679352 1.6
      vertex 16.435111700176073 4.771817358154638 2.0500000014901163
      vertex 16.532364517450333 4.796177923679352 2.0500000014901163
    endloop
  endfacet
  facet normal -0.14673045131624257 0.9891765133971447 -3.3285673897845313e-16
    outer loop
      vertex 16.6779742911458 4.817777089774609 1.6
      vertex 16.532364517450333 4.796177923679352 2.0500000014901163
      vertex 16.658022858203594 4.814817574743301 2.0500000014901163
    endloop
  endfacet
  facet normal -0.04906769566193474 0.9987954551570746 0
    outer loop
      vertex 16.825000002980232 4.825000002980232 1.6
      vertex 16.692651318154603 4.818498126189794 2.0500000014901163
      vertex 16.825000002980232 4.825000002980232 2.0500000014901163
    endloop
  endfacet
  facet normal -0.9700312581757367 -0.24298016001722703 0
    outer loop
      vertex 15.353822082281113 3.0323645174503326 1.6
      vertex 15.388369250294675 2.8944444796487763 2.0500000014901163
      vertex 15.353822082281113 3.0323645174503326 2.6
    endloop
  endfacet
  facet normal -0.9891765060508612 -0.14673050084086364 -3.339140835086198e-15
    outer loop
      vertex 15.332222908735275 3.1779742911458015 1.6
      vertex 15.353822082281113 3.0323645174503326 2.6
      vertex 15.337735690612247 3.140810141330768 2.0500000014901163
    endloop
  endfacet
  facet normal -0.9987954576376097 -0.04906764516947985 0
    outer loop
      vertex 15.325000002980232 3.3250000029802322 1.6
      vertex 15.330248920651664 3.218155765608901 2.0500000014901163
      vertex 15.325000002980232 3.3250000029802322 2.6
    endloop
  endfacet
  facet normal -0.9987954575157484 0.04906764765002249 1.7883465040879547e-15
    outer loop
      vertex 15.332222908735275 3.4720257073640823 1.6
      vertex 15.325000002980232 3.3250000029802322 2.6
      vertex 15.330199695025634 3.430842223754117 2.0500000014901163
    endloop
  endfacet
  facet normal -0.9891765060508649 0.1467305008408385 0
    outer loop
      vertex 15.353822082281113 3.6176354810595512 1.6
      vertex 15.336532955658067 3.5010816782192906 2.0500000014901163
      vertex 15.353822082281113 3.6176354810595512 2.6
    endloop
  endfacet
  facet normal -0.9891765060508636 -0.14673050084084713 0
    outer loop
      vertex 15.337735690612247 3.140810141330768 2.0500000014901163
      vertex 15.353822082281113 3.0323645174503326 2.6
      vertex 15.337735690612247 3.140810141330768 2.6
    endloop
  endfacet
  facet normal -0.9987954576376096 -0.04906764516947984 0
    outer loop
      vertex 15.330248920651664 3.218155765608901 2.0500000014901163
      vertex 15.330248920651664 3.218155765608901 2.6
      vertex 15.325000002980232 3.3250000029802322 2.6
    endloop
  endfacet
  facet normal -0.9987954575157488 0.049067647650013216 0
    outer loop
      vertex 15.330199695025634 3.430842223754117 2.0500000014901163
      vertex 15.325000002980232 3.3250000029802322 2.6
      vertex 15.330199695025634 3.430842223754117 2.6
    endloop
  endfacet
  facet normal -0.9891765060508648 0.14673050084083847 0
    outer loop
      vertex 15.336532955658067 3.5010816782192906 2.0500000014901163
      vertex 15.336532955658067 3.5010816782192906 2.6
      vertex 15.353822082281113 3.6176354810595512 2.6
    endloop
  endfacet
  facet normal 0 0 -1
    outer loop
      vertex 15.353822082281113 3.0323645174503326 2.6
      vertex 15.388369250294675 2.8944444796487763 2.6
      vertex 15.353822079395155 3.0323645169758078 2.6
    endloop
  endfacet
  facet normal 0 0 -1
    outer loop
      vertex 15.353822082281113 3.0323645174503326 2.6
      vertex 15.353822079395155 3.0323645169758078 2.6
      vertex 15.337735690612247 3.140810141330768 2.6
    endloop
  endfacet
  facet normal 0 0 -1
    outer loop
      vertex 15.330248920651664 3.218155765608901 2.6
      vertex 15.325 3.325 2.6
      vertex 15.325000002980232 3.3250000029802322 2.6
    endloop
  endfacet
  facet normal 0 0 -1
    outer loop
      vertex 15.325000002980232 3.3250000029802322 2.6
      vertex 15.325 3.325 2.6
      vertex 15.330199695025634 3.430842223754117 2.6
    endloop
  endfacet
  facet normal 0 0 -1
    outer loop
      vertex 15.336532955658067 3.5010816782192906 2.6
      vertex 15.353822079395155 3.6176354830241926 2.6
      vertex 15.353822082281113 3.6176354810595512 2.6
    endloop
  endfacet
  facet normal 0 0 -1
    outer loop
      vertex 15.353822082281113 3.6176354810595512 2.6
      vertex 15.353822079395155 3.6176354830241926 2.6
      vertex 15.389589495956898 3.760427013039589 2.6
    endloop
  endfacet
  facet normal -0.941544065670484 -0.33688985202985167 0
    outer loop
      vertex 15.3981299391777 2.8657040455651828 2.0500000014901163
      vertex 15.389589496310752 2.889572984481338 2.6
      vertex 15.389589496310752 2.889572984481338 2.0500000014901163
    endloop
  endfacet
  facet normal -0.24298016001721856 -0.9700312581757389 -5.764642864258443e-16
    outer loop
      vertex 16.389572985470295 1.8895894959568977 1.6
      vertex 16.532364517450333 1.8538220822811127 2.6
      vertex 16.394444472110706 1.888369252182862 2.0500000014901163
    endloop
  endfacet
  facet normal -0.1467305008408423 -0.9891765060508643 0
    outer loop
      vertex 16.532364517450333 1.8538220822811127 1.6
      vertex 16.64081009604379 1.8377356973299372 2.0500000014901163
      vertex 16.532364517450333 1.8538220822811127 2.6
    endloop
  endfacet
  facet normal -0.04906764516947521 -0.9987954576376098 -1.70895557042954e-16
    outer loop
      vertex 16.6779742911458 1.8322229087352753 1.6
      vertex 16.825000002980232 1.8250000029802322 2.6
      vertex 16.718155815646554 1.8302489181934731 2.0500000014901163
    endloop
  endfacet
  facet normal -0.3368898520297914 -0.9415440656705055 0
    outer loop
      vertex 16.36570403652836 1.8981299424111264 2.0500000014901163
      vertex 16.38957298448134 1.889589496310752 2.0500000014901163
      vertex 16.36570403652836 1.8981299424111264 2.6
    endloop
  endfacet
  facet normal -0.941544065670484 -0.33688985202985167 0
    outer loop
      vertex 15.3981299391777 2.8657040455651828 2.0500000014901163
      vertex 15.3981299391777 2.8657040455651828 2.6
      vertex 15.389589496310752 2.889572984481338 2.6
    endloop
  endfacet
  facet normal -0.9700312581757367 -0.24298016001722703 0
    outer loop
      vertex 15.353822082281113 3.0323645174503326 2.6
      vertex 15.388369250294675 2.8944444796487763 2.0500000014901163
      vertex 15.388369250294675 2.8944444796487763 2.6
    endloop
  endfacet
  facet normal 0 0 -1
    outer loop
      vertex 15.389589496401687 2.8895729841183067 2.6
      vertex 15.389589496310752 2.889572984481338 2.6
      vertex 15.3981299391777 2.8657040455651828 2.6
    endloop
  endfacet
  facet normal 0 0 -1
    outer loop
      vertex 16.825000002980232 1.8250000029802322 2.6
      vertex 16.825 1.8250000000000002 2.6
      vertex 16.718155815646554 1.8302489181934731 2.6
    endloop
  endfacet
  facet normal -0.3368898520297914 -0.9415440656705055 0
    outer loop
      vertex 16.38957298448134 1.889589496310752 2.0500000014901163
      vertex 16.38957298448134 1.889589496310752 2.6
      vertex 16.36570403652836 1.8981299424111264 2.6
    endloop
  endfacet
  facet normal -0.24298016001722073 -0.9700312581757383 0
    outer loop
      vertex 16.394444472110706 1.888369252182862 2.0500000014901163
      vertex 16.532364517450333 1.8538220822811127 2.6
      vertex 16.394444472110706 1.888369252182862 2.6
    endloop
  endfacet
  facet normal -0.1467305008408423 -0.9891765060508643 0
    outer loop
      vertex 16.64081009604379 1.8377356973299372 2.0500000014901163
      vertex 16.64081009604379 1.8377356973299372 2.6
      vertex 16.532364517450333 1.8538220822811127 2.6
    endloop
  endfacet
  facet normal -0.049067645169476086 -0.9987954576376098 0
    outer loop
      vertex 16.718155815646554 1.8302489181934731 2.0500000014901163
      vertex 16.825000002980232 1.8250000029802322 2.6
      vertex 16.718155815646554 1.8302489181934731 2.6
    endloop
  endfacet
  facet normal 0 0 -1
    outer loop
      vertex 16.36570403652836 1.8981299424111264 2.6
      vertex 16.38957298448134 1.889589496310752 2.6
      vertex 16.389572984118306 1.8895894964016868 2.6
    endloop
  endfacet
  facet normal 0 0 -1
    outer loop
      vertex 16.394444472110706 1.888369252182862 2.6
      vertex 16.532364517450333 1.8538220822811127 2.6
      vertex 16.532364516975807 1.8538220793951545 2.6
    endloop
  endfacet
  facet normal 0 0 -1
    outer loop
      vertex 16.532364517450333 1.8538220822811127 2.6
      vertex 16.64081009604379 1.8377356973299372 2.6
      vertex 16.532364516975807 1.8538220793951545 2.6
    endloop
  endfacet
  facet normal -0.8577286120536233 0.514102740767412 0
    outer loop
      vertex 15.502118103206158 4.032095104455948 1.6
      vertex 15.523981691109976 4.068572297476279 2.6
      vertex 15.523981691109976 4.068572297476279 2.0500000014901163
    endloop
  endfacet
  facet normal -0.5956993028830384 0.8032075326742535 0
    outer loop
      vertex 15.991644650697708 4.572204418480396 1.6
      vertex 15.945969414650191 4.538329354856511 2.0500000014901163
      vertex 15.991644650697708 4.572204418480396 2.6
    endloop
  endfacet
  facet normal -0.9700312581757379 0.24298016001722236 0
    outer loop
      vertex 15.389589495956898 3.760427013039589 1.6
      vertex 15.353822082281113 3.6176354810595512 2.6
      vertex 15.389589495956898 3.760427013039589 2.6
    endloop
  endfacet
  facet normal -0.9415440656704999 0.3368898520298076 0
    outer loop
      vertex 15.439180701971054 3.899025149643421 1.6
      vertex 15.389589495956898 3.760427013039589 2.6
      vertex 15.439180701971054 3.899025149643421 2.6
    endloop
  endfacet
  facet normal -0.9039892934402849 0.42755509276037695 0
    outer loop
      vertex 15.502118103206158 4.032095104455948 1.6
      vertex 15.439180701971054 3.899025149643421 2.6
      vertex 15.502118103206158 4.032095104455948 2.6
    endloop
  endfacet
  facet normal -0.8577286120536233 0.5141027407674121 0
    outer loop
      vertex 15.502118103206158 4.032095104455948 1.6
      vertex 15.502118103206158 4.032095104455948 2.6
      vertex 15.523981691109976 4.068572297476279 2.6
    endloop
  endfacet
  facet normal -0.6715589512578065 0.7409511286080311 0
    outer loop
      vertex 15.858848859056408 4.471318164324982 2.0500000014901163
      vertex 15.873410074534618 4.484515680622658 2.6
      vertex 15.873410074534618 4.484515680622658 2.0500000014901163
    endloop
  endfacet
  facet normal -0.5141027407673995 0.8577286120536308 0
    outer loop
      vertex 16.117904894053936 4.647881895303726 1.6
      vertex 15.991644650697708 4.572204418480396 2.6
      vertex 16.117904894053936 4.647881895303726 2.6
    endloop
  endfacet
  facet normal -0.42755509276037695 0.9039892934402849 0
    outer loop
      vertex 16.250974848866463 4.71081929653883 1.6
      vertex 16.117904894053936 4.647881895303726 2.6
      vertex 16.250974848866463 4.71081929653883 2.6
    endloop
  endfacet
  facet normal -0.24298020764329717 0.970031246246027 0
    outer loop
      vertex 16.389572985470295 4.760410502552986 1.6
      vertex 16.435111700176073 4.771817358154638 2.6
      vertex 16.435111700176073 4.771817358154638 2.0500000014901163
    endloop
  endfacet
  facet normal -0.04906769566191657 0.9987954551570755 0
    outer loop
      vertex 16.6779742911458 4.817777089774609 1.6
      vertex 16.6779742911458 4.817777089774609 2.6
      vertex 16.692651318154603 4.818498126189794 2.0500000014901163
    endloop
  endfacet
  facet normal -0.14673045131623522 0.9891765133971459 0
    outer loop
      vertex 16.6779742911458 4.817777089774609 1.6
      vertex 16.658022858203594 4.814817574743301 2.0500000014901163
      vertex 16.6779742911458 4.817777089774609 2.6
    endloop
  endfacet
  facet normal -0.3368898520298076 0.9415440656704999 0
    outer loop
      vertex 16.389572985470295 4.760410502552986 1.6
      vertex 16.250974848866463 4.71081929653883 2.6
      vertex 16.389572985470295 4.760410502552986 2.6
    endloop
  endfacet
  facet normal -0.24298020764329714 0.970031246246027 0
    outer loop
      vertex 16.389572985470295 4.760410502552986 1.6
      vertex 16.389572985470295 4.760410502552986 2.6
      vertex 16.435111700176073 4.771817358154638 2.6
    endloop
  endfacet
  facet normal -0.6715589512578065 0.7409511286080311 0
    outer loop
      vertex 15.858848859056408 4.471318164324982 2.0500000014901163
      vertex 15.858848859056408 4.471318164324982 2.6
      vertex 15.873410074534618 4.484515680622658 2.6
    endloop
  endfacet
  facet normal -0.5956993028830383 0.8032075326742535 0
    outer loop
      vertex 15.945969414650191 4.538329354856511 2.0500000014901163
      vertex 15.945969414650191 4.538329354856511 2.6
      vertex 15.991644650697708 4.572204418480396 2.6
    endloop
  endfacet
  facet normal 0 0 -1
    outer loop
      vertex 15.353822079395155 3.6176354830241926 2.6
      vertex 15.389589496401687 3.7604270158816937 2.6
      vertex 15.389589495956898 3.760427013039589 2.6
    endloop
  endfacet
  facet normal 0 0 -1
    outer loop
      vertex 15.389589495956898 3.760427013039589 2.6
      vertex 15.389589496401687 3.7604270158816937 2.6
      vertex 15.439180701971054 3.899025149643421 2.6
    endloop
  endfacet
  facet normal 0 0 -1
    outer loop
      vertex 15.389589496401687 3.7604270158816937 2.6
      vertex 15.43918070123307 3.8990251485476346 2.6
      vertex 15.439180701971054 3.899025149643421 2.6
    endloop
  endfacet
  facet normal 0 0 -1
    outer loop
      vertex 15.439180701971054 3.899025149643421 2.6
      vertex 15.43918070123307 3.8990251485476346 2.6
      vertex 15.502118103206158 4.032095104455948 2.6
    endloop
  endfacet
  facet normal 0 0 -1
    outer loop
      vertex 15.43918070123307 3.8990251485476346 2.6
      vertex 15.502118103477466 4.032095105238996 2.6
      vertex 15.502118103206158 4.032095104455948 2.6
    endloop
  endfacet
  facet normal 0 0 -1
    outer loop
      vertex 15.502118103206158 4.032095104455948 2.6
      vertex 15.502118103477466 4.032095105238996 2.6
      vertex 15.523981691109976 4.068572297476279 2.6
    endloop
  endfacet
  facet normal 0 0 -1
    outer loop
      vertex 15.858848859056408 4.471318164324982 2.6
      vertex 15.873410073754531 4.4845156800441055 2.6
      vertex 15.873410074534618 4.484515680622658 2.6
    endloop
  endfacet
  facet normal 0 0 -1
    outer loop
      vertex 15.945969414650191 4.538329354856511 2.6
      vertex 15.991644650470596 4.572204418453818 2.6
      vertex 15.991644650697708 4.572204418480396 2.6
    endloop
  endfacet
  facet normal 0 0 -1
    outer loop
      vertex 15.991644650697708 4.572204418480396 2.6
      vertex 15.991644650470596 4.572204418453818 2.6
      vertex 16.117904894053936 4.647881895303726 2.6
    endloop
  endfacet
  facet normal 0 0 -1
    outer loop
      vertex 15.991644650470596 4.572204418453818 2.6
      vertex 16.117904894761004 4.647881896522533 2.6
      vertex 16.117904894053936 4.647881895303726 2.6
    endloop
  endfacet
  facet normal 0 0 -1
    outer loop
      vertex 16.117904894053936 4.647881895303726 2.6
      vertex 16.117904894761004 4.647881896522533 2.6
      vertex 16.250974848866463 4.71081929653883 2.6
    endloop
  endfacet
  facet normal 0 0 -1
    outer loop
      vertex 16.117904894761004 4.647881896522533 2.6
      vertex 16.250974851452366 4.71081929876693 2.6
      vertex 16.250974848866463 4.71081929653883 2.6
    endloop
  endfacet
  facet normal 0 0 -1
    outer loop
      vertex 16.250974848866463 4.71081929653883 2.6
      vertex 16.250974851452366 4.71081929876693 2.6
      vertex 16.389572985470295 4.760410502552986 2.6
    endloop
  endfacet
  facet normal -0.04906769566191657 0.9987954551570756 0
    outer loop
      vertex 16.692651318154603 4.818498126189794 2.0500000014901163
      vertex 16.6779742911458 4.817777089774609 2.6
      vertex 16.692651318154603 4.818498126189794 2.6
    endloop
  endfacet
  facet normal -0.14673045131623524 0.9891765133971459 0
    outer loop
      vertex 16.658022858203594 4.814817574743301 2.0500000014901163
      vertex 16.658022858203594 4.814817574743301 2.6
      vertex 16.6779742911458 4.817777089774609 2.6
    endloop
  endfacet
  facet normal 0 0 -1
    outer loop
      vertex 16.250974851452366 4.71081929876693 2.6
      vertex 16.389572984118306 4.7604105035983135 2.6
      vertex 16.389572985470295 4.760410502552986 2.6
    endloop
  endfacet
  facet normal 0 0 -1
    outer loop
      vertex 16.389572985470295 4.760410502552986 2.6
      vertex 16.389572984118306 4.7604105035983135 2.6
      vertex 16.435111700176073 4.771817358154638 2.6
    endloop
  endfacet
  facet normal 0 0 -1
    outer loop
      vertex 16.658022858203594 4.814817574743301 2.6
      vertex 16.67797428950566 4.8177770900082955 2.6
      vertex 16.6779742911458 4.817777089774609 2.6
    endloop
  endfacet
  facet normal 0 0 -1
    outer loop
      vertex 16.6779742911458 4.817777089774609 2.6
      vertex 16.67797428950566 4.8177770900082955 2.6
      vertex 16.692651318154603 4.818498126189794 2.6
    endloop
  endfacet
  facet normal 0 0 1
    outer loop
      vertex 16.825000002980232 -1.8250000029802322 1.6
      vertex 19.25 1.8250000029802322 1.6
      vertex 16.825000002980232 1.8250000029802322 1.6
    endloop
  endfacet
  facet normal 0 -1 0
    outer loop
      vertex 16.825000002980232 1.8250000029802322 1.6
      vertex 19.25 1.8250000029802322 1.6
      vertex 19.25 1.8250000029802322 2.6
    endloop
  endfacet
  facet normal 0 1 0
    outer loop
      vertex 16.825000002980232 4.825000002980232 1.6
      vertex 16.825000002980232 4.825000002980232 2.0500000014901163
      vertex 19.25 4.825000002980232 1.6
    endloop
  endfacet
  facet normal 0 1 0
    outer loop
      vertex 16.825000002980232 4.825000002980232 2.0500000014901163
      vertex 19.25 4.825000002980232 2.0500000014901163
      vertex 19.25 4.825000002980232 1.6
    endloop
  endfacet
  facet normal -1 0 0
    outer loop
      vertex 19.25 -1.8250000000000002 2.0500000014901163
      vertex 19.25 1.8250000000000002 2.0500000014901163
      vertex 19.25 1.8250000029802322 1.6
    endloop
  endfacet
  facet normal 0 -1 0
    outer loop
      vertex 16.825000002980232 1.8250000029802322 1.6
      vertex 19.25 1.8250000029802322 2.6
      vertex 16.825000002980232 1.8250000029802322 2.6
    endloop
  endfacet
  facet normal 0 0 -1
    outer loop
      vertex 16.825000002980232 1.8250000029802322 2.6
      vertex 19.25 1.8250000000000002 2.6
      vertex 16.825 1.8250000000000002 2.6
    endloop
  endfacet
  facet normal 0 0 -1
    outer loop
      vertex 16.825000002980232 1.8250000029802322 2.6
      vertex 19.25 1.8250000029802322 2.6
      vertex 19.25 1.8250000000000002 2.6
    endloop
  endfacet
  facet normal -1 0 0
    outer loop
      vertex 19.25 1.8250000029802322 1.6
      vertex 19.25 1.8250000000000002 2.0500000014901163
      vertex 19.25 1.8250000029802322 2.6
    endloop
  endfacet
  facet normal -1 0 0
    outer loop
      vertex 19.25 1.8250000000000002 2.0500000014901163
      vertex 19.25 1.8250000000000002 2.6
      vertex 19.25 1.8250000029802322 2.6
    endloop
  endfacet
  facet normal 0 0 1
    outer loop
      vertex 16.532364517450333 4.796177923679352 1.6
      vertex 16.6779742911458 4.817777089774609 1.6
      vertex 19.25 15.922667071223259 1.6
    endloop
  endfacet
  facet normal 0 0 1
    outer loop
      vertex 16.6779742911458 4.817777089774609 1.6
      vertex 16.825000002980232 4.825000002980232 1.6
      vertex 19.25 15.922667071223259 1.6
    endloop
  endfacet
  facet normal 0 0 1
    outer loop
      vertex 16.825000002980232 4.825000002980232 1.6
      vertex 19.25 4.825000002980232 1.6
      vertex 19.25 15.922667071223259 1.6
    endloop
  endfacet
  facet normal -1 0 0
    outer loop
      vertex 19.25 4.825000002980232 1.6
      vertex 19.25 4.825000002980232 2.0500000014901163
      vertex 19.25 15.922667071223259 2.0500000014901163
    endloop
  endfacet
  facet normal -1 0 0
    outer loop
      vertex 19.25 4.825000002980232 1.6
      vertex 19.25 15.922667071223259 2.0500000014901163
      vertex 19.25 15.922667071223259 1.6
    endloop
  endfacet
  facet normal 0 0 1
    outer loop
      vertex 6 26.17398285643234 1.6
      vertex 16.532364517450333 4.796177923679352 1.6
      vertex 19.25 15.922667071223259 1.6
    endloop
  endfacet
  facet normal -0.6119212854735001 -0.7909186686281082 0
    outer loop
      vertex 6 26.17398285643234 1.6
      vertex 19.25 15.922667071223259 1.6
      vertex 19.25 15.922667071223259 2.0500000014901163
    endloop
  endfacet
  facet normal -0.7071067819613056 0 -0.7071067804117894
    outer loop
      vertex 7.400000000701231 -29.25 -2.9802320611338473e-9
      vertex 6 -29.25 1.4000000007888849
      vertex 7.400000000701231 29.25 -2.9802320611338473e-9
    endloop
  endfacet
  facet normal -0.7071067819613056 0 -0.7071067804117894
    outer loop
      vertex 6 -29.25 1.4000000007888849
      vertex 6 29.25 1.4000000007888849
      vertex 7.400000000701231 29.25 -2.9802320611338473e-9
    endloop
  endfacet
  facet normal 1 0 0
    outer loop
      vertex 23 -5 1.2
      vertex 23 5 2.0500000014901163
      vertex 23 -5.000000000000001 2.0500000014901163
    endloop
  endfacet
  facet normal 0 1 1.0449157860506815e-15
    outer loop
      vertex 23 -5 1.2
      vertex 23 -5.000000000000001 2.0500000014901163
      vertex 32.40993150330166 -5 1.2
    endloop
  endfacet
  facet normal 0 0 1
    outer loop
      vertex 23 -5 1.2
      vertex 32.40993150330166 -5 1.2
      vertex 32.40993150330166 5 1.2
    endloop
  endfacet
  facet normal 0 0 1
    outer loop
      vertex 36 -5 1.2
      vertex 36 5 1.2
      vertex 35.59006849669834 -5 1.2
    endloop
  endfacet
  facet normal -8.661682538705684e-17 1 8.602355958387657e-17
    outer loop
      vertex 23 -5.000000000000001 2.0500000014901163
      vertex 32.744213646653456 -5 1.5365875369581996
      vertex 32.40993150330166 -5 1.2
    endloop
  endfacet
  facet normal 0 1 0
    outer loop
      vertex 36 -5 1.2
      vertex 35.59006849669834 -5 1.2
      vertex 34.74589041180854 -5 2.0500000014901163
    endloop
  endfacet
  facet normal 0 1 0
    outer loop
      vertex 36 -5 1.2
      vertex 34.74589041180854 -5 2.0500000014901163
      vertex 36 -5 2.0500000014901163
    endloop
  endfacet
  facet normal 0 0 1
    outer loop
      vertex 23 -5 1.2
      vertex 32.40993150330166 5 1.2
      vertex 23 5 1.2
    endloop
  endfacet
  facet normal 1 0 0
    outer loop
      vertex 23 -5 1.2
      vertex 23 5 1.2
      vertex 23 5 2.0500000014901163
    endloop
  endfacet
  facet normal 0 0 1
    outer loop
      vertex 36 5 1.2
      vertex 35.59006849669834 5 1.2
      vertex 35.59006849669834 -5 1.2
    endloop
  endfacet
  facet normal -0.7095325114573913 0 0.704672700751893
    outer loop
      vertex 32.40993150330166 5 1.2
      vertex 32.40993150330166 -5 1.2
      vertex 32.744213646653456 -5 1.5365875369581996
    endloop
  endfacet
  facet normal -0.7095325114573922 -5.660000080685435e-17 0.7046727007518921
    outer loop
      vertex 33.850000001490116 -5 2.6500000029802324
      vertex 32.40993150330166 5 1.2
      vertex 32.744213646653456 -5 1.5365875369581996
    endloop
  endfacet
  facet normal 0 -1 0
    outer loop
      vertex 32.744213646653456 -5 1.5365875369581996
      vertex 34.915704362956625 -5 1.8790149198911854
      vertex 34.74589041180854 -5 2.0500000014901163
    endloop
  endfacet
  facet normal 0.7095325114573908 -3.150957318236558e-16 0.7046727007518935
    outer loop
      vertex 34.149999998509884 5 2.6500000029802324
      vertex 34.74589041180854 -5 2.0500000014901163
      vertex 35.59006849669834 -5 1.2
    endloop
  endfacet
  facet normal 0 -1 0
    outer loop
      vertex 34.149999998509884 -5 2.6500000029802324
      vertex 32.744213646653456 -5 1.5365875369581996
      vertex 34.74589041180854 -5 2.0500000014901163
    endloop
  endfacet
  facet normal 0 -1 0
    outer loop
      vertex 33.850000001490116 -5 2.6500000029802324
      vertex 32.744213646653456 -5 1.5365875369581996
      vertex 34.149999998509884 -5 2.6500000029802324
    endloop
  endfacet
  facet normal 0 0 1
    outer loop
      vertex 33.850000001490116 -5 2.6500000029802324
      vertex 34.149999998509884 -5 2.6500000029802324
      vertex 33.850000001490116 5 2.6500000029802324
    endloop
  endfacet
  facet normal 0.7095325114573934 0 0.7046727007518907
    outer loop
      vertex 34.149999998509884 -5 2.6500000029802324
      vertex 34.74589041180854 -5 2.0500000014901163
      vertex 34.149999998509884 5 2.6500000029802324
    endloop
  endfacet
  facet normal 0 1 0
    outer loop
      vertex 33.850000001490116 5 2.6500000029802324
      vertex 35.59006849669834 5 1.2
      vertex 32.40993150330166 5 1.2
    endloop
  endfacet
  facet normal 0.7095325114573919 0 0.7046727007518924
    outer loop
      vertex 34.149999998509884 5 2.6500000029802324
      vertex 35.59006849669834 -5 1.2
      vertex 35.59006849669834 5 1.2
    endloop
  endfacet
  facet normal -0.7095325114573919 0 0.7046727007518924
    outer loop
      vertex 33.850000001490116 -5 2.6500000029802324
      vertex 33.850000001490116 5 2.6500000029802324
      vertex 32.40993150330166 5 1.2
    endloop
  endfacet
  facet normal 0 0 1
    outer loop
      vertex 33.850000001490116 5 2.6500000029802324
      vertex 34.149999998509884 -5 2.6500000029802324
      vertex 34.149999998509884 5 2.6500000029802324
    endloop
  endfacet
  facet normal 0 1 0
    outer loop
      vertex 33.850000001490116 5 2.6500000029802324
      vertex 34.149999998509884 5 2.6500000029802324
      vertex 35.59006849669834 5 1.2
    endloop
  endfacet
endsolid OpenSCAD_Model
