solid OpenSCAD_Model
  facet normal 0 0 1
    outer loop
      vertex 20 -4.3 8.5
      vertex 37.07636762076482 -3.403041572758249 8.5
      vertex 37.07590389285522 -3.397249606363371 8.5
    endloop
  endfacet
  facet normal 0 0 1
    outer loop
      vertex 20 -4.3 8.5
      vertex 37.08030898817535 -3.445984550591232 8.5
      vertex 37.07636762076482 -3.403041572758249 8.5
    endloop
  endfacet
  facet normal 0 0 1
    outer loop
      vertex 20 -4.3 8.5
      vertex 37.07590389285522 -3.397249606363371 8.5
      vertex 37 0 8.5
    endloop
  endfacet
  facet normal 0 0 1
    outer loop
      vertex 20 -4.3 8.5
      vertex 37 0 8.5
      vertex 37.07590389285522 3.397249606363371 8.5
    endloop
  endfacet
  facet normal -1 0 0
    outer loop
      vertex 6 0 0.6000000014901161
      vertex 6 1.6250000000000002 1.7999999999999998
      vertex 6 1.6250000000000002 0.6000000014901161
    endloop
  endfacet
  facet normal -1 0 0
    outer loop
      vertex 6 0 3
      vertex 6 1.6250000000000002 1.7999999999999998
      vertex 6 0 0.6000000014901161
    endloop
  endfacet
  facet normal 0 0 -1
    outer loop
      vertex 20.774352112992776 2.3986390285799444 0
      vertex 20.849266149392204 2.5236255473958042 0
      vertex 33.29999999701977 0.1932136198675436 0
    endloop
  endfacet
  facet normal 0 0 -1
    outer loop
      vertex 30.39160839081557 3.7804195804592213 0
      vertex 20.849266149392204 2.5236255473958042 0
      vertex 20.920595205269187 2.674438164979348 0
    endloop
  endfacet
  facet normal 0 0 -1
    outer loop
      vertex 30.39160839081557 3.7804195804592213 0
      vertex 20.920595205269187 2.674438164979348 0
      vertex 20.976798570744755 2.8315160486674142 0
    endloop
  endfacet
  facet normal 0 0 -1
    outer loop
      vertex 30.39160839081557 3.7804195804592213 0
      vertex 20.976798570744755 2.8315160486674142 0
      vertex 21.017334976685493 2.993346452572582 0
    endloop
  endfacet
  facet normal 0 0 -1
    outer loop
      vertex 30.39160839081557 3.7804195804592213 0
      vertex 21.017334976685493 2.993346452572582 0
      vertex 21.041814035342735 3.158370861439747 0
    endloop
  endfacet
  facet normal 0 0 -1
    outer loop
      vertex 30.39160839081557 3.7804195804592213 0
      vertex 21.041814035342735 3.158370861439747 0
      vertex 21.05 3.325 0
    endloop
  endfacet
  facet normal 0 0 -1
    outer loop
      vertex 30.39160839081557 3.7804195804592213 0
      vertex 21.05 3.325 0
      vertex 21.041814035342735 3.491629138560253 0
    endloop
  endfacet
  facet normal 0 0 -1
    outer loop
      vertex 30.39160839081557 3.7804195804592213 0
      vertex 21.041814035342735 3.491629138560253 0
      vertex 21.017334976685493 3.6566535474274184 0
    endloop
  endfacet
  facet normal 0 0 -1
    outer loop
      vertex 30.39160839081557 3.7804195804592213 0
      vertex 21.017334976685493 3.6566535474274184 0
      vertex 20.976798570744755 3.818483951332586 0
    endloop
  endfacet
  facet normal 0 0 -1
    outer loop
      vertex 30.39160839081557 3.7804195804592213 0
      vertex 20.976798570744755 3.818483951332586 0
      vertex 20.920595205269187 3.9755618350206525 0
    endloop
  endfacet
  facet normal 0 0 -1
    outer loop
      vertex 30.39160839081557 3.7804195804592213 0
      vertex 20.920595205269187 3.9755618350206525 0
      vertex 20.849266149392204 4.126374452604196 0
    endloop
  endfacet
  facet normal 0 0 -1
    outer loop
      vertex 30.39160839081557 3.7804195804592213 0
      vertex 20.849266149392204 4.126374452604196 0
      vertex 20.763498340914328 4.269469396133324 0
    endloop
  endfacet
  facet normal 0 0 -1
    outer loop
      vertex 30.39160839081557 3.7804195804592213 0
      vertex 20.763498340914328 4.269469396133324 0
      vertex 20.664117770716654 4.403468583078197 0
    endloop
  endfacet
  facet normal 0 0 -1
    outer loop
      vertex 30.39160839081557 3.7804195804592213 0
      vertex 20.552081528017133 4.527081528017131 0
      vertex 20.4284685830782 4.639117770716653 0
    endloop
  endfacet
  facet normal 0 0 -1
    outer loop
      vertex 30.39160839081557 3.7804195804592213 0
      vertex 20.664117770716654 4.403468583078197 0
      vertex 20.552081528017133 4.527081528017131 0
    endloop
  endfacet
  facet normal 0 0 -1
    outer loop
      vertex 30.39160839081557 3.7804195804592213 0
      vertex 20.4284685830782 4.639117770716653 0
      vertex 20.294469396133326 4.738498340914327 0
    endloop
  endfacet
  facet normal 0 0 -1
    outer loop
      vertex 30.39160839081557 3.7804195804592213 0
      vertex 19.68165354742742 4.992334976685492 0
      vertex 19.516629138560255 5.016814035342735 0
    endloop
  endfacet
  facet normal 0 0 -1
    outer loop
      vertex 30.39160839081557 3.7804195804592213 0
      vertex 19.843483951332587 4.951798570744755 0
      vertex 19.68165354742742 4.992334976685492 0
    endloop
  endfacet
  facet normal 0 0 -1
    outer loop
      vertex 30.39160839081557 3.7804195804592213 0
      vertex 20.1513744526042 4.824266149392203 0
      vertex 20.000561835020655 4.895595205269188 0
    endloop
  endfacet
  facet normal 0 0 -1
    outer loop
      vertex 30.39160839081557 3.7804195804592213 0
      vertex 20.294469396133326 4.738498340914327 0
      vertex 20.1513744526042 4.824266149392203 0
    endloop
  endfacet
  facet normal 0 0 -1
    outer loop
      vertex 30.39160839081557 3.7804195804592213 0
      vertex 20.000561835020655 4.895595205269188 0
      vertex 19.843483951332587 4.951798570744755 0
    endloop
  endfacet
  facet normal -1 0 0
    outer loop
      vertex 6 0 3
      vertex 6 24.799999997019768 3
      vertex 6 1.6250000000000002 1.7999999999999998
    endloop
  endfacet
  facet normal -1 0 0
    outer loop
      vertex 6 24.799999997019768 3
      vertex 6 5.025 1.7999999999999998
      vertex 6 1.6250000000000002 1.7999999999999998
    endloop
  endfacet
  facet normal 0 0 -1
    outer loop
      vertex 6.600000001490116 26.230000000819565 0
      vertex 19.35 5.025 0
      vertex 6.600000001490116 5.025 0
    endloop
  endfacet
  facet normal -1 0 0
    outer loop
      vertex 6 24.799999997019768 2
      vertex 6 5.025 0.6000000014901161
      vertex 6 5.025 1.7999999999999998
    endloop
  endfacet
  facet normal 0 0 -1
    outer loop
      vertex 7.199999999999999 26.859999997019766 0
      vertex 19.516629138560255 5.016814035342735 0
      vertex 19.35 5.025 0
    endloop
  endfacet
  facet normal 0 0 -1
    outer loop
      vertex 30.39160839081557 3.7804195804592213 0
      vertex 19.516629138560255 5.016814035342735 0
      vertex 7.199999999999999 26.859999997019766 0
    endloop
  endfacet
  facet normal 0 0 -1
    outer loop
      vertex 30.39160839081557 3.7804195804592213 0
      vertex 33.29999999701977 1.0356250023748708 0
      vertex 33.29999999701977 0.1932136198675436 0
    endloop
  endfacet
  facet normal 0 0 -1
    outer loop
      vertex 30.39160839081557 3.7804195804592213 0
      vertex 33.29999999701977 0.1932136198675436 0
      vertex 20.849266149392204 2.5236255473958042 0
    endloop
  endfacet
  facet normal 0 0 -1
    outer loop
      vertex 30.39160839081557 3.7804195804592213 0
      vertex 33.29999999701977 5.5 0
      vertex 33.29999999701977 3.6350000001490113 0
    endloop
  endfacet
  facet normal 0 0 -1
    outer loop
      vertex 37 3.4499999999999997 0
      vertex 34.70000000298023 3.564999999850988 0
      vertex 34.70000000298023 5.5 0
    endloop
  endfacet
  facet normal 0 0 -1
    outer loop
      vertex 37 3.4499999999999997 0
      vertex 34.70000000298023 5.5 0
      vertex 37.41093309584115 22.803563717909764 0
    endloop
  endfacet
  facet normal 0 0 -1
    outer loop
      vertex 30.39160839081557 3.7804195804592213 0
      vertex 37.41093309584115 22.803563717909764 0
      vertex 33.29999999701977 5.5 0
    endloop
  endfacet
  facet normal 0 0 -1
    outer loop
      vertex 37.41093309584115 22.803563717909764 0
      vertex 34.70000000298023 5.5 0
      vertex 33.29999999701977 5.5 0
    endloop
  endfacet
  facet normal 0 0 1
    outer loop
      vertex 20 -4.3 8.5
      vertex 37.07590389285522 3.397249606363371 8.5
      vertex 37.07636762076482 3.403041572758249 8.5
    endloop
  endfacet
  facet normal 0 0 1
    outer loop
      vertex 20 -4.3 8.5
      vertex 37.07636762076482 3.403041572758249 8.5
      vertex 37.30246987422172 5.866527730444438 8.5
    endloop
  endfacet
  facet normal 0 0 1
    outer loop
      vertex 20 -4.3 8.5
      vertex 37.30246987422172 5.866527730444438 8.5
      vertex 37.66960030534158 7.973021890369696 8.5
    endloop
  endfacet
  facet normal 0 0 1
    outer loop
      vertex 20 -4.3 8.5
      vertex 37.66960030534158 7.973021890369696 8.5
      vertex 38 9.185910298301533 8.5
    endloop
  endfacet
  facet normal 0 0 1
    outer loop
      vertex 20 -4.3 8.5
      vertex 38 9.185910298301533 8.5
      vertex 38 24.399999997019766 8.5
    endloop
  endfacet
  facet normal -1 0 0
    outer loop
      vertex 6 25.600000001490116 1.1999999955296516
      vertex 6 25.600000001490116 0.6000000014901161
      vertex 6 5.025 0.6000000014901161
    endloop
  endfacet
  facet normal 0 0 -1
    outer loop
      vertex 7.199999999999999 26.859999997019766 0
      vertex 19.35 5.025 0
      vertex 6.600000001490116 26.230000000819565 0
    endloop
  endfacet
  facet normal -1 0 0
    outer loop
      vertex 6 25.600000001490116 1.1999999955296516
      vertex 6 5.025 0.6000000014901161
      vertex 6 24.799999997019768 2
    endloop
  endfacet
  facet normal -1 0 0
    outer loop
      vertex 6 24.799999997019768 2
      vertex 6 5.025 1.7999999999999998
      vertex 6 24.799999997019768 3
    endloop
  endfacet
  facet normal 0 0 -1
    outer loop
      vertex 30.39160839081557 3.7804195804592213 0
      vertex 7.199999999999999 26.859999997019766 0
      vertex 37.41093309584115 22.803563717909764 0
    endloop
  endfacet
  facet normal -0.035333262666878654 0.7066652533375734 0.7066652533375734
    outer loop
      vertex 6 25.600000001490116 1.1999999955296516
      vertex 6 24.799999997019768 2
      vertex 36.80000000151992 28.339999997095763 0
    endloop
  endfacet
  facet normal -0.035333262666878695 0.7066652533375737 0.7066652533375729
    outer loop
      vertex 6 25.600000001490116 1.1999999955296516
      vertex 36.80000000151992 28.339999997095763 0
      vertex 7.199999999999999 26.859999997019766 0
    endloop
  endfacet
  facet normal 0 0 -1
    outer loop
      vertex 7.199999999999999 26.859999997019766 0
      vertex 36.80000000151992 28.339999997095763 0
      vertex 38 24.399999998509884 0
    endloop
  endfacet
  facet normal -0.03533326266687866 0.7066652533375734 0.7066652533375734
    outer loop
      vertex 6 24.799999997019768 2
      vertex 37.400000000983475 26.36999999706894 2
      vertex 36.80000000151992 28.339999997095763 0
    endloop
  endfacet
  facet normal -0.04993761694389222 0.9987523388778446 0
    outer loop
      vertex 6 24.799999997019768 2
      vertex 6 24.799999997019768 3
      vertex 14.909090909090908 25.245454542474313 6.5
    endloop
  endfacet
  facet normal -0.049937616943892225 0.9987523388778448 0
    outer loop
      vertex 6 24.799999997019768 2
      vertex 14.909090909090908 25.245454542474313 6.5
      vertex 37.400000000983475 26.36999999706894 2
    endloop
  endfacet
  facet normal 0 0 -1
    outer loop
      vertex 7.199999999999999 26.859999997019766 0
      vertex 37.54768366861198 23.174172852836357 0
      vertex 37.41093309584115 22.803563717909764 0
    endloop
  endfacet
  facet normal 0 0 -1
    outer loop
      vertex 38 22.984199998509883 0
      vertex 37.54768366861198 23.174172852836357 0
      vertex 38 24.399999998509884 0
    endloop
  endfacet
  facet normal 1 0 0
    outer loop
      vertex 38 22.984199998509883 0
      vertex 38 24.399999998509884 0
      vertex 38 23.55089664566219 0.5666966471523046
    endloop
  endfacet
  facet normal 1 0 0
    outer loop
      vertex 38 23.55089664566219 0.5666966471523046
      vertex 38 24.399999998509884 0
      vertex 38 23.549666501674054 0.6389176311880351
    endloop
  endfacet
  facet normal 1 0 0
    outer loop
      vertex 38 23.549666501674054 0.6389176311880351
      vertex 38 24.399999998509884 0
      vertex 38 24.399999998509884 8.499999998509882
    endloop
  endfacet
  facet normal 0 0 -1
    outer loop
      vertex 7.199999999999999 26.859999997019766 0
      vertex 38 24.399999998509884 0
      vertex 37.54768366861198 23.174172852836357 0
    endloop
  endfacet
  facet normal 1 0 0
    outer loop
      vertex 38 23.549666501674054 0.6389176311880351
      vertex 38 24.399999998509884 8.499999998509882
      vertex 38 23.512376633885502 1.2546483004868032
    endloop
  endfacet
  facet normal 1 0 0
    outer loop
      vertex 38 23.512376633885502 1.2546483004868032
      vertex 38 24.399999998509884 8.499999998509882
      vertex 38 23.50749735392034 1.324978196436167
    endloop
  endfacet
  facet normal 1 0 0
    outer loop
      vertex 38 23.50749735392034 1.324978196436167
      vertex 38 24.399999998509884 8.499999998509882
      vertex 38 23.49938151754141 1.387383738318086
    endloop
  endfacet
  facet normal 1 0 0
    outer loop
      vertex 38 23.49938151754141 1.387383738318086
      vertex 38 24.399999998509884 8.499999998509882
      vertex 38 23.488053017625212 1.4444202232629066
    endloop
  endfacet
  facet normal 1 0 0
    outer loop
      vertex 38 23.488053017625212 1.4444202232629066
      vertex 38 24.399999998509884 8.499999998509882
      vertex 38 23.277679932963846 2.297259012022615
    endloop
  endfacet
  facet normal 1 0 0
    outer loop
      vertex 38 23.277679932963846 2.297259012022615
      vertex 38 24.399999998509884 8.499999998509882
      vertex 38 23.263171066391468 2.3498931486874826
    endloop
  endfacet
  facet normal 1 0 0
    outer loop
      vertex 38 23.24552125798762 2.398555899289251
      vertex 38 23.263171066391468 2.3498931486874826
      vertex 38 24.399999998509884 8.499999998509882
    endloop
  endfacet
  facet normal 1 0 0
    outer loop
      vertex 38 23.24552125798762 2.398555899289251
      vertex 38 24.399999998509884 8.499999998509882
      vertex 38 23.224775211781264 2.44344014877379
    endloop
  endfacet
  facet normal 1 0 0
    outer loop
      vertex 38 22.874856056338547 3.200186142545939
      vertex 38 23.224775211781264 2.44344014877379
      vertex 38 24.399999998509884 8.499999998509882
    endloop
  endfacet
  facet normal 1 0 0
    outer loop
      vertex 38 22.306067604464292 4.004224767619372
      vertex 38 22.335828424331545 3.9704796187430627
      vertex 38 24.399999998509884 8.499999998509882
    endloop
  endfacet
  facet normal 1 0 0
    outer loop
      vertex 38 20.88682725240588 5.262541410169006
      vertex 38 24.399999998509884 8.499999998509882
      vertex 38 20.881732280254365 5.266385585963726
    endloop
  endfacet
  facet normal 1 0 0
    outer loop
      vertex 38 20.881732280254365 5.266385585963726
      vertex 38 24.399999998509884 8.499999998509882
      vertex 38 20.845728871524333 5.292774122059345
    endloop
  endfacet
  facet normal 1 0 0
    outer loop
      vertex 38 21.68050911910832 4.642480124768616
      vertex 38 24.399999998509884 8.499999998509882
      vertex 38 21.64780934590697 4.672444116255642
    endloop
  endfacet
  facet normal 1 0 0
    outer loop
      vertex 38 22.306067604464292 4.004224767619372
      vertex 38 24.399999998509884 8.499999998509882
      vertex 38 21.68050911910832 4.642480124768616
    endloop
  endfacet
  facet normal 1 0 0
    outer loop
      vertex 38 20.88682725240588 5.262541410169006
      vertex 38 21.64780934590697 4.672444116255642
      vertex 38 24.399999998509884 8.499999998509882
    endloop
  endfacet
  facet normal 1 0 0
    outer loop
      vertex 38 22.851061122009156 3.2413636347472674
      vertex 38 22.874856056338547 3.200186142545939
      vertex 38 24.399999998509884 8.499999998509882
    endloop
  endfacet
  facet normal 1 0 0
    outer loop
      vertex 38 22.851061122009156 3.2413636347472674
      vertex 38 24.399999998509884 8.499999998509882
      vertex 38 22.36262604275644 3.933003030467034
    endloop
  endfacet
  facet normal 1 0 0
    outer loop
      vertex 38 22.335828424331545 3.9704796187430627
      vertex 38 22.36262604275644 3.933003030467034
      vertex 38 24.399999998509884 8.499999998509882
    endloop
  endfacet
  facet normal -0.04993761694389221 0.9987523388778446 0
    outer loop
      vertex 37.400000000983475 26.36999999706894 2
      vertex 14.909090909090908 25.245454542474313 6.5
      vertex 37.400000000983475 26.36999999706894 6.5
    endloop
  endfacet
  facet normal 0 0 1
    outer loop
      vertex 20 -4.3 8.5
      vertex 38 24.399999997019766 8.5
      vertex 20 23.499999997019767 8.5
    endloop
  endfacet
  facet normal -0.03533326266687865 0.7066652533375732 0.7066652533375735
    outer loop
      vertex 14.909090909090908 25.245454542474313 6.5
      vertex 20 23.499999997019767 8.5
      vertex 37.400000000983475 26.36999999706894 6.5
    endloop
  endfacet
  facet normal 1 0 0
    outer loop
      vertex 38 13.36609030276537 7.944740811288357
      vertex 38 14.902235751450062 7.628078385293484
      vertex 38 24.399999997019766 8.5
    endloop
  endfacet
  facet normal 1 0 0
    outer loop
      vertex 38 9.185910298301533 8.5
      vertex 38 9.842830616533757 8.441809084117413
      vertex 38 24.399999997019766 8.5
    endloop
  endfacet
  facet normal 1 0 0
    outer loop
      vertex 38 9.842830616533757 8.441809084117413
      vertex 38 9.899244971573353 8.435602742135524
      vertex 38 24.399999997019766 8.5
    endloop
  endfacet
  facet normal 1 0 0
    outer loop
      vertex 38 9.899244971573353 8.435602742135524
      vertex 38 11.700627181828022 8.21414305061102
      vertex 38 24.399999997019766 8.5
    endloop
  endfacet
  facet normal 1 0 0
    outer loop
      vertex 38 13.36609030276537 7.944740811288357
      vertex 38 24.399999997019766 8.5
      vertex 38 11.700627181828022 8.21414305061102
    endloop
  endfacet
  facet normal 1 0 0
    outer loop
      vertex 38 14.902235751450062 7.628078385293484
      vertex 38 14.95229367285967 7.617755211293697
      vertex 38 24.399999997019766 8.5
    endloop
  endfacet
  facet normal 1 0 0
    outer loop
      vertex 38 14.95229367285967 7.617755211293697
      vertex 38 16.361576829254627 7.254555314481259
      vertex 38 24.399999997019766 8.5
    endloop
  endfacet
  facet normal 1 0 0
    outer loop
      vertex 38 16.361576829254627 7.254555314481259
      vertex 38 16.407328020334244 7.240145699977875
      vertex 38 24.399999997019766 8.5
    endloop
  endfacet
  facet normal 1 0 0
    outer loop
      vertex 38 18.844863411188125 6.376851916313171
      vertex 38 24.399999997019766 8.5
      vertex 38 17.689949213266374 6.831113588809967
    endloop
  endfacet
  facet normal 1 0 0
    outer loop
      vertex 38 18.887083306610585 6.358396942317486
      vertex 38 19.912588887512683 5.859275824725628
      vertex 38 24.399999998509884 8.499999998509882
    endloop
  endfacet
  facet normal 1 0 0
    outer loop
      vertex 38 18.844863411188125 6.376851916313171
      vertex 38 18.887083306610585 6.358396942317486
      vertex 38 24.399999998509884 8.499999998509882
    endloop
  endfacet
  facet normal 1 0 0
    outer loop
      vertex 38 16.407328020334244 7.240145699977875
      vertex 38 17.689949213266374 6.831113588809967
      vertex 38 24.399999997019766 8.5
    endloop
  endfacet
  facet normal -0.03533326266687859 0.706665253337573 0.7066652533375737
    outer loop
      vertex 20 23.499999997019767 8.5
      vertex 38 24.399999998509884 8.499999998509882
      vertex 37.400000000983475 26.36999999706894 6.5
    endloop
  endfacet
  facet normal 1 0 0
    outer loop
      vertex 38 19.912588887512683 5.859275824725628
      vertex 38 19.951623179614543 5.836825638115406
      vertex 38 24.399999998509884 8.499999998509882
    endloop
  endfacet
  facet normal 1 0 0
    outer loop
      vertex 38 20.845728871524333 5.292774122059345
      vertex 38 24.399999998509884 8.499999998509882
      vertex 38 19.951623179614543 5.836825638115406
    endloop
  endfacet
  facet normal 1 0 0
    outer loop
      vertex 38 18.844863411188125 6.376851916313171
      vertex 38 24.399999998509884 8.499999998509882
      vertex 38 24.399999997019766 8.5
    endloop
  endfacet
  facet normal -0.03533326266687861 0.7066652533375734 0.7066652533375734
    outer loop
      vertex 20 23.499999997019767 8.5
      vertex 38 24.399999997019766 8.5
      vertex 38 24.399999998509884 8.499999998509882
    endloop
  endfacet
  facet normal -1 0 0
    outer loop
      vertex 6 -25.600000001490116 1.1999999955296516
      vertex 6 -24.799999997019768 2
      vertex 6 -25.600000001490116 0.6000000014901161
    endloop
  endfacet
  facet normal -0.03533326266687866 -0.7066652533375734 0.7066652533375734
    outer loop
      vertex 6 -25.600000001490116 1.1999999955296516
      vertex 37.400000000983475 -26.36999999706894 2
      vertex 6 -24.799999997019768 2
    endloop
  endfacet
  facet normal 0 0 -1
    outer loop
      vertex 7.199999999999999 -26.859999997019766 0
      vertex 6.600000001490116 -26.230000000819565 0
      vertex 36.80000000151992 -28.339999997095763 0
    endloop
  endfacet
  facet normal -0.03533326266687866 -0.7066652533375737 0.7066652533375729
    outer loop
      vertex 7.199999999999999 -26.859999997019766 0
      vertex 37.400000000983475 -26.36999999706894 2
      vertex 6 -25.600000001490116 1.1999999955296516
    endloop
  endfacet
  facet normal -0.03533326266687868 -0.7066652533375734 0.7066652533375734
    outer loop
      vertex 7.199999999999999 -26.859999997019766 0
      vertex 36.80000000151992 -28.339999997095763 0
      vertex 37.400000000983475 -26.36999999706894 2
    endloop
  endfacet
  facet normal 0 0 -1
    outer loop
      vertex 36.80000000151992 -28.339999997095763 0
      vertex 6.600000001490116 -26.230000000819565 0
      vertex 38 -24.399999998509884 0
    endloop
  endfacet
  facet normal -0.04993761694389221 -0.9987523388778446 0
    outer loop
      vertex 6 -24.799999997019768 2
      vertex 14.90909090909091 -25.245454542474313 6.5
      vertex 6 -24.799999997019768 3
    endloop
  endfacet
  facet normal -0.049937616943892225 -0.9987523388778448 0
    outer loop
      vertex 6 -24.799999997019768 2
      vertex 37.400000000983475 -26.36999999706894 2
      vertex 37.400000000983475 -26.36999999706894 6.5
    endloop
  endfacet
  facet normal -0.04993761694389222 -0.9987523388778446 1.7529458391723567e-17
    outer loop
      vertex 6 -24.799999997019768 2
      vertex 37.400000000983475 -26.36999999706894 6.5
      vertex 14.90909090909091 -25.245454542474313 6.5
    endloop
  endfacet
  facet normal -1 0 0
    outer loop
      vertex 6 -24.799999997019768 2
      vertex 6 -5.025 0.6000000014901161
      vertex 6 -25.600000001490116 0.6000000014901161
    endloop
  endfacet
  facet normal -1 0 0
    outer loop
      vertex 6 -24.799999997019768 2
      vertex 6 -24.799999997019768 3
      vertex 6 0 3
    endloop
  endfacet
  facet normal 0 0 -1
    outer loop
      vertex 38 -22.979419430737043 0
      vertex 6.600000001490116 -26.230000000819565 0
      vertex 37 -4.093750000046565 0
    endloop
  endfacet
  facet normal 0 0 -1
    outer loop
      vertex 38 -24.399999998509884 0
      vertex 6.600000001490116 -26.230000000819565 0
      vertex 38 -22.984199998509883 0
    endloop
  endfacet
  facet normal 0 0 -1
    outer loop
      vertex 38 -22.984199998509883 0
      vertex 6.600000001490116 -26.230000000819565 0
      vertex 38 -22.979419430737043 0
    endloop
  endfacet
  facet normal 1 0 0
    outer loop
      vertex 38 -24.399999998509884 0
      vertex 38 -22.984199998509883 0
      vertex 38 -23.55089664566219 0.5666966471523046
    endloop
  endfacet
  facet normal 1 0 0
    outer loop
      vertex 38 -24.399999998509884 0
      vertex 38 -23.55089664566219 0.5666966471523046
      vertex 38 -23.549666501674054 0.6389176311880351
    endloop
  endfacet
  facet normal 1 0 0
    outer loop
      vertex 38 -24.399999998509884 0
      vertex 38 -23.549666501674054 0.6389176311880351
      vertex 38 -23.512376633885502 1.2546483004868032
    endloop
  endfacet
  facet normal 1 0 0
    outer loop
      vertex 38 -24.399999998509884 0
      vertex 38 -23.512376633885502 1.2546483004868032
      vertex 38 -24.399999997019766 8.5
    endloop
  endfacet
  facet normal 1 0 0
    outer loop
      vertex 38 -23.512376633885502 1.2546483004868032
      vertex 38 -23.50749735392034 1.324978196436167
      vertex 38 -24.399999997019766 8.5
    endloop
  endfacet
  facet normal 1 0 0
    outer loop
      vertex 38 -23.50749735392034 1.324978196436167
      vertex 38 -23.49938151754141 1.387383738318086
      vertex 38 -24.399999997019766 8.5
    endloop
  endfacet
  facet normal 1 0 0
    outer loop
      vertex 38 -23.49938151754141 1.387383738318086
      vertex 38 -23.488053017625212 1.4444202232629066
      vertex 38 -24.399999997019766 8.5
    endloop
  endfacet
  facet normal 1 0 0
    outer loop
      vertex 38 -23.488053017625212 1.4444202232629066
      vertex 38 -23.277679932963846 2.297259012022615
      vertex 38 -24.399999997019766 8.5
    endloop
  endfacet
  facet normal 1 0 0
    outer loop
      vertex 38 -23.277679932963846 2.297259012022615
      vertex 38 -23.263171066391468 2.3498931486874826
      vertex 38 -24.399999997019766 8.5
    endloop
  endfacet
  facet normal 1 0 0
    outer loop
      vertex 38 -23.263171066391468 2.3498931486874826
      vertex 38 -23.24552125798762 2.398555899289251
      vertex 38 -24.399999997019766 8.5
    endloop
  endfacet
  facet normal 1 0 0
    outer loop
      vertex 38 -23.24552125798762 2.398555899289251
      vertex 38 -23.224775211781264 2.44344014877379
      vertex 38 -24.399999997019766 8.5
    endloop
  endfacet
  facet normal 1 0 0
    outer loop
      vertex 38 -23.224775211781264 2.44344014877379
      vertex 38 -22.874856056338547 3.200186142545939
      vertex 38 -24.399999997019766 8.5
    endloop
  endfacet
  facet normal 1 0 0
    outer loop
      vertex 38 -24.399999998509884 0
      vertex 38 -24.399999997019766 8.5
      vertex 38 -24.399999998509884 8.499999998509882
    endloop
  endfacet
  facet normal 1 0 0
    outer loop
      vertex 38 -22.874856056338547 3.200186142545939
      vertex 38 -22.851061122009156 3.2413636347472674
      vertex 38 -24.399999997019766 8.5
    endloop
  endfacet
  facet normal 1 0 0
    outer loop
      vertex 38 -22.851061122009156 3.2413636347472674
      vertex 38 -22.36262604275644 3.933003030467034
      vertex 38 -24.399999997019766 8.5
    endloop
  endfacet
  facet normal 1 0 0
    outer loop
      vertex 38 -22.36262604275644 3.933003030467034
      vertex 38 -22.335828424331545 3.9704796187430627
      vertex 38 -24.399999997019766 8.5
    endloop
  endfacet
  facet normal 1 0 0
    outer loop
      vertex 38 -22.335828424331545 3.9704796187430627
      vertex 38 -22.306067604464292 4.004224767619372
      vertex 38 -24.399999997019766 8.5
    endloop
  endfacet
  facet normal 1 0 0
    outer loop
      vertex 38 -22.306067604464292 4.004224767619372
      vertex 38 -21.68050911910832 4.642480124768616
      vertex 38 -24.399999997019766 8.5
    endloop
  endfacet
  facet normal 1 0 0
    outer loop
      vertex 38 -21.68050911910832 4.642480124768616
      vertex 38 -21.64780934590697 4.672444116255642
      vertex 38 -24.399999997019766 8.5
    endloop
  endfacet
  facet normal 1 0 0
    outer loop
      vertex 38 -21.64780934590697 4.672444116255642
      vertex 38 -20.88682725240588 5.262541410169006
      vertex 38 -24.399999997019766 8.5
    endloop
  endfacet
  facet normal 1 0 0
    outer loop
      vertex 38 -20.88682725240588 5.262541410169006
      vertex 38 -20.881732280254365 5.266385585963726
      vertex 38 -24.399999997019766 8.5
    endloop
  endfacet
  facet normal 1 0 0
    outer loop
      vertex 38 -20.881732280254365 5.266385585963726
      vertex 38 -20.845728871524333 5.292774122059345
      vertex 38 -24.399999997019766 8.5
    endloop
  endfacet
  facet normal -0.03533326266687861 -0.7066652533375732 0.7066652533375734
    outer loop
      vertex 14.90909090909091 -25.245454542474313 6.5
      vertex 38 -24.399999998509884 8.499999998509882
      vertex 20 -23.499999997019767 8.5
    endloop
  endfacet
  facet normal -0.03533326266687865 -0.7066652533375731 0.7066652533375737
    outer loop
      vertex 14.90909090909091 -25.245454542474313 6.5
      vertex 37.400000000983475 -26.36999999706894 6.5
      vertex 38 -24.399999998509884 8.499999998509882
    endloop
  endfacet
  facet normal 1 0 0
    outer loop
      vertex 38 -20.845728871524333 5.292774122059345
      vertex 38 -19.951623179614543 5.836825638115406
      vertex 38 -24.399999997019766 8.5
    endloop
  endfacet
  facet normal 1 0 0
    outer loop
      vertex 38 -19.951623179614543 5.836825638115406
      vertex 38 -19.912588887512683 5.859275824725628
      vertex 38 -24.399999997019766 8.5
    endloop
  endfacet
  facet normal -0.03533326266687861 -0.7066652533375734 0.7066652533375734
    outer loop
      vertex 20 -23.499999997019767 8.5
      vertex 38 -24.399999998509884 8.499999998509882
      vertex 38 -24.399999997019766 8.5
    endloop
  endfacet
  facet normal 1 0 0
    outer loop
      vertex 38 -19.912588887512683 5.859275824725628
      vertex 38 -18.887083306610585 6.358396942317486
      vertex 38 -24.399999997019766 8.5
    endloop
  endfacet
  facet normal 1 0 0
    outer loop
      vertex 38 -18.887083306610585 6.358396942317486
      vertex 38 -18.844863411188125 6.376851916313171
      vertex 38 -24.399999997019766 8.5
    endloop
  endfacet
  facet normal 1 0 0
    outer loop
      vertex 38 -18.844863411188125 6.376851916313171
      vertex 38 -17.689949213266374 6.831113588809967
      vertex 38 -24.399999997019766 8.5
    endloop
  endfacet
  facet normal 1 0 0
    outer loop
      vertex 38 -24.399999997019766 8.5
      vertex 38 -17.689949213266374 6.831113588809967
      vertex 38 -16.407328020334244 7.240145699977875
    endloop
  endfacet
  facet normal 1 0 0
    outer loop
      vertex 38 -24.399999997019766 8.5
      vertex 38 -16.407328020334244 7.240145699977875
      vertex 38 -16.361576829254627 7.254555314481259
    endloop
  endfacet
  facet normal 1 0 0
    outer loop
      vertex 38 -24.399999997019766 8.5
      vertex 38 -16.361576829254627 7.254555314481259
      vertex 38 -14.95229367285967 7.617755211293697
    endloop
  endfacet
  facet normal 1 0 0
    outer loop
      vertex 38 -24.399999997019766 8.5
      vertex 38 -14.95229367285967 7.617755211293697
      vertex 38 -14.902235751450062 7.628078385293484
    endloop
  endfacet
  facet normal 0 0 1
    outer loop
      vertex 20 -23.499999997019767 8.5
      vertex 38 -24.399999997019766 8.5
      vertex 38 -9.185910298301533 8.5
    endloop
  endfacet
  facet normal 1 0 0
    outer loop
      vertex 38 -24.399999997019766 8.5
      vertex 38 -14.902235751450062 7.628078385293484
      vertex 38 -13.36609030276537 7.944740811288357
    endloop
  endfacet
  facet normal 1 0 0
    outer loop
      vertex 38 -24.399999997019766 8.5
      vertex 38 -13.36609030276537 7.944740811288357
      vertex 38 -11.700627181828022 8.21414305061102
    endloop
  endfacet
  facet normal 1 0 0
    outer loop
      vertex 38 -24.399999997019766 8.5
      vertex 38 -11.700627181828022 8.21414305061102
      vertex 38 -9.899244971573353 8.435602742135524
    endloop
  endfacet
  facet normal 1 0 0
    outer loop
      vertex 38 -24.399999997019766 8.5
      vertex 38 -9.899244971573353 8.435602742135524
      vertex 38 -9.842830616533757 8.441809084117413
    endloop
  endfacet
  facet normal 1 0 0
    outer loop
      vertex 38 -24.399999997019766 8.5
      vertex 38 -9.842830616533757 8.441809084117413
      vertex 38 -9.185910298301533 8.5
    endloop
  endfacet
  facet normal 0 0 -1
    outer loop
      vertex 6.600000001490116 -26.230000000819565 0
      vertex 6.600000001490116 -5.025 0
      vertex 19.35 -5.025 0
    endloop
  endfacet
  facet normal -1 0 0
    outer loop
      vertex 6 -24.799999997019768 2
      vertex 6 -5.025 1.7999999999999998
      vertex 6 -5.025 0.6000000014901161
    endloop
  endfacet
  facet normal 0 0 -1
    outer loop
      vertex 6.600000001490116 -26.230000000819565 0
      vertex 19.35 -5.025 0
      vertex 19.516629138560255 -5.016814035342735 0
    endloop
  endfacet
  facet normal 0 0 -1
    outer loop
      vertex 6.600000001490116 -26.230000000819565 0
      vertex 19.516629138560255 -5.016814035342735 0
      vertex 19.68165354742742 -4.992334976685492 0
    endloop
  endfacet
  facet normal 0 0 -1
    outer loop
      vertex 6.600000001490116 -26.230000000819565 0
      vertex 19.843483951332587 -4.951798570744755 0
      vertex 20.000561835020655 -4.895595205269188 0
    endloop
  endfacet
  facet normal 0 0 -1
    outer loop
      vertex 6.600000001490116 -26.230000000819565 0
      vertex 19.68165354742742 -4.992334976685492 0
      vertex 19.843483951332587 -4.951798570744755 0
    endloop
  endfacet
  facet normal 0 0 -1
    outer loop
      vertex 6.600000001490116 -26.230000000819565 0
      vertex 20.000561835020655 -4.895595205269188 0
      vertex 20.1513744526042 -4.824266149392203 0
    endloop
  endfacet
  facet normal 0 0 -1
    outer loop
      vertex 6.600000001490116 -26.230000000819565 0
      vertex 20.1513744526042 -4.824266149392203 0
      vertex 20.294469396133326 -4.738498340914327 0
    endloop
  endfacet
  facet normal 0 0 -1
    outer loop
      vertex 6.600000001490116 -26.230000000819565 0
      vertex 20.294469396133326 -4.738498340914327 0
      vertex 20.4284685830782 -4.639117770716653 0
    endloop
  endfacet
  facet normal 0 0 -1
    outer loop
      vertex 6.600000001490116 -26.230000000819565 0
      vertex 20.4284685830782 -4.639117770716653 0
      vertex 20.552081528017133 -4.527081528017131 0
    endloop
  endfacet
  facet normal 0 0 -1
    outer loop
      vertex 6.600000001490116 -26.230000000819565 0
      vertex 20.552081528017133 -4.527081528017131 0
      vertex 20.664117770716654 -4.403468583078197 0
    endloop
  endfacet
  facet normal 0 0 -1
    outer loop
      vertex 6.600000001490116 -26.230000000819565 0
      vertex 20.664117770716654 -4.403468583078197 0
      vertex 20.763498340914328 -4.269469396133324 0
    endloop
  endfacet
  facet normal -1 0 0
    outer loop
      vertex 6 -24.799999997019768 2
      vertex 6 -1.6250000000000002 1.7999999999999998
      vertex 6 -5.025 1.7999999999999998
    endloop
  endfacet
  facet normal -1 0 0
    outer loop
      vertex 6 -24.799999997019768 2
      vertex 6 0 3
      vertex 6 -1.6250000000000002 1.7999999999999998
    endloop
  endfacet
  facet normal 0 0 -1
    outer loop
      vertex 6.600000001490116 -26.230000000819565 0
      vertex 20.763498340914328 -4.269469396133324 0
      vertex 33.29999999701977 -5.5 0
    endloop
  endfacet
  facet normal 0 0 -1
    outer loop
      vertex 6.600000001490116 -26.230000000819565 0
      vertex 33.29999999701977 -5.5 0
      vertex 34.70000000298023 -5.5 0
    endloop
  endfacet
  facet normal 0 0 -1
    outer loop
      vertex 37 -4.093750000046565 0
      vertex 6.600000001490116 -26.230000000819565 0
      vertex 34.70000000298023 -5.5 0
    endloop
  endfacet
  facet normal -1 0 0
    outer loop
      vertex 6 0 0.6000000014901161
      vertex 6 -1.6250000000000002 0.6000000014901161
      vertex 6 -1.6250000000000002 1.7999999999999998
    endloop
  endfacet
  facet normal 0 0 -1
    outer loop
      vertex 6.600000001490116 -1.6250000000000002 0
      vertex 19.35 1.6250000000000002 0
      vertex 19.35 -1.6250000000000002 0
    endloop
  endfacet
  facet normal -1 0 0
    outer loop
      vertex 6 0 3
      vertex 6 0 0.6000000014901161
      vertex 6 -1.6250000000000002 1.7999999999999998
    endloop
  endfacet
  facet normal 0 0 -1
    outer loop
      vertex 33.29999999701977 -5.5 0
      vertex 20.763498340914328 -4.269469396133324 0
      vertex 20.849266149392204 -4.126374452604196 0
    endloop
  endfacet
  facet normal 0 0 -1
    outer loop
      vertex 33.29999999701977 -5.5 0
      vertex 20.849266149392204 -4.126374452604196 0
      vertex 20.920595205269187 -3.9755618350206525 0
    endloop
  endfacet
  facet normal 0 0 -1
    outer loop
      vertex 33.29999999701977 -5.5 0
      vertex 20.920595205269187 -3.9755618350206525 0
      vertex 20.976798570744755 -3.818483951332586 0
    endloop
  endfacet
  facet normal 0 0 -1
    outer loop
      vertex 33.29999999701977 -5.5 0
      vertex 20.976798570744755 -3.818483951332586 0
      vertex 21.017334976685493 -3.6566535474274184 0
    endloop
  endfacet
  facet normal 0 0 -1
    outer loop
      vertex 33.29999999701977 -5.5 0
      vertex 21.017334976685493 -3.6566535474274184 0
      vertex 21.041814035342735 -3.491629138560253 0
    endloop
  endfacet
  facet normal 0 0 -1
    outer loop
      vertex 33.29999999701977 -5.5 0
      vertex 21.041814035342735 -3.491629138560253 0
      vertex 21.05 -3.325 0
    endloop
  endfacet
  facet normal 0 0 -1
    outer loop
      vertex 33.29999999701977 -5.5 0
      vertex 21.05 -3.325 0
      vertex 21.041814035342735 -3.158370861439747 0
    endloop
  endfacet
  facet normal 0 0 -1
    outer loop
      vertex 33.29999999701977 -5.5 0
      vertex 21.041814035342735 -3.158370861439747 0
      vertex 21.017334976685493 -2.993346452572582 0
    endloop
  endfacet
  facet normal 0 0 -1
    outer loop
      vertex 33.29999999701977 -5.5 0
      vertex 21.017334976685493 -2.993346452572582 0
      vertex 20.976798570744755 -2.8315160486674142 0
    endloop
  endfacet
  facet normal 0 0 -1
    outer loop
      vertex 33.29999999701977 -5.5 0
      vertex 20.920595205269187 -2.674438164979348 0
      vertex 20.849266149392204 -2.5236255473958042 0
    endloop
  endfacet
  facet normal 0 0 -1
    outer loop
      vertex 33.29999999701977 -5.5 0
      vertex 20.976798570744755 -2.8315160486674142 0
      vertex 20.920595205269187 -2.674438164979348 0
    endloop
  endfacet
  facet normal 0 0 -1
    outer loop
      vertex 19.35 -1.6250000000000002 0
      vertex 19.516629138560255 1.6331859646572655 0
      vertex 19.516629138560255 -1.6331859646572655 0
    endloop
  endfacet
  facet normal 0 0 -1
    outer loop
      vertex 19.516629138560255 -1.6331859646572655 0
      vertex 19.68165354742742 1.6576650233145085 0
      vertex 19.68165354742742 -1.6576650233145085 0
    endloop
  endfacet
  facet normal 0 0 -1
    outer loop
      vertex 19.843483951332587 -1.6982014292552452 0
      vertex 20.000561835020655 1.7544047947308128 0
      vertex 20.000561835020655 -1.7544047947308128 0
    endloop
  endfacet
  facet normal 0 0 -1
    outer loop
      vertex 19.68165354742742 -1.6576650233145085 0
      vertex 19.843483951332587 1.6982014292552452 0
      vertex 19.843483951332587 -1.6982014292552452 0
    endloop
  endfacet
  facet normal 0 0 -1
    outer loop
      vertex 20.000561835020655 -1.7544047947308128 0
      vertex 20.1513744526042 1.8257338506077967 0
      vertex 20.1513744526042 -1.8257338506077967 0
    endloop
  endfacet
  facet normal 0 0 -1
    outer loop
      vertex 20.1513744526042 -1.8257338506077967 0
      vertex 20.294469396133326 1.9115016590856733 0
      vertex 20.294469396133326 -1.9115016590856733 0
    endloop
  endfacet
  facet normal 0 0 -1
    outer loop
      vertex 20.294469396133326 -1.9115016590856733 0
      vertex 20.4284685830782 2.0108822292833475 0
      vertex 20.4284685830782 -2.0108822292833475 0
    endloop
  endfacet
  facet normal 0 0 -1
    outer loop
      vertex 33.29999999701977 -5.5 0
      vertex 20.849266149392204 -2.5236255473958042 0
      vertex 20.763498340914328 -2.3805306038666765 0
    endloop
  endfacet
  facet normal 0 0 -1
    outer loop
      vertex 33.29999999701977 -5.5 0
      vertex 20.763498340914328 -2.3805306038666765 0
      vertex 20.664117770716654 -2.246531416921803 0
    endloop
  endfacet
  facet normal 0 0 -1
    outer loop
      vertex 33.29999999701977 -5.5 0
      vertex 20.664117770716654 -2.246531416921803 0
      vertex 20.552081528017133 -2.122918471982869 0
    endloop
  endfacet
  facet normal 0 0 -1
    outer loop
      vertex 33.29999999701977 -5.5 0
      vertex 20.552081528017133 -2.122918471982869 0
      vertex 20.4284685830782 -2.0108822292833475 0
    endloop
  endfacet
  facet normal 0 0 -1
    outer loop
      vertex 33.29999999701977 -5.5 0
      vertex 20.4284685830782 -2.0108822292833475 0
      vertex 20.4284685830782 2.0108822292833475 0
    endloop
  endfacet
  facet normal 0 0 -1
    outer loop
      vertex 33.29999999701977 -5.5 0
      vertex 20.4284685830782 2.0108822292833475 0
      vertex 20.552081528017133 2.122918471982869 0
    endloop
  endfacet
  facet normal 0 0 -1
    outer loop
      vertex 33.29999999701977 -5.5 0
      vertex 20.552081528017133 2.122918471982869 0
      vertex 20.664117770716654 2.246531416921803 0
    endloop
  endfacet
  facet normal 0 0 -1
    outer loop
      vertex 33.29999999701977 -5.5 0
      vertex 20.664117770716654 2.246531416921803 0
      vertex 20.763498340914328 2.3805306038666765 0
    endloop
  endfacet
  facet normal 0 0 -1
    outer loop
      vertex 33.29999999701977 -5.5 0
      vertex 20.763498340914328 2.3805306038666765 0
      vertex 20.774352112992776 2.3986390285799444 0
    endloop
  endfacet
  facet normal 0 0 -1
    outer loop
      vertex 20.774352112992776 2.3986390285799444 0
      vertex 33.29999999701977 0.1932136198675436 0
      vertex 33.29999999701977 -5.5 0
    endloop
  endfacet
  facet normal 0 0 -1
    outer loop
      vertex 37 -4.093750000046565 0
      vertex 34.70000000298023 -5.5 0
      vertex 34.70000000298023 3.564999999850988 0
    endloop
  endfacet
  facet normal 0 0 1
    outer loop
      vertex 20 -23.499999997019767 8.5
      vertex 37.08030898817535 -3.445984550591232 8.5
      vertex 20 -4.3 8.5
    endloop
  endfacet
  facet normal 0 0 1
    outer loop
      vertex 20 -23.499999997019767 8.5
      vertex 38 -9.185910298301533 8.5
      vertex 37.66960030534158 -7.973021890369696 8.5
    endloop
  endfacet
  facet normal 0 0 1
    outer loop
      vertex 20 -23.499999997019767 8.5
      vertex 37.66960030534158 -7.973021890369696 8.5
      vertex 37.30246987422172 -5.866527730444438 8.5
    endloop
  endfacet
  facet normal 0 0 1
    outer loop
      vertex 20 -23.499999997019767 8.5
      vertex 37.30246987422172 -5.866527730444438 8.5
      vertex 37.08030898817535 -3.445984550591232 8.5
    endloop
  endfacet
  facet normal 0 0 -1
    outer loop
      vertex 6.600000001490116 -1.6250000000000002 0
      vertex 6.600000001490116 1.6250000000000002 0
      vertex 19.35 1.6250000000000002 0
    endloop
  endfacet
  facet normal 0 0 -1
    outer loop
      vertex 19.35 -1.6250000000000002 0
      vertex 19.35 1.6250000000000002 0
      vertex 19.516629138560255 1.6331859646572655 0
    endloop
  endfacet
  facet normal 0 0 -1
    outer loop
      vertex 19.516629138560255 -1.6331859646572655 0
      vertex 19.516629138560255 1.6331859646572655 0
      vertex 19.68165354742742 1.6576650233145085 0
    endloop
  endfacet
  facet normal 0 0 -1
    outer loop
      vertex 19.68165354742742 -1.6576650233145085 0
      vertex 19.68165354742742 1.6576650233145085 0
      vertex 19.843483951332587 1.6982014292552452 0
    endloop
  endfacet
  facet normal 0 0 -1
    outer loop
      vertex 19.843483951332587 -1.6982014292552452 0
      vertex 19.843483951332587 1.6982014292552452 0
      vertex 20.000561835020655 1.7544047947308128 0
    endloop
  endfacet
  facet normal 0 0 -1
    outer loop
      vertex 20.000561835020655 -1.7544047947308128 0
      vertex 20.000561835020655 1.7544047947308128 0
      vertex 20.1513744526042 1.8257338506077967 0
    endloop
  endfacet
  facet normal 0 0 -1
    outer loop
      vertex 20.1513744526042 -1.8257338506077967 0
      vertex 20.1513744526042 1.8257338506077967 0
      vertex 20.294469396133326 1.9115016590856733 0
    endloop
  endfacet
  facet normal 0 0 -1
    outer loop
      vertex 20.294469396133326 -1.9115016590856733 0
      vertex 20.294469396133326 1.9115016590856733 0
      vertex 20.4284685830782 2.0108822292833475 0
    endloop
  endfacet
  facet normal 0 0 -1
    outer loop
      vertex 30.39160839081557 3.7804195804592213 0
      vertex 33.29999999701977 3.6350000001490113 0
      vertex 33.29999999701977 1.0356250023748708 0
    endloop
  endfacet
  facet normal 0 0 -1
    outer loop
      vertex 37 -4.093750000046565 0
      vertex 34.70000000298023 3.564999999850988 0
      vertex 37 3.4499999999999997 0
    endloop
  endfacet
  facet normal -0.3656523724229935 0 0.9307514934403471
    outer loop
      vertex 6 -24.799999997019768 3
      vertex 14.90909090909091 -25.245454542474313 6.5
      vertex 6 0 3
    endloop
  endfacet
  facet normal -0.3656523724229936 0 0.9307514934403471
    outer loop
      vertex 14.90909090909091 -25.245454542474313 6.5
      vertex 20 -23.499999997019767 8.5
      vertex 20 -4.3 8.5
    endloop
  endfacet
  facet normal -0.3656523724229935 -1.2864278032778322e-17 0.930751493440347
    outer loop
      vertex 14.90909090909091 -25.245454542474313 6.5
      vertex 20 -4.3 8.5
      vertex 14.909090909090908 25.245454542474313 6.5
    endloop
  endfacet
  facet normal -0.3656523724229935 -1.2864278032778322e-17 0.930751493440347
    outer loop
      vertex 14.90909090909091 -25.245454542474313 6.5
      vertex 14.909090909090908 25.245454542474313 6.5
      vertex 6 0 3
    endloop
  endfacet
  facet normal -0.36565237242299353 0 0.9307514934403471
    outer loop
      vertex 6 0 3
      vertex 14.909090909090908 25.245454542474313 6.5
      vertex 6 24.799999997019768 3
    endloop
  endfacet
  facet normal -0.3656523724229935 0 0.9307514934403471
    outer loop
      vertex 20 -4.3 8.5
      vertex 20 23.499999997019767 8.5
      vertex 14.909090909090908 25.245454542474313 6.5
    endloop
  endfacet
  facet normal -0.7241379298125241 -0.6896551736968496 1.9141776441100413e-15
    outer loop
      vertex 7.199999999999999 -26.859999997019766 0
      vertex 6 -25.600000001490116 1.1999999955296516
      vertex 6.600000001490116 -26.230000000819565 0
    endloop
  endfacet
  facet normal -0.724137929812526 -0.6896551736968477 0
    outer loop
      vertex 6 -25.600000001490116 1.1999999955296516
      vertex 6 -25.600000001490116 0.6000000014901161
      vertex 6.600000001490116 -26.230000000819565 0
    endloop
  endfacet
  facet normal 0.9566150523417813 -0.29135483801222617 9.704065497204351e-16
    outer loop
      vertex 36.80000000151992 -28.339999997095763 0
      vertex 38 -24.399999998509884 0
      vertex 37.400000000983475 -26.36999999706894 2
    endloop
  endfacet
  facet normal 0.9566150523417812 -0.2913548380122271 0
    outer loop
      vertex 37.400000000983475 -26.36999999706894 2
      vertex 38 -24.399999998509884 0
      vertex 37.400000000983475 -26.36999999706894 6.5
    endloop
  endfacet
  facet normal 0.9566150523417813 -0.29135483801222717 0
    outer loop
      vertex 38 -24.399999998509884 0
      vertex 38 -24.399999998509884 8.499999998509882
      vertex 37.400000000983475 -26.36999999706894 6.5
    endloop
  endfacet
  facet normal -0.7241379298125241 0.6896551736968496 3.828355264450524e-15
    outer loop
      vertex 7.199999999999999 26.859999997019766 0
      vertex 6.600000001490116 26.230000000819565 0
      vertex 6 25.600000001490116 0.6000000014901161
    endloop
  endfacet
  facet normal -0.7241379298125251 0.6896551736968487 0
    outer loop
      vertex 6 25.600000001490116 1.1999999955296516
      vertex 7.199999999999999 26.859999997019766 0
      vertex 6 25.600000001490116 0.6000000014901161
    endloop
  endfacet
  facet normal 0.9566150523417813 0.29135483801222617 9.704065497204351e-16
    outer loop
      vertex 38 24.399999998509884 0
      vertex 36.80000000151992 28.339999997095763 0
      vertex 37.400000000983475 26.36999999706894 2
    endloop
  endfacet
  facet normal 0.9566150523417813 0.29135483801222717 0
    outer loop
      vertex 38 24.399999998509884 0
      vertex 37.400000000983475 26.36999999706894 2
      vertex 38 24.399999998509884 8.499999998509882
    endloop
  endfacet
  facet normal 0.9566150523417812 0.2913548380122271 0
    outer loop
      vertex 37.400000000983475 26.36999999706894 2
      vertex 37.400000000983475 26.36999999706894 6.5
      vertex 38 24.399999998509884 8.499999998509882
    endloop
  endfacet
  facet normal 0.28469506026400315 -0.6778453815809599 -0.6778453815809609
    outer loop
      vertex 38 -23.55089664566219 0.5666966471523046
      vertex 38 -22.984199998509883 0
      vertex 62.008655913978494 -12.900564514638916 0
    endloop
  endfacet
  facet normal 0 0 -1
    outer loop
      vertex 38 -22.984199998509883 0
      vertex 38 -22.979419430737043 0
      vertex 62 -12.885485804188807 0
    endloop
  endfacet
  facet normal 0.38641239197414856 -0.9221923496896676 0.015707752947722444
    outer loop
      vertex 38 -23.55089664566219 0.5666966471523046
      vertex 62.00865207325344 -13.49051611249255 0.5899518483357021
      vertex 38 -23.549666501674054 0.6389176311880351
    endloop
  endfacet
  facet normal 0.38333242931916056 -0.9219212995171566 0.0558333782684507
    outer loop
      vertex 38 -23.549666501674054 0.6389176311880351
      vertex 62.00864733801497 -13.459455566569607 2.4136135571451356
      vertex 38 -23.512376633885502 1.2546483004868032
    endloop
  endfacet
  facet normal 0.3828113358740546 -0.9216112676837532 0.06393866126739803
    outer loop
      vertex 38 -23.512376633885502 1.2546483004868032
      vertex 62.00860817173603 -13.459446770677332 2.4139792435937615
      vertex 38 -23.50749735392034 1.324978196436167
    endloop
  endfacet
  facet normal 0.37516292302102683 -0.9192181203954193 0.11954425258886962
    outer loop
      vertex 38 -23.50749735392034 1.324978196436167
      vertex 62.00859071743025 -13.336269979185012 4.189552870132363
      vertex 38 -23.49938151754141 1.387383738318086
    endloop
  endfacet
  facet normal 0.361766056231645 -0.9144070076248977 0.18161812950551684
    outer loop
      vertex 38 -23.49938151754141 1.387383738318086
      vertex 62.00848236017086 -13.131382962908914 5.765341798009392
      vertex 38 -23.488053017625212 1.4444202232629066
    endloop
  endfacet
  facet normal 0.3494137717446584 -0.9097004648258974 0.2243993770283639
    outer loop
      vertex 38 -23.488053017625212 1.4444202232629066
      vertex 62.00831183680772 -12.845402690289726 7.2055287198888145
      vertex 38 -23.277679932963846 2.297259012022615
    endloop
  endfacet
  facet normal 0.34252177100058684 -0.9057286461290782 0.24966869241418435
    outer loop
      vertex 38 -23.277679932963846 2.297259012022615
      vertex 62.00830576104617 -12.845390538872715 7.205587441551225
      vertex 38 -23.263171066391468 2.3498931486874826
    endloop
  endfacet
  facet normal 0.31716564639308226 -0.8915408489472743 0.32335872866899984
    outer loop
      vertex 38 -23.263171066391468 2.3498931486874826
      vertex 62.008071293799084 -12.479135168034183 8.53458183045639
      vertex 38 -23.24552125798762 2.398555899289251
    endloop
  endfacet
  facet normal 0.28313296537049887 -0.8705829946685467 0.4023940522851366
    outer loop
      vertex 38 -23.24552125798762 2.398555899289251
      vertex 62.00774777488898 -12.03361840792682 9.763245121056102
      vertex 38 -23.224775211781264 2.44344014877379
    endloop
  endfacet
  facet normal 0.28306146980289904 -0.8705399497962351 0.4025374518250332
    outer loop
      vertex 38 -23.224775211781264 2.44344014877379
      vertex 62.00730458637645 -11.509991810516377 10.896427607104247
      vertex 38 -22.874856056338547 3.200186142545939
    endloop
  endfacet
  facet normal 0.24206246185187477 -0.8400839416757778 0.4854531238963223
    outer loop
      vertex 38 -22.874856056338547 3.200186142545939
      vertex 62.00730455058414 -11.509952544792226 10.896512549543267
      vertex 38 -22.851061122009156 3.2413636347472674
    endloop
  endfacet
  facet normal 0.1936622300404474 -0.8013816580472907 0.5659349598683014
    outer loop
      vertex 38 -22.851061122009156 3.2413636347472674
      vertex 62.00671584773238 -10.909427988442392 11.9360228841
      vertex 38 -22.36262604275644 3.933003030467034
    endloop
  endfacet
  facet normal 0.1906158032590412 -0.7985248407072507 0.5709848459647332
    outer loop
      vertex 38 -22.36262604275644 3.933003030467034
      vertex 62.006687303713115 -10.90937479692899 11.936107972679155
      vertex 38 -22.335828424331545 3.9704796187430627
    endloop
  endfacet
  facet normal 0.13141956459198356 -0.7434908006374296 0.6557059763415057
    outer loop
      vertex 38 -22.335828424331545 3.9704796187430627
      vertex 62.0058804068636 -10.233163730419376 12.882061521669796
      vertex 38 -22.306067604464292 4.004224767619372
    endloop
  endfacet
  facet normal 0.09735408012310266 -0.7107822041460129 0.6966425491977362
    outer loop
      vertex 38 -22.306067604464292 4.004224767619372
      vertex 62.00468282410833 -9.48239148345806 13.733585931908017
      vertex 38 -21.68050911910832 4.642480124768616
    endloop
  endfacet
  facet normal 0.06395192856531061 -0.6742093393885558 0.7357662111798996
    outer loop
      vertex 38 -21.68050911910832 4.642480124768616
      vertex 62.00464580427345 -9.482271761382215 13.73371325739657
      vertex 38 -21.64780934590697 4.672444116255642
    endloop
  endfacet
  facet normal 0.008429916501326943 -0.6127679699620532 0.7902179139303063
    outer loop
      vertex 38 -21.64780934590697 4.672444116255642
      vertex 62.00279885004253 -8.6576963184528 14.489462260937811
      vertex 38 -20.88682725240588 5.262541410169006
    endloop
  endfacet
  facet normal 1.535459918201075e-13 -0.6022984745801088 0.7982709737416699
    outer loop
      vertex 38 -20.88682725240588 5.262541410169006
      vertex 62.0026937907214 -8.65752160989224 14.489598858007291
      vertex 38 -20.881732280254365 5.266385585963726
    endloop
  endfacet
  facet normal -0.008858756690771578 -0.5911370273339231 0.8065224964901516
    outer loop
      vertex 38 -20.881732280254365 5.266385585963726
      vertex 62 -8.65379911661148 14.492407493293285
      vertex 38 -20.845728871524333 5.292774122059345
    endloop
  endfacet
  facet normal -0.06722972091082134 -0.5186406871892273 0.8523450018731495
    outer loop
      vertex 38 -20.845728871524333 5.292774122059345
      vertex 62 -7.753713898360729 15.152120895683765
      vertex 38 -19.951623179614543 5.836825638115406
    endloop
  endfacet
  facet normal -0.08278075216697425 -0.4968512166003143 0.863878588479572
    outer loop
      vertex 38 -19.951623179614543 5.836825638115406
      vertex 62 -7.753713898360729 15.152120895683765
      vertex 38 -19.912588887512683 5.859275824725628
    endloop
  endfacet
  facet normal -0.12860144207514554 -0.4339924154917335 0.8916906708000503
    outer loop
      vertex 38 -19.912588887512683 5.859275824725628
      vertex 62 -6.777856595814228 15.713375560939312
      vertex 38 -18.887083306610585 6.358396942317486
    endloop
  endfacet
  facet normal -0.15324397680357346 -0.3957923364704707 0.9054638093069606
    outer loop
      vertex 38 -18.887083306610585 6.358396942317486
      vertex 62 -6.777856595814228 15.713375560939312
      vertex 38 -18.844863411188125 6.376851916313171
    endloop
  endfacet
  facet normal 0 0 -1
    outer loop
      vertex 38 -22.979419430737043 0
      vertex 37 -4.093750000046565 0
      vertex 62 -12.885485804188807 0
    endloop
  endfacet
  facet normal 0 0 -1
    outer loop
      vertex 37 -4.093750000046565 0
      vertex 37 3.4499999999999997 0
      vertex 62 -12.885485804188807 0
    endloop
  endfacet
  facet normal -0.1769413519242476 -0.36025755031693985 0.915918258044274
    outer loop
      vertex 38 -18.844863411188125 6.376851916313171
      vertex 62 -5.722359210252762 16.17474991083145
      vertex 38 -17.689949213266374 6.831113588809967
    endloop
  endfacet
  facet normal -0.21431238400830258 -0.2967683762466534 0.9305905291376023
    outer loop
      vertex 38 -17.689949213266374 6.831113588809967
      vertex 62 -5.722359210252762 16.17474991083145
      vertex 38 -16.407328020334244 7.240145699977875
    endloop
  endfacet
  facet normal -0.2161058931338017 -0.29330976668441755 0.9312720460318642
    outer loop
      vertex 38 -16.407328020334244 7.240145699977875
      vertex 62 -5.722359210252762 16.17474991083145
      vertex 38 -16.361576829254627 7.254555314481259
    endloop
  endfacet
  facet normal -0.24429065875288655 -0.24200355928473427 0.9390188237408241
    outer loop
      vertex 38 -16.361576829254627 7.254555314481259
      vertex 62 -4.578579433262348 16.534990273416042
      vertex 38 -14.95229367285967 7.617755211293697
    endloop
  endfacet
  facet normal -0.26662310142511103 -0.19458739915829082 0.9439533176356059
    outer loop
      vertex 38 -14.902235751450062 7.628078385293484
      vertex 56.916867232586455 -5.677509240606882 14.872810961285877
      vertex 38 -13.36609030276537 7.944740811288357
    endloop
  endfacet
  facet normal -0.2665836187650018 -0.1946653644659938 0.9439483937607385
    outer loop
      vertex 38 -14.95229367285967 7.617755211293697
      vertex 62 -4.578579433262348 16.534990273416042
      vertex 38 -14.902235751450062 7.628078385293484
    endloop
  endfacet
  facet normal -0.29802448256346803 -0.1164753034148257 0.9474254120970165
    outer loop
      vertex 38 -11.700627181828022 8.21414305061102
      vertex 54.19616729329473 -5.464138613664623 14.075555679415192
      vertex 38 -9.899244971573353 8.435602742135524
    endloop
  endfacet
  facet normal -0.3014822546038647 -0.10426572597841079 0.9477537172415444
    outer loop
      vertex 38 -9.899244971573353 8.435602742135524
      vertex 53.206161418291835 -5.206643421160378 13.788961155126136
      vertex 38 -9.842830616533757 8.441809084117413
    endloop
  endfacet
  facet normal -0.3081493889458921 -0.08394215275789994 0.9476273893691775
    outer loop
      vertex 38 -9.842830616533757 8.441809084117413
      vertex 52 -4.687503181687045 13.450993898261812
      vertex 38 -9.185910298301533 8.5
    endloop
  endfacet
  facet normal -0.30814938894589217 -0.08394215275790039 0.9476273893691775
    outer loop
      vertex 38 -9.185910298301533 8.5
      vertex 51.63737693971655 -4.496205254365827 13.350021600837758
      vertex 37.66960030534158 -7.973021890369696 8.5
    endloop
  endfacet
  facet normal -0.2848458318258358 -0.15306742664982223 0.9462733299582362
    outer loop
      vertex 38 -13.36609030276537 7.944740811288357
      vertex 55.52334037810738 -5.670730750455719 14.464378589158205
      vertex 38 -11.700627181828022 8.21414305061102
    endloop
  endfacet
  facet normal -0.31528834240841813 -0.05495004319384203 0.9474036910917896
    outer loop
      vertex 37.66960030534158 -7.973021890369696 8.5
      vertex 50.61867232948049 -3.736932595381437 13.055043203364981
      vertex 37.30246987422172 -5.866527730444438 8.5
    endloop
  endfacet
  facet normal -0.31931766208918205 -0.02930742790727315 0.9471944390395032
    outer loop
      vertex 37.30246987422172 -5.866527730444438 8.5
      vertex 49.6916787898591 -2.665419744101951 12.775689658520053
      vertex 37.08030898817535 -3.445984550591232 8.5
    endloop
  endfacet
  facet normal -0.30148225460386974 -0.10426572597839205 0.947753717241545
    outer loop
      vertex 38 -9.842830616533757 8.441809084117413
      vertex 53.014590354488625 -5.137719238558837 13.735604628661626
      vertex 52.679992793792884 -4.994727461931018 13.644899539332435
    endloop
  endfacet
  facet normal -0.30148225460386724 -0.10426572597839764 0.9477537172415452
    outer loop
      vertex 38 -9.842830616533757 8.441809084117413
      vertex 53.206161418291835 -5.206643421160378 13.788961155126136
      vertex 53.014590354488625 -5.137719238558837 13.735604628661626
    endloop
  endfacet
  facet normal -0.30148225460386874 -0.10426572597839807 0.9477537172415446
    outer loop
      vertex 38 -9.899244971573353 8.435602742135524
      vertex 54.19612781263271 -5.464128661724471 14.075544483759591
      vertex 53.206161418291835 -5.206643421160378 13.788961155126136
    endloop
  endfacet
  facet normal -0.30814938894589194 -0.08394215275790075 0.9476273893691775
    outer loop
      vertex 38 -9.842830616533757 8.441809084117413
      vertex 52.679992793792884 -4.994727461931018 13.644899539332435
      vertex 52 -4.687503181687045 13.450993898261812
    endloop
  endfacet
  facet normal -0.3081493889458903 -0.08394215275790713 0.9476273893691775
    outer loop
      vertex 38 -9.185910298301533 8.5
      vertex 52 -4.687503181687045 13.450993898261812
      vertex 51.63737693971655 -4.496205254365827 13.350021600837758
    endloop
  endfacet
  facet normal -0.31528834240842124 -0.0549500431938273 0.9474036910917893
    outer loop
      vertex 37.66960030534158 -7.973021890369696 8.5
      vertex 51.63737693971655 -4.496205254365827 13.350021600837758
      vertex 51.507921480012456 -4.423060177372163 13.31118232618473
    endloop
  endfacet
  facet normal -0.31528834240842013 -0.054950043193833224 0.9474036910917893
    outer loop
      vertex 37.66960030534158 -7.973021890369696 8.5
      vertex 51.507921480012456 -4.423060177372163 13.31118232618473
      vertex 51.173802130167445 -4.18373057847028 13.213871364607465
    endloop
  endfacet
  facet normal -0.31931766208918133 -0.029307427907276872 0.9471944390395032
    outer loop
      vertex 37.30246987422172 -5.866527730444438 8.5
      vertex 50.529079388614896 -3.6597003037263254 13.027229348562566
      vertex 50.17577118964661 -3.3157824525808137 12.91876355080387
    endloop
  endfacet
  facet normal -0.31931766208918333 -0.029307427907266054 0.9471944390395028
    outer loop
      vertex 37.30246987422172 -5.866527730444438 8.5
      vertex 50.17577118964661 -3.3157824525808137 12.91876355080387
      vertex 50.042494918974846 -3.150556876683449 12.878945822833392
    endloop
  endfacet
  facet normal -0.31931766208918216 -0.029307427907272473 0.947194439039503
    outer loop
      vertex 37.30246987422172 -5.866527730444438 8.5
      vertex 50.042494918974846 -3.150556876683449 12.878945822833392
      vertex 49.6916787898591 -2.665419744101951 12.775689658520053
    endloop
  endfacet
  facet normal -0.31528834240841747 -0.05495004319384417 0.9474036910917897
    outer loop
      vertex 37.66960030534158 -7.973021890369696 8.5
      vertex 51.173802130167445 -4.18373057847028 13.213871364607465
      vertex 50.61867232948049 -3.736932595381437 13.055043203364981
    endloop
  endfacet
  facet normal -0.31931766208918244 -0.029307427907271894 0.947194439039503
    outer loop
      vertex 37.30246987422172 -5.866527730444438 8.5
      vertex 50.61867232948049 -3.736932595381437 13.055043203364981
      vertex 50.529079388614896 -3.6597003037263254 13.027229348562566
    endloop
  endfacet
  facet normal -0.31931766208918205 -0.02930742790727172 0.9471944390395031
    outer loop
      vertex 37.08030898817535 -3.445984550591232 8.5
      vertex 49.68263018717861 -2.6512932877291253 12.773076289554451
      vertex 37.07636762076482 -3.403041572758249 8.5
    endloop
  endfacet
  facet normal -0.31954971558441003 -0.025584423582194923 0.9472240582564874
    outer loop
      vertex 37.07590389285522 -3.397249606363371 8.5
      vertex 37.07636762076482 -3.403041572758249 8.5
      vertex 49.42249572365568 -2.2393793143590845 12.696444671485137
    endloop
  endfacet
  facet normal -0.3218944079302195 -0.007192005734422751 0.9467482586182926
    outer loop
      vertex 37.07590389285522 -3.397249606363371 8.5
      vertex 48.92399039395262 -0.8494165978764965 12.547704111520527
      vertex 37 0 8.5
    endloop
  endfacet
  facet normal -0.3195497155844196 -0.025584423582092064 0.947224058256487
    outer loop
      vertex 37.07636762076482 -3.403041572758249 8.5
      vertex 49.68263018717861 -2.6512932877291253 12.773076289554451
      vertex 49.42249572365568 -2.2393793143590845 12.696444671485137
    endloop
  endfacet
  facet normal -0.3193176620891863 -0.02930742790720565 0.9471944390395037
    outer loop
      vertex 37.08030898817535 -3.445984550591232 8.5
      vertex 49.6916787898591 -2.665419744101951 12.775689658520053
      vertex 49.68263018717861 -2.6512932877291253 12.773076289554451
    endloop
  endfacet
  facet normal -0.3195497155844209 -0.025584423582077596 0.9472240582564868
    outer loop
      vertex 37.07590389285522 -3.397249606363371 8.5
      vertex 49.42249572365568 -2.2393793143590845 12.696444671485137
      vertex 49.21265077986377 -1.8582328134241546 12.635947392009081
    endloop
  endfacet
  facet normal -0.3195497155844173 -0.02558442358210444 0.9472240582564873
    outer loop
      vertex 37.07590389285522 -3.397249606363371 8.5
      vertex 49.21265077986377 -1.8582328134241546 12.635947392009081
      vertex 49.161657145661756 -1.7499152234353585 12.621670138296695
    endloop
  endfacet
  facet normal -0.321894407930226 -0.007192005734390914 0.9467482586182906
    outer loop
      vertex 37.07590389285522 -3.397249606363371 8.5
      vertex 49.161657145661756 -1.7499152234353585 12.621670138296695
      vertex 49.15157046655494 -1.7264103435653164 12.618419223029367
    endloop
  endfacet
  facet normal -0.3218944079302189 -0.007192005734428419 0.9467482586182929
    outer loop
      vertex 37.07590389285522 -3.397249606363371 8.5
      vertex 49.077842776783 -1.4948334003280417 12.595110990727271
      vertex 48.98897941941147 -1.1589423618255257 12.567449057056574
    endloop
  endfacet
  facet normal -0.32189440793021973 -0.007192005734422384 0.9467482586182925
    outer loop
      vertex 37.07590389285522 -3.397249606363371 8.5
      vertex 49.15157046655494 -1.7264103435653164 12.618419223029367
      vertex 49.077842776783 -1.4948334003280417 12.595110990727271
    endloop
  endfacet
  facet normal -0.3218944079302195 -0.007192005734422817 0.9467482586182926
    outer loop
      vertex 37.07590389285522 -3.397249606363371 8.5
      vertex 48.98897941941147 -1.1589423618255257 12.567449057056574
      vertex 48.92399039395262 -0.8494165978764965 12.547704111520527
    endloop
  endfacet
  facet normal -0.32189440793021945 -0.007192005734419277 0.9467482586182927
    outer loop
      vertex 37 0 8.5
      vertex 48.92399039395262 -0.8494165978764965 12.547704111520527
      vertex 48.87879716798517 -0.5575491855014054 12.534555595536009
    endloop
  endfacet
  facet normal -0.3218944079302196 -0.007192005734423702 0.9467482586182925
    outer loop
      vertex 37 0 8.5
      vertex 48.87879716798517 -0.5575491855014054 12.534555595536009
      vertex 48.85084981494316 -0.2763956580936951 12.527189287950208
    endloop
  endfacet
  facet normal -0.3218944079302195 -0.007192005734423458 0.9467482586182926
    outer loop
      vertex 37 0 8.5
      vertex 48.85084981494316 -0.2763956580936951 12.527189287950208
      vertex 48.83873891175798 0 12.525171229997714
    endloop
  endfacet
  facet normal 0.38641239197304944 -0.9221923496881598 0.01570775306329342
    outer loop
      vertex 38 -23.55089664566219 0.5666966471523046
      vertex 62.008655913978494 -13.490514534318882 0.5899500196799636
      vertex 62.00865207325344 -13.49051611249255 0.5899518483357021
    endloop
  endfacet
  facet normal 0.3864123919741391 -0.9221923496896375 0.015707752949731466
    outer loop
      vertex 38 -23.549666501674054 0.6389176311880351
      vertex 62.00865207325344 -13.49051611249255 0.5899518483357021
      vertex 62.00864733801497 -13.490501880084544 0.5909039114762383
    endloop
  endfacet
  facet normal 0.2846950602640026 -0.6778453815809585 -0.6778453815809624
    outer loop
      vertex 38 -23.55089664566219 0.5666966471523046
      vertex 62.008655913978494 -12.900564514638916 0
      vertex 62.008655913978494 -13.490514534318882 0.5899500196799636
    endloop
  endfacet
  facet normal 0 0 -1
    outer loop
      vertex 38 -22.984199998509883 0
      vertex 62.00865544863179 -12.900564484290218 0
      vertex 62.008655913978494 -12.900564514638916 0
    endloop
  endfacet
  facet normal 0 0 -1
    outer loop
      vertex 38 -22.984199998509883 0
      vertex 62.005502260816016 -12.893471892457697 0
      vertex 62.00865544863179 -12.900564484290218 0
    endloop
  endfacet
  facet normal 0 0 -1
    outer loop
      vertex 38 -22.984199998509883 0
      vertex 62 -12.885485804188807 0
      vertex 62.005502260816016 -12.893471892457697 0
    endloop
  endfacet
  facet normal 0.38641239197414884 -0.922192349689668 0.015707752947691413
    outer loop
      vertex 38 -23.549666501674054 0.6389176311880351
      vertex 62.00864733801497 -13.490501880084544 0.5909039114762383
      vertex 62.00864733801497 -13.459455566569607 2.4136135571451356
    endloop
  endfacet
  facet normal 0.38333242931681066 -0.9219212995156334 0.055833378309734255
    outer loop
      vertex 38 -23.512376633885502 1.2546483004868032
      vertex 62.00864733801497 -13.459455566569607 2.4136135571451356
      vertex 62.00864421466683 -13.459454773565078 2.4136480950587176
    endloop
  endfacet
  facet normal 0.382811335874347 -0.9216112676838757 0.06393866126388123
    outer loop
      vertex 38 -23.512376633885502 1.2546483004868032
      vertex 62.00864421466683 -13.459454773565078 2.4136480950587176
      vertex 62.00860817173603 -13.459446770677332 2.4139792435937615
    endloop
  endfacet
  facet normal 0.3828113358739874 -0.9216112676836798 0.06393866126885697
    outer loop
      vertex 38 -23.50749735392034 1.324978196436167
      vertex 62.00860817173603 -13.459446770677332 2.4139792435937615
      vertex 62.00859071743025 -13.4593945006556 2.4148371650142657
    endloop
  endfacet
  facet normal 0.3828113358740552 -0.9216112676837536 0.06393866126739044
    outer loop
      vertex 38 -23.50749735392034 1.324978196436167
      vertex 62.00859071743025 -13.4593945006556 2.4148371650142657
      vertex 62.00859071743025 -13.336269979185012 4.189552870132363
    endloop
  endfacet
  facet normal 0.3751629230214429 -0.9192181203957902 0.11954425258471199
    outer loop
      vertex 38 -23.49938151754141 1.387383738318086
      vertex 62.00859071743025 -13.336269979185012 4.189552870132363
      vertex 62.00851120601941 -13.33622125936088 4.190177022919762
    endloop
  endfacet
  facet normal 0.3751629230200644 -0.9192181203952263 0.11954425259337376
    outer loop
      vertex 38 -23.49938151754141 1.387383738318086
      vertex 62.00851120601941 -13.33622125936088 4.190177022919762
      vertex 62.00848236017085 -13.33613541934745 4.190927603451376
    endloop
  endfacet
  facet normal 0.37516292302102433 -0.9192181203954182 0.11954425258888726
    outer loop
      vertex 38 -23.49938151754141 1.387383738318086
      vertex 62.00848236017085 -13.33613541934745 4.190927603451376
      vertex 62.00848236017086 -13.131382962908914 5.765341798009392
    endloop
  endfacet
  facet normal 0.3617660562313413 -0.9144070076246088 0.1816181295075755
    outer loop
      vertex 38 -23.488053017625212 1.4444202232629066
      vertex 62.00835177639681 -13.131257356356672 5.766234309615813
      vertex 62.00831183680772 -13.131139953575108 5.766904962452833
    endloop
  endfacet
  facet normal 0.3617660562317606 -0.9144070076247445 0.18161812950605755
    outer loop
      vertex 38 -23.488053017625212 1.4444202232629066
      vertex 62.00848236017086 -13.131382962908914 5.765341798009392
      vertex 62.00835177639681 -13.131257356356672 5.766234309615813
    endloop
  endfacet
  facet normal 0.36176605623164615 -0.9144070076248985 0.18161812950551137
    outer loop
      vertex 38 -23.488053017625212 1.4444202232629066
      vertex 62.00831183680772 -13.131139953575108 5.766904962452833
      vertex 62.00831183680772 -12.845402690289726 7.2055287198888145
    endloop
  endfacet
  facet normal 0.3494137717448398 -0.9097004648242403 0.22439937703479984
    outer loop
      vertex 38 -23.277679932963846 2.297259012022615
      vertex 62.00831183680772 -12.845402690289726 7.2055287198888145
      vertex 62.00830576104617 -12.845390538872715 7.205587441551225
    endloop
  endfacet
  facet normal 0.34252177100042663 -0.9057286461293754 0.24966869241332643
    outer loop
      vertex 38 -23.263171066391468 2.3498931486874826
      vertex 62.0081218278313 -12.845158315379829 7.206682222789788
      vertex 62.008071293799084 -12.845012319517938 7.20728118311235
    endloop
  endfacet
  facet normal 0.3425217710003478 -0.9057286461290588 0.24966869241458273
    outer loop
      vertex 38 -23.263171066391468 2.3498931486874826
      vertex 62.00830576104617 -12.845390538872715 7.205587441551225
      vertex 62.0081218278313 -12.845158315379829 7.206682222789788
    endloop
  endfacet
  facet normal 0.34252177100057535 -0.9057286461290709 0.24966869241422668
    outer loop
      vertex 38 -23.263171066391468 2.3498931486874826
      vertex 62.008071293799084 -12.845012319517938 7.20728118311235
      vertex 62.008071293799084 -12.479135168034183 8.53458183045639
    endloop
  endfacet
  facet normal 0.31716564639388106 -0.8915408489467416 0.3233587286696847
    outer loop
      vertex 38 -23.24552125798762 2.398555899289251
      vertex 62.00780808081067 -12.478739507279602 8.535930888960053
      vertex 62.00774777488898 -12.478569050663966 8.536460010295826
    endloop
  endfacet
  facet normal 0.317165646393223 -0.8915408489473435 0.32335872866867094
    outer loop
      vertex 38 -23.24552125798762 2.398555899289251
      vertex 62.008071293799084 -12.479135168034183 8.53458183045639
      vertex 62.00780808081067 -12.478739507279602 8.535930888960053
    endloop
  endfacet
  facet normal 0.3171656463930798 -0.8915408489472725 0.3233587286690068
    outer loop
      vertex 38 -23.24552125798762 2.398555899289251
      vertex 62.00774777488898 -12.478569050663966 8.536460010295826
      vertex 62.00774777488898 -12.03361840792682 9.763245121056102
    endloop
  endfacet
  facet normal 0.28313296537040233 -0.8705829946681547 0.40239405228605246
    outer loop
      vertex 38 -23.224775211781264 2.44344014877379
      vertex 62.00737362231347 -12.032995208529972 9.764856679978772
      vertex 62.00730458637645 -12.032806326014192 9.765313904072292
    endloop
  endfacet
  facet normal 0.2831329653703649 -0.8705829946689833 0.4023940522842861
    outer loop
      vertex 38 -23.224775211781264 2.44344014877379
      vertex 62.00774777488898 -12.03361840792682 9.763245121056102
      vertex 62.00737362231347 -12.032995208529972 9.764856679978772
    endloop
  endfacet
  facet normal 0.2831329653704994 -0.8705829946685472 0.4023940522851348
    outer loop
      vertex 38 -23.224775211781264 2.44344014877379
      vertex 62.00730458637645 -12.032806326014192 9.765313904072292
      vertex 62.00730458637645 -11.509991810516377 10.896427607104247
    endloop
  endfacet
  facet normal 0.28306146979994085 -0.8705399497967515 0.40253745182599654
    outer loop
      vertex 38 -22.874856056338547 3.200186142545939
      vertex 62.00730458637645 -11.509991810516377 10.896427607104247
      vertex 62.00730455058414 -11.509952544792226 10.896512549543267
    endloop
  endfacet
  facet normal 0.24206246185198288 -0.8400839416760822 0.4854531238957416
    outer loop
      vertex 38 -22.851061122009156 3.2413636347472674
      vertex 62.00730455058414 -11.509952544792226 10.896512549543267
      vertex 62.006791529584206 -11.509054128253595 10.898323081580246
    endloop
  endfacet
  facet normal 0.24206246184974253 -0.8400839416743066 0.48545312389993156
    outer loop
      vertex 38 -22.851061122009156 3.2413636347472674
      vertex 62.006791529584206 -11.509054128253595 10.898323081580246
      vertex 62.00671584773238 -11.508854972067995 10.898705461751758
    endloop
  endfacet
  facet normal 0.2420624618518811 -0.8400839416757824 0.4854531238963112
    outer loop
      vertex 38 -22.851061122009156 3.2413636347472674
      vertex 62.00671584773238 -11.508854972067995 10.898705461751758
      vertex 62.00671584773238 -10.909427988442392 11.9360228841
    endloop
  endfacet
  facet normal 0.19366223004078406 -0.8013816580414992 0.5659349598763875
    outer loop
      vertex 38 -22.36262604275644 3.933003030467034
      vertex 62.00671584773238 -10.909427988442392 11.9360228841
      vertex 62.006687303713115 -10.90937479692899 11.936107972679155
    endloop
  endfacet
  facet normal 0.19061580325920235 -0.7985248407073198 0.5709848459645829
    outer loop
      vertex 38 -22.335828424331545 3.9704796187430627
      vertex 62.006687303713115 -10.90937479692899 11.936107972679155
      vertex 62.00595945344522 -10.908108387712481 11.938122034855196
    endloop
  endfacet
  facet normal 0.1906158032563745 -0.7985248407051988 0.5709848459684931
    outer loop
      vertex 38 -22.335828424331545 3.9704796187430627
      vertex 62.00595945344522 -10.908108387712481 11.938122034855196
      vertex 62.0058804068636 -10.907911984909754 11.938423093711007
    endloop
  endfacet
  facet normal 0.19061580325905367 -0.7985248407072622 0.5709848459647133
    outer loop
      vertex 38 -22.335828424331545 3.9704796187430627
      vertex 62.0058804068636 -10.907911984909754 11.938423093711007
      vertex 62.0058804068636 -10.233163730419376 12.882061521669796
    endloop
  endfacet
  facet normal 0.1314195645918209 -0.7434908006373161 0.655705976341667
    outer loop
      vertex 38 -22.306067604464292 4.004224767619372
      vertex 62.0058804068636 -10.233163730419376 12.882061521669796
      vertex 62.00475820390543 -10.23132199716341 12.884374740112072
    endloop
  endfacet
  facet normal 0.1314195645927019 -0.7434908006396262 0.6557059763388711
    outer loop
      vertex 38 -22.306067604464292 4.004224767619372
      vertex 62.00475820390543 -10.23132199716341 12.884374740112072
      vertex 62.00468282410833 -10.231148256489673 12.884586848858604
    endloop
  endfacet
  facet normal 0 0 -1
    outer loop
      vertex 62.00865544863179 -12.900564484290218 0
      vertex 62.005502260816016 -12.893471892457697 0
      vertex 62.0086559544282 -12.900564271940667 0
    endloop
  endfacet
  facet normal 0.13141956459197593 -0.7434908006374227 0.655705976341515
    outer loop
      vertex 38 -22.306067604464292 4.004224767619372
      vertex 62.00468282410833 -10.231148256489673 12.884586848858604
      vertex 62.00468282410833 -9.48239148345806 13.733585931908017
    endloop
  endfacet
  facet normal 0.09735408011818425 -0.7107822041440792 0.6966425492003963
    outer loop
      vertex 38 -21.68050911910832 4.642480124768616
      vertex 62.00468282410833 -9.48239148345806 13.733585931908017
      vertex 62.00464580427345 -9.482271761382215 13.73371325739657
    endloop
  endfacet
  facet normal 0.06395192856529387 -0.6742093393886738 0.735766211179793
    outer loop
      vertex 38 -21.64780934590697 4.672444116255642
      vertex 62.00464580427345 -9.482271761382215 13.73371325739657
      vertex 62.00285418390609 -9.479681672289408 13.736242375757394
    endloop
  endfacet
  facet normal 0.0639519285631113 -0.6742093393897466 0.7357662111789995
    outer loop
      vertex 38 -21.64780934590697 4.672444116255642
      vertex 62.00285418390609 -9.479681672289408 13.736242375757394
      vertex 62.002798850042524 -9.47956748824925 13.736351816300258
    endloop
  endfacet
  facet normal 0.06395192856532045 -0.6742093393885681 0.7357662111798875
    outer loop
      vertex 38 -21.64780934590697 4.672444116255642
      vertex 62.002798850042524 -9.47956748824925 13.736351816300258
      vertex 62.00279885004253 -8.6576963184528 14.489462260937811
    endloop
  endfacet
  facet normal 0.008429916497326754 -0.6127679699571296 0.790217913934167
    outer loop
      vertex 38 -20.88682725240588 5.262541410169006
      vertex 62.00279885004253 -8.6576963184528 14.489462260937811
      vertex 62.0026937907214 -8.65752160989224 14.489598858007291
    endloop
  endfacet
  facet normal 9.277212002549464e-14 -0.6022984745799604 0.798270973741782
    outer loop
      vertex 38 -20.881732280254365 5.266385585963726
      vertex 62.0026937907214 -8.65752160989224 14.489598858007291
      vertex 62 -8.65379911661148 14.492407493293285
    endloop
  endfacet
  facet normal -0.008858756690755696 -0.5911370273339428 0.8065224964901372
    outer loop
      vertex 38 -20.845728871524333 5.292774122059345
      vertex 62 -8.65379911661148 14.492407493293285
      vertex 62 -7.753713898360729 15.152120895683765
    endloop
  endfacet
  facet normal -0.08278075216697074 -0.49685121660031917 0.8638785884795694
    outer loop
      vertex 38 -19.912588887512683 5.859275824725628
      vertex 62 -7.753713898360729 15.152120895683765
      vertex 62 -6.777856595814228 15.713375560939312
    endloop
  endfacet
  facet normal -0.1532439768035665 -0.39579233647048145 0.9054638093069569
    outer loop
      vertex 38 -18.844863411188125 6.376851916313171
      vertex 62 -6.777856595814228 15.713375560939312
      vertex 62 -5.722359210252762 16.17474991083145
    endloop
  endfacet
  facet normal -0.2848458318258381 -0.1530674266498184 0.946273329958236
    outer loop
      vertex 38 -13.36609030276537 7.944740811288357
      vertex 56.3733584951964 -5.680699016290746 14.718637367475823
      vertex 55.52334037810738 -5.670730750455719 14.464378589158205
    endloop
  endfacet
  facet normal -0.2666231014251095 -0.19458739915830403 0.9439533176356035
    outer loop
      vertex 38 -14.902235751450062 7.628078385293484
      vertex 57.16761742515747 -5.657770255500879 14.947705291841446
      vertex 56.916867232586455 -5.677509240606882 14.872810961285877
    endloop
  endfacet
  facet normal -0.266583618765007 -0.1946653644659737 0.9439483937607411
    outer loop
      vertex 38 -14.902235751450062 7.628078385293484
      vertex 57.23081196949482 -5.652793507916149 14.966578601882388
      vertex 57.16761742515747 -5.657770255500879 14.947705291841446
    endloop
  endfacet
  facet normal -0.2666231014251105 -0.19458739915828735 0.9439533176356067
    outer loop
      vertex 38 -13.36609030276537 7.944740811288357
      vertex 56.916867232586455 -5.677509240606882 14.872810961285877
      vertex 56.3733584951964 -5.680699016290746 14.718637367475823
    endloop
  endfacet
  facet normal -0.2665836187650039 -0.19466536446599048 0.9439483937607385
    outer loop
      vertex 38 -14.902235751450062 7.628078385293484
      vertex 58.31319528368166 -5.485010851596915 15.306858997350338
      vertex 57.23081196949482 -5.652793507916149 14.966578601882388
    endloop
  endfacet
  facet normal -0.29802448256346864 -0.11647530341482382 0.9474254120970165
    outer loop
      vertex 38 -11.700627181828022 8.21414305061102
      vertex 55.11538717290876 -5.63318742151956 14.343925109399589
      vertex 54.19616729329473 -5.464138613664623 14.075555679415192
    endloop
  endfacet
  facet normal -0.29802448256345926 -0.11647530341485297 0.9474254120970158
    outer loop
      vertex 38 -11.700627181828022 8.21414305061102
      vertex 55.32932231332813 -5.6545018765419535 14.40860070404523
      vertex 55.11538717290876 -5.63318742151956 14.343925109399589
    endloop
  endfacet
  facet normal -0.28484583182584367 -0.1530674266497987 0.9462733299582377
    outer loop
      vertex 38 -11.700627181828022 8.21414305061102
      vertex 55.52334037810738 -5.670730750455719 14.464378589158205
      vertex 55.32932231332813 -5.6545018765419535 14.40860070404523
    endloop
  endfacet
  facet normal -0.26658361876500525 -0.1946653644659881 0.9439483937607386
    outer loop
      vertex 38 -14.902235751450062 7.628078385293484
      vertex 59.33289639609538 -5.23561447328799 15.646267858685993
      vertex 58.31319528368166 -5.485010851596915 15.306858997350338
    endloop
  endfacet
  facet normal -0.2980244825790453 -0.11647530339442118 0.9474254120946249
    outer loop
      vertex 38 -9.899244971573353 8.435602742135524
      vertex 54.19616729329473 -5.464138613664623 14.075555679415192
      vertex 54.19612781263271 -5.464128661724471 14.075544483759591
    endloop
  endfacet
  facet normal -0.21610589313380218 -0.29330976668441716 0.9312720460318641
    outer loop
      vertex 38 -16.361576829254627 7.254555314481259
      vertex 62 -5.722359210252762 16.17474991083145
      vertex 62 -4.578579433262348 16.534990273416042
    endloop
  endfacet
  facet normal -0.2665836187649856 -0.19466536446603472 0.9439483937607345
    outer loop
      vertex 38 -14.902235751450062 7.628078385293484
      vertex 59.68175599443031 -5.121170662953542 15.768391590212659
      vertex 59.33289639609538 -5.23561447328799 15.646267858685993
    endloop
  endfacet
  facet normal -0.26658361876502074 -0.1946653644660602 0.9439483937607193
    outer loop
      vertex 38 -14.902235751450062 7.628078385293484
      vertex 60.92474033729104 -4.565462747671911 16.23402758361888
      vertex 59.68175599443031 -5.121170662953542 15.768391590212659
    endloop
  endfacet
  facet normal -0.26658361876500425 -0.19466536446598784 0.9439483937607389
    outer loop
      vertex 38 -14.902235751450062 7.628078385293484
      vertex 62 -4.578579433262348 16.534990273416042
      vertex 60.92474033729104 -4.565462747671911 16.23402758361888
    endloop
  endfacet
  facet normal -0.2665836187650045 -0.1946653644659848 0.9439483937607395
    outer loop
      vertex 62 -4.578579433262348 16.534990273416042
      vertex 61.26361697030714 -4.363584086950498 16.37136320818103
      vertex 60.92474033729104 -4.565462747671911 16.23402758361888
    endloop
  endfacet
  facet normal -0.26658361876500575 -0.19466536446599023 0.943948393760738
    outer loop
      vertex 62 -4.578579433262348 16.534990273416042
      vertex 61.9851545345224 -3.8432877722710126 16.682432932555404
      vertex 61.26361697030714 -4.363584086950498 16.37136320818103
    endloop
  endfacet
  facet normal -0.2665836187650154 -0.1946653644659899 0.9439483937607354
    outer loop
      vertex 62 -4.578579433262348 16.534990273416042
      vertex 62 -3.828976864026114 16.689576751140375
      vertex 61.9851545345224 -3.8432877722710126 16.682432932555404
    endloop
  endfacet
  facet normal 0 0 -1
    outer loop
      vertex 62 -12.885485804188807 0
      vertex 37 3.4499999999999997 0
      vertex 37.41093309584115 22.803563717909764 0
    endloop
  endfacet
  facet normal -0.3218944079302195 0.007192005734422751 0.9467482586182926
    outer loop
      vertex 37 0 8.5
      vertex 48.92399039395262 0.8494165978764965 12.547704111520527
      vertex 37.07590389285522 3.397249606363371 8.5
    endloop
  endfacet
  facet normal -0.3195497155844133 0.025584423582195183 0.9472240582564864
    outer loop
      vertex 37.07636762076482 3.403041572758249 8.5
      vertex 37.07590389285522 3.397249606363371 8.5
      vertex 49.68263018717861 2.6512932877291253 12.773076289554451
    endloop
  endfacet
  facet normal -0.3218944079302195 0.007192005734423458 0.9467482586182926
    outer loop
      vertex 37 0 8.5
      vertex 48.83873891175798 0 12.525171229997714
      vertex 48.85084981494316 0.2763956580936951 12.527189287950208
    endloop
  endfacet
  facet normal -0.3218944079302196 0.007192005734423702 0.9467482586182925
    outer loop
      vertex 37 0 8.5
      vertex 48.85084981494316 0.2763956580936951 12.527189287950208
      vertex 48.87879716798517 0.5575491855014054 12.534555595536009
    endloop
  endfacet
  facet normal -0.32189440793021945 0.007192005734419277 0.9467482586182927
    outer loop
      vertex 37 0 8.5
      vertex 48.87879716798517 0.5575491855014054 12.534555595536009
      vertex 48.92399039395262 0.8494165978764965 12.547704111520527
    endloop
  endfacet
  facet normal -0.3218944079302195 0.007192005734422817 0.9467482586182926
    outer loop
      vertex 37.07590389285522 3.397249606363371 8.5
      vertex 48.92399039395262 0.8494165978764965 12.547704111520527
      vertex 48.98897941941147 1.1589423618255257 12.567449057056574
    endloop
  endfacet
  facet normal -0.3218944079302189 0.007192005734428419 0.9467482586182929
    outer loop
      vertex 37.07590389285522 3.397249606363371 8.5
      vertex 48.98897941941147 1.1589423618255257 12.567449057056574
      vertex 49.077842776783 1.4948334003280417 12.595110990727271
    endloop
  endfacet
  facet normal -0.32189440793021973 0.007192005734422384 0.9467482586182925
    outer loop
      vertex 37.07590389285522 3.397249606363371 8.5
      vertex 49.077842776783 1.4948334003280417 12.595110990727271
      vertex 49.15157046655494 1.7264103435653164 12.618419223029367
    endloop
  endfacet
  facet normal -0.321894407930226 0.007192005734390914 0.9467482586182906
    outer loop
      vertex 37.07590389285522 3.397249606363371 8.5
      vertex 49.15157046655494 1.7264103435653164 12.618419223029367
      vertex 49.161657145661756 1.7499152234353585 12.621670138296695
    endloop
  endfacet
  facet normal -0.3195497155844173 0.02558442358210444 0.9472240582564873
    outer loop
      vertex 37.07590389285522 3.397249606363371 8.5
      vertex 49.161657145661756 1.7499152234353585 12.621670138296695
      vertex 49.21265077986377 1.8582328134241546 12.635947392009081
    endloop
  endfacet
  facet normal -0.3195497155844209 0.025584423582077596 0.9472240582564868
    outer loop
      vertex 37.07590389285522 3.397249606363371 8.5
      vertex 49.21265077986377 1.8582328134241546 12.635947392009081
      vertex 49.42249572365568 2.2393793143590845 12.696444671485137
    endloop
  endfacet
  facet normal -0.3195497155844195 0.025584423582091245 0.947224058256487
    outer loop
      vertex 37.07590389285522 3.397249606363371 8.5
      vertex 49.42249572365568 2.2393793143590845 12.696444671485137
      vertex 49.68263018717861 2.6512932877291253 12.773076289554451
    endloop
  endfacet
  facet normal -0.31931766208918194 0.029307427907273115 0.947194439039503
    outer loop
      vertex 37.07636762076482 3.403041572758249 8.5
      vertex 49.68263018717861 2.6512932877291253 12.773076289554451
      vertex 37.30246987422172 5.866527730444438 8.5
    endloop
  endfacet
  facet normal -0.31528834240841813 0.05495004319384203 0.9474036910917896
    outer loop
      vertex 37.30246987422172 5.866527730444438 8.5
      vertex 50.61867232948049 3.736932595381437 13.055043203364981
      vertex 37.66960030534158 7.973021890369696 8.5
    endloop
  endfacet
  facet normal -0.3193176620892018 0.029307427907205107 0.9471944390394984
    outer loop
      vertex 37.30246987422172 5.866527730444438 8.5
      vertex 49.68263018717861 2.6512932877291253 12.773076289554451
      vertex 49.6916787898591 2.6654197441019485 12.775689658520053
    endloop
  endfacet
  facet normal -0.31931766208918294 0.029307427907268407 0.947194439039503
    outer loop
      vertex 37.30246987422172 5.866527730444438 8.5
      vertex 49.6916787898591 2.6654197441019485 12.775689658520053
      vertex 50.042494918974846 3.1505568766834515 12.878945822833394
    endloop
  endfacet
  facet normal -0.3193176620891809 0.029307427907274766 0.9471944390395034
    outer loop
      vertex 37.30246987422172 5.866527730444438 8.5
      vertex 50.042494918974846 3.1505568766834515 12.878945822833394
      vertex 50.17577118964661 3.315782452580813 12.91876355080387
    endloop
  endfacet
  facet normal -0.3193176620891814 0.029307427907276792 0.9471944390395032
    outer loop
      vertex 37.30246987422172 5.866527730444438 8.5
      vertex 50.17577118964661 3.315782452580813 12.91876355080387
      vertex 50.529079388614896 3.6597003037263254 13.027229348562566
    endloop
  endfacet
  facet normal -0.31931766208918244 0.029307427907271894 0.947194439039503
    outer loop
      vertex 37.30246987422172 5.866527730444438 8.5
      vertex 50.529079388614896 3.6597003037263254 13.027229348562566
      vertex 50.61867232948049 3.736932595381437 13.055043203364981
    endloop
  endfacet
  facet normal -0.31528834240841747 0.05495004319384417 0.9474036910917897
    outer loop
      vertex 37.66960030534158 7.973021890369696 8.5
      vertex 50.61867232948049 3.736932595381437 13.055043203364981
      vertex 51.173802130167445 4.18373057847028 13.213871364607465
    endloop
  endfacet
  facet normal -0.31528834240842013 0.054950043193833224 0.9474036910917893
    outer loop
      vertex 37.66960030534158 7.973021890369696 8.5
      vertex 51.173802130167445 4.18373057847028 13.213871364607465
      vertex 51.507921480012456 4.423060177372163 13.31118232618473
    endloop
  endfacet
  facet normal -0.31528834240842124 0.0549500431938273 0.9474036910917893
    outer loop
      vertex 37.66960030534158 7.973021890369696 8.5
      vertex 51.507921480012456 4.423060177372163 13.31118232618473
      vertex 51.63737693971655 4.496205254365827 13.350021600837758
    endloop
  endfacet
  facet normal -0.3081493889458903 0.08394215275790713 0.9476273893691775
    outer loop
      vertex 38 9.185910298301533 8.5
      vertex 51.63737693971655 4.496205254365827 13.350021600837758
      vertex 52 4.687503181687045 13.450993898261812
    endloop
  endfacet
  facet normal -0.308149388945892 0.08394215275790053 0.9476273893691775
    outer loop
      vertex 38 9.185910298301533 8.5
      vertex 52 4.687503181687045 13.450993898261812
      vertex 52.679992793792884 4.994727461931018 13.644899539332435
    endloop
  endfacet
  facet normal -0.30148225460386974 0.10426572597839205 0.947753717241545
    outer loop
      vertex 38 9.842830616533757 8.441809084117413
      vertex 52.679992793792884 4.994727461931018 13.644899539332435
      vertex 53.014590354488625 5.137719238558837 13.735604628661626
    endloop
  endfacet
  facet normal -0.30148225460386724 0.10426572597839764 0.9477537172415452
    outer loop
      vertex 38 9.842830616533757 8.441809084117413
      vertex 53.014590354488625 5.137719238558837 13.735604628661626
      vertex 53.206161418291835 5.206643421160378 13.788961155126136
    endloop
  endfacet
  facet normal -0.301482254603869 0.10426572597839867 0.9477537172415444
    outer loop
      vertex 38 9.842830616533757 8.441809084117413
      vertex 53.206161418291835 5.206643421160378 13.788961155126136
      vertex 54.19612781263271 5.464128661724471 14.075544483759591
    endloop
  endfacet
  facet normal -0.30814938894589217 0.08394215275790039 0.9476273893691775
    outer loop
      vertex 37.66960030534158 7.973021890369696 8.5
      vertex 51.63737693971655 4.496205254365827 13.350021600837758
      vertex 38 9.185910298301533 8.5
    endloop
  endfacet
  facet normal -0.3081493889458921 0.08394215275789994 0.9476273893691776
    outer loop
      vertex 38 9.185910298301533 8.5
      vertex 52.679992793792884 4.994727461931018 13.644899539332435
      vertex 38 9.842830616533757 8.441809084117413
    endloop
  endfacet
  facet normal -0.3014822546038651 0.10426572597841079 0.9477537172415443
    outer loop
      vertex 38 9.842830616533757 8.441809084117413
      vertex 54.19612781263271 5.464128661724471 14.075544483759591
      vertex 38 9.899244971573353 8.435602742135524
    endloop
  endfacet
  facet normal -0.29802448256346803 0.11647530341482569 0.9474254120970164
    outer loop
      vertex 38 9.899244971573353 8.435602742135524
      vertex 55.11538717290876 5.63318742151956 14.343925109399589
      vertex 38 11.700627181828022 8.21414305061102
    endloop
  endfacet
  facet normal -0.2848458318258358 0.15306742664982223 0.9462733299582362
    outer loop
      vertex 38 13.36609030276537 7.944740811288357
      vertex 38 11.700627181828022 8.21414305061102
      vertex 55.52334037810738 5.670730750455719 14.464378589158205
    endloop
  endfacet
  facet normal -0.26662310142511103 0.19458739915829082 0.9439533176356059
    outer loop
      vertex 38 13.36609030276537 7.944740811288357
      vertex 56.916867232586455 5.677509240606882 14.872810961285877
      vertex 38 14.902235751450062 7.628078385293484
    endloop
  endfacet
  facet normal -0.2442906587528865 0.24200355928473427 0.9390188237408241
    outer loop
      vertex 38 14.95229367285967 7.617755211293697
      vertex 62 4.578579433262348 16.534990273416042
      vertex 38 16.361576829254627 7.254555314481259
    endloop
  endfacet
  facet normal -0.2665836187650018 0.1946653644659938 0.9439483937607385
    outer loop
      vertex 38 14.902235751450062 7.628078385293484
      vertex 62 4.578579433262348 16.534990273416042
      vertex 38 14.95229367285967 7.617755211293697
    endloop
  endfacet
  facet normal -0.21431238400830252 0.2967683762466534 0.9305905291376023
    outer loop
      vertex 38 16.407328020334244 7.240145699977875
      vertex 62 5.722359210252762 16.17474991083145
      vertex 38 17.689949213266374 6.831113588809967
    endloop
  endfacet
  facet normal -0.2161058931338017 0.29330976668441755 0.9312720460318642
    outer loop
      vertex 38 16.361576829254627 7.254555314481259
      vertex 62 5.722359210252762 16.17474991083145
      vertex 38 16.407328020334244 7.240145699977875
    endloop
  endfacet
  facet normal -0.1769413519242476 0.36025755031693985 0.915918258044274
    outer loop
      vertex 38 18.844863411188125 6.376851916313171
      vertex 38 17.689949213266374 6.831113588809967
      vertex 62 5.722359210252762 16.17474991083145
    endloop
  endfacet
  facet normal 0 0 -1
    outer loop
      vertex 37.41093309584115 22.803563717909764 0
      vertex 37.54768366861198 23.174172852836357 0
      vertex 62.00865544863179 12.900564484290218 0
    endloop
  endfacet
  facet normal 0 0 -1
    outer loop
      vertex 38 22.984199998509883 0
      vertex 62.00865544863179 12.900564484290218 0
      vertex 37.54768366861198 23.174172852836357 0
    endloop
  endfacet
  facet normal 0.28469506026400315 0.6778453815809599 -0.6778453815809609
    outer loop
      vertex 38 22.984199998509883 0
      vertex 38 23.55089664566219 0.5666966471523046
      vertex 62.008655913978494 13.490514534318882 0.5899500196799636
    endloop
  endfacet
  facet normal 0.3864123919741486 0.9221923496896677 0.015707752947722448
    outer loop
      vertex 38 23.55089664566219 0.5666966471523046
      vertex 38 23.549666501674054 0.6389176311880351
      vertex 62.00864733801497 13.490501880084544 0.5909039114762383
    endloop
  endfacet
  facet normal 0.3833324293191606 0.9219212995171567 0.0558333782684507
    outer loop
      vertex 38 23.549666501674054 0.6389176311880351
      vertex 38 23.512376633885502 1.2546483004868032
      vertex 62.00864421466683 13.459454773565078 2.4136480950587176
    endloop
  endfacet
  facet normal 0.38281133587405464 0.9216112676837532 0.06393866126739803
    outer loop
      vertex 38 23.512376633885502 1.2546483004868032
      vertex 38 23.50749735392034 1.324978196436167
      vertex 62.00859071743025 13.4593945006556 2.4148371650142657
    endloop
  endfacet
  facet normal 0.37516292302102694 0.9192181203954194 0.11954425258886964
    outer loop
      vertex 38 23.50749735392034 1.324978196436167
      vertex 38 23.49938151754141 1.387383738318086
      vertex 62.00848236017085 13.33613541934745 4.190927603451376
    endloop
  endfacet
  facet normal 0.361766056231645 0.9144070076248977 0.18161812950551684
    outer loop
      vertex 38 23.49938151754141 1.387383738318086
      vertex 38 23.488053017625212 1.4444202232629066
      vertex 62.00831183680772 13.131139953575108 5.766904962452833
    endloop
  endfacet
  facet normal 0.3494137717446584 0.9097004648258974 0.2243993770283639
    outer loop
      vertex 38 23.488053017625212 1.4444202232629066
      vertex 38 23.277679932963846 2.297259012022615
      vertex 62.00831183680772 12.845402690289726 7.2055287198888145
    endloop
  endfacet
  facet normal 0.34252177100058695 0.9057286461290782 0.2496686924141844
    outer loop
      vertex 38 23.277679932963846 2.297259012022615
      vertex 38 23.263171066391468 2.3498931486874826
      vertex 62.008071293799084 12.845012319517938 7.20728118311235
    endloop
  endfacet
  facet normal 0.3171656463930821 0.8915408489472743 0.32335872866899984
    outer loop
      vertex 38 23.24552125798762 2.398555899289251
      vertex 62.00774777488898 12.478569050663966 8.536460010295826
      vertex 38 23.263171066391468 2.3498931486874826
    endloop
  endfacet
  facet normal 0.2831329653704988 0.8705829946685466 0.4023940522851366
    outer loop
      vertex 38 23.24552125798762 2.398555899289251
      vertex 38 23.224775211781264 2.44344014877379
      vertex 62.00730458637645 12.032806326014192 9.765313904072292
    endloop
  endfacet
  facet normal 0.2830614698028991 0.8705399497962351 0.4025374518250332
    outer loop
      vertex 38 22.874856056338547 3.200186142545939
      vertex 62.00730458637645 11.509991810516377 10.896427607104247
      vertex 38 23.224775211781264 2.44344014877379
    endloop
  endfacet
  facet normal 0.24206246185187477 0.8400839416757778 0.4854531238963222
    outer loop
      vertex 38 22.851061122009156 3.2413636347472674
      vertex 62.00671584773238 11.508854972067995 10.898705461751758
      vertex 38 22.874856056338547 3.200186142545939
    endloop
  endfacet
  facet normal 0.1936622300404474 0.8013816580472907 0.5659349598683014
    outer loop
      vertex 38 22.851061122009156 3.2413636347472674
      vertex 38 22.36262604275644 3.933003030467034
      vertex 62.00671584773238 10.909427988442392 11.9360228841
    endloop
  endfacet
  facet normal 0.06395192856531061 0.6742093393885559 0.7357662111798996
    outer loop
      vertex 38 21.68050911910832 4.642480124768616
      vertex 38 21.64780934590697 4.672444116255642
      vertex 62.002798850042524 9.47956748824925 13.736351816300258
    endloop
  endfacet
  facet normal -0.1532439768035735 0.3957923364704707 0.9054638093069606
    outer loop
      vertex 38 18.844863411188125 6.376851916313171
      vertex 62 6.777856595814228 15.713375560939312
      vertex 38 18.887083306610585 6.358396942317486
    endloop
  endfacet
  facet normal -0.12860144207514557 0.4339924154917335 0.8916906708000503
    outer loop
      vertex 38 18.887083306610585 6.358396942317486
      vertex 62 6.777856595814228 15.713375560939312
      vertex 38 19.912588887512683 5.859275824725628
    endloop
  endfacet
  facet normal -0.0827807521669742 0.4968512166003143 0.863878588479572
    outer loop
      vertex 38 19.912588887512683 5.859275824725628
      vertex 62 7.753713898360729 15.152120895683765
      vertex 38 19.951623179614543 5.836825638115406
    endloop
  endfacet
  facet normal 1.535459918201075e-13 0.6022984745801088 0.7982709737416699
    outer loop
      vertex 38 20.88682725240588 5.262541410169006
      vertex 38 20.881732280254365 5.266385585963726
      vertex 62.0026937907214 8.65752160989224 14.489598858007291
    endloop
  endfacet
  facet normal -0.008858756690771578 0.5911370273339231 0.8065224964901516
    outer loop
      vertex 38 20.881732280254365 5.266385585963726
      vertex 38 20.845728871524333 5.292774122059345
      vertex 62 8.65379911661148 14.492407493293285
    endloop
  endfacet
  facet normal -0.06722972091082134 0.5186406871892273 0.8523450018731495
    outer loop
      vertex 38 20.845728871524333 5.292774122059345
      vertex 38 19.951623179614543 5.836825638115406
      vertex 62 7.753713898360729 15.152120895683765
    endloop
  endfacet
  facet normal 0.008429916501326904 0.6127679699620532 0.7902179139303063
    outer loop
      vertex 38 20.88682725240588 5.262541410169006
      vertex 62.00279885004253 8.6576963184528 14.489462260937811
      vertex 38 21.64780934590697 4.672444116255642
    endloop
  endfacet
  facet normal 0.19061580325904132 0.7985248407072508 0.5709848459647333
    outer loop
      vertex 38 22.335828424331545 3.9704796187430627
      vertex 62.0058804068636 10.907911984909754 11.938423093711007
      vertex 38 22.36262604275644 3.933003030467034
    endloop
  endfacet
  facet normal 0.13141956459198356 0.7434908006374297 0.6557059763415058
    outer loop
      vertex 38 22.306067604464292 4.004224767619372
      vertex 62.00468282410833 10.231148256489673 12.884586848858604
      vertex 38 22.335828424331545 3.9704796187430627
    endloop
  endfacet
  facet normal 0.09735408012310266 0.7107822041460129 0.6966425491977362
    outer loop
      vertex 38 22.306067604464292 4.004224767619372
      vertex 38 21.68050911910832 4.642480124768616
      vertex 62.00468282410833 9.48239148345806 13.733585931908017
    endloop
  endfacet
  facet normal 0 0 -1
    outer loop
      vertex 62 -12.885485804188807 0
      vertex 62.00865544863179 12.900564484290218 0
      vertex 62.0086559544282 12.900564271940667 0
    endloop
  endfacet
  facet normal 0 0 -1
    outer loop
      vertex 62 -12.885485804188807 0
      vertex 37.41093309584115 22.803563717909764 0
      vertex 62.00865544863179 12.900564484290218 0
    endloop
  endfacet
  facet normal -0.2980244825790453 0.11647530339442118 0.9474254120946249
    outer loop
      vertex 38 9.899244971573353 8.435602742135524
      vertex 54.19612781263271 5.464128661724471 14.075544483759591
      vertex 54.19616729329473 5.464138613664623 14.075555679415192
    endloop
  endfacet
  facet normal -0.2980244825634688 0.1164753034148238 0.9474254120970164
    outer loop
      vertex 38 9.899244971573353 8.435602742135524
      vertex 54.19616729329473 5.464138613664623 14.075555679415192
      vertex 55.11538717290876 5.63318742151956 14.343925109399589
    endloop
  endfacet
  facet normal -0.29802448256345926 0.11647530341485297 0.9474254120970158
    outer loop
      vertex 38 11.700627181828022 8.21414305061102
      vertex 55.11538717290876 5.63318742151956 14.343925109399589
      vertex 55.32932231332813 5.6545018765419535 14.40860070404523
    endloop
  endfacet
  facet normal -0.28484583182584367 0.1530674266497987 0.9462733299582377
    outer loop
      vertex 38 11.700627181828022 8.21414305061102
      vertex 55.32932231332813 5.6545018765419535 14.40860070404523
      vertex 55.52334037810738 5.670730750455719 14.464378589158205
    endloop
  endfacet
  facet normal -0.2848458318258381 0.1530674266498184 0.946273329958236
    outer loop
      vertex 38 13.36609030276537 7.944740811288357
      vertex 55.52334037810738 5.670730750455719 14.464378589158205
      vertex 56.3733584951964 5.680699016290746 14.718637367475823
    endloop
  endfacet
  facet normal -0.2666231014251105 0.19458739915828735 0.9439533176356067
    outer loop
      vertex 38 13.36609030276537 7.944740811288357
      vertex 56.3733584951964 5.680699016290746 14.718637367475823
      vertex 56.916867232586455 5.677509240606882 14.872810961285877
    endloop
  endfacet
  facet normal -0.2666231014251095 0.19458739915830403 0.9439533176356035
    outer loop
      vertex 38 14.902235751450062 7.628078385293484
      vertex 56.916867232586455 5.677509240606882 14.872810961285877
      vertex 57.16761742515747 5.657770255500879 14.947705291841446
    endloop
  endfacet
  facet normal -0.266583618765007 0.1946653644659737 0.9439483937607411
    outer loop
      vertex 38 14.902235751450062 7.628078385293484
      vertex 57.16761742515747 5.657770255500879 14.947705291841446
      vertex 57.23081196949482 5.652793507916149 14.966578601882388
    endloop
  endfacet
  facet normal -0.2665836187650039 0.19466536446599048 0.9439483937607385
    outer loop
      vertex 38 14.902235751450062 7.628078385293484
      vertex 57.23081196949482 5.652793507916149 14.966578601882388
      vertex 58.31319528368166 5.485010851596915 15.306858997350338
    endloop
  endfacet
  facet normal -0.26658361876500525 0.1946653644659881 0.9439483937607386
    outer loop
      vertex 38 14.902235751450062 7.628078385293484
      vertex 58.31319528368166 5.485010851596915 15.306858997350338
      vertex 59.33289639609538 5.23561447328799 15.646267858685993
    endloop
  endfacet
  facet normal -0.1532439768035665 0.39579233647048145 0.9054638093069569
    outer loop
      vertex 38 18.844863411188125 6.376851916313171
      vertex 62 5.722359210252762 16.17474991083145
      vertex 62 6.777856595814228 15.713375560939312
    endloop
  endfacet
  facet normal 0.13141956459197593 0.7434908006374227 0.655705976341515
    outer loop
      vertex 38 22.306067604464292 4.004224767619372
      vertex 62.00468282410833 9.48239148345806 13.733585931908017
      vertex 62.00468282410833 10.231148256489673 12.884586848858604
    endloop
  endfacet
  facet normal 0.06395192856532045 0.6742093393885681 0.7357662111798875
    outer loop
      vertex 38 21.64780934590697 4.672444116255642
      vertex 62.00279885004253 8.6576963184528 14.489462260937811
      vertex 62.002798850042524 9.47956748824925 13.736351816300258
    endloop
  endfacet
  facet normal 0.06395192856431751 0.6742093393882904 0.7357662111802292
    outer loop
      vertex 38 21.68050911910832 4.642480124768616
      vertex 62.002798850042524 9.47956748824925 13.736351816300258
      vertex 62.00285418390609 9.479681672289408 13.736242375757394
    endloop
  endfacet
  facet normal 0.06395192856529017 0.6742093393886591 0.7357662111798067
    outer loop
      vertex 38 21.68050911910832 4.642480124768616
      vertex 62.00285418390609 9.479681672289408 13.736242375757394
      vertex 62.00464580427345 9.482271761382215 13.73371325739657
    endloop
  endfacet
  facet normal 0.09735408011818425 0.7107822041440792 0.6966425492003963
    outer loop
      vertex 38 21.68050911910832 4.642480124768616
      vertex 62.00464580427345 9.482271761382215 13.73371325739657
      vertex 62.00468282410833 9.48239148345806 13.733585931908017
    endloop
  endfacet
  facet normal -0.08278075216697074 0.49685121660031917 0.8638785884795694
    outer loop
      vertex 38 19.912588887512683 5.859275824725628
      vertex 62 6.777856595814228 15.713375560939312
      vertex 62 7.753713898360729 15.152120895683765
    endloop
  endfacet
  facet normal 0.008429916497326754 0.6127679699571296 0.790217913934167
    outer loop
      vertex 38 20.88682725240588 5.262541410169006
      vertex 62.0026937907214 8.65752160989224 14.489598858007291
      vertex 62.00279885004253 8.6576963184528 14.489462260937811
    endloop
  endfacet
  facet normal 9.277212002549464e-14 0.6022984745799604 0.798270973741782
    outer loop
      vertex 38 20.881732280254365 5.266385585963726
      vertex 62 8.65379911661148 14.492407493293285
      vertex 62.0026937907214 8.65752160989224 14.489598858007291
    endloop
  endfacet
  facet normal -0.008858756690755696 0.5911370273339428 0.8065224964901372
    outer loop
      vertex 38 20.845728871524333 5.292774122059345
      vertex 62 7.753713898360729 15.152120895683765
      vertex 62 8.65379911661148 14.492407493293285
    endloop
  endfacet
  facet normal 0 0 -1
    outer loop
      vertex 38 22.984199998509883 0
      vertex 62.008655913978494 12.900564514638916 0
      vertex 62.00865544863179 12.900564484290218 0
    endloop
  endfacet
  facet normal 0.2846950602640029 0.6778453815809593 -0.6778453815809617
    outer loop
      vertex 38 22.984199998509883 0
      vertex 62.008655913978494 13.490514534318882 0.5899500196799636
      vertex 62.008655913978494 12.900564514638916 0
    endloop
  endfacet
  facet normal 0.38641239197304944 0.9221923496881598 0.01570775306329342
    outer loop
      vertex 38 23.55089664566219 0.5666966471523046
      vertex 62.00865207325344 13.49051611249255 0.5899518483357021
      vertex 62.008655913978494 13.490514534318882 0.5899500196799636
    endloop
  endfacet
  facet normal 0.3864123919741271 0.92219234968962 0.015707752951047826
    outer loop
      vertex 38 23.55089664566219 0.5666966471523046
      vertex 62.00864733801497 13.490501880084544 0.5909039114762383
      vertex 62.00865207325344 13.49051611249255 0.5899518483357021
    endloop
  endfacet
  facet normal 0.38641239197414884 0.922192349689668 0.015707752947691413
    outer loop
      vertex 38 23.549666501674054 0.6389176311880351
      vertex 62.00864733801497 13.459455566569607 2.4136135571451356
      vertex 62.00864733801497 13.490501880084544 0.5909039114762383
    endloop
  endfacet
  facet normal 0.38333242931470696 0.9219212995165899 0.055833378308385785
    outer loop
      vertex 38 23.549666501674054 0.6389176311880351
      vertex 62.00864421466683 13.459454773565078 2.4136480950587176
      vertex 62.00864733801497 13.459455566569607 2.4136135571451356
    endloop
  endfacet
  facet normal 0.382811335874347 0.9216112676838757 0.06393866126388123
    outer loop
      vertex 38 23.512376633885502 1.2546483004868032
      vertex 62.00860817173603 13.459446770677332 2.4139792435937615
      vertex 62.00864421466683 13.459454773565078 2.4136480950587176
    endloop
  endfacet
  facet normal 0.38281133587397964 0.9216112676837271 0.06393866126822335
    outer loop
      vertex 38 23.512376633885502 1.2546483004868032
      vertex 62.00859071743025 13.4593945006556 2.4148371650142657
      vertex 62.00860817173603 13.459446770677332 2.4139792435937615
    endloop
  endfacet
  facet normal 0.3828113358740552 0.9216112676837536 0.06393866126739044
    outer loop
      vertex 38 23.50749735392034 1.324978196436167
      vertex 62.00859071743025 13.336269979185012 4.189552870132363
      vertex 62.00859071743025 13.4593945006556 2.4148371650142657
    endloop
  endfacet
  facet normal 0.3751629230216105 0.9192181203956304 0.11954425258541358
    outer loop
      vertex 38 23.50749735392034 1.324978196436167
      vertex 62.00851120601941 13.33622125936088 4.190177022919762
      vertex 62.00859071743025 13.336269979185012 4.189552870132363
    endloop
  endfacet
  facet normal 0.3751629230204798 0.9192181203951498 0.1195442525926583
    outer loop
      vertex 38 23.50749735392034 1.324978196436167
      vertex 62.00848236017085 13.33613541934745 4.190927603451376
      vertex 62.00851120601941 13.33622125936088 4.190177022919762
    endloop
  endfacet
  facet normal 0.37516292302102433 0.9192181203954182 0.11954425258888726
    outer loop
      vertex 38 23.49938151754141 1.387383738318086
      vertex 62.00848236017086 13.131382962908914 5.765341798009392
      vertex 62.00848236017085 13.33613541934745 4.190927603451376
    endloop
  endfacet
  facet normal 0.3617660562313459 0.9144070076246271 0.18161812950747463
    outer loop
      vertex 38 23.49938151754141 1.387383738318086
      vertex 62.00831183680772 13.131139953575108 5.766904962452833
      vertex 62.00835177639681 13.131257356356672 5.766234309615813
    endloop
  endfacet
  facet normal 0.3617660562316903 0.9144070076247058 0.1816181295063919
    outer loop
      vertex 38 23.49938151754141 1.387383738318086
      vertex 62.00835177639681 13.131257356356672 5.766234309615813
      vertex 62.00848236017086 13.131382962908914 5.765341798009392
    endloop
  endfacet
  facet normal 0.36176605623164615 0.9144070076248985 0.18161812950551137
    outer loop
      vertex 38 23.488053017625212 1.4444202232629066
      vertex 62.00831183680772 12.845402690289726 7.2055287198888145
      vertex 62.00831183680772 13.131139953575108 5.766904962452833
    endloop
  endfacet
  facet normal 0.3425217710008885 0.905728646129146 0.24966869241352488
    outer loop
      vertex 38 23.277679932963846 2.297259012022615
      vertex 62.008071293799084 12.845012319517938 7.20728118311235
      vertex 62.0081218278313 12.845158315379829 7.206682222789788
    endloop
  endfacet
  facet normal 0.342521771000325 0.9057286461288465 0.24966869241538373
    outer loop
      vertex 38 23.277679932963846 2.297259012022615
      vertex 62.0081218278313 12.845158315379829 7.206682222789788
      vertex 62.00830576104617 12.845390538872715 7.205587441551225
    endloop
  endfacet
  facet normal 0.3494137717448398 0.9097004648242403 0.22439937703479984
    outer loop
      vertex 38 23.277679932963846 2.297259012022615
      vertex 62.00830576104617 12.845390538872715 7.205587441551225
      vertex 62.00831183680772 12.845402690289726 7.2055287198888145
    endloop
  endfacet
  facet normal 0.34252177100057535 0.9057286461290709 0.24966869241422668
    outer loop
      vertex 38 23.263171066391468 2.3498931486874826
      vertex 62.008071293799084 12.479135168034183 8.53458183045639
      vertex 62.008071293799084 12.845012319517938 7.20728118311235
    endloop
  endfacet
  facet normal 0.3171656463941505 0.8915408489482489 0.323358728665265
    outer loop
      vertex 38 23.263171066391468 2.3498931486874826
      vertex 62.00774777488898 12.478569050663966 8.536460010295826
      vertex 62.00780808081067 12.478739507279602 8.535930888960053
    endloop
  endfacet
  facet normal 0.31716564639331446 0.8915408489473757 0.3233587286684926
    outer loop
      vertex 38 23.263171066391468 2.3498931486874826
      vertex 62.00780808081067 12.478739507279602 8.535930888960053
      vertex 62.008071293799084 12.479135168034183 8.53458183045639
    endloop
  endfacet
  facet normal 0.3171656463930798 0.8915408489472725 0.3233587286690068
    outer loop
      vertex 38 23.24552125798762 2.398555899289251
      vertex 62.00774777488898 12.03361840792682 9.763245121056102
      vertex 62.00774777488898 12.478569050663966 8.536460010295826
    endloop
  endfacet
  facet normal 0.28313296537057425 0.8705829946679575 0.4023940522863579
    outer loop
      vertex 38 23.24552125798762 2.398555899289251
      vertex 62.00730458637645 12.032806326014192 9.765313904072292
      vertex 62.00737362231347 12.032995208529972 9.764856679978772
    endloop
  endfacet
  facet normal 0.2831329653708092 0.8705829946687806 0.4023940522844119
    outer loop
      vertex 38 23.24552125798762 2.398555899289251
      vertex 62.00737362231347 12.032995208529972 9.764856679978772
      vertex 62.00774777488898 12.03361840792682 9.763245121056102
    endloop
  endfacet
  facet normal 0.2831329653704994 0.8705829946685472 0.4023940522851348
    outer loop
      vertex 38 23.224775211781264 2.44344014877379
      vertex 62.00730458637645 11.509991810516377 10.896427607104247
      vertex 62.00730458637645 12.032806326014192 9.765313904072292
    endloop
  endfacet
  facet normal 0.28306146979994085 0.8705399497967515 0.40253745182599654
    outer loop
      vertex 38 22.874856056338547 3.200186142545939
      vertex 62.00730455058414 11.509952544792226 10.896512549543267
      vertex 62.00730458637645 11.509991810516377 10.896427607104247
    endloop
  endfacet
  facet normal 0.2420624618520907 0.8400839416757562 0.4854531238962522
    outer loop
      vertex 38 22.874856056338547 3.200186142545939
      vertex 62.006791529584206 11.509054128253595 10.898323081580246
      vertex 62.00730455058414 11.509952544792226 10.896512549543267
    endloop
  endfacet
  facet normal 0.2420624618505159 0.8400839416737109 0.4854531239005765
    outer loop
      vertex 38 22.874856056338547 3.200186142545939
      vertex 62.00671584773238 11.508854972067995 10.898705461751758
      vertex 62.006791529584206 11.509054128253595 10.898323081580246
    endloop
  endfacet
  facet normal 0.2420624618518811 0.8400839416757824 0.4854531238963112
    outer loop
      vertex 38 22.851061122009156 3.2413636347472674
      vertex 62.00671584773238 10.909427988442392 11.9360228841
      vertex 62.00671584773238 11.508854972067995 10.898705461751758
    endloop
  endfacet
  facet normal 0.19366223004078406 0.8013816580414992 0.5659349598763875
    outer loop
      vertex 38 22.36262604275644 3.933003030467034
      vertex 62.006687303713115 10.90937479692899 11.936107972679155
      vertex 62.00671584773238 10.909427988442392 11.9360228841
    endloop
  endfacet
  facet normal 0.19061580325931535 0.7985248407075515 0.5709848459642213
    outer loop
      vertex 38 22.36262604275644 3.933003030467034
      vertex 62.00595945344522 10.908108387712481 11.938122034855196
      vertex 62.006687303713115 10.90937479692899 11.936107972679155
    endloop
  endfacet
  facet normal 0.19061580325600208 0.7985248407062047 0.5709848459672111
    outer loop
      vertex 38 22.36262604275644 3.933003030467034
      vertex 62.0058804068636 10.907911984909754 11.938423093711007
      vertex 62.00595945344522 10.908108387712481 11.938122034855196
    endloop
  endfacet
  facet normal 0.19061580325905367 0.7985248407072622 0.5709848459647133
    outer loop
      vertex 38 22.335828424331545 3.9704796187430627
      vertex 62.0058804068636 10.233163730419376 12.882061521669796
      vertex 62.0058804068636 10.907911984909754 11.938423093711007
    endloop
  endfacet
  facet normal 0.13141956459204476 0.7434908006377061 0.6557059763411802
    outer loop
      vertex 38 22.335828424331545 3.9704796187430627
      vertex 62.00475820390543 10.23132199716341 12.884374740112072
      vertex 62.0058804068636 10.233163730419376 12.882061521669796
    endloop
  endfacet
  facet normal 0.13141956459363377 0.7434908006380531 0.6557059763404682
    outer loop
      vertex 38 22.335828424331545 3.9704796187430627
      vertex 62.00468282410833 10.231148256489673 12.884586848858604
      vertex 62.00475820390543 10.23132199716341 12.884374740112072
    endloop
  endfacet
  facet normal -0.2665836187650154 0.1946653644659899 0.9439483937607354
    outer loop
      vertex 62 4.578579433262348 16.534990273416042
      vertex 61.9851545345224 3.8432877722710126 16.682432932555404
      vertex 62 3.828976864026114 16.689576751140375
    endloop
  endfacet
  facet normal -0.26658361876500575 0.19466536446599023 0.943948393760738
    outer loop
      vertex 62 4.578579433262348 16.534990273416042
      vertex 61.26361697030714 4.363584086950498 16.37136320818103
      vertex 61.9851545345224 3.8432877722710126 16.682432932555404
    endloop
  endfacet
  facet normal -0.2665836187650045 0.1946653644659848 0.9439483937607395
    outer loop
      vertex 62 4.578579433262348 16.534990273416042
      vertex 60.92474033729104 4.565462747671911 16.23402758361888
      vertex 61.26361697030714 4.363584086950498 16.37136320818103
    endloop
  endfacet
  facet normal -0.2665836187649856 0.19466536446603472 0.9439483937607345
    outer loop
      vertex 38 14.902235751450062 7.628078385293484
      vertex 59.33289639609538 5.23561447328799 15.646267858685993
      vertex 59.68175599443031 5.121170662953542 15.768391590212659
    endloop
  endfacet
  facet normal -0.26658361876502074 0.1946653644660602 0.9439483937607193
    outer loop
      vertex 38 14.902235751450062 7.628078385293484
      vertex 59.68175599443031 5.121170662953542 15.768391590212659
      vertex 60.92474033729104 4.565462747671911 16.23402758361888
    endloop
  endfacet
  facet normal -0.26658361876500425 0.19466536446598784 0.9439483937607389
    outer loop
      vertex 38 14.902235751450062 7.628078385293484
      vertex 60.92474033729104 4.565462747671911 16.23402758361888
      vertex 62 4.578579433262348 16.534990273416042
    endloop
  endfacet
  facet normal -0.21610589313380218 0.29330976668441716 0.9312720460318641
    outer loop
      vertex 38 16.361576829254627 7.254555314481259
      vertex 62 4.578579433262348 16.534990273416042
      vertex 62 5.722359210252762 16.17474991083145
    endloop
  endfacet
  facet normal -0.0460667016887477 -0.7063560925607989 -0.7063560925607989
    outer loop
      vertex 85 -14.399999998509884 0
      vertex 85 -14.99135186523199 0.5913518667221069
      vertex 62.008655913978494 -13.490514534318882 0.5899500196799636
    endloop
  endfacet
  facet normal -0.06513359349815133 -0.9977698615034863 0.014591726194360397
    outer loop
      vertex 85 -14.99135186523199 0.5913518667221069
      vertex 85 -14.954318977892399 3.123629294335842
      vertex 62.00864733801497 -13.490501880084544 0.5909039114762383
    endloop
  endfacet
  facet normal -0.06659091016257532 -0.9960149333874315 0.05932877171280311
    outer loop
      vertex 85 -14.954318977892399 3.123629294335842
      vertex 85 -14.817414373159409 5.421991907060146
      vertex 62.00859071743025 -13.4593945006556 2.4148371650142657
    endloop
  endfacet
  facet normal -0.06980039587262048 -0.9913998646632471 0.11069874923286524
    outer loop
      vertex 85 -14.817414373159409 5.421991907060146
      vertex 85 -14.589697301387787 7.461388699710369
      vertex 62.00848236017085 -13.33613541934745 4.190927603451376
    endloop
  endfacet
  facet normal 0 0 -1
    outer loop
      vertex 62.00865544863179 -12.900564484290218 0
      vertex 62.0086559544282 -12.900564271940667 0
      vertex 62.008655913978494 -12.900564514638916 0
    endloop
  endfacet
  facet normal -0.046066701688747685 -0.7063560925607976 -0.7063560925608003
    outer loop
      vertex 85 -14.399999998509884 0
      vertex 62.008655913978494 -13.490514534318882 0.5899500196799636
      vertex 62.008655913978494 -12.900564514638916 0
    endloop
  endfacet
  facet normal 0 0 -1
    outer loop
      vertex 85 -14.399999998509884 0
      vertex 62.008655913978494 -12.900564514638916 0
      vertex 62.0086559544282 -12.900564271940667 0
    endloop
  endfacet
  facet normal -0.04606670170640977 -0.706356092831058 -0.7063560922893881
    outer loop
      vertex 85 -14.99135186523199 0.5913518667221069
      vertex 62.00865207325344 -13.49051611249255 0.5899518483357021
      vertex 62.008655913978494 -13.490514534318882 0.5899500196799636
    endloop
  endfacet
  facet normal -0.06513359349815054 -0.997769861503474 0.014591726195208763
    outer loop
      vertex 85 -14.99135186523199 0.5913518667221069
      vertex 62.00864733801497 -13.490501880084544 0.5909039114762383
      vertex 62.00865207325344 -13.49051611249255 0.5899518483357021
    endloop
  endfacet
  facet normal -0.06539473345449973 -0.9977147530108178 0.01699413019185737
    outer loop
      vertex 85 -14.954318977892399 3.123629294335842
      vertex 62.00864733801497 -13.459455566569607 2.4136135571451356
      vertex 62.00864733801497 -13.490501880084544 0.5909039114762383
    endloop
  endfacet
  facet normal -0.06539473345460806 -0.9977147530107581 0.01699413019495035
    outer loop
      vertex 85 -14.954318977892399 3.123629294335842
      vertex 62.00860817173603 -13.459446770677332 2.4139792435937615
      vertex 62.00864421466683 -13.459454773565078 2.4136480950587176
    endloop
  endfacet
  facet normal -0.06539473345409755 -0.9977147530109955 0.01699413018296856
    outer loop
      vertex 85 -14.954318977892399 3.123629294335842
      vertex 62.00864421466683 -13.459454773565078 2.4136480950587176
      vertex 62.00864733801497 -13.459455566569607 2.4136135571451356
    endloop
  endfacet
  facet normal -0.06659091016259816 -0.9960149333874065 0.059328771713198204
    outer loop
      vertex 85 -14.954318977892399 3.123629294335842
      vertex 62.00859071743025 -13.4593945006556 2.4148371650142657
      vertex 62.00860817173603 -13.459446770677332 2.4139792435937615
    endloop
  endfacet
  facet normal -0.06782064204860073 -0.9953051167331998 0.0690513223394551
    outer loop
      vertex 85 -14.817414373159409 5.421991907060146
      vertex 62.00859071743025 -13.336269979185012 4.189552870132363
      vertex 62.00859071743025 -13.4593945006556 2.4148371650142657
    endloop
  endfacet
  facet normal -0.06782064204863025 -0.995305116733175 0.06905132233978069
    outer loop
      vertex 85 -14.817414373159409 5.421991907060146
      vertex 62.00851120601941 -13.33622125936088 4.190177022919762
      vertex 62.00859071743025 -13.336269979185012 4.189552870132363
    endloop
  endfacet
  facet normal -0.06980039587261905 -0.9913998646632634 0.110698749232721
    outer loop
      vertex 85 -14.817414373159409 5.421991907060146
      vertex 62.00848236017085 -13.33613541934745 4.190927603451376
      vertex 62.00851120601941 -13.33622125936088 4.190177022919762
    endloop
  endfacet
  facet normal -0.0722230464007839 -0.989059600045234 0.12862713215706822
    outer loop
      vertex 85 -14.589697301387787 7.461388699710369
      vertex 62.00848236017086 -13.131382962908914 5.765341798009392
      vertex 62.00848236017085 -13.33613541934745 4.190927603451376
    endloop
  endfacet
  facet normal -0.07222304640077769 -0.9890596000452125 0.128627132157237
    outer loop
      vertex 85 -14.589697301387787 7.461388699710369
      vertex 62.00835177639681 -13.131257356356672 5.766234309615813
      vertex 62.00848236017086 -13.131382962908914 5.765341798009392
    endloop
  endfacet
  facet normal -0.07471551541055681 -0.9830138928252358 0.16763435885733724
    outer loop
      vertex 85 -14.589697301387787 7.461388699710369
      vertex 62.00831183680772 -13.131139953575108 5.766904962452833
      vertex 62.00835177639681 -13.131257356356672 5.766234309615813
    endloop
  endfacet
  facet normal 0 0 -1
    outer loop
      vertex 62.0086559544282 -12.900564271940667 0
      vertex 62.005502260816016 -12.893471892457697 0
      vertex 85.01 14.38878193112853 0
    endloop
  endfacet
  facet normal 0 0 -1
    outer loop
      vertex 62 -12.885485804188807 0
      vertex 85 14.399999998509884 0
      vertex 62.005502260816016 -12.893471892457697 0
    endloop
  endfacet
  facet normal 0 0 -1
    outer loop
      vertex 85 -14.399999998509884 0
      vertex 62.0086559544282 -12.900564271940667 0
      vertex 85 -14.399348108027485 0
    endloop
  endfacet
  facet normal 0 0 -1
    outer loop
      vertex 85 -14.399348108027485 0
      vertex 62.0086559544282 -12.900564271940667 0
      vertex 85.01 14.38878193112853 0
    endloop
  endfacet
  facet normal -0.07857047148850017 -0.9778081895497451 0.19421077585840676
    outer loop
      vertex 85 -14.271838158369064 9.32532611489296
      vertex 62.00831183680772 -12.845402690289726 7.2055287198888145
      vertex 62.00831183680772 -13.131139953575108 5.766904962452833
    endloop
  endfacet
  facet normal -0.07857047148849804 -0.9778081895497732 0.19421077585826704
    outer loop
      vertex 85 -14.271838158369064 9.32532611489296
      vertex 62.0081218278313 -12.845158315379829 7.206682222789788
      vertex 62.00830576104617 -12.845390538872715 7.205587441551225
    endloop
  endfacet
  facet normal -0.07857047149010832 -0.9778081895468901 0.19421077587213056
    outer loop
      vertex 85 -14.271838158369064 9.32532611489296
      vertex 62.00830576104617 -12.845390538872715 7.205587441551225
      vertex 62.00831183680772 -12.845402690289726 7.2055287198888145
    endloop
  endfacet
  facet normal -0.08133555200641188 -0.9698929058831997 0.22954798865870074
    outer loop
      vertex 85 -14.271838158369064 9.32532611489296
      vertex 62.008071293799084 -12.845012319517938 7.20728118311235
      vertex 62.0081218278313 -12.845158315379829 7.206682222789788
    endloop
  endfacet
  facet normal -0.08678964345454919 -0.9604060925169513 0.2647408076692246
    outer loop
      vertex 62.008071293799084 -12.845012319517938 7.20728118311235
      vertex 85 -13.864743143320084 11.04539593309164
      vertex 62.008071293799084 -12.479135168034183 8.53458183045639
    endloop
  endfacet
  facet normal -0.0867896434545107 -0.9604060925170702 0.2647408076688067
    outer loop
      vertex 62.008071293799084 -12.479135168034183 8.53458183045639
      vertex 85 -13.864743143320084 11.04539593309164
      vertex 62.00780808081067 -12.478739507279602 8.535930888960053
    endloop
  endfacet
  facet normal -0.08964411828190912 -0.950932794032432 0.2961262455290498
    outer loop
      vertex 62.00774777488898 -12.478569050663966 8.536460010295826
      vertex 62.00780808081067 -12.478739507279602 8.535930888960053
      vertex 85 -13.864743143320084 11.04539593309164
    endloop
  endfacet
  facet normal -0.09676101247510568 -0.9356656959514348 0.33936265540643923
    outer loop
      vertex 62.00774777488898 -12.478569050663966 8.536460010295826
      vertex 85 -13.36951843649149 12.63568190485239
      vertex 62.00774777488898 -12.03361840792682 9.763245121056102
    endloop
  endfacet
  facet normal -0.09676101247514761 -0.9356656959512831 0.3393626554068453
    outer loop
      vertex 62.00774777488898 -12.03361840792682 9.763245121056102
      vertex 85 -13.36951843649149 12.63568190485239
      vertex 62.00737362231347 -12.032995208529972 9.764856679978772
    endloop
  endfacet
  facet normal -0.09958762872369557 -0.9248625945711463 0.3670306327383576
    outer loop
      vertex 62.00730458637645 -12.032806326014192 9.765313904072292
      vertex 62.00737362231347 -12.032995208529972 9.764856679978772
      vertex 85 -13.36951843649149 12.63568190485239
    endloop
  endfacet
  facet normal -0.10829376136580814 -0.9023881640527379 0.4170947885394568
    outer loop
      vertex 62.00730458637645 -12.032806326014192 9.765313904072292
      vertex 85 -12.787418380379677 14.102487452328205
      vertex 62.00730458637645 -11.509991810516377 10.896427607104247
    endloop
  endfacet
  facet normal -0.10829376136578579 -0.9023881640528325 0.41709478853925813
    outer loop
      vertex 62.00730455058414 -11.509952544792226 10.896512549543267
      vertex 85 -12.787418380379677 14.102487452328205
      vertex 62.006791529584206 -11.509054128253595 10.898323081580246
    endloop
  endfacet
  facet normal -0.10829376136777656 -0.9023881640444507 0.4170947885568756
    outer loop
      vertex 62.00730458637645 -11.509991810516377 10.896427607104247
      vertex 85 -12.787418380379677 14.102487452328205
      vertex 62.00730455058414 -11.509952544792226 10.896512549543267
    endloop
  endfacet
  facet normal -0.11104843249030001 -0.8902638101809236 0.441699664844328
    outer loop
      vertex 62.00671584773238 -11.508854972067995 10.898705461751758
      vertex 62.006791529584206 -11.509054128253595 10.898323081580246
      vertex 85 -12.787418380379677 14.102487452328205
    endloop
  endfacet
  facet normal -0.12110253557307632 -0.859460713720261 0.4966502365339528
    outer loop
      vertex 62.00671584773238 -11.508854972067995 10.898705461751758
      vertex 85 -12.119771510362625 15.448157131671906
      vertex 62.00671584773238 -10.909427988442392 11.9360228841
    endloop
  endfacet
  facet normal -0.07471551541069939 -0.9830138928248172 0.16763435885972935
    outer loop
      vertex 85 -14.589697301387787 7.461388699710369
      vertex 85 -14.271838158369064 9.32532611489296
      vertex 62.00831183680772 -13.131139953575108 5.766904962452833
    endloop
  endfacet
  facet normal -0.08133555200628556 -0.9698929058836818 0.2295479886567083
    outer loop
      vertex 85 -14.271838158369064 9.32532611489296
      vertex 85 -13.864743143320084 11.04539593309164
      vertex 62.008071293799084 -12.845012319517938 7.20728118311235
    endloop
  endfacet
  facet normal -0.08964411828208275 -0.9509327940318139 0.2961262455309826
    outer loop
      vertex 62.00774777488898 -12.478569050663966 8.536460010295826
      vertex 85 -13.864743143320084 11.04539593309164
      vertex 85 -13.36951843649149 12.63568190485239
    endloop
  endfacet
  facet normal -0.09958762872377862 -0.9248625945708113 0.3670306327391788
    outer loop
      vertex 62.00730458637645 -12.032806326014192 9.765313904072292
      vertex 85 -13.36951843649149 12.63568190485239
      vertex 85 -12.787418380379677 14.102487452328205
    endloop
  endfacet
  facet normal -0.12110253557300583 -0.8594607137206065 0.4966502365333722
    outer loop
      vertex 62.006687303713115 -10.90937479692899 11.936107972679155
      vertex 85 -12.119771510362625 15.448157131671906
      vertex 62.00595945344522 -10.908108387712481 11.938122034855196
    endloop
  endfacet
  facet normal -0.1211025355731413 -0.8594607137199426 0.496650236534488
    outer loop
      vertex 62.00671584773238 -10.909427988442392 11.9360228841
      vertex 85 -12.119771510362625 15.448157131671906
      vertex 62.006687303713115 -10.90937479692899 11.936107972679155
    endloop
  endfacet
  facet normal -0.12381308081220317 -0.8456533199959202 0.5191731728428084
    outer loop
      vertex 62.0058804068636 -10.907911984909754 11.938423093711007
      vertex 62.00595945344522 -10.908108387712481 11.938122034855196
      vertex 85 -12.119771510362625 15.448157131671906
    endloop
  endfacet
  facet normal -0.13479107078100705 -0.8060160697756149 0.57634144610741
    outer loop
      vertex 62.0058804068636 -10.907911984909754 11.938423093711007
      vertex 85 -11.36787424981594 16.672882229089737
      vertex 62.0058804068636 -10.233163730419376 12.882061521669796
    endloop
  endfacet
  facet normal -0.13479107078098268 -0.8060160697757547 0.5763414461072203
    outer loop
      vertex 62.0058804068636 -10.233163730419376 12.882061521669796
      vertex 85 -11.36787424981594 16.672882229089737
      vertex 62.00475820390543 -10.23132199716341 12.884374740112072
    endloop
  endfacet
  facet normal -0.13754016866470767 -0.789655117404689 0.597936031327993
    outer loop
      vertex 62.00468282410833 -10.231148256489673 12.884586848858604
      vertex 62.00475820390543 -10.23132199716341 12.884374740112072
      vertex 85 -11.36787424981594 16.672882229089737
    endloop
  endfacet
  facet normal -0.14885074366843704 -0.7416404395210849 0.6540740895161076
    outer loop
      vertex 62.00468282410833 -10.231148256489673 12.884586848858604
      vertex 85 -10.53283441066742 17.775664880871773
      vertex 62.00468282410833 -9.48239148345806 13.733585931908017
    endloop
  endfacet
  facet normal -0.1488507436684449 -0.7416404395210318 0.6540740895161661
    outer loop
      vertex 62.00464580427345 -9.482271761382215 13.73371325739657
      vertex 85 -10.53283441066742 17.775664880871773
      vertex 62.00285418390609 -9.479681672289408 13.736242375757394
    endloop
  endfacet
  facet normal -0.14885074366858533 -0.7416404395200813 0.6540740895172119
    outer loop
      vertex 62.00468282410833 -9.48239148345806 13.733585931908017
      vertex 85 -10.53283441066742 17.775664880871773
      vertex 62.00464580427345 -9.482271761382215 13.73371325739657
    endloop
  endfacet
  facet normal -0.15173801547609753 -0.7212779958666529 0.6758207065028122
    outer loop
      vertex 62.00285418390609 -9.479681672289408 13.736242375757394
      vertex 85 -10.53283441066742 17.775664880871773
      vertex 62.002798850042524 -9.47956748824925 13.736351816300258
    endloop
  endfacet
  facet normal -0.16268272062109407 -0.6665923429522672 0.7274537653546966
    outer loop
      vertex 62.002798850042524 -9.47956748824925 13.736351816300258
      vertex 85 -9.61533235013485 18.754880286753178
      vertex 62.00279885004253 -8.6576963184528 14.489462260937811
    endloop
  endfacet
  facet normal -0.16268272062108788 -0.6665923429523174 0.727453765354652
    outer loop
      vertex 62.0026937907214 -8.65752160989224 14.489598858007291
      vertex 85 -9.61533235013485 18.754880286753178
      vertex 62 -8.65379911661148 14.492407493293285
    endloop
  endfacet
  facet normal -0.16268272062096512 -0.6665923429533142 0.7274537653537662
    outer loop
      vertex 62.00279885004253 -8.6576963184528 14.489462260937811
      vertex 85 -9.61533235013485 18.754880286753178
      vertex 62.0026937907214 -8.65752160989224 14.489598858007291
    endloop
  endfacet
  facet normal -0.17564832941674016 -0.5819694427305326 0.7940146296517602
    outer loop
      vertex 62 -8.65379911661148 14.492407493293285
      vertex 85 -8.615237660706043 19.608627036213875
      vertex 62 -7.753713898360729 15.152120895683765
    endloop
  endfacet
  facet normal -0.1871429253762882 -0.48975413731691614 0.851538848475258
    outer loop
      vertex 62 -7.753713898360729 15.152120895683765
      vertex 85 -7.530951775610447 20.334956608712673
      vertex 62 -6.777856595814228 15.713375560939312
    endloop
  endfacet
  facet normal -0.20885587615313053 -0.19752020022721647 0.9577917276206287
    outer loop
      vertex 62 -4.578579433262348 16.534990273416042
      vertex 62.48982375398919 -3.335004383382067 16.898256891947295
      vertex 62 -3.828976864026114 16.689576751140375
    endloop
  endfacet
  facet normal -0.19667729949476628 -0.3927002540623374 0.8983899767488625
    outer loop
      vertex 62 -6.777856595814228 15.713375560939312
      vertex 85 -6.358176901936531 20.932029299438
      vertex 62 -5.722359210252762 16.17474991083145
    endloop
  endfacet
  facet normal -0.2039446004925507 -0.294094583566229 0.9337638758524235
    outer loop
      vertex 62 -5.722359210252762 16.17474991083145
      vertex 85 -5.08731047809124 21.39822270721197
      vertex 62 -4.578579433262348 16.534990273416042
    endloop
  endfacet
  facet normal -0.2088558761531337 -0.1975202002272151 0.9577917276206283
    outer loop
      vertex 62 -4.578579433262348 16.534990273416042
      vertex 85 -3.6968126595020294 21.732207745313644
      vertex 62.48982375398919 -3.335004383382067 16.898256891947295
    endloop
  endfacet
  facet normal -0.21024015098808602 -0.12425373047480749 0.9697216556185598
    outer loop
      vertex 85 -3.6968126595020294 21.732207745313644
      vertex 62.52270832650876 -3.2999191082558155 16.90988201524484
      vertex 62.48982375398919 -3.335004383382067 16.898256891947295
    endloop
  endfacet
  facet normal -0.21154370203658918 -0.10687892565712809 0.9715071576571285
    outer loop
      vertex 85 -2.129747249186039 21.933001160621643
      vertex 62.8132363833351 -2.98599277541573 17.007680049080328
      vertex 62.52270832650876 -3.2999191082558155 16.90988201524484
    endloop
  endfacet
  facet normal -0.11104843249026455 -0.8902638101810866 0.4416996648440086
    outer loop
      vertex 62.00671584773238 -11.508854972067995 10.898705461751758
      vertex 85 -12.787418380379677 14.102487452328205
      vertex 85 -12.119771510362625 15.448157131671906
    endloop
  endfacet
  facet normal -0.12381308081153654 -0.8456533199994467 0.5191731728372231
    outer loop
      vertex 62.0058804068636 -10.907911984909754 11.938423093711007
      vertex 85 -12.119771510362625 15.448157131671906
      vertex 85 -11.36787424981594 16.672882229089737
    endloop
  endfacet
  facet normal -0.13754016866445626 -0.789655117406241 0.5979360313260011
    outer loop
      vertex 62.00468282410833 -10.231148256489673 12.884586848858604
      vertex 85 -11.36787424981594 16.672882229089737
      vertex 85 -10.53283441066742 17.775664880871773
    endloop
  endfacet
  facet normal -0.1517380154763265 -0.7212779958649725 0.6758207065045543
    outer loop
      vertex 62.002798850042524 -9.47956748824925 13.736351816300258
      vertex 85 -10.53283441066742 17.775664880871773
      vertex 85 -9.61533235013485 18.754880286753178
    endloop
  endfacet
  facet normal -0.16576846190153424 -0.6402828424356819 0.7500391314600082
    outer loop
      vertex 62 -8.65379911661148 14.492407493293285
      vertex 85 -9.61533235013485 18.754880286753178
      vertex 85 -8.615237660706043 19.608627036213875
    endloop
  endfacet
  facet normal -0.17889415936775735 -0.5475628674819507 0.817417754822494
    outer loop
      vertex 62 -7.753713898360729 15.152120895683765
      vertex 85 -8.615237660706043 19.608627036213875
      vertex 85 -7.530951775610447 20.334956608712673
    endloop
  endfacet
  facet normal -0.19037626270512334 -0.44539974119006615 0.8748576736511213
    outer loop
      vertex 62 -6.777856595814228 15.713375560939312
      vertex 85 -7.530951775610447 20.334956608712673
      vertex 85 -6.358176901936531 20.932029299438
    endloop
  endfacet
  facet normal -0.21154370203658915 -0.1068789256571316 0.9715071576571283
    outer loop
      vertex 85 -2.129747249186039 21.933001160621643
      vertex 63.12820682812169 -2.502471794158197 17.12945806790323
      vertex 62.8132363833351 -2.98599277541573 17.007680049080328
    endloop
  endfacet
  facet normal -0.2115437020365893 -0.10687892565712831 0.9715071576571286
    outer loop
      vertex 85 -2.129747249186039 21.933001160621643
      vertex 63.3962957428366 -2.0357521606662057 17.239179353705733
      vertex 63.12820682812169 -2.502471794158197 17.12945806790323
    endloop
  endfacet
  facet normal -0.21154370203658962 -0.10687892565710758 0.9715071576571307
    outer loop
      vertex 85 -2.129747249186039 21.933001160621643
      vertex 63.433098304378795 -1.9300426837870268 17.258822508450685
      vertex 63.3962957428366 -2.0357521606662057 17.239179353705733
    endloop
  endfacet
  facet normal -0.21198351772033422 -0.030728434075406656 0.9767900242908842
    outer loop
      vertex 85 -2.129747249186039 21.933001160621643
      vertex 63.477529761565236 -1.793638241708212 17.27275613917927
      vertex 63.433098304378795 -1.9300426837870268 17.258822508450685
    endloop
  endfacet
  facet normal -0.21235569231159968 -0.026384244044609272 0.9768361846333579
    outer loop
      vertex 85 0 22
      vertex 63.725611903558274 -1.029137395229297 17.34733612819373
      vertex 63.477529761565236 -1.793638241708212 17.27275613917927
    endloop
  endfacet
  facet normal -0.21235569231159954 -0.02638424404461265 0.9768361846333579
    outer loop
      vertex 85 0 22
      vertex 63.840698382531265 0 17.400151822289406
      vertex 63.725611903558274 -1.029137395229297 17.34733612819373
    endloop
  endfacet
  facet normal -0.19960628217657517 -0.3374603193043924 0.9199336198936438
    outer loop
      vertex 62 -5.722359210252762 16.17474991083145
      vertex 85 -6.358176901936531 20.932029299438
      vertex 85 -5.08731047809124 21.39822270721197
    endloop
  endfacet
  facet normal -0.2062324400136324 -0.22852795058561576 0.9514426711511114
    outer loop
      vertex 62 -4.578579433262348 16.534990273416042
      vertex 85 -5.08731047809124 21.39822270721197
      vertex 85 -3.6968126595020294 21.732207745313644
    endloop
  endfacet
  facet normal -0.2102401509880858 -0.12425373047479547 0.9697216556185615
    outer loop
      vertex 85 -3.6968126595020294 21.732207745313644
      vertex 85 -2.129747249186039 21.933001160621643
      vertex 62.52270832650876 -3.2999191082558155 16.90988201524484
    endloop
  endfacet
  facet normal -0.2119835177203341 -0.030728434075385294 0.9767900242908849
    outer loop
      vertex 85 -2.129747249186039 21.933001160621643
      vertex 85 0 22
      vertex 63.477529761565236 -1.793638241708212 17.27275613917927
    endloop
  endfacet
  facet normal 0 0 -1
    outer loop
      vertex 62 -12.885485804188807 0
      vertex 62.0086559544282 12.900564271940667 0
      vertex 85 14.399999998509884 0
    endloop
  endfacet
  facet normal 0 0 -1
    outer loop
      vertex 62.00865544863179 12.900564484290218 0
      vertex 62.008655913978494 12.900564514638916 0
      vertex 62.0086559544282 12.900564271940667 0
    endloop
  endfacet
  facet normal 0 0 -1
    outer loop
      vertex 62.0086559544282 12.900564271940667 0
      vertex 62.008655913978494 12.900564514638916 0
      vertex 85 14.399999998509884 0
    endloop
  endfacet
  facet normal -0.0460667016887476 0.7063560925607973 -0.7063560925608003
    outer loop
      vertex 62.008655913978494 12.900564514638916 0
      vertex 62.008655913978494 13.490514534318882 0.5899500196799636
      vertex 85 14.99135186523199 0.5913518667221069
    endloop
  endfacet
  facet normal -0.04606670170594765 0.7063560928240382 -0.7063560922964379
    outer loop
      vertex 62.008655913978494 13.490514534318882 0.5899500196799636
      vertex 62.00865207325344 13.49051611249255 0.5899518483357021
      vertex 85 14.99135186523199 0.5913518667221069
    endloop
  endfacet
  facet normal -0.06513359349815048 0.9977698615034732 0.014591726195267017
    outer loop
      vertex 62.00865207325344 13.49051611249255 0.5899518483357021
      vertex 62.00864733801497 13.490501880084544 0.5909039114762383
      vertex 85 14.99135186523199 0.5913518667221069
    endloop
  endfacet
  facet normal -0.06539473345449973 0.9977147530108178 0.016994130191857325
    outer loop
      vertex 62.00864733801497 13.490501880084544 0.5909039114762383
      vertex 62.00864733801497 13.459455566569607 2.4136135571451356
      vertex 85 14.954318977892399 3.123629294335842
    endloop
  endfacet
  facet normal -0.06539473345459501 0.9977147530107567 0.016994130195072354
    outer loop
      vertex 62.00864421466683 13.459454773565078 2.4136480950587176
      vertex 62.00860817173603 13.459446770677332 2.4139792435937615
      vertex 85 14.954318977892399 3.123629294335842
    endloop
  endfacet
  facet normal -0.06539473345410625 0.9977147530110697 0.0169941301785861
    outer loop
      vertex 62.00864733801497 13.459455566569607 2.4136135571451356
      vertex 62.00864421466683 13.459454773565078 2.4136480950587176
      vertex 85 14.954318977892399 3.123629294335842
    endloop
  endfacet
  facet normal -0.06659091016258696 0.9960149333874051 0.059328771713237194
    outer loop
      vertex 62.00860817173603 13.459446770677332 2.4139792435937615
      vertex 62.00859071743025 13.4593945006556 2.4148371650142657
      vertex 85 14.954318977892399 3.123629294335842
    endloop
  endfacet
  facet normal -0.06782064204860073 0.9953051167331998 0.06905132233945517
    outer loop
      vertex 62.00859071743025 13.4593945006556 2.4148371650142657
      vertex 62.00859071743025 13.336269979185012 4.189552870132363
      vertex 85 14.817414373159409 5.421991907060146
    endloop
  endfacet
  facet normal -0.06782064204862075 0.9953051167331699 0.06905132233986455
    outer loop
      vertex 62.00859071743025 13.336269979185012 4.189552870132363
      vertex 62.00851120601941 13.33622125936088 4.190177022919762
      vertex 85 14.817414373159409 5.421991907060146
    endloop
  endfacet
  facet normal -0.06980039587261735 0.9913998646632548 0.11069874923279795
    outer loop
      vertex 62.00851120601941 13.33622125936088 4.190177022919762
      vertex 62.00848236017085 13.33613541934745 4.190927603451376
      vertex 85 14.817414373159409 5.421991907060146
    endloop
  endfacet
  facet normal -0.0722230464007839 0.989059600045234 0.1286271321570682
    outer loop
      vertex 62.00848236017085 13.33613541934745 4.190927603451376
      vertex 62.00848236017086 13.131382962908914 5.765341798009392
      vertex 85 14.589697301387787 7.461388699710369
    endloop
  endfacet
  facet normal -0.07222304640079359 0.989059600045214 0.1286271321572167
    outer loop
      vertex 62.00848236017086 13.131382962908914 5.765341798009392
      vertex 62.00835177639681 13.131257356356672 5.766234309615813
      vertex 85 14.589697301387787 7.461388699710369
    endloop
  endfacet
  facet normal -0.0747155154105587 0.9830138928252112 0.1676343588574811
    outer loop
      vertex 62.00835177639681 13.131257356356672 5.766234309615813
      vertex 62.00831183680772 13.131139953575108 5.766904962452833
      vertex 85 14.589697301387787 7.461388699710369
    endloop
  endfacet
  facet normal 0 0 -1
    outer loop
      vertex 62.005502260816016 -12.893471892457697 0
      vertex 85 14.399999998509884 0
      vertex 85.01 14.38878193112853 0
    endloop
  endfacet
  facet normal -0.04606670168874777 0.7063560925607989 -0.7063560925607989
    outer loop
      vertex 62.008655913978494 12.900564514638916 0
      vertex 85 14.99135186523199 0.5913518667221069
      vertex 85 14.399999998509884 0
    endloop
  endfacet
  facet normal -0.07857047148850017 0.9778081895497451 0.1942107758584068
    outer loop
      vertex 62.00831183680772 13.131139953575108 5.766904962452833
      vertex 62.00831183680772 12.845402690289726 7.2055287198888145
      vertex 85 14.271838158369064 9.32532611489296
    endloop
  endfacet
  facet normal -0.07857047148849282 0.9778081895497643 0.19421077585831373
    outer loop
      vertex 62.00830576104617 12.845390538872715 7.205587441551225
      vertex 62.0081218278313 12.845158315379829 7.206682222789788
      vertex 85 14.271838158369064 9.32532611489296
    endloop
  endfacet
  facet normal -0.07857047148967591 0.9778081895467126 0.1942107758731997
    outer loop
      vertex 62.00831183680772 12.845402690289726 7.2055287198888145
      vertex 62.00830576104617 12.845390538872715 7.205587441551225
      vertex 85 14.271838158369064 9.32532611489296
    endloop
  endfacet
  facet normal -0.08133555200641823 0.9698929058832632 0.22954798865843037
    outer loop
      vertex 62.0081218278313 12.845158315379829 7.206682222789788
      vertex 62.008071293799084 12.845012319517938 7.20728118311235
      vertex 85 14.271838158369064 9.32532611489296
    endloop
  endfacet
  facet normal -0.08678964345454919 0.9604060925169513 0.2647408076692246
    outer loop
      vertex 62.008071293799084 12.845012319517938 7.20728118311235
      vertex 62.008071293799084 12.479135168034183 8.53458183045639
      vertex 85 13.864743143320084 11.04539593309164
    endloop
  endfacet
  facet normal -0.0867896434545107 0.9604060925170702 0.2647408076688067
    outer loop
      vertex 62.008071293799084 12.479135168034183 8.53458183045639
      vertex 62.00780808081067 12.478739507279602 8.535930888960053
      vertex 85 13.864743143320084 11.04539593309164
    endloop
  endfacet
  facet normal -0.08964411828190912 0.950932794032432 0.29612624552904987
    outer loop
      vertex 62.00780808081067 12.478739507279602 8.535930888960053
      vertex 62.00774777488898 12.478569050663966 8.536460010295826
      vertex 85 13.864743143320084 11.04539593309164
    endloop
  endfacet
  facet normal -0.09676101247510568 0.9356656959514348 0.33936265540643923
    outer loop
      vertex 62.00774777488898 12.478569050663966 8.536460010295826
      vertex 62.00774777488898 12.03361840792682 9.763245121056102
      vertex 85 13.36951843649149 12.63568190485239
    endloop
  endfacet
  facet normal -0.09676101247514761 0.9356656959512831 0.3393626554068453
    outer loop
      vertex 62.00774777488898 12.03361840792682 9.763245121056102
      vertex 62.00737362231347 12.032995208529972 9.764856679978772
      vertex 85 13.36951843649149 12.63568190485239
    endloop
  endfacet
  facet normal -0.09958762872369557 0.9248625945711463 0.36703063273835757
    outer loop
      vertex 62.00737362231347 12.032995208529972 9.764856679978772
      vertex 62.00730458637645 12.032806326014192 9.765313904072292
      vertex 85 13.36951843649149 12.63568190485239
    endloop
  endfacet
  facet normal -0.10829376136580814 0.9023881640527379 0.4170947885394568
    outer loop
      vertex 62.00730458637645 12.032806326014192 9.765313904072292
      vertex 62.00730458637645 11.509991810516377 10.896427607104247
      vertex 85 12.787418380379677 14.102487452328205
    endloop
  endfacet
  facet normal -0.10829376136578579 0.9023881640528325 0.41709478853925813
    outer loop
      vertex 62.00730455058414 11.509952544792226 10.896512549543267
      vertex 62.006791529584206 11.509054128253595 10.898323081580246
      vertex 85 12.787418380379677 14.102487452328205
    endloop
  endfacet
  facet normal -0.10829376136777656 0.9023881640444507 0.4170947885568756
    outer loop
      vertex 62.00730458637645 11.509991810516377 10.896427607104247
      vertex 62.00730455058414 11.509952544792226 10.896512549543267
      vertex 85 12.787418380379677 14.102487452328205
    endloop
  endfacet
  facet normal -0.11104843249030003 0.8902638101809236 0.441699664844328
    outer loop
      vertex 62.006791529584206 11.509054128253595 10.898323081580246
      vertex 62.00671584773238 11.508854972067995 10.898705461751758
      vertex 85 12.787418380379677 14.102487452328205
    endloop
  endfacet
  facet normal -0.12110253557307632 0.859460713720261 0.4966502365339528
    outer loop
      vertex 62.00671584773238 11.508854972067995 10.898705461751758
      vertex 62.00671584773238 10.909427988442392 11.9360228841
      vertex 85 12.119771510362625 15.448157131671906
    endloop
  endfacet
  facet normal -0.07471551541069939 0.9830138928248172 0.16763435885972938
    outer loop
      vertex 62.00831183680772 13.131139953575108 5.766904962452833
      vertex 85 14.271838158369064 9.32532611489296
      vertex 85 14.589697301387787 7.461388699710369
    endloop
  endfacet
  facet normal -0.08133555200628556 0.9698929058836818 0.22954798865670822
    outer loop
      vertex 62.008071293799084 12.845012319517938 7.20728118311235
      vertex 85 13.864743143320084 11.04539593309164
      vertex 85 14.271838158369064 9.32532611489296
    endloop
  endfacet
  facet normal -0.08964411828208275 0.9509327940318139 0.2961262455309826
    outer loop
      vertex 62.00774777488898 12.478569050663966 8.536460010295826
      vertex 85 13.36951843649149 12.63568190485239
      vertex 85 13.864743143320084 11.04539593309164
    endloop
  endfacet
  facet normal -0.09958762872377862 0.9248625945708113 0.3670306327391788
    outer loop
      vertex 62.00730458637645 12.032806326014192 9.765313904072292
      vertex 85 12.787418380379677 14.102487452328205
      vertex 85 13.36951843649149 12.63568190485239
    endloop
  endfacet
  facet normal -0.06513359349815133 0.9977698615034863 0.014591726194360341
    outer loop
      vertex 62.00864733801497 13.490501880084544 0.5909039114762383
      vertex 85 14.954318977892399 3.123629294335842
      vertex 85 14.99135186523199 0.5913518667221069
    endloop
  endfacet
  facet normal -0.06659091016257532 0.9960149333874315 0.059328771712803124
    outer loop
      vertex 62.00859071743025 13.4593945006556 2.4148371650142657
      vertex 85 14.817414373159409 5.421991907060146
      vertex 85 14.954318977892399 3.123629294335842
    endloop
  endfacet
  facet normal -0.06980039587262048 0.9913998646632471 0.11069874923286518
    outer loop
      vertex 62.00848236017085 13.33613541934745 4.190927603451376
      vertex 85 14.589697301387787 7.461388699710369
      vertex 85 14.817414373159409 5.421991907060146
    endloop
  endfacet
  facet normal -0.21154370203658918 0.10687892565712809 0.9715071576571285
    outer loop
      vertex 85 2.129747249186039 21.933001160621643
      vertex 62.52270832650876 3.2999191082558155 16.90988201524484
      vertex 62.8132363833351 2.98599277541573 17.007680049080328
    endloop
  endfacet
  facet normal -0.21024015098808602 0.12425373047480749 0.9697216556185598
    outer loop
      vertex 85 3.6968126595020294 21.732207745313644
      vertex 62.48982375398919 3.335004383382067 16.898256891947295
      vertex 62.52270832650876 3.2999191082558155 16.90988201524484
    endloop
  endfacet
  facet normal -0.20885587615313053 0.19752020022721647 0.9577917276206287
    outer loop
      vertex 62 4.578579433262348 16.534990273416042
      vertex 62 3.828976864026114 16.689576751140375
      vertex 62.48982375398919 3.335004383382067 16.898256891947295
    endloop
  endfacet
  facet normal -0.19667729949476628 0.3927002540623374 0.8983899767488625
    outer loop
      vertex 62 5.722359210252762 16.17474991083145
      vertex 85 6.358176901936531 20.932029299438
      vertex 62 6.777856595814228 15.713375560939312
    endloop
  endfacet
  facet normal -0.2088558761531337 0.1975202002272151 0.9577917276206283
    outer loop
      vertex 62 4.578579433262348 16.534990273416042
      vertex 62.48982375398919 3.335004383382067 16.898256891947295
      vertex 85 3.6968126595020294 21.732207745313644
    endloop
  endfacet
  facet normal -0.2039446004925507 0.294094583566229 0.9337638758524235
    outer loop
      vertex 62 5.722359210252762 16.17474991083145
      vertex 62 4.578579433262348 16.534990273416042
      vertex 85 5.08731047809124 21.39822270721197
    endloop
  endfacet
  facet normal -0.13479107078098268 0.8060160697757547 0.5763414461072203
    outer loop
      vertex 62.0058804068636 10.233163730419376 12.882061521669796
      vertex 62.00475820390543 10.23132199716341 12.884374740112072
      vertex 85 11.36787424981594 16.672882229089737
    endloop
  endfacet
  facet normal -0.13754016866470767 0.789655117404689 0.5979360313279931
    outer loop
      vertex 62.00475820390543 10.23132199716341 12.884374740112072
      vertex 62.00468282410833 10.231148256489673 12.884586848858604
      vertex 85 11.36787424981594 16.672882229089737
    endloop
  endfacet
  facet normal -0.14885074366843704 0.7416404395210849 0.6540740895161076
    outer loop
      vertex 62.00468282410833 10.231148256489673 12.884586848858604
      vertex 62.00468282410833 9.48239148345806 13.733585931908017
      vertex 85 10.53283441066742 17.775664880871773
    endloop
  endfacet
  facet normal -0.1488507436684449 0.7416404395210318 0.6540740895161661
    outer loop
      vertex 62.00464580427345 9.482271761382215 13.73371325739657
      vertex 62.00285418390609 9.479681672289408 13.736242375757394
      vertex 85 10.53283441066742 17.775664880871773
    endloop
  endfacet
  facet normal -0.14885074366858533 0.7416404395200813 0.6540740895172119
    outer loop
      vertex 62.00468282410833 9.48239148345806 13.733585931908017
      vertex 62.00464580427345 9.482271761382215 13.73371325739657
      vertex 85 10.53283441066742 17.775664880871773
    endloop
  endfacet
  facet normal -0.15173801547609753 0.7212779958666529 0.6758207065028122
    outer loop
      vertex 62.00285418390609 9.479681672289408 13.736242375757394
      vertex 62.002798850042524 9.47956748824925 13.736351816300258
      vertex 85 10.53283441066742 17.775664880871773
    endloop
  endfacet
  facet normal -0.1626827206210941 0.6665923429522672 0.7274537653546967
    outer loop
      vertex 62.00279885004253 8.6576963184528 14.489462260937811
      vertex 85 9.61533235013485 18.754880286753178
      vertex 62.002798850042524 9.47956748824925 13.736351816300258
    endloop
  endfacet
  facet normal -0.16268272062108788 0.6665923429523174 0.727453765354652
    outer loop
      vertex 62.0026937907214 8.65752160989224 14.489598858007291
      vertex 62 8.65379911661148 14.492407493293285
      vertex 85 9.61533235013485 18.754880286753178
    endloop
  endfacet
  facet normal -0.1626827206209651 0.6665923429533142 0.7274537653537662
    outer loop
      vertex 62.0026937907214 8.65752160989224 14.489598858007291
      vertex 85 9.61533235013485 18.754880286753178
      vertex 62.00279885004253 8.6576963184528 14.489462260937811
    endloop
  endfacet
  facet normal -0.12110253557300583 0.8594607137206065 0.4966502365333722
    outer loop
      vertex 62.006687303713115 10.90937479692899 11.936107972679155
      vertex 62.00595945344522 10.908108387712481 11.938122034855196
      vertex 85 12.119771510362625 15.448157131671906
    endloop
  endfacet
  facet normal -0.1211025355731413 0.8594607137199426 0.496650236534488
    outer loop
      vertex 62.00671584773238 10.909427988442392 11.9360228841
      vertex 62.006687303713115 10.90937479692899 11.936107972679155
      vertex 85 12.119771510362625 15.448157131671906
    endloop
  endfacet
  facet normal -0.12381308081220317 0.8456533199959202 0.5191731728428084
    outer loop
      vertex 62.00595945344522 10.908108387712481 11.938122034855196
      vertex 62.0058804068636 10.907911984909754 11.938423093711007
      vertex 85 12.119771510362625 15.448157131671906
    endloop
  endfacet
  facet normal -0.13479107078100705 0.8060160697756149 0.57634144610741
    outer loop
      vertex 62.0058804068636 10.233163730419376 12.882061521669796
      vertex 85 11.36787424981594 16.672882229089737
      vertex 62.0058804068636 10.907911984909754 11.938423093711007
    endloop
  endfacet
  facet normal -0.17564832941674016 0.5819694427305326 0.7940146296517602
    outer loop
      vertex 62 8.65379911661148 14.492407493293285
      vertex 62 7.753713898360729 15.152120895683765
      vertex 85 8.615237660706043 19.608627036213875
    endloop
  endfacet
  facet normal -0.1871429253762882 0.48975413731691614 0.851538848475258
    outer loop
      vertex 62 6.777856595814228 15.713375560939312
      vertex 85 7.530951775610447 20.334956608712673
      vertex 62 7.753713898360729 15.152120895683765
    endloop
  endfacet
  facet normal -0.21235569231159954 0.02638424404461265 0.9768361846333579
    outer loop
      vertex 85 0 22
      vertex 63.725611903558274 1.029137395229297 17.34733612819373
      vertex 63.840698382531265 0 17.400151822289406
    endloop
  endfacet
  facet normal -0.21235569231159968 0.026384244044609272 0.9768361846333579
    outer loop
      vertex 85 0 22
      vertex 63.477529761565236 1.793638241708212 17.27275613917927
      vertex 63.725611903558274 1.029137395229297 17.34733612819373
    endloop
  endfacet
  facet normal -0.21198351772033422 0.030728434075406656 0.9767900242908842
    outer loop
      vertex 85 2.129747249186039 21.933001160621643
      vertex 63.433098304378795 1.9300426837870268 17.258822508450685
      vertex 63.477529761565236 1.793638241708212 17.27275613917927
    endloop
  endfacet
  facet normal -0.21154370203658962 0.10687892565710758 0.9715071576571307
    outer loop
      vertex 85 2.129747249186039 21.933001160621643
      vertex 63.3962957428366 2.0357521606662057 17.239179353705733
      vertex 63.433098304378795 1.9300426837870268 17.258822508450685
    endloop
  endfacet
  facet normal -0.2115437020365893 0.10687892565712831 0.9715071576571286
    outer loop
      vertex 85 2.129747249186039 21.933001160621643
      vertex 63.12820682812169 2.502471794158197 17.12945806790323
      vertex 63.3962957428366 2.0357521606662057 17.239179353705733
    endloop
  endfacet
  facet normal -0.21154370203658915 0.1068789256571316 0.9715071576571283
    outer loop
      vertex 85 2.129747249186039 21.933001160621643
      vertex 62.8132363833351 2.98599277541573 17.007680049080328
      vertex 63.12820682812169 2.502471794158197 17.12945806790323
    endloop
  endfacet
  facet normal -0.19037626270512334 0.44539974119006615 0.8748576736511213
    outer loop
      vertex 62 6.777856595814228 15.713375560939312
      vertex 85 6.358176901936531 20.932029299438
      vertex 85 7.530951775610447 20.334956608712673
    endloop
  endfacet
  facet normal -0.11104843249026455 0.8902638101810866 0.4416996648440086
    outer loop
      vertex 62.00671584773238 11.508854972067995 10.898705461751758
      vertex 85 12.119771510362625 15.448157131671906
      vertex 85 12.787418380379677 14.102487452328205
    endloop
  endfacet
  facet normal -0.12381308081153654 0.8456533199994467 0.5191731728372231
    outer loop
      vertex 62.0058804068636 10.907911984909754 11.938423093711007
      vertex 85 11.36787424981594 16.672882229089737
      vertex 85 12.119771510362625 15.448157131671906
    endloop
  endfacet
  facet normal -0.13754016866445626 0.789655117406241 0.5979360313260011
    outer loop
      vertex 62.00468282410833 10.231148256489673 12.884586848858604
      vertex 85 10.53283441066742 17.775664880871773
      vertex 85 11.36787424981594 16.672882229089737
    endloop
  endfacet
  facet normal -0.1517380154763265 0.7212779958649725 0.6758207065045543
    outer loop
      vertex 62.002798850042524 9.47956748824925 13.736351816300258
      vertex 85 9.61533235013485 18.754880286753178
      vertex 85 10.53283441066742 17.775664880871773
    endloop
  endfacet
  facet normal -0.16576846190153424 0.6402828424356819 0.7500391314600082
    outer loop
      vertex 62 8.65379911661148 14.492407493293285
      vertex 85 8.615237660706043 19.608627036213875
      vertex 85 9.61533235013485 18.754880286753178
    endloop
  endfacet
  facet normal -0.17889415936775735 0.5475628674819507 0.817417754822494
    outer loop
      vertex 62 7.753713898360729 15.152120895683765
      vertex 85 7.530951775610447 20.334956608712673
      vertex 85 8.615237660706043 19.608627036213875
    endloop
  endfacet
  facet normal -0.21198351772033408 0.030728434075385294 0.9767900242908849
    outer loop
      vertex 85 0 22
      vertex 85 2.129747249186039 21.933001160621643
      vertex 63.477529761565236 1.793638241708212 17.27275613917927
    endloop
  endfacet
  facet normal -0.2102401509880858 0.12425373047479547 0.9697216556185615
    outer loop
      vertex 85 2.129747249186039 21.933001160621643
      vertex 85 3.6968126595020294 21.732207745313644
      vertex 62.52270832650876 3.2999191082558155 16.90988201524484
    endloop
  endfacet
  facet normal -0.2062324400136324 0.22852795058561576 0.9514426711511114
    outer loop
      vertex 62 4.578579433262348 16.534990273416042
      vertex 85 3.6968126595020294 21.732207745313644
      vertex 85 5.08731047809124 21.39822270721197
    endloop
  endfacet
  facet normal -0.19960628217657517 0.3374603193043924 0.9199336198936438
    outer loop
      vertex 62 5.722359210252762 16.17474991083145
      vertex 85 5.08731047809124 21.39822270721197
      vertex 85 6.358176901936531 20.932029299438
    endloop
  endfacet
  facet normal -0.03925343359894298 -0.7065618047809737 -0.7065618047809737
    outer loop
      vertex 85 -14.399999998509884 0
      vertex 112 -16.491942539811134 0.5919425413012505
      vertex 85 -14.99135186523199 0.5913518667221069
    endloop
  endfacet
  facet normal 0 0 -1
    outer loop
      vertex 85 -14.399999998509884 0
      vertex 85 -14.399348108027485 0
      vertex 112 -15.899444648639465 0
    endloop
  endfacet
  facet normal -0.055601879636786276 -0.9983462657983965 0.014600155727034303
    outer loop
      vertex 85 -14.99135186523199 0.5913518667221069
      vertex 112 -16.449750870466232 3.6915619000792503
      vertex 85 -14.954318977892399 3.123629294335842
    endloop
  endfacet
  facet normal -0.05548696759426528 -0.9983669253440995 0.013589658059049969
    outer loop
      vertex 85 -14.99135186523199 0.5913518667221069
      vertex 112 -16.491942539811134 0.5919425413012505
      vertex 112 -16.449750870466232 3.6915619000792503
    endloop
  endfacet
  facet normal -0.03925343359894298 -0.7065618047809736 -0.7065618047809736
    outer loop
      vertex 85 -14.399999998509884 0
      vertex 112 -15.899999998509884 0
      vertex 112 -16.491942539811134 0.5919425413012505
    endloop
  endfacet
  facet normal 0 0 -1
    outer loop
      vertex 85 -14.399999998509884 0
      vertex 112 -15.899444648639465 0
      vertex 112 -15.899999998509884 0
    endloop
  endfacet
  facet normal 0 0 -1
    outer loop
      vertex 112 -15.899999998509884 0
      vertex 112 -15.899444648639465 0
      vertex 112.01 -15.899999998509884 0
    endloop
  endfacet
  facet normal -0.05686108173309239 -0.9966156066452315 0.05936455150424137
    outer loop
      vertex 85 -14.954318977892399 3.123629294335842
      vertex 112 -16.299155808985233 6.407808616757393
      vertex 85 -14.817414373159409 5.421991907060146
    endloop
  endfacet
  facet normal -0.05637605023514012 -0.9968786523858192 0.05526928059345601
    outer loop
      vertex 85 -14.954318977892399 3.123629294335842
      vertex 112 -16.449750870466232 3.6915619000792503
      vertex 112 -16.299155808985233 6.407808616757393
    endloop
  endfacet
  facet normal 0 -0.9984666078848058 0.05535732055482278
    outer loop
      vertex 112.01 -16.449750870466232 3.6915619000792503
      vertex 112.01 -16.299155808985233 6.407808616757393
      vertex 112 -16.299155808985233 6.407808616757393
    endloop
  endfacet
  facet normal -0.05917396973466625 -0.9920823308326007 0.11077495274472153
    outer loop
      vertex 85 -14.817414373159409 5.421991907060146
      vertex 112 -16.048667035996914 8.818004831671715
      vertex 85 -14.589697301387787 7.461388699710369
    endloop
  endfacet
  facet normal -0.0625401834728715 -0.9838395308996225 0.16777515576029245
    outer loop
      vertex 85 -14.589697301387787 7.461388699710369
      vertex 112 -15.699021972715855 11.02083995938301
      vertex 85 -14.271838158369064 9.32532611489296
    endloop
  endfacet
  facet normal -0.058260473460836903 -0.9929532787457915 0.10319643143104167
    outer loop
      vertex 85 -14.817414373159409 5.421991907060146
      vertex 112 -16.299155808985233 6.407808616757393
      vertex 112 -16.048667035996914 8.818004831671715
    endloop
  endfacet
  facet normal -0.06112983850586428 -0.9857892582255035 0.1564694258040804
    outer loop
      vertex 85 -14.589697301387787 7.461388699710369
      vertex 112 -16.048667035996914 8.818004831671715
      vertex 112 -15.699021972715855 11.02083995938301
    endloop
  endfacet
  facet normal 0 -0.9876363132981075 0.15676259966880593
    outer loop
      vertex 112 -16.048667035996914 8.818004831671715
      vertex 112.01 -16.048667035996914 8.818004831671715
      vertex 112.005 -15.873844504356384 9.919422395527363
    endloop
  endfacet
  facet normal -0.06695036739250095 -0.9709336855388241 0.22979431366333886
    outer loop
      vertex 85 -14.271838158369064 9.32532611489296
      vertex 112 -15.25121745467186 13.053649745881557
      vertex 85 -13.864743143320084 11.04539593309164
    endloop
  endfacet
  facet normal -0.0649927946306954 -0.97452055568374 0.21467562319915823
    outer loop
      vertex 85 -14.271838158369064 9.32532611489296
      vertex 112 -15.699021972715855 11.02083995938301
      vertex 112 -15.25121745467186 13.053649745881557
    endloop
  endfacet
  facet normal 0 -0.9876363132981075 0.15676259966880593
    outer loop
      vertex 112.01 -16.048667035996914 8.818004831671715
      vertex 112.01 -15.699021972715855 11.02083995938301
      vertex 112.005 -15.873844504356384 9.919422395527363
    endloop
  endfacet
  facet normal 0 -0.9876363132981075 0.15676259966880593
    outer loop
      vertex 112.005 -15.873844504356384 9.919422395527363
      vertex 112.01 -15.699021972715855 11.02083995938301
      vertex 112 -15.699021972715855 11.02083995938301
    endloop
  endfacet
  facet normal 0 -0.9765853175382854 0.21513046638876276
    outer loop
      vertex 112.01 -15.699021972715855 11.02083995938301
      vertex 112.01 -15.25121745467186 13.053649745881557
      vertex 112 -15.25121745467186 13.053649745881557
    endloop
  endfacet
  facet normal 0 0 -1
    outer loop
      vertex 85 -14.399348108027485 0
      vertex 85.01 14.38878193112853 0
      vertex 112 -15.899444648639465 0
    endloop
  endfacet
  facet normal -0.07238591705098296 -0.9522721908315493 0.2965433418264003
    outer loop
      vertex 85 -13.864743143320084 11.04539593309164
      vertex 112 -14.706470280885696 14.933078616857529
      vertex 85 -13.36951843649149 12.63568190485239
    endloop
  endfacet
  facet normal -0.06985635860098174 -0.9581220248083618 0.27770897490022883
    outer loop
      vertex 85 -13.864743143320084 11.04539593309164
      vertex 112 -15.25121745467186 13.053649745881557
      vertex 112 -14.706470280885696 14.933078616857529
    endloop
  endfacet
  facet normal 0 -0.9604683908780306 0.2783890625081499
    outer loop
      vertex 112.01 -15.25121745467186 13.053649745881557
      vertex 112.01 -14.706470280885696 14.933078616857529
      vertex 112 -14.706470280885696 14.933078616857529
    endloop
  endfacet
  facet normal 0 -0.9380526032896924 0.34649287649449756
    outer loop
      vertex 112.01 -14.706470280885696 14.933078616857529
      vertex 112.005 -14.386315248906612 15.799827348440886
      vertex 112 -14.706470280885696 14.933078616857529
    endloop
  endfacet
  facet normal 0 -0.9380526032896924 0.34649287649449756
    outer loop
      vertex 112.01 -14.706470280885696 14.933078616857529
      vertex 112.01 -14.066160216927528 16.666576080024242
      vertex 112.005 -14.386315248906612 15.799827348440886
    endloop
  endfacet
  facet normal 0 -0.9380526032896924 0.34649287649449756
    outer loop
      vertex 112.005 -14.386315248906612 15.799827348440886
      vertex 112.01 -14.066160216927528 16.666576080024242
      vertex 112 -14.066160216927528 16.666576080024242
    endloop
  endfacet
  facet normal -0.0788048958244362 -0.9265926070311228 0.36771718614903903
    outer loop
      vertex 85 -13.36951843649149 12.63568190485239
      vertex 112 -14.066160216927528 16.666576080024242
      vertex 85 -12.787418380379677 14.102487452328205
    endloop
  endfacet
  facet normal -0.08612479653935287 -0.8924758745649942 0.4427971688487897
    outer loop
      vertex 85 -12.787418380379677 14.102487452328205
      vertex 112 -13.33174866437912 18.256912976503372
      vertex 85 -12.119771510362625 15.448157131671906
    endloop
  endfacet
  facet normal -0.07571399689810719 -0.9353599942733922 0.34549829491126754
    outer loop
      vertex 85 -13.36951843649149 12.63568190485239
      vertex 112 -14.706470280885696 14.933078616857529
      vertex 112 -14.066160216927528 16.666576080024242
    endloop
  endfacet
  facet normal -0.0942023570709105 -0.8484208842300515 0.5208722675710258
    outer loop
      vertex 85 -12.119771510362625 15.448157131671906
      vertex 112 -12.504661671817303 19.70431536436081
      vertex 85 -11.36787424981594 16.672882229089737
    endloop
  endfacet
  facet normal -0.10281322738691683 -0.7930070699316412 0.600474168730612
    outer loop
      vertex 85 -11.36787424981594 16.672882229089737
      vertex 112 -11.58611784875393 21.00760395079851
      vertex 85 -10.53283441066742 17.775664880871773
    endloop
  endfacet
  facet normal -0.08252966899393387 -0.904773227272749 0.41782084790757645
    outer loop
      vertex 85 -12.787418380379677 14.102487452328205
      vertex 112 -14.066160216927528 16.666576080024242
      vertex 112 -13.33174866437912 18.256912976503372
    endloop
  endfacet
  facet normal -0.09021667546514658 -0.8647026088689231 0.49411572499091216
    outer loop
      vertex 85 -12.119771510362625 15.448157131671906
      vertex 112 -13.33174866437912 18.256912976503372
      vertex 112 -12.504661671817303 19.70431536436081
    endloop
  endfacet
  facet normal 0 -0.9078703287854664 0.4192510776503376
    outer loop
      vertex 112.01 -14.066160216927528 16.666576080024242
      vertex 112.01 -13.33174866437912 18.256912976503372
      vertex 112 -13.33174866437912 18.256912976503372
    endloop
  endfacet
  facet normal -0.09861202179407641 -0.8134045982495179 0.5732788402725367
    outer loop
      vertex 85 -11.36787424981594 16.672882229089737
      vertex 112 -12.504661671817303 19.70431536436081
      vertex 112 -11.58611784875393 21.00760395079851
    endloop
  endfacet
  facet normal 0 -0.8682431644023383 0.4961388993705435
    outer loop
      vertex 112.01 -13.33174866437912 18.256912976503372
      vertex 112.005 -12.918205168098211 18.98061417043209
      vertex 112 -13.33174866437912 18.256912976503372
    endloop
  endfacet
  facet normal 0 -0.8682431644023383 0.4961388993705435
    outer loop
      vertex 112.01 -13.33174866437912 18.256912976503372
      vertex 112.01 -12.504661671817303 19.70431536436081
      vertex 112.005 -12.918205168098211 18.98061417043209
    endloop
  endfacet
  facet normal 0 -0.8682431644023383 0.4961388993705434
    outer loop
      vertex 112.005 -12.918205168098211 18.98061417043209
      vertex 112.01 -12.504661671817303 19.70431536436081
      vertex 112 -12.504661671817303 19.70431536436081
    endloop
  endfacet
  facet normal -0.1116380759584901 -0.7251661195114554 0.6794637879305886
    outer loop
      vertex 85 -10.53283441066742 17.775664880871773
      vertex 112 -10.576865583658218 22.164858520030975
      vertex 85 -9.61533235013485 18.754880286753178
    endloop
  endfacet
  facet normal -0.12026574129037938 -0.6445530843815342 0.7550413716387507
    outer loop
      vertex 85 -9.61533235013485 18.754880286753178
      vertex 112 -9.476761430501938 23.173831954598427
      vertex 85 -8.615237660706043 19.608627036213875
    endloop
  endfacet
  facet normal -0.1282249581353773 -0.5519466192009115 0.8239619467328966
    outer loop
      vertex 85 -8.615237660706043 19.608627036213875
      vertex 112 -8.284046955406666 24.03222144395113
      vertex 85 -7.530951775610447 20.334956608712673
    endloop
  endfacet
  facet normal -0.10745089198595857 -0.749292037473809 0.6534644201406606
    outer loop
      vertex 85 -10.53283441066742 17.775664880871773
      vertex 112 -11.58611784875393 21.00760395079851
      vertex 112 -10.576865583658218 22.164858520030975
    endloop
  endfacet
  facet normal 0 -0.8173885858317301 0.5760867120078403
    outer loop
      vertex 112.01 -12.504661671817303 19.70431536436081
      vertex 112.01 -11.58611784875393 21.00760395079851
      vertex 112 -11.58611784875393 21.00760395079851
    endloop
  endfacet
  facet normal 0 -0.7536554059885258 0.6572697536204375
    outer loop
      vertex 112.01 -11.58611784875393 21.00760395079851
      vertex 112.01 -10.576865583658218 22.164858520030975
      vertex 112.005 -11.081491716206074 21.586231235414743
    endloop
  endfacet
  facet normal -0.11635182503662306 -0.6713320366612611 0.7319669045543591
    outer loop
      vertex 85 -9.61533235013485 18.754880286753178
      vertex 112 -10.576865583658218 22.164858520030975
      vertex 112 -9.476761430501938 23.173831954598427
    endloop
  endfacet
  facet normal -0.12482916088806935 -0.5795721545307378 0.8053035441897539
    outer loop
      vertex 85 -8.615237660706043 19.608627036213875
      vertex 112 -9.476761430501938 23.173831954598427
      vertex 112 -8.284046955406666 24.03222144395113
    endloop
  endfacet
  facet normal -0.13234871413598498 -0.47566105733371317 0.8696150736979696
    outer loop
      vertex 85 -7.530951775610447 20.334956608712673
      vertex 112 -8.284046955406666 24.03222144395113
      vertex 112 -6.99399458616972 24.737852811813354
    endloop
  endfacet
  facet normal 0 -0.5841411604111161 0.8116520835392187
    outer loop
      vertex 112.01 -9.476761430501938 23.173831954598427
      vertex 112.01 -8.284046955406666 24.03222144395113
      vertex 112.005 -8.880404192954302 23.60302669927478
    endloop
  endfacet
  facet normal 0 -0.47988247925413285 0.8773327795682244
    outer loop
      vertex 112.01 -8.284046955406666 24.03222144395113
      vertex 112.01 -6.99399458616972 24.737852811813354
      vertex 112.005 -7.639020770788193 24.385037127882242
    endloop
  endfacet
  facet normal -0.1350495241662407 -0.4495409317665062 0.8829918327419419
    outer loop
      vertex 85 -7.530951775610447 20.334956608712673
      vertex 112 -6.99399458616972 24.737852811813354
      vertex 85 -6.358176901936531 20.932029299438
    endloop
  endfacet
  facet normal -0.14036631780221084 -0.3409811838807617 0.9295316719003839
    outer loop
      vertex 85 -6.358176901936531 20.932029299438
      vertex 112 -5.596041530370712 25.288808658719063
      vertex 85 -5.08731047809124 21.39822270721197
    endloop
  endfacet
  facet normal -0.14397944764400705 -0.23111511899228357 0.9622139681117237
    outer loop
      vertex 85 -5.08731047809124 21.39822270721197
      vertex 112 -4.066493928432465 25.68351824581623
      vertex 85 -3.6968126595020294 21.732207745313644
    endloop
  endfacet
  facet normal -0.1459228992195803 -0.12573389535073332 0.9812734048384695
    outer loop
      vertex 85 -3.6968126595020294 21.732207745313644
      vertex 112 -2.342721976339817 25.92081955820322
      vertex 85 -2.129747249186039 21.933001160621643
    endloop
  endfacet
  facet normal -0.14647775455540324 -0.031103886617318725 0.9887248432489718
    outer loop
      vertex 85 -2.129747249186039 21.933001160621643
      vertex 112 0 26
      vertex 85 0 22
    endloop
  endfacet
  facet normal -0.13842803044538463 -0.36313676431760944 0.9213953390309442
    outer loop
      vertex 85 -6.358176901936531 20.932029299438
      vertex 112 -6.99399458616972 24.737852811813354
      vertex 112 -5.596041530370712 25.288808658719063
    endloop
  endfacet
  facet normal -0.14275573993574261 -0.24731148630605104 0.958362054474451
    outer loop
      vertex 85 -5.08731047809124 21.39822270721197
      vertex 112 -5.596041530370712 25.288808658719063
      vertex 112 -4.066493928432465 25.68351824581623
    endloop
  endfacet
  facet normal 0 -0.36666685097464463 0.9303523098247984
    outer loop
      vertex 112.01 -6.99399458616972 24.737852811813354
      vertex 112.01 -5.596041530370712 25.288808658719063
      vertex 112 -5.596041530370712 25.288808658719063
    endloop
  endfacet
  facet normal 0 -0.2498706743565166 0.9682792190771314
    outer loop
      vertex 112 -5.596041530370712 25.288808658719063
      vertex 112.01 -5.596041530370712 25.288808658719063
      vertex 112.01 -4.066493928432465 25.68351824581623
    endloop
  endfacet
  facet normal 0 -0.13637777507718565 0.9906569045158857
    outer loop
      vertex 112.01 -4.066493928432465 25.68351824581623
      vertex 112.005 -3.204607952386141 25.802168902009726
      vertex 112 -4.066493928432465 25.68351824581623
    endloop
  endfacet
  facet normal -0.14528670774269345 -0.13493075177874211 0.980145634473629
    outer loop
      vertex 85 -3.6968126595020294 21.732207745313644
      vertex 112 -4.066493928432465 25.68351824581623
      vertex 112 -2.342721976339817 25.92081955820322
    endloop
  endfacet
  facet normal -0.1462882557856333 -0.03341579551696807 0.9886774655210694
    outer loop
      vertex 85 -2.129747249186039 21.933001160621643
      vertex 112 -2.342721976339817 25.92081955820322
      vertex 112 0 26
    endloop
  endfacet
  facet normal 0 -0.13637777507718563 0.9906569045158856
    outer loop
      vertex 112.01 -4.066493928432465 25.68351824581623
      vertex 112.01 -2.342721976339817 25.92081955820322
      vertex 112.005 -3.204607952386141 25.802168902009726
    endloop
  endfacet
  facet normal 0 -0.13637777507718565 0.9906569045158857
    outer loop
      vertex 112.005 -3.204607952386141 25.802168902009726
      vertex 112.01 -2.342721976339817 25.92081955820322
      vertex 112 -2.342721976339817 25.92081955820322
    endloop
  endfacet
  facet normal 0 -0.03377919186404918 0.9994293202608235
    outer loop
      vertex 112 -2.342721976339817 25.92081955820322
      vertex 112.01 -2.342721976339817 25.92081955820322
      vertex 112 0 26
    endloop
  endfacet
  facet normal 0 -0.03377919186404918 0.9994293202608235
    outer loop
      vertex 112.01 -2.342721976339817 25.92081955820322
      vertex 112.01 0 26
      vertex 112 0 26
    endloop
  endfacet
  facet normal 0 0 -1
    outer loop
      vertex 85.01 14.38878193112853 0
      vertex 112 15.899444648639465 0
      vertex 112 -15.899444648639465 0
    endloop
  endfacet
  facet normal -0.07238591705098296 0.9522721908315493 0.2965433418264003
    outer loop
      vertex 85 13.864743143320084 11.04539593309164
      vertex 85 13.36951843649149 12.63568190485239
      vertex 112 14.706470280885696 14.933078616857529
    endloop
  endfacet
  facet normal 0 0 -1
    outer loop
      vertex 85.01 14.38878193112853 0
      vertex 85 14.399999998509884 0
      vertex 112 15.899444648639465 0
    endloop
  endfacet
  facet normal -0.03925343359894298 0.7065618047809737 -0.7065618047809737
    outer loop
      vertex 85 14.399999998509884 0
      vertex 85 14.99135186523199 0.5913518667221069
      vertex 112 16.491942539811134 0.5919425413012505
    endloop
  endfacet
  facet normal -0.055601879636786276 0.9983462657983965 0.014600155727034303
    outer loop
      vertex 85 14.99135186523199 0.5913518667221069
      vertex 85 14.954318977892399 3.123629294335842
      vertex 112 16.449750870466232 3.6915619000792503
    endloop
  endfacet
  facet normal 0 0 -1
    outer loop
      vertex 85 14.399999998509884 0
      vertex 112 15.899999998509884 0
      vertex 112 15.899444648639465 0
    endloop
  endfacet
  facet normal -0.03925343359894298 0.7065618047809736 -0.7065618047809736
    outer loop
      vertex 85 14.399999998509884 0
      vertex 112 16.491942539811134 0.5919425413012505
      vertex 112 15.899999998509884 0
    endloop
  endfacet
  facet normal -0.05548696759426528 0.9983669253440995 0.013589658059049969
    outer loop
      vertex 85 14.99135186523199 0.5913518667221069
      vertex 112 16.449750870466232 3.6915619000792503
      vertex 112 16.491942539811134 0.5919425413012505
    endloop
  endfacet
  facet normal 0 0 -1
    outer loop
      vertex 112 15.899444648639465 0
      vertex 112 15.899999998509884 0
      vertex 112.01 15.899999998509884 0
    endloop
  endfacet
  facet normal -0.05686108173309239 0.9966156066452315 0.05936455150424137
    outer loop
      vertex 85 14.954318977892399 3.123629294335842
      vertex 85 14.817414373159409 5.421991907060146
      vertex 112 16.299155808985233 6.407808616757393
    endloop
  endfacet
  facet normal -0.05637605023514012 0.9968786523858192 0.05526928059345601
    outer loop
      vertex 85 14.954318977892399 3.123629294335842
      vertex 112 16.299155808985233 6.407808616757393
      vertex 112 16.449750870466232 3.6915619000792503
    endloop
  endfacet
  facet normal 0 0.9984666078848058 0.05535732055482278
    outer loop
      vertex 112 16.449750870466232 3.6915619000792503
      vertex 112 16.299155808985233 6.407808616757393
      vertex 112.01 16.449750870466232 3.6915619000792503
    endloop
  endfacet
  facet normal 0 0.9984666078848058 0.05535732055482278
    outer loop
      vertex 112.01 16.449750870466232 3.6915619000792503
      vertex 112 16.299155808985233 6.407808616757393
      vertex 112.01 16.299155808985233 6.407808616757393
    endloop
  endfacet
  facet normal -0.05917396973466625 0.9920823308326007 0.11077495274472153
    outer loop
      vertex 85 14.817414373159409 5.421991907060146
      vertex 85 14.589697301387787 7.461388699710369
      vertex 112 16.048667035996914 8.818004831671715
    endloop
  endfacet
  facet normal -0.0625401834728715 0.9838395308996225 0.16777515576029245
    outer loop
      vertex 85 14.589697301387787 7.461388699710369
      vertex 85 14.271838158369064 9.32532611489296
      vertex 112 15.699021972715855 11.02083995938301
    endloop
  endfacet
  facet normal -0.058260473460836903 0.9929532787457915 0.10319643143104167
    outer loop
      vertex 85 14.817414373159409 5.421991907060146
      vertex 112 16.048667035996914 8.818004831671715
      vertex 112 16.299155808985233 6.407808616757393
    endloop
  endfacet
  facet normal 0 0.9946427630065747 0.1033720174836825
    outer loop
      vertex 112.01 16.299155808985233 6.407808616757393
      vertex 112.005 16.173911422491074 7.612906724214554
      vertex 112.01 16.048667035996914 8.818004831671715
    endloop
  endfacet
  facet normal -0.06112983850586428 0.9857892582255035 0.1564694258040804
    outer loop
      vertex 85 14.589697301387787 7.461388699710369
      vertex 112 15.699021972715855 11.02083995938301
      vertex 112 16.048667035996914 8.818004831671715
    endloop
  endfacet
  facet normal 0 0.9876363132981075 0.15676259966880593
    outer loop
      vertex 112.01 16.048667035996914 8.818004831671715
      vertex 112 16.048667035996914 8.818004831671715
      vertex 112.01 15.699021972715855 11.02083995938301
    endloop
  endfacet
  facet normal -0.06695036739250095 0.9709336855388241 0.22979431366333886
    outer loop
      vertex 85 13.864743143320084 11.04539593309164
      vertex 112 15.25121745467186 13.053649745881557
      vertex 85 14.271838158369064 9.32532611489296
    endloop
  endfacet
  facet normal -0.0649927946306954 0.97452055568374 0.21467562319915823
    outer loop
      vertex 85 14.271838158369064 9.32532611489296
      vertex 112 15.25121745467186 13.053649745881557
      vertex 112 15.699021972715855 11.02083995938301
    endloop
  endfacet
  facet normal 0 0.9765853175382854 0.21513046638876276
    outer loop
      vertex 112.01 15.699021972715855 11.02083995938301
      vertex 112 15.25121745467186 13.053649745881557
      vertex 112.01 15.25121745467186 13.053649745881557
    endloop
  endfacet
  facet normal -0.0788048958244362 0.9265926070311228 0.36771718614903903
    outer loop
      vertex 85 13.36951843649149 12.63568190485239
      vertex 85 12.787418380379677 14.102487452328205
      vertex 112 14.066160216927528 16.666576080024242
    endloop
  endfacet
  facet normal -0.08612479653935287 0.8924758745649942 0.4427971688487897
    outer loop
      vertex 85 12.787418380379677 14.102487452328205
      vertex 85 12.119771510362625 15.448157131671906
      vertex 112 13.33174866437912 18.256912976503372
    endloop
  endfacet
  facet normal -0.07571399689810719 0.9353599942733922 0.34549829491126754
    outer loop
      vertex 85 13.36951843649149 12.63568190485239
      vertex 112 14.066160216927528 16.666576080024242
      vertex 112 14.706470280885696 14.933078616857529
    endloop
  endfacet
  facet normal -0.0942023570709105 0.8484208842300515 0.5208722675710258
    outer loop
      vertex 85 12.119771510362625 15.448157131671906
      vertex 85 11.36787424981594 16.672882229089737
      vertex 112 12.504661671817303 19.70431536436081
    endloop
  endfacet
  facet normal -0.10281322738691681 0.7930070699316412 0.600474168730612
    outer loop
      vertex 85 10.53283441066742 17.775664880871773
      vertex 112 11.58611784875393 21.00760395079851
      vertex 85 11.36787424981594 16.672882229089737
    endloop
  endfacet
  facet normal -0.08252966899393387 0.904773227272749 0.41782084790757645
    outer loop
      vertex 85 12.787418380379677 14.102487452328205
      vertex 112 13.33174866437912 18.256912976503372
      vertex 112 14.066160216927528 16.666576080024242
    endloop
  endfacet
  facet normal -0.09021667546514658 0.8647026088689231 0.49411572499091216
    outer loop
      vertex 85 12.119771510362625 15.448157131671906
      vertex 112 12.504661671817303 19.70431536436081
      vertex 112 13.33174866437912 18.256912976503372
    endloop
  endfacet
  facet normal 0 0.9078703287854664 0.4192510776503376
    outer loop
      vertex 112.01 14.066160216927528 16.666576080024242
      vertex 112 14.066160216927528 16.666576080024242
      vertex 112 13.33174866437912 18.256912976503372
    endloop
  endfacet
  facet normal 0 0.9078703287854664 0.4192510776503376
    outer loop
      vertex 112.01 14.066160216927528 16.666576080024242
      vertex 112 13.33174866437912 18.256912976503372
      vertex 112.01 13.33174866437912 18.256912976503372
    endloop
  endfacet
  facet normal -0.09861202179407641 0.8134045982495179 0.5732788402725367
    outer loop
      vertex 85 11.36787424981594 16.672882229089737
      vertex 112 11.58611784875393 21.00760395079851
      vertex 112 12.504661671817303 19.70431536436081
    endloop
  endfacet
  facet normal 0 0.8682431644023383 0.4961388993705435
    outer loop
      vertex 112.01 13.33174866437912 18.256912976503372
      vertex 112 12.504661671817303 19.70431536436081
      vertex 112.01 12.504661671817303 19.70431536436081
    endloop
  endfacet
  facet normal -0.14036631780221084 0.3409811838807617 0.9295316719003839
    outer loop
      vertex 85 6.358176901936531 20.932029299438
      vertex 85 5.08731047809124 21.39822270721197
      vertex 112 5.596041530370712 25.288808658719063
    endloop
  endfacet
  facet normal -0.13504952416624072 0.4495409317665062 0.8829918327419419
    outer loop
      vertex 85 6.358176901936531 20.932029299438
      vertex 112 6.99399458616972 24.737852811813354
      vertex 85 7.530951775610447 20.334956608712673
    endloop
  endfacet
  facet normal -0.14647775455540324 0.031103886617318725 0.9887248432489718
    outer loop
      vertex 85 0 22
      vertex 112 0 26
      vertex 85 2.129747249186039 21.933001160621643
    endloop
  endfacet
  facet normal -0.1459228992195803 0.12573389535073332 0.9812734048384695
    outer loop
      vertex 85 2.129747249186039 21.933001160621643
      vertex 112 2.342721976339817 25.92081955820322
      vertex 85 3.6968126595020294 21.732207745313644
    endloop
  endfacet
  facet normal -0.14397944764400705 0.23111511899228357 0.9622139681117237
    outer loop
      vertex 85 3.6968126595020294 21.732207745313644
      vertex 112 4.066493928432465 25.68351824581623
      vertex 85 5.08731047809124 21.39822270721197
    endloop
  endfacet
  facet normal -0.1462882557856333 0.03341579551696807 0.9886774655210694
    outer loop
      vertex 85 2.129747249186039 21.933001160621643
      vertex 112 0 26
      vertex 112 2.342721976339817 25.92081955820322
    endloop
  endfacet
  facet normal -0.14528670774269345 0.13493075177874211 0.980145634473629
    outer loop
      vertex 85 3.6968126595020294 21.732207745313644
      vertex 112 2.342721976339817 25.92081955820322
      vertex 112 4.066493928432465 25.68351824581623
    endloop
  endfacet
  facet normal 0 0.03377919186404918 0.9994293202608235
    outer loop
      vertex 112.01 0 26
      vertex 112.01 2.342721976339817 25.92081955820322
      vertex 112 2.342721976339817 25.92081955820322
    endloop
  endfacet
  facet normal 0 0.13637777507718565 0.9906569045158857
    outer loop
      vertex 112 2.342721976339817 25.92081955820322
      vertex 112.01 2.342721976339817 25.92081955820322
      vertex 112.01 4.066493928432465 25.68351824581623
    endloop
  endfacet
  facet normal -0.14275573993574261 0.24731148630605104 0.958362054474451
    outer loop
      vertex 85 5.08731047809124 21.39822270721197
      vertex 112 4.066493928432465 25.68351824581623
      vertex 112 5.596041530370712 25.288808658719063
    endloop
  endfacet
  facet normal -0.13842803044538463 0.36313676431760944 0.9213953390309442
    outer loop
      vertex 85 6.358176901936531 20.932029299438
      vertex 112 5.596041530370712 25.288808658719063
      vertex 112 6.99399458616972 24.737852811813354
    endloop
  endfacet
  facet normal 0 0.2498706743565166 0.9682792190771314
    outer loop
      vertex 112 4.066493928432465 25.68351824581623
      vertex 112.01 4.066493928432465 25.68351824581623
      vertex 112.01 5.596041530370712 25.288808658719063
    endloop
  endfacet
  facet normal 0 0.36666685097464463 0.9303523098247984
    outer loop
      vertex 112.01 6.99399458616972 24.737852811813354
      vertex 112 6.99399458616972 24.737852811813354
      vertex 112.01 5.596041530370712 25.288808658719063
    endloop
  endfacet
  facet normal -0.1116380759584901 0.7251661195114554 0.6794637879305886
    outer loop
      vertex 85 10.53283441066742 17.775664880871773
      vertex 85 9.61533235013485 18.754880286753178
      vertex 112 10.576865583658218 22.164858520030975
    endloop
  endfacet
  facet normal -0.12026574129037938 0.6445530843815342 0.7550413716387507
    outer loop
      vertex 85 9.61533235013485 18.754880286753178
      vertex 85 8.615237660706043 19.608627036213875
      vertex 112 9.476761430501938 23.173831954598427
    endloop
  endfacet
  facet normal -0.1282249581353773 0.5519466192009115 0.8239619467328966
    outer loop
      vertex 85 8.615237660706043 19.608627036213875
      vertex 85 7.530951775610447 20.334956608712673
      vertex 112 8.284046955406666 24.03222144395113
    endloop
  endfacet
  facet normal -0.12482916088806935 0.5795721545307378 0.8053035441897539
    outer loop
      vertex 85 8.615237660706043 19.608627036213875
      vertex 112 8.284046955406666 24.03222144395113
      vertex 112 9.476761430501938 23.173831954598427
    endloop
  endfacet
  facet normal -0.11635182503662306 0.6713320366612611 0.7319669045543591
    outer loop
      vertex 85 9.61533235013485 18.754880286753178
      vertex 112 9.476761430501938 23.173831954598427
      vertex 112 10.576865583658218 22.164858520030975
    endloop
  endfacet
  facet normal 0 0.675922863390421 0.7369723758364992
    outer loop
      vertex 112.01 10.576865583658218 22.164858520030975
      vertex 112 10.576865583658218 22.164858520030975
      vertex 112 9.476761430501938 23.173831954598427
    endloop
  endfacet
  facet normal -0.10745089198595857 0.749292037473809 0.6534644201406606
    outer loop
      vertex 85 10.53283441066742 17.775664880871773
      vertex 112 10.576865583658218 22.164858520030975
      vertex 112 11.58611784875393 21.00760395079851
    endloop
  endfacet
  facet normal 0 0.7536554059885257 0.6572697536204375
    outer loop
      vertex 112.01 10.576865583658218 22.164858520030975
      vertex 112.01 11.58611784875393 21.00760395079851
      vertex 112 10.576865583658218 22.164858520030975
    endloop
  endfacet
  facet normal -0.13234871413598498 0.47566105733371317 0.8696150736979696
    outer loop
      vertex 85 7.530951775610447 20.334956608712673
      vertex 112 6.99399458616972 24.737852811813354
      vertex 112 8.284046955406666 24.03222144395113
    endloop
  endfacet
  facet normal 0 0.5841411604111161 0.8116520835392186
    outer loop
      vertex 112.01 8.284046955406666 24.03222144395113
      vertex 112.01 9.476761430501938 23.173831954598427
      vertex 112 8.284046955406666 24.03222144395113
    endloop
  endfacet
  facet normal 0 0.675922863390421 0.7369723758364992
    outer loop
      vertex 112.01 10.576865583658218 22.164858520030975
      vertex 112 9.476761430501938 23.173831954598427
      vertex 112.01 9.476761430501938 23.173831954598427
    endloop
  endfacet
  facet normal 0 0.4798824792541329 0.8773327795682244
    outer loop
      vertex 112.01 6.99399458616972 24.737852811813354
      vertex 112.01 8.284046955406666 24.03222144395113
      vertex 112 6.99399458616972 24.737852811813354
    endloop
  endfacet
  facet normal -0.06985635860098174 0.9581220248083618 0.27770897490022883
    outer loop
      vertex 85 13.864743143320084 11.04539593309164
      vertex 112 14.706470280885696 14.933078616857529
      vertex 112 15.25121745467186 13.053649745881557
    endloop
  endfacet
  facet normal 0 0.9604683908780306 0.2783890625081499
    outer loop
      vertex 112 15.25121745467186 13.053649745881557
      vertex 112.005 14.978843867778778 13.993364181369543
      vertex 112.01 15.25121745467186 13.053649745881557
    endloop
  endfacet
  facet normal 0 0.9604683908780306 0.2783890625081498
    outer loop
      vertex 112.01 15.25121745467186 13.053649745881557
      vertex 112.005 14.978843867778778 13.993364181369543
      vertex 112.01 14.706470280885696 14.933078616857529
    endloop
  endfacet
  facet normal 0 0.9604683908780306 0.2783890625081499
    outer loop
      vertex 112.005 14.978843867778778 13.993364181369543
      vertex 112 14.706470280885696 14.933078616857529
      vertex 112.01 14.706470280885696 14.933078616857529
    endloop
  endfacet
  facet normal 0 0.9380526032896924 0.34649287649449756
    outer loop
      vertex 112.01 14.066160216927528 16.666576080024242
      vertex 112.01 14.706470280885696 14.933078616857529
      vertex 112 14.066160216927528 16.666576080024242
    endloop
  endfacet
  facet normal 0 -0.7071067811865476 -0.7071067811865476
    outer loop
      vertex 112 -16.491942539811134 0.5919425413012505
      vertex 112 -15.899999998509884 0
      vertex 112.01 -15.899999998509884 0
    endloop
  endfacet
  facet normal 0 -0.7071067811865476 -0.7071067811865476
    outer loop
      vertex 112 -16.491942539811134 0.5919425413012505
      vertex 112.01 -15.899999998509884 0
      vertex 112.01 -16.491942539811134 0.5919425413012505
    endloop
  endfacet
  facet normal 0 -0.9999073711339903 0.013610626433514001
    outer loop
      vertex 112 -16.491942539811134 0.5919425413012505
      vertex 112.01 -16.491942539811134 0.5919425413012505
      vertex 112 -16.449750870466232 3.6915619000792503
    endloop
  endfacet
  facet normal 0 -0.9999073711339903 0.013610626433514001
    outer loop
      vertex 112.01 -16.491942539811134 0.5919425413012505
      vertex 112.01 -16.449750870466232 3.6915619000792503
      vertex 112 -16.449750870466232 3.6915619000792503
    endloop
  endfacet
  facet normal 0 -0.9984666078848058 0.05535732055482278
    outer loop
      vertex 112 -16.449750870466232 3.6915619000792503
      vertex 112.01 -16.449750870466232 3.6915619000792503
      vertex 112 -16.299155808985233 6.407808616757393
    endloop
  endfacet
  facet normal 0.025245764589341448 -0.7068814085015602 -0.7068814085015602
    outer loop
      vertex 112.01 -16.491942539811134 0.5919425413012505
      vertex 112.01 -15.899999998509884 0
      vertex 140.01 -15.492125667631626 0.5921256691217422
    endloop
  endfacet
  facet normal 0.0356485672964442 -0.9992718178334613 0.013601975353622195
    outer loop
      vertex 112.01 -16.491942539811134 0.5919425413012505
      vertex 140.01 -15.452796272933483 3.5495787486433983
      vertex 112.01 -16.449750870466232 3.6915619000792503
    endloop
  endfacet
  facet normal 0.025245764589341448 -0.7068814085015602 -0.7068814085015602
    outer loop
      vertex 112.01 -15.899999998509884 0
      vertex 140.01 -14.899999998509884 0
      vertex 140.01 -15.492125667631626 0.5921256691217422
    endloop
  endfacet
  facet normal 0.03568176495736673 -0.9992748473722193 0.01328875685513335
    outer loop
      vertex 112.01 -16.491942539811134 0.5919425413012505
      vertex 140.01 -15.492125667631626 0.5921256691217422
      vertex 140.01 -15.452796272933483 3.5495787486433983
    endloop
  endfacet
  facet normal 0.03568995985116523 -0.9978304952342699 0.05532205298390293
    outer loop
      vertex 112.01 -16.449750870466232 3.6915619000792503
      vertex 140.01 -15.311328187584877 6.161354437470436
      vertex 112.01 -16.299155808985233 6.407808616757393
    endloop
  endfacet
  facet normal 0.03580469375318356 -0.9978960153190329 0.054051517237143444
    outer loop
      vertex 112.01 -16.449750870466232 3.6915619000792503
      vertex 140.01 -15.452796272933483 3.5495787486433983
      vertex 140.01 -15.311328187584877 6.161354437470436
    endloop
  endfacet
  facet normal 0 -0.9946427630065747 0.10337201748368248
    outer loop
      vertex 112 -16.299155808985233 6.407808616757393
      vertex 112.01 -16.299155808985233 6.407808616757393
      vertex 112 -16.048667035996914 8.818004831671715
    endloop
  endfacet
  facet normal 0 -0.9946427630065747 0.10337201748368248
    outer loop
      vertex 112.01 -16.299155808985233 6.407808616757393
      vertex 112.01 -16.048667035996914 8.818004831671715
      vertex 112 -16.048667035996914 8.818004831671715
    endloop
  endfacet
  facet normal 0 -0.9876363132981076 0.15676259966880593
    outer loop
      vertex 112 -16.048667035996914 8.818004831671715
      vertex 112.005 -15.873844504356384 9.919422395527363
      vertex 112 -15.699021972715855 11.02083995938301
    endloop
  endfacet
  facet normal 0 -0.9765853175382854 0.21513046638876276
    outer loop
      vertex 112 -15.699021972715855 11.02083995938301
      vertex 112.01 -15.699021972715855 11.02083995938301
      vertex 112 -15.25121745467186 13.053649745881557
    endloop
  endfacet
  facet normal 0.03578046091430084 -0.9940058676829822 0.10330582572421432
    outer loop
      vertex 112.01 -16.299155808985233 6.407808616757393
      vertex 140.01 -15.076020546257496 8.478850796818733
      vertex 112.01 -16.048667035996914 8.818004831671715
    endloop
  endfacet
  facet normal 0.03596494922105139 -0.994241171825877 0.10095055558952785
    outer loop
      vertex 112.01 -16.299155808985233 6.407808616757393
      vertex 140.01 -15.311328187584877 6.161354437470436
      vertex 140.01 -15.076020546257496 8.478850796818733
    endloop
  endfacet
  facet normal 0.03615955731566786 -0.9875430554984056 0.1531378462419004
    outer loop
      vertex 112.01 -16.048667035996914 8.818004831671715
      vertex 140.01 -15.076020546257496 8.478850796818733
      vertex 140.01 -14.747566096484661 10.596961498260498
    endloop
  endfacet
  facet normal 0.03591041841599519 -0.9869993006367138 0.15666148981745937
    outer loop
      vertex 112.01 -16.048667035996914 8.818004831671715
      vertex 140.01 -14.747566096484661 10.596961498260498
      vertex 112.01 -15.699021972715855 11.02083995938301
    endloop
  endfacet
  facet normal 0.03607232174878633 -0.9759497382544362 0.21499045561314906
    outer loop
      vertex 112.01 -15.699021972715855 11.02083995938301
      vertex 140.01 -14.326901249587536 12.551586292684078
      vertex 112.01 -15.25121745467186 13.053649745881557
    endloop
  endfacet
  facet normal 0.03638095086837153 -0.9769686842994567 0.21025845122634595
    outer loop
      vertex 112.01 -15.699021972715855 11.02083995938301
      vertex 140.01 -14.747566096484661 10.596961498260498
      vertex 140.01 -14.326901249587536 12.551586292684078
    endloop
  endfacet
  facet normal 0 0 -1
    outer loop
      vertex 112 -15.899444648639465 0
      vertex 112 15.899444648639465 0
      vertex 112.01 -15.899999998509884 0
    endloop
  endfacet
  facet normal 0 0 -1
    outer loop
      vertex 112.01 -15.899999998509884 0
      vertex 140.01 14.899250373322479 0
      vertex 140.01 -14.899999998509884 0
    endloop
  endfacet
  facet normal 0 -0.9604683908780306 0.2783890625081499
    outer loop
      vertex 112.01 -15.25121745467186 13.053649745881557
      vertex 112 -14.706470280885696 14.933078616857529
      vertex 112 -15.25121745467186 13.053649745881557
    endloop
  endfacet
  facet normal 0 -0.9380526032896922 0.34649287649449756
    outer loop
      vertex 112 -14.706470280885696 14.933078616857529
      vertex 112.005 -14.386315248906612 15.799827348440886
      vertex 112 -14.066160216927528 16.666576080024242
    endloop
  endfacet
  facet normal 0.03626039528549358 -0.9598367634594619 0.2782059870768501
    outer loop
      vertex 112.01 -15.25121745467186 13.053649745881557
      vertex 140.01 -13.815169051289558 14.358729436993599
      vertex 112.01 -14.706470280885696 14.933078616857529
    endloop
  endfacet
  facet normal 0.03662322083350692 -0.9615219734996334 0.27227602570397264
    outer loop
      vertex 140.01 -14.326901249587536 12.551586292684078
      vertex 140.01 -13.815169051289558 14.358729436993599
      vertex 112.01 -15.25121745467186 13.053649745881557
    endloop
  endfacet
  facet normal 0 -0.9078703287854664 0.4192510776503376
    outer loop
      vertex 112 -14.066160216927528 16.666576080024242
      vertex 112.01 -14.066160216927528 16.666576080024242
      vertex 112 -13.33174866437912 18.256912976503372
    endloop
  endfacet
  facet normal 0 -0.8682431644023382 0.49613889937054345
    outer loop
      vertex 112 -13.33174866437912 18.256912976503372
      vertex 112.005 -12.918205168098211 18.98061417043209
      vertex 112 -12.504661671817303 19.70431536436081
    endloop
  endfacet
  facet normal 0.03646838084728551 -0.9374286176007037 0.34626239198274317
    outer loop
      vertex 112.01 -14.706470280885696 14.933078616857529
      vertex 140.01 -13.213665656745434 16.025553919374943
      vertex 112.01 -14.066160216927528 16.666576080024242
    endloop
  endfacet
  facet normal 0.03687990215163204 -0.9399870659772874 0.33921112689989535
    outer loop
      vertex 112.01 -14.706470280885696 14.933078616857529
      vertex 140.01 -13.815169051289558 14.358729436993599
      vertex 140.01 -13.213665656745434 16.025553919374943
    endloop
  endfacet
  facet normal 0.03668738783508646 -0.9072591424744026 0.4189688341278497
    outer loop
      vertex 112.01 -14.066160216927528 16.666576080024242
      vertex 140.01 -12.52376389503479 17.554724015295506
      vertex 112.01 -13.33174866437912 18.256912976503372
    endloop
  endfacet
  facet normal 0.03690371106589809 -0.8676517397815274 0.49580094247959383
    outer loop
      vertex 112.01 -13.33174866437912 18.256912976503372
      vertex 140.01 -11.746803387999535 18.94645708054304
      vertex 112.01 -12.504661671817303 19.70431536436081
    endloop
  endfacet
  facet normal 0.03714174763208506 -0.9108961377103126 0.41096072426360836
    outer loop
      vertex 112.01 -14.066160216927528 16.666576080024242
      vertex 140.01 -13.213665656745434 16.025553919374943
      vertex 140.01 -12.52376389503479 17.554724015295506
    endloop
  endfacet
  facet normal 0.03739436750228023 -0.8725391430112737 0.4871109783121874
    outer loop
      vertex 112.01 -13.33174866437912 18.256912976503372
      vertex 140.01 -12.52376389503479 17.554724015295506
      vertex 140.01 -11.746803387999535 18.94645708054304
    endloop
  endfacet
  facet normal 0 -0.8173885858317301 0.5760867120078403
    outer loop
      vertex 112 -12.504661671817303 19.70431536436081
      vertex 112.01 -12.504661671817303 19.70431536436081
      vertex 112 -11.58611784875393 21.00760395079851
    endloop
  endfacet
  facet normal 0 -0.7536554059885257 0.6572697536204375
    outer loop
      vertex 112 -11.58611784875393 21.00760395079851
      vertex 112.01 -11.58611784875393 21.00760395079851
      vertex 112.005 -11.081491716206074 21.586231235414743
    endloop
  endfacet
  facet normal 0 -0.7536554059885255 0.6572697536204375
    outer loop
      vertex 112 -11.58611784875393 21.00760395079851
      vertex 112.005 -11.081491716206074 21.586231235414743
      vertex 112 -10.576865583658218 22.164858520030975
    endloop
  endfacet
  facet normal 0 -0.7536554059885257 0.6572697536204375
    outer loop
      vertex 112.005 -11.081491716206074 21.586231235414743
      vertex 112.01 -10.576865583658218 22.164858520030975
      vertex 112 -10.576865583658218 22.164858520030975
    endloop
  endfacet
  facet normal 0 -0.675922863390421 0.7369723758364992
    outer loop
      vertex 112 -10.576865583658218 22.164858520030975
      vertex 112.01 -10.576865583658218 22.164858520030975
      vertex 112 -9.476761430501938 23.173831954598427
    endloop
  endfacet
  facet normal 0 -0.675922863390421 0.7369723758364992
    outer loop
      vertex 112.01 -10.576865583658218 22.164858520030975
      vertex 112.01 -9.476761430501938 23.173831954598427
      vertex 112 -9.476761430501938 23.173831954598427
    endloop
  endfacet
  facet normal 0 -0.5841411604111161 0.8116520835392186
    outer loop
      vertex 112 -9.476761430501938 23.173831954598427
      vertex 112.01 -9.476761430501938 23.173831954598427
      vertex 112.005 -8.880404192954302 23.60302669927478
    endloop
  endfacet
  facet normal 0 -0.5841411604111161 0.8116520835392187
    outer loop
      vertex 112 -9.476761430501938 23.173831954598427
      vertex 112.005 -8.880404192954302 23.60302669927478
      vertex 112 -8.284046955406666 24.03222144395113
    endloop
  endfacet
  facet normal 0 -0.584141160411116 0.8116520835392186
    outer loop
      vertex 112.005 -8.880404192954302 23.60302669927478
      vertex 112.01 -8.284046955406666 24.03222144395113
      vertex 112 -8.284046955406666 24.03222144395113
    endloop
  endfacet
  facet normal 0 -0.4798824792541329 0.8773327795682244
    outer loop
      vertex 112 -8.284046955406666 24.03222144395113
      vertex 112.01 -8.284046955406666 24.03222144395113
      vertex 112.005 -7.639020770788193 24.385037127882242
    endloop
  endfacet
  facet normal 0 -0.4798824792541329 0.8773327795682244
    outer loop
      vertex 112 -8.284046955406666 24.03222144395113
      vertex 112.005 -7.639020770788193 24.385037127882242
      vertex 112 -6.99399458616972 24.737852811813354
    endloop
  endfacet
  facet normal 0 -0.47988247925413297 0.8773327795682244
    outer loop
      vertex 112.005 -7.639020770788193 24.385037127882242
      vertex 112.01 -6.99399458616972 24.737852811813354
      vertex 112 -6.99399458616972 24.737852811813354
    endloop
  endfacet
  facet normal 0 -0.36666685097464463 0.9303523098247984
    outer loop
      vertex 112 -6.99399458616972 24.737852811813354
      vertex 112.01 -6.99399458616972 24.737852811813354
      vertex 112 -5.596041530370712 25.288808658719063
    endloop
  endfacet
  facet normal 0 -0.2498706743565166 0.9682792190771314
    outer loop
      vertex 112 -5.596041530370712 25.288808658719063
      vertex 112.01 -4.066493928432465 25.68351824581623
      vertex 112 -4.066493928432465 25.68351824581623
    endloop
  endfacet
  facet normal 0 -0.13637777507718563 0.9906569045158856
    outer loop
      vertex 112 -4.066493928432465 25.68351824581623
      vertex 112.005 -3.204607952386141 25.802168902009726
      vertex 112 -2.342721976339817 25.92081955820322
    endloop
  endfacet
  facet normal 0.03709696644863052 -0.8168259532708008 0.5756901746109246
    outer loop
      vertex 112.01 -12.504661671817303 19.70431536436081
      vertex 140.01 -10.883928887546062 20.19961918145418
      vertex 112.01 -11.58611784875393 21.00760395079851
    endloop
  endfacet
  facet normal 0.037239462424555725 -0.7531326484854263 0.6568138520339363
    outer loop
      vertex 112.01 -11.58611784875393 21.00760395079851
      vertex 140.01 -9.9358434304595 21.31236395984888
      vertex 112.01 -10.576865583658218 22.164858520030975
    endloop
  endfacet
  facet normal 0.03729831909855695 -0.6754525397765996 0.7364595724829459
    outer loop
      vertex 112.01 -10.576865583658218 22.164858520030975
      vertex 140.01 -8.902412250638008 22.28253072500229
      vertex 112.01 -9.476761430501938 23.173831954598427
    endloop
  endfacet
  facet normal 0.03761605170074057 -0.8230520759193165 0.5667189012017783
    outer loop
      vertex 112.01 -12.504661671817303 19.70431536436081
      vertex 140.01 -11.746803387999535 18.94645708054304
      vertex 140.01 -10.883928887546062 20.19961918145418
    endloop
  endfacet
  facet normal 0.03777671437627027 -0.7606351494540392 0.6480795393051421
    outer loop
      vertex 112.01 -11.58611784875393 21.00760395079851
      vertex 140.01 -10.883928887546062 20.19961918145418
      vertex 140.01 -9.9358434304595 21.31236395984888
    endloop
  endfacet
  facet normal 0.03783962945732283 -0.6839483112820641 0.7285484678022082
    outer loop
      vertex 112.01 -10.576865583658218 22.164858520030975
      vertex 140.01 -9.9358434304595 21.31236395984888
      vertex 140.01 -8.902412250638008 22.28253072500229
    endloop
  endfacet
  facet normal 0.03724197152459066 -0.5837359283421409 0.811089021944879
    outer loop
      vertex 112.01 -9.476761430501938 23.173831954598427
      vertex 140.01 -7.7819835022091866 23.107905238866806
      vertex 112.01 -8.284046955406666 24.03222144395113
    endloop
  endfacet
  facet normal 0.037051515702956235 -0.47955297123822016 0.8767303650271892
    outer loop
      vertex 112.01 -8.284046955406666 24.03222144395113
      vertex 140.01 -6.570116125047207 23.78639692813158
      vertex 112.01 -6.99399458616972 24.737852811813354
    endloop
  endfacet
  facet normal 0.03776798041079752 -0.5926806043145201 0.8045516024004085
    outer loop
      vertex 112.01 -9.476761430501938 23.173831954598427
      vertex 140.01 -8.902412250638008 22.28253072500229
      vertex 140.01 -7.7819835022091866 23.107905238866806
    endloop
  endfacet
  facet normal 0.03753719246382726 -0.48817464066379035 0.8719383460971954
    outer loop
      vertex 112.01 -8.284046955406666 24.03222144395113
      vertex 140.01 -7.7819835022091866 23.107905238866806
      vertex 140.01 -6.570116125047207 23.78639692813158
    endloop
  endfacet
  facet normal 0.036734491503478475 -0.3664193731419407 0.9297243785769242
    outer loop
      vertex 112.01 -6.99399458616972 24.737852811813354
      vertex 140.01 -5.256887495517731 24.316162168979645
      vertex 112.01 -5.596041530370712 25.288808658719063
    endloop
  endfacet
  facet normal 0.036335797530671975 -0.24970566897569665 0.9676398031805068
    outer loop
      vertex 112.01 -5.596041530370712 25.288808658719063
      vertex 140.01 -3.820039749145508 24.695690624415874
      vertex 112.01 -4.066493928432465 25.68351824581623
    endloop
  endfacet
  facet normal 0.03594116730621253 -0.13628966242344095 0.9900168485481302
    outer loop
      vertex 112.01 -4.066493928432465 25.68351824581623
      vertex 140.01 -2.200738824903965 24.92386496067047
      vertex 112.01 -2.342721976339817 25.92081955820322
    endloop
  endfacet
  facet normal 0.03567118800395899 -0.03375769413300341 0.9987932641108513
    outer loop
      vertex 112.01 -2.342721976339817 25.92081955820322
      vertex 140.01 0 25
      vertex 112.01 0 26
    endloop
  endfacet
  facet normal 0.03715085589109863 -0.37385437358928025 0.9267430718676702
    outer loop
      vertex 112.01 -6.99399458616972 24.737852811813354
      vertex 140.01 -6.570116125047207 23.78639692813158
      vertex 140.01 -5.256887495517731 24.316162168979645
    endloop
  endfacet
  facet normal 0.0366541915920594 -0.2552092991093207 0.9661908113239651
    outer loop
      vertex 112.01 -5.596041530370712 25.288808658719063
      vertex 140.01 -5.256887495517731 24.316162168979645
      vertex 140.01 -3.820039749145508 24.695690624415874
    endloop
  endfacet
  facet normal 0.036138962316127635 -0.13943960663765637 0.9895709027166517
    outer loop
      vertex 112.01 -4.066493928432465 25.68351824581623
      vertex 140.01 -3.820039749145508 24.695690624415874
      vertex 140.01 -2.200738824903965 24.92386496067047
    endloop
  endfacet
  facet normal 0.035736713275165075 -0.034552449405043414 0.9987637436172784
    outer loop
      vertex 112.01 -2.342721976339817 25.92081955820322
      vertex 140.01 -2.200738824903965 24.92386496067047
      vertex 140.01 0 25
    endloop
  endfacet
  facet normal 0 0 -1
    outer loop
      vertex 112.01 -15.899999998509884 0
      vertex 112 15.899444648639465 0
      vertex 140.00936178745079 14.89929821534266 0
    endloop
  endfacet
  facet normal 0 0 -1
    outer loop
      vertex 112.01 -15.899999998509884 0
      vertex 140.00936178745079 14.89929821534266 0
      vertex 140.01 14.899250373322479 0
    endloop
  endfacet
  facet normal 0 0.7071067811865476 -0.7071067811865476
    outer loop
      vertex 112 15.899999998509884 0
      vertex 112 16.491942539811134 0.5919425413012505
      vertex 112.01 15.899999998509884 0
    endloop
  endfacet
  facet normal 0 0.7071067811865476 -0.7071067811865476
    outer loop
      vertex 112.01 15.899999998509884 0
      vertex 112 16.491942539811134 0.5919425413012505
      vertex 112.01 16.491942539811134 0.5919425413012505
    endloop
  endfacet
  facet normal 0 0.9999073711339903 0.013610626433514001
    outer loop
      vertex 112 16.491942539811134 0.5919425413012505
      vertex 112 16.449750870466232 3.6915619000792503
      vertex 112.01 16.491942539811134 0.5919425413012505
    endloop
  endfacet
  facet normal 0 0.9999073711339903 0.013610626433514001
    outer loop
      vertex 112.01 16.491942539811134 0.5919425413012505
      vertex 112 16.449750870466232 3.6915619000792503
      vertex 112.01 16.449750870466232 3.6915619000792503
    endloop
  endfacet
  facet normal 0 0 -1
    outer loop
      vertex 112 15.899444648639465 0
      vertex 112.01 15.899999998509884 0
      vertex 140.01 14.899999998509884 0
    endloop
  endfacet
  facet normal 0.025245764589341448 0.7068814085015602 -0.7068814085015602
    outer loop
      vertex 112.01 15.899999998509884 0
      vertex 112.01 16.491942539811134 0.5919425413012505
      vertex 140.01 15.492125667631626 0.5921256691217422
    endloop
  endfacet
  facet normal 0.0356485672964442 0.9992718178334613 0.013601975353622195
    outer loop
      vertex 112.01 16.491942539811134 0.5919425413012505
      vertex 112.01 16.449750870466232 3.6915619000792503
      vertex 140.01 15.452796272933483 3.5495787486433983
    endloop
  endfacet
  facet normal 0 0 -1
    outer loop
      vertex 112 15.899444648639465 0
      vertex 140.01 14.899999998509884 0
      vertex 140.00936178745079 14.89929821534266 0
    endloop
  endfacet
  facet normal 0.025245764589341448 0.7068814085015602 -0.7068814085015602
    outer loop
      vertex 112.01 15.899999998509884 0
      vertex 140.01 15.492125667631626 0.5921256691217422
      vertex 140.01 14.899999998509884 0
    endloop
  endfacet
  facet normal 0.03568176495736673 0.9992748473722193 0.01328875685513335
    outer loop
      vertex 112.01 16.491942539811134 0.5919425413012505
      vertex 140.01 15.452796272933483 3.5495787486433983
      vertex 140.01 15.492125667631626 0.5921256691217422
    endloop
  endfacet
  facet normal 0.03568995985116523 0.9978304952342699 0.05532205298390293
    outer loop
      vertex 112.01 16.449750870466232 3.6915619000792503
      vertex 112.01 16.299155808985233 6.407808616757393
      vertex 140.01 15.311328187584877 6.161354437470436
    endloop
  endfacet
  facet normal 0.03580469375318356 0.9978960153190329 0.054051517237143444
    outer loop
      vertex 112.01 16.449750870466232 3.6915619000792503
      vertex 140.01 15.311328187584877 6.161354437470436
      vertex 140.01 15.452796272933483 3.5495787486433983
    endloop
  endfacet
  facet normal 0 0.9946427630065747 0.10337201748368248
    outer loop
      vertex 112 16.299155808985233 6.407808616757393
      vertex 112.005 16.173911422491074 7.612906724214554
      vertex 112.01 16.299155808985233 6.407808616757393
    endloop
  endfacet
  facet normal 0 0.9946427630065747 0.10337201748368248
    outer loop
      vertex 112 16.299155808985233 6.407808616757393
      vertex 112 16.048667035996914 8.818004831671715
      vertex 112.005 16.173911422491074 7.612906724214554
    endloop
  endfacet
  facet normal 0 0.9946427630065747 0.10337201748368248
    outer loop
      vertex 112.005 16.173911422491074 7.612906724214554
      vertex 112 16.048667035996914 8.818004831671715
      vertex 112.01 16.048667035996914 8.818004831671715
    endloop
  endfacet
  facet normal 0 0.9876363132981075 0.15676259966880593
    outer loop
      vertex 112 16.048667035996914 8.818004831671715
      vertex 112 15.699021972715855 11.02083995938301
      vertex 112.01 15.699021972715855 11.02083995938301
    endloop
  endfacet
  facet normal 0 0.9765853175382854 0.21513046638876276
    outer loop
      vertex 112 15.699021972715855 11.02083995938301
      vertex 112 15.25121745467186 13.053649745881557
      vertex 112.01 15.699021972715855 11.02083995938301
    endloop
  endfacet
  facet normal 0.03578046091430084 0.9940058676829822 0.10330582572421432
    outer loop
      vertex 112.01 16.299155808985233 6.407808616757393
      vertex 112.01 16.048667035996914 8.818004831671715
      vertex 140.01 15.076020546257496 8.478850796818733
    endloop
  endfacet
  facet normal 0.03596494922105139 0.994241171825877 0.10095055558952785
    outer loop
      vertex 112.01 16.299155808985233 6.407808616757393
      vertex 140.01 15.076020546257496 8.478850796818733
      vertex 140.01 15.311328187584877 6.161354437470436
    endloop
  endfacet
  facet normal 0.03615955731566786 0.9875430554984056 0.1531378462419004
    outer loop
      vertex 112.01 16.048667035996914 8.818004831671715
      vertex 140.01 14.747566096484661 10.596961498260498
      vertex 140.01 15.076020546257496 8.478850796818733
    endloop
  endfacet
  facet normal 0.03591041841599519 0.9869993006367138 0.15666148981745937
    outer loop
      vertex 112.01 16.048667035996914 8.818004831671715
      vertex 112.01 15.699021972715855 11.02083995938301
      vertex 140.01 14.747566096484661 10.596961498260498
    endloop
  endfacet
  facet normal 0.03607232174878633 0.9759497382544362 0.21499045561314906
    outer loop
      vertex 112.01 15.699021972715855 11.02083995938301
      vertex 112.01 15.25121745467186 13.053649745881557
      vertex 140.01 14.326901249587536 12.551586292684078
    endloop
  endfacet
  facet normal 0.03638095086837153 0.9769686842994567 0.21025845122634595
    outer loop
      vertex 112.01 15.699021972715855 11.02083995938301
      vertex 140.01 14.326901249587536 12.551586292684078
      vertex 140.01 14.747566096484661 10.596961498260498
    endloop
  endfacet
  facet normal 0 0.8682431644023383 0.4961388993705435
    outer loop
      vertex 112 13.33174866437912 18.256912976503372
      vertex 112 12.504661671817303 19.70431536436081
      vertex 112.01 13.33174866437912 18.256912976503372
    endloop
  endfacet
  facet normal 0.0364683808472855 0.9374286176007037 0.34626239198274317
    outer loop
      vertex 112.01 14.066160216927528 16.666576080024242
      vertex 140.01 13.213665656745434 16.025553919374943
      vertex 112.01 14.706470280885696 14.933078616857529
    endloop
  endfacet
  facet normal 0.03687990215163204 0.9399870659772874 0.33921112689989535
    outer loop
      vertex 112.01 14.706470280885696 14.933078616857529
      vertex 140.01 13.213665656745434 16.025553919374943
      vertex 140.01 13.815169051289558 14.358729436993599
    endloop
  endfacet
  facet normal 0.03668738783508646 0.9072591424744026 0.4189688341278497
    outer loop
      vertex 112.01 14.066160216927528 16.666576080024242
      vertex 112.01 13.33174866437912 18.256912976503372
      vertex 140.01 12.52376389503479 17.554724015295506
    endloop
  endfacet
  facet normal 0.03690371106589809 0.8676517397815274 0.49580094247959383
    outer loop
      vertex 112.01 13.33174866437912 18.256912976503372
      vertex 112.01 12.504661671817303 19.70431536436081
      vertex 140.01 11.746803387999535 18.94645708054304
    endloop
  endfacet
  facet normal 0.03714174763208506 0.9108961377103126 0.41096072426360836
    outer loop
      vertex 112.01 14.066160216927528 16.666576080024242
      vertex 140.01 12.52376389503479 17.554724015295506
      vertex 140.01 13.213665656745434 16.025553919374943
    endloop
  endfacet
  facet normal 0.03739436750228023 0.8725391430112737 0.4871109783121874
    outer loop
      vertex 112.01 13.33174866437912 18.256912976503372
      vertex 140.01 11.746803387999535 18.94645708054304
      vertex 140.01 12.52376389503479 17.554724015295506
    endloop
  endfacet
  facet normal 0 0.03377919186404918 0.9994293202608235
    outer loop
      vertex 112 0 26
      vertex 112.01 0 26
      vertex 112 2.342721976339817 25.92081955820322
    endloop
  endfacet
  facet normal 0 0.13637777507718565 0.9906569045158857
    outer loop
      vertex 112 2.342721976339817 25.92081955820322
      vertex 112.01 4.066493928432465 25.68351824581623
      vertex 112 4.066493928432465 25.68351824581623
    endloop
  endfacet
  facet normal 0 0.2498706743565166 0.9682792190771314
    outer loop
      vertex 112 4.066493928432465 25.68351824581623
      vertex 112.01 5.596041530370712 25.288808658719063
      vertex 112 5.596041530370712 25.288808658719063
    endloop
  endfacet
  facet normal 0 0.36666685097464463 0.9303523098247984
    outer loop
      vertex 112 6.99399458616972 24.737852811813354
      vertex 112 5.596041530370712 25.288808658719063
      vertex 112.01 5.596041530370712 25.288808658719063
    endloop
  endfacet
  facet normal 0 0.8173885858317301 0.5760867120078403
    outer loop
      vertex 112.01 11.58611784875393 21.00760395079851
      vertex 112.01 12.504661671817303 19.70431536436081
      vertex 112 12.504661671817303 19.70431536436081
    endloop
  endfacet
  facet normal 0 0.8173885858317301 0.5760867120078403
    outer loop
      vertex 112 11.58611784875393 21.00760395079851
      vertex 112.01 11.58611784875393 21.00760395079851
      vertex 112 12.504661671817303 19.70431536436081
    endloop
  endfacet
  facet normal 0 0.7536554059885257 0.6572697536204375
    outer loop
      vertex 112 10.576865583658218 22.164858520030975
      vertex 112.01 11.58611784875393 21.00760395079851
      vertex 112 11.58611784875393 21.00760395079851
    endloop
  endfacet
  facet normal 0 0.4798824792541329 0.8773327795682244
    outer loop
      vertex 112 6.99399458616972 24.737852811813354
      vertex 112.01 8.284046955406666 24.03222144395113
      vertex 112 8.284046955406666 24.03222144395113
    endloop
  endfacet
  facet normal 0 0.5841411604111161 0.8116520835392186
    outer loop
      vertex 112 8.284046955406666 24.03222144395113
      vertex 112.01 9.476761430501938 23.173831954598427
      vertex 112 9.476761430501938 23.173831954598427
    endloop
  endfacet
  facet normal 0.03567118800395899 0.03375769413300341 0.9987932641108513
    outer loop
      vertex 112.01 0 26
      vertex 140.01 0 25
      vertex 112.01 2.342721976339817 25.92081955820322
    endloop
  endfacet
  facet normal 0.03594116730621253 0.13628966242344095 0.9900168485481302
    outer loop
      vertex 112.01 2.342721976339817 25.92081955820322
      vertex 140.01 2.200738824903965 24.92386496067047
      vertex 112.01 4.066493928432465 25.68351824581623
    endloop
  endfacet
  facet normal 0.036335797530671975 0.24970566897569665 0.9676398031805068
    outer loop
      vertex 112.01 4.066493928432465 25.68351824581623
      vertex 140.01 3.820039749145508 24.695690624415874
      vertex 112.01 5.596041530370712 25.288808658719063
    endloop
  endfacet
  facet normal 0.036734491503478475 0.3664193731419407 0.9297243785769242
    outer loop
      vertex 112.01 6.99399458616972 24.737852811813354
      vertex 112.01 5.596041530370712 25.288808658719063
      vertex 140.01 5.256887495517731 24.316162168979645
    endloop
  endfacet
  facet normal 0.035736713275165075 0.034552449405043414 0.9987637436172784
    outer loop
      vertex 112.01 2.342721976339817 25.92081955820322
      vertex 140.01 0 25
      vertex 140.01 2.200738824903965 24.92386496067047
    endloop
  endfacet
  facet normal 0.036138962316127635 0.13943960663765637 0.9895709027166517
    outer loop
      vertex 112.01 4.066493928432465 25.68351824581623
      vertex 140.01 2.200738824903965 24.92386496067047
      vertex 140.01 3.820039749145508 24.695690624415874
    endloop
  endfacet
  facet normal 0.03715085589109863 0.37385437358928025 0.9267430718676702
    outer loop
      vertex 112.01 6.99399458616972 24.737852811813354
      vertex 140.01 5.256887495517731 24.316162168979645
      vertex 140.01 6.570116125047207 23.78639692813158
    endloop
  endfacet
  facet normal 0.0366541915920594 0.2552092991093207 0.9661908113239651
    outer loop
      vertex 112.01 5.596041530370712 25.288808658719063
      vertex 140.01 3.820039749145508 24.695690624415874
      vertex 140.01 5.256887495517731 24.316162168979645
    endloop
  endfacet
  facet normal 0.03729831909855695 0.6754525397765996 0.7364595724829459
    outer loop
      vertex 112.01 10.576865583658218 22.164858520030975
      vertex 112.01 9.476761430501938 23.173831954598427
      vertex 140.01 8.902412250638008 22.28253072500229
    endloop
  endfacet
  facet normal 0.03709696644863052 0.8168259532708008 0.5756901746109246
    outer loop
      vertex 112.01 11.58611784875393 21.00760395079851
      vertex 140.01 10.883928887546062 20.19961918145418
      vertex 112.01 12.504661671817303 19.70431536436081
    endloop
  endfacet
  facet normal 0.037239462424555725 0.7531326484854263 0.6568138520339363
    outer loop
      vertex 112.01 10.576865583658218 22.164858520030975
      vertex 140.01 9.9358434304595 21.31236395984888
      vertex 112.01 11.58611784875393 21.00760395079851
    endloop
  endfacet
  facet normal 0.03783962945732283 0.6839483112820641 0.7285484678022082
    outer loop
      vertex 112.01 10.576865583658218 22.164858520030975
      vertex 140.01 8.902412250638008 22.28253072500229
      vertex 140.01 9.9358434304595 21.31236395984888
    endloop
  endfacet
  facet normal 0.03761605170074057 0.8230520759193165 0.5667189012017783
    outer loop
      vertex 112.01 12.504661671817303 19.70431536436081
      vertex 140.01 10.883928887546062 20.19961918145418
      vertex 140.01 11.746803387999535 18.94645708054304
    endloop
  endfacet
  facet normal 0.03777671437627027 0.7606351494540392 0.6480795393051421
    outer loop
      vertex 112.01 11.58611784875393 21.00760395079851
      vertex 140.01 9.9358434304595 21.31236395984888
      vertex 140.01 10.883928887546062 20.19961918145418
    endloop
  endfacet
  facet normal 0.03724197152459066 0.5837359283421409 0.811089021944879
    outer loop
      vertex 112.01 8.284046955406666 24.03222144395113
      vertex 140.01 7.7819835022091866 23.107905238866806
      vertex 112.01 9.476761430501938 23.173831954598427
    endloop
  endfacet
  facet normal 0.03705151570295624 0.47955297123822016 0.8767303650271892
    outer loop
      vertex 112.01 6.99399458616972 24.737852811813354
      vertex 140.01 6.570116125047207 23.78639692813158
      vertex 112.01 8.284046955406666 24.03222144395113
    endloop
  endfacet
  facet normal 0.03776798041079752 0.5926806043145201 0.8045516024004085
    outer loop
      vertex 112.01 9.476761430501938 23.173831954598427
      vertex 140.01 7.7819835022091866 23.107905238866806
      vertex 140.01 8.902412250638008 22.28253072500229
    endloop
  endfacet
  facet normal 0.03753719246382726 0.48817464066379035 0.8719383460971954
    outer loop
      vertex 112.01 8.284046955406666 24.03222144395113
      vertex 140.01 6.570116125047207 23.78639692813158
      vertex 140.01 7.7819835022091866 23.107905238866806
    endloop
  endfacet
  facet normal 0 0.9604683908780306 0.27838906250814993
    outer loop
      vertex 112 15.25121745467186 13.053649745881557
      vertex 112 14.706470280885696 14.933078616857529
      vertex 112.005 14.978843867778778 13.993364181369543
    endloop
  endfacet
  facet normal 0 0.9380526032896924 0.34649287649449756
    outer loop
      vertex 112 14.066160216927528 16.666576080024242
      vertex 112.01 14.706470280885696 14.933078616857529
      vertex 112 14.706470280885696 14.933078616857529
    endloop
  endfacet
  facet normal 0.03626039528549358 0.9598367634594619 0.2782059870768501
    outer loop
      vertex 112.01 15.25121745467186 13.053649745881557
      vertex 112.01 14.706470280885696 14.933078616857529
      vertex 140.01 13.815169051289558 14.358729436993599
    endloop
  endfacet
  facet normal 0.03662322083350692 0.9615219734996334 0.27227602570397264
    outer loop
      vertex 140.01 14.326901249587536 12.551586292684078
      vertex 112.01 15.25121745467186 13.053649745881557
      vertex 140.01 13.815169051289558 14.358729436993599
    endloop
  endfacet
  facet normal 0.052958587865136346 -0.7061145048684847 -0.7061145048684847
    outer loop
      vertex 140.01 -15.492125667631626 0.5921256691217422
      vertex 140.01 -14.899999998509884 0
      vertex 160.01 -13.99154133349657 0.5915413349866867
    endloop
  endfacet
  facet normal 0.07481272743801083 -0.9971094369548997 0.01325996036075244
    outer loop
      vertex 140.01 -15.492125667631626 0.5921256691217422
      vertex 160.01 -13.99154133349657 0.5915413349866867
      vertex 140.01 -15.452796272933483 3.5495787486433983
    endloop
  endfacet
  facet normal 0.07495848484668997 -0.9970847227798793 0.014257669811714798
    outer loop
      vertex 140.01 -15.452796272933483 3.5495787486433983
      vertex 160.01 -13.99154133349657 0.5915413349866867
      vertex 160.01 -13.957364372909069 2.9816461503505707
    endloop
  endfacet
  facet normal 0.07597776588036469 -0.9956500133754157 0.05392986146248716
    outer loop
      vertex 140.01 -15.452796272933483 3.5495787486433983
      vertex 160.01 -13.957364372909069 2.9816461503505707
      vertex 140.01 -15.311328187584877 6.161354437470436
    endloop
  endfacet
  facet normal 0.07660195564591499 -0.9953749358608577 0.05797307522647479
    outer loop
      vertex 140.01 -15.311328187584877 6.161354437470436
      vertex 160.01 -13.957364372909069 2.9816461503505707
      vertex 160.01 -13.829586751759052 5.1755377277731895
    endloop
  endfacet
  facet normal 0.07844478293683528 -0.9918190333523221 0.10070462308185354
    outer loop
      vertex 140.01 -15.311328187584877 6.161354437470436
      vertex 160.01 -13.829586751759052 5.1755377277731895
      vertex 140.01 -15.076020546257496 8.478850796818733
    endloop
  endfacet
  facet normal 0.0796258057075745 -0.9909364502408912 0.10818818165308769
    outer loop
      vertex 140.01 -15.076020546257496 8.478850796818733
      vertex 160.01 -13.829586751759052 5.1755377277731895
      vertex 160.01 -13.61705081909895 7.122234672307968
    endloop
  endfacet
  facet normal 0.08220203276648584 -0.984844959502969 0.15271945374002968
    outer loop
      vertex 140.01 -15.076020546257496 8.478850796818733
      vertex 160.01 -13.61705081909895 7.122234672307968
      vertex 140.01 -14.747566096484661 10.596961498260498
    endloop
  endfacet
  facet normal 0.05295858786513635 -0.7061145048684847 -0.7061145048684847
    outer loop
      vertex 140.01 -14.899999998509884 0
      vertex 160.01 -13.399999998509884 0
      vertex 160.01 -13.99154133349657 0.5915413349866867
    endloop
  endfacet
  facet normal 0 0 -1
    outer loop
      vertex 140.01 -14.899999998509884 0
      vertex 140.01 14.899250373322479 0
      vertex 160.01 -13.399999998509884 0
    endloop
  endfacet
  facet normal 0 0 -1
    outer loop
      vertex 160.01 -13.399999998509884 0
      vertex 140.01 14.899250373322479 0
      vertex 160.01 -13.381015818662258 0
    endloop
  endfacet
  facet normal 0.08403226576828733 -0.9828931614708536 0.16388902173018927
    outer loop
      vertex 140.01 -14.747566096484661 10.596961498260498
      vertex 160.01 -13.61705081909895 7.122234672307968
      vertex 160.01 -13.32038228213787 8.901447661221027
    endloop
  endfacet
  facet normal 0.08726431971007091 -0.9738864558008743 0.20959510899147962
    outer loop
      vertex 140.01 -14.747566096484661 10.596961498260498
      vertex 160.01 -13.32038228213787 8.901447661221027
      vertex 140.01 -14.326901249587536 12.551586292684078
    endloop
  endfacet
  facet normal 0.08981306578553938 -0.970316044320434 0.22454484484963805
    outer loop
      vertex 140.01 -14.326901249587536 12.551586292684078
      vertex 160.01 -13.32038228213787 8.901447661221027
      vertex 160.01 -12.94042693078518 10.543332487344742
    endloop
  endfacet
  facet normal 0.09364600618559857 -0.9579392586946187 0.2712615014650832
    outer loop
      vertex 140.01 -14.326901249587536 12.551586292684078
      vertex 160.01 -12.94042693078518 10.543332487344742
      vertex 140.01 -13.815169051289558 14.358729436993599
    endloop
  endfacet
  facet normal 0.09694959884802401 -0.9521306331235887 0.28991038744908976
    outer loop
      vertex 160.01 -12.94042693078518 10.543332487344742
      vertex 160.01 -12.478217206895351 12.06133272498846
      vertex 140.01 -13.815169051289558 14.358729436993599
    endloop
  endfacet
  facet normal 0.10134579662325811 -0.9357839260817781 0.3376943487738141
    outer loop
      vertex 160.01 -12.478217206895351 12.06133272498846
      vertex 140.01 -13.213665656745434 16.025553919374943
      vertex 140.01 -13.815169051289558 14.358729436993599
    endloop
  endfacet
  facet normal 0.10539468956812482 -0.9270825754475547 0.35973581655482634
    outer loop
      vertex 160.01 -12.478217206895351 12.06133272498846
      vertex 160.01 -11.934923820197582 13.461465291678905
      vertex 140.01 -13.213665656745434 16.025553919374943
    endloop
  endfacet
  facet normal 0.1103260009272009 -0.9059606366279471 0.4087340191372575
    outer loop
      vertex 140.01 -13.213665656745434 16.025553919374943
      vertex 160.01 -11.934923820197582 13.461465291678905
      vertex 140.01 -12.52376389503479 17.554724015295506
    endloop
  endfacet
  facet normal 0.11504982830081514 -0.8937440694509103 0.4335724568388533
    outer loop
      vertex 140.01 -12.52376389503479 17.554724015295506
      vertex 160.01 -11.934923820197582 13.461465291678905
      vertex 160.01 -11.311786741018295 14.745968170464039
    endloop
  endfacet
  facet normal 0.12048440933500593 -0.8667891313225401 0.4839009288359666
    outer loop
      vertex 140.01 -12.52376389503479 17.554724015295506
      vertex 160.01 -11.311786741018295 14.745968170464039
      vertex 140.01 -11.746803387999535 18.94645708054304
    endloop
  endfacet
  facet normal 0.12573779696645812 -0.8505791486468185 0.5105929085889024
    outer loop
      vertex 140.01 -11.746803387999535 18.94645708054304
      vertex 160.01 -11.311786741018295 14.745968170464039
      vertex 160.01 -10.610015965998173 15.915023945271969
    endloop
  endfacet
  facet normal 0.13161916524802394 -0.8164696591046628 0.5621865269649647
    outer loop
      vertex 140.01 -11.746803387999535 18.94645708054304
      vertex 160.01 -10.610015965998173 15.915023945271969
      vertex 140.01 -10.883928887546062 20.19961918145418
    endloop
  endfacet
  facet normal 0.13717389700471916 -0.7960967027980022 0.5894178159630808
    outer loop
      vertex 160.01 -10.610015965998173 15.915023945271969
      vertex 160.01 -9.830645449459553 16.967680111527443
      vertex 140.01 -10.883928887546062 20.19961918145418
    endloop
  endfacet
  facet normal 0.14339202963901426 -0.7533124310798328 0.6418404061887941
    outer loop
      vertex 160.01 -9.830645449459553 16.967680111527443
      vertex 140.01 -9.9358434304595 21.31236395984888
      vertex 140.01 -10.883928887546062 20.19961918145418
    endloop
  endfacet
  facet normal 0.14894417789487152 -0.7291174211353294 0.6679845941847667
    outer loop
      vertex 160.01 -9.830645449459553 16.967680111527443
      vertex 160.01 -8.97431019693613 17.902385726571083
      vertex 140.01 -9.9358434304595 21.31236395984888
    endloop
  endfacet
  facet normal 0.15530378124699926 -0.6761340327276351 0.7202246214326816
    outer loop
      vertex 160.01 -8.97431019693613 17.902385726571083
      vertex 140.01 -8.902412250638008 22.28253072500229
      vertex 140.01 -9.9358434304595 21.31236395984888
    endloop
  endfacet
  facet normal 0.16050508795104354 -0.6491528742679937 0.7435312115650761
    outer loop
      vertex 160.01 -8.97431019693613 17.902385726571083
      vertex 160.01 -8.040888488292694 18.717325806617737
      vertex 140.01 -8.902412250638008 22.28253072500229
    endloop
  endfacet
  facet normal 0.1712215120878967 -0.5568336248883883 0.8127850318454395
    outer loop
      vertex 160.01 -8.040888488292694 18.717325806617737
      vertex 160.01 -7.028888322412968 19.41064039617777
      vertex 140.01 -7.7819835022091866 23.107905238866806
    endloop
  endfacet
  facet normal 0.16670478374474218 -0.5848043750399226 0.7938597848554771
    outer loop
      vertex 160.01 -8.040888488292694 18.717325806617737
      vertex 140.01 -7.7819835022091866 23.107905238866806
      vertex 140.01 -8.902412250638008 22.28253072500229
    endloop
  endfacet
  facet normal 0.1768651693226668 -0.4808174763996717 0.858797570018171
    outer loop
      vertex 160.01 -7.028888322412968 19.41064039617777
      vertex 140.01 -6.570116125047207 23.78639692813158
      vertex 140.01 -7.7819835022091866 23.107905238866806
    endloop
  endfacet
  facet normal 0.18045253631551322 -0.4542471669768905 0.8724083868411441
    outer loop
      vertex 160.01 -7.028888322412968 19.41064039617777
      vertex 160.01 -5.934298440814018 19.980573423206806
      vertex 140.01 -6.570116125047207 23.78639692813158
    endloop
  endfacet
  facet normal 0.18511081414315927 -0.3676470910654931 0.9113559145132805
    outer loop
      vertex 140.01 -6.570116125047207 23.78639692813158
      vertex 160.01 -5.934298440814018 19.980573423206806
      vertex 140.01 -5.256887495517731 24.316162168979645
    endloop
  endfacet
  facet normal 0.18767326917264107 -0.34502014988648694 0.919641147519161
    outer loop
      vertex 140.01 -5.256887495517731 24.316162168979645
      vertex 160.01 -5.934298440814018 19.980573423206806
      vertex 160.01 -4.748156450688839 20.425576224923134
    endloop
  endfacet
  facet normal 0.19259642224002468 -0.23409129239364546 0.9529469476134623
    outer loop
      vertex 140.01 -3.820039749145508 24.695690624415874
      vertex 160.01 -4.748156450688839 20.425576224923134
      vertex 160.01 -3.4503584876656532 20.744380123913288
    endloop
  endfacet
  facet normal 0.19525246463394288 -0.12743373917538178 0.9724387472607988
    outer loop
      vertex 140.01 -2.200738824903965 24.92386496067047
      vertex 160.01 -3.4503584876656532 20.744380123913288
      vertex 160.01 -1.987764097750187 20.936046563088894
    endloop
  endfacet
  facet normal 0.19601860832486903 -0.031533077076641124 0.9800930416243451
    outer loop
      vertex 160.01 -1.987764097750187 20.936046563088894
      vertex 160.01 0 21
      vertex 140.01 0 25
    endloop
  endfacet
  facet normal 0.19099296761933743 -0.2506797088999215 0.9490423435578674
    outer loop
      vertex 140.01 -5.256887495517731 24.316162168979645
      vertex 160.01 -4.748156450688839 20.425576224923134
      vertex 140.01 -3.820039749145508 24.695690624415874
    endloop
  endfacet
  facet normal 0.19442940681654566 -0.13686801843801388 0.9713209311519122
    outer loop
      vertex 140.01 -3.820039749145508 24.695690624415874
      vertex 160.01 -3.4503584876656532 20.744380123913288
      vertex 140.01 -2.200738824903965 24.92386496067047
    endloop
  endfacet
  facet normal 0.19577655831175636 -0.03390546618114593 0.9800622217893324
    outer loop
      vertex 140.01 -2.200738824903965 24.92386496067047
      vertex 160.01 -1.987764097750187 20.936046563088894
      vertex 140.01 0 25
    endloop
  endfacet
  facet normal 0 0 -1
    outer loop
      vertex 160.01 -13.381015818662258 0
      vertex 140.01 14.899250373322479 0
      vertex 160 13.385857069975653 0
    endloop
  endfacet
  facet normal 0 0 -1
    outer loop
      vertex 160 13.385857069975653 0
      vertex 140.01 14.899250373322479 0
      vertex 160.01 13.399999998509884 0
    endloop
  endfacet
  facet normal 0.08403226576828735 0.9828931614708536 0.16388902173018927
    outer loop
      vertex 160.01 13.61705081909895 7.122234672307968
      vertex 140.01 14.747566096484661 10.596961498260498
      vertex 160.01 13.32038228213787 8.901447661221027
    endloop
  endfacet
  facet normal 0.08726431971007091 0.9738864558008743 0.20959510899147962
    outer loop
      vertex 160.01 13.32038228213787 8.901447661221027
      vertex 140.01 14.747566096484661 10.596961498260498
      vertex 140.01 14.326901249587536 12.551586292684078
    endloop
  endfacet
  facet normal 0.08981306578553938 0.970316044320434 0.22454484484963805
    outer loop
      vertex 160.01 13.32038228213787 8.901447661221027
      vertex 140.01 14.326901249587536 12.551586292684078
      vertex 160.01 12.94042693078518 10.543332487344742
    endloop
  endfacet
  facet normal 0.09364600618559857 0.9579392586946187 0.2712615014650832
    outer loop
      vertex 160.01 12.94042693078518 10.543332487344742
      vertex 140.01 14.326901249587536 12.551586292684078
      vertex 140.01 13.815169051289558 14.358729436993599
    endloop
  endfacet
  facet normal 0.09694959884802401 0.9521306331235887 0.28991038744908976
    outer loop
      vertex 160.01 12.94042693078518 10.543332487344742
      vertex 140.01 13.815169051289558 14.358729436993599
      vertex 160.01 12.478217206895351 12.06133272498846
    endloop
  endfacet
  facet normal 0 0 -1
    outer loop
      vertex 140.01 14.899250373322479 0
      vertex 140.00936178745079 14.89929821534266 0
      vertex 140.01 14.899999998509884 0
    endloop
  endfacet
  facet normal 0 0 -1
    outer loop
      vertex 160.01 13.399999998509884 0
      vertex 140.01 14.899250373322479 0
      vertex 140.01 14.899999998509884 0
    endloop
  endfacet
  facet normal 0.052958587865136346 0.7061145048684847 -0.7061145048684847
    outer loop
      vertex 160.01 13.399999998509884 0
      vertex 140.01 14.899999998509884 0
      vertex 140.01 15.492125667631626 0.5921256691217422
    endloop
  endfacet
  facet normal 0.07481272743801083 0.9971094369548997 0.01325996036075244
    outer loop
      vertex 160.01 13.99154133349657 0.5915413349866867
      vertex 140.01 15.492125667631626 0.5921256691217422
      vertex 140.01 15.452796272933483 3.5495787486433983
    endloop
  endfacet
  facet normal 0.05295858786513635 0.7061145048684847 -0.7061145048684847
    outer loop
      vertex 160.01 13.399999998509884 0
      vertex 140.01 15.492125667631626 0.5921256691217422
      vertex 160.01 13.99154133349657 0.5915413349866867
    endloop
  endfacet
  facet normal 0.07495848484668996 0.9970847227798793 0.014257669811714798
    outer loop
      vertex 160.01 13.99154133349657 0.5915413349866867
      vertex 140.01 15.452796272933483 3.5495787486433983
      vertex 160.01 13.957364372909069 2.9816461503505707
    endloop
  endfacet
  facet normal 0.0759777658803647 0.9956500133754157 0.05392986146248716
    outer loop
      vertex 160.01 13.957364372909069 2.9816461503505707
      vertex 140.01 15.452796272933483 3.5495787486433983
      vertex 140.01 15.311328187584877 6.161354437470436
    endloop
  endfacet
  facet normal 0.07660195564591499 0.9953749358608577 0.05797307522647479
    outer loop
      vertex 160.01 13.957364372909069 2.9816461503505707
      vertex 140.01 15.311328187584877 6.161354437470436
      vertex 160.01 13.829586751759052 5.1755377277731895
    endloop
  endfacet
  facet normal 0.07844478293683527 0.9918190333523221 0.10070462308185354
    outer loop
      vertex 160.01 13.829586751759052 5.1755377277731895
      vertex 140.01 15.311328187584877 6.161354437470436
      vertex 140.01 15.076020546257496 8.478850796818733
    endloop
  endfacet
  facet normal 0.0796258057075745 0.9909364502408912 0.10818818165308769
    outer loop
      vertex 160.01 13.829586751759052 5.1755377277731895
      vertex 140.01 15.076020546257496 8.478850796818733
      vertex 160.01 13.61705081909895 7.122234672307968
    endloop
  endfacet
  facet normal 0.08220203276648581 0.984844959502969 0.15271945374002968
    outer loop
      vertex 160.01 13.61705081909895 7.122234672307968
      vertex 140.01 15.076020546257496 8.478850796818733
      vertex 140.01 14.747566096484661 10.596961498260498
    endloop
  endfacet
  facet normal 0.10134579662325811 0.9357839260817781 0.3376943487738141
    outer loop
      vertex 160.01 12.478217206895351 12.06133272498846
      vertex 140.01 13.815169051289558 14.358729436993599
      vertex 140.01 13.213665656745434 16.025553919374943
    endloop
  endfacet
  facet normal 0.10539468956812482 0.9270825754475547 0.35973581655482634
    outer loop
      vertex 160.01 12.478217206895351 12.06133272498846
      vertex 140.01 13.213665656745434 16.025553919374943
      vertex 160.01 11.934923820197582 13.461465291678905
    endloop
  endfacet
  facet normal 0.1103260009272009 0.9059606366279471 0.4087340191372575
    outer loop
      vertex 140.01 13.213665656745434 16.025553919374943
      vertex 140.01 12.52376389503479 17.554724015295506
      vertex 160.01 11.934923820197582 13.461465291678905
    endloop
  endfacet
  facet normal 0.11504982830081514 0.8937440694509103 0.4335724568388533
    outer loop
      vertex 140.01 12.52376389503479 17.554724015295506
      vertex 160.01 11.311786741018295 14.745968170464039
      vertex 160.01 11.934923820197582 13.461465291678905
    endloop
  endfacet
  facet normal 0.13717389700471916 0.7960967027980022 0.5894178159630808
    outer loop
      vertex 160.01 10.610015965998173 15.915023945271969
      vertex 140.01 10.883928887546062 20.19961918145418
      vertex 160.01 9.830645449459553 16.967680111527443
    endloop
  endfacet
  facet normal 0.14339202963901426 0.7533124310798328 0.6418404061887941
    outer loop
      vertex 160.01 9.830645449459553 16.967680111527443
      vertex 140.01 10.883928887546062 20.19961918145418
      vertex 140.01 9.9358434304595 21.31236395984888
    endloop
  endfacet
  facet normal 0.14894417789487152 0.7291174211353294 0.6679845941847667
    outer loop
      vertex 160.01 9.830645449459553 16.967680111527443
      vertex 140.01 9.9358434304595 21.31236395984888
      vertex 160.01 8.97431019693613 17.902385726571083
    endloop
  endfacet
  facet normal 0.12048440933500593 0.8667891313225401 0.4839009288359666
    outer loop
      vertex 140.01 12.52376389503479 17.554724015295506
      vertex 140.01 11.746803387999535 18.94645708054304
      vertex 160.01 11.311786741018295 14.745968170464039
    endloop
  endfacet
  facet normal 0.12573779696645812 0.8505791486468185 0.5105929085889024
    outer loop
      vertex 140.01 11.746803387999535 18.94645708054304
      vertex 160.01 10.610015965998173 15.915023945271969
      vertex 160.01 11.311786741018295 14.745968170464039
    endloop
  endfacet
  facet normal 0.13161916524802394 0.8164696591046628 0.5621865269649647
    outer loop
      vertex 140.01 11.746803387999535 18.94645708054304
      vertex 140.01 10.883928887546062 20.19961918145418
      vertex 160.01 10.610015965998173 15.915023945271969
    endloop
  endfacet
  facet normal 0.196018608324869 0.031533077076641124 0.9800930416243451
    outer loop
      vertex 140.01 0 25
      vertex 160.01 0 21
      vertex 160.01 1.987764097750187 20.936046563088894
    endloop
  endfacet
  facet normal 0.19525246463394288 0.12743373917538178 0.9724387472607988
    outer loop
      vertex 140.01 2.200738824903965 24.92386496067047
      vertex 160.01 1.987764097750187 20.936046563088894
      vertex 160.01 3.4503584876656532 20.744380123913288
    endloop
  endfacet
  facet normal 0.18045253631551322 0.4542471669768905 0.8724083868411441
    outer loop
      vertex 160.01 7.028888322412968 19.41064039617777
      vertex 140.01 6.570116125047207 23.78639692813158
      vertex 160.01 5.934298440814018 19.980573423206806
    endloop
  endfacet
  facet normal 0.18511081414315927 0.3676470910654931 0.9113559145132805
    outer loop
      vertex 140.01 5.256887495517731 24.316162168979645
      vertex 160.01 5.934298440814018 19.980573423206806
      vertex 140.01 6.570116125047207 23.78639692813158
    endloop
  endfacet
  facet normal 0.18767326917264107 0.34502014988648694 0.919641147519161
    outer loop
      vertex 140.01 5.256887495517731 24.316162168979645
      vertex 160.01 4.748156450688839 20.425576224923134
      vertex 160.01 5.934298440814018 19.980573423206806
    endloop
  endfacet
  facet normal 0.19259642224002468 0.23409129239364546 0.9529469476134623
    outer loop
      vertex 140.01 3.820039749145508 24.695690624415874
      vertex 160.01 3.4503584876656532 20.744380123913288
      vertex 160.01 4.748156450688839 20.425576224923134
    endloop
  endfacet
  facet normal 0.19577655831175633 0.03390546618114593 0.9800622217893324
    outer loop
      vertex 140.01 0 25
      vertex 160.01 1.987764097750187 20.936046563088894
      vertex 140.01 2.200738824903965 24.92386496067047
    endloop
  endfacet
  facet normal 0.19442940681654566 0.13686801843801388 0.9713209311519122
    outer loop
      vertex 140.01 2.200738824903965 24.92386496067047
      vertex 160.01 3.4503584876656532 20.744380123913288
      vertex 140.01 3.820039749145508 24.695690624415874
    endloop
  endfacet
  facet normal 0.19099296761933743 0.2506797088999215 0.9490423435578674
    outer loop
      vertex 140.01 5.256887495517731 24.316162168979645
      vertex 140.01 3.820039749145508 24.695690624415874
      vertex 160.01 4.748156450688839 20.425576224923134
    endloop
  endfacet
  facet normal 0.15530378124699926 0.6761340327276351 0.7202246214326816
    outer loop
      vertex 160.01 8.97431019693613 17.902385726571083
      vertex 140.01 9.9358434304595 21.31236395984888
      vertex 140.01 8.902412250638008 22.28253072500229
    endloop
  endfacet
  facet normal 0.16050508795104354 0.6491528742679937 0.7435312115650761
    outer loop
      vertex 160.01 8.040888488292694 18.717325806617737
      vertex 160.01 8.97431019693613 17.902385726571083
      vertex 140.01 8.902412250638008 22.28253072500229
    endloop
  endfacet
  facet normal 0.1712215120878967 0.5568336248883883 0.8127850318454395
    outer loop
      vertex 160.01 7.028888322412968 19.41064039617777
      vertex 160.01 8.040888488292694 18.717325806617737
      vertex 140.01 7.7819835022091866 23.107905238866806
    endloop
  endfacet
  facet normal 0.16670478374474218 0.5848043750399226 0.7938597848554771
    outer loop
      vertex 160.01 8.040888488292694 18.717325806617737
      vertex 140.01 8.902412250638008 22.28253072500229
      vertex 140.01 7.7819835022091866 23.107905238866806
    endloop
  endfacet
  facet normal 0.1768651693226668 0.4808174763996717 0.858797570018171
    outer loop
      vertex 160.01 7.028888322412968 19.41064039617777
      vertex 140.01 7.7819835022091866 23.107905238866806
      vertex 140.01 6.570116125047207 23.78639692813158
    endloop
  endfacet
  facet normal 0.2294157338705618 -0.6882472016116854 -0.6882472016116854
    outer loop
      vertex 160.01 -13.399999998509884 0
      vertex 172.01 -9.99154133349657 0.5915413349866867
      vertex 160.01 -13.99154133349657 0.5915413349866867
    endloop
  endfacet
  facet normal 0 0 -1
    outer loop
      vertex 160.01 -13.399999998509884 0
      vertex 160.01 -13.381015818662258 0
      vertex 172.01 -9.399999998509884 0
    endloop
  endfacet
  facet normal 0.3161986729393102 -0.9485960197344517 0.013564312565509534
    outer loop
      vertex 160.01 -13.99154133349657 0.5915413349866867
      vertex 172.01 -9.969545982778072 2.129747249186039
      vertex 160.01 -13.957364372909069 2.9816461503505707
    endloop
  endfacet
  facet normal 0.2294157338705618 -0.6882472016116854 -0.6882472016116854
    outer loop
      vertex 160.01 -13.399999998509884 0
      vertex 172.01 -9.399999998509884 0
      vertex 172.01 -9.99154133349657 0.5915413349866867
    endloop
  endfacet
  facet normal 0.3161986732244944 -0.9485960196734832 0.013564310181286713
    outer loop
      vertex 160.01 -13.99154133349657 0.5915413349866867
      vertex 172.01 -9.99154133349657 0.5915413349866867
      vertex 172.01 -9.969545982778072 2.129747249186039
    endloop
  endfacet
  facet normal 0.31840281798096726 -0.9463517678833268 0.055117845802254296
    outer loop
      vertex 160.01 -13.957364372909069 2.9816461503505707
      vertex 172.01 -9.969545982778072 2.129747249186039
      vertex 160.01 -13.829586751759052 5.1755377277731895
    endloop
  endfacet
  facet normal 0.3225008330937338 -0.940977672300904 0.10273379621633877
    outer loop
      vertex 160.01 -13.829586751759052 5.1755377277731895
      vertex 172.01 -9.878276251256466 3.6968126595020294
      vertex 160.01 -13.61705081909895 7.122234672307968
    endloop
  endfacet
  facet normal 0.3184028182673821 -0.9463517677083212 0.05511784715248066
    outer loop
      vertex 172.01 -9.969545982778072 2.129747249186039
      vertex 172.01 -9.878276251256466 3.6968126595020294
      vertex 160.01 -13.829586751759052 5.1755377277731895
    endloop
  endfacet
  facet normal 0.32250083355729636 -0.9409776719192467 0.10273379825687044
    outer loop
      vertex 172.01 -9.878276251256466 3.6968126595020294
      vertex 172.01 -9.726464867591858 5.08731047809124
      vertex 160.01 -13.61705081909895 7.122234672307968
    endloop
  endfacet
  facet normal 0.3284066095625657 -0.9316737122614769 0.155348616590362
    outer loop
      vertex 172.01 -9.726464867591858 5.08731047809124
      vertex 172.01 -9.514558769762516 6.358176901936531
      vertex 160.01 -13.61705081909895 7.122234672307968
    endloop
  endfacet
  facet normal 0 0 -1
    outer loop
      vertex 160.01 -13.381015818662258 0
      vertex 172.0063360383394 9.393044267797954 0
      vertex 172.01 -9.399999998509884 0
    endloop
  endfacet
  facet normal 0.3284066095648244 -0.9316737121973802 0.15534861696999447
    outer loop
      vertex 172.01 -9.514558769762516 6.358176901936531
      vertex 160.01 -13.32038228213787 8.901447661221027
      vertex 160.01 -13.61705081909895 7.122234672307968
    endloop
  endfacet
  facet normal 0.33602436715680634 -0.9176037278663329 0.2123464699086767
    outer loop
      vertex 160.01 -13.32038228213787 8.901447661221027
      vertex 172.01 -9.243162095546722 7.530951775610447
      vertex 160.01 -12.94042693078518 10.543332487344742
    endloop
  endfacet
  facet normal 0.336024367043607 -0.9176037287356285 0.21234646633135798
    outer loop
      vertex 172.01 -9.514558769762516 6.358176901936531
      vertex 172.01 -9.243162095546722 7.530951775610447
      vertex 160.01 -13.32038228213787 8.901447661221027
    endloop
  endfacet
  facet normal 0.3452468229996608 -0.8978152968157637 0.2733721346667636
    outer loop
      vertex 172.01 -9.243162095546722 7.530951775610447
      vertex 172.01 -8.9130122885108 8.615237660706043
      vertex 160.01 -12.478217206895351 12.06133272498846
    endloop
  endfacet
  facet normal 0.345246822224017 -0.8978152979962764 0.2733721317692703
    outer loop
      vertex 172.01 -9.243162095546722 7.530951775610447
      vertex 160.01 -12.478217206895351 12.06133272498846
      vertex 160.01 -12.94042693078518 10.543332487344742
    endloop
  endfacet
  facet normal 0.35592388296398353 -0.8712248385162538 0.3380613410139764
    outer loop
      vertex 172.01 -8.524945586919785 9.61533235013485
      vertex 160.01 -11.934923820197582 13.461465291678905
      vertex 160.01 -12.478217206895351 12.06133272498846
    endloop
  endfacet
  facet normal 0.36783036402030433 -0.8366418074776585 0.40587105007034835
    outer loop
      vertex 172.01 -8.524945586919785 9.61533235013485
      vertex 160.01 -11.311786741018295 14.745968170464039
      vertex 160.01 -11.934923820197582 13.461465291678905
    endloop
  endfacet
  facet normal 0.35592388282427295 -0.8712248393826364 0.3380613389282968
    outer loop
      vertex 172.01 -8.9130122885108 8.615237660706043
      vertex 172.01 -8.524945586919785 9.61533235013485
      vertex 160.01 -12.478217206895351 12.06133272498846
    endloop
  endfacet
  facet normal 0.3678303640330379 -0.8366418074504399 0.405871050114915
    outer loop
      vertex 172.01 -8.524945586919785 9.61533235013485
      vertex 172.01 -8.079847671091557 10.53283441066742
      vertex 160.01 -11.311786741018295 14.745968170464039
    endloop
  endfacet
  facet normal 0.38063392854767114 -0.7928448927348809 0.47593569786535395
    outer loop
      vertex 172.01 -8.079847671091557 10.53283441066742
      vertex 172.01 -7.5785828307271 11.36787424981594
      vertex 160.01 -10.610015965998173 15.915023945271969
    endloop
  endfacet
  facet normal 0.3806339283431523 -0.792844893253006 0.4759356971657929
    outer loop
      vertex 172.01 -8.079847671091557 10.53283441066742
      vertex 160.01 -10.610015965998173 15.915023945271969
      vertex 160.01 -11.311786741018295 14.745968170464039
    endloop
  endfacet
  facet normal 0.3938698667429611 -0.7387284054028743 0.5469432064874823
    outer loop
      vertex 172.01 -7.5785828307271 11.36787424981594
      vertex 160.01 -9.830645449459553 16.967680111527443
      vertex 160.01 -10.610015965998173 15.915023945271969
    endloop
  endfacet
  facet normal 0.4069352740149292 -0.6735302307109436 0.6170581099708985
    outer loop
      vertex 172.01 -6.410221569240093 12.787418380379677
      vertex 160.01 -8.97431019693613 17.902385726571083
      vertex 160.01 -9.830645449459553 16.967680111527443
    endloop
  endfacet
  facet normal 0.3938698668814208 -0.7387284049849234 0.5469432069522783
    outer loop
      vertex 172.01 -7.5785828307271 11.36787424981594
      vertex 172.01 -7.021889604628086 12.119771510362625
      vertex 160.01 -9.830645449459553 16.967680111527443
    endloop
  endfacet
  facet normal 0.4069352738521173 -0.6735302328140278 0.6170581077827144
    outer loop
      vertex 172.01 -7.021889604628086 12.119771510362625
      vertex 172.01 -6.410221569240093 12.787418380379677
      vertex 160.01 -9.830645449459553 16.967680111527443
    endloop
  endfacet
  facet normal 0.41911934234380793 -0.5971278721382433 0.6839424545887962
    outer loop
      vertex 172.01 -6.410221569240093 12.787418380379677
      vertex 160.01 -8.040888488292694 18.717325806617737
      vertex 160.01 -8.97431019693613 17.902385726571083
    endloop
  endfacet
  facet normal 0.41911934262654205 -0.5971278708918969 0.6839424555036816
    outer loop
      vertex 172.01 -6.410221569240093 12.787418380379677
      vertex 172.01 -5.743491776287556 13.36951843649149
      vertex 160.01 -8.040888488292694 18.717325806617737
    endloop
  endfacet
  facet normal 0.42968360743659006 -0.5103458581258824 0.7449289245250416
    outer loop
      vertex 160.01 -8.040888488292694 18.717325806617737
      vertex 172.01 -5.743491776287556 13.36951843649149
      vertex 172.01 -5.020634517073631 13.864743143320084
    endloop
  endfacet
  facet normal 0.4379909244109615 -0.4151744684928537 0.7973669863026107
    outer loop
      vertex 172.01 -5.020634517073631 13.864743143320084
      vertex 172.01 -4.238784596323967 14.271838158369064
      vertex 160.01 -5.934298440814018 19.980573423206806
    endloop
  endfacet
  facet normal 0.429683607457733 -0.5103458570973555 0.744928925217483
    outer loop
      vertex 160.01 -8.040888488292694 18.717325806617737
      vertex 172.01 -5.020634517073631 13.864743143320084
      vertex 160.01 -7.028888322412968 19.41064039617777
    endloop
  endfacet
  facet normal 0.43799092354858427 -0.41517447432602533 0.7973669837390852
    outer loop
      vertex 172.01 -5.020634517073631 13.864743143320084
      vertex 160.01 -5.934298440814018 19.980573423206806
      vertex 160.01 -7.028888322412968 19.41064039617777
    endloop
  endfacet
  facet normal 0.4436568554855965 -0.3147994431257578 0.8390887349907311
    outer loop
      vertex 172.01 -4.238784596323967 14.271838158369064
      vertex 160.01 -4.748156450688839 20.425576224923134
      vertex 160.01 -5.934298440814018 19.980573423206806
    endloop
  endfacet
  facet normal 0.4466778052568505 -0.2134362236398596 0.8688635777435253
    outer loop
      vertex 172.01 -2.4645417779684067 14.817414373159409
      vertex 160.01 -3.4503584876656532 20.744380123913288
      vertex 160.01 -4.748156450688839 20.425576224923134
    endloop
  endfacet
  facet normal 0.4475004577778857 -0.1161983847234292 0.8867024730292844
    outer loop
      vertex 172.01 -1.4198314994573593 14.954318977892399
      vertex 160.01 -1.987764097750187 20.936046563088894
      vertex 160.01 -3.4503584876656532 20.744380123913288
    endloop
  endfacet
  facet normal 0.44702853912429763 -0.028764994324182593 0.8940570788881022
    outer loop
      vertex 172.01 -1.4198314994573593 14.954318977892399
      vertex 160.01 0 21
      vertex 160.01 -1.987764097750187 20.936046563088894
    endloop
  endfacet
  facet normal 0.44365685555513035 -0.3147994425362842 0.8390887351751177
    outer loop
      vertex 172.01 -4.238784596323967 14.271838158369064
      vertex 172.01 -3.3915403187274933 14.589697301387787
      vertex 160.01 -4.748156450688839 20.425576224923134
    endloop
  endfacet
  facet normal 0.44667780536957963 -0.21343622549175154 0.8688635772306549
    outer loop
      vertex 172.01 -3.3915403187274933 14.589697301387787
      vertex 172.01 -2.4645417779684067 14.817414373159409
      vertex 160.01 -4.748156450688839 20.425576224923134
    endloop
  endfacet
  facet normal 0.447500458154265 -0.11619838913963582 0.8867024722606094
    outer loop
      vertex 172.01 -2.4645417779684067 14.817414373159409
      vertex 172.01 -1.4198314994573593 14.954318977892399
      vertex 160.01 -3.4503584876656532 20.744380123913288
    endloop
  endfacet
  facet normal 0.4470285394149036 -0.028764991619844183 0.8940570788298072
    outer loop
      vertex 172.01 -1.4198314994573593 14.954318977892399
      vertex 172.01 0 15
      vertex 160.01 0 21
    endloop
  endfacet
  facet normal 0 0 -1
    outer loop
      vertex 160.01 -13.381015818662258 0
      vertex 160 13.385857069975653 0
      vertex 172.0063360383394 9.393044267797954 0
    endloop
  endfacet
  facet normal 0 0 -1
    outer loop
      vertex 172.01 -9.399999998509884 0
      vertex 172.0063360383394 9.393044267797954 0
      vertex 172.01 9.389021954597718 0
    endloop
  endfacet
  facet normal 0 0 -1
    outer loop
      vertex 160 13.385857069975653 0
      vertex 160.01 13.399999998509884 0
      vertex 172.01 9.399999998509884 0
    endloop
  endfacet
  facet normal 0.2294157338705618 0.6882472016116854 -0.6882472016116854
    outer loop
      vertex 160.01 13.399999998509884 0
      vertex 160.01 13.99154133349657 0.5915413349866867
      vertex 172.01 9.399999998509884 0
    endloop
  endfacet
  facet normal 0.3161986729393102 0.9485960197344517 0.013564312565509534
    outer loop
      vertex 160.01 13.99154133349657 0.5915413349866867
      vertex 160.01 13.957364372909069 2.9816461503505707
      vertex 172.01 9.969545982778072 2.129747249186039
    endloop
  endfacet
  facet normal 0 0 -1
    outer loop
      vertex 160 13.385857069975653 0
      vertex 172.01 9.399999998509884 0
      vertex 172.0063360383394 9.393044267797954 0
    endloop
  endfacet
  facet normal 0.2294157338705618 0.6882472016116854 -0.6882472016116854
    outer loop
      vertex 160.01 13.99154133349657 0.5915413349866867
      vertex 172.01 9.99154133349657 0.5915413349866867
      vertex 172.01 9.399999998509884 0
    endloop
  endfacet
  facet normal 0.3161986732244944 0.9485960196734832 0.013564310181286713
    outer loop
      vertex 160.01 13.99154133349657 0.5915413349866867
      vertex 172.01 9.969545982778072 2.129747249186039
      vertex 172.01 9.99154133349657 0.5915413349866867
    endloop
  endfacet
  facet normal 0.31840281798096726 0.9463517678833268 0.055117845802254296
    outer loop
      vertex 160.01 13.957364372909069 2.9816461503505707
      vertex 160.01 13.829586751759052 5.1755377277731895
      vertex 172.01 9.969545982778072 2.129747249186039
    endloop
  endfacet
  facet normal 0.3225008330937338 0.940977672300904 0.10273379621633877
    outer loop
      vertex 160.01 13.829586751759052 5.1755377277731895
      vertex 160.01 13.61705081909895 7.122234672307968
      vertex 172.01 9.878276251256466 3.6968126595020294
    endloop
  endfacet
  facet normal 0.3184028182673821 0.9463517677083212 0.05511784715248066
    outer loop
      vertex 172.01 9.969545982778072 2.129747249186039
      vertex 160.01 13.829586751759052 5.1755377277731895
      vertex 172.01 9.878276251256466 3.6968126595020294
    endloop
  endfacet
  facet normal 0.32250083355729636 0.9409776719192467 0.10273379825687044
    outer loop
      vertex 172.01 9.878276251256466 3.6968126595020294
      vertex 160.01 13.61705081909895 7.122234672307968
      vertex 172.01 9.726464867591858 5.08731047809124
    endloop
  endfacet
  facet normal 0.3284066095625657 0.9316737122614769 0.155348616590362
    outer loop
      vertex 172.01 9.726464867591858 5.08731047809124
      vertex 160.01 13.61705081909895 7.122234672307968
      vertex 172.01 9.514558769762516 6.358176901936531
    endloop
  endfacet
  facet normal 0.3284066095648244 0.9316737121973802 0.15534861696999447
    outer loop
      vertex 172.01 9.514558769762516 6.358176901936531
      vertex 160.01 13.61705081909895 7.122234672307968
      vertex 160.01 13.32038228213787 8.901447661221027
    endloop
  endfacet
  facet normal 0.33602436715680634 0.9176037278663329 0.2123464699086767
    outer loop
      vertex 160.01 13.32038228213787 8.901447661221027
      vertex 160.01 12.94042693078518 10.543332487344742
      vertex 172.01 9.243162095546722 7.530951775610447
    endloop
  endfacet
  facet normal 0.3452468229996608 0.8978152968157637 0.2733721346667636
    outer loop
      vertex 172.01 9.243162095546722 7.530951775610447
      vertex 160.01 12.478217206895351 12.06133272498846
      vertex 172.01 8.9130122885108 8.615237660706043
    endloop
  endfacet
  facet normal 0.336024367043607 0.9176037287356285 0.21234646633135798
    outer loop
      vertex 172.01 9.514558769762516 6.358176901936531
      vertex 160.01 13.32038228213787 8.901447661221027
      vertex 172.01 9.243162095546722 7.530951775610447
    endloop
  endfacet
  facet normal 0.36783036402030433 0.8366418074776585 0.40587105007034835
    outer loop
      vertex 172.01 8.524945586919785 9.61533235013485
      vertex 160.01 11.934923820197582 13.461465291678905
      vertex 160.01 11.311786741018295 14.745968170464039
    endloop
  endfacet
  facet normal 0.345246822224017 0.8978152979962764 0.2733721317692703
    outer loop
      vertex 172.01 9.243162095546722 7.530951775610447
      vertex 160.01 12.94042693078518 10.543332487344742
      vertex 160.01 12.478217206895351 12.06133272498846
    endloop
  endfacet
  facet normal 0.35592388296398353 0.8712248385162538 0.3380613410139764
    outer loop
      vertex 172.01 8.524945586919785 9.61533235013485
      vertex 160.01 12.478217206895351 12.06133272498846
      vertex 160.01 11.934923820197582 13.461465291678905
    endloop
  endfacet
  facet normal 0.35592388282427295 0.8712248393826364 0.3380613389282968
    outer loop
      vertex 172.01 8.524945586919785 9.61533235013485
      vertex 172.01 8.9130122885108 8.615237660706043
      vertex 160.01 12.478217206895351 12.06133272498846
    endloop
  endfacet
  facet normal 0.38063392854767114 0.7928448927348809 0.47593569786535395
    outer loop
      vertex 172.01 8.079847671091557 10.53283441066742
      vertex 160.01 10.610015965998173 15.915023945271969
      vertex 172.01 7.5785828307271 11.36787424981594
    endloop
  endfacet
  facet normal 0.3678303640330379 0.8366418074504399 0.405871050114915
    outer loop
      vertex 172.01 8.524945586919785 9.61533235013485
      vertex 160.01 11.311786741018295 14.745968170464039
      vertex 172.01 8.079847671091557 10.53283441066742
    endloop
  endfacet
  facet normal 0.4379909244109615 0.4151744684928537 0.7973669863026107
    outer loop
      vertex 172.01 4.238784596323967 14.271838158369064
      vertex 172.01 5.020634517073631 13.864743143320084
      vertex 160.01 5.934298440814018 19.980573423206806
    endloop
  endfacet
  facet normal 0.41911934262654205 0.5971278708918969 0.6839424555036816
    outer loop
      vertex 172.01 6.410221569240093 12.787418380379677
      vertex 160.01 8.040888488292694 18.717325806617737
      vertex 172.01 5.743491776287556 13.36951843649149
    endloop
  endfacet
  facet normal 0.4296836074365899 0.5103458581258824 0.7449289245250416
    outer loop
      vertex 172.01 5.020634517073631 13.864743143320084
      vertex 172.01 5.743491776287556 13.36951843649149
      vertex 160.01 8.040888488292694 18.717325806617737
    endloop
  endfacet
  facet normal 0.44702853912429763 0.028764994324182593 0.8940570788881022
    outer loop
      vertex 172.01 1.4198314994573593 14.954318977892399
      vertex 160.01 1.987764097750187 20.936046563088894
      vertex 160.01 0 21
    endloop
  endfacet
  facet normal 0.4475004577778857 0.1161983847234292 0.8867024730292844
    outer loop
      vertex 172.01 1.4198314994573593 14.954318977892399
      vertex 160.01 3.4503584876656532 20.744380123913288
      vertex 160.01 1.987764097750187 20.936046563088894
    endloop
  endfacet
  facet normal 0.43799092354858427 0.41517447432602533 0.7973669837390852
    outer loop
      vertex 172.01 5.020634517073631 13.864743143320084
      vertex 160.01 7.028888322412968 19.41064039617777
      vertex 160.01 5.934298440814018 19.980573423206806
    endloop
  endfacet
  facet normal 0.4296836074577331 0.5103458570973555 0.744928925217483
    outer loop
      vertex 172.01 5.020634517073631 13.864743143320084
      vertex 160.01 8.040888488292694 18.717325806617737
      vertex 160.01 7.028888322412968 19.41064039617777
    endloop
  endfacet
  facet normal 0.4466778052568505 0.2134362236398596 0.8688635777435253
    outer loop
      vertex 172.01 2.4645417779684067 14.817414373159409
      vertex 160.01 4.748156450688839 20.425576224923134
      vertex 160.01 3.4503584876656532 20.744380123913288
    endloop
  endfacet
  facet normal 0.4436568554855965 0.3147994431257578 0.8390887349907311
    outer loop
      vertex 172.01 4.238784596323967 14.271838158369064
      vertex 160.01 5.934298440814018 19.980573423206806
      vertex 160.01 4.748156450688839 20.425576224923134
    endloop
  endfacet
  facet normal 0.4470285394149036 0.028764991619844183 0.8940570788298072
    outer loop
      vertex 172.01 0 15
      vertex 172.01 1.4198314994573593 14.954318977892399
      vertex 160.01 0 21
    endloop
  endfacet
  facet normal 0.447500458154265 0.11619838913963582 0.8867024722606094
    outer loop
      vertex 172.01 1.4198314994573593 14.954318977892399
      vertex 172.01 2.4645417779684067 14.817414373159409
      vertex 160.01 3.4503584876656532 20.744380123913288
    endloop
  endfacet
  facet normal 0.44667780536957963 0.21343622549175154 0.8688635772306549
    outer loop
      vertex 172.01 3.3915403187274933 14.589697301387787
      vertex 160.01 4.748156450688839 20.425576224923134
      vertex 172.01 2.4645417779684067 14.817414373159409
    endloop
  endfacet
  facet normal 0.4436568555551303 0.3147994425362842 0.8390887351751177
    outer loop
      vertex 172.01 3.3915403187274933 14.589697301387787
      vertex 172.01 4.238784596323967 14.271838158369064
      vertex 160.01 4.748156450688839 20.425576224923134
    endloop
  endfacet
  facet normal 0.3806339283431523 0.792844893253006 0.4759356971657929
    outer loop
      vertex 172.01 8.079847671091557 10.53283441066742
      vertex 160.01 11.311786741018295 14.745968170464039
      vertex 160.01 10.610015965998173 15.915023945271969
    endloop
  endfacet
  facet normal 0.4069352740149292 0.6735302307109436 0.6170581099708985
    outer loop
      vertex 172.01 6.410221569240093 12.787418380379677
      vertex 160.01 9.830645449459553 16.967680111527443
      vertex 160.01 8.97431019693613 17.902385726571083
    endloop
  endfacet
  facet normal 0.3938698667429611 0.7387284054028743 0.5469432064874823
    outer loop
      vertex 172.01 7.5785828307271 11.36787424981594
      vertex 160.01 10.610015965998173 15.915023945271969
      vertex 160.01 9.830645449459553 16.967680111527443
    endloop
  endfacet
  facet normal 0.3938698668814208 0.7387284049849234 0.5469432069522783
    outer loop
      vertex 172.01 7.021889604628086 12.119771510362625
      vertex 172.01 7.5785828307271 11.36787424981594
      vertex 160.01 9.830645449459553 16.967680111527443
    endloop
  endfacet
  facet normal 0.4069352738521173 0.6735302328140278 0.6170581077827144
    outer loop
      vertex 172.01 7.021889604628086 12.119771510362625
      vertex 160.01 9.830645449459553 16.967680111527443
      vertex 172.01 6.410221569240093 12.787418380379677
    endloop
  endfacet
  facet normal 0.41911934234380793 0.5971278721382433 0.6839424545887962
    outer loop
      vertex 172.01 6.410221569240093 12.787418380379677
      vertex 160.01 8.97431019693613 17.902385726571083
      vertex 160.01 8.040888488292694 18.717325806617737
    endloop
  endfacet
  facet normal 0.6139601294045424 -0.5581455721859476 -0.5581455721859476
    outer loop
      vertex 172.01 -9.99154133349657 0.5915413349866867
      vertex 172.01 -9.399999998509884 0
      vertex 177.01 -4.492847248911858 0.5928472504019737
    endloop
  endfacet
  facet normal 0.7397512851918936 -0.6728116205992662 0.009620771462359692
    outer loop
      vertex 172.01 -9.99154133349657 0.5915413349866867
      vertex 177.01 -4.486295692622662 1.1358651965856552
      vertex 172.01 -9.969545982778072 2.129747249186039
    endloop
  endfacet
  facet normal 0.7414060762348698 -0.669921365910281 0.03901786281843203
    outer loop
      vertex 172.01 -9.969545982778072 2.129747249186039
      vertex 177.01 -4.445224314928055 1.971633419394493
      vertex 172.01 -9.878276251256466 3.6968126595020294
    endloop
  endfacet
  facet normal 0.744491930173401 -0.6636876732623301 0.07245990799275348
    outer loop
      vertex 172.01 -9.878276251256466 3.6968126595020294
      vertex 177.01 -4.37690918892622 2.7132322564721107
      vertex 172.01 -9.726464867591858 5.08731047809124
    endloop
  endfacet
  facet normal 0.7488556922307938 -0.6537079675752037 0.10900020799170523
    outer loop
      vertex 172.01 -9.726464867591858 5.08731047809124
      vertex 177.01 -4.2815514504909515 3.391027681529522
      vertex 172.01 -9.514558769762516 6.358176901936531
    endloop
  endfacet
  facet normal 0.7543342348983297 -0.6395881345371772 0.14800973015178792
    outer loop
      vertex 172.01 -9.514558769762516 6.358176901936531
      vertex 177.01 -4.159422941505909 4.016507610678673
      vertex 172.01 -9.243162095546722 7.530951775610447
    endloop
  endfacet
  facet normal 0.7398352288868552 -0.6727391426388498 0.008116653219142433
    outer loop
      vertex 172.01 -9.99154133349657 0.5915413349866867
      vertex 177.01 -4.492847248911858 0.5928472504019737
      vertex 177.01 -4.486295692622662 1.1358651965856552
    endloop
  endfacet
  facet normal 0.6139601294045424 -0.5581455721859476 -0.5581455721859476
    outer loop
      vertex 172.01 -9.399999998509884 0
      vertex 177.01 -3.899999998509884 0
      vertex 177.01 -4.492847248911858 0.5928472504019737
    endloop
  endfacet
  facet normal 1 0 0
    outer loop
      vertex 177.01 -4.492847248911858 0.5928472504019737
      vertex 177.01 -4.445224314928055 1.971633419394493
      vertex 177.01 -4.486295692622662 1.1358651965856552
    endloop
  endfacet
  facet normal 1 0 0
    outer loop
      vertex 177.01 -4.492847248911858 0.5928472504019737
      vertex 177.01 -3.899999998509884 0
      vertex 177.01 -4.445224314928055 1.971633419394493
    endloop
  endfacet
  facet normal 0.7414819052115558 -0.6701641479580495 0.03293325121367408
    outer loop
      vertex 172.01 -9.969545982778072 2.129747249186039
      vertex 177.01 -4.486295692622662 1.1358651965856552
      vertex 177.01 -4.445224314928055 1.971633419394493
    endloop
  endfacet
  facet normal 0.7440615358321909 -0.6652942592149648 0.06128604694914163
    outer loop
      vertex 172.01 -9.878276251256466 3.6968126595020294
      vertex 177.01 -4.445224314928055 1.971633419394493
      vertex 177.01 -4.37690918892622 2.7132322564721107
    endloop
  endfacet
  facet normal 1 0 0
    outer loop
      vertex 177.01 -3.899999998509884 0
      vertex 177.01 -3.410362273454666 6.062866263091564
      vertex 177.01 -4.445224314928055 1.971633419394493
    endloop
  endfacet
  facet normal 1 0 0
    outer loop
      vertex 177.01 -4.445224314928055 1.971633419394493
      vertex 177.01 -4.159422941505909 4.016507610678673
      vertex 177.01 -4.37690918892622 2.7132322564721107
    endloop
  endfacet
  facet normal 0 0 -1
    outer loop
      vertex 172.01 -9.399999998509884 0
      vertex 172.01 9.389021954597718 0
      vertex 177.01 -3.899999998509884 0
    endloop
  endfacet
  facet normal 1 0 0
    outer loop
      vertex 177.01 -3.899999998509884 0
      vertex 177.01 3.899999998509884 0
      vertex 177.01 -3.410362273454666 6.062866263091564
    endloop
  endfacet
  facet normal 0.7475930276839795 -0.6576802238596965 0.09252776935688166
    outer loop
      vertex 172.01 -9.726464867591858 5.08731047809124
      vertex 177.01 -4.37690918892622 2.7132322564721107
      vertex 177.01 -4.2815514504909515 3.391027681529522
    endloop
  endfacet
  facet normal 0.752024659167842 -0.6469185078104386 0.12631451324296222
    outer loop
      vertex 172.01 -9.514558769762516 6.358176901936531
      vertex 177.01 -4.2815514504909515 3.391027681529522
      vertex 177.01 -4.159422941505909 4.016507610678673
    endloop
  endfacet
  facet normal 1 0 0
    outer loop
      vertex 177.01 -4.37690918892622 2.7132322564721107
      vertex 177.01 -4.159422941505909 4.016507610678673
      vertex 177.01 -4.2815514504909515 3.391027681529522
    endloop
  endfacet
  facet normal 1 0 0
    outer loop
      vertex 177.01 -4.445224314928055 1.971633419394493
      vertex 177.01 -3.410362273454666 6.062866263091564
      vertex 177.01 -4.159422941505909 4.016507610678673
    endloop
  endfacet
  facet normal 1 0 0
    outer loop
      vertex 177.01 -4.159422941505909 4.016507610678673
      vertex 177.01 -3.8362255096435547 5.128177255392075
      vertex 177.01 -4.010855533182621 4.594793416559696
    endloop
  endfacet
  facet normal 0.7573174771162442 -0.6325068047957911 0.16249732533585282
    outer loop
      vertex 177.01 -4.159422941505909 4.016507610678673
      vertex 177.01 -4.010855533182621 4.594793416559696
      vertex 172.01 -9.243162095546722 7.530951775610447
    endloop
  endfacet
  facet normal 0.763423179518824 -0.613837058832386 0.20097043110212756
    outer loop
      vertex 177.01 -4.010855533182621 4.594793416559696
      vertex 177.01 -3.8362255096435547 5.128177255392075
      vertex 172.01 -8.9130122885108 8.615237660706043
    endloop
  endfacet
  facet normal 1 0 0
    outer loop
      vertex 177.01 -4.159422941505909 4.016507610678673
      vertex 177.01 -3.410362273454666 6.062866263091564
      vertex 177.01 -3.8362255096435547 5.128177255392075
    endloop
  endfacet
  facet normal 1 0 0
    outer loop
      vertex 177.01 -3.8362255096435547 5.128177255392075
      vertex 177.01 -3.410362273454666 6.062866263091564
      vertex 177.01 -3.6359314545989037 5.617511682212353
    endloop
  endfacet
  facet normal 1 0 0
    outer loop
      vertex 177.01 -3.410362273454666 6.062866263091564
      vertex 177.01 -2.884599708020687 6.819956466555595
      vertex 177.01 -3.1598503217101097 6.4638781398534775
    endloop
  endfacet
  facet normal 0.7607574750299597 -0.6208921440457648 0.18905292816640973
    outer loop
      vertex 177.01 -4.010855533182621 4.594793416559696
      vertex 172.01 -8.9130122885108 8.615237660706043
      vertex 172.01 -9.243162095546722 7.530951775610447
    endloop
  endfacet
  facet normal 0.7679275553283619 -0.5971562981948206 0.23171453405788847
    outer loop
      vertex 177.01 -3.8362255096435547 5.128177255392075
      vertex 172.01 -8.524945586919785 9.61533235013485
      vertex 172.01 -8.9130122885108 8.615237660706043
    endloop
  endfacet
  facet normal 0.7702601984974707 -0.5902015611489104 0.24158092604348108
    outer loop
      vertex 177.01 -3.8362255096435547 5.128177255392075
      vertex 177.01 -3.6359314545989037 5.617511682212353
      vertex 172.01 -8.524945586919785 9.61533235013485
    endloop
  endfacet
  facet normal 0.7776870279791974 -0.5608189132321949 0.2840511099678068
    outer loop
      vertex 177.01 -3.6359314545989037 5.617511682212353
      vertex 177.01 -3.410362273454666 6.062866263091564
      vertex 172.01 -8.079847671091557 10.53283441066742
    endloop
  endfacet
  facet normal 0.78547479066062 -0.5248916260603566 0.32789957933545777
    outer loop
      vertex 177.01 -3.410362273454666 6.062866263091564
      vertex 177.01 -3.1598503217101097 6.4638781398534775
      vertex 172.01 -7.5785828307271 11.36787424981594
    endloop
  endfacet
  facet normal 0.7756027943005364 -0.5679214325845893 0.2755096221264659
    outer loop
      vertex 177.01 -3.6359314545989037 5.617511682212353
      vertex 172.01 -8.079847671091557 10.53283441066742
      vertex 172.01 -8.524945586919785 9.61533235013485
    endloop
  endfacet
  facet normal 0.7834874009608115 -0.5327848487676714 0.31982463547901085
    outer loop
      vertex 177.01 -3.410362273454666 6.062866263091564
      vertex 172.01 -7.5785828307271 11.36787424981594
      vertex 172.01 -8.079847671091557 10.53283441066742
    endloop
  endfacet
  facet normal 0.7932855228950468 -0.4817087915071659 0.3723636923087937
    outer loop
      vertex 177.01 -3.1598503217101097 6.4638781398534775
      vertex 177.01 -2.884599708020687 6.819956466555595
      vertex 172.01 -7.021889604628086 12.119771510362625
    endloop
  endfacet
  facet normal 0.8006680151884296 -0.43080494025470173 0.4163386036705743
    outer loop
      vertex 177.01 -2.884599708020687 6.819956466555595
      vertex 177.01 -2.5845713019371033 7.130409829318523
      vertex 172.01 -6.410221569240093 12.787418380379677
    endloop
  endfacet
  facet normal 1 0 0
    outer loop
      vertex 177.01 -3.410362273454666 6.062866263091564
      vertex 177.01 -1.109043799340725 7.902621001005173
      vertex 177.01 -2.884599708020687 6.819956466555595
    endloop
  endfacet
  facet normal 1 0 0
    outer loop
      vertex 177.01 -2.884599708020687 6.819956466555595
      vertex 177.01 -1.907453067600727 7.611647017300129
      vertex 177.01 -2.5845713019371033 7.130409829318523
    endloop
  endfacet
  facet normal 1 0 0
    outer loop
      vertex 177.01 -2.5845713019371033 7.130409829318523
      vertex 177.01 -1.907453067600727 7.611647017300129
      vertex 177.01 -2.259285531938076 7.394529677927494
    endloop
  endfacet
  facet normal 1 0 0
    outer loop
      vertex 177.01 -2.884599708020687 6.819956466555595
      vertex 177.01 -1.109043799340725 7.902621001005173
      vertex 177.01 -1.907453067600727 7.611647017300129
    endloop
  endfacet
  facet normal 1 0 0
    outer loop
      vertex 177.01 -3.410362273454666 6.062866263091564
      vertex 177.01 0 8
      vertex 177.01 -1.109043799340725 7.902621001005173
    endloop
  endfacet
  facet normal 1 0 0
    outer loop
      vertex 177.01 -1.907453067600727 7.611647017300129
      vertex 177.01 -1.109043799340725 7.902621001005173
      vertex 177.01 -1.5261931419372559 7.7811718955636024
    endloop
  endfacet
  facet normal 1 0 0
    outer loop
      vertex 177.01 -1.109043799340725 7.902621001005173
      vertex 177.01 0 8
      vertex 177.01 -0.6389241740107536 7.975636787712574
    endloop
  endfacet
  facet normal 0.807087885257289 -0.37217321719711743 0.4583625659585046
    outer loop
      vertex 177.01 -2.5845713019371033 7.130409829318523
      vertex 177.01 -2.259285531938076 7.394529677927494
      vertex 172.01 -5.743491776287556 13.36951843649149
    endloop
  endfacet
  facet normal 0.8120075973685936 -0.3065071232490047 0.496686063035096
    outer loop
      vertex 177.01 -2.259285531938076 7.394529677927494
      vertex 177.01 -1.907453067600727 7.611647017300129
      vertex 172.01 -5.020634517073631 13.864743143320084
    endloop
  endfacet
  facet normal 0.7912305003634252 -0.4914733906141632 0.36387937783400404
    outer loop
      vertex 177.01 -3.1598503217101097 6.4638781398534775
      vertex 172.01 -7.021889604628086 12.119771510362625
      vertex 172.01 -7.5785828307271 11.36787424981594
    endloop
  endfacet
  facet normal 0.7984393253099474 -0.4439354080253136 0.4067136551678516
    outer loop
      vertex 177.01 -2.884599708020687 6.819956466555595
      vertex 172.01 -6.410221569240093 12.787418380379677
      vertex 172.01 -7.021889604628086 12.119771510362625
    endloop
  endfacet
  facet normal 0.8047110013912298 -0.39044255588140575 0.4472077982288766
    outer loop
      vertex 177.01 -2.5845713019371033 7.130409829318523
      vertex 172.01 -5.743491776287556 13.36951843649149
      vertex 172.01 -6.410221569240093 12.787418380379677
    endloop
  endfacet
  facet normal 0.8096842077631627 -0.3316847545126543 0.4841453369834513
    outer loop
      vertex 177.01 -2.259285531938076 7.394529677927494
      vertex 172.01 -5.020634517073631 13.864743143320084
      vertex 172.01 -5.743491776287556 13.36951843649149
    endloop
  endfacet
  facet normal 0.8131060367032055 -0.2688376808388733 0.5163185784358155
    outer loop
      vertex 177.01 -1.907453067600727 7.611647017300129
      vertex 172.01 -4.238784596323967 14.271838158369064
      vertex 172.01 -5.020634517073631 13.864743143320084
    endloop
  endfacet
  facet normal 0.8150198194477216 -0.23541821689380604 0.529453451270217
    outer loop
      vertex 177.01 -1.907453067600727 7.611647017300129
      vertex 177.01 -1.5261931419372559 7.7811718955636024
      vertex 172.01 -4.238784596323967 14.271838158369064
    endloop
  endfacet
  facet normal 0.8160134080640308 -0.16158013597748716 0.5549900697464977
    outer loop
      vertex 177.01 -1.5261931419372559 7.7811718955636024
      vertex 177.01 -1.109043799340725 7.902621001005173
      vertex 172.01 -3.3915403187274933 14.589697301387787
    endloop
  endfacet
  facet normal 0.8153306493393345 -0.0888603010068874 0.5721361543836087
    outer loop
      vertex 177.01 -1.109043799340725 7.902621001005173
      vertex 177.01 -0.6389241740107536 7.975636787712574
      vertex 172.01 -2.4645417779684067 14.817414373159409
    endloop
  endfacet
  facet normal 0.8138657487559879 -0.022140398858715472 0.5806309893040776
    outer loop
      vertex 177.01 -0.6389241740107536 7.975636787712574
      vertex 177.01 0 8
      vertex 172.01 -1.4198314994573593 14.954318977892399
    endloop
  endfacet
  facet normal 0.8149024931793476 -0.20359050919731447 0.5426645659842381
    outer loop
      vertex 177.01 -1.5261931419372559 7.7811718955636024
      vertex 172.01 -3.3915403187274933 14.589697301387787
      vertex 172.01 -4.238784596323967 14.271838158369064
    endloop
  endfacet
  facet normal 0.8152378816906549 -0.13815493942823612 0.562405911213702
    outer loop
      vertex 177.01 -1.109043799340725 7.902621001005173
      vertex 172.01 -2.4645417779684067 14.817414373159409
      vertex 172.01 -3.3915403187274933 14.589697301387787
    endloop
  endfacet
  facet normal 0.8145552713221315 -0.07537323205946445 0.5751683108884208
    outer loop
      vertex 177.01 -0.6389241740107536 7.975636787712574
      vertex 172.01 -1.4198314994573593 14.954318977892399
      vertex 172.01 -2.4645417779684067 14.817414373159409
    endloop
  endfacet
  facet normal 0.8135912237220246 -0.018697228052161882 0.5811365883728747
    outer loop
      vertex 172.01 -1.4198314994573593 14.954318977892399
      vertex 177.01 0 8
      vertex 172.01 0 15
    endloop
  endfacet
  facet normal 0 0 -1
    outer loop
      vertex 177.01 -3.899999998509884 0
      vertex 172.01 9.389021954597718 0
      vertex 177.01 3.899999998509884 0
    endloop
  endfacet
  facet normal 1 0 0
    outer loop
      vertex 177.01 3.899999998509884 0
      vertex 177.01 4.492847248911858 0.5928472504019737
      vertex 177.01 4.486295692622662 1.1358651965856552
    endloop
  endfacet
  facet normal 0.6139601294045424 0.5581455721859476 -0.5581455721859476
    outer loop
      vertex 177.01 3.899999998509884 0
      vertex 172.01 9.399999998509884 0
      vertex 177.01 4.492847248911858 0.5928472504019737
    endloop
  endfacet
  facet normal 0.7398352288868552 0.6727391426388498 0.008116653219142433
    outer loop
      vertex 177.01 4.492847248911858 0.5928472504019737
      vertex 172.01 9.99154133349657 0.5915413349866867
      vertex 177.01 4.486295692622662 1.1358651965856552
    endloop
  endfacet
  facet normal 1 0 0
    outer loop
      vertex 177.01 3.899999998509884 0
      vertex 177.01 4.486295692622662 1.1358651965856552
      vertex 177.01 4.010855533182621 4.594793416559696
    endloop
  endfacet
  facet normal 1 0 0
    outer loop
      vertex 177.01 4.486295692622662 1.1358651965856552
      vertex 177.01 4.445224314928055 1.971633419394493
      vertex 177.01 4.37690918892622 2.7132322564721107
    endloop
  endfacet
  facet normal 1 0 0
    outer loop
      vertex 177.01 4.486295692622662 1.1358651965856552
      vertex 177.01 4.37690918892622 2.7132322564721107
      vertex 177.01 4.010855533182621 4.594793416559696
    endloop
  endfacet
  facet normal 0.7414819052115558 0.6701641479580495 0.03293325121367408
    outer loop
      vertex 177.01 4.486295692622662 1.1358651965856552
      vertex 172.01 9.969545982778072 2.129747249186039
      vertex 177.01 4.445224314928055 1.971633419394493
    endloop
  endfacet
  facet normal 0.7440615358321909 0.6652942592149647 0.06128604694914162
    outer loop
      vertex 177.01 4.445224314928055 1.971633419394493
      vertex 172.01 9.878276251256466 3.6968126595020294
      vertex 177.01 4.37690918892622 2.7132322564721107
    endloop
  endfacet
  facet normal 1 0 0
    outer loop
      vertex 177.01 -3.410362273454666 6.062866263091564
      vertex 177.01 3.899999998509884 0
      vertex 177.01 4.010855533182621 4.594793416559696
    endloop
  endfacet
  facet normal 1 0 0
    outer loop
      vertex 177.01 -3.410362273454666 6.062866263091564
      vertex 177.01 4.010855533182621 4.594793416559696
      vertex 177.01 3.8362255096435547 5.128177255392075
    endloop
  endfacet
  facet normal 1 0 0
    outer loop
      vertex 177.01 -3.410362273454666 6.062866263091564
      vertex 177.01 3.8362255096435547 5.128177255392075
      vertex 177.01 3.410362273454666 6.062866263091564
    endloop
  endfacet
  facet normal 1 0 0
    outer loop
      vertex 177.01 3.410362273454666 6.062866263091564
      vertex 177.01 3.1598503217101097 6.4638781398534775
      vertex 177.01 2.884599708020687 6.819956466555595
    endloop
  endfacet
  facet normal 1 0 0
    outer loop
      vertex 177.01 4.37690918892622 2.7132322564721107
      vertex 177.01 4.2815514504909515 3.391027681529522
      vertex 177.01 4.159422941505909 4.016507610678673
    endloop
  endfacet
  facet normal 1 0 0
    outer loop
      vertex 177.01 4.37690918892622 2.7132322564721107
      vertex 177.01 4.159422941505909 4.016507610678673
      vertex 177.01 4.010855533182621 4.594793416559696
    endloop
  endfacet
  facet normal 0.7475930276839795 0.6576802238596965 0.09252776935688166
    outer loop
      vertex 177.01 4.37690918892622 2.7132322564721107
      vertex 172.01 9.726464867591858 5.08731047809124
      vertex 177.01 4.2815514504909515 3.391027681529522
    endloop
  endfacet
  facet normal 0.752024659167842 0.6469185078104386 0.12631451324296222
    outer loop
      vertex 177.01 4.2815514504909515 3.391027681529522
      vertex 172.01 9.514558769762516 6.358176901936531
      vertex 177.01 4.159422941505909 4.016507610678673
    endloop
  endfacet
  facet normal 1 0 0
    outer loop
      vertex 177.01 3.410362273454666 6.062866263091564
      vertex 177.01 3.8362255096435547 5.128177255392075
      vertex 177.01 3.6359314545989037 5.617511682212353
    endloop
  endfacet
  facet normal 0.7573174771162442 0.6325068047957911 0.16249732533585282
    outer loop
      vertex 177.01 4.159422941505909 4.016507610678673
      vertex 172.01 9.243162095546722 7.530951775610447
      vertex 177.01 4.010855533182621 4.594793416559696
    endloop
  endfacet
  facet normal 0.763423179518824 0.613837058832386 0.20097043110212756
    outer loop
      vertex 177.01 4.010855533182621 4.594793416559696
      vertex 172.01 8.9130122885108 8.615237660706043
      vertex 177.01 3.8362255096435547 5.128177255392075
    endloop
  endfacet
  facet normal 0 0 -1
    outer loop
      vertex 177.01 3.899999998509884 0
      vertex 172.01 9.389021954597718 0
      vertex 172.01 9.399999998509884 0
    endloop
  endfacet
  facet normal 0.6139601294045424 0.5581455721859476 -0.5581455721859476
    outer loop
      vertex 177.01 4.492847248911858 0.5928472504019737
      vertex 172.01 9.399999998509884 0
      vertex 172.01 9.99154133349657 0.5915413349866867
    endloop
  endfacet
  facet normal 0.7397512851918936 0.6728116205992662 0.009620771462359692
    outer loop
      vertex 177.01 4.486295692622662 1.1358651965856552
      vertex 172.01 9.99154133349657 0.5915413349866867
      vertex 172.01 9.969545982778072 2.129747249186039
    endloop
  endfacet
  facet normal 0 0 -1
    outer loop
      vertex 172.01 9.389021954597718 0
      vertex 172.0063360383394 9.393044267797954 0
      vertex 172.01 9.399999998509884 0
    endloop
  endfacet
  facet normal 0.7414060762348698 0.669921365910281 0.03901786281843203
    outer loop
      vertex 177.01 4.445224314928055 1.971633419394493
      vertex 172.01 9.969545982778072 2.129747249186039
      vertex 172.01 9.878276251256466 3.6968126595020294
    endloop
  endfacet
  facet normal 0.744491930173401 0.6636876732623301 0.07245990799275348
    outer loop
      vertex 177.01 4.37690918892622 2.7132322564721107
      vertex 172.01 9.878276251256466 3.6968126595020294
      vertex 172.01 9.726464867591858 5.08731047809124
    endloop
  endfacet
  facet normal 0.7488556922307938 0.6537079675752036 0.10900020799170522
    outer loop
      vertex 177.01 4.2815514504909515 3.391027681529522
      vertex 172.01 9.726464867591858 5.08731047809124
      vertex 172.01 9.514558769762516 6.358176901936531
    endloop
  endfacet
  facet normal 0.7543342348983298 0.6395881345371772 0.14800973015178792
    outer loop
      vertex 177.01 4.159422941505909 4.016507610678673
      vertex 172.01 9.514558769762516 6.358176901936531
      vertex 172.01 9.243162095546722 7.530951775610447
    endloop
  endfacet
  facet normal 1 0 0
    outer loop
      vertex 177.01 -3.410362273454666 6.062866263091564
      vertex 177.01 3.410362273454666 6.062866263091564
      vertex 177.01 0 8
    endloop
  endfacet
  facet normal 1 0 0
    outer loop
      vertex 177.01 0 8
      vertex 177.01 1.109043799340725 7.902621001005173
      vertex 177.01 0.6389241740107536 7.975636787712574
    endloop
  endfacet
  facet normal 1 0 0
    outer loop
      vertex 177.01 0 8
      vertex 177.01 1.907453067600727 7.611647017300129
      vertex 177.01 1.109043799340725 7.902621001005173
    endloop
  endfacet
  facet normal 1 0 0
    outer loop
      vertex 177.01 1.109043799340725 7.902621001005173
      vertex 177.01 1.907453067600727 7.611647017300129
      vertex 177.01 1.5261931419372559 7.7811718955636024
    endloop
  endfacet
  facet normal 1 0 0
    outer loop
      vertex 177.01 3.410362273454666 6.062866263091564
      vertex 177.01 1.907453067600727 7.611647017300129
      vertex 177.01 0 8
    endloop
  endfacet
  facet normal 1 0 0
    outer loop
      vertex 177.01 3.410362273454666 6.062866263091564
      vertex 177.01 2.5845713019371033 7.130409829318523
      vertex 177.01 1.907453067600727 7.611647017300129
    endloop
  endfacet
  facet normal 1 0 0
    outer loop
      vertex 177.01 3.410362273454666 6.062866263091564
      vertex 177.01 2.884599708020687 6.819956466555595
      vertex 177.01 2.5845713019371033 7.130409829318523
    endloop
  endfacet
  facet normal 1 0 0
    outer loop
      vertex 177.01 2.5845713019371033 7.130409829318523
      vertex 177.01 2.259285531938076 7.394529677927494
      vertex 177.01 1.907453067600727 7.611647017300129
    endloop
  endfacet
  facet normal 0.807087885257289 0.37217321719711743 0.4583625659585046
    outer loop
      vertex 177.01 2.5845713019371033 7.130409829318523
      vertex 172.01 5.743491776287556 13.36951843649149
      vertex 177.01 2.259285531938076 7.394529677927494
    endloop
  endfacet
  facet normal 0.8120075973685936 0.3065071232490047 0.496686063035096
    outer loop
      vertex 177.01 1.907453067600727 7.611647017300129
      vertex 177.01 2.259285531938076 7.394529677927494
      vertex 172.01 5.020634517073631 13.864743143320084
    endloop
  endfacet
  facet normal 0.7776870279791974 0.5608189132321949 0.2840511099678068
    outer loop
      vertex 177.01 3.410362273454666 6.062866263091564
      vertex 177.01 3.6359314545989037 5.617511682212353
      vertex 172.01 8.079847671091557 10.53283441066742
    endloop
  endfacet
  facet normal 0.78547479066062 0.5248916260603566 0.32789957933545777
    outer loop
      vertex 177.01 3.410362273454666 6.062866263091564
      vertex 172.01 7.5785828307271 11.36787424981594
      vertex 177.01 3.1598503217101097 6.4638781398534775
    endloop
  endfacet
  facet normal 0.7702601984974707 0.5902015611489104 0.24158092604348108
    outer loop
      vertex 177.01 3.8362255096435547 5.128177255392075
      vertex 172.01 8.524945586919785 9.61533235013485
      vertex 177.01 3.6359314545989037 5.617511682212353
    endloop
  endfacet
  facet normal 0.7932855228950468 0.4817087915071659 0.3723636923087937
    outer loop
      vertex 177.01 3.1598503217101097 6.4638781398534775
      vertex 172.01 7.021889604628086 12.119771510362625
      vertex 177.01 2.884599708020687 6.819956466555595
    endloop
  endfacet
  facet normal 0.8006680151884296 0.43080494025470173 0.4163386036705743
    outer loop
      vertex 177.01 2.5845713019371033 7.130409829318523
      vertex 177.01 2.884599708020687 6.819956466555595
      vertex 172.01 6.410221569240093 12.787418380379677
    endloop
  endfacet
  facet normal 0.7756027943005364 0.5679214325845893 0.2755096221264659
    outer loop
      vertex 177.01 3.6359314545989037 5.617511682212353
      vertex 172.01 8.524945586919785 9.61533235013485
      vertex 172.01 8.079847671091557 10.53283441066742
    endloop
  endfacet
  facet normal 0.7834874009608115 0.5327848487676714 0.31982463547901085
    outer loop
      vertex 177.01 3.410362273454666 6.062866263091564
      vertex 172.01 8.079847671091557 10.53283441066742
      vertex 172.01 7.5785828307271 11.36787424981594
    endloop
  endfacet
  facet normal 0.8138657487559879 0.022140398858715472 0.5806309893040776
    outer loop
      vertex 177.01 0 8
      vertex 177.01 0.6389241740107536 7.975636787712574
      vertex 172.01 1.4198314994573593 14.954318977892399
    endloop
  endfacet
  facet normal 0.8153306493393345 0.0888603010068874 0.5721361543836087
    outer loop
      vertex 177.01 0.6389241740107536 7.975636787712574
      vertex 177.01 1.109043799340725 7.902621001005173
      vertex 172.01 2.4645417779684067 14.817414373159409
    endloop
  endfacet
  facet normal 0.8160134080640308 0.16158013597748713 0.5549900697464977
    outer loop
      vertex 177.01 1.109043799340725 7.902621001005173
      vertex 177.01 1.5261931419372559 7.7811718955636024
      vertex 172.01 3.3915403187274933 14.589697301387787
    endloop
  endfacet
  facet normal 0.8150198194477216 0.23541821689380601 0.5294534512702169
    outer loop
      vertex 177.01 1.5261931419372559 7.7811718955636024
      vertex 177.01 1.907453067600727 7.611647017300129
      vertex 172.01 4.238784596323967 14.271838158369064
    endloop
  endfacet
  facet normal 0.8135912237220246 0.018697228052161882 0.5811365883728747
    outer loop
      vertex 177.01 0 8
      vertex 172.01 1.4198314994573593 14.954318977892399
      vertex 172.01 0 15
    endloop
  endfacet
  facet normal 0.8145552713221315 0.07537323205946445 0.5751683108884208
    outer loop
      vertex 177.01 0.6389241740107536 7.975636787712574
      vertex 172.01 2.4645417779684067 14.817414373159409
      vertex 172.01 1.4198314994573593 14.954318977892399
    endloop
  endfacet
  facet normal 0.8152378816906549 0.13815493942823612 0.562405911213702
    outer loop
      vertex 177.01 1.109043799340725 7.902621001005173
      vertex 172.01 3.3915403187274933 14.589697301387787
      vertex 172.01 2.4645417779684067 14.817414373159409
    endloop
  endfacet
  facet normal 0.8149024931793476 0.20359050919731447 0.5426645659842381
    outer loop
      vertex 177.01 1.5261931419372559 7.7811718955636024
      vertex 172.01 4.238784596323967 14.271838158369064
      vertex 172.01 3.3915403187274933 14.589697301387787
    endloop
  endfacet
  facet normal 0.8047110013912298 0.39044255588140575 0.4472077982288766
    outer loop
      vertex 177.01 2.5845713019371033 7.130409829318523
      vertex 172.01 6.410221569240093 12.787418380379677
      vertex 172.01 5.743491776287556 13.36951843649149
    endloop
  endfacet
  facet normal 0.7912305003634252 0.4914733906141632 0.36387937783400404
    outer loop
      vertex 177.01 3.1598503217101097 6.4638781398534775
      vertex 172.01 7.5785828307271 11.36787424981594
      vertex 172.01 7.021889604628086 12.119771510362625
    endloop
  endfacet
  facet normal 0.7984393253099474 0.4439354080253136 0.4067136551678516
    outer loop
      vertex 177.01 2.884599708020687 6.819956466555595
      vertex 172.01 7.021889604628086 12.119771510362625
      vertex 172.01 6.410221569240093 12.787418380379677
    endloop
  endfacet
  facet normal 0.8096842077631627 0.3316847545126543 0.4841453369834513
    outer loop
      vertex 177.01 2.259285531938076 7.394529677927494
      vertex 172.01 5.743491776287556 13.36951843649149
      vertex 172.01 5.020634517073631 13.864743143320084
    endloop
  endfacet
  facet normal 0.8131060367032055 0.2688376808388733 0.5163185784358155
    outer loop
      vertex 177.01 1.907453067600727 7.611647017300129
      vertex 172.01 5.020634517073631 13.864743143320084
      vertex 172.01 4.238784596323967 14.271838158369064
    endloop
  endfacet
  facet normal 0.7607574750299597 0.6208921440457648 0.18905292816640973
    outer loop
      vertex 177.01 4.010855533182621 4.594793416559696
      vertex 172.01 9.243162095546722 7.530951775610447
      vertex 172.01 8.9130122885108 8.615237660706043
    endloop
  endfacet
  facet normal 0.7679275553283619 0.5971562981948206 0.23171453405788847
    outer loop
      vertex 177.01 3.8362255096435547 5.128177255392075
      vertex 172.01 8.9130122885108 8.615237660706043
      vertex 172.01 8.524945586919785 9.61533235013485
    endloop
  endfacet
  facet normal 0 1 0
    outer loop
      vertex 6.600000001490116 -5.025 0
      vertex 6 -5.025 0.6000000014901161
      vertex 19.35 -5.025 0
    endloop
  endfacet
  facet normal 0 1 0
    outer loop
      vertex 6 -5.025 0.6000000014901161
      vertex 6 -5.025 1.7999999999999998
      vertex 19.35 -5.025 0
    endloop
  endfacet
  facet normal 0 1 0
    outer loop
      vertex 19.35 -5.025 1.7999999999999998
      vertex 19.35 -5.025 0
      vertex 6 -5.025 1.7999999999999998
    endloop
  endfacet
  facet normal 0 0 -1
    outer loop
      vertex 19.35 -5.025 1.7999999999999998
      vertex 6 -5.025 1.7999999999999998
      vertex 19.35 -1.6250000000000002 1.7999999999999998
    endloop
  endfacet
  facet normal 0 -1 0
    outer loop
      vertex 19.35 -1.6250000000000002 1.7999999999999998
      vertex 6 -1.6250000000000002 0.6000000014901161
      vertex 6.600000001490116 -1.6250000000000002 0
    endloop
  endfacet
  facet normal 0 -1 0
    outer loop
      vertex 19.35 -1.6250000000000002 1.7999999999999998
      vertex 6 -1.6250000000000002 1.7999999999999998
      vertex 6 -1.6250000000000002 0.6000000014901161
    endloop
  endfacet
  facet normal 0 -1 0
    outer loop
      vertex 19.35 -1.6250000000000002 1.7999999999999998
      vertex 6.600000001490116 -1.6250000000000002 0
      vertex 19.35 -1.6250000000000002 0
    endloop
  endfacet
  facet normal 0 0 -1
    outer loop
      vertex 19.35 -1.6250000000000002 1.7999999999999998
      vertex 6 -5.025 1.7999999999999998
      vertex 6 -1.6250000000000002 1.7999999999999998
    endloop
  endfacet
  facet normal -0.04906767432741787 0.9987954562051724 0
    outer loop
      vertex 19.35 -5.025 1.7999999999999998
      vertex 19.516629138560255 -5.016814035342735 0
      vertex 19.35 -5.025 0
    endloop
  endfacet
  facet normal -0.1467304744553621 0.9891765099647809 0
    outer loop
      vertex 19.516629138560255 -5.016814035342735 1.7999999999999998
      vertex 19.68165354742742 -4.992334976685492 0
      vertex 19.516629138560255 -5.016814035342735 0
    endloop
  endfacet
  facet normal -0.24298017990326878 0.9700312531945428 0
    outer loop
      vertex 19.68165354742742 -4.992334976685492 1.7999999999999998
      vertex 19.843483951332587 -4.951798570744755 0
      vertex 19.68165354742742 -4.992334976685492 0
    endloop
  endfacet
  facet normal -0.33688985339221555 0.9415440651830225 0
    outer loop
      vertex 19.843483951332587 -4.951798570744755 1.7999999999999998
      vertex 20.000561835020655 -4.895595205269188 0
      vertex 19.843483951332587 -4.951798570744755 0
    endloop
  endfacet
  facet normal -0.4275550934302837 0.9039892931234427 0
    outer loop
      vertex 20.000561835020655 -4.895595205269188 1.7999999999999998
      vertex 20.1513744526042 -4.824266149392203 0
      vertex 20.000561835020655 -4.895595205269188 0
    endloop
  endfacet
  facet normal -0.5141027441932193 0.8577286100002735 0
    outer loop
      vertex 20.1513744526042 -4.824266149392203 1.7999999999999998
      vertex 20.294469396133326 -4.738498340914327 0
      vertex 20.1513744526042 -4.824266149392203 0
    endloop
  endfacet
  facet normal -0.5956993044924344 0.8032075314806443 0
    outer loop
      vertex 20.294469396133326 -4.738498340914327 1.7999999999999998
      vertex 20.4284685830782 -4.639117770716653 0
      vertex 20.294469396133326 -4.738498340914327 0
    endloop
  endfacet
  facet normal -0.6715589548470159 0.7409511253549613 0
    outer loop
      vertex 20.4284685830782 -4.639117770716653 1.7999999999999998
      vertex 20.552081528017133 -4.527081528017131 0
      vertex 20.4284685830782 -4.639117770716653 0
    endloop
  endfacet
  facet normal -0.7409511253549641 0.671558954847013 0
    outer loop
      vertex 20.552081528017133 -4.527081528017131 1.7999999999999998
      vertex 20.664117770716654 -4.403468583078197 0
      vertex 20.552081528017133 -4.527081528017131 0
    endloop
  endfacet
  facet normal -0.8032075314806443 0.5956993044924344 0
    outer loop
      vertex 20.664117770716654 -4.403468583078197 1.7999999999999998
      vertex 20.763498340914328 -4.269469396133324 0
      vertex 20.664117770716654 -4.403468583078197 0
    endloop
  endfacet
  facet normal -0.8577286100002759 0.5141027441932153 0
    outer loop
      vertex 20.763498340914328 -4.269469396133324 1.7999999999999998
      vertex 20.849266149392204 -4.126374452604196 0
      vertex 20.763498340914328 -4.269469396133324 0
    endloop
  endfacet
  facet normal -0.9039892931234447 0.42755509343027925 0
    outer loop
      vertex 20.849266149392204 -4.126374452604196 1.7999999999999998
      vertex 20.920595205269187 -3.9755618350206525 0
      vertex 20.849266149392204 -4.126374452604196 0
    endloop
  endfacet
  facet normal -0.9415440651830199 0.33688985339222277 0
    outer loop
      vertex 20.920595205269187 -3.9755618350206525 1.7999999999999998
      vertex 20.976798570744755 -3.818483951332586 0
      vertex 20.920595205269187 -3.9755618350206525 0
    endloop
  endfacet
  facet normal -0.9700312531945415 0.24298017990327317 0
    outer loop
      vertex 20.976798570744755 -3.818483951332586 1.7999999999999998
      vertex 21.017334976685493 -3.6566535474274184 0
      vertex 20.976798570744755 -3.818483951332586 0
    endloop
  endfacet
  facet normal -0.9891765099647818 0.14673047445535653 0
    outer loop
      vertex 21.017334976685493 -3.6566535474274184 1.7999999999999998
      vertex 21.041814035342735 -3.491629138560253 0
      vertex 21.017334976685493 -3.6566535474274184 0
    endloop
  endfacet
  facet normal -0.04906767432741787 0.9987954562051724 0
    outer loop
      vertex 19.35 -5.025 1.7999999999999998
      vertex 19.516629138560255 -5.016814035342735 1.7999999999999998
      vertex 19.516629138560255 -5.016814035342735 0
    endloop
  endfacet
  facet normal -0.1467304744553621 0.9891765099647809 0
    outer loop
      vertex 19.516629138560255 -5.016814035342735 1.7999999999999998
      vertex 19.68165354742742 -4.992334976685492 1.7999999999999998
      vertex 19.68165354742742 -4.992334976685492 0
    endloop
  endfacet
  facet normal -0.24298017990326878 0.9700312531945428 0
    outer loop
      vertex 19.68165354742742 -4.992334976685492 1.7999999999999998
      vertex 19.843483951332587 -4.951798570744755 1.7999999999999998
      vertex 19.843483951332587 -4.951798570744755 0
    endloop
  endfacet
  facet normal -0.33688985339221555 0.9415440651830225 0
    outer loop
      vertex 19.843483951332587 -4.951798570744755 1.7999999999999998
      vertex 20.000561835020655 -4.895595205269188 1.7999999999999998
      vertex 20.000561835020655 -4.895595205269188 0
    endloop
  endfacet
  facet normal -0.4275550934302837 0.9039892931234427 0
    outer loop
      vertex 20.000561835020655 -4.895595205269188 1.7999999999999998
      vertex 20.1513744526042 -4.824266149392203 1.7999999999999998
      vertex 20.1513744526042 -4.824266149392203 0
    endloop
  endfacet
  facet normal -0.5141027441932193 0.8577286100002735 0
    outer loop
      vertex 20.1513744526042 -4.824266149392203 1.7999999999999998
      vertex 20.294469396133326 -4.738498340914327 1.7999999999999998
      vertex 20.294469396133326 -4.738498340914327 0
    endloop
  endfacet
  facet normal -0.5956993044924344 0.8032075314806443 0
    outer loop
      vertex 20.294469396133326 -4.738498340914327 1.7999999999999998
      vertex 20.4284685830782 -4.639117770716653 1.7999999999999998
      vertex 20.4284685830782 -4.639117770716653 0
    endloop
  endfacet
  facet normal -0.6715589548470159 0.7409511253549613 0
    outer loop
      vertex 20.4284685830782 -4.639117770716653 1.7999999999999998
      vertex 20.552081528017133 -4.527081528017131 1.7999999999999998
      vertex 20.552081528017133 -4.527081528017131 0
    endloop
  endfacet
  facet normal -0.7409511253549641 0.671558954847013 0
    outer loop
      vertex 20.552081528017133 -4.527081528017131 1.7999999999999998
      vertex 20.664117770716654 -4.403468583078197 1.7999999999999998
      vertex 20.664117770716654 -4.403468583078197 0
    endloop
  endfacet
  facet normal -0.8032075314806443 0.5956993044924344 0
    outer loop
      vertex 20.664117770716654 -4.403468583078197 1.7999999999999998
      vertex 20.763498340914328 -4.269469396133324 1.7999999999999998
      vertex 20.763498340914328 -4.269469396133324 0
    endloop
  endfacet
  facet normal -0.8577286100002759 0.5141027441932153 0
    outer loop
      vertex 20.763498340914328 -4.269469396133324 1.7999999999999998
      vertex 20.849266149392204 -4.126374452604196 1.7999999999999998
      vertex 20.849266149392204 -4.126374452604196 0
    endloop
  endfacet
  facet normal -0.9039892931234447 0.42755509343027925 0
    outer loop
      vertex 20.849266149392204 -4.126374452604196 1.7999999999999998
      vertex 20.920595205269187 -3.9755618350206525 1.7999999999999998
      vertex 20.920595205269187 -3.9755618350206525 0
    endloop
  endfacet
  facet normal -0.9415440651830199 0.33688985339222277 0
    outer loop
      vertex 20.920595205269187 -3.9755618350206525 1.7999999999999998
      vertex 20.976798570744755 -3.818483951332586 1.7999999999999998
      vertex 20.976798570744755 -3.818483951332586 0
    endloop
  endfacet
  facet normal -0.9700312531945415 0.24298017990327317 0
    outer loop
      vertex 20.976798570744755 -3.818483951332586 1.7999999999999998
      vertex 21.017334976685493 -3.6566535474274184 1.7999999999999998
      vertex 21.017334976685493 -3.6566535474274184 0
    endloop
  endfacet
  facet normal -0.9891765099647818 0.14673047445535653 0
    outer loop
      vertex 21.017334976685493 -3.6566535474274184 1.7999999999999998
      vertex 21.041814035342735 -3.491629138560253 1.7999999999999998
      vertex 21.041814035342735 -3.491629138560253 0
    endloop
  endfacet
  facet normal 0 0 -1
    outer loop
      vertex 19.35 -5.025 1.7999999999999998
      vertex 19.516629138560255 -1.6331859646572655 1.7999999999999998
      vertex 19.516629138560255 -5.016814035342735 1.7999999999999998
    endloop
  endfacet
  facet normal 0 0 -1
    outer loop
      vertex 19.516629138560255 -5.016814035342735 1.7999999999999998
      vertex 19.68165354742742 -1.6576650233145085 1.7999999999999998
      vertex 19.68165354742742 -4.992334976685492 1.7999999999999998
    endloop
  endfacet
  facet normal 0 0 -1
    outer loop
      vertex 19.68165354742742 -4.992334976685492 1.7999999999999998
      vertex 19.843483951332587 -1.6982014292552452 1.7999999999999998
      vertex 19.843483951332587 -4.951798570744755 1.7999999999999998
    endloop
  endfacet
  facet normal 0 0 -1
    outer loop
      vertex 19.843483951332587 -4.951798570744755 1.7999999999999998
      vertex 20.000561835020655 -1.7544047947308128 1.7999999999999998
      vertex 20.000561835020655 -4.895595205269188 1.7999999999999998
    endloop
  endfacet
  facet normal 0 0 -1
    outer loop
      vertex 20.000561835020655 -4.895595205269188 1.7999999999999998
      vertex 20.1513744526042 -1.8257338506077967 1.7999999999999998
      vertex 20.1513744526042 -4.824266149392203 1.7999999999999998
    endloop
  endfacet
  facet normal 0 0 -1
    outer loop
      vertex 20.1513744526042 -4.824266149392203 1.7999999999999998
      vertex 20.294469396133326 -1.9115016590856733 1.7999999999999998
      vertex 20.294469396133326 -4.738498340914327 1.7999999999999998
    endloop
  endfacet
  facet normal 0 0 -1
    outer loop
      vertex 20.294469396133326 -4.738498340914327 1.7999999999999998
      vertex 20.4284685830782 -2.0108822292833475 1.7999999999999998
      vertex 20.4284685830782 -4.639117770716653 1.7999999999999998
    endloop
  endfacet
  facet normal 0 0 -1
    outer loop
      vertex 20.4284685830782 -4.639117770716653 1.7999999999999998
      vertex 20.552081528017133 -2.122918471982869 1.7999999999999998
      vertex 20.552081528017133 -4.527081528017131 1.7999999999999998
    endloop
  endfacet
  facet normal 0 0 -1
    outer loop
      vertex 20.552081528017133 -4.527081528017131 1.7999999999999998
      vertex 20.664117770716654 -2.246531416921803 1.7999999999999998
      vertex 20.664117770716654 -4.403468583078197 1.7999999999999998
    endloop
  endfacet
  facet normal 0 0 -1
    outer loop
      vertex 20.664117770716654 -4.403468583078197 1.7999999999999998
      vertex 20.763498340914328 -2.3805306038666765 1.7999999999999998
      vertex 20.763498340914328 -4.269469396133324 1.7999999999999998
    endloop
  endfacet
  facet normal 0 0 -1
    outer loop
      vertex 20.763498340914328 -4.269469396133324 1.7999999999999998
      vertex 20.849266149392204 -2.5236255473958042 1.7999999999999998
      vertex 20.849266149392204 -4.126374452604196 1.7999999999999998
    endloop
  endfacet
  facet normal 0 0 -1
    outer loop
      vertex 20.849266149392204 -4.126374452604196 1.7999999999999998
      vertex 20.920595205269187 -2.674438164979348 1.7999999999999998
      vertex 20.920595205269187 -3.9755618350206525 1.7999999999999998
    endloop
  endfacet
  facet normal -0.9987954562051724 0.049067674327417994 0
    outer loop
      vertex 21.041814035342735 -3.491629138560253 1.7999999999999998
      vertex 21.05 -3.325 0
      vertex 21.041814035342735 -3.491629138560253 0
    endloop
  endfacet
  facet normal -0.9987954562051724 -0.049067674327417994 0
    outer loop
      vertex 21.05 -3.325 1.7999999999999998
      vertex 21.041814035342735 -3.158370861439747 0
      vertex 21.05 -3.325 0
    endloop
  endfacet
  facet normal -0.9891765099647818 -0.14673047445535653 0
    outer loop
      vertex 21.041814035342735 -3.158370861439747 1.7999999999999998
      vertex 21.017334976685493 -2.993346452572582 0
      vertex 21.041814035342735 -3.158370861439747 0
    endloop
  endfacet
  facet normal -0.9700312531945415 -0.24298017990327317 0
    outer loop
      vertex 21.017334976685493 -2.993346452572582 1.7999999999999998
      vertex 20.976798570744755 -2.8315160486674142 0
      vertex 21.017334976685493 -2.993346452572582 0
    endloop
  endfacet
  facet normal -0.9415440651830199 -0.33688985339222277 0
    outer loop
      vertex 20.976798570744755 -2.8315160486674142 1.7999999999999998
      vertex 20.920595205269187 -2.674438164979348 0
      vertex 20.976798570744755 -2.8315160486674142 0
    endloop
  endfacet
  facet normal -0.7409511253549641 -0.671558954847013 0
    outer loop
      vertex 20.664117770716654 -2.246531416921803 1.7999999999999998
      vertex 20.552081528017133 -2.122918471982869 0
      vertex 20.664117770716654 -2.246531416921803 0
    endloop
  endfacet
  facet normal -0.6715589548470159 -0.7409511253549613 0
    outer loop
      vertex 20.552081528017133 -2.122918471982869 1.7999999999999998
      vertex 20.4284685830782 -2.0108822292833475 0
      vertex 20.552081528017133 -2.122918471982869 0
    endloop
  endfacet
  facet normal -0.5141027441932202 -0.8577286100002729 0
    outer loop
      vertex 20.294469396133326 -1.9115016590856733 1.7999999999999998
      vertex 20.1513744526042 -1.8257338506077967 0
      vertex 20.294469396133326 -1.9115016590856733 0
    endloop
  endfacet
  facet normal -0.4275550934302815 -0.9039892931234437 0
    outer loop
      vertex 20.1513744526042 -1.8257338506077967 1.7999999999999998
      vertex 20.000561835020655 -1.7544047947308128 0
      vertex 20.1513744526042 -1.8257338506077967 0
    endloop
  endfacet
  facet normal -0.5956993044924352 -0.8032075314806435 0
    outer loop
      vertex 20.4284685830782 -2.0108822292833475 1.7999999999999998
      vertex 20.294469396133326 -1.9115016590856733 0
      vertex 20.4284685830782 -2.0108822292833475 0
    endloop
  endfacet
  facet normal -0.9039892931234447 -0.42755509343027925 0
    outer loop
      vertex 20.920595205269187 -2.674438164979348 1.7999999999999998
      vertex 20.849266149392204 -2.5236255473958042 0
      vertex 20.920595205269187 -2.674438164979348 0
    endloop
  endfacet
  facet normal -0.8577286100002751 -0.5141027441932164 0
    outer loop
      vertex 20.849266149392204 -2.5236255473958042 1.7999999999999998
      vertex 20.763498340914328 -2.3805306038666765 0
      vertex 20.849266149392204 -2.5236255473958042 0
    endloop
  endfacet
  facet normal -0.8032075314806452 -0.595699304492433 0
    outer loop
      vertex 20.763498340914328 -2.3805306038666765 1.7999999999999998
      vertex 20.664117770716654 -2.246531416921803 0
      vertex 20.763498340914328 -2.3805306038666765 0
    endloop
  endfacet
  facet normal -0.9987954562051724 0.049067674327417994 0
    outer loop
      vertex 21.041814035342735 -3.491629138560253 1.7999999999999998
      vertex 21.05 -3.325 1.7999999999999998
      vertex 21.05 -3.325 0
    endloop
  endfacet
  facet normal -0.9987954562051724 -0.049067674327417994 0
    outer loop
      vertex 21.05 -3.325 1.7999999999999998
      vertex 21.041814035342735 -3.158370861439747 1.7999999999999998
      vertex 21.041814035342735 -3.158370861439747 0
    endloop
  endfacet
  facet normal -0.9891765099647818 -0.14673047445535653 0
    outer loop
      vertex 21.041814035342735 -3.158370861439747 1.7999999999999998
      vertex 21.017334976685493 -2.993346452572582 1.7999999999999998
      vertex 21.017334976685493 -2.993346452572582 0
    endloop
  endfacet
  facet normal -0.9700312531945415 -0.24298017990327317 0
    outer loop
      vertex 21.017334976685493 -2.993346452572582 1.7999999999999998
      vertex 20.976798570744755 -2.8315160486674142 1.7999999999999998
      vertex 20.976798570744755 -2.8315160486674142 0
    endloop
  endfacet
  facet normal -0.9415440651830199 -0.33688985339222277 0
    outer loop
      vertex 20.976798570744755 -2.8315160486674142 1.7999999999999998
      vertex 20.920595205269187 -2.674438164979348 1.7999999999999998
      vertex 20.920595205269187 -2.674438164979348 0
    endloop
  endfacet
  facet normal -0.7409511253549641 -0.671558954847013 0
    outer loop
      vertex 20.552081528017133 -2.122918471982869 1.7999999999999998
      vertex 20.552081528017133 -2.122918471982869 0
      vertex 20.664117770716654 -2.246531416921803 1.7999999999999998
    endloop
  endfacet
  facet normal -0.6715589548470159 -0.7409511253549613 0
    outer loop
      vertex 20.552081528017133 -2.122918471982869 1.7999999999999998
      vertex 20.4284685830782 -2.0108822292833475 1.7999999999999998
      vertex 20.4284685830782 -2.0108822292833475 0
    endloop
  endfacet
  facet normal -0.5956993044924352 -0.8032075314806435 0
    outer loop
      vertex 20.294469396133326 -1.9115016590856733 1.7999999999999998
      vertex 20.294469396133326 -1.9115016590856733 0
      vertex 20.4284685830782 -2.0108822292833475 1.7999999999999998
    endloop
  endfacet
  facet normal -0.4275550934302815 -0.9039892931234437 0
    outer loop
      vertex 20.000561835020655 -1.7544047947308128 1.7999999999999998
      vertex 20.000561835020655 -1.7544047947308128 0
      vertex 20.1513744526042 -1.8257338506077967 1.7999999999999998
    endloop
  endfacet
  facet normal -0.5141027441932202 -0.8577286100002729 0
    outer loop
      vertex 20.1513744526042 -1.8257338506077967 1.7999999999999998
      vertex 20.1513744526042 -1.8257338506077967 0
      vertex 20.294469396133326 -1.9115016590856733 1.7999999999999998
    endloop
  endfacet
  facet normal -0.9039892931234447 -0.42755509343027925 0
    outer loop
      vertex 20.849266149392204 -2.5236255473958042 1.7999999999999998
      vertex 20.849266149392204 -2.5236255473958042 0
      vertex 20.920595205269187 -2.674438164979348 1.7999999999999998
    endloop
  endfacet
  facet normal -0.8577286100002751 -0.5141027441932164 0
    outer loop
      vertex 20.849266149392204 -2.5236255473958042 1.7999999999999998
      vertex 20.763498340914328 -2.3805306038666765 1.7999999999999998
      vertex 20.763498340914328 -2.3805306038666765 0
    endloop
  endfacet
  facet normal -0.8032075314806452 -0.595699304492433 0
    outer loop
      vertex 20.664117770716654 -2.246531416921803 1.7999999999999998
      vertex 20.664117770716654 -2.246531416921803 0
      vertex 20.763498340914328 -2.3805306038666765 1.7999999999999998
    endloop
  endfacet
  facet normal -0.04906767432741787 -0.9987954562051724 0
    outer loop
      vertex 19.516629138560255 -1.6331859646572655 1.7999999999999998
      vertex 19.35 -1.6250000000000002 0
      vertex 19.516629138560255 -1.6331859646572655 0
    endloop
  endfacet
  facet normal -0.1467304744553621 -0.9891765099647809 0
    outer loop
      vertex 19.68165354742742 -1.6576650233145085 1.7999999999999998
      vertex 19.516629138560255 -1.6331859646572655 0
      vertex 19.68165354742742 -1.6576650233145085 0
    endloop
  endfacet
  facet normal -0.24298017990326504 -0.9700312531945439 0
    outer loop
      vertex 19.843483951332587 -1.6982014292552452 1.7999999999999998
      vertex 19.68165354742742 -1.6576650233145085 0
      vertex 19.843483951332587 -1.6982014292552452 0
    endloop
  endfacet
  facet normal -0.3368898533922179 -0.9415440651830216 0
    outer loop
      vertex 20.000561835020655 -1.7544047947308128 1.7999999999999998
      vertex 19.843483951332587 -1.6982014292552452 0
      vertex 20.000561835020655 -1.7544047947308128 0
    endloop
  endfacet
  facet normal -0.04906767432741787 -0.9987954562051724 0
    outer loop
      vertex 19.35 -1.6250000000000002 1.7999999999999998
      vertex 19.35 -1.6250000000000002 0
      vertex 19.516629138560255 -1.6331859646572655 1.7999999999999998
    endloop
  endfacet
  facet normal -0.1467304744553621 -0.9891765099647809 0
    outer loop
      vertex 19.516629138560255 -1.6331859646572655 1.7999999999999998
      vertex 19.516629138560255 -1.6331859646572655 0
      vertex 19.68165354742742 -1.6576650233145085 1.7999999999999998
    endloop
  endfacet
  facet normal -0.24298017990326504 -0.9700312531945439 0
    outer loop
      vertex 19.843483951332587 -1.6982014292552452 1.7999999999999998
      vertex 19.68165354742742 -1.6576650233145085 1.7999999999999998
      vertex 19.68165354742742 -1.6576650233145085 0
    endloop
  endfacet
  facet normal -0.3368898533922179 -0.9415440651830216 0
    outer loop
      vertex 19.843483951332587 -1.6982014292552452 1.7999999999999998
      vertex 19.843483951332587 -1.6982014292552452 0
      vertex 20.000561835020655 -1.7544047947308128 1.7999999999999998
    endloop
  endfacet
  facet normal 0 0 -1
    outer loop
      vertex 19.516629138560255 -5.016814035342735 1.7999999999999998
      vertex 19.516629138560255 -1.6331859646572655 1.7999999999999998
      vertex 19.68165354742742 -1.6576650233145085 1.7999999999999998
    endloop
  endfacet
  facet normal 0 0 -1
    outer loop
      vertex 19.35 -5.025 1.7999999999999998
      vertex 19.35 -1.6250000000000002 1.7999999999999998
      vertex 19.516629138560255 -1.6331859646572655 1.7999999999999998
    endloop
  endfacet
  facet normal 0 0 -1
    outer loop
      vertex 19.68165354742742 -4.992334976685492 1.7999999999999998
      vertex 19.68165354742742 -1.6576650233145085 1.7999999999999998
      vertex 19.843483951332587 -1.6982014292552452 1.7999999999999998
    endloop
  endfacet
  facet normal 0 0 -1
    outer loop
      vertex 19.843483951332587 -4.951798570744755 1.7999999999999998
      vertex 19.843483951332587 -1.6982014292552452 1.7999999999999998
      vertex 20.000561835020655 -1.7544047947308128 1.7999999999999998
    endloop
  endfacet
  facet normal 0 0 -1
    outer loop
      vertex 20.294469396133326 -4.738498340914327 1.7999999999999998
      vertex 20.294469396133326 -1.9115016590856733 1.7999999999999998
      vertex 20.4284685830782 -2.0108822292833475 1.7999999999999998
    endloop
  endfacet
  facet normal 0 0 -1
    outer loop
      vertex 20.4284685830782 -4.639117770716653 1.7999999999999998
      vertex 20.4284685830782 -2.0108822292833475 1.7999999999999998
      vertex 20.552081528017133 -2.122918471982869 1.7999999999999998
    endloop
  endfacet
  facet normal 0 0 -1
    outer loop
      vertex 20.552081528017133 -4.527081528017131 1.7999999999999998
      vertex 20.552081528017133 -2.122918471982869 1.7999999999999998
      vertex 20.664117770716654 -2.246531416921803 1.7999999999999998
    endloop
  endfacet
  facet normal 0 0 -1
    outer loop
      vertex 20.000561835020655 -4.895595205269188 1.7999999999999998
      vertex 20.000561835020655 -1.7544047947308128 1.7999999999999998
      vertex 20.1513744526042 -1.8257338506077967 1.7999999999999998
    endloop
  endfacet
  facet normal 0 0 -1
    outer loop
      vertex 20.1513744526042 -4.824266149392203 1.7999999999999998
      vertex 20.1513744526042 -1.8257338506077967 1.7999999999999998
      vertex 20.294469396133326 -1.9115016590856733 1.7999999999999998
    endloop
  endfacet
  facet normal 0 0 -1
    outer loop
      vertex 20.920595205269187 -3.9755618350206525 1.7999999999999998
      vertex 20.976798570744755 -2.8315160486674142 1.7999999999999998
      vertex 20.976798570744755 -3.818483951332586 1.7999999999999998
    endloop
  endfacet
  facet normal 0 0 -1
    outer loop
      vertex 20.976798570744755 -3.818483951332586 1.7999999999999998
      vertex 21.017334976685493 -2.993346452572582 1.7999999999999998
      vertex 21.017334976685493 -3.6566535474274184 1.7999999999999998
    endloop
  endfacet
  facet normal 0 0 -1
    outer loop
      vertex 21.017334976685493 -3.6566535474274184 1.7999999999999998
      vertex 21.041814035342735 -3.158370861439747 1.7999999999999998
      vertex 21.041814035342735 -3.491629138560253 1.7999999999999998
    endloop
  endfacet
  facet normal 0 0 -1
    outer loop
      vertex 21.041814035342735 -3.491629138560253 1.7999999999999998
      vertex 21.041814035342735 -3.158370861439747 1.7999999999999998
      vertex 21.05 -3.325 1.7999999999999998
    endloop
  endfacet
  facet normal 0 0 -1
    outer loop
      vertex 21.017334976685493 -3.6566535474274184 1.7999999999999998
      vertex 21.017334976685493 -2.993346452572582 1.7999999999999998
      vertex 21.041814035342735 -3.158370861439747 1.7999999999999998
    endloop
  endfacet
  facet normal 0 0 -1
    outer loop
      vertex 20.976798570744755 -3.818483951332586 1.7999999999999998
      vertex 20.976798570744755 -2.8315160486674142 1.7999999999999998
      vertex 21.017334976685493 -2.993346452572582 1.7999999999999998
    endloop
  endfacet
  facet normal 0 0 -1
    outer loop
      vertex 20.920595205269187 -3.9755618350206525 1.7999999999999998
      vertex 20.920595205269187 -2.674438164979348 1.7999999999999998
      vertex 20.976798570744755 -2.8315160486674142 1.7999999999999998
    endloop
  endfacet
  facet normal 0 0 -1
    outer loop
      vertex 20.849266149392204 -4.126374452604196 1.7999999999999998
      vertex 20.849266149392204 -2.5236255473958042 1.7999999999999998
      vertex 20.920595205269187 -2.674438164979348 1.7999999999999998
    endloop
  endfacet
  facet normal 0 0 -1
    outer loop
      vertex 20.763498340914328 -4.269469396133324 1.7999999999999998
      vertex 20.763498340914328 -2.3805306038666765 1.7999999999999998
      vertex 20.849266149392204 -2.5236255473958042 1.7999999999999998
    endloop
  endfacet
  facet normal 0 0 -1
    outer loop
      vertex 20.664117770716654 -4.403468583078197 1.7999999999999998
      vertex 20.664117770716654 -2.246531416921803 1.7999999999999998
      vertex 20.763498340914328 -2.3805306038666765 1.7999999999999998
    endloop
  endfacet
  facet normal 0 1 0
    outer loop
      vertex 6.600000001490116 1.6250000000000002 0
      vertex 6 1.6250000000000002 0.6000000014901161
      vertex 19.35 1.6250000000000002 0
    endloop
  endfacet
  facet normal 0 1 0
    outer loop
      vertex 19.35 1.6250000000000002 0
      vertex 6 1.6250000000000002 0.6000000014901161
      vertex 6 1.6250000000000002 1.7999999999999998
    endloop
  endfacet
  facet normal 0 1 0
    outer loop
      vertex 19.35 1.6250000000000002 1.7999999999999998
      vertex 19.35 1.6250000000000002 0
      vertex 6 1.6250000000000002 1.7999999999999998
    endloop
  endfacet
  facet normal 0 0 -1
    outer loop
      vertex 19.35 1.6250000000000002 1.7999999999999998
      vertex 6 1.6250000000000002 1.7999999999999998
      vertex 19.35 5.025 1.7999999999999998
    endloop
  endfacet
  facet normal 0 -1 0
    outer loop
      vertex 19.35 5.025 1.7999999999999998
      vertex 6 5.025 0.6000000014901161
      vertex 6.600000001490116 5.025 0
    endloop
  endfacet
  facet normal 0 -1 0
    outer loop
      vertex 19.35 5.025 1.7999999999999998
      vertex 6 5.025 1.7999999999999998
      vertex 6 5.025 0.6000000014901161
    endloop
  endfacet
  facet normal 0 -1 0
    outer loop
      vertex 19.35 5.025 1.7999999999999998
      vertex 6.600000001490116 5.025 0
      vertex 19.35 5.025 0
    endloop
  endfacet
  facet normal 0 0 -1
    outer loop
      vertex 19.35 5.025 1.7999999999999998
      vertex 6 1.6250000000000002 1.7999999999999998
      vertex 6 5.025 1.7999999999999998
    endloop
  endfacet
  facet normal -0.04906767432741787 0.9987954562051724 0
    outer loop
      vertex 19.35 1.6250000000000002 1.7999999999999998
      vertex 19.516629138560255 1.6331859646572655 0
      vertex 19.35 1.6250000000000002 0
    endloop
  endfacet
  facet normal -0.1467304744553621 0.9891765099647809 0
    outer loop
      vertex 19.516629138560255 1.6331859646572655 1.7999999999999998
      vertex 19.68165354742742 1.6576650233145085 0
      vertex 19.516629138560255 1.6331859646572655 0
    endloop
  endfacet
  facet normal -0.24298017990326504 0.9700312531945439 0
    outer loop
      vertex 19.68165354742742 1.6576650233145085 1.7999999999999998
      vertex 19.843483951332587 1.6982014292552452 0
      vertex 19.68165354742742 1.6576650233145085 0
    endloop
  endfacet
  facet normal -0.3368898533922179 0.9415440651830216 0
    outer loop
      vertex 19.843483951332587 1.6982014292552452 1.7999999999999998
      vertex 20.000561835020655 1.7544047947308128 0
      vertex 19.843483951332587 1.6982014292552452 0
    endloop
  endfacet
  facet normal -0.04906767432741787 0.9987954562051724 0
    outer loop
      vertex 19.35 1.6250000000000002 1.7999999999999998
      vertex 19.516629138560255 1.6331859646572655 1.7999999999999998
      vertex 19.516629138560255 1.6331859646572655 0
    endloop
  endfacet
  facet normal -0.1467304744553621 0.9891765099647809 0
    outer loop
      vertex 19.516629138560255 1.6331859646572655 1.7999999999999998
      vertex 19.68165354742742 1.6576650233145085 1.7999999999999998
      vertex 19.68165354742742 1.6576650233145085 0
    endloop
  endfacet
  facet normal -0.24298017990326504 0.9700312531945439 0
    outer loop
      vertex 19.68165354742742 1.6576650233145085 1.7999999999999998
      vertex 19.843483951332587 1.6982014292552452 1.7999999999999998
      vertex 19.843483951332587 1.6982014292552452 0
    endloop
  endfacet
  facet normal -0.3368898533922179 0.9415440651830216 0
    outer loop
      vertex 19.843483951332587 1.6982014292552452 1.7999999999999998
      vertex 20.000561835020655 1.7544047947308128 1.7999999999999998
      vertex 20.000561835020655 1.7544047947308128 0
    endloop
  endfacet
  facet normal -0.4275550934302815 0.9039892931234437 0
    outer loop
      vertex 20.000561835020655 1.7544047947308128 1.7999999999999998
      vertex 20.1513744526042 1.8257338506077967 0
      vertex 20.000561835020655 1.7544047947308128 0
    endloop
  endfacet
  facet normal -0.5141027441932202 0.8577286100002729 0
    outer loop
      vertex 20.1513744526042 1.8257338506077967 1.7999999999999998
      vertex 20.294469396133326 1.9115016590856733 0
      vertex 20.1513744526042 1.8257338506077967 0
    endloop
  endfacet
  facet normal -0.5956993044924352 0.8032075314806435 0
    outer loop
      vertex 20.294469396133326 1.9115016590856733 1.7999999999999998
      vertex 20.4284685830782 2.0108822292833475 0
      vertex 20.294469396133326 1.9115016590856733 0
    endloop
  endfacet
  facet normal -0.6715589548470159 0.7409511253549613 0
    outer loop
      vertex 20.4284685830782 2.0108822292833475 1.7999999999999998
      vertex 20.552081528017133 2.122918471982869 0
      vertex 20.4284685830782 2.0108822292833475 0
    endloop
  endfacet
  facet normal -0.7409511253549641 0.671558954847013 0
    outer loop
      vertex 20.552081528017133 2.122918471982869 1.7999999999999998
      vertex 20.664117770716654 2.246531416921803 0
      vertex 20.552081528017133 2.122918471982869 0
    endloop
  endfacet
  facet normal -0.8032075314806452 0.595699304492433 0
    outer loop
      vertex 20.664117770716654 2.246531416921803 1.7999999999999998
      vertex 20.763498340914328 2.3805306038666765 0
      vertex 20.664117770716654 2.246531416921803 0
    endloop
  endfacet
  facet normal -0.857728610000275 0.5141027441932168 2.645479901674761e-17
    outer loop
      vertex 20.774352112992776 2.3986390285799444 0
      vertex 20.763498340914328 2.3805306038666765 1.7999999999999998
      vertex 20.849266149392204 2.5236255473958042 0
    endloop
  endfacet
  facet normal -0.8577286100002762 0.5141027441932148 0
    outer loop
      vertex 20.763498340914328 2.3805306038666765 1.7999999999999998
      vertex 20.774352112992776 2.3986390285799444 0
      vertex 20.763498340914328 2.3805306038666765 0
    endloop
  endfacet
  facet normal -0.9039892931234447 0.42755509343027925 0
    outer loop
      vertex 20.849266149392204 2.5236255473958042 1.7999999999999998
      vertex 20.920595205269187 2.674438164979348 0
      vertex 20.849266149392204 2.5236255473958042 0
    endloop
  endfacet
  facet normal -0.9415440651830199 0.33688985339222277 0
    outer loop
      vertex 20.920595205269187 2.674438164979348 1.7999999999999998
      vertex 20.976798570744755 2.8315160486674142 0
      vertex 20.920595205269187 2.674438164979348 0
    endloop
  endfacet
  facet normal -0.9700312531945415 0.24298017990327317 0
    outer loop
      vertex 20.976798570744755 2.8315160486674142 1.7999999999999998
      vertex 21.017334976685493 2.993346452572582 0
      vertex 20.976798570744755 2.8315160486674142 0
    endloop
  endfacet
  facet normal -0.9891765099647818 0.14673047445535653 0
    outer loop
      vertex 21.017334976685493 2.993346452572582 1.7999999999999998
      vertex 21.041814035342735 3.158370861439747 0
      vertex 21.017334976685493 2.993346452572582 0
    endloop
  endfacet
  facet normal -0.9987954562051724 0.049067674327417994 0
    outer loop
      vertex 21.041814035342735 3.158370861439747 1.7999999999999998
      vertex 21.05 3.325 0
      vertex 21.041814035342735 3.158370861439747 0
    endloop
  endfacet
  facet normal -0.9987954562051724 -0.049067674327417994 0
    outer loop
      vertex 21.05 3.325 1.7999999999999998
      vertex 21.041814035342735 3.491629138560253 0
      vertex 21.05 3.325 0
    endloop
  endfacet
  facet normal -0.4275550934302815 0.9039892931234437 0
    outer loop
      vertex 20.000561835020655 1.7544047947308128 1.7999999999999998
      vertex 20.1513744526042 1.8257338506077967 1.7999999999999998
      vertex 20.1513744526042 1.8257338506077967 0
    endloop
  endfacet
  facet normal -0.5141027441932202 0.8577286100002729 0
    outer loop
      vertex 20.1513744526042 1.8257338506077967 1.7999999999999998
      vertex 20.294469396133326 1.9115016590856733 1.7999999999999998
      vertex 20.294469396133326 1.9115016590856733 0
    endloop
  endfacet
  facet normal -0.5956993044924352 0.8032075314806435 0
    outer loop
      vertex 20.294469396133326 1.9115016590856733 1.7999999999999998
      vertex 20.4284685830782 2.0108822292833475 1.7999999999999998
      vertex 20.4284685830782 2.0108822292833475 0
    endloop
  endfacet
  facet normal -0.6715589548470159 0.7409511253549613 0
    outer loop
      vertex 20.4284685830782 2.0108822292833475 1.7999999999999998
      vertex 20.552081528017133 2.122918471982869 1.7999999999999998
      vertex 20.552081528017133 2.122918471982869 0
    endloop
  endfacet
  facet normal -0.7409511253549641 0.671558954847013 0
    outer loop
      vertex 20.552081528017133 2.122918471982869 1.7999999999999998
      vertex 20.664117770716654 2.246531416921803 1.7999999999999998
      vertex 20.664117770716654 2.246531416921803 0
    endloop
  endfacet
  facet normal -0.8032075314806452 0.595699304492433 0
    outer loop
      vertex 20.664117770716654 2.246531416921803 1.7999999999999998
      vertex 20.763498340914328 2.3805306038666765 1.7999999999999998
      vertex 20.763498340914328 2.3805306038666765 0
    endloop
  endfacet
  facet normal -0.8577286100002751 0.5141027441932164 0
    outer loop
      vertex 20.763498340914328 2.3805306038666765 1.7999999999999998
      vertex 20.849266149392204 2.5236255473958042 1.7999999999999998
      vertex 20.849266149392204 2.5236255473958042 0
    endloop
  endfacet
  facet normal -0.9039892931234447 0.42755509343027925 0
    outer loop
      vertex 20.849266149392204 2.5236255473958042 1.7999999999999998
      vertex 20.920595205269187 2.674438164979348 1.7999999999999998
      vertex 20.920595205269187 2.674438164979348 0
    endloop
  endfacet
  facet normal -0.9415440651830199 0.33688985339222277 0
    outer loop
      vertex 20.920595205269187 2.674438164979348 1.7999999999999998
      vertex 20.976798570744755 2.8315160486674142 1.7999999999999998
      vertex 20.976798570744755 2.8315160486674142 0
    endloop
  endfacet
  facet normal -0.9700312531945415 0.24298017990327317 0
    outer loop
      vertex 20.976798570744755 2.8315160486674142 1.7999999999999998
      vertex 21.017334976685493 2.993346452572582 1.7999999999999998
      vertex 21.017334976685493 2.993346452572582 0
    endloop
  endfacet
  facet normal -0.9891765099647818 0.14673047445535653 0
    outer loop
      vertex 21.017334976685493 2.993346452572582 1.7999999999999998
      vertex 21.041814035342735 3.158370861439747 1.7999999999999998
      vertex 21.041814035342735 3.158370861439747 0
    endloop
  endfacet
  facet normal -0.9987954562051724 0.049067674327417994 0
    outer loop
      vertex 21.041814035342735 3.158370861439747 1.7999999999999998
      vertex 21.05 3.325 1.7999999999999998
      vertex 21.05 3.325 0
    endloop
  endfacet
  facet normal -0.9987954562051724 -0.049067674327417994 0
    outer loop
      vertex 21.05 3.325 1.7999999999999998
      vertex 21.041814035342735 3.491629138560253 1.7999999999999998
      vertex 21.041814035342735 3.491629138560253 0
    endloop
  endfacet
  facet normal 0 0 -1
    outer loop
      vertex 19.35 1.6250000000000002 1.7999999999999998
      vertex 19.516629138560255 5.016814035342735 1.7999999999999998
      vertex 19.516629138560255 1.6331859646572655 1.7999999999999998
    endloop
  endfacet
  facet normal 0 0 -1
    outer loop
      vertex 19.516629138560255 1.6331859646572655 1.7999999999999998
      vertex 19.68165354742742 4.992334976685492 1.7999999999999998
      vertex 19.68165354742742 1.6576650233145085 1.7999999999999998
    endloop
  endfacet
  facet normal 0 0 -1
    outer loop
      vertex 19.68165354742742 1.6576650233145085 1.7999999999999998
      vertex 19.843483951332587 4.951798570744755 1.7999999999999998
      vertex 19.843483951332587 1.6982014292552452 1.7999999999999998
    endloop
  endfacet
  facet normal 0 0 -1
    outer loop
      vertex 19.843483951332587 1.6982014292552452 1.7999999999999998
      vertex 20.000561835020655 4.895595205269188 1.7999999999999998
      vertex 20.000561835020655 1.7544047947308128 1.7999999999999998
    endloop
  endfacet
  facet normal 0 0 -1
    outer loop
      vertex 20.000561835020655 1.7544047947308128 1.7999999999999998
      vertex 20.1513744526042 4.824266149392203 1.7999999999999998
      vertex 20.1513744526042 1.8257338506077967 1.7999999999999998
    endloop
  endfacet
  facet normal 0 0 -1
    outer loop
      vertex 20.1513744526042 1.8257338506077967 1.7999999999999998
      vertex 20.294469396133326 4.738498340914327 1.7999999999999998
      vertex 20.294469396133326 1.9115016590856733 1.7999999999999998
    endloop
  endfacet
  facet normal 0 0 -1
    outer loop
      vertex 20.294469396133326 1.9115016590856733 1.7999999999999998
      vertex 20.4284685830782 4.639117770716653 1.7999999999999998
      vertex 20.4284685830782 2.0108822292833475 1.7999999999999998
    endloop
  endfacet
  facet normal 0 0 -1
    outer loop
      vertex 20.4284685830782 2.0108822292833475 1.7999999999999998
      vertex 20.552081528017133 4.527081528017131 1.7999999999999998
      vertex 20.552081528017133 2.122918471982869 1.7999999999999998
    endloop
  endfacet
  facet normal 0 0 -1
    outer loop
      vertex 20.552081528017133 2.122918471982869 1.7999999999999998
      vertex 20.664117770716654 4.403468583078197 1.7999999999999998
      vertex 20.664117770716654 2.246531416921803 1.7999999999999998
    endloop
  endfacet
  facet normal 0 0 -1
    outer loop
      vertex 20.664117770716654 2.246531416921803 1.7999999999999998
      vertex 20.763498340914328 4.269469396133324 1.7999999999999998
      vertex 20.763498340914328 2.3805306038666765 1.7999999999999998
    endloop
  endfacet
  facet normal 0 0 -1
    outer loop
      vertex 20.763498340914328 2.3805306038666765 1.7999999999999998
      vertex 20.849266149392204 4.126374452604196 1.7999999999999998
      vertex 20.849266149392204 2.5236255473958042 1.7999999999999998
    endloop
  endfacet
  facet normal 0 0 -1
    outer loop
      vertex 20.849266149392204 2.5236255473958042 1.7999999999999998
      vertex 20.920595205269187 3.9755618350206525 1.7999999999999998
      vertex 20.920595205269187 2.674438164979348 1.7999999999999998
    endloop
  endfacet
  facet normal 0 0 -1
    outer loop
      vertex 20.920595205269187 2.674438164979348 1.7999999999999998
      vertex 20.976798570744755 3.818483951332586 1.7999999999999998
      vertex 20.976798570744755 2.8315160486674142 1.7999999999999998
    endloop
  endfacet
  facet normal 0 0 -1
    outer loop
      vertex 20.976798570744755 2.8315160486674142 1.7999999999999998
      vertex 21.017334976685493 3.6566535474274184 1.7999999999999998
      vertex 21.017334976685493 2.993346452572582 1.7999999999999998
    endloop
  endfacet
  facet normal 0 0 -1
    outer loop
      vertex 21.017334976685493 2.993346452572582 1.7999999999999998
      vertex 21.041814035342735 3.491629138560253 1.7999999999999998
      vertex 21.041814035342735 3.158370861439747 1.7999999999999998
    endloop
  endfacet
  facet normal 0 0 -1
    outer loop
      vertex 21.017334976685493 2.993346452572582 1.7999999999999998
      vertex 21.017334976685493 3.6566535474274184 1.7999999999999998
      vertex 21.041814035342735 3.491629138560253 1.7999999999999998
    endloop
  endfacet
  facet normal 0 0 -1
    outer loop
      vertex 20.976798570744755 2.8315160486674142 1.7999999999999998
      vertex 20.976798570744755 3.818483951332586 1.7999999999999998
      vertex 21.017334976685493 3.6566535474274184 1.7999999999999998
    endloop
  endfacet
  facet normal 0 0 -1
    outer loop
      vertex 20.849266149392204 2.5236255473958042 1.7999999999999998
      vertex 20.849266149392204 4.126374452604196 1.7999999999999998
      vertex 20.920595205269187 3.9755618350206525 1.7999999999999998
    endloop
  endfacet
  facet normal 0 0 -1
    outer loop
      vertex 20.920595205269187 2.674438164979348 1.7999999999999998
      vertex 20.920595205269187 3.9755618350206525 1.7999999999999998
      vertex 20.976798570744755 3.818483951332586 1.7999999999999998
    endloop
  endfacet
  facet normal 0 0 -1
    outer loop
      vertex 21.041814035342735 3.158370861439747 1.7999999999999998
      vertex 21.041814035342735 3.491629138560253 1.7999999999999998
      vertex 21.05 3.325 1.7999999999999998
    endloop
  endfacet
  facet normal -0.9700312531945415 -0.24298017990327317 0
    outer loop
      vertex 21.017334976685493 3.6566535474274184 1.7999999999999998
      vertex 20.976798570744755 3.818483951332586 0
      vertex 21.017334976685493 3.6566535474274184 0
    endloop
  endfacet
  facet normal -0.9891765099647818 -0.14673047445535653 0
    outer loop
      vertex 21.041814035342735 3.491629138560253 1.7999999999999998
      vertex 21.017334976685493 3.6566535474274184 0
      vertex 21.041814035342735 3.491629138560253 0
    endloop
  endfacet
  facet normal -0.9415440651830199 -0.33688985339222277 0
    outer loop
      vertex 20.976798570744755 3.818483951332586 1.7999999999999998
      vertex 20.920595205269187 3.9755618350206525 0
      vertex 20.976798570744755 3.818483951332586 0
    endloop
  endfacet
  facet normal -0.9039892931234447 -0.42755509343027925 0
    outer loop
      vertex 20.920595205269187 3.9755618350206525 1.7999999999999998
      vertex 20.849266149392204 4.126374452604196 0
      vertex 20.920595205269187 3.9755618350206525 0
    endloop
  endfacet
  facet normal -0.8577286100002759 -0.5141027441932153 0
    outer loop
      vertex 20.849266149392204 4.126374452604196 1.7999999999999998
      vertex 20.763498340914328 4.269469396133324 0
      vertex 20.849266149392204 4.126374452604196 0
    endloop
  endfacet
  facet normal -0.8032075314806443 -0.5956993044924344 0
    outer loop
      vertex 20.763498340914328 4.269469396133324 1.7999999999999998
      vertex 20.664117770716654 4.403468583078197 0
      vertex 20.763498340914328 4.269469396133324 0
    endloop
  endfacet
  facet normal -0.7409511253549641 -0.671558954847013 0
    outer loop
      vertex 20.664117770716654 4.403468583078197 1.7999999999999998
      vertex 20.552081528017133 4.527081528017131 0
      vertex 20.664117770716654 4.403468583078197 0
    endloop
  endfacet
  facet normal -0.6715589548470159 -0.7409511253549613 0
    outer loop
      vertex 20.552081528017133 4.527081528017131 1.7999999999999998
      vertex 20.4284685830782 4.639117770716653 0
      vertex 20.552081528017133 4.527081528017131 0
    endloop
  endfacet
  facet normal -0.4275550934302837 -0.9039892931234427 0
    outer loop
      vertex 20.1513744526042 4.824266149392203 1.7999999999999998
      vertex 20.000561835020655 4.895595205269188 0
      vertex 20.1513744526042 4.824266149392203 0
    endloop
  endfacet
  facet normal -0.5141027441932193 -0.8577286100002735 0
    outer loop
      vertex 20.294469396133326 4.738498340914327 1.7999999999999998
      vertex 20.1513744526042 4.824266149392203 0
      vertex 20.294469396133326 4.738498340914327 0
    endloop
  endfacet
  facet normal -0.5956993044924344 -0.8032075314806443 0
    outer loop
      vertex 20.4284685830782 4.639117770716653 1.7999999999999998
      vertex 20.294469396133326 4.738498340914327 0
      vertex 20.4284685830782 4.639117770716653 0
    endloop
  endfacet
  facet normal -0.04906767432741787 -0.9987954562051724 0
    outer loop
      vertex 19.516629138560255 5.016814035342735 1.7999999999999998
      vertex 19.35 5.025 0
      vertex 19.516629138560255 5.016814035342735 0
    endloop
  endfacet
  facet normal -0.1467304744553621 -0.9891765099647809 0
    outer loop
      vertex 19.68165354742742 4.992334976685492 1.7999999999999998
      vertex 19.516629138560255 5.016814035342735 0
      vertex 19.68165354742742 4.992334976685492 0
    endloop
  endfacet
  facet normal -0.24298017990326878 -0.9700312531945428 0
    outer loop
      vertex 19.843483951332587 4.951798570744755 1.7999999999999998
      vertex 19.68165354742742 4.992334976685492 0
      vertex 19.843483951332587 4.951798570744755 0
    endloop
  endfacet
  facet normal -0.33688985339221555 -0.9415440651830225 0
    outer loop
      vertex 20.000561835020655 4.895595205269188 1.7999999999999998
      vertex 19.843483951332587 4.951798570744755 0
      vertex 20.000561835020655 4.895595205269188 0
    endloop
  endfacet
  facet normal -0.9891765099647818 -0.14673047445535653 0
    outer loop
      vertex 21.041814035342735 3.491629138560253 1.7999999999999998
      vertex 21.017334976685493 3.6566535474274184 1.7999999999999998
      vertex 21.017334976685493 3.6566535474274184 0
    endloop
  endfacet
  facet normal -0.9700312531945415 -0.24298017990327317 0
    outer loop
      vertex 21.017334976685493 3.6566535474274184 1.7999999999999998
      vertex 20.976798570744755 3.818483951332586 1.7999999999999998
      vertex 20.976798570744755 3.818483951332586 0
    endloop
  endfacet
  facet normal -0.9415440651830199 -0.33688985339222277 0
    outer loop
      vertex 20.920595205269187 3.9755618350206525 1.7999999999999998
      vertex 20.920595205269187 3.9755618350206525 0
      vertex 20.976798570744755 3.818483951332586 1.7999999999999998
    endloop
  endfacet
  facet normal -0.9039892931234447 -0.42755509343027925 0
    outer loop
      vertex 20.849266149392204 4.126374452604196 1.7999999999999998
      vertex 20.849266149392204 4.126374452604196 0
      vertex 20.920595205269187 3.9755618350206525 1.7999999999999998
    endloop
  endfacet
  facet normal -0.8577286100002759 -0.5141027441932153 0
    outer loop
      vertex 20.849266149392204 4.126374452604196 1.7999999999999998
      vertex 20.763498340914328 4.269469396133324 1.7999999999999998
      vertex 20.763498340914328 4.269469396133324 0
    endloop
  endfacet
  facet normal -0.8032075314806443 -0.5956993044924344 0
    outer loop
      vertex 20.664117770716654 4.403468583078197 1.7999999999999998
      vertex 20.664117770716654 4.403468583078197 0
      vertex 20.763498340914328 4.269469396133324 1.7999999999999998
    endloop
  endfacet
  facet normal -0.7409511253549641 -0.671558954847013 0
    outer loop
      vertex 20.552081528017133 4.527081528017131 1.7999999999999998
      vertex 20.552081528017133 4.527081528017131 0
      vertex 20.664117770716654 4.403468583078197 1.7999999999999998
    endloop
  endfacet
  facet normal -0.6715589548470159 -0.7409511253549613 0
    outer loop
      vertex 20.552081528017133 4.527081528017131 1.7999999999999998
      vertex 20.4284685830782 4.639117770716653 1.7999999999999998
      vertex 20.4284685830782 4.639117770716653 0
    endloop
  endfacet
  facet normal -0.5956993044924344 -0.8032075314806443 0
    outer loop
      vertex 20.294469396133326 4.738498340914327 1.7999999999999998
      vertex 20.294469396133326 4.738498340914327 0
      vertex 20.4284685830782 4.639117770716653 1.7999999999999998
    endloop
  endfacet
  facet normal -0.5141027441932193 -0.8577286100002735 0
    outer loop
      vertex 20.1513744526042 4.824266149392203 1.7999999999999998
      vertex 20.1513744526042 4.824266149392203 0
      vertex 20.294469396133326 4.738498340914327 1.7999999999999998
    endloop
  endfacet
  facet normal -0.04906767432741787 -0.9987954562051724 0
    outer loop
      vertex 19.516629138560255 5.016814035342735 1.7999999999999998
      vertex 19.35 5.025 1.7999999999999998
      vertex 19.35 5.025 0
    endloop
  endfacet
  facet normal -0.1467304744553621 -0.9891765099647809 0
    outer loop
      vertex 19.516629138560255 5.016814035342735 1.7999999999999998
      vertex 19.516629138560255 5.016814035342735 0
      vertex 19.68165354742742 4.992334976685492 1.7999999999999998
    endloop
  endfacet
  facet normal -0.24298017990326878 -0.9700312531945428 0
    outer loop
      vertex 19.68165354742742 4.992334976685492 1.7999999999999998
      vertex 19.68165354742742 4.992334976685492 0
      vertex 19.843483951332587 4.951798570744755 1.7999999999999998
    endloop
  endfacet
  facet normal -0.33688985339221555 -0.9415440651830225 0
    outer loop
      vertex 19.843483951332587 4.951798570744755 1.7999999999999998
      vertex 19.843483951332587 4.951798570744755 0
      vertex 20.000561835020655 4.895595205269188 1.7999999999999998
    endloop
  endfacet
  facet normal -0.4275550934302837 -0.9039892931234427 0
    outer loop
      vertex 20.000561835020655 4.895595205269188 1.7999999999999998
      vertex 20.000561835020655 4.895595205269188 0
      vertex 20.1513744526042 4.824266149392203 1.7999999999999998
    endloop
  endfacet
  facet normal 0 0 -1
    outer loop
      vertex 19.35 1.6250000000000002 1.7999999999999998
      vertex 19.35 5.025 1.7999999999999998
      vertex 19.516629138560255 5.016814035342735 1.7999999999999998
    endloop
  endfacet
  facet normal 0 0 -1
    outer loop
      vertex 19.516629138560255 1.6331859646572655 1.7999999999999998
      vertex 19.516629138560255 5.016814035342735 1.7999999999999998
      vertex 19.68165354742742 4.992334976685492 1.7999999999999998
    endloop
  endfacet
  facet normal 0 0 -1
    outer loop
      vertex 19.68165354742742 1.6576650233145085 1.7999999999999998
      vertex 19.68165354742742 4.992334976685492 1.7999999999999998
      vertex 19.843483951332587 4.951798570744755 1.7999999999999998
    endloop
  endfacet
  facet normal 0 0 -1
    outer loop
      vertex 19.843483951332587 1.6982014292552452 1.7999999999999998
      vertex 19.843483951332587 4.951798570744755 1.7999999999999998
      vertex 20.000561835020655 4.895595205269188 1.7999999999999998
    endloop
  endfacet
  facet normal 0 0 -1
    outer loop
      vertex 20.294469396133326 1.9115016590856733 1.7999999999999998
      vertex 20.294469396133326 4.738498340914327 1.7999999999999998
      vertex 20.4284685830782 4.639117770716653 1.7999999999999998
    endloop
  endfacet
  facet normal 0 0 -1
    outer loop
      vertex 20.4284685830782 2.0108822292833475 1.7999999999999998
      vertex 20.4284685830782 4.639117770716653 1.7999999999999998
      vertex 20.552081528017133 4.527081528017131 1.7999999999999998
    endloop
  endfacet
  facet normal 0 0 -1
    outer loop
      vertex 20.552081528017133 2.122918471982869 1.7999999999999998
      vertex 20.552081528017133 4.527081528017131 1.7999999999999998
      vertex 20.664117770716654 4.403468583078197 1.7999999999999998
    endloop
  endfacet
  facet normal 0 0 -1
    outer loop
      vertex 20.000561835020655 1.7544047947308128 1.7999999999999998
      vertex 20.000561835020655 4.895595205269188 1.7999999999999998
      vertex 20.1513744526042 4.824266149392203 1.7999999999999998
    endloop
  endfacet
  facet normal 0 0 -1
    outer loop
      vertex 20.1513744526042 1.8257338506077967 1.7999999999999998
      vertex 20.1513744526042 4.824266149392203 1.7999999999999998
      vertex 20.294469396133326 4.738498340914327 1.7999999999999998
    endloop
  endfacet
  facet normal 0 0 -1
    outer loop
      vertex 20.763498340914328 2.3805306038666765 1.7999999999999998
      vertex 20.763498340914328 4.269469396133324 1.7999999999999998
      vertex 20.849266149392204 4.126374452604196 1.7999999999999998
    endloop
  endfacet
  facet normal 0 0 -1
    outer loop
      vertex 20.664117770716654 2.246531416921803 1.7999999999999998
      vertex 20.664117770716654 4.403468583078197 1.7999999999999998
      vertex 20.763498340914328 4.269469396133324 1.7999999999999998
    endloop
  endfacet
  facet normal 0 1 0
    outer loop
      vertex 34 -5.5 0.7000000029802322
      vertex 34.70000000298023 -5.5 0
      vertex 33.29999999701977 -5.5 0
    endloop
  endfacet
  facet normal -0.7071067811865476 0 -0.7071067811865476
    outer loop
      vertex 34 -5.5 0.7000000029802322
      vertex 34.70000000298023 3.564999999850988 0
      vertex 34.70000000298023 -5.5 0
    endloop
  endfacet
  facet normal 0.7071067811865476 0 -0.7071067811865476
    outer loop
      vertex 34 -5.5 0.7000000029802322
      vertex 33.29999999701977 -5.5 0
      vertex 34 5.5 0.7000000029802322
    endloop
  endfacet
  facet normal 0.7071067811865475 0 -0.7071067811865475
    outer loop
      vertex 34 5.5 0.7000000029802322
      vertex 33.29999999701977 -5.5 0
      vertex 33.29999999701977 0.1932136198675436 0
    endloop
  endfacet
  facet normal -0.7071067811865476 0 -0.7071067811865476
    outer loop
      vertex 34 -5.5 0.7000000029802322
      vertex 34 5.5 0.7000000029802322
      vertex 34.70000000298023 3.564999999850988 0
    endloop
  endfacet
  facet normal 0.7071067811865475 0 -0.7071067811865475
    outer loop
      vertex 34 5.5 0.7000000029802322
      vertex 33.29999999701977 0.1932136198675436 0
      vertex 33.29999999701977 1.0356250023748708 0
    endloop
  endfacet
  facet normal 0.7071067811865476 0 -0.7071067811865476
    outer loop
      vertex 34 5.5 0.7000000029802322
      vertex 33.29999999701977 1.0356250023748708 0
      vertex 33.29999999701977 3.6350000001490113 0
    endloop
  endfacet
  facet normal 0.7071067811865476 0 -0.7071067811865476
    outer loop
      vertex 34 5.5 0.7000000029802322
      vertex 33.29999999701977 3.6350000001490113 0
      vertex 33.29999999701977 5.5 0
    endloop
  endfacet
  facet normal -0.7071067811865476 0 -0.7071067811865476
    outer loop
      vertex 34 5.5 0.7000000029802322
      vertex 34.70000000298023 5.5 0
      vertex 34.70000000298023 3.564999999850988 0
    endloop
  endfacet
  facet normal 0 -1 0
    outer loop
      vertex 34 5.5 0.7000000029802322
      vertex 33.29999999701977 5.5 0
      vertex 34.70000000298023 5.5 0
    endloop
  endfacet
  facet normal -0.7071067811865476 0 -0.7071067811865476
    outer loop
      vertex 6 -25.600000001490116 0.6000000014901161
      vertex 6 -5.025 0.6000000014901161
      vertex 6.600000001490116 -26.230000000819565 0
    endloop
  endfacet
  facet normal -0.7071067811865475 0 -0.7071067811865475
    outer loop
      vertex 6.600000001490116 -26.230000000819565 0
      vertex 6 -5.025 0.6000000014901161
      vertex 6.600000001490116 -5.025 0
    endloop
  endfacet
  facet normal -0.7071067811865476 0 -0.7071067811865476
    outer loop
      vertex 6 0 0.6000000014901161
      vertex 6.600000001490116 -1.6250000000000002 0
      vertex 6 -1.6250000000000002 0.6000000014901161
    endloop
  endfacet
  facet normal -0.7071067811865476 0 -0.7071067811865476
    outer loop
      vertex 6 0 0.6000000014901161
      vertex 6 1.6250000000000002 0.6000000014901161
      vertex 6.600000001490116 -1.6250000000000002 0
    endloop
  endfacet
  facet normal -0.7071067811865476 0 -0.7071067811865476
    outer loop
      vertex 6.600000001490116 -1.6250000000000002 0
      vertex 6 1.6250000000000002 0.6000000014901161
      vertex 6.600000001490116 1.6250000000000002 0
    endloop
  endfacet
  facet normal -0.7071067811865476 0 -0.7071067811865476
    outer loop
      vertex 6 5.025 0.6000000014901161
      vertex 6 25.600000001490116 0.6000000014901161
      vertex 6.600000001490116 5.025 0
    endloop
  endfacet
  facet normal -0.7071067811865475 0 -0.7071067811865475
    outer loop
      vertex 6.600000001490116 26.230000000819565 0
      vertex 6.600000001490116 5.025 0
      vertex 6 25.600000001490116 0.6000000014901161
    endloop
  endfacet
  facet normal 0.05186098004010236 0.3910841295839362 0.9188926174134033
    outer loop
      vertex 50.62632716245448 -3.4177445484647886 12.91876355080387
      vertex 50.61867232948049 -3.736932595381437 13.055043203364981
      vertex 51.307236896844636 -3.508038793291055 12.91876355080387
    endloop
  endfacet
  facet normal 0.08807201981517511 0.26788858366979085 0.9594159817644632
    outer loop
      vertex 50.52388530544224 -2.3757707434797033 12.618419223029367
      vertex 49.6916787898591 -2.665419744101951 12.775689658520053
      vertex 50.042494918974846 -3.150556876683449 12.878945822833392
    endloop
  endfacet
  facet normal 0.08569581895282882 0.37867761288268303 0.9215527614387994
    outer loop
      vertex 50.62632716245448 -3.4177445484647886 12.91876355080387
      vertex 50.17577118964661 -3.3157824525808137 12.91876355080387
      vertex 50.529079388614896 -3.6597003037263254 13.027229348562566
    endloop
  endfacet
  facet normal 0.06386166158430133 0.2821955826897047 0.9572289910413861
    outer loop
      vertex 50.62632716245448 -3.4177445484647886 12.91876355080387
      vertex 50.042494918974846 -3.150556876683449 12.878945822833392
      vertex 50.17577118964661 -3.3157824525808137 12.91876355080387
    endloop
  endfacet
  facet normal 0.03869712012821583 0.29181534037817686 0.9556915506656691
    outer loop
      vertex 50.62632716245448 -3.4177445484647886 12.91876355080387
      vertex 51.307236896844636 -3.508038793291055 12.91876355080387
      vertex 51.00166413438365 -2.4838934489989812 12.618419223029367
    endloop
  endfacet
  facet normal 0.06386166158430086 0.2821955826897041 0.9572289910413865
    outer loop
      vertex 50.62632716245448 -3.4177445484647886 12.91876355080387
      vertex 51.00166413438365 -2.4838934489989812 12.618419223029367
      vertex 50.52388530544224 -2.3757707434797033 12.618419223029367
    endloop
  endfacet
  facet normal 0.03869712012821614 0.29181534037817697 0.9556915506656691
    outer loop
      vertex 51.307236896844636 -3.508038793291055 12.91876355080387
      vertex 51.496524766776744 -2.549516048940518 12.618419223029367
      vertex 51.00166413438365 -2.4838934489989812 12.618419223029367
    endloop
  endfacet
  facet normal 0.06386166158430107 0.28219558268970407 0.9572289910413864
    outer loop
      vertex 50.62632716245448 -3.4177445484647886 12.91876355080387
      vertex 50.52388530544224 -2.3757707434797033 12.618419223029367
      vertex 50.042494918974846 -3.150556876683449 12.878945822833392
    endloop
  endfacet
  facet normal 0.07336942971993664 0.16470766698350722 0.9836098368862632
    outer loop
      vertex 49.65184062114698 -2.0401205879975346 12.618419223029367
      vertex 50.07136320818103 -2.2269979418513963 12.618419223029367
      vertex 50.57483844140428 -1.2382044690399043 12.415288317580618
    endloop
  endfacet
  facet normal 0.05833746521377486 0.17744501561108791 0.9824001255024413
    outer loop
      vertex 50.07136320818103 -2.2269979418513963 12.618419223029367
      vertex 50.52388530544224 -2.3757707434797033 12.618419223029367
      vertex 50.82945806790323 -1.351625399187629 12.415288317580618
    endloop
  endfacet
  facet normal 0.04235508047116866 0.1871610652919343 0.9814157033576899
    outer loop
      vertex 51.10410599139589 -1.4419196440138957 12.415288317580618
      vertex 50.52388530544224 -2.3757707434797033 12.618419223029367
      vertex 51.00166413438365 -2.4838934489989812 12.618419223029367
    endloop
  endfacet
  facet normal 0.02568825992427783 0.1937154054019727 0.980721395204577
    outer loop
      vertex 51.394082909764506 -1.5075422439554327 12.415288317580618
      vertex 51.00166413438365 -2.4838934489989812 12.618419223029367
      vertex 51.496524766776744 -2.549516048940518 12.618419223029367
    endloop
  endfacet
  facet normal 0.04235508047116949 0.18716106529193421 0.9814157033576899
    outer loop
      vertex 51.10410599139589 -1.4419196440138957 12.415288317580618
      vertex 51.00166413438365 -2.4838934489989812 12.618419223029367
      vertex 51.394082909764506 -1.5075422439554327 12.415288317580618
    endloop
  endfacet
  facet normal 0.11094076014047413 0.24905187141104693 0.9621150207153556
    outer loop
      vertex 50.07136320818103 -2.2269979418513963 12.618419223029367
      vertex 49.68263018717861 -2.6512932877291253 12.773076289554451
      vertex 49.6916787898591 -2.665419744101951 12.775689658520053
    endloop
  endfacet
  facet normal 0.11094076014046043 0.24905187141105914 0.9621150207153539
    outer loop
      vertex 50.07136320818103 -2.2269979418513963 12.618419223029367
      vertex 49.42249572365568 -2.2393793143590845 12.696444671485137
      vertex 49.68263018717861 -2.6512932877291253 12.773076289554451
    endloop
  endfacet
  facet normal 0.13207917376775058 0.22591114928618414 0.9651524462410194
    outer loop
      vertex 49.27249569211788 -1.8183362052547483 12.618419223029367
      vertex 49.21265077986377 -1.8582328134241546 12.635947392009081
      vertex 49.65184062114698 -2.0401205879975346 12.618419223029367
    endloop
  endfacet
  facet normal 0.15110288901283914 0.19877051573169363 0.9683275267220953
    outer loop
      vertex 49.27249569211788 -1.8183362052547483 12.618419223029367
      vertex 49.161657145661756 -1.7499152234353585 12.621670138296695
      vertex 49.21265077986377 -1.8582328134241546 12.635947392009081
    endloop
  endfacet
  facet normal 0.11094076014046066 0.24905187141105567 0.9621150207153549
    outer loop
      vertex 49.65184062114698 -2.0401205879975346 12.618419223029367
      vertex 49.42249572365568 -2.2393793143590845 12.696444671485137
      vertex 50.07136320818103 -2.2269979418513963 12.618419223029367
    endloop
  endfacet
  facet normal 0.1320791737677504 0.22591114928618372 0.9651524462410196
    outer loop
      vertex 49.65184062114698 -2.0401205879975346 12.618419223029367
      vertex 49.21265077986377 -1.8582328134241546 12.635947392009081
      vertex 49.42249572365568 -2.2393793143590845 12.696444671485137
    endloop
  endfacet
  facet normal 0.08807201981517526 0.2678885836697905 0.9594159817644634
    outer loop
      vertex 50.07136320818103 -2.2269979418513963 12.618419223029367
      vertex 49.6916787898591 -2.665419744101951 12.775689658520053
      vertex 50.52388530544224 -2.3757707434797033 12.618419223029367
    endloop
  endfacet
  facet normal 0.012962267088710516 0.2966489684543371 0.9548986172086011
    outer loop
      vertex 51.307236896844636 -3.508038793291055 12.91876355080387
      vertex 52 -3.5383095217520104 12.91876355080387
      vertex 51.496524766776744 -2.549516048940518 12.618419223029367
    endloop
  endfacet
  facet normal -0.012962267088710516 0.2966489684543371 0.9548986172086011
    outer loop
      vertex 52 -3.5383095217520104 12.91876355080387
      vertex 52.692763103155364 -3.508038793291055 12.91876355080387
      vertex 52.503475233223256 -2.549516048940518 12.618419223029367
    endloop
  endfacet
  facet normal 0.01296226708871054 0.29664896845433714 0.9548986172086011
    outer loop
      vertex 52 -3.5383095217520104 12.91876355080387
      vertex 52 -2.5715157224252927 12.618419223029367
      vertex 51.496524766776744 -2.549516048940518 12.618419223029367
    endloop
  endfacet
  facet normal -0.01296226708871054 0.29664896845433714 0.9548986172086011
    outer loop
      vertex 52 -3.5383095217520104 12.91876355080387
      vertex 52.503475233223256 -2.549516048940518 12.618419223029367
      vertex 52 -2.5715157224252927 12.618419223029367
    endloop
  endfacet
  facet normal -0.03869712012821614 0.29181534037817697 0.9556915506656691
    outer loop
      vertex 52.692763103155364 -3.508038793291055 12.91876355080387
      vertex 52.99833586561635 -2.4838934489989812 12.618419223029367
      vertex 52.503475233223256 -2.549516048940518 12.618419223029367
    endloop
  endfacet
  facet normal -0.03869712012821583 0.29181534037817686 0.9556915506656691
    outer loop
      vertex 52.692763103155364 -3.508038793291055 12.91876355080387
      vertex 53.37367283754552 -3.4177445484647886 12.91876355080387
      vertex 52.99833586561635 -2.4838934489989812 12.618419223029367
    endloop
  endfacet
  facet normal -0.06386166158430086 0.2821955826897041 0.9572289910413865
    outer loop
      vertex 53.37367283754552 -3.4177445484647886 12.91876355080387
      vertex 53.47611469455776 -2.3757707434797033 12.618419223029367
      vertex 52.99833586561635 -2.4838934489989812 12.618419223029367
    endloop
  endfacet
  facet normal -0.06386166158430175 0.2821955826897042 0.9572289910413863
    outer loop
      vertex 53.37367283754552 -3.4177445484647886 12.91876355080387
      vertex 54.031078648831205 -3.268971746836482 12.91876355080387
      vertex 53.47611469455776 -2.3757707434797033 12.618419223029367
    endloop
  endfacet
  facet normal 0.008608719598670407 0.19701551983004667 0.9803625731804372
    outer loop
      vertex 51.69442723753901 -1.5473703781332184 12.415288317580618
      vertex 51.496524766776744 -2.549516048940518 12.618419223029367
      vertex 52 -2.5715157224252927 12.618419223029367
    endloop
  endfacet
  facet normal -0.008608719598670385 0.19701551983004664 0.9803625731804372
    outer loop
      vertex 52 -2.5715157224252927 12.618419223029367
      vertex 52.503475233223256 -2.549516048940518 12.618419223029367
      vertex 52.30557276246099 -1.5473703781332184 12.415288317580618
    endloop
  endfacet
  facet normal 0.025688259924277795 0.19371540540197277 0.980721395204577
    outer loop
      vertex 51.394082909764506 -1.5075422439554327 12.415288317580618
      vertex 51.496524766776744 -2.549516048940518 12.618419223029367
      vertex 51.69442723753901 -1.5473703781332184 12.415288317580618
    endloop
  endfacet
  facet normal 0.008608719598670246 0.19701551983004661 0.9803625731804372
    outer loop
      vertex 51.69442723753901 -1.5473703781332184 12.415288317580618
      vertex 52 -2.5715157224252927 12.618419223029367
      vertex 52 -1.560722576129026 12.415288317580618
    endloop
  endfacet
  facet normal -0.02568825992427783 0.1937154054019727 0.980721395204577
    outer loop
      vertex 52.605917090235494 -1.5075422439554327 12.415288317580618
      vertex 52.503475233223256 -2.549516048940518 12.618419223029367
      vertex 52.99833586561635 -2.4838934489989812 12.618419223029367
    endloop
  endfacet
  facet normal -0.008608719598670246 0.19701551983004661 0.9803625731804372
    outer loop
      vertex 52 -1.560722576129026 12.415288317580618
      vertex 52 -2.5715157224252927 12.618419223029367
      vertex 52.30557276246099 -1.5473703781332184 12.415288317580618
    endloop
  endfacet
  facet normal -0.025688259924277795 0.19371540540197277 0.980721395204577
    outer loop
      vertex 52.30557276246099 -1.5473703781332184 12.415288317580618
      vertex 52.503475233223256 -2.549516048940518 12.618419223029367
      vertex 52.605917090235494 -1.5075422439554327 12.415288317580618
    endloop
  endfacet
  facet normal -0.04235508047116866 0.1871610652919343 0.9814157033576899
    outer loop
      vertex 52.89589400860411 -1.4419196440138957 12.415288317580618
      vertex 52.99833586561635 -2.4838934489989812 12.618419223029367
      vertex 53.47611469455776 -2.3757707434797033 12.618419223029367
    endloop
  endfacet
  facet normal -0.04235508047116949 0.18716106529193421 0.9814157033576899
    outer loop
      vertex 52.605917090235494 -1.5075422439554327 12.415288317580618
      vertex 52.99833586561635 -2.4838934489989812 12.618419223029367
      vertex 52.89589400860411 -1.4419196440138957 12.415288317580618
    endloop
  endfacet
  facet normal -0.05833746521377488 0.17744501561108791 0.9824001255024413
    outer loop
      vertex 53.17054193209677 -1.351625399187629 12.415288317580618
      vertex 53.47611469455776 -2.3757707434797033 12.618419223029367
      vertex 53.92863679181897 -2.2269979418513963 12.618419223029367
    endloop
  endfacet
  facet normal -0.07336942971993661 0.16470766698350717 0.9836098368862632
    outer loop
      vertex 53.42516155859572 -1.2382044690399043 12.415288317580618
      vertex 53.92863679181897 -2.2269979418513963 12.618419223029367
      vertex 54.34815937885302 -2.0401205879975346 12.618419223029367
    endloop
  endfacet
  facet normal -0.08807201981517546 0.2678885836697911 0.9594159817644631
    outer loop
      vertex 53.47611469455776 -2.3757707434797033 12.618419223029367
      vertex 54.031078648831205 -3.268971746836482 12.91876355080387
      vertex 53.92863679181897 -2.2269979418513963 12.618419223029367
    endloop
  endfacet
  facet normal 0.08719409831290363 0.14913872035176395 0.9849643807322366
    outer loop
      vertex 49.27249569211788 -1.8183362052547483 12.618419223029367
      vertex 49.65184062114698 -2.0401205879975346 12.618419223029367
      vertex 50.344603724302345 -1.103597517131772 12.415288317580618
    endloop
  endfacet
  facet normal 0.09956796627248952 0.13097814433354696 0.9863726201589847
    outer loop
      vertex 50.14269329644014 -0.9501077057304776 12.415288317580618
      vertex 49.077842776783 -1.4948334003280417 12.595110990727271
      vertex 49.27249569211788 -1.8183362052547483 12.618419223029367
    endloop
  endfacet
  facet normal 0.11026602796813381 0.11051610656477655 0.9877386259865987
    outer loop
      vertex 49.972561901218555 -0.780361288064513 12.415288317580618
      vertex 48.98897941941147 -1.1589423618255257 12.567449057056574
      vertex 49.077842776783 -1.4948334003280417 12.595110990727271
    endloop
  endfacet
  facet normal 0.09956796627248937 0.13097814433354715 0.9863726201589849
    outer loop
      vertex 50.14269329644014 -0.9501077057304776 12.415288317580618
      vertex 49.27249569211788 -1.8183362052547483 12.618419223029367
      vertex 50.344603724302345 -1.103597517131772 12.415288317580618
    endloop
  endfacet
  facet normal 0.11026602796813255 0.11051610656477806 0.9877386259865985
    outer loop
      vertex 50.14269329644014 -0.9501077057304776 12.415288317580618
      vertex 49.972561901218555 -0.780361288064513 12.415288317580618
      vertex 49.077842776783 -1.4948334003280417 12.595110990727271
    endloop
  endfacet
  facet normal 0.07336942971993611 0.16470766698350753 0.9836098368862632
    outer loop
      vertex 50.07136320818103 -2.2269979418513963 12.618419223029367
      vertex 50.82945806790323 -1.351625399187629 12.415288317580618
      vertex 50.57483844140428 -1.2382044690399043 12.415288317580618
    endloop
  endfacet
  facet normal 0.08719409831290507 0.14913872035176276 0.9849643807322365
    outer loop
      vertex 49.65184062114698 -2.0401205879975346 12.618419223029367
      vertex 50.57483844140428 -1.2382044690399043 12.415288317580618
      vertex 50.344603724302345 -1.103597517131772 12.415288317580618
    endloop
  endfacet
  facet normal 0.05833746521377434 0.17744501561108808 0.9824001255024414
    outer loop
      vertex 50.82945806790323 -1.351625399187629 12.415288317580618
      vertex 50.52388530544224 -2.3757707434797033 12.618419223029367
      vertex 51.10410599139589 -1.4419196440138957 12.415288317580618
    endloop
  endfacet
  facet normal 0.02110737529647961 0.09327048377808692 0.9954170460484867
    outer loop
      vertex 51.10410599139589 -1.4419196440138957 12.415288317580618
      vertex 51.394082909764506 -1.5075422439554327 12.415288317580618
      vertex 51.6996556722255 -0.48339689966335875 12.31284646056838
    endloop
  endfacet
  facet normal 0.03650181510102188 0.08194324024191037 0.9959683342722233
    outer loop
      vertex 50.57483844140428 -1.2382044690399043 12.415288317580618
      vertex 50.82945806790323 -1.351625399187629 12.415288317580618
      vertex 51.52222117105859 -0.41510232832186655 12.31284646056838
    endloop
  endfacet
  facet normal 0.04333477266176449 0.07412075664017245 0.9963072873935237
    outer loop
      vertex 50.344603724302345 -1.103597517131772 12.415288317580618
      vertex 50.57483844140428 -1.2382044690399043 12.415288317580618
      vertex 51.445036045726546 -0.3699759695156341 12.31284646056838
    endloop
  endfacet
  facet normal 0.029050186132169305 0.08836192509973284 0.9956647311612256
    outer loop
      vertex 50.82945806790323 -1.351625399187629 12.415288317580618
      vertex 51.10410599139589 -1.4419196440138957 12.415288317580618
      vertex 51.60758122461914 -0.4531261712024037 12.31284646056838
    endloop
  endfacet
  facet normal 0.15110288901284 0.19877051573169507 0.9683275267220948
    outer loop
      vertex 49.27249569211788 -1.8183362052547483 12.618419223029367
      vertex 49.15157046655494 -1.7264103435653164 12.618419223029367
      vertex 49.161657145661756 -1.7499152234353585 12.621670138296695
    endloop
  endfacet
  facet normal 0.09956796627249798 0.13097814433355195 0.9863726201589833
    outer loop
      vertex 49.27249569211788 -1.8183362052547483 12.618419223029367
      vertex 49.077842776783 -1.4948334003280417 12.595110990727271
      vertex 49.15157046655494 -1.7264103435653164 12.618419223029367
    endloop
  endfacet
  facet normal 0.1190875771051762 0.08809124091985057 0.9889681907181946
    outer loop
      vertex 49.83712053397916 -0.5972626724027408 12.415288317580618
      vertex 48.92399039395262 -0.8494165978764965 12.547704111520527
      vertex 48.98897941941147 -1.1589423618255257 12.567449057056574
    endloop
  endfacet
  facet normal 0.12586231350283938 0.06408674752340146 0.9899755385016261
    outer loop
      vertex 49.73868663406685 -0.4039447268236607 12.415288317580618
      vertex 48.87879716798517 -0.5575491855014054 12.534555595536009
      vertex 48.92399039395262 -0.8494165978764965 12.547704111520527
    endloop
  endfacet
  facet normal 0.11908757710517723 0.08809124091984909 0.9889681907181949
    outer loop
      vertex 49.83712053397916 -0.5972626724027408 12.415288317580618
      vertex 48.98897941941147 -1.1589423618255257 12.567449057056574
      vertex 49.972561901218555 -0.780361288064513 12.415288317580618
    endloop
  endfacet
  facet normal 0.12586231350283741 0.06408674752340504 0.9899755385016262
    outer loop
      vertex 49.73868663406685 -0.4039447268236607 12.415288317580618
      vertex 48.92399039395262 -0.8494165978764965 12.547704111520527
      vertex 49.83712053397916 -0.5972626724027408 12.415288317580618
    endloop
  endfacet
  facet normal 0.13045625266360425 0.03892404308519921 0.9906897016780135
    outer loop
      vertex 49.73868663406685 -0.4039447268236607 12.415288317580618
      vertex 48.85084981494316 -0.2763956580936951 12.527189287950208
      vertex 48.87879716798517 -0.5575491855014054 12.534555595536009
    endloop
  endfacet
  facet normal 0.13277686163186064 0.01305398293963666 0.9910599873592948
    outer loop
      vertex 49.67894443280017 -0.20371517497399133 12.415288317580618
      vertex 48.83873891175798 0 12.525171229997714
      vertex 48.85084981494316 -0.2763956580936951 12.527189287950208
    endloop
  endfacet
  facet normal 0.13277686163186037 0.0130539829396355 0.9910599873592948
    outer loop
      vertex 49.67894443280017 -0.20371517497399133 12.415288317580618
      vertex 49.658916135806464 0 12.415288317580618
      vertex 48.83873891175798 0 12.525171229997714
    endloop
  endfacet
  facet normal 0.13045625266360372 0.03892404308519509 0.9906897016780137
    outer loop
      vertex 49.73868663406685 -0.4039447268236607 12.415288317580618
      vertex 49.67894443280017 -0.20371517497399133 12.415288317580618
      vertex 48.85084981494316 -0.2763956580936951 12.527189287950208
    endloop
  endfacet
  facet normal 0.04943125993801871 0.06502507725258 0.9966585623317726
    outer loop
      vertex 50.14269329644014 -0.9501077057304776 12.415288317580618
      vertex 50.344603724302345 -1.103597517131772 12.415288317580618
      vertex 51.3773465075172 -0.31851921929427135 12.31284646056838
    endloop
  endfacet
  facet normal 0.05900488004390544 0.04364698006076487 0.9973030458504474
    outer loop
      vertex 49.83712053397916 -0.5972626724027408 12.415288317580618
      vertex 49.972561901218555 -0.780361288064513 12.415288317580618
      vertex 51.274904650504965 -0.20022955184966942 12.31284646056838
    endloop
  endfacet
  facet normal 0.054685316071272125 0.054809340010033875 0.996998220888006
    outer loop
      vertex 50.14269329644014 -0.9501077057304776 12.415288317580618
      vertex 51.320310743196394 -0.26161251692057225 12.31284646056838
      vertex 49.972561901218555 -0.780361288064513 12.415288317580618
    endloop
  endfacet
  facet normal 0.04333477266176415 0.07412075664017298 0.9963072873935236
    outer loop
      vertex 50.57483844140428 -1.2382044690399043 12.415288317580618
      vertex 51.52222117105859 -0.41510232832186655 12.31284646056838
      vertex 51.445036045726546 -0.3699759695156341 12.31284646056838
    endloop
  endfacet
  facet normal 0.036501815101021864 0.0819432402419102 0.9959683342722235
    outer loop
      vertex 50.82945806790323 -1.351625399187629 12.415288317580618
      vertex 51.60758122461914 -0.4531261712024037 12.31284646056838
      vertex 51.52222117105859 -0.41510232832186655 12.31284646056838
    endloop
  endfacet
  facet normal 0.049431259938021166 0.06502507725257696 0.9966585623317727
    outer loop
      vertex 50.344603724302345 -1.103597517131772 12.415288317580618
      vertex 51.445036045726546 -0.3699759695156341 12.31284646056838
      vertex 51.3773465075172 -0.31851921929427135 12.31284646056838
    endloop
  endfacet
  facet normal 0.05468531607127136 0.05480934001003511 0.9969982208880062
    outer loop
      vertex 50.14269329644014 -0.9501077057304776 12.415288317580618
      vertex 51.3773465075172 -0.31851921929427135 12.31284646056838
      vertex 51.320310743196394 -0.26161251692057225 12.31284646056838
    endloop
  endfacet
  facet normal 0.06231369470218274 0.03172897357825302 0.9975521418393295
    outer loop
      vertex 49.73868663406685 -0.4039447268236607 12.415288317580618
      vertex 49.83712053397916 -0.5972626724027408 12.415288317580618
      vertex 51.2419051402778 -0.1354206036324991 12.31284646056838
    endloop
  endfacet
  facet normal 0.06455297051713217 0.019260576280428408 0.9977283919979225
    outer loop
      vertex 49.73868663406685 -0.4039447268236607 12.415288317580618
      vertex 51.221876843284086 -0.06829457134149222 12.31284646056838
      vertex 49.67894443280017 -0.20371517497399133 12.415288317580618
    endloop
  endfacet
  facet normal 0.06568272535472887 0.006457609900335623 0.9978196624963603
    outer loop
      vertex 49.67894443280017 -0.20371517497399133 12.415288317580618
      vertex 51.215162449238285 0 12.31284646056838
      vertex 49.658916135806464 0 12.415288317580618
    endloop
  endfacet
  facet normal 0.06455297051713149 0.019260576280431325 0.9977283919979223
    outer loop
      vertex 49.73868663406685 -0.4039447268236607 12.415288317580618
      vertex 51.2419051402778 -0.1354206036324991 12.31284646056838
      vertex 51.221876843284086 -0.06829457134149222 12.31284646056838
    endloop
  endfacet
  facet normal 0.0656827253547293 0.0064576099003324115 0.9978196624963603
    outer loop
      vertex 49.67894443280017 -0.20371517497399133 12.415288317580618
      vertex 51.221876843284086 -0.06829457134149222 12.31284646056838
      vertex 51.215162449238285 0 12.31284646056838
    endloop
  endfacet
  facet normal 0.059004880043905854 0.043646980060763695 0.9973030458504474
    outer loop
      vertex 49.972561901218555 -0.780361288064513 12.415288317580618
      vertex 51.320310743196394 -0.26161251692057225 12.31284646056838
      vertex 51.274904650504965 -0.20022955184966942 12.31284646056838
    endloop
  endfacet
  facet normal 0.06231369470218244 0.03172897357825407 0.9975521418393294
    outer loop
      vertex 49.83712053397916 -0.5972626724027408 12.415288317580618
      vertex 51.274904650504965 -0.20022955184966942 12.31284646056838
      vertex 51.2419051402778 -0.1354206036324991 12.31284646056838
    endloop
  endfacet
  facet normal 0 0 1
    outer loop
      vertex 51.2419051402778 -0.1354206036324991 12.31284646056838
      vertex 51.2419051402778 0.1354206036324991 12.31284646056838
      vertex 51.221876843284086 -0.06829457134149222 12.31284646056838
    endloop
  endfacet
  facet normal 0 0 1
    outer loop
      vertex 51.320310743196394 -0.26161251692057225 12.31284646056838
      vertex 51.320310743196394 0.26161251692057225 12.31284646056838
      vertex 51.274904650504965 -0.20022955184966942 12.31284646056838
    endloop
  endfacet
  facet normal 0 0 1
    outer loop
      vertex 51.320310743196394 -0.26161251692057225 12.31284646056838
      vertex 51.3773465075172 -0.31851921929427135 12.31284646056838
      vertex 51.3773465075172 0.31851921929427135 12.31284646056838
    endloop
  endfacet
  facet normal 0 0 1
    outer loop
      vertex 51.3773465075172 -0.31851921929427135 12.31284646056838
      vertex 51.445036045726546 -0.3699759695156341 12.31284646056838
      vertex 51.445036045726546 0.3699759695156341 12.31284646056838
    endloop
  endfacet
  facet normal 0 0 1
    outer loop
      vertex 51.2419051402778 -0.1354206036324991 12.31284646056838
      vertex 51.274904650504965 -0.20022955184966942 12.31284646056838
      vertex 51.274904650504965 0.20022955184966942 12.31284646056838
    endloop
  endfacet
  facet normal 0.012808385497867345 0.0965881533657005 0.9952420177476139
    outer loop
      vertex 51.394082909764506 -1.5075422439554327 12.415288317580618
      vertex 51.69442723753901 -1.5473703781332184 12.415288317580618
      vertex 51.796869094551255 -0.5053965731481332 12.31284646056838
    endloop
  endfacet
  facet normal 0.004293561328273468 0.09826063066831044 0.9951514526903863
    outer loop
      vertex 51.69442723753901 -1.5473703781332184 12.415288317580618
      vertex 52 -1.560722576129026 12.415288317580618
      vertex 51.89755814298776 -0.5187487711439408 12.31284646056838
    endloop
  endfacet
  facet normal -0.004293561328273468 0.09826063066831044 0.9951514526903863
    outer loop
      vertex 52 -1.560722576129026 12.415288317580618
      vertex 52.30557276246099 -1.5473703781332184 12.415288317580618
      vertex 52.10244185701224 -0.5187487711439408 12.31284646056838
    endloop
  endfacet
  facet normal -0.012808385497867366 0.09658815336570048 0.9952420177476139
    outer loop
      vertex 52.203130905448745 -0.5053965731481332 12.31284646056838
      vertex 52.30557276246099 -1.5473703781332184 12.415288317580618
      vertex 52.605917090235494 -1.5075422439554327 12.415288317580618
    endloop
  endfacet
  facet normal -0.02110737529647961 0.09327048377808692 0.9954170460484867
    outer loop
      vertex 52.605917090235494 -1.5075422439554327 12.415288317580618
      vertex 52.89589400860411 -1.4419196440138957 12.415288317580618
      vertex 52.3003443277745 -0.48339689966335875 12.31284646056838
    endloop
  endfacet
  facet normal -0.05833746521377434 0.17744501561108808 0.9824001255024414
    outer loop
      vertex 52.89589400860411 -1.4419196440138957 12.415288317580618
      vertex 53.47611469455776 -2.3757707434797033 12.618419223029367
      vertex 53.17054193209677 -1.351625399187629 12.415288317580618
    endloop
  endfacet
  facet normal -0.07336942971993604 0.1647076669835075 0.9836098368862632
    outer loop
      vertex 53.17054193209677 -1.351625399187629 12.415288317580618
      vertex 53.92863679181897 -2.2269979418513963 12.618419223029367
      vertex 53.42516155859572 -1.2382044690399043 12.415288317580618
    endloop
  endfacet
  facet normal -0.08719409831290512 0.14913872035176284 0.9849643807322365
    outer loop
      vertex 53.42516155859572 -1.2382044690399043 12.415288317580618
      vertex 54.34815937885302 -2.0401205879975346 12.618419223029367
      vertex 53.655396275697655 -1.103597517131772 12.415288317580618
    endloop
  endfacet
  facet normal -0.029050186132169312 0.08836192509973283 0.9956647311612256
    outer loop
      vertex 52.39241877538086 -0.4531261712024037 12.31284646056838
      vertex 52.89589400860411 -1.4419196440138957 12.415288317580618
      vertex 53.17054193209677 -1.351625399187629 12.415288317580618
    endloop
  endfacet
  facet normal -0.03650181510102187 0.08194324024191037 0.9959683342722233
    outer loop
      vertex 52.47777882894141 -0.41510232832186655 12.31284646056838
      vertex 53.17054193209677 -1.351625399187629 12.415288317580618
      vertex 53.42516155859572 -1.2382044690399043 12.415288317580618
    endloop
  endfacet
  facet normal -0.04333477266176447 0.07412075664017244 0.9963072873935237
    outer loop
      vertex 52.554963954273454 -0.3699759695156341 12.31284646056838
      vertex 53.42516155859572 -1.2382044690399043 12.415288317580618
      vertex 53.655396275697655 -1.103597517131772 12.415288317580618
    endloop
  endfacet
  facet normal -0.09956796627248934 0.13097814433354713 0.9863726201589849
    outer loop
      vertex 53.655396275697655 -1.103597517131772 12.415288317580618
      vertex 54.72750430788212 -1.8183362052547483 12.618419223029367
      vertex 53.85730670355986 -0.9501077057304776 12.415288317580618
    endloop
  endfacet
  facet normal 0.029050186132168417 0.0883619250997333 0.9956647311612254
    outer loop
      vertex 51.10410599139589 -1.4419196440138957 12.415288317580618
      vertex 51.6996556722255 -0.48339689966335875 12.31284646056838
      vertex 51.60758122461914 -0.4531261712024037 12.31284646056838
    endloop
  endfacet
  facet normal 0.021107375296478638 0.09327048377808722 0.9954170460484868
    outer loop
      vertex 51.394082909764506 -1.5075422439554327 12.415288317580618
      vertex 51.796869094551255 -0.5053965731481332 12.31284646056838
      vertex 51.6996556722255 -0.48339689966335875 12.31284646056838
    endloop
  endfacet
  facet normal 0.01280838549786772 0.09658815336570047 0.9952420177476139
    outer loop
      vertex 51.69442723753901 -1.5473703781332184 12.415288317580618
      vertex 51.89755814298776 -0.5187487711439408 12.31284646056838
      vertex 51.796869094551255 -0.5053965731481332 12.31284646056838
    endloop
  endfacet
  facet normal 0.0042935613282737255 0.09826063066831048 0.9951514526903864
    outer loop
      vertex 52 -1.560722576129026 12.415288317580618
      vertex 52 -0.5232250338411445 12.31284646056838
      vertex 51.89755814298776 -0.5187487711439408 12.31284646056838
    endloop
  endfacet
  facet normal -0.0042935613282737255 0.09826063066831048 0.9951514526903864
    outer loop
      vertex 52 -1.560722576129026 12.415288317580618
      vertex 52.10244185701224 -0.5187487711439408 12.31284646056838
      vertex 52 -0.5232250338411445 12.31284646056838
    endloop
  endfacet
  facet normal -0.012808385497867702 0.09658815336570044 0.9952420177476139
    outer loop
      vertex 52.10244185701224 -0.5187487711439408 12.31284646056838
      vertex 52.30557276246099 -1.5473703781332184 12.415288317580618
      vertex 52.203130905448745 -0.5053965731481332 12.31284646056838
    endloop
  endfacet
  facet normal -0.021107375296478808 0.09327048377808714 0.9954170460484868
    outer loop
      vertex 52.203130905448745 -0.5053965731481332 12.31284646056838
      vertex 52.605917090235494 -1.5075422439554327 12.415288317580618
      vertex 52.3003443277745 -0.48339689966335875 12.31284646056838
    endloop
  endfacet
  facet normal -0.029050186132168393 0.08836192509973331 0.9956647311612254
    outer loop
      vertex 52.3003443277745 -0.48339689966335875 12.31284646056838
      vertex 52.89589400860411 -1.4419196440138957 12.415288317580618
      vertex 52.39241877538086 -0.4531261712024037 12.31284646056838
    endloop
  endfacet
  facet normal -0.036501815101021975 0.08194324024191028 0.9959683342722234
    outer loop
      vertex 52.39241877538086 -0.4531261712024037 12.31284646056838
      vertex 53.17054193209677 -1.351625399187629 12.415288317580618
      vertex 52.47777882894141 -0.41510232832186655 12.31284646056838
    endloop
  endfacet
  facet normal 0 0 1
    outer loop
      vertex 51.445036045726546 -0.3699759695156341 12.31284646056838
      vertex 51.52222117105859 -0.41510232832186655 12.31284646056838
      vertex 51.52222117105859 0.41510232832186655 12.31284646056838
    endloop
  endfacet
  facet normal 0 0 1
    outer loop
      vertex 51.60758122461914 -0.4531261712024037 12.31284646056838
      vertex 51.60758122461914 0.4531261712024037 12.31284646056838
      vertex 51.52222117105859 -0.41510232832186655 12.31284646056838
    endloop
  endfacet
  facet normal 0 0 1
    outer loop
      vertex 51.60758122461914 -0.4531261712024037 12.31284646056838
      vertex 51.6996556722255 -0.48339689966335875 12.31284646056838
      vertex 51.6996556722255 0.48339689966335875 12.31284646056838
    endloop
  endfacet
  facet normal 0 0 1
    outer loop
      vertex 51.796869094551255 -0.5053965731481332 12.31284646056838
      vertex 51.89755814298776 -0.5187487711439408 12.31284646056838
      vertex 51.89755814298776 0.5187487711439408 12.31284646056838
    endloop
  endfacet
  facet normal 0 0 1
    outer loop
      vertex 51.6996556722255 -0.48339689966335875 12.31284646056838
      vertex 51.796869094551255 -0.5053965731481332 12.31284646056838
      vertex 51.796869094551255 0.5053965731481332 12.31284646056838
    endloop
  endfacet
  facet normal 0 0 1
    outer loop
      vertex 51.89755814298776 -0.5187487711439408 12.31284646056838
      vertex 52 -0.5232250338411445 12.31284646056838
      vertex 52 0.5232250338411445 12.31284646056838
    endloop
  endfacet
  facet normal 0 0 1
    outer loop
      vertex 52 -0.5232250338411445 12.31284646056838
      vertex 52.10244185701224 -0.5187487711439408 12.31284646056838
      vertex 52.10244185701224 0.5187487711439408 12.31284646056838
    endloop
  endfacet
  facet normal 0 0 1
    outer loop
      vertex 52.10244185701224 -0.5187487711439408 12.31284646056838
      vertex 52.203130905448745 -0.5053965731481332 12.31284646056838
      vertex 52.203130905448745 0.5053965731481332 12.31284646056838
    endloop
  endfacet
  facet normal 0 0 1
    outer loop
      vertex 52.203130905448745 -0.5053965731481332 12.31284646056838
      vertex 52.3003443277745 -0.48339689966335875 12.31284646056838
      vertex 52.3003443277745 0.48339689966335875 12.31284646056838
    endloop
  endfacet
  facet normal 0 0 1
    outer loop
      vertex 52.3003443277745 -0.48339689966335875 12.31284646056838
      vertex 52.39241877538086 -0.4531261712024037 12.31284646056838
      vertex 52.39241877538086 0.4531261712024037 12.31284646056838
    endloop
  endfacet
  facet normal 0 0 1
    outer loop
      vertex 52.39241877538086 -0.4531261712024037 12.31284646056838
      vertex 52.47777882894141 -0.41510232832186655 12.31284646056838
      vertex 52.47777882894141 0.41510232832186655 12.31284646056838
    endloop
  endfacet
  facet normal 0 0 1
    outer loop
      vertex 52.47777882894141 -0.41510232832186655 12.31284646056838
      vertex 52.554963954273454 -0.3699759695156341 12.31284646056838
      vertex 52.554963954273454 0.3699759695156341 12.31284646056838
    endloop
  endfacet
  facet normal 0 0 1
    outer loop
      vertex 52.554963954273454 -0.3699759695156341 12.31284646056838
      vertex 52.6226534924828 -0.31851921929427135 12.31284646056838
      vertex 52.6226534924828 0.31851921929427135 12.31284646056838
    endloop
  endfacet
  facet normal 0 0 1
    outer loop
      vertex 52.6226534924828 -0.31851921929427135 12.31284646056838
      vertex 52.679689256803606 -0.26161251692057225 12.31284646056838
      vertex 52.679689256803606 0.26161251692057225 12.31284646056838
    endloop
  endfacet
  facet normal 0 0 1
    outer loop
      vertex 52.679689256803606 -0.26161251692057225 12.31284646056838
      vertex 52.725095349495035 -0.20022955184966942 12.31284646056838
      vertex 52.725095349495035 0.20022955184966942 12.31284646056838
    endloop
  endfacet
  facet normal 0 0 1
    outer loop
      vertex 52.725095349495035 -0.20022955184966942 12.31284646056838
      vertex 52.7580948597222 -0.1354206036324991 12.31284646056838
      vertex 52.7580948597222 0.1354206036324991 12.31284646056838
    endloop
  endfacet
  facet normal -0.043334772661764116 0.07412075664017281 0.9963072873935236
    outer loop
      vertex 52.47777882894141 -0.41510232832186655 12.31284646056838
      vertex 53.42516155859572 -1.2382044690399043 12.415288317580618
      vertex 52.554963954273454 -0.3699759695156341 12.31284646056838
    endloop
  endfacet
  facet normal -0.04943125993801874 0.06502507725258001 0.9966585623317726
    outer loop
      vertex 52.6226534924828 -0.31851921929427135 12.31284646056838
      vertex 53.655396275697655 -1.103597517131772 12.415288317580618
      vertex 53.85730670355986 -0.9501077057304776 12.415288317580618
    endloop
  endfacet
  facet normal -0.04943125993802109 0.06502507725257688 0.9966585623317727
    outer loop
      vertex 52.554963954273454 -0.3699759695156341 12.31284646056838
      vertex 53.655396275697655 -1.103597517131772 12.415288317580618
      vertex 52.6226534924828 -0.31851921929427135 12.31284646056838
    endloop
  endfacet
  facet normal -0.05468531607127138 0.05480934001003516 0.9969982208880062
    outer loop
      vertex 52.6226534924828 -0.31851921929427135 12.31284646056838
      vertex 53.85730670355986 -0.9501077057304776 12.415288317580618
      vertex 52.679689256803606 -0.26161251692057225 12.31284646056838
    endloop
  endfacet
  facet normal -0.05468531607127211 0.054809340010033826 0.996998220888006
    outer loop
      vertex 52.679689256803606 -0.26161251692057225 12.31284646056838
      vertex 53.85730670355986 -0.9501077057304776 12.415288317580618
      vertex 54.027438098781445 -0.780361288064513 12.415288317580618
    endloop
  endfacet
  facet normal -0.059004880043905465 0.043646980060764805 0.9973030458504474
    outer loop
      vertex 52.725095349495035 -0.20022955184966942 12.31284646056838
      vertex 54.027438098781445 -0.780361288064513 12.415288317580618
      vertex 54.16287946602084 -0.5972626724027408 12.415288317580618
    endloop
  endfacet
  facet normal -0.05900488004390583 0.04364698006076396 0.9973030458504474
    outer loop
      vertex 52.679689256803606 -0.26161251692057225 12.31284646056838
      vertex 54.027438098781445 -0.780361288064513 12.415288317580618
      vertex 52.725095349495035 -0.20022955184966942 12.31284646056838
    endloop
  endfacet
  facet normal -0.06231369470218239 0.03172897357825408 0.9975521418393294
    outer loop
      vertex 52.725095349495035 -0.20022955184966942 12.31284646056838
      vertex 54.16287946602084 -0.5972626724027408 12.415288317580618
      vertex 52.7580948597222 -0.1354206036324991 12.31284646056838
    endloop
  endfacet
  facet normal 0 0 1
    outer loop
      vertex 52.7580948597222 -0.1354206036324991 12.31284646056838
      vertex 52.778123156715914 -0.06829457134149222 12.31284646056838
      vertex 52.778123156715914 0.06829457134149222 12.31284646056838
    endloop
  endfacet
  facet normal -0.0645529705171315 0.019260576280431273 0.9977283919979225
    outer loop
      vertex 52.7580948597222 -0.1354206036324991 12.31284646056838
      vertex 54.26131336593315 -0.4039447268236607 12.415288317580618
      vertex 52.778123156715914 -0.06829457134149222 12.31284646056838
    endloop
  endfacet
  facet normal -0.06568272535472928 0.006457609900332374 0.9978196624963603
    outer loop
      vertex 52.778123156715914 -0.06829457134149222 12.31284646056838
      vertex 54.32105556719983 -0.20371517497399133 12.415288317580618
      vertex 52.784837550761715 0 12.31284646056838
    endloop
  endfacet
  facet normal -0.06231369470218274 0.03172897357825305 0.9975521418393295
    outer loop
      vertex 52.7580948597222 -0.1354206036324991 12.31284646056838
      vertex 54.16287946602084 -0.5972626724027408 12.415288317580618
      vertex 54.26131336593315 -0.4039447268236607 12.415288317580618
    endloop
  endfacet
  facet normal -0.06455297051713217 0.019260576280428435 0.9977283919979225
    outer loop
      vertex 52.778123156715914 -0.06829457134149222 12.31284646056838
      vertex 54.26131336593315 -0.4039447268236607 12.415288317580618
      vertex 54.32105556719983 -0.20371517497399133 12.415288317580618
    endloop
  endfacet
  facet normal -0.06568272535472887 0.006457609900335623 0.9978196624963603
    outer loop
      vertex 54.32105556719983 -0.20371517497399133 12.415288317580618
      vertex 54.341083864193536 0 12.415288317580618
      vertex 52.784837550761715 0 12.31284646056838
    endloop
  endfacet
  facet normal -0.08807201981517421 0.2678885836697913 0.9594159817644633
    outer loop
      vertex 53.92863679181897 -2.2269979418513963 12.618419223029367
      vertex 54.031078648831205 -3.268971746836482 12.91876355080387
      vertex 54.65373214131401 -3.0642659322896084 12.91876355080387
    endloop
  endfacet
  facet normal -0.11094076014046145 0.24905187141105745 0.9621150207153544
    outer loop
      vertex 53.92863679181897 -2.2269979418513963 12.618419223029367
      vertex 54.65373214131401 -3.0642659322896084 12.91876355080387
      vertex 54.34815937885302 -2.0401205879975346 12.618419223029367
    endloop
  endfacet
  facet normal -0.13207917376775144 0.22591114928618558 0.9651524462410188
    outer loop
      vertex 54.34815937885302 -2.0401205879975346 12.618419223029367
      vertex 55.23097954110538 -2.8071296780662403 12.91876355080387
      vertex 54.72750430788212 -1.8183362052547483 12.618419223029367
    endloop
  endfacet
  facet normal -0.11094076014046152 0.24905187141105742 0.9621150207153544
    outer loop
      vertex 54.34815937885302 -2.0401205879975346 12.618419223029367
      vertex 54.65373214131401 -3.0642659322896084 12.91876355080387
      vertex 55.23097954110538 -2.8071296780662403 12.91876355080387
    endloop
  endfacet
  facet normal -0.13207917376775166 0.2259111492861855 0.9651524462410189
    outer loop
      vertex 54.72750430788212 -1.8183362052547483 12.618419223029367
      vertex 55.23097954110538 -2.8071296780662403 12.91876355080387
      vertex 55.75294398515167 -2.5019626567677764 12.91876355080387
    endloop
  endfacet
  facet normal -0.15110288901283708 0.19877051573169827 0.9683275267220948
    outer loop
      vertex 54.72750430788212 -1.8183362052547483 12.618419223029367
      vertex 55.75294398515167 -2.5019626567677764 12.91876355080387
      vertex 55.0601808819963 -1.5654395859020138 12.618419223029367
    endloop
  endfacet
  facet normal -0.1511028890128375 0.19877051573169802 0.9683275267220947
    outer loop
      vertex 55.0601808819963 -1.5654395859020138 12.618419223029367
      vertex 55.75294398515167 -2.5019626567677764 12.91876355080387
      vertex 56.21069451709936 -2.153986360736917 12.91876355080387
    endloop
  endfacet
  facet normal -0.08719409831290365 0.1491387203517639 0.9849643807322366
    outer loop
      vertex 53.655396275697655 -1.103597517131772 12.415288317580618
      vertex 54.34815937885302 -2.0401205879975346 12.618419223029367
      vertex 54.72750430788212 -1.8183362052547483 12.618419223029367
    endloop
  endfacet
  facet normal -0.0995679662724902 0.13097814433354632 0.9863726201589847
    outer loop
      vertex 53.85730670355986 -0.9501077057304776 12.415288317580618
      vertex 54.72750430788212 -1.8183362052547483 12.618419223029367
      vertex 55.0601808819963 -1.5654395859020138 12.618419223029367
    endloop
  endfacet
  facet normal -0.11026602796813274 0.11051610656477824 0.9877386259865983
    outer loop
      vertex 53.85730670355986 -0.9501077057304776 12.415288317580618
      vertex 55.0601808819963 -1.5654395859020138 12.618419223029367
      vertex 54.027438098781445 -0.780361288064513 12.415288317580618
    endloop
  endfacet
  facet normal -0.11908757710517691 0.08809124091984885 0.9889681907181949
    outer loop
      vertex 54.027438098781445 -0.780361288064513 12.415288317580618
      vertex 55.3404969127771 -1.2857578612126463 12.618419223029367
      vertex 54.16287946602084 -0.5972626724027408 12.415288317580618
    endloop
  endfacet
  facet normal -0.11026602796813263 0.11051610656477838 0.9877386259865985
    outer loop
      vertex 54.027438098781445 -0.780361288064513 12.415288317580618
      vertex 55.0601808819963 -1.5654395859020138 12.618419223029367
      vertex 55.3404969127771 -1.2857578612126463 12.618419223029367
    endloop
  endfacet
  facet normal -0.11908757710517544 0.08809124091985127 0.9889681907181949
    outer loop
      vertex 54.16287946602084 -0.5972626724027408 12.415288317580618
      vertex 55.3404969127771 -1.2857578612126463 12.618419223029367
      vertex 55.56365611521956 -0.9840764630385045 12.618419223029367
    endloop
  endfacet
  facet normal -0.16764111717750566 0.16802132000240466 0.9714243623958211
    outer loop
      vertex 55.0601808819963 -1.5654395859020138 12.618419223029367
      vertex 56.21069451709936 -2.153986360736917 12.91876355080387
      vertex 55.3404969127771 -1.2857578612126463 12.618419223029367
    endloop
  endfacet
  facet normal -0.18134928878684747 0.13414735841889583 0.9742263195406583
    outer loop
      vertex 55.3404969127771 -1.2857578612126463 12.618419223029367
      vertex 56.596398898434416 -1.7691547608760052 12.91876355080387
      vertex 55.56365611521956 -0.9840764630385045 12.618419223029367
    endloop
  endfacet
  facet normal -0.16764111717750654 0.16802132000240383 0.9714243623958211
    outer loop
      vertex 55.3404969127771 -1.2857578612126463 12.618419223029367
      vertex 56.21069451709936 -2.153986360736917 12.91876355080387
      vertex 56.596398898434416 -1.7691547608760052 12.91876355080387
    endloop
  endfacet
  facet normal -0.1813492887868471 0.1341473584188964 0.9742263195406582
    outer loop
      vertex 55.56365611521956 -0.9840764630385045 12.618419223029367
      vertex 56.596398898434416 -1.7691547608760052 12.91876355080387
      vertex 56.90345762025473 -1.3540524325541385 12.91876355080387
    endloop
  endfacet
  facet normal -0.19192416801106593 0.09772421431524571 0.9765321764641082
    outer loop
      vertex 55.56365611521956 -0.9840764630385045 12.618419223029367
      vertex 56.90345762025473 -1.3540524325541385 12.91876355080387
      vertex 55.72584017349847 -0.6655572437442331 12.618419223029367
    endloop
  endfacet
  facet normal -0.19192416801106557 0.0977242143152463 0.9765321764641083
    outer loop
      vertex 55.72584017349847 -0.6655572437442331 12.618419223029367
      vertex 56.90345762025473 -1.3540524325541385 12.91876355080387
      vertex 57.12661682269718 -0.9157818916970122 12.91876355080387
    endloop
  endfacet
  facet normal -0.12586231350283694 0.06408674752340479 0.9899755385016262
    outer loop
      vertex 54.16287946602084 -0.5972626724027408 12.415288317580618
      vertex 55.56365611521956 -0.9840764630385045 12.618419223029367
      vertex 54.26131336593315 -0.4039447268236607 12.415288317580618
    endloop
  endfacet
  facet normal -0.12586231350283847 0.06408674752340134 0.9899755385016262
    outer loop
      vertex 54.26131336593315 -0.4039447268236607 12.415288317580618
      vertex 55.56365611521956 -0.9840764630385045 12.618419223029367
      vertex 55.72584017349847 -0.6655572437442331 12.618419223029367
    endloop
  endfacet
  facet normal -0.13045625266360406 0.038924043085195204 0.9906897016780137
    outer loop
      vertex 54.26131336593315 -0.4039447268236607 12.415288317580618
      vertex 55.72584017349847 -0.6655572437442331 12.618419223029367
      vertex 54.32105556719983 -0.20371517497399133 12.415288317580618
    endloop
  endfacet
  facet normal -0.13045625266360397 0.03892404308519545 0.9906897016780136
    outer loop
      vertex 54.32105556719983 -0.20371517497399133 12.415288317580618
      vertex 55.72584017349847 -0.6655572437442331 12.618419223029367
      vertex 55.82427407341078 -0.33565015548216853 12.618419223029367
    endloop
  endfacet
  facet normal -0.13277686163186103 0.013053982939635564 0.9910599873592947
    outer loop
      vertex 54.32105556719983 -0.20371517497399133 12.415288317580618
      vertex 55.82427407341078 -0.33565015548216853 12.618419223029367
      vertex 54.341083864193536 0 12.415288317580618
    endloop
  endfacet
  facet normal -0.13277686163186037 0.013053982939638675 0.9910599873592947
    outer loop
      vertex 55.82427407341078 -0.33565015548216853 12.618419223029367
      vertex 55.85727358363794 0 12.618419223029367
      vertex 54.341083864193536 0 12.415288317580618
    endloop
  endfacet
  facet normal -0.19911986906967533 0.059411106823466585 0.97817258095271
    outer loop
      vertex 55.72584017349847 -0.6655572437442331 12.618419223029367
      vertex 57.12661682269718 -0.9157818916970122 12.91876355080387
      vertex 55.82427407341078 -0.33565015548216853 12.618419223029367
    endloop
  endfacet
  facet normal -0.19911986906967563 0.05941110682346581 0.97817258095271
    outer loop
      vertex 55.82427407341078 -0.33565015548216853 12.618419223029367
      vertex 57.12661682269718 -0.9157818916970122 12.91876355080387
      vertex 57.26205818993658 -0.46184206877024164 12.91876355080387
    endloop
  endfacet
  facet normal -0.20276271033670043 0.01993465524790699 0.9790249704767813
    outer loop
      vertex 55.82427407341078 -0.33565015548216853 12.618419223029367
      vertex 57.26205818993658 -0.46184206877024164 12.91876355080387
      vertex 55.85727358363794 0 12.618419223029367
    endloop
  endfacet
  facet normal -0.2027627103367003 0.019934655247907426 0.9790249704767814
    outer loop
      vertex 57.26205818993658 -0.46184206877024164 12.91876355080387
      vertex 57.30746428262802 0 12.91876355080387
      vertex 55.85727358363794 0 12.618419223029367
    endloop
  endfacet
  facet normal -0.07844311572930698 0.5915402591337717 0.8024504965532944
    outer loop
      vertex 54.19612781263271 -5.464128661724471 14.075544483759591
      vertex 54.19616729329473 -5.464138613664623 14.075555679415192
      vertex 53.206161418291835 -5.206643421160378 13.788961155126136
    endloop
  endfacet
  facet normal 0.051860980040095754 0.39108412958393646 0.9188926174134036
    outer loop
      vertex 50.62632716245448 -3.4177445484647886 12.91876355080387
      vertex 50.529079388614896 -3.6597003037263254 13.027229348562566
      vertex 50.61867232948049 -3.736932595381437 13.055043203364981
    endloop
  endfacet
  facet normal 0.051860980040103574 0.3910841295839333 0.9188926174134044
    outer loop
      vertex 51.307236896844636 -3.508038793291055 12.91876355080387
      vertex 50.61867232948049 -3.736932595381437 13.055043203364981
      vertex 51.173802130167445 -4.18373057847028 13.213871364607465
    endloop
  endfacet
  facet normal 0.021789934862969113 0.4986752437323732 0.8665149739197389
    outer loop
      vertex 52 -4.444561864156817 13.31118232618473
      vertex 51.507921480012456 -4.423060177372163 13.31118232618473
      vertex 51.63737693971655 -4.496205254365827 13.350021600837758
    endloop
  endfacet
  facet normal 0.02178993486296877 0.4986752437323749 0.8665149739197379
    outer loop
      vertex 52 -4.444561864156817 13.31118232618473
      vertex 51.63737693971655 -4.496205254365827 13.350021600837758
      vertex 52 -4.687503181687045 13.450993898261812
    endloop
  endfacet
  facet normal -0.02178993486296885 0.4986752437323749 0.8665149739197379
    outer loop
      vertex 52 -4.444561864156817 13.31118232618473
      vertex 52 -4.687503181687045 13.450993898261812
      vertex 52.870197604322264 -4.40653802127628 13.31118232618473
    endloop
  endfacet
  facet normal -0.021789934862974557 0.49867524373236266 0.8665149739197447
    outer loop
      vertex 52.679992793792884 -4.994727461931018 13.644899539332435
      vertex 53.014590354488625 -5.137719238558837 13.735604628661626
      vertex 52 -4.687503181687045 13.450993898261812
    endloop
  endfacet
  facet normal -0.0217899348629686 0.49867524373237426 0.8665149739197383
    outer loop
      vertex 52.870197604322264 -4.40653802127628 13.31118232618473
      vertex 52 -4.687503181687045 13.450993898261812
      vertex 53.014590354488625 -5.137719238558837 13.735604628661626
    endloop
  endfacet
  facet normal -0.06514983910712877 0.4912955385733678 0.8685529300176356
    outer loop
      vertex 54.047815051078516 -5.095033210086186 13.788961155126136
      vertex 53.014590354488625 -5.137719238558837 13.735604628661626
      vertex 53.206161418291835 -5.206643421160378 13.788961155126136
    endloop
  endfacet
  facet normal -0.06514983910712792 0.4912955385733687 0.8685529300176351
    outer loop
      vertex 52.870197604322264 -4.40653802127628 13.31118232618473
      vertex 53.014590354488625 -5.137719238558837 13.735604628661626
      vertex 53.72550588637022 -4.293117091128556 13.31118232618473
    endloop
  endfacet
  facet normal -0.06514983910712878 0.49129553857336933 0.8685529300176347
    outer loop
      vertex 54.047815051078516 -5.095033210086186 13.788961155126136
      vertex 53.72550588637022 -4.293117091128556 13.31118232618473
      vertex 53.014590354488625 -5.137719238558837 13.735604628661626
    endloop
  endfacet
  facet normal 0.01736027085654551 0.39729982467092234 0.9175246428909917
    outer loop
      vertex 51.307236896844636 -3.508038793291055 12.91876355080387
      vertex 51.173802130167445 -4.18373057847028 13.213871364607465
      vertex 52 -4.444561864156817 13.31118232618473
    endloop
  endfacet
  facet normal -0.01736027085654647 0.397299824670923 0.9175246428909913
    outer loop
      vertex 52 -4.444561864156817 13.31118232618473
      vertex 52.870197604322264 -4.40653802127628 13.31118232618473
      vertex 52.692763103155364 -3.508038793291055 12.91876355080387
    endloop
  endfacet
  facet normal 0.01736027085654688 0.39729982467092617 0.91752464289099
    outer loop
      vertex 52 -4.444561864156817 13.31118232618473
      vertex 51.173802130167445 -4.18373057847028 13.213871364607465
      vertex 51.507921480012456 -4.423060177372163 13.31118232618473
    endloop
  endfacet
  facet normal 0.017360270856546334 0.3972998246709229 0.9175246428909912
    outer loop
      vertex 51.307236896844636 -3.508038793291055 12.91876355080387
      vertex 52 -4.444561864156817 13.31118232618473
      vertex 52 -3.5383095217520104 12.91876355080387
    endloop
  endfacet
  facet normal -0.017360270856546334 0.3972998246709229 0.9175246428909912
    outer loop
      vertex 52 -3.5383095217520104 12.91876355080387
      vertex 52 -4.444561864156817 13.31118232618473
      vertex 52.692763103155364 -3.508038793291055 12.91876355080387
    endloop
  endfacet
  facet normal -0.05186098004010164 0.39108412958393396 0.9188926174134042
    outer loop
      vertex 53.37367283754552 -3.4177445484647886 12.91876355080387
      vertex 52.870197604322264 -4.40653802127628 13.31118232618473
      vertex 53.72550588637022 -4.293117091128556 13.31118232618473
    endloop
  endfacet
  facet normal -0.05186098004010208 0.3910841295839341 0.9188926174134042
    outer loop
      vertex 52.692763103155364 -3.508038793291055 12.91876355080387
      vertex 52.870197604322264 -4.40653802127628 13.31118232618473
      vertex 53.37367283754552 -3.4177445484647886 12.91876355080387
    endloop
  endfacet
  facet normal -0.08569581895282936 0.37867761288268226 0.9215527614387998
    outer loop
      vertex 53.37367283754552 -3.4177445484647886 12.91876355080387
      vertex 53.72550588637022 -4.293117091128556 13.31118232618473
      vertex 54.031078648831205 -3.268971746836482 12.91876355080387
    endloop
  endfacet
  facet normal -0.07844311560027639 0.5915402594139911 0.802450496359339
    outer loop
      vertex 54.047815051078516 -5.095033210086186 13.788961155126136
      vertex 53.206161418291835 -5.206643421160378 13.788961155126136
      vertex 54.19616729329473 -5.464138613664623 14.075555679415192
    endloop
  endfacet
  facet normal -0.13010720341402582 0.5749251924972545 0.8077952331202359
    outer loop
      vertex 55.452599657377164 -5.5568752788564275 14.343925109399589
      vertex 54.19616729329473 -5.464138613664623 14.075555679415192
      vertex 55.11538717290876 -5.63318742151956 14.343925109399589
    endloop
  endfacet
  facet normal -0.15210483963193688 0.6721296124310375 0.7246419128465079
    outer loop
      vertex 55.452599657377164 -5.5568752788564275 14.343925109399589
      vertex 55.11538717290876 -5.63318742151956 14.343925109399589
      vertex 55.32932231332813 -5.6545018765419535 14.40860070404523
    endloop
  endfacet
  facet normal -0.15210483963193855 0.6721296124310387 0.7246419128465066
    outer loop
      vertex 55.452599657377164 -5.5568752788564275 14.343925109399589
      vertex 55.32932231332813 -5.6545018765419535 14.40860070404523
      vertex 55.52334037810738 -5.670730750455719 14.464378589158205
    endloop
  endfacet
  facet normal -0.21204744109118298 0.6449845113570689 0.7341872123894317
    outer loop
      vertex 55.452599657377164 -5.5568752788564275 14.343925109399589
      vertex 55.52334037810738 -5.670730750455719 14.464378589158205
      vertex 56.511038844873866 -5.208898982825568 14.343925109399589
    endloop
  endfacet
  facet normal -0.21204744109118268 0.6449845113570682 0.7341872123894323
    outer loop
      vertex 56.511038844873866 -5.208898982825568 14.343925109399589
      vertex 55.52334037810738 -5.670730750455719 14.464378589158205
      vertex 56.3733584951964 -5.680699016290746 14.718637367475823
    endloop
  endfacet
  facet normal -0.10783541319146758 0.4765093250820093 0.8725310233863971
    outer loop
      vertex 54.047815051078516 -5.095033210086186 13.788961155126136
      vertex 54.55129028430177 -4.106239737274693 13.31118232618473
      vertex 53.72550588637022 -4.293117091128556 13.31118232618473
    endloop
  endfacet
  facet normal -0.10783541319146721 0.47650932508200916 0.8725310233863972
    outer loop
      vertex 54.047815051078516 -5.095033210086186 13.788961155126136
      vertex 55.027848635656625 -4.873248827343399 13.788961155126136
      vertex 54.55129028430177 -4.106239737274693 13.31118232618473
    endloop
  endfacet
  facet normal -0.14935026723860384 0.45427857389005716 0.8782513734576073
    outer loop
      vertex 55.027848635656625 -4.873248827343399 13.788961155126136
      vertex 55.95607489060041 -4.568081806044935 13.788961155126136
      vertex 55.333421398117615 -3.849103483051325 13.31118232618473
    endloop
  endfacet
  facet normal -0.08569581895282906 0.37867761288268215 0.9215527614387998
    outer loop
      vertex 54.031078648831205 -3.268971746836482 12.91876355080387
      vertex 53.72550588637022 -4.293117091128556 13.31118232618473
      vertex 54.55129028430177 -4.106239737274693 13.31118232618473
    endloop
  endfacet
  facet normal -0.1184006856729184 0.3601392594039873 0.9253545220444597
    outer loop
      vertex 54.65373214131401 -3.0642659322896084 12.91876355080387
      vertex 54.55129028430177 -4.106239737274693 13.31118232618473
      vertex 55.333421398117615 -3.849103483051325 13.31118232618473
    endloop
  endfacet
  facet normal -0.1493502672386035 0.45427857389005705 0.8782513734576074
    outer loop
      vertex 54.55129028430177 -4.106239737274693 13.31118232618473
      vertex 55.027848635656625 -4.873248827343399 13.788961155126136
      vertex 55.333421398117615 -3.849103483051325 13.31118232618473
    endloop
  endfacet
  facet normal -0.18913252393155291 0.4245852378351462 0.8854130472292312
    outer loop
      vertex 56.05851674761265 -3.5261080010598502 13.31118232618473
      vertex 55.95607489060041 -4.568081806044935 13.788961155126136
      vertex 56.81661160733485 -4.184753638533494 13.788961155126136
    endloop
  endfacet
  facet normal -0.1891325239315537 0.4245852378351462 0.8854130472292311
    outer loop
      vertex 55.333421398117615 -3.849103483051325 13.31118232618473
      vertex 55.95607489060041 -4.568081806044935 13.788961155126136
      vertex 56.05851674761265 -3.5261080010598502 13.31118232618473
    endloop
  endfacet
  facet normal -0.22653913549666732 0.3874775636342332 0.8936113012761764
    outer loop
      vertex 56.05851674761265 -3.5261080010598502 13.31118232618473
      vertex 56.81661160733485 -4.184753638533494 13.788961155126136
      vertex 56.71416975032261 -3.1427798335484085 13.31118232618473
    endloop
  endfacet
  facet normal -0.2265391354966665 0.38747756363423336 0.8936113012761765
    outer loop
      vertex 56.81661160733485 -4.184753638533494 13.788961155126136
      vertex 57.59473476405076 -3.729823176033842 13.788961155126136
      vertex 56.71416975032261 -3.1427798335484085 13.31118232618473
    endloop
  endfacet
  facet normal -0.13010720341402582 0.5749251924972533 0.8077952331202368
    outer loop
      vertex 54.047815051078516 -5.095033210086186 13.788961155126136
      vertex 54.19616729329473 -5.464138613664623 14.075555679415192
      vertex 55.027848635656625 -4.873248827343399 13.788961155126136
    endloop
  endfacet
  facet normal -0.13010720341402607 0.5749251924972535 0.8077952331202366
    outer loop
      vertex 55.027848635656625 -4.873248827343399 13.788961155126136
      vertex 54.19616729329473 -5.464138613664623 14.075555679415192
      vertex 55.452599657377164 -5.5568752788564275 14.343925109399589
    endloop
  endfacet
  facet normal -0.18073891886979074 0.5497534074005104 0.8155394743709882
    outer loop
      vertex 55.027848635656625 -4.873248827343399 13.788961155126136
      vertex 55.452599657377164 -5.5568752788564275 14.343925109399589
      vertex 55.95607489060041 -4.568081806044935 13.788961155126136
    endloop
  endfacet
  facet normal -0.1807389188697907 0.5497534074005105 0.8155394743709882
    outer loop
      vertex 55.95607489060041 -4.568081806044935 13.788961155126136
      vertex 55.452599657377164 -5.5568752788564275 14.343925109399589
      vertex 56.511038844873866 -5.208898982825568 14.343925109399589
    endloop
  endfacet
  facet normal -0.2297576276479754 0.5157848843314677 0.8253347112734013
    outer loop
      vertex 55.95607489060041 -4.568081806044935 13.788961155126136
      vertex 56.511038844873866 -5.208898982825568 14.343925109399589
      vertex 56.81661160733485 -4.184753638533494 13.788961155126136
    endloop
  endfacet
  facet normal -0.22975762764797591 0.5157848843314677 0.8253347112734012
    outer loop
      vertex 56.81661160733485 -4.184753638533494 13.788961155126136
      vertex 56.511038844873866 -5.208898982825568 14.343925109399589
      vertex 57.492292907038525 -4.771796981018927 14.343925109399589
    endloop
  endfacet
  facet normal -0.27079198360467555 0.6079032647195631 0.7464082812769042
    outer loop
      vertex 56.511038844873866 -5.208898982825568 14.343925109399589
      vertex 56.916867232586455 -5.677509240606882 14.872810961285877
      vertex 57.492292907038525 -4.771796981018927 14.343925109399589
    endloop
  endfacet
  facet normal -0.3275641499413971 0.5602729898078838 0.7607863724889563
    outer loop
      vertex 57.492292907038525 -4.771796981018927 14.343925109399589
      vertex 58.073999552351495 -5.27719355416706 14.966578601882388
      vertex 58.37957231481248 -4.253048209874986 14.343925109399589
    endloop
  endfacet
  facet normal -0.27642505320944016 0.47280354412155556 0.8366875155183412
    outer loop
      vertex 56.81661160733485 -4.184753638533494 13.788961155126136
      vertex 57.492292907038525 -4.771796981018927 14.343925109399589
      vertex 57.59473476405076 -3.729823176033842 13.788961155126136
    endloop
  endfacet
  facet normal -0.27642505320944155 0.4728035441215555 0.8366875155183409
    outer loop
      vertex 57.59473476405076 -3.729823176033842 13.788961155126136
      vertex 57.492292907038525 -4.771796981018927 14.343925109399589
      vertex 58.37957231481248 -4.253048209874986 14.343925109399589
    endloop
  endfacet
  facet normal -0.31982150409459953 0.4207138971748569 0.8489487748048241
    outer loop
      vertex 57.59473476405076 -3.729823176033842 13.788961155126136
      vertex 58.37957231481248 -4.253048209874986 14.343925109399589
      vertex 58.27713045780024 -3.2110744048899007 13.788961155126136
    endloop
  endfacet
  facet normal -0.31982150409459775 0.42071389717485724 0.8489487748048244
    outer loop
      vertex 58.37957231481248 -4.253048209874986 14.343925109399589
      vertex 59.15769547152839 -3.6615286046923496 14.343925109399589
      vertex 58.27713045780024 -3.2110744048899007 13.788961155126136
    endloop
  endfacet
  facet normal -0.38127096150943124 0.5015484888995846 0.7765832648159611
    outer loop
      vertex 58.37957231481248 -4.253048209874986 14.343925109399589
      vertex 59.055253614516154 -4.703502409677435 14.966578601882388
      vertex 59.15769547152839 -3.6615286046923496 14.343925109399589
    endloop
  endfacet
  facet normal -0.21204744109118115 0.6449845113570682 0.7341872123894327
    outer loop
      vertex 56.511038844873866 -5.208898982825568 14.343925109399589
      vertex 56.3733584951964 -5.680699016290746 14.718637367475823
      vertex 56.916867232586455 -5.677509240606882 14.872810961285877
    endloop
  endfacet
  facet normal -0.2707919836046676 0.6079032647195608 0.7464082812769088
    outer loop
      vertex 57.492292907038525 -4.771796981018927 14.343925109399589
      vertex 56.916867232586455 -5.677509240606882 14.872810961285877
      vertex 57.16761742515747 -5.657770255500879 14.947705291841446
    endloop
  endfacet
  facet normal -0.27079198360469753 0.607903264719563 0.7464082812768961
    outer loop
      vertex 57.492292907038525 -4.771796981018927 14.343925109399589
      vertex 57.16761742515747 -5.657770255500879 14.947705291841446
      vertex 57.23081196949482 -5.652793507916149 14.966578601882388
    endloop
  endfacet
  facet normal -0.31097154656319254 0.6981027129172146 0.6449413147300467
    outer loop
      vertex 58.073999552351495 -5.27719355416706 14.966578601882388
      vertex 57.23081196949482 -5.652793507916149 14.966578601882388
      vertex 58.31319528368166 -5.485010851596915 15.306858997350338
    endloop
  endfacet
  facet normal -0.27079198360467305 0.6079032647195625 0.7464082812769054
    outer loop
      vertex 57.492292907038525 -4.771796981018927 14.343925109399589
      vertex 57.23081196949482 -5.652793507916149 14.966578601882388
      vertex 58.073999552351495 -5.27719355416706 14.966578601882388
    endloop
  endfacet
  facet normal -0.3275641499413965 0.5602729898078838 0.7607863724889566
    outer loop
      vertex 58.37957231481248 -4.253048209874986 14.343925109399589
      vertex 58.073999552351495 -5.27719355416706 14.966578601882388
      vertex 59.055253614516154 -4.703502409677435 14.966578601882388
    endloop
  endfacet
  facet normal -0.3785214750793134 0.6474315293267564 0.6614785769300454
    outer loop
      vertex 58.073999552351495 -5.27719355416706 14.966578601882388
      vertex 58.31319528368166 -5.485010851596915 15.306858997350338
      vertex 59.055253614516154 -4.703502409677435 14.966578601882388
    endloop
  endfacet
  facet normal -0.3785214750793133 0.6474315293267564 0.6614785769300455
    outer loop
      vertex 59.055253614516154 -4.703502409677435 14.966578601882388
      vertex 58.31319528368166 -5.485010851596915 15.306858997350338
      vertex 59.33289639609538 -5.23561447328799 15.646267858685993
    endloop
  endfacet
  facet normal -0.37852147507931294 0.6474315293267565 0.6614785769300456
    outer loop
      vertex 59.055253614516154 -4.703502409677435 14.966578601882388
      vertex 59.33289639609538 -5.23561447328799 15.646267858685993
      vertex 59.6102175687896 -5.073478379193069 15.646267858685993
    endloop
  endfacet
  facet normal -0.38127096150943335 0.5015484888995844 0.7765832648159602
    outer loop
      vertex 59.15769547152839 -3.6615286046923496 14.343925109399589
      vertex 59.055253614516154 -4.703502409677435 14.966578601882388
      vertex 59.91579033125059 -4.049333034900995 14.966578601882388
    endloop
  endfacet
  facet normal -0.11840068567291785 0.3601392594039873 0.9253545220444597
    outer loop
      vertex 54.031078648831205 -3.268971746836482 12.91876355080387
      vertex 54.55129028430177 -4.106239737274693 13.31118232618473
      vertex 54.65373214131401 -3.0642659322896084 12.91876355080387
    endloop
  endfacet
  facet normal -0.1494849183963842 0.33557998545541423 0.9300754445386515
    outer loop
      vertex 54.65373214131401 -3.0642659322896084 12.91876355080387
      vertex 55.333421398117615 -3.849103483051325 13.31118232618473
      vertex 55.23097954110538 -2.8071296780662403 12.91876355080387
    endloop
  endfacet
  facet normal -0.14948491839638506 0.3355799854554142 0.9300754445386515
    outer loop
      vertex 55.23097954110538 -2.8071296780662403 12.91876355080387
      vertex 55.333421398117615 -3.849103483051325 13.31118232618473
      vertex 56.05851674761265 -3.5261080010598502 13.31118232618473
    endloop
  endfacet
  facet normal -0.17842818485395237 0.30518752620518086 0.9354271519998154
    outer loop
      vertex 55.23097954110538 -2.8071296780662403 12.91876355080387
      vertex 56.05851674761265 -3.5261080010598502 13.31118232618473
      vertex 55.75294398515167 -2.5019626567677764 12.91876355080387
    endloop
  endfacet
  facet normal -0.17842818485395262 0.30518752620518086 0.9354271519998154
    outer loop
      vertex 55.75294398515167 -2.5019626567677764 12.91876355080387
      vertex 56.05851674761265 -3.5261080010598502 13.31118232618473
      vertex 56.71416975032261 -3.1427798335484085 13.31118232618473
    endloop
  endfacet
  facet normal -0.204684849009595 0.26925569236896135 0.941066142581291
    outer loop
      vertex 56.21069451709936 -2.153986360736917 12.91876355080387
      vertex 56.71416975032261 -3.1427798335484085 13.31118232618473
      vertex 57.28916200158977 -2.7056778317417676 13.31118232618473
    endloop
  endfacet
  facet normal -0.20468484900959485 0.2692556923689615 0.941066142581291
    outer loop
      vertex 55.75294398515167 -2.5019626567677764 12.91876355080387
      vertex 56.71416975032261 -3.1427798335484085 13.31118232618473
      vertex 56.21069451709936 -2.153986360736917 12.91876355080387
    endloop
  endfacet
  facet normal -0.22769743783383686 0.22821384580429094 0.9466109641173196
    outer loop
      vertex 56.21069451709936 -2.153986360736917 12.91876355080387
      vertex 57.28916200158977 -2.7056778317417676 13.31118232618473
      vertex 56.596398898434416 -1.7691547608760052 12.91876355080387
    endloop
  endfacet
  facet normal -0.26084256885256446 0.3431291901453996 0.9023433454869368
    outer loop
      vertex 57.59473476405076 -3.729823176033842 13.788961155126136
      vertex 57.28916200158977 -2.7056778317417676 13.31118232618473
      vertex 56.71416975032261 -3.1427798335484085 13.31118232618473
    endloop
  endfacet
  facet normal -0.2608425688525648 0.34312919014539944 0.9023433454869367
    outer loop
      vertex 57.59473476405076 -3.729823176033842 13.788961155126136
      vertex 58.27713045780024 -3.2110744048899007 13.788961155126136
      vertex 57.28916200158977 -2.7056778317417676 13.31118232618473
    endloop
  endfacet
  facet normal -0.29124487854975567 0.2919054093755203 0.9110256048519425
    outer loop
      vertex 57.28916200158977 -2.7056778317417676 13.31118232618473
      vertex 58.27713045780024 -3.2110744048899007 13.788961155126136
      vertex 57.773655224576984 -2.2222809320784087 13.31118232618473
    endloop
  endfacet
  facet normal -0.29124487854975545 0.29190540937552045 0.9110256048519427
    outer loop
      vertex 57.773655224576984 -2.2222809320784087 13.31118232618473
      vertex 58.27713045780024 -3.2110744048899007 13.788961155126136
      vertex 58.8521227090674 -2.6373832604002754 13.788961155126136
    endloop
  endfacet
  facet normal -0.22769743783383714 0.22821384580429072 0.9466109641173196
    outer loop
      vertex 56.596398898434416 -1.7691547608760052 12.91876355080387
      vertex 57.28916200158977 -2.7056778317417676 13.31118232618473
      vertex 57.773655224576984 -2.2222809320784087 13.31118232618473
    endloop
  endfacet
  facet normal -0.24691976924320566 0.182651032198489 0.951666552944732
    outer loop
      vertex 56.596398898434416 -1.7691547608760052 12.91876355080387
      vertex 57.773655224576984 -2.2222809320784087 13.31118232618473
      vertex 56.90345762025473 -1.3540524325541385 12.91876355080387
    endloop
  endfacet
  facet normal -0.3169132039717145 0.2344264454813652 0.9190268020070769
    outer loop
      vertex 57.773655224576984 -2.2222809320784087 13.31118232618473
      vertex 58.8521227090674 -2.6373832604002754 13.788961155126136
      vertex 58.15935960591204 -1.7008601895345128 13.31118232618473
    endloop
  endfacet
  facet normal -0.31691320397171463 0.23442644548136518 0.9190268020070769
    outer loop
      vertex 58.15935960591204 -1.7008601895345128 13.31118232618473
      vertex 58.8521227090674 -2.6373832604002754 13.788961155126136
      vertex 59.3098732410151 -2.0185657571044175 13.788961155126136
    endloop
  endfacet
  facet normal -0.35884864006953376 0.35966249331128036 0.861319072368283
    outer loop
      vertex 59.15769547152839 -3.6615286046923496 14.343925109399589
      vertex 58.8521227090674 -2.6373832604002754 13.788961155126136
      vertex 58.27713045780024 -3.2110744048899007 13.788961155126136
    endloop
  endfacet
  facet normal -0.35884864006953365 0.35966249331128036 0.8613190723682831
    outer loop
      vertex 59.15769547152839 -3.6615286046923496 14.343925109399589
      vertex 59.81334847423835 -3.0073592299159095 14.343925109399589
      vertex 58.8521227090674 -2.6373832604002754 13.788961155126136
    endloop
  endfacet
  facet normal -0.3922720666890126 0.29017076317129986 0.8728823253429504
    outer loop
      vertex 58.8521227090674 -2.6373832604002754 13.788961155126136
      vertex 59.81334847423835 -3.0073592299159095 14.343925109399589
      vertex 59.3098732410151 -2.0185657571044175 13.788961155126136
    endloop
  endfacet
  facet normal -0.24691976924320622 0.18265103219848844 0.9516665529447321
    outer loop
      vertex 56.90345762025473 -1.3540524325541385 12.91876355080387
      vertex 57.773655224576984 -2.2222809320784087 13.31118232618473
      vertex 58.15935960591204 -1.7008601895345128 13.31118232618473
    endloop
  endfacet
  facet normal -0.2618485673634615 0.13332841705319656 0.95585504182161
    outer loop
      vertex 56.90345762025473 -1.3540524325541385 12.91876355080387
      vertex 58.15935960591204 -1.7008601895345128 13.31118232618473
      vertex 57.12661682269718 -0.9157818916970122 12.91876355080387
    endloop
  endfacet
  facet normal -0.2618485673634584 0.13332841705320062 0.9558550418216102
    outer loop
      vertex 57.12661682269718 -0.9157818916970122 12.91876355080387
      vertex 58.15935960591204 -1.7008601895345128 13.31118232618473
      vertex 58.43967563669283 -1.150337257580147 13.31118232618473
    endloop
  endfacet
  facet normal -0.33703747098689524 0.17161320738456626 0.9257184508272154
    outer loop
      vertex 58.15935960591204 -1.7008601895345128 13.31118232618473
      vertex 59.3098732410151 -2.0185657571044175 13.788961155126136
      vertex 58.43967563669283 -1.150337257580147 13.31118232618473
    endloop
  endfacet
  facet normal -0.3370374709868959 0.1716132073845656 0.9257184508272153
    outer loop
      vertex 58.43967563669283 -1.150337257580147 13.31118232618473
      vertex 59.3098732410151 -2.0185657571044175 13.788961155126136
      vertex 59.64254981512928 -1.365210034052344 13.788961155126136
    endloop
  endfacet
  facet normal -0.35090537580050135 0.10469912854009025 0.9305393649476924
    outer loop
      vertex 58.43967563669283 -1.150337257580147 13.31118232618473
      vertex 59.64254981512928 -1.365210034052344 13.788961155126136
      vertex 58.60980703191442 -0.5801317362148435 13.31118232618473
    endloop
  endfacet
  facet normal -0.27206019400216647 0.08117420588811095 0.9588503528381986
    outer loop
      vertex 57.12661682269718 -0.9157818916970122 12.91876355080387
      vertex 58.43967563669283 -1.150337257580147 13.31118232618473
      vertex 57.26205818993658 -0.46184206877024164 12.91876355080387
    endloop
  endfacet
  facet normal -0.2720601940021666 0.0811742058881107 0.9588503528381986
    outer loop
      vertex 57.26205818993658 -0.46184206877024164 12.91876355080387
      vertex 58.43967563669283 -1.150337257580147 13.31118232618473
      vertex 58.60980703191442 -0.5801317362148435 13.31118232618473
    endloop
  endfacet
  facet normal -0.2772470466503931 0.027257597239149414 0.9604119420937991
    outer loop
      vertex 57.26205818993658 -0.46184206877024164 12.91876355080387
      vertex 58.60980703191442 -0.5801317362148435 13.31118232618473
      vertex 57.30746428262802 0 12.91876355080387
    endloop
  endfacet
  facet normal -0.2772470466503936 0.02725759723914828 0.9604119420937991
    outer loop
      vertex 58.60980703191442 -0.5801317362148435 13.31118232618473
      vertex 58.66684279623523 0 13.31118232618473
      vertex 57.30746428262802 0 12.91876355080387
    endloop
  endfacet
  facet normal -0.35090537580050274 0.10469912854008816 0.9305393649476921
    outer loop
      vertex 58.60980703191442 -0.5801317362148435 13.31118232618473
      vertex 59.64254981512928 -1.365210034052344 13.788961155126136
      vertex 59.844460242991474 -0.6884951888099053 13.788961155126136
    endloop
  endfacet
  facet normal -0.35798283366503664 0.03519515182022851 0.9330646237477347
    outer loop
      vertex 58.60980703191442 -0.5801317362148435 13.31118232618473
      vertex 59.844460242991474 -0.6884951888099053 13.788961155126136
      vertex 58.66684279623523 0 13.31118232618473
    endloop
  endfacet
  facet normal -0.43046606383497343 0.43144234230560147 0.7928155353878233
    outer loop
      vertex 59.15769547152839 -3.6615286046923496 14.343925109399589
      vertex 59.91579033125059 -4.049333034900995 14.966578601882388
      vertex 59.81334847423835 -3.0073592299159095 14.343925109399589
    endloop
  endfacet
  facet normal -0.4437157658146275 0.5836924243173502 0.680014318203722
    outer loop
      vertex 59.055253614516154 -4.703502409677435 14.966578601882388
      vertex 59.6102175687896 -5.073478379193069 15.646267858685993
      vertex 59.91579033125059 -4.049333034900995 14.966578601882388
    endloop
  endfacet
  facet normal -0.44371576581462646 0.5836924243173505 0.6800143182037227
    outer loop
      vertex 59.91579033125059 -4.049333034900995 14.966578601882388
      vertex 59.6102175687896 -5.073478379193069 15.646267858685993
      vertex 60.53844382373339 -4.367852254195266 15.646267858685993
    endloop
  endfacet
  facet normal -0.5047603687522609 0.5059051435027911 0.6994833492760937
    outer loop
      vertex 59.91579033125059 -4.049333034900995 14.966578601882388
      vertex 60.53844382373339 -4.367852254195266 15.646267858685993
      vertex 60.640885680745626 -3.325878449210181 14.966578601882388
    endloop
  endfacet
  facet normal -0.5047603687522594 0.5059051435027916 0.6994833492760946
    outer loop
      vertex 60.53844382373339 -4.367852254195266 15.646267858685993
      vertex 61.32057493754923 -3.587490966130753 15.646267858685993
      vertex 60.640885680745626 -3.325878449210181 14.966578601882388
    endloop
  endfacet
  facet normal -0.42650117848553226 0.7294970785704918 0.5347249359320827
    outer loop
      vertex 59.6102175687896 -5.073478379193069 15.646267858685993
      vertex 59.33289639609538 -5.23561447328799 15.646267858685993
      vertex 59.68175599443031 -5.121170662953542 15.768391590212659
    endloop
  endfacet
  facet normal -0.5038334017941887 0.6627750519646144 0.5539685313533596
    outer loop
      vertex 59.6102175687896 -5.073478379193069 15.646267858685993
      vertex 59.68175599443031 -5.121170662953542 15.768391590212659
      vertex 60.53844382373339 -4.367852254195266 15.646267858685993
    endloop
  endfacet
  facet normal -0.5038334017941893 0.6627750519646148 0.5539685313533583
    outer loop
      vertex 60.53844382373339 -4.367852254195266 15.646267858685993
      vertex 59.68175599443031 -5.121170662953542 15.768391590212659
      vertex 60.92474033729104 -4.565462747671911 16.23402758361888
    endloop
  endfacet
  facet normal -0.5780260116913748 0.5793369497608013 0.5746778475372212
    outer loop
      vertex 60.53844382373339 -4.367852254195266 15.646267858685993
      vertex 60.92474033729104 -4.565462747671911 16.23402758361888
      vertex 61.32057493754923 -3.587490966130753 15.646267858685993
    endloop
  endfacet
  facet normal -0.578026011691373 0.5793369497608014 0.5746778475372226
    outer loop
      vertex 61.32057493754923 -3.587490966130753 15.646267858685993
      vertex 60.92474033729104 -4.565462747671911 16.23402758361888
      vertex 61.8407865730198 -3.7877205179804228 16.37136320818103
    endloop
  endfacet
  facet normal -0.4733768732232001 0.35016545972853297 0.8082688208204815
    outer loop
      vertex 59.81334847423835 -3.0073592299159095 14.343925109399589
      vertex 60.640885680745626 -3.325878449210181 14.966578601882388
      vertex 60.33531291828464 -2.301733104918107 14.343925109399589
    endloop
  endfacet
  facet normal -0.3922720666890123 0.29017076317130003 0.8728823253429505
    outer loop
      vertex 59.3098732410151 -2.0185657571044175 13.788961155126136
      vertex 59.81334847423835 -3.0073592299159095 14.343925109399589
      vertex 60.33531291828464 -2.301733104918107 14.343925109399589
    endloop
  endfacet
  facet normal -0.41881347707463007 0.21325202769354387 0.8826770893737134
    outer loop
      vertex 59.3098732410151 -2.0185657571044175 13.788961155126136
      vertex 60.33531291828464 -2.301733104918107 14.343925109399589
      vertex 59.64254981512928 -1.365210034052344 13.788961155126136
    endloop
  endfacet
  facet normal -0.5080282509074744 0.25867853009018116 0.8215794023405624
    outer loop
      vertex 60.33531291828464 -2.301733104918107 14.343925109399589
      vertex 61.218133080536994 -2.5455171611456677 14.966578601882388
      vertex 60.714657847313745 -1.5567236883341757 14.343925109399589
    endloop
  endfacet
  facet normal -0.35798283366503686 0.0351951518202279 0.9330646237477347
    outer loop
      vertex 59.844460242991474 -0.6884951888099053 13.788961155126136
      vertex 59.912149781200824 0 13.788961155126136
      vertex 58.66684279623523 0 13.31118232618473
    endloop
  endfacet
  facet normal -0.4188134770746304 0.2132520276935435 0.8826770893737133
    outer loop
      vertex 59.64254981512928 -1.365210034052344 13.788961155126136
      vertex 60.33531291828464 -2.301733104918107 14.343925109399589
      vertex 60.714657847313745 -1.5567236883341757 14.343925109399589
    endloop
  endfacet
  facet normal -0.4372903291464932 0.1304736819041361 0.8898054767000088
    outer loop
      vertex 59.64254981512928 -1.365210034052344 13.788961155126136
      vertex 60.714657847313745 -1.5567236883341757 14.343925109399589
      vertex 59.844460242991474 -0.6884951888099053 13.788961155126136
    endloop
  endfacet
  facet normal -0.43729032914649374 0.1304736819041355 0.8898054767000088
    outer loop
      vertex 59.844460242991474 -0.6884951888099053 13.788961155126136
      vertex 60.714657847313745 -1.5567236883341757 14.343925109399589
      vertex 60.94489256441568 -0.7850782978375006 14.343925109399589
    endloop
  endfacet
  facet normal -0.5324802821287387 0.15887537025181986 0.8313984399019799
    outer loop
      vertex 60.714657847313745 -1.5567236883341757 14.343925109399589
      vertex 61.637655667571046 -1.7216013687032632 14.966578601882388
      vertex 60.94489256441568 -0.7850782978375006 14.343925109399589
    endloop
  endfacet
  facet normal -0.4467819500547829 0.04392545419490413 0.8935639001095651
    outer loop
      vertex 59.844460242991474 -0.6884951888099053 13.788961155126136
      vertex 60.94489256441568 -0.7850782978375006 14.343925109399589
      vertex 59.912149781200824 0 13.788961155126136
    endloop
  endfacet
  facet normal -0.4467819500547814 0.04392545419490646 0.8935639001095658
    outer loop
      vertex 60.94489256441568 -0.7850782978375006 14.343925109399589
      vertex 61.02207768974773 0 14.343925109399589
      vertex 59.912149781200824 0 13.788961155126136
    endloop
  endfacet
  facet normal -0.5451531425959281 0.0535968370955242 0.8366214377907965
    outer loop
      vertex 60.94489256441568 -0.7850782978375006 14.343925109399589
      vertex 61.89227529406999 -0.8682284995242702 14.966578601882388
      vertex 61.02207768974773 0 14.343925109399589
    endloop
  endfacet
  facet normal -0.43046606383497443 0.43144234230560113 0.7928155353878228
    outer loop
      vertex 59.81334847423835 -3.0073592299159095 14.343925109399589
      vertex 59.91579033125059 -4.049333034900995 14.966578601882388
      vertex 60.640885680745626 -3.325878449210181 14.966578601882388
    endloop
  endfacet
  facet normal -0.4733768732232003 0.3501654597285329 0.8082688208204813
    outer loop
      vertex 60.33531291828464 -2.301733104918107 14.343925109399589
      vertex 60.640885680745626 -3.325878449210181 14.966578601882388
      vertex 61.218133080536994 -2.5455171611456677 14.966578601882388
    endloop
  endfacet
  facet normal -0.5592195426933191 0.4136648394397922 0.7184392136298839
    outer loop
      vertex 61.32057493754923 -3.587490966130753 15.646267858685993
      vertex 61.218133080536994 -2.5455171611456677 14.966578601882388
      vertex 60.640885680745626 -3.325878449210181 14.966578601882388
    endloop
  endfacet
  facet normal -0.5592195426933168 0.4136648394397933 0.718439213629885
    outer loop
      vertex 61.32057493754923 -3.587490966130753 15.646267858685993
      vertex 61.943228430032036 -2.7457467129953375 15.646267858685993
      vertex 61.218133080536994 -2.5455171611456677 14.966578601882388
    endloop
  endfacet
  facet normal -0.5080282509074739 0.25867853009018127 0.8215794023405624
    outer loop
      vertex 60.714657847313745 -1.5567236883341757 14.343925109399589
      vertex 61.218133080536994 -2.5455171611456677 14.966578601882388
      vertex 61.637655667571046 -1.7216013687032632 14.966578601882388
    endloop
  endfacet
  facet normal -0.6041356184283333 0.30761461290983644 0.7351145519376872
    outer loop
      vertex 61.218133080536994 -2.5455171611456677 14.966578601882388
      vertex 61.943228430032036 -2.7457467129953375 15.646267858685993
      vertex 61.637655667571046 -1.7216013687032632 14.966578601882388
    endloop
  endfacet
  facet normal -0.6041356184283365 0.3076146129098345 0.7351145519376855
    outer loop
      vertex 61.637655667571046 -1.7216013687032632 14.966578601882388
      vertex 61.943228430032036 -2.7457467129953375 15.646267858685993
      vertex 62.395750527293245 -1.8570219723357622 15.646267858685993
    endloop
  endfacet
  facet normal -0.6459379957576372 0.4778120521615566 0.5953652227379163
    outer loop
      vertex 61.32057493754923 -3.587490966130753 15.646267858685993
      vertex 61.8407865730198 -3.7877205179804228 16.37136320818103
      vertex 62.49819238430548 -2.898995777320848 16.37136320818103
    endloop
  endfacet
  facet normal -0.6459379957576377 0.4778120521615641 0.5953652227379096
    outer loop
      vertex 61.32057493754923 -3.587490966130753 15.646267858685993
      vertex 62.49819238430548 -2.898995777320848 16.37136320818103
      vertex 61.943228430032036 -2.7457467129953375 15.646267858685993
    endloop
  endfacet
  facet normal -0.7033601014548503 0.3581378729301399 0.6140210351889401
    outer loop
      vertex 61.943228430032036 -2.7457467129953375 15.646267858685993
      vertex 62.49819238430548 -2.898995777320848 16.37136320818103
      vertex 62.97597121324689 -1.9606684151578364 16.37136320818103
    endloop
  endfacet
  facet normal -0.7033601014548491 0.3581378729301337 0.6140210351889452
    outer loop
      vertex 61.943228430032036 -2.7457467129953375 15.646267858685993
      vertex 62.97597121324689 -1.9606684151578364 16.37136320818103
      vertex 62.395750527293245 -1.8570219723357622 15.646267858685993
    endloop
  endfacet
  facet normal -0.5324802821287377 0.15887537025182083 0.8313984399019803
    outer loop
      vertex 60.94489256441568 -0.7850782978375006 14.343925109399589
      vertex 61.637655667571046 -1.7216013687032632 14.966578601882388
      vertex 61.89227529406999 -0.8682284995242702 14.966578601882388
    endloop
  endfacet
  facet normal -0.6363900366205565 0.18987877314153045 0.7476321106000958
    outer loop
      vertex 61.637655667571046 -1.7216013687032632 14.966578601882388
      vertex 62.395750527293245 -1.8570219723357622 15.646267858685993
      vertex 61.89227529406999 -0.8682284995242702 14.966578601882388
    endloop
  endfacet
  facet normal -0.5451531425959308 0.053596837095520496 0.836621437790795
    outer loop
      vertex 61.89227529406999 -0.8682284995242702 14.966578601882388
      vertex 61.97763534763054 0 14.966578601882388
      vertex 61.02207768974773 0 14.343925109399589
    endloop
  endfacet
  facet normal -0.6363900366205544 0.18987877314153245 0.7476321106000972
    outer loop
      vertex 61.89227529406999 -0.8682284995242702 14.966578601882388
      vertex 62.395750527293245 -1.8570219723357622 15.646267858685993
      vertex 62.6703984507859 -0.9365230708657624 15.646267858685993
    endloop
  endfacet
  facet normal -0.6533019114280659 0.06422950430821485 0.7543680688501845
    outer loop
      vertex 61.89227529406999 -0.8682284995242702 14.966578601882388
      vertex 62.6703984507859 -0.9365230708657624 15.646267858685993
      vertex 61.97763534763054 0 14.966578601882388
    endloop
  endfacet
  facet normal -0.6533019114280646 0.06422950430821642 0.7543680688501854
    outer loop
      vertex 62.6703984507859 -0.9365230708657624 15.646267858685993
      vertex 62.76247289839226 0 15.646267858685993
      vertex 61.97763534763054 0 14.966578601882388
    endloop
  endfacet
  facet normal -0.7454766494161188 0.2224267877424258 0.6283238729110195
    outer loop
      vertex 62.395750527293245 -1.8570219723357622 15.646267858685993
      vertex 62.97597121324689 -1.9606684151578364 16.37136320818103
      vertex 63.26594813161552 -0.988793472811492 16.37136320818103
    endloop
  endfacet
  facet normal -0.7454766494161178 0.22242678774242294 0.6283238729110217
    outer loop
      vertex 62.395750527293245 -1.8570219723357622 15.646267858685993
      vertex 63.26594813161552 -0.988793472811492 16.37136320818103
      vertex 62.6703984507859 -0.9365230708657624 15.646267858685993
    endloop
  endfacet
  facet normal -0.7678785447436517 0.07549412826603394 0.6361314149762793
    outer loop
      vertex 62.6703984507859 -0.9365230708657624 15.646267858685993
      vertex 63.26594813161552 -0.988793472811492 16.37136320818103
      vertex 63.36316155394127 0 16.37136320818103
    endloop
  endfacet
  facet normal -0.7678785447436551 0.0754941282660402 0.6361314149762746
    outer loop
      vertex 62.6703984507859 -0.9365230708657624 15.646267858685993
      vertex 63.36316155394127 0 16.37136320818103
      vertex 62.76247289839226 0 15.646267858685993
    endloop
  endfacet
  facet normal -0.5780260116913727 0.5793369497608007 0.5746778475372236
    outer loop
      vertex 61.8407865730198 -3.7877205179804228 16.37136320818103
      vertex 60.92474033729104 -4.565462747671911 16.23402758361888
      vertex 61.26361697030714 -4.363584086950498 16.37136320818103
    endloop
  endfacet
  facet normal -0.643067598671568 0.6445260482556058 0.4135822006068392
    outer loop
      vertex 61.8407865730198 -3.7877205179804228 16.37136320818103
      vertex 61.26361697030714 -4.363584086950498 16.37136320818103
      vertex 61.9851545345224 -3.8432877722710126 16.682432932555404
    endloop
  endfacet
  facet normal -0.7249642804631168 0.5362692284196449 0.43225236460058153
    outer loop
      vertex 61.8407865730198 -3.7877205179804228 16.37136320818103
      vertex 61.9851545345224 -3.8432877722710126 16.682432932555404
      vertex 62 -3.828976864026114 16.689576751140375
    endloop
  endfacet
  facet normal -0.7249642804630976 0.5362692284196754 0.43225236460057603
    outer loop
      vertex 61.8407865730198 -3.7877205179804228 16.37136320818103
      vertex 62 -3.828976864026114 16.689576751140375
      vertex 62.48982375398919 -3.335004383382067 16.898256891947295
    endloop
  endfacet
  facet normal -0.724964280463096 0.5362692284196731 0.43225236460058153
    outer loop
      vertex 61.8407865730198 -3.7877205179804228 16.37136320818103
      vertex 62.52270832650876 -3.2999191082558155 16.90988201524484
      vertex 62.49819238430548 -2.898995777320848 16.37136320818103
    endloop
  endfacet
  facet normal -0.7249642804630826 0.5362692284197833 0.43225236460046695
    outer loop
      vertex 61.8407865730198 -3.7877205179804228 16.37136320818103
      vertex 62.48982375398919 -3.335004383382067 16.898256891947295
      vertex 62.52270832650876 -3.2999191082558155 16.90988201524484
    endloop
  endfacet
  facet normal -0.7249642804630947 0.5362692284196742 0.4322523646005824
    outer loop
      vertex 62.49819238430548 -2.898995777320848 16.37136320818103
      vertex 62.52270832650876 -3.2999191082558155 16.90988201524484
      vertex 62.8132363833351 -2.98599277541573 17.007680049080328
    endloop
  endfacet
  facet normal -0.7960171210930943 0.40531710282482 0.449527295149423
    outer loop
      vertex 62.49819238430548 -2.898995777320848 16.37136320818103
      vertex 62.8132363833351 -2.98599277541573 17.007680049080328
      vertex 63.12820682812169 -2.502471794158197 17.12945806790323
    endloop
  endfacet
  facet normal -0.7960171210930933 0.4053171028248238 0.4495272951494212
    outer loop
      vertex 62.49819238430548 -2.898995777320848 16.37136320818103
      vertex 63.368389988627754 -2.0307672777965773 17.12945806790323
      vertex 62.97597121324689 -1.9606684151578364 16.37136320818103
    endloop
  endfacet
  facet normal -0.7960171210930934 0.40531710282482536 0.44952729514941947
    outer loop
      vertex 62.49819238430548 -2.898995777320848 16.37136320818103
      vertex 63.12820682812169 -2.502471794158197 17.12945806790323
      vertex 63.368389988627754 -2.0307672777965773 17.12945806790323
    endloop
  endfacet
  facet normal -0.8650786854127903 0.4404819660229579 0.2400302182081004
    outer loop
      vertex 63.368389988627754 -2.0307672777965773 17.12945806790323
      vertex 63.12820682812169 -2.502471794158197 17.12945806790323
      vertex 63.3962957428366 -2.0357521606662057 17.239179353705733
    endloop
  endfacet
  facet normal -0.9281614424065936 0.2769341847295025 0.24864391035759886
    outer loop
      vertex 63.368389988627754 -2.0307672777965773 17.12945806790323
      vertex 63.3962957428366 -2.0357521606662057 17.239179353705733
      vertex 63.433098304378795 -1.9300426837870268 17.258822508450685
    endloop
  endfacet
  facet normal -0.8493210886380289 0.2534107026096908 0.46307310891216347
    outer loop
      vertex 62.97597121324689 -1.9606684151578364 16.37136320818103
      vertex 63.66873431640225 -1.0241453442920738 17.12945806790323
      vertex 63.26594813161552 -0.988793472811492 16.37136320818103
    endloop
  endfacet
  facet normal -0.8493210886380264 0.2534107026096807 0.46307310891217357
    outer loop
      vertex 62.97597121324689 -1.9606684151578364 16.37136320818103
      vertex 63.368389988627754 -2.0307672777965773 17.12945806790323
      vertex 63.66873431640225 -1.0241453442920738 17.12945806790323
    endloop
  endfacet
  facet normal -0.87812154290303 0.08633269004178284 0.47058391655447723
    outer loop
      vertex 63.26594813161552 -0.988793472811492 16.37136320818103
      vertex 63.769423364838765 0 17.12945806790323
      vertex 63.36316155394127 0 16.37136320818103
    endloop
  endfacet
  facet normal -0.8781215429030335 0.08633269004179035 0.4705839165544697
    outer loop
      vertex 63.26594813161552 -0.988793472811492 16.37136320818103
      vertex 63.66873431640225 -1.0241453442920738 17.12945806790323
      vertex 63.769423364838765 0 17.12945806790323
    endloop
  endfacet
  facet normal -0.9281614424066004 0.2769341847294153 0.2486439103576703
    outer loop
      vertex 63.368389988627754 -2.0307672777965773 17.12945806790323
      vertex 63.433098304378795 -1.9300426837870268 17.258822508450685
      vertex 63.66873431640225 -1.0241453442920738 17.12945806790323
    endloop
  endfacet
  facet normal -0.9281614424066642 0.27693418472940023 0.2486439103574485
    outer loop
      vertex 63.66873431640225 -1.0241453442920738 17.12945806790323
      vertex 63.433098304378795 -1.9300426837870268 17.258822508450685
      vertex 63.477529761565236 -1.793638241708212 17.27275613917927
    endloop
  endfacet
  facet normal -0.9281614424066043 0.27693418472942233 0.2486439103576474
    outer loop
      vertex 63.66873431640225 -1.0241453442920738 17.12945806790323
      vertex 63.477529761565236 -1.793638241708212 17.27275613917927
      vertex 63.725611903558274 -1.029137395229297 17.34733612819373
    endloop
  endfacet
  facet normal -0.962698297602921 0.09464787010684911 0.25348327060513187
    outer loop
      vertex 63.66873431640225 -1.0241453442920738 17.12945806790323
      vertex 63.725611903558274 -1.029137395229297 17.34733612819373
      vertex 63.769423364838765 0 17.12945806790323
    endloop
  endfacet
  facet normal -0.9626982976029235 0.09464787010684739 0.2534832706051233
    outer loop
      vertex 63.769423364838765 0 17.12945806790323
      vertex 63.725611903558274 -1.029137395229297 17.34733612819373
      vertex 63.840698382531265 0 17.400151822289406
    endloop
  endfacet
  facet normal 0.13277686163186037 -0.013053982939636569 0.9910599873592948
    outer loop
      vertex 49.658916135806464 0 12.415288317580618
      vertex 48.85084981494316 0.2763956580936951 12.527189287950208
      vertex 48.83873891175798 0 12.525171229997714
    endloop
  endfacet
  facet normal 0.13277686163186075 -0.013053982939635535 0.9910599873592947
    outer loop
      vertex 49.658916135806464 0 12.415288317580618
      vertex 49.67894443280017 0.20371517497399133 12.415288317580618
      vertex 48.85084981494316 0.2763956580936951 12.527189287950208
    endloop
  endfacet
  facet normal 0.13045625266360336 -0.038924043085199055 0.9906897016780136
    outer loop
      vertex 49.67894443280017 0.20371517497399133 12.415288317580618
      vertex 48.87879716798517 0.5575491855014054 12.534555595536009
      vertex 48.85084981494316 0.2763956580936951 12.527189287950208
    endloop
  endfacet
  facet normal 0.13045625266360492 -0.03892404308519545 0.9906897016780135
    outer loop
      vertex 49.67894443280017 0.20371517497399133 12.415288317580618
      vertex 49.73868663406685 0.4039447268236607 12.415288317580618
      vertex 48.87879716798517 0.5575491855014054 12.534555595536009
    endloop
  endfacet
  facet normal 0.12586231350283938 -0.06408674752340146 0.9899755385016261
    outer loop
      vertex 49.73868663406685 0.4039447268236607 12.415288317580618
      vertex 48.92399039395262 0.8494165978764965 12.547704111520527
      vertex 48.87879716798517 0.5575491855014054 12.534555595536009
    endloop
  endfacet
  facet normal 0.1190875771051762 -0.08809124091985057 0.9889681907181946
    outer loop
      vertex 49.83712053397916 0.5972626724027408 12.415288317580618
      vertex 48.98897941941147 1.1589423618255257 12.567449057056574
      vertex 48.92399039395262 0.8494165978764965 12.547704111520527
    endloop
  endfacet
  facet normal 0.12586231350283741 -0.06408674752340504 0.9899755385016262
    outer loop
      vertex 49.73868663406685 0.4039447268236607 12.415288317580618
      vertex 49.83712053397916 0.5972626724027408 12.415288317580618
      vertex 48.92399039395262 0.8494165978764965 12.547704111520527
    endloop
  endfacet
  facet normal 0.11908757710517723 -0.08809124091984909 0.9889681907181949
    outer loop
      vertex 49.83712053397916 0.5972626724027408 12.415288317580618
      vertex 49.972561901218555 0.780361288064513 12.415288317580618
      vertex 48.98897941941147 1.1589423618255257 12.567449057056574
    endloop
  endfacet
  facet normal 0.06568272535472887 -0.006457609900335623 0.9978196624963603
    outer loop
      vertex 49.658916135806464 0 12.415288317580618
      vertex 51.215162449238285 0 12.31284646056838
      vertex 49.67894443280017 0.20371517497399133 12.415288317580618
    endloop
  endfacet
  facet normal 0.0656827253547293 -0.0064576099003324115 0.9978196624963603
    outer loop
      vertex 49.67894443280017 0.20371517497399133 12.415288317580618
      vertex 51.215162449238285 0 12.31284646056838
      vertex 51.221876843284086 0.06829457134149222 12.31284646056838
    endloop
  endfacet
  facet normal 0.06455297051713149 -0.019260576280431325 0.9977283919979223
    outer loop
      vertex 49.73868663406685 0.4039447268236607 12.415288317580618
      vertex 51.221876843284086 0.06829457134149222 12.31284646056838
      vertex 51.2419051402778 0.1354206036324991 12.31284646056838
    endloop
  endfacet
  facet normal 0.06455297051713216 -0.019260576280428404 0.9977283919979225
    outer loop
      vertex 49.67894443280017 0.20371517497399133 12.415288317580618
      vertex 51.221876843284086 0.06829457134149222 12.31284646056838
      vertex 49.73868663406685 0.4039447268236607 12.415288317580618
    endloop
  endfacet
  facet normal 0.06231369470218274 -0.03172897357825302 0.9975521418393295
    outer loop
      vertex 49.73868663406685 0.4039447268236607 12.415288317580618
      vertex 51.2419051402778 0.1354206036324991 12.31284646056838
      vertex 49.83712053397916 0.5972626724027408 12.415288317580618
    endloop
  endfacet
  facet normal 0 0 1
    outer loop
      vertex 51.221876843284086 -0.06829457134149222 12.31284646056838
      vertex 51.221876843284086 0.06829457134149222 12.31284646056838
      vertex 51.215162449238285 0 12.31284646056838
    endloop
  endfacet
  facet normal 0 0 1
    outer loop
      vertex 51.221876843284086 -0.06829457134149222 12.31284646056838
      vertex 51.2419051402778 0.1354206036324991 12.31284646056838
      vertex 51.221876843284086 0.06829457134149222 12.31284646056838
    endloop
  endfacet
  facet normal 0 0 1
    outer loop
      vertex 51.2419051402778 -0.1354206036324991 12.31284646056838
      vertex 51.274904650504965 0.20022955184966942 12.31284646056838
      vertex 51.2419051402778 0.1354206036324991 12.31284646056838
    endloop
  endfacet
  facet normal 0 0 1
    outer loop
      vertex 51.274904650504965 -0.20022955184966942 12.31284646056838
      vertex 51.320310743196394 0.26161251692057225 12.31284646056838
      vertex 51.274904650504965 0.20022955184966942 12.31284646056838
    endloop
  endfacet
  facet normal 0 0 1
    outer loop
      vertex 51.320310743196394 -0.26161251692057225 12.31284646056838
      vertex 51.3773465075172 0.31851921929427135 12.31284646056838
      vertex 51.320310743196394 0.26161251692057225 12.31284646056838
    endloop
  endfacet
  facet normal 0 0 1
    outer loop
      vertex 51.3773465075172 -0.31851921929427135 12.31284646056838
      vertex 51.445036045726546 0.3699759695156341 12.31284646056838
      vertex 51.3773465075172 0.31851921929427135 12.31284646056838
    endloop
  endfacet
  facet normal 0.06231369470218244 -0.03172897357825407 0.9975521418393294
    outer loop
      vertex 49.83712053397916 0.5972626724027408 12.415288317580618
      vertex 51.2419051402778 0.1354206036324991 12.31284646056838
      vertex 51.274904650504965 0.20022955184966942 12.31284646056838
    endloop
  endfacet
  facet normal 0.059004880043905854 -0.043646980060763695 0.9973030458504474
    outer loop
      vertex 49.972561901218555 0.780361288064513 12.415288317580618
      vertex 51.274904650504965 0.20022955184966942 12.31284646056838
      vertex 51.320310743196394 0.26161251692057225 12.31284646056838
    endloop
  endfacet
  facet normal 0.05900488004390544 -0.04364698006076487 0.9973030458504474
    outer loop
      vertex 49.83712053397916 0.5972626724027408 12.415288317580618
      vertex 51.274904650504965 0.20022955184966942 12.31284646056838
      vertex 49.972561901218555 0.780361288064513 12.415288317580618
    endloop
  endfacet
  facet normal 0.054685316071272125 -0.054809340010033875 0.996998220888006
    outer loop
      vertex 49.972561901218555 0.780361288064513 12.415288317580618
      vertex 51.320310743196394 0.26161251692057225 12.31284646056838
      vertex 50.14269329644014 0.9501077057304776 12.415288317580618
    endloop
  endfacet
  facet normal 0.04943125993801871 -0.06502507725258 0.9966585623317726
    outer loop
      vertex 50.14269329644014 0.9501077057304776 12.415288317580618
      vertex 51.3773465075172 0.31851921929427135 12.31284646056838
      vertex 50.344603724302345 1.103597517131772 12.415288317580618
    endloop
  endfacet
  facet normal 0.05468531607127136 -0.05480934001003511 0.9969982208880062
    outer loop
      vertex 50.14269329644014 0.9501077057304776 12.415288317580618
      vertex 51.320310743196394 0.26161251692057225 12.31284646056838
      vertex 51.3773465075172 0.31851921929427135 12.31284646056838
    endloop
  endfacet
  facet normal 0.049431259938021166 -0.06502507725257696 0.9966585623317727
    outer loop
      vertex 50.344603724302345 1.103597517131772 12.415288317580618
      vertex 51.3773465075172 0.31851921929427135 12.31284646056838
      vertex 51.445036045726546 0.3699759695156341 12.31284646056838
    endloop
  endfacet
  facet normal 0.04333477266176415 -0.07412075664017298 0.9963072873935236
    outer loop
      vertex 50.57483844140428 1.2382044690399043 12.415288317580618
      vertex 51.445036045726546 0.3699759695156341 12.31284646056838
      vertex 51.52222117105859 0.41510232832186655 12.31284646056838
    endloop
  endfacet
  facet normal 0.036501815101021864 -0.0819432402419102 0.9959683342722235
    outer loop
      vertex 50.82945806790323 1.351625399187629 12.415288317580618
      vertex 51.52222117105859 0.41510232832186655 12.31284646056838
      vertex 51.60758122461914 0.4531261712024037 12.31284646056838
    endloop
  endfacet
  facet normal 0.11026602796813381 -0.11051610656477655 0.9877386259865987
    outer loop
      vertex 49.972561901218555 0.780361288064513 12.415288317580618
      vertex 49.077842776783 1.4948334003280417 12.595110990727271
      vertex 48.98897941941147 1.1589423618255257 12.567449057056574
    endloop
  endfacet
  facet normal 0.11026602796813255 -0.11051610656477806 0.9877386259865985
    outer loop
      vertex 49.972561901218555 0.780361288064513 12.415288317580618
      vertex 50.14269329644014 0.9501077057304776 12.415288317580618
      vertex 49.077842776783 1.4948334003280417 12.595110990727271
    endloop
  endfacet
  facet normal 0.09956796627248937 -0.13097814433354715 0.9863726201589849
    outer loop
      vertex 50.14269329644014 0.9501077057304776 12.415288317580618
      vertex 50.344603724302345 1.103597517131772 12.415288317580618
      vertex 49.27249569211788 1.8183362052547483 12.618419223029367
    endloop
  endfacet
  facet normal 0.09956796627248952 -0.13097814433354696 0.9863726201589847
    outer loop
      vertex 50.14269329644014 0.9501077057304776 12.415288317580618
      vertex 49.27249569211788 1.8183362052547483 12.618419223029367
      vertex 49.077842776783 1.4948334003280417 12.595110990727271
    endloop
  endfacet
  facet normal 0.08719409831290363 -0.14913872035176395 0.9849643807322366
    outer loop
      vertex 49.27249569211788 1.8183362052547483 12.618419223029367
      vertex 50.344603724302345 1.103597517131772 12.415288317580618
      vertex 49.65184062114698 2.0401205879975346 12.618419223029367
    endloop
  endfacet
  facet normal 0.04333477266176449 -0.07412075664017245 0.9963072873935237
    outer loop
      vertex 50.344603724302345 1.103597517131772 12.415288317580618
      vertex 51.445036045726546 0.3699759695156341 12.31284646056838
      vertex 50.57483844140428 1.2382044690399043 12.415288317580618
    endloop
  endfacet
  facet normal 0.03650181510102188 -0.08194324024191037 0.9959683342722233
    outer loop
      vertex 50.57483844140428 1.2382044690399043 12.415288317580618
      vertex 51.52222117105859 0.41510232832186655 12.31284646056838
      vertex 50.82945806790323 1.351625399187629 12.415288317580618
    endloop
  endfacet
  facet normal 0.029050186132169305 -0.08836192509973284 0.9956647311612256
    outer loop
      vertex 50.82945806790323 1.351625399187629 12.415288317580618
      vertex 51.60758122461914 0.4531261712024037 12.31284646056838
      vertex 51.10410599139589 1.4419196440138957 12.415288317580618
    endloop
  endfacet
  facet normal 0.02110737529647961 -0.09327048377808692 0.9954170460484867
    outer loop
      vertex 51.10410599139589 1.4419196440138957 12.415288317580618
      vertex 51.6996556722255 0.48339689966335875 12.31284646056838
      vertex 51.394082909764506 1.5075422439554327 12.415288317580618
    endloop
  endfacet
  facet normal 0.08719409831290507 -0.14913872035176276 0.9849643807322365
    outer loop
      vertex 49.65184062114698 2.0401205879975346 12.618419223029367
      vertex 50.344603724302345 1.103597517131772 12.415288317580618
      vertex 50.57483844140428 1.2382044690399043 12.415288317580618
    endloop
  endfacet
  facet normal 0.07336942971993611 -0.16470766698350753 0.9836098368862632
    outer loop
      vertex 50.07136320818103 2.2269979418513963 12.618419223029367
      vertex 50.57483844140428 1.2382044690399043 12.415288317580618
      vertex 50.82945806790323 1.351625399187629 12.415288317580618
    endloop
  endfacet
  facet normal 0.05833746521377434 -0.17744501561108808 0.9824001255024414
    outer loop
      vertex 50.82945806790323 1.351625399187629 12.415288317580618
      vertex 51.10410599139589 1.4419196440138957 12.415288317580618
      vertex 50.52388530544224 2.3757707434797033 12.618419223029367
    endloop
  endfacet
  facet normal 0.09956796627249798 -0.13097814433355195 0.9863726201589833
    outer loop
      vertex 49.27249569211788 1.8183362052547483 12.618419223029367
      vertex 49.15157046655494 1.7264103435653164 12.618419223029367
      vertex 49.077842776783 1.4948334003280417 12.595110990727271
    endloop
  endfacet
  facet normal 0.15110288901284 -0.19877051573169507 0.9683275267220948
    outer loop
      vertex 49.27249569211788 1.8183362052547483 12.618419223029367
      vertex 49.161657145661756 1.7499152234353585 12.621670138296695
      vertex 49.15157046655494 1.7264103435653164 12.618419223029367
    endloop
  endfacet
  facet normal 0 0 1
    outer loop
      vertex 51.445036045726546 -0.3699759695156341 12.31284646056838
      vertex 51.52222117105859 0.41510232832186655 12.31284646056838
      vertex 51.445036045726546 0.3699759695156341 12.31284646056838
    endloop
  endfacet
  facet normal 0 0 1
    outer loop
      vertex 51.52222117105859 -0.41510232832186655 12.31284646056838
      vertex 51.60758122461914 0.4531261712024037 12.31284646056838
      vertex 51.52222117105859 0.41510232832186655 12.31284646056838
    endloop
  endfacet
  facet normal 0 0 1
    outer loop
      vertex 51.60758122461914 -0.4531261712024037 12.31284646056838
      vertex 51.6996556722255 0.48339689966335875 12.31284646056838
      vertex 51.60758122461914 0.4531261712024037 12.31284646056838
    endloop
  endfacet
  facet normal 0 0 1
    outer loop
      vertex 51.6996556722255 -0.48339689966335875 12.31284646056838
      vertex 51.796869094551255 0.5053965731481332 12.31284646056838
      vertex 51.6996556722255 0.48339689966335875 12.31284646056838
    endloop
  endfacet
  facet normal 0 0 1
    outer loop
      vertex 51.796869094551255 -0.5053965731481332 12.31284646056838
      vertex 51.89755814298776 0.5187487711439408 12.31284646056838
      vertex 51.796869094551255 0.5053965731481332 12.31284646056838
    endloop
  endfacet
  facet normal 0 0 1
    outer loop
      vertex 51.89755814298776 -0.5187487711439408 12.31284646056838
      vertex 52 0.5232250338411445 12.31284646056838
      vertex 51.89755814298776 0.5187487711439408 12.31284646056838
    endloop
  endfacet
  facet normal 0 0 1
    outer loop
      vertex 52 -0.5232250338411445 12.31284646056838
      vertex 52.10244185701224 0.5187487711439408 12.31284646056838
      vertex 52 0.5232250338411445 12.31284646056838
    endloop
  endfacet
  facet normal 0 0 1
    outer loop
      vertex 52.203130905448745 -0.5053965731481332 12.31284646056838
      vertex 52.3003443277745 0.48339689966335875 12.31284646056838
      vertex 52.203130905448745 0.5053965731481332 12.31284646056838
    endloop
  endfacet
  facet normal 0 0 1
    outer loop
      vertex 52.10244185701224 -0.5187487711439408 12.31284646056838
      vertex 52.203130905448745 0.5053965731481332 12.31284646056838
      vertex 52.10244185701224 0.5187487711439408 12.31284646056838
    endloop
  endfacet
  facet normal 0 0 1
    outer loop
      vertex 52.3003443277745 -0.48339689966335875 12.31284646056838
      vertex 52.39241877538086 0.4531261712024037 12.31284646056838
      vertex 52.3003443277745 0.48339689966335875 12.31284646056838
    endloop
  endfacet
  facet normal 0 0 1
    outer loop
      vertex 52.39241877538086 -0.4531261712024037 12.31284646056838
      vertex 52.47777882894141 0.41510232832186655 12.31284646056838
      vertex 52.39241877538086 0.4531261712024037 12.31284646056838
    endloop
  endfacet
  facet normal 0 0 1
    outer loop
      vertex 52.554963954273454 -0.3699759695156341 12.31284646056838
      vertex 52.6226534924828 0.31851921929427135 12.31284646056838
      vertex 52.554963954273454 0.3699759695156341 12.31284646056838
    endloop
  endfacet
  facet normal 0 0 1
    outer loop
      vertex 52.725095349495035 -0.20022955184966942 12.31284646056838
      vertex 52.7580948597222 0.1354206036324991 12.31284646056838
      vertex 52.725095349495035 0.20022955184966942 12.31284646056838
    endloop
  endfacet
  facet normal 0 0 1
    outer loop
      vertex 52.6226534924828 -0.31851921929427135 12.31284646056838
      vertex 52.679689256803606 0.26161251692057225 12.31284646056838
      vertex 52.6226534924828 0.31851921929427135 12.31284646056838
    endloop
  endfacet
  facet normal 0 0 1
    outer loop
      vertex 52.679689256803606 -0.26161251692057225 12.31284646056838
      vertex 52.725095349495035 0.20022955184966942 12.31284646056838
      vertex 52.679689256803606 0.26161251692057225 12.31284646056838
    endloop
  endfacet
  facet normal 0 0 1
    outer loop
      vertex 52.47777882894141 -0.41510232832186655 12.31284646056838
      vertex 52.554963954273454 0.3699759695156341 12.31284646056838
      vertex 52.47777882894141 0.41510232832186655 12.31284646056838
    endloop
  endfacet
  facet normal 0.029050186132168417 -0.0883619250997333 0.9956647311612254
    outer loop
      vertex 51.10410599139589 1.4419196440138957 12.415288317580618
      vertex 51.60758122461914 0.4531261712024037 12.31284646056838
      vertex 51.6996556722255 0.48339689966335875 12.31284646056838
    endloop
  endfacet
  facet normal 0.021107375296478815 -0.09327048377808717 0.9954170460484868
    outer loop
      vertex 51.6996556722255 0.48339689966335875 12.31284646056838
      vertex 51.796869094551255 0.5053965731481332 12.31284646056838
      vertex 51.394082909764506 1.5075422439554327 12.415288317580618
    endloop
  endfacet
  facet normal 0.01280838549786772 -0.09658815336570047 0.9952420177476139
    outer loop
      vertex 51.69442723753901 1.5473703781332184 12.415288317580618
      vertex 51.796869094551255 0.5053965731481332 12.31284646056838
      vertex 51.89755814298776 0.5187487711439408 12.31284646056838
    endloop
  endfacet
  facet normal 0.004293561328273493 -0.09826063066831045 0.9951514526903864
    outer loop
      vertex 51.89755814298776 0.5187487711439408 12.31284646056838
      vertex 52 0.5232250338411445 12.31284646056838
      vertex 52 1.560722576129026 12.415288317580618
    endloop
  endfacet
  facet normal -0.004293561328273494 -0.09826063066831048 0.9951514526903864
    outer loop
      vertex 52 0.5232250338411445 12.31284646056838
      vertex 52.10244185701224 0.5187487711439408 12.31284646056838
      vertex 52 1.560722576129026 12.415288317580618
    endloop
  endfacet
  facet normal -0.012808385497867702 -0.09658815336570044 0.9952420177476139
    outer loop
      vertex 52.10244185701224 0.5187487711439408 12.31284646056838
      vertex 52.203130905448745 0.5053965731481332 12.31284646056838
      vertex 52.30557276246099 1.5473703781332184 12.415288317580618
    endloop
  endfacet
  facet normal -0.021107375296478808 -0.09327048377808714 0.9954170460484868
    outer loop
      vertex 52.203130905448745 0.5053965731481332 12.31284646056838
      vertex 52.3003443277745 0.48339689966335875 12.31284646056838
      vertex 52.605917090235494 1.5075422439554327 12.415288317580618
    endloop
  endfacet
  facet normal -0.036501815101021975 -0.08194324024191028 0.9959683342722234
    outer loop
      vertex 52.39241877538086 0.4531261712024037 12.31284646056838
      vertex 52.47777882894141 0.41510232832186655 12.31284646056838
      vertex 53.17054193209677 1.351625399187629 12.415288317580618
    endloop
  endfacet
  facet normal -0.029050186132168393 -0.08836192509973331 0.9956647311612254
    outer loop
      vertex 52.3003443277745 0.48339689966335875 12.31284646056838
      vertex 52.39241877538086 0.4531261712024037 12.31284646056838
      vertex 52.89589400860411 1.4419196440138957 12.415288317580618
    endloop
  endfacet
  facet normal 0 0 1
    outer loop
      vertex 52.7580948597222 -0.1354206036324991 12.31284646056838
      vertex 52.778123156715914 0.06829457134149222 12.31284646056838
      vertex 52.7580948597222 0.1354206036324991 12.31284646056838
    endloop
  endfacet
  facet normal 0 0 1
    outer loop
      vertex 52.778123156715914 -0.06829457134149222 12.31284646056838
      vertex 52.784837550761715 0 12.31284646056838
      vertex 52.778123156715914 0.06829457134149222 12.31284646056838
    endloop
  endfacet
  facet normal -0.06568272535472928 -0.006457609900332374 0.9978196624963603
    outer loop
      vertex 52.784837550761715 0 12.31284646056838
      vertex 54.32105556719983 0.20371517497399133 12.415288317580618
      vertex 52.778123156715914 0.06829457134149222 12.31284646056838
    endloop
  endfacet
  facet normal -0.0645529705171315 -0.019260576280431273 0.9977283919979225
    outer loop
      vertex 52.7580948597222 0.1354206036324991 12.31284646056838
      vertex 52.778123156715914 0.06829457134149222 12.31284646056838
      vertex 54.26131336593315 0.4039447268236607 12.415288317580618
    endloop
  endfacet
  facet normal -0.06231369470218239 -0.03172897357825408 0.9975521418393294
    outer loop
      vertex 52.725095349495035 0.20022955184966942 12.31284646056838
      vertex 52.7580948597222 0.1354206036324991 12.31284646056838
      vertex 54.16287946602084 0.5972626724027408 12.415288317580618
    endloop
  endfacet
  facet normal -0.05900488004390583 -0.04364698006076396 0.9973030458504474
    outer loop
      vertex 52.679689256803606 0.26161251692057225 12.31284646056838
      vertex 52.725095349495035 0.20022955184966942 12.31284646056838
      vertex 54.027438098781445 0.780361288064513 12.415288317580618
    endloop
  endfacet
  facet normal -0.06568272535472887 -0.006457609900335663 0.9978196624963603
    outer loop
      vertex 52.784837550761715 0 12.31284646056838
      vertex 54.341083864193536 0 12.415288317580618
      vertex 54.32105556719983 0.20371517497399133 12.415288317580618
    endloop
  endfacet
  facet normal -0.06231369470218274 -0.03172897357825305 0.9975521418393295
    outer loop
      vertex 52.7580948597222 0.1354206036324991 12.31284646056838
      vertex 54.26131336593315 0.4039447268236607 12.415288317580618
      vertex 54.16287946602084 0.5972626724027408 12.415288317580618
    endloop
  endfacet
  facet normal -0.06455297051713217 -0.019260576280428435 0.9977283919979225
    outer loop
      vertex 52.778123156715914 0.06829457134149222 12.31284646056838
      vertex 54.32105556719983 0.20371517497399133 12.415288317580618
      vertex 54.26131336593315 0.4039447268236607 12.415288317580618
    endloop
  endfacet
  facet normal -0.05468531607127138 -0.05480934001003516 0.9969982208880062
    outer loop
      vertex 52.6226534924828 0.31851921929427135 12.31284646056838
      vertex 52.679689256803606 0.26161251692057225 12.31284646056838
      vertex 53.85730670355986 0.9501077057304776 12.415288317580618
    endloop
  endfacet
  facet normal -0.04943125993802109 -0.06502507725257688 0.9966585623317727
    outer loop
      vertex 52.554963954273454 0.3699759695156341 12.31284646056838
      vertex 52.6226534924828 0.31851921929427135 12.31284646056838
      vertex 53.655396275697655 1.103597517131772 12.415288317580618
    endloop
  endfacet
  facet normal -0.043334772661764116 -0.07412075664017281 0.9963072873935236
    outer loop
      vertex 52.47777882894141 0.41510232832186655 12.31284646056838
      vertex 52.554963954273454 0.3699759695156341 12.31284646056838
      vertex 53.42516155859572 1.2382044690399043 12.415288317580618
    endloop
  endfacet
  facet normal -0.04943125993801874 -0.06502507725258001 0.9966585623317726
    outer loop
      vertex 52.6226534924828 0.31851921929427135 12.31284646056838
      vertex 53.85730670355986 0.9501077057304776 12.415288317580618
      vertex 53.655396275697655 1.103597517131772 12.415288317580618
    endloop
  endfacet
  facet normal -0.059004880043905465 -0.043646980060764805 0.9973030458504474
    outer loop
      vertex 52.725095349495035 0.20022955184966942 12.31284646056838
      vertex 54.16287946602084 0.5972626724027408 12.415288317580618
      vertex 54.027438098781445 0.780361288064513 12.415288317580618
    endloop
  endfacet
  facet normal -0.05468531607127211 -0.054809340010033826 0.996998220888006
    outer loop
      vertex 52.679689256803606 0.26161251692057225 12.31284646056838
      vertex 54.027438098781445 0.780361288064513 12.415288317580618
      vertex 53.85730670355986 0.9501077057304776 12.415288317580618
    endloop
  endfacet
  facet normal 0.012808385497867345 -0.0965881533657005 0.9952420177476139
    outer loop
      vertex 51.394082909764506 1.5075422439554327 12.415288317580618
      vertex 51.796869094551255 0.5053965731481332 12.31284646056838
      vertex 51.69442723753901 1.5473703781332184 12.415288317580618
    endloop
  endfacet
  facet normal 0.004293561328273468 -0.09826063066831044 0.9951514526903863
    outer loop
      vertex 51.69442723753901 1.5473703781332184 12.415288317580618
      vertex 51.89755814298776 0.5187487711439408 12.31284646056838
      vertex 52 1.560722576129026 12.415288317580618
    endloop
  endfacet
  facet normal -0.004293561328273473 -0.09826063066831044 0.9951514526903863
    outer loop
      vertex 52.10244185701224 0.5187487711439408 12.31284646056838
      vertex 52.30557276246099 1.5473703781332184 12.415288317580618
      vertex 52 1.560722576129026 12.415288317580618
    endloop
  endfacet
  facet normal -0.012808385497867366 -0.09658815336570048 0.9952420177476139
    outer loop
      vertex 52.203130905448745 0.5053965731481332 12.31284646056838
      vertex 52.605917090235494 1.5075422439554327 12.415288317580618
      vertex 52.30557276246099 1.5473703781332184 12.415288317580618
    endloop
  endfacet
  facet normal -0.02110737529647956 -0.09327048377808696 0.9954170460484867
    outer loop
      vertex 52.3003443277745 0.48339689966335875 12.31284646056838
      vertex 52.89589400860411 1.4419196440138957 12.415288317580618
      vertex 52.605917090235494 1.5075422439554327 12.415288317580618
    endloop
  endfacet
  facet normal -0.029050186132169312 -0.08836192509973283 0.9956647311612256
    outer loop
      vertex 52.39241877538086 0.4531261712024037 12.31284646056838
      vertex 53.17054193209677 1.351625399187629 12.415288317580618
      vertex 52.89589400860411 1.4419196440138957 12.415288317580618
    endloop
  endfacet
  facet normal -0.03650181510102187 -0.08194324024191037 0.9959683342722233
    outer loop
      vertex 52.47777882894141 0.41510232832186655 12.31284646056838
      vertex 53.42516155859572 1.2382044690399043 12.415288317580618
      vertex 53.17054193209677 1.351625399187629 12.415288317580618
    endloop
  endfacet
  facet normal -0.04333477266176447 -0.07412075664017244 0.9963072873935237
    outer loop
      vertex 52.554963954273454 0.3699759695156341 12.31284646056838
      vertex 53.655396275697655 1.103597517131772 12.415288317580618
      vertex 53.42516155859572 1.2382044690399043 12.415288317580618
    endloop
  endfacet
  facet normal -0.09956796627248934 -0.13097814433354713 0.9863726201589849
    outer loop
      vertex 53.655396275697655 1.103597517131772 12.415288317580618
      vertex 53.85730670355986 0.9501077057304776 12.415288317580618
      vertex 54.72750430788212 1.8183362052547483 12.618419223029367
    endloop
  endfacet
  facet normal -0.05833746521377434 -0.17744501561108808 0.9824001255024414
    outer loop
      vertex 52.89589400860411 1.4419196440138957 12.415288317580618
      vertex 53.17054193209677 1.351625399187629 12.415288317580618
      vertex 53.47611469455776 2.3757707434797033 12.618419223029367
    endloop
  endfacet
  facet normal -0.08719409831290512 -0.14913872035176284 0.9849643807322365
    outer loop
      vertex 53.42516155859572 1.2382044690399043 12.415288317580618
      vertex 53.655396275697655 1.103597517131772 12.415288317580618
      vertex 54.34815937885302 2.0401205879975346 12.618419223029367
    endloop
  endfacet
  facet normal -0.07336942971993604 -0.1647076669835075 0.9836098368862632
    outer loop
      vertex 53.17054193209677 1.351625399187629 12.415288317580618
      vertex 53.42516155859572 1.2382044690399043 12.415288317580618
      vertex 53.92863679181897 2.2269979418513963 12.618419223029367
    endloop
  endfacet
  facet normal 0.07336942971993664 -0.16470766698350722 0.9836098368862632
    outer loop
      vertex 49.65184062114698 2.0401205879975346 12.618419223029367
      vertex 50.57483844140428 1.2382044690399043 12.415288317580618
      vertex 50.07136320818103 2.2269979418513963 12.618419223029367
    endloop
  endfacet
  facet normal 0.05833746521377486 -0.17744501561108791 0.9824001255024413
    outer loop
      vertex 50.07136320818103 2.2269979418513963 12.618419223029367
      vertex 50.82945806790323 1.351625399187629 12.415288317580618
      vertex 50.52388530544224 2.3757707434797033 12.618419223029367
    endloop
  endfacet
  facet normal 0.04235508047116949 -0.18716106529193421 0.9814157033576899
    outer loop
      vertex 51.10410599139589 1.4419196440138957 12.415288317580618
      vertex 51.394082909764506 1.5075422439554327 12.415288317580618
      vertex 51.00166413438365 2.4838934489989812 12.618419223029367
    endloop
  endfacet
  facet normal 0.04235508047116866 -0.1871610652919343 0.9814157033576899
    outer loop
      vertex 51.10410599139589 1.4419196440138957 12.415288317580618
      vertex 51.00166413438365 2.4838934489989812 12.618419223029367
      vertex 50.52388530544224 2.3757707434797033 12.618419223029367
    endloop
  endfacet
  facet normal 0.02568825992427783 -0.1937154054019727 0.980721395204577
    outer loop
      vertex 51.394082909764506 1.5075422439554327 12.415288317580618
      vertex 51.496524766776744 2.549516048940518 12.618419223029367
      vertex 51.00166413438365 2.4838934489989812 12.618419223029367
    endloop
  endfacet
  facet normal 0.15110288901283914 -0.19877051573169363 0.9683275267220953
    outer loop
      vertex 49.27249569211788 1.8183362052547483 12.618419223029367
      vertex 49.21265077986377 1.8582328134241546 12.635947392009081
      vertex 49.161657145661756 1.7499152234353585 12.621670138296695
    endloop
  endfacet
  facet normal 0.13207917376775077 -0.22591114928618386 0.9651524462410194
    outer loop
      vertex 49.27249569211788 1.8183362052547483 12.618419223029367
      vertex 49.42249572365568 2.2393793143590845 12.696444671485137
      vertex 49.21265077986377 1.8582328134241546 12.635947392009081
    endloop
  endfacet
  facet normal 0.13207917376775036 -0.22591114928618378 0.9651524462410195
    outer loop
      vertex 49.27249569211788 1.8183362052547483 12.618419223029367
      vertex 49.65184062114698 2.0401205879975346 12.618419223029367
      vertex 49.42249572365568 2.2393793143590845 12.696444671485137
    endloop
  endfacet
  facet normal 0.11094076014046171 -0.249051871411058 0.962115020715354
    outer loop
      vertex 49.65184062114698 2.0401205879975346 12.618419223029367
      vertex 50.07136320818103 2.2269979418513963 12.618419223029367
      vertex 49.68263018717861 2.6512932877291253 12.773076289554451
    endloop
  endfacet
  facet normal 0.11094076014045848 -0.24905187141105797 0.9621150207153546
    outer loop
      vertex 49.65184062114698 2.0401205879975346 12.618419223029367
      vertex 49.68263018717861 2.6512932877291253 12.773076289554451
      vertex 49.42249572365568 2.2393793143590845 12.696444671485137
    endloop
  endfacet
  facet normal 0.11094076014044443 -0.24905187141107343 0.9621150207153522
    outer loop
      vertex 50.07136320818103 2.2269979418513963 12.618419223029367
      vertex 49.6916787898591 2.6654197441019485 12.775689658520053
      vertex 49.68263018717861 2.6512932877291253 12.773076289554451
    endloop
  endfacet
  facet normal 0.08807201981517565 -0.26788858366979174 0.959415981764463
    outer loop
      vertex 50.07136320818103 2.2269979418513963 12.618419223029367
      vertex 50.52388530544224 2.3757707434797033 12.618419223029367
      vertex 50.042494918974846 3.1505568766834515 12.878945822833394
    endloop
  endfacet
  facet normal 0.08807201981517558 -0.26788858366979174 0.9594159817644631
    outer loop
      vertex 50.07136320818103 2.2269979418513963 12.618419223029367
      vertex 50.042494918974846 3.1505568766834515 12.878945822833394
      vertex 49.6916787898591 2.6654197441019485 12.775689658520053
    endloop
  endfacet
  facet normal 0.06386166158430087 -0.2821955826897042 0.9572289910413864
    outer loop
      vertex 50.52388530544224 2.3757707434797033 12.618419223029367
      vertex 51.00166413438365 2.4838934489989812 12.618419223029367
      vertex 50.62632716245448 3.4177445484647886 12.91876355080387
    endloop
  endfacet
  facet normal 0.03869712012821614 -0.29181534037817697 0.955691550665669
    outer loop
      vertex 51.00166413438365 2.4838934489989812 12.618419223029367
      vertex 51.496524766776744 2.549516048940518 12.618419223029367
      vertex 51.307236896844636 3.508038793291055 12.91876355080387
    endloop
  endfacet
  facet normal 0.06386166158430275 -0.2821955826897043 0.9572289910413861
    outer loop
      vertex 50.52388530544224 2.3757707434797033 12.618419223029367
      vertex 50.62632716245448 3.4177445484647886 12.91876355080387
      vertex 50.042494918974846 3.1505568766834515 12.878945822833394
    endloop
  endfacet
  facet normal 0.06386166158430091 -0.2821955826897004 0.9572289910413875
    outer loop
      vertex 50.62632716245448 3.4177445484647886 12.91876355080387
      vertex 50.17577118964661 3.315782452580813 12.91876355080387
      vertex 50.042494918974846 3.1505568766834515 12.878945822833394
    endloop
  endfacet
  facet normal 0.08569581895282952 -0.3786776128826828 0.9215527614387995
    outer loop
      vertex 50.62632716245448 3.4177445484647886 12.91876355080387
      vertex 50.529079388614896 3.6597003037263254 13.027229348562566
      vertex 50.17577118964661 3.315782452580813 12.91876355080387
    endloop
  endfacet
  facet normal 0.03869712012821582 -0.2918153403781768 0.9556915506656691
    outer loop
      vertex 51.00166413438365 2.4838934489989812 12.618419223029367
      vertex 51.307236896844636 3.508038793291055 12.91876355080387
      vertex 50.62632716245448 3.4177445484647886 12.91876355080387
    endloop
  endfacet
  facet normal 0.025688259924277795 -0.19371540540197277 0.980721395204577
    outer loop
      vertex 51.394082909764506 1.5075422439554327 12.415288317580618
      vertex 51.69442723753901 1.5473703781332184 12.415288317580618
      vertex 51.496524766776744 2.549516048940518 12.618419223029367
    endloop
  endfacet
  facet normal 0.008608719598670246 -0.19701551983004661 0.9803625731804372
    outer loop
      vertex 51.69442723753901 1.5473703781332184 12.415288317580618
      vertex 52 1.560722576129026 12.415288317580618
      vertex 52 2.5715157224252927 12.618419223029367
    endloop
  endfacet
  facet normal -0.008608719598670246 -0.19701551983004661 0.9803625731804372
    outer loop
      vertex 52 1.560722576129026 12.415288317580618
      vertex 52.30557276246099 1.5473703781332184 12.415288317580618
      vertex 52 2.5715157224252927 12.618419223029367
    endloop
  endfacet
  facet normal -0.025688259924277795 -0.19371540540197277 0.980721395204577
    outer loop
      vertex 52.30557276246099 1.5473703781332184 12.415288317580618
      vertex 52.605917090235494 1.5075422439554327 12.415288317580618
      vertex 52.503475233223256 2.549516048940518 12.618419223029367
    endloop
  endfacet
  facet normal -0.02568825992427783 -0.1937154054019727 0.980721395204577
    outer loop
      vertex 52.605917090235494 1.5075422439554327 12.415288317580618
      vertex 52.99833586561635 2.4838934489989812 12.618419223029367
      vertex 52.503475233223256 2.549516048940518 12.618419223029367
    endloop
  endfacet
  facet normal 0.008608719598670407 -0.19701551983004667 0.9803625731804372
    outer loop
      vertex 51.69442723753901 1.5473703781332184 12.415288317580618
      vertex 52 2.5715157224252927 12.618419223029367
      vertex 51.496524766776744 2.549516048940518 12.618419223029367
    endloop
  endfacet
  facet normal -0.008608719598670385 -0.19701551983004664 0.9803625731804372
    outer loop
      vertex 52 2.5715157224252927 12.618419223029367
      vertex 52.30557276246099 1.5473703781332184 12.415288317580618
      vertex 52.503475233223256 2.549516048940518 12.618419223029367
    endloop
  endfacet
  facet normal -0.04235508047116949 -0.18716106529193421 0.9814157033576899
    outer loop
      vertex 52.605917090235494 1.5075422439554327 12.415288317580618
      vertex 52.89589400860411 1.4419196440138957 12.415288317580618
      vertex 52.99833586561635 2.4838934489989812 12.618419223029367
    endloop
  endfacet
  facet normal -0.04235508047116866 -0.1871610652919343 0.9814157033576899
    outer loop
      vertex 52.89589400860411 1.4419196440138957 12.415288317580618
      vertex 53.47611469455776 2.3757707434797033 12.618419223029367
      vertex 52.99833586561635 2.4838934489989812 12.618419223029367
    endloop
  endfacet
  facet normal -0.05833746521377488 -0.17744501561108791 0.9824001255024413
    outer loop
      vertex 53.17054193209677 1.351625399187629 12.415288317580618
      vertex 53.92863679181897 2.2269979418513963 12.618419223029367
      vertex 53.47611469455776 2.3757707434797033 12.618419223029367
    endloop
  endfacet
  facet normal -0.07336942971993661 -0.16470766698350717 0.9836098368862632
    outer loop
      vertex 53.42516155859572 1.2382044690399043 12.415288317580618
      vertex 54.34815937885302 2.0401205879975346 12.618419223029367
      vertex 53.92863679181897 2.2269979418513963 12.618419223029367
    endloop
  endfacet
  facet normal -0.08807201981517546 -0.2678885836697911 0.9594159817644631
    outer loop
      vertex 53.47611469455776 2.3757707434797033 12.618419223029367
      vertex 53.92863679181897 2.2269979418513963 12.618419223029367
      vertex 54.031078648831205 3.268971746836482 12.91876355080387
    endloop
  endfacet
  facet normal 0.012962267088710504 -0.29664896845433714 0.9548986172086011
    outer loop
      vertex 51.496524766776744 2.549516048940518 12.618419223029367
      vertex 52 2.5715157224252927 12.618419223029367
      vertex 52 3.5383095217520104 12.91876355080387
    endloop
  endfacet
  facet normal -0.03869712012821614 -0.29181534037817697 0.9556915506656691
    outer loop
      vertex 52.503475233223256 2.549516048940518 12.618419223029367
      vertex 52.99833586561635 2.4838934489989812 12.618419223029367
      vertex 52.692763103155364 3.508038793291055 12.91876355080387
    endloop
  endfacet
  facet normal -0.012962267088710504 -0.29664896845433714 0.9548986172086011
    outer loop
      vertex 52 2.5715157224252927 12.618419223029367
      vertex 52.503475233223256 2.549516048940518 12.618419223029367
      vertex 52 3.5383095217520104 12.91876355080387
    endloop
  endfacet
  facet normal 0.012962267088710545 -0.29664896845433714 0.9548986172086011
    outer loop
      vertex 51.496524766776744 2.549516048940518 12.618419223029367
      vertex 52 3.5383095217520104 12.91876355080387
      vertex 51.307236896844636 3.508038793291055 12.91876355080387
    endloop
  endfacet
  facet normal -0.012962267088710516 -0.2966489684543371 0.9548986172086011
    outer loop
      vertex 52 3.5383095217520104 12.91876355080387
      vertex 52.503475233223256 2.549516048940518 12.618419223029367
      vertex 52.692763103155364 3.508038793291055 12.91876355080387
    endloop
  endfacet
  facet normal -0.06386166158430087 -0.2821955826897042 0.9572289910413864
    outer loop
      vertex 52.99833586561635 2.4838934489989812 12.618419223029367
      vertex 53.47611469455776 2.3757707434797033 12.618419223029367
      vertex 53.37367283754552 3.4177445484647886 12.91876355080387
    endloop
  endfacet
  facet normal -0.0638616615843017 -0.2821955826897042 0.9572289910413863
    outer loop
      vertex 53.47611469455776 2.3757707434797033 12.618419223029367
      vertex 54.031078648831205 3.268971746836482 12.91876355080387
      vertex 53.37367283754552 3.4177445484647886 12.91876355080387
    endloop
  endfacet
  facet normal -0.03869712012821582 -0.2918153403781768 0.9556915506656691
    outer loop
      vertex 52.99833586561635 2.4838934489989812 12.618419223029367
      vertex 53.37367283754552 3.4177445484647886 12.91876355080387
      vertex 52.692763103155364 3.508038793291055 12.91876355080387
    endloop
  endfacet
  facet normal -0.13277686163186106 -0.013053982939635566 0.9910599873592947
    outer loop
      vertex 54.341083864193536 0 12.415288317580618
      vertex 55.82427407341078 0.33565015548216853 12.618419223029367
      vertex 54.32105556719983 0.20371517497399133 12.415288317580618
    endloop
  endfacet
  facet normal -0.13277686163186034 -0.013053982939638678 0.9910599873592947
    outer loop
      vertex 54.341083864193536 0 12.415288317580618
      vertex 55.85727358363794 0 12.618419223029367
      vertex 55.82427407341078 0.33565015548216853 12.618419223029367
    endloop
  endfacet
  facet normal -0.13045625266360406 -0.038924043085195204 0.9906897016780137
    outer loop
      vertex 54.26131336593315 0.4039447268236607 12.415288317580618
      vertex 54.32105556719983 0.20371517497399133 12.415288317580618
      vertex 55.72584017349847 0.6655572437442331 12.618419223029367
    endloop
  endfacet
  facet normal -0.13045625266360397 -0.03892404308519545 0.9906897016780136
    outer loop
      vertex 54.32105556719983 0.20371517497399133 12.415288317580618
      vertex 55.82427407341078 0.33565015548216853 12.618419223029367
      vertex 55.72584017349847 0.6655572437442331 12.618419223029367
    endloop
  endfacet
  facet normal -0.12586231350283694 -0.06408674752340479 0.9899755385016262
    outer loop
      vertex 54.16287946602084 0.5972626724027408 12.415288317580618
      vertex 54.26131336593315 0.4039447268236607 12.415288317580618
      vertex 55.56365611521956 0.9840764630385045 12.618419223029367
    endloop
  endfacet
  facet normal -0.12586231350283847 -0.06408674752340134 0.9899755385016262
    outer loop
      vertex 54.26131336593315 0.4039447268236607 12.415288317580618
      vertex 55.72584017349847 0.6655572437442331 12.618419223029367
      vertex 55.56365611521956 0.9840764630385045 12.618419223029367
    endloop
  endfacet
  facet normal -0.20276271033670043 -0.01993465524790699 0.9790249704767813
    outer loop
      vertex 55.85727358363794 0 12.618419223029367
      vertex 57.26205818993658 0.46184206877024164 12.91876355080387
      vertex 55.82427407341078 0.33565015548216853 12.618419223029367
    endloop
  endfacet
  facet normal -0.19911986906967533 -0.059411106823466585 0.97817258095271
    outer loop
      vertex 55.82427407341078 0.33565015548216853 12.618419223029367
      vertex 57.12661682269718 0.9157818916970122 12.91876355080387
      vertex 55.72584017349847 0.6655572437442331 12.618419223029367
    endloop
  endfacet
  facet normal -0.19911986906967563 -0.05941110682346581 0.97817258095271
    outer loop
      vertex 55.82427407341078 0.33565015548216853 12.618419223029367
      vertex 57.26205818993658 0.46184206877024164 12.91876355080387
      vertex 57.12661682269718 0.9157818916970122 12.91876355080387
    endloop
  endfacet
  facet normal -0.11026602796813274 -0.11051610656477824 0.9877386259865983
    outer loop
      vertex 54.027438098781445 0.780361288064513 12.415288317580618
      vertex 55.0601808819963 1.5654395859020138 12.618419223029367
      vertex 53.85730670355986 0.9501077057304776 12.415288317580618
    endloop
  endfacet
  facet normal -0.11908757710517691 -0.08809124091984885 0.9889681907181949
    outer loop
      vertex 54.027438098781445 0.780361288064513 12.415288317580618
      vertex 54.16287946602084 0.5972626724027408 12.415288317580618
      vertex 55.3404969127771 1.2857578612126463 12.618419223029367
    endloop
  endfacet
  facet normal -0.11908757710517544 -0.08809124091985127 0.9889681907181949
    outer loop
      vertex 54.16287946602084 0.5972626724027408 12.415288317580618
      vertex 55.56365611521956 0.9840764630385045 12.618419223029367
      vertex 55.3404969127771 1.2857578612126463 12.618419223029367
    endloop
  endfacet
  facet normal -0.11026602796813263 -0.11051610656477838 0.9877386259865985
    outer loop
      vertex 54.027438098781445 0.780361288064513 12.415288317580618
      vertex 55.3404969127771 1.2857578612126463 12.618419223029367
      vertex 55.0601808819963 1.5654395859020138 12.618419223029367
    endloop
  endfacet
  facet normal -0.0995679662724902 -0.13097814433354632 0.9863726201589847
    outer loop
      vertex 53.85730670355986 0.9501077057304776 12.415288317580618
      vertex 55.0601808819963 1.5654395859020138 12.618419223029367
      vertex 54.72750430788212 1.8183362052547483 12.618419223029367
    endloop
  endfacet
  facet normal -0.08719409831290365 -0.1491387203517639 0.9849643807322366
    outer loop
      vertex 53.655396275697655 1.103597517131772 12.415288317580618
      vertex 54.72750430788212 1.8183362052547483 12.618419223029367
      vertex 54.34815937885302 2.0401205879975346 12.618419223029367
    endloop
  endfacet
  facet normal -0.19192416801106593 -0.09772421431524571 0.9765321764641082
    outer loop
      vertex 55.56365611521956 0.9840764630385045 12.618419223029367
      vertex 55.72584017349847 0.6655572437442331 12.618419223029367
      vertex 56.90345762025473 1.3540524325541385 12.91876355080387
    endloop
  endfacet
  facet normal -0.19192416801106557 -0.0977242143152463 0.9765321764641083
    outer loop
      vertex 55.72584017349847 0.6655572437442331 12.618419223029367
      vertex 57.12661682269718 0.9157818916970122 12.91876355080387
      vertex 56.90345762025473 1.3540524325541385 12.91876355080387
    endloop
  endfacet
  facet normal -0.18134928878684747 -0.13414735841889583 0.9742263195406583
    outer loop
      vertex 55.3404969127771 1.2857578612126463 12.618419223029367
      vertex 55.56365611521956 0.9840764630385045 12.618419223029367
      vertex 56.596398898434416 1.7691547608760052 12.91876355080387
    endloop
  endfacet
  facet normal -0.16764111717750566 -0.16802132000240466 0.9714243623958211
    outer loop
      vertex 55.0601808819963 1.5654395859020138 12.618419223029367
      vertex 55.3404969127771 1.2857578612126463 12.618419223029367
      vertex 56.21069451709936 2.153986360736917 12.91876355080387
    endloop
  endfacet
  facet normal -0.16764111717750654 -0.16802132000240383 0.9714243623958211
    outer loop
      vertex 55.3404969127771 1.2857578612126463 12.618419223029367
      vertex 56.596398898434416 1.7691547608760052 12.91876355080387
      vertex 56.21069451709936 2.153986360736917 12.91876355080387
    endloop
  endfacet
  facet normal -0.1813492887868471 -0.1341473584188964 0.9742263195406582
    outer loop
      vertex 55.56365611521956 0.9840764630385045 12.618419223029367
      vertex 56.90345762025473 1.3540524325541385 12.91876355080387
      vertex 56.596398898434416 1.7691547608760052 12.91876355080387
    endloop
  endfacet
  facet normal -0.2027627103367003 -0.01993465524790737 0.9790249704767814
    outer loop
      vertex 55.85727358363794 0 12.618419223029367
      vertex 57.30746428262802 0 12.91876355080387
      vertex 57.26205818993658 0.46184206877024164 12.91876355080387
    endloop
  endfacet
  facet normal -0.15110288901283708 -0.19877051573169827 0.9683275267220947
    outer loop
      vertex 55.0601808819963 1.5654395859020138 12.618419223029367
      vertex 55.75294398515167 2.5019626567677764 12.91876355080387
      vertex 54.72750430788212 1.8183362052547483 12.618419223029367
    endloop
  endfacet
  facet normal -0.11094076014046145 -0.24905187141105745 0.9621150207153544
    outer loop
      vertex 53.92863679181897 2.2269979418513963 12.618419223029367
      vertex 54.34815937885302 2.0401205879975346 12.618419223029367
      vertex 54.65373214131401 3.0642659322896084 12.91876355080387
    endloop
  endfacet
  facet normal -0.13207917376775144 -0.22591114928618558 0.9651524462410188
    outer loop
      vertex 54.34815937885302 2.0401205879975346 12.618419223029367
      vertex 54.72750430788212 1.8183362052547483 12.618419223029367
      vertex 55.23097954110538 2.8071296780662403 12.91876355080387
    endloop
  endfacet
  facet normal -0.11094076014046152 -0.24905187141105742 0.9621150207153544
    outer loop
      vertex 54.34815937885302 2.0401205879975346 12.618419223029367
      vertex 55.23097954110538 2.8071296780662403 12.91876355080387
      vertex 54.65373214131401 3.0642659322896084 12.91876355080387
    endloop
  endfacet
  facet normal -0.13207917376775166 -0.2259111492861855 0.9651524462410189
    outer loop
      vertex 54.72750430788212 1.8183362052547483 12.618419223029367
      vertex 55.75294398515167 2.5019626567677764 12.91876355080387
      vertex 55.23097954110538 2.8071296780662403 12.91876355080387
    endloop
  endfacet
  facet normal -0.1511028890128375 -0.19877051573169802 0.9683275267220947
    outer loop
      vertex 55.0601808819963 1.5654395859020138 12.618419223029367
      vertex 56.21069451709936 2.153986360736917 12.91876355080387
      vertex 55.75294398515167 2.5019626567677764 12.91876355080387
    endloop
  endfacet
  facet normal -0.08807201981517421 -0.2678885836697913 0.9594159817644633
    outer loop
      vertex 53.92863679181897 2.2269979418513963 12.618419223029367
      vertex 54.65373214131401 3.0642659322896084 12.91876355080387
      vertex 54.031078648831205 3.268971746836482 12.91876355080387
    endloop
  endfacet
  facet normal -0.2772470466503931 -0.027257597239149414 0.9604119420937991
    outer loop
      vertex 57.30746428262802 0 12.91876355080387
      vertex 58.60980703191442 0.5801317362148435 13.31118232618473
      vertex 57.26205818993658 0.46184206877024164 12.91876355080387
    endloop
  endfacet
  facet normal -0.27206019400216647 -0.08117420588811095 0.9588503528381986
    outer loop
      vertex 57.26205818993658 0.46184206877024164 12.91876355080387
      vertex 58.43967563669283 1.150337257580147 13.31118232618473
      vertex 57.12661682269718 0.9157818916970122 12.91876355080387
    endloop
  endfacet
  facet normal -0.2720601940021666 -0.0811742058881107 0.9588503528381986
    outer loop
      vertex 57.26205818993658 0.46184206877024164 12.91876355080387
      vertex 58.60980703191442 0.5801317362148435 13.31118232618473
      vertex 58.43967563669283 1.150337257580147 13.31118232618473
    endloop
  endfacet
  facet normal -0.2772470466503936 -0.027257597239148217 0.9604119420937991
    outer loop
      vertex 57.30746428262802 0 12.91876355080387
      vertex 58.66684279623523 0 13.31118232618473
      vertex 58.60980703191442 0.5801317362148435 13.31118232618473
    endloop
  endfacet
  facet normal -0.3579828336650366 -0.035195151820228504 0.9330646237477347
    outer loop
      vertex 58.66684279623523 0 13.31118232618473
      vertex 59.844460242991474 0.6884951888099053 13.788961155126136
      vertex 58.60980703191442 0.5801317362148435 13.31118232618473
    endloop
  endfacet
  facet normal -0.35090537580050274 -0.10469912854008816 0.9305393649476921
    outer loop
      vertex 58.60980703191442 0.5801317362148435 13.31118232618473
      vertex 59.844460242991474 0.6884951888099053 13.788961155126136
      vertex 59.64254981512928 1.365210034052344 13.788961155126136
    endloop
  endfacet
  facet normal -0.2618485673634615 -0.13332841705319656 0.95585504182161
    outer loop
      vertex 56.90345762025473 1.3540524325541385 12.91876355080387
      vertex 57.12661682269718 0.9157818916970122 12.91876355080387
      vertex 58.15935960591204 1.7008601895345128 13.31118232618473
    endloop
  endfacet
  facet normal -0.2618485673634584 -0.13332841705320062 0.9558550418216102
    outer loop
      vertex 57.12661682269718 0.9157818916970122 12.91876355080387
      vertex 58.43967563669283 1.150337257580147 13.31118232618473
      vertex 58.15935960591204 1.7008601895345128 13.31118232618473
    endloop
  endfacet
  facet normal -0.24691976924320622 -0.18265103219848844 0.9516665529447321
    outer loop
      vertex 56.90345762025473 1.3540524325541385 12.91876355080387
      vertex 58.15935960591204 1.7008601895345128 13.31118232618473
      vertex 57.773655224576984 2.2222809320784087 13.31118232618473
    endloop
  endfacet
  facet normal -0.35090537580050135 -0.10469912854009025 0.9305393649476924
    outer loop
      vertex 58.43967563669283 1.150337257580147 13.31118232618473
      vertex 58.60980703191442 0.5801317362148435 13.31118232618473
      vertex 59.64254981512928 1.365210034052344 13.788961155126136
    endloop
  endfacet
  facet normal -0.33703747098689524 -0.17161320738456626 0.9257184508272154
    outer loop
      vertex 58.43967563669283 1.150337257580147 13.31118232618473
      vertex 59.3098732410151 2.0185657571044175 13.788961155126136
      vertex 58.15935960591204 1.7008601895345128 13.31118232618473
    endloop
  endfacet
  facet normal -0.3370374709868959 -0.1716132073845656 0.9257184508272153
    outer loop
      vertex 58.43967563669283 1.150337257580147 13.31118232618473
      vertex 59.64254981512928 1.365210034052344 13.788961155126136
      vertex 59.3098732410151 2.0185657571044175 13.788961155126136
    endloop
  endfacet
  facet normal -0.22769743783383686 -0.22821384580429094 0.9466109641173196
    outer loop
      vertex 56.21069451709936 2.153986360736917 12.91876355080387
      vertex 56.596398898434416 1.7691547608760052 12.91876355080387
      vertex 57.28916200158977 2.7056778317417676 13.31118232618473
    endloop
  endfacet
  facet normal -0.20468484900959485 -0.2692556923689615 0.941066142581291
    outer loop
      vertex 55.75294398515167 2.5019626567677764 12.91876355080387
      vertex 56.21069451709936 2.153986360736917 12.91876355080387
      vertex 56.71416975032261 3.1427798335484085 13.31118232618473
    endloop
  endfacet
  facet normal -0.11840068567291785 -0.3601392594039873 0.9253545220444597
    outer loop
      vertex 54.031078648831205 3.268971746836482 12.91876355080387
      vertex 54.65373214131401 3.0642659322896084 12.91876355080387
      vertex 54.55129028430177 4.106239737274693 13.31118232618473
    endloop
  endfacet
  facet normal -0.1494849183963842 -0.33557998545541423 0.9300754445386515
    outer loop
      vertex 54.65373214131401 3.0642659322896084 12.91876355080387
      vertex 55.23097954110538 2.8071296780662403 12.91876355080387
      vertex 55.333421398117615 3.849103483051325 13.31118232618473
    endloop
  endfacet
  facet normal -0.17842818485395237 -0.30518752620518086 0.9354271519998154
    outer loop
      vertex 55.23097954110538 2.8071296780662403 12.91876355080387
      vertex 55.75294398515167 2.5019626567677764 12.91876355080387
      vertex 56.05851674761265 3.5261080010598502 13.31118232618473
    endloop
  endfacet
  facet normal -0.204684849009595 -0.26925569236896135 0.941066142581291
    outer loop
      vertex 56.21069451709936 2.153986360736917 12.91876355080387
      vertex 57.28916200158977 2.7056778317417676 13.31118232618473
      vertex 56.71416975032261 3.1427798335484085 13.31118232618473
    endloop
  endfacet
  facet normal -0.17842818485395262 -0.30518752620518086 0.9354271519998154
    outer loop
      vertex 55.75294398515167 2.5019626567677764 12.91876355080387
      vertex 56.71416975032261 3.1427798335484085 13.31118232618473
      vertex 56.05851674761265 3.5261080010598502 13.31118232618473
    endloop
  endfacet
  facet normal -0.14948491839638506 -0.3355799854554142 0.9300754445386515
    outer loop
      vertex 55.23097954110538 2.8071296780662403 12.91876355080387
      vertex 56.05851674761265 3.5261080010598502 13.31118232618473
      vertex 55.333421398117615 3.849103483051325 13.31118232618473
    endloop
  endfacet
  facet normal -0.24691976924320566 -0.182651032198489 0.951666552944732
    outer loop
      vertex 56.90345762025473 1.3540524325541385 12.91876355080387
      vertex 57.773655224576984 2.2222809320784087 13.31118232618473
      vertex 56.596398898434416 1.7691547608760052 12.91876355080387
    endloop
  endfacet
  facet normal -0.22769743783383714 -0.22821384580429072 0.9466109641173196
    outer loop
      vertex 56.596398898434416 1.7691547608760052 12.91876355080387
      vertex 57.773655224576984 2.2222809320784087 13.31118232618473
      vertex 57.28916200158977 2.7056778317417676 13.31118232618473
    endloop
  endfacet
  facet normal -0.3169132039717145 -0.2344264454813652 0.9190268020070769
    outer loop
      vertex 57.773655224576984 2.2222809320784087 13.31118232618473
      vertex 58.15935960591204 1.7008601895345128 13.31118232618473
      vertex 58.8521227090674 2.6373832604002754 13.788961155126136
    endloop
  endfacet
  facet normal -0.31691320397171463 -0.23442644548136518 0.9190268020070769
    outer loop
      vertex 58.15935960591204 1.7008601895345128 13.31118232618473
      vertex 59.3098732410151 2.0185657571044175 13.788961155126136
      vertex 58.8521227090674 2.6373832604002754 13.788961155126136
    endloop
  endfacet
  facet normal -0.29124487854975567 -0.2919054093755203 0.9110256048519425
    outer loop
      vertex 57.28916200158977 2.7056778317417676 13.31118232618473
      vertex 57.773655224576984 2.2222809320784087 13.31118232618473
      vertex 58.27713045780024 3.2110744048899007 13.788961155126136
    endloop
  endfacet
  facet normal -0.26084256885256446 -0.34312919014539955 0.9023433454869368
    outer loop
      vertex 56.71416975032261 3.1427798335484085 13.31118232618473
      vertex 57.28916200158977 2.7056778317417676 13.31118232618473
      vertex 57.59473476405076 3.729823176033842 13.788961155126136
    endloop
  endfacet
  facet normal -0.26084256885256474 -0.34312919014539944 0.9023433454869367
    outer loop
      vertex 57.28916200158977 2.7056778317417676 13.31118232618473
      vertex 58.27713045780024 3.2110744048899007 13.788961155126136
      vertex 57.59473476405076 3.729823176033842 13.788961155126136
    endloop
  endfacet
  facet normal -0.29124487854975545 -0.29190540937552045 0.9110256048519427
    outer loop
      vertex 57.773655224576984 2.2222809320784087 13.31118232618473
      vertex 58.8521227090674 2.6373832604002754 13.788961155126136
      vertex 58.27713045780024 3.2110744048899007 13.788961155126136
    endloop
  endfacet
  facet normal -0.3922720666890126 -0.29017076317129986 0.8728823253429504
    outer loop
      vertex 58.8521227090674 2.6373832604002754 13.788961155126136
      vertex 59.3098732410151 2.0185657571044175 13.788961155126136
      vertex 59.81334847423835 3.0073592299159095 14.343925109399589
    endloop
  endfacet
  facet normal -0.3588486400695337 -0.3596624933112803 0.8613190723682829
    outer loop
      vertex 58.27713045780024 3.2110744048899007 13.788961155126136
      vertex 58.8521227090674 2.6373832604002754 13.788961155126136
      vertex 59.15769547152839 3.6615286046923496 14.343925109399589
    endloop
  endfacet
  facet normal -0.35884864006953365 -0.3596624933112804 0.8613190723682831
    outer loop
      vertex 58.8521227090674 2.6373832604002754 13.788961155126136
      vertex 59.81334847423835 3.0073592299159095 14.343925109399589
      vertex 59.15769547152839 3.6615286046923496 14.343925109399589
    endloop
  endfacet
  facet normal 0.051860980040095754 -0.39108412958393646 0.9188926174134036
    outer loop
      vertex 50.62632716245448 3.4177445484647886 12.91876355080387
      vertex 50.61867232948049 3.736932595381437 13.055043203364981
      vertex 50.529079388614896 3.6597003037263254 13.027229348562566
    endloop
  endfacet
  facet normal 0.051860980040102006 -0.39108412958393357 0.9188926174134044
    outer loop
      vertex 50.62632716245448 3.4177445484647886 12.91876355080387
      vertex 51.307236896844636 3.508038793291055 12.91876355080387
      vertex 51.173802130167445 4.18373057847028 13.213871364607465
    endloop
  endfacet
  facet normal 0.05186098004010614 -0.391084129583936 0.9188926174134031
    outer loop
      vertex 50.62632716245448 3.4177445484647886 12.91876355080387
      vertex 51.173802130167445 4.18373057847028 13.213871364607465
      vertex 50.61867232948049 3.736932595381437 13.055043203364981
    endloop
  endfacet
  facet normal 0.017360270856546334 -0.3972998246709229 0.9175246428909912
    outer loop
      vertex 51.307236896844636 3.508038793291055 12.91876355080387
      vertex 52 3.5383095217520104 12.91876355080387
      vertex 52 4.444561864156817 13.31118232618473
    endloop
  endfacet
  facet normal -0.017360270856546334 -0.3972998246709229 0.9175246428909912
    outer loop
      vertex 52 3.5383095217520104 12.91876355080387
      vertex 52.692763103155364 3.508038793291055 12.91876355080387
      vertex 52 4.444561864156817 13.31118232618473
    endloop
  endfacet
  facet normal 0.01736027085654551 -0.39729982467092234 0.9175246428909917
    outer loop
      vertex 51.307236896844636 3.508038793291055 12.91876355080387
      vertex 52 4.444561864156817 13.31118232618473
      vertex 51.173802130167445 4.18373057847028 13.213871364607465
    endloop
  endfacet
  facet normal -0.01736027085654647 -0.397299824670923 0.9175246428909913
    outer loop
      vertex 52 4.444561864156817 13.31118232618473
      vertex 52.692763103155364 3.508038793291055 12.91876355080387
      vertex 52.870197604322264 4.40653802127628 13.31118232618473
    endloop
  endfacet
  facet normal 0.01736027085654688 -0.39729982467092617 0.91752464289099
    outer loop
      vertex 52 4.444561864156817 13.31118232618473
      vertex 51.507921480012456 4.423060177372163 13.31118232618473
      vertex 51.173802130167445 4.18373057847028 13.213871364607465
    endloop
  endfacet
  facet normal -0.05186098004010208 -0.3910841295839341 0.9188926174134042
    outer loop
      vertex 52.692763103155364 3.508038793291055 12.91876355080387
      vertex 53.37367283754552 3.4177445484647886 12.91876355080387
      vertex 52.870197604322264 4.40653802127628 13.31118232618473
    endloop
  endfacet
  facet normal -0.08569581895282936 -0.37867761288268226 0.9215527614387998
    outer loop
      vertex 54.031078648831205 3.268971746836482 12.91876355080387
      vertex 53.72550588637022 4.293117091128556 13.31118232618473
      vertex 53.37367283754552 3.4177445484647886 12.91876355080387
    endloop
  endfacet
  facet normal -0.05186098004010164 -0.39108412958393396 0.9188926174134042
    outer loop
      vertex 53.37367283754552 3.4177445484647886 12.91876355080387
      vertex 53.72550588637022 4.293117091128556 13.31118232618473
      vertex 52.870197604322264 4.40653802127628 13.31118232618473
    endloop
  endfacet
  facet normal 0.021789934862969113 -0.4986752437323732 0.8665149739197389
    outer loop
      vertex 52 4.444561864156817 13.31118232618473
      vertex 51.63737693971655 4.496205254365827 13.350021600837758
      vertex 51.507921480012456 4.423060177372163 13.31118232618473
    endloop
  endfacet
  facet normal 0.02178993486296877 -0.4986752437323749 0.8665149739197379
    outer loop
      vertex 52 4.444561864156817 13.31118232618473
      vertex 52 4.687503181687045 13.450993898261812
      vertex 51.63737693971655 4.496205254365827 13.350021600837758
    endloop
  endfacet
  facet normal -0.021789934862968822 -0.49867524373237426 0.8665149739197384
    outer loop
      vertex 52 4.444561864156817 13.31118232618473
      vertex 52.870197604322264 4.40653802127628 13.31118232618473
      vertex 52.679992793792884 4.994727461931018 13.644899539332435
    endloop
  endfacet
  facet normal -0.02178993486296811 -0.4986752437323749 0.8665149739197379
    outer loop
      vertex 52 4.444561864156817 13.31118232618473
      vertex 52.679992793792884 4.994727461931018 13.644899539332435
      vertex 52 4.687503181687045 13.450993898261812
    endloop
  endfacet
  facet normal -0.06514983910712792 -0.4912955385733689 0.8685529300176351
    outer loop
      vertex 52.870197604322264 4.40653802127628 13.31118232618473
      vertex 53.72550588637022 4.293117091128556 13.31118232618473
      vertex 53.206161418291835 5.206643421160378 13.788961155126136
    endloop
  endfacet
  facet normal -0.021789934862968863 -0.4986752437323742 0.8665149739197382
    outer loop
      vertex 52.870197604322264 4.40653802127628 13.31118232618473
      vertex 53.014590354488625 5.137719238558837 13.735604628661626
      vertex 52.679992793792884 4.994727461931018 13.644899539332435
    endloop
  endfacet
  facet normal -0.06514983910712893 -0.49129553857336916 0.8685529300176347
    outer loop
      vertex 53.72550588637022 4.293117091128556 13.31118232618473
      vertex 54.047815051078516 5.095033210086186 13.788961155126136
      vertex 53.206161418291835 5.206643421160378 13.788961155126136
    endloop
  endfacet
  facet normal -0.06514983910712811 -0.4912955385733686 0.868552930017635
    outer loop
      vertex 52.870197604322264 4.40653802127628 13.31118232618473
      vertex 53.206161418291835 5.206643421160378 13.788961155126136
      vertex 53.014590354488625 5.137719238558837 13.735604628661626
    endloop
  endfacet
  facet normal -0.07844311560027638 -0.591540259413991 0.8024504963593393
    outer loop
      vertex 54.047815051078516 5.095033210086186 13.788961155126136
      vertex 54.19612781263271 5.464128661724471 14.075544483759591
      vertex 53.206161418291835 5.206643421160378 13.788961155126136
    endloop
  endfacet
  facet normal -0.08569581895282906 -0.37867761288268215 0.9215527614387998
    outer loop
      vertex 54.031078648831205 3.268971746836482 12.91876355080387
      vertex 54.55129028430177 4.106239737274693 13.31118232618473
      vertex 53.72550588637022 4.293117091128556 13.31118232618473
    endloop
  endfacet
  facet normal -0.1184006856729184 -0.3601392594039873 0.9253545220444597
    outer loop
      vertex 54.65373214131401 3.0642659322896084 12.91876355080387
      vertex 55.333421398117615 3.849103483051325 13.31118232618473
      vertex 54.55129028430177 4.106239737274693 13.31118232618473
    endloop
  endfacet
  facet normal -0.1493502672386035 -0.45427857389005705 0.8782513734576074
    outer loop
      vertex 54.55129028430177 4.106239737274693 13.31118232618473
      vertex 55.333421398117615 3.849103483051325 13.31118232618473
      vertex 55.027848635656625 4.873248827343399 13.788961155126136
    endloop
  endfacet
  facet normal -0.1891325239315537 -0.4245852378351462 0.8854130472292311
    outer loop
      vertex 55.333421398117615 3.849103483051325 13.31118232618473
      vertex 56.05851674761265 3.5261080010598502 13.31118232618473
      vertex 55.95607489060041 4.568081806044935 13.788961155126136
    endloop
  endfacet
  facet normal -0.22653913549666732 -0.3874775636342332 0.8936113012761764
    outer loop
      vertex 56.05851674761265 3.5261080010598502 13.31118232618473
      vertex 56.71416975032261 3.1427798335484085 13.31118232618473
      vertex 56.81661160733485 4.184753638533494 13.788961155126136
    endloop
  endfacet
  facet normal -0.18913252393155291 -0.4245852378351462 0.8854130472292312
    outer loop
      vertex 56.05851674761265 3.5261080010598502 13.31118232618473
      vertex 56.81661160733485 4.184753638533494 13.788961155126136
      vertex 55.95607489060041 4.568081806044935 13.788961155126136
    endloop
  endfacet
  facet normal -0.10783541319146756 -0.4765093250820093 0.8725310233863971
    outer loop
      vertex 53.72550588637022 4.293117091128556 13.31118232618473
      vertex 54.55129028430177 4.106239737274693 13.31118232618473
      vertex 54.047815051078516 5.095033210086186 13.788961155126136
    endloop
  endfacet
  facet normal -0.10783541319146721 -0.47650932508200916 0.8725310233863972
    outer loop
      vertex 54.047815051078516 5.095033210086186 13.788961155126136
      vertex 54.55129028430177 4.106239737274693 13.31118232618473
      vertex 55.027848635656625 4.873248827343399 13.788961155126136
    endloop
  endfacet
  facet normal -0.14935026723860384 -0.45427857389005716 0.8782513734576073
    outer loop
      vertex 55.027848635656625 4.873248827343399 13.788961155126136
      vertex 55.333421398117615 3.849103483051325 13.31118232618473
      vertex 55.95607489060041 4.568081806044935 13.788961155126136
    endloop
  endfacet
  facet normal -0.22653913549666652 -0.3874775636342334 0.8936113012761765
    outer loop
      vertex 56.71416975032261 3.1427798335484085 13.31118232618473
      vertex 57.59473476405076 3.729823176033842 13.788961155126136
      vertex 56.81661160733485 4.184753638533494 13.788961155126136
    endloop
  endfacet
  facet normal -0.13010720341402587 -0.5749251924972535 0.8077952331202365
    outer loop
      vertex 54.047815051078516 5.095033210086186 13.788961155126136
      vertex 55.027848635656625 4.873248827343399 13.788961155126136
      vertex 55.11538717290876 5.63318742151956 14.343925109399589
    endloop
  endfacet
  facet normal -0.2297576276479754 -0.5157848843314677 0.8253347112734013
    outer loop
      vertex 55.95607489060041 4.568081806044935 13.788961155126136
      vertex 56.81661160733485 4.184753638533494 13.788961155126136
      vertex 56.511038844873866 5.208898982825568 14.343925109399589
    endloop
  endfacet
  facet normal -0.18073891886979074 -0.5497534074005104 0.8155394743709882
    outer loop
      vertex 55.027848635656625 4.873248827343399 13.788961155126136
      vertex 55.95607489060041 4.568081806044935 13.788961155126136
      vertex 55.452599657377164 5.5568752788564275 14.343925109399589
    endloop
  endfacet
  facet normal -0.1807389188697907 -0.5497534074005105 0.8155394743709882
    outer loop
      vertex 55.95607489060041 4.568081806044935 13.788961155126136
      vertex 56.511038844873866 5.208898982825568 14.343925109399589
      vertex 55.452599657377164 5.5568752788564275 14.343925109399589
    endloop
  endfacet
  facet normal -0.31982150409459953 -0.4207138971748569 0.8489487748048241
    outer loop
      vertex 57.59473476405076 3.729823176033842 13.788961155126136
      vertex 58.27713045780024 3.2110744048899007 13.788961155126136
      vertex 58.37957231481248 4.253048209874986 14.343925109399589
    endloop
  endfacet
  facet normal -0.27642505320944016 -0.47280354412155556 0.8366875155183412
    outer loop
      vertex 56.81661160733485 4.184753638533494 13.788961155126136
      vertex 57.59473476405076 3.729823176033842 13.788961155126136
      vertex 57.492292907038525 4.771796981018927 14.343925109399589
    endloop
  endfacet
  facet normal -0.27642505320944155 -0.4728035441215555 0.8366875155183409
    outer loop
      vertex 57.59473476405076 3.729823176033842 13.788961155126136
      vertex 58.37957231481248 4.253048209874986 14.343925109399589
      vertex 57.492292907038525 4.771796981018927 14.343925109399589
    endloop
  endfacet
  facet normal -0.31982150409459786 -0.42071389717485735 0.8489487748048246
    outer loop
      vertex 58.27713045780024 3.2110744048899007 13.788961155126136
      vertex 59.15769547152839 3.6615286046923496 14.343925109399589
      vertex 58.37957231481248 4.253048209874986 14.343925109399589
    endloop
  endfacet
  facet normal -0.38127096150943124 -0.5015484888995846 0.7765832648159611
    outer loop
      vertex 58.37957231481248 4.253048209874986 14.343925109399589
      vertex 59.15769547152839 3.6615286046923496 14.343925109399589
      vertex 59.055253614516154 4.703502409677435 14.966578601882388
    endloop
  endfacet
  facet normal -0.22975762764797591 -0.5157848843314677 0.8253347112734012
    outer loop
      vertex 56.81661160733485 4.184753638533494 13.788961155126136
      vertex 57.492292907038525 4.771796981018927 14.343925109399589
      vertex 56.511038844873866 5.208898982825568 14.343925109399589
    endloop
  endfacet
  facet normal -0.3275641499413971 -0.5602729898078838 0.7607863724889563
    outer loop
      vertex 57.492292907038525 4.771796981018927 14.343925109399589
      vertex 58.37957231481248 4.253048209874986 14.343925109399589
      vertex 58.073999552351495 5.27719355416706 14.966578601882388
    endloop
  endfacet
  facet normal -0.2707919836046748 -0.6079032647195614 0.7464082812769057
    outer loop
      vertex 56.511038844873866 5.208898982825568 14.343925109399589
      vertex 57.492292907038525 4.771796981018927 14.343925109399589
      vertex 57.16761742515747 5.657770255500879 14.947705291841446
    endloop
  endfacet
  facet normal -0.07844311560455276 -0.5915402594127839 0.8024504963598109
    outer loop
      vertex 54.047815051078516 5.095033210086186 13.788961155126136
      vertex 54.19616729329473 5.464138613664623 14.075555679415192
      vertex 54.19612781263271 5.464128661724471 14.075544483759591
    endloop
  endfacet
  facet normal -0.1301072034140264 -0.574925192497253 0.8077952331202368
    outer loop
      vertex 54.047815051078516 5.095033210086186 13.788961155126136
      vertex 55.11538717290876 5.63318742151956 14.343925109399589
      vertex 54.19616729329473 5.464138613664623 14.075555679415192
    endloop
  endfacet
  facet normal -0.13010720341402565 -0.5749251924972536 0.8077952331202364
    outer loop
      vertex 55.027848635656625 4.873248827343399 13.788961155126136
      vertex 55.452599657377164 5.5568752788564275 14.343925109399589
      vertex 55.11538717290876 5.63318742151956 14.343925109399589
    endloop
  endfacet
  facet normal -0.15210483963193688 -0.6721296124310375 0.7246419128465079
    outer loop
      vertex 55.452599657377164 5.5568752788564275 14.343925109399589
      vertex 55.32932231332813 5.6545018765419535 14.40860070404523
      vertex 55.11538717290876 5.63318742151956 14.343925109399589
    endloop
  endfacet
  facet normal -0.15210483963193855 -0.6721296124310387 0.7246419128465066
    outer loop
      vertex 55.452599657377164 5.5568752788564275 14.343925109399589
      vertex 55.52334037810738 5.670730750455719 14.464378589158205
      vertex 55.32932231332813 5.6545018765419535 14.40860070404523
    endloop
  endfacet
  facet normal -0.21204744109118248 -0.6449845113570691 0.7341872123894316
    outer loop
      vertex 55.452599657377164 5.5568752788564275 14.343925109399589
      vertex 56.3733584951964 5.680699016290746 14.718637367475823
      vertex 55.52334037810738 5.670730750455719 14.464378589158205
    endloop
  endfacet
  facet normal -0.2120474410911828 -0.6449845113570682 0.7341872123894321
    outer loop
      vertex 55.452599657377164 5.5568752788564275 14.343925109399589
      vertex 56.511038844873866 5.208898982825568 14.343925109399589
      vertex 56.3733584951964 5.680699016290746 14.718637367475823
    endloop
  endfacet
  facet normal -0.38127096150943335 -0.5015484888995844 0.7765832648159602
    outer loop
      vertex 59.15769547152839 3.6615286046923496 14.343925109399589
      vertex 59.91579033125059 4.049333034900995 14.966578601882388
      vertex 59.055253614516154 4.703502409677435 14.966578601882388
    endloop
  endfacet
  facet normal -0.27079198360467305 -0.6079032647195625 0.7464082812769054
    outer loop
      vertex 57.492292907038525 4.771796981018927 14.343925109399589
      vertex 58.073999552351495 5.27719355416706 14.966578601882388
      vertex 57.23081196949482 5.652793507916149 14.966578601882388
    endloop
  endfacet
  facet normal -0.3275641499413965 -0.5602729898078838 0.7607863724889566
    outer loop
      vertex 58.37957231481248 4.253048209874986 14.343925109399589
      vertex 59.055253614516154 4.703502409677435 14.966578601882388
      vertex 58.073999552351495 5.27719355416706 14.966578601882388
    endloop
  endfacet
  facet normal -0.3785214750793134 -0.6474315293267564 0.6614785769300456
    outer loop
      vertex 58.073999552351495 5.27719355416706 14.966578601882388
      vertex 59.055253614516154 4.703502409677435 14.966578601882388
      vertex 59.33289639609538 5.23561447328799 15.646267858685993
    endloop
  endfacet
  facet normal -0.37852147507931294 -0.6474315293267565 0.6614785769300456
    outer loop
      vertex 59.055253614516154 4.703502409677435 14.966578601882388
      vertex 59.6102175687896 5.073478379193069 15.646267858685993
      vertex 59.33289639609538 5.23561447328799 15.646267858685993
    endloop
  endfacet
  facet normal -0.21204744109118115 -0.6449845113570682 0.7341872123894327
    outer loop
      vertex 56.511038844873866 5.208898982825568 14.343925109399589
      vertex 56.916867232586455 5.677509240606882 14.872810961285877
      vertex 56.3733584951964 5.680699016290746 14.718637367475823
    endloop
  endfacet
  facet normal -0.2707919836046666 -0.6079032647195689 0.7464082812769026
    outer loop
      vertex 56.511038844873866 5.208898982825568 14.343925109399589
      vertex 57.16761742515747 5.657770255500879 14.947705291841446
      vertex 56.916867232586455 5.677509240606882 14.872810961285877
    endloop
  endfacet
  facet normal -0.27079198360469753 -0.607903264719563 0.7464082812768961
    outer loop
      vertex 57.492292907038525 4.771796981018927 14.343925109399589
      vertex 57.23081196949482 5.652793507916149 14.966578601882388
      vertex 57.16761742515747 5.657770255500879 14.947705291841446
    endloop
  endfacet
  facet normal -0.31097154656319254 -0.6981027129172146 0.6449413147300467
    outer loop
      vertex 58.073999552351495 5.27719355416706 14.966578601882388
      vertex 58.31319528368166 5.485010851596915 15.306858997350338
      vertex 57.23081196949482 5.652793507916149 14.966578601882388
    endloop
  endfacet
  facet normal -0.37852147507931316 -0.6474315293267565 0.6614785769300454
    outer loop
      vertex 58.073999552351495 5.27719355416706 14.966578601882388
      vertex 59.33289639609538 5.23561447328799 15.646267858685993
      vertex 58.31319528368166 5.485010851596915 15.306858997350338
    endloop
  endfacet
  facet normal -0.35798283366503686 -0.03519515182022794 0.9330646237477347
    outer loop
      vertex 58.66684279623523 0 13.31118232618473
      vertex 59.912149781200824 0 13.788961155126136
      vertex 59.844460242991474 0.6884951888099053 13.788961155126136
    endloop
  endfacet
  facet normal -0.44678195005478144 -0.04392545419490645 0.8935639001095658
    outer loop
      vertex 59.912149781200824 0 13.788961155126136
      vertex 61.02207768974773 0 14.343925109399589
      vertex 60.94489256441568 0.7850782978375006 14.343925109399589
    endloop
  endfacet
  facet normal -0.4467819500547829 -0.04392545419490413 0.8935639001095651
    outer loop
      vertex 59.912149781200824 0 13.788961155126136
      vertex 60.94489256441568 0.7850782978375006 14.343925109399589
      vertex 59.844460242991474 0.6884951888099053 13.788961155126136
    endloop
  endfacet
  facet normal -0.5451531425959281 -0.0535968370955242 0.8366214377907963
    outer loop
      vertex 61.02207768974773 0 14.343925109399589
      vertex 61.89227529406999 0.8682284995242702 14.966578601882388
      vertex 60.94489256441568 0.7850782978375006 14.343925109399589
    endloop
  endfacet
  facet normal -0.4372903291464932 -0.1304736819041361 0.8898054767000088
    outer loop
      vertex 59.844460242991474 0.6884951888099053 13.788961155126136
      vertex 60.714657847313745 1.5567236883341757 14.343925109399589
      vertex 59.64254981512928 1.365210034052344 13.788961155126136
    endloop
  endfacet
  facet normal -0.43729032914649374 -0.1304736819041355 0.8898054767000088
    outer loop
      vertex 59.844460242991474 0.6884951888099053 13.788961155126136
      vertex 60.94489256441568 0.7850782978375006 14.343925109399589
      vertex 60.714657847313745 1.5567236883341757 14.343925109399589
    endloop
  endfacet
  facet normal -0.4188134770746304 -0.2132520276935435 0.8826770893737133
    outer loop
      vertex 59.64254981512928 1.365210034052344 13.788961155126136
      vertex 60.714657847313745 1.5567236883341757 14.343925109399589
      vertex 60.33531291828464 2.301733104918107 14.343925109399589
    endloop
  endfacet
  facet normal -0.5324802821287387 -0.15887537025181986 0.8313984399019799
    outer loop
      vertex 60.94489256441568 0.7850782978375006 14.343925109399589
      vertex 61.637655667571046 1.7216013687032632 14.966578601882388
      vertex 60.714657847313745 1.5567236883341757 14.343925109399589
    endloop
  endfacet
  facet normal -0.41881347707463 -0.21325202769354384 0.8826770893737134
    outer loop
      vertex 59.64254981512928 1.365210034052344 13.788961155126136
      vertex 60.33531291828464 2.301733104918107 14.343925109399589
      vertex 59.3098732410151 2.0185657571044175 13.788961155126136
    endloop
  endfacet
  facet normal -0.3922720666890123 -0.29017076317130003 0.8728823253429505
    outer loop
      vertex 59.3098732410151 2.0185657571044175 13.788961155126136
      vertex 60.33531291828464 2.301733104918107 14.343925109399589
      vertex 59.81334847423835 3.0073592299159095 14.343925109399589
    endloop
  endfacet
  facet normal -0.5080282509074744 -0.25867853009018116 0.8215794023405624
    outer loop
      vertex 60.714657847313745 1.5567236883341757 14.343925109399589
      vertex 61.218133080536994 2.5455171611456677 14.966578601882388
      vertex 60.33531291828464 2.301733104918107 14.343925109399589
    endloop
  endfacet
  facet normal -0.4733768732232001 -0.35016545972853297 0.8082688208204815
    outer loop
      vertex 59.81334847423835 3.0073592299159095 14.343925109399589
      vertex 60.33531291828464 2.301733104918107 14.343925109399589
      vertex 60.640885680745626 3.325878449210181 14.966578601882388
    endloop
  endfacet
  facet normal -0.5451531425959307 -0.05359683709552043 0.836621437790795
    outer loop
      vertex 61.02207768974773 0 14.343925109399589
      vertex 61.97763534763054 0 14.966578601882388
      vertex 61.89227529406999 0.8682284995242702 14.966578601882388
    endloop
  endfacet
  facet normal -0.5324802821287377 -0.15887537025182083 0.8313984399019803
    outer loop
      vertex 60.94489256441568 0.7850782978375006 14.343925109399589
      vertex 61.89227529406999 0.8682284995242702 14.966578601882388
      vertex 61.637655667571046 1.7216013687032632 14.966578601882388
    endloop
  endfacet
  facet normal -0.6363900366205565 -0.18987877314153045 0.7476321106000958
    outer loop
      vertex 61.89227529406999 0.8682284995242702 14.966578601882388
      vertex 62.395750527293245 1.8570219723357622 15.646267858685993
      vertex 61.637655667571046 1.7216013687032632 14.966578601882388
    endloop
  endfacet
  facet normal -0.6533019114280647 -0.0642295043082164 0.7543680688501854
    outer loop
      vertex 61.97763534763054 0 14.966578601882388
      vertex 62.76247289839226 0 15.646267858685993
      vertex 62.6703984507859 0.9365230708657624 15.646267858685993
    endloop
  endfacet
  facet normal -0.6533019114280659 -0.06422950430821485 0.7543680688501845
    outer loop
      vertex 61.97763534763054 0 14.966578601882388
      vertex 62.6703984507859 0.9365230708657624 15.646267858685993
      vertex 61.89227529406999 0.8682284995242702 14.966578601882388
    endloop
  endfacet
  facet normal -0.6363900366205544 -0.18987877314153245 0.7476321106000972
    outer loop
      vertex 61.89227529406999 0.8682284995242702 14.966578601882388
      vertex 62.6703984507859 0.9365230708657624 15.646267858685993
      vertex 62.395750527293245 1.8570219723357622 15.646267858685993
    endloop
  endfacet
  facet normal -0.7678785447436551 -0.0754941282660402 0.6361314149762746
    outer loop
      vertex 62.76247289839226 0 15.646267858685993
      vertex 63.36316155394127 0 16.37136320818103
      vertex 62.6703984507859 0.9365230708657624 15.646267858685993
    endloop
  endfacet
  facet normal -0.7678785447436517 -0.07549412826603394 0.6361314149762793
    outer loop
      vertex 62.6703984507859 0.9365230708657624 15.646267858685993
      vertex 63.36316155394127 0 16.37136320818103
      vertex 63.26594813161552 0.988793472811492 16.37136320818103
    endloop
  endfacet
  facet normal -0.7454766494161178 -0.22242678774242294 0.6283238729110217
    outer loop
      vertex 62.6703984507859 0.9365230708657624 15.646267858685993
      vertex 63.26594813161552 0.988793472811492 16.37136320818103
      vertex 62.395750527293245 1.8570219723357622 15.646267858685993
    endloop
  endfacet
  facet normal -0.7454766494161188 -0.2224267877424258 0.6283238729110195
    outer loop
      vertex 62.395750527293245 1.8570219723357622 15.646267858685993
      vertex 63.26594813161552 0.988793472811492 16.37136320818103
      vertex 62.97597121324689 1.9606684151578364 16.37136320818103
    endloop
  endfacet
  facet normal -0.5080282509074739 -0.25867853009018127 0.8215794023405624
    outer loop
      vertex 60.714657847313745 1.5567236883341757 14.343925109399589
      vertex 61.637655667571046 1.7216013687032632 14.966578601882388
      vertex 61.218133080536994 2.5455171611456677 14.966578601882388
    endloop
  endfacet
  facet normal -0.6041356184283365 -0.3076146129098345 0.7351145519376855
    outer loop
      vertex 61.637655667571046 1.7216013687032632 14.966578601882388
      vertex 62.395750527293245 1.8570219723357622 15.646267858685993
      vertex 61.943228430032036 2.7457467129953375 15.646267858685993
    endloop
  endfacet
  facet normal -0.6041356184283333 -0.30761461290983644 0.7351145519376872
    outer loop
      vertex 61.218133080536994 2.5455171611456677 14.966578601882388
      vertex 61.637655667571046 1.7216013687032632 14.966578601882388
      vertex 61.943228430032036 2.7457467129953375 15.646267858685993
    endloop
  endfacet
  facet normal -0.4733768732232003 -0.3501654597285329 0.8082688208204813
    outer loop
      vertex 60.33531291828464 2.301733104918107 14.343925109399589
      vertex 61.218133080536994 2.5455171611456677 14.966578601882388
      vertex 60.640885680745626 3.325878449210181 14.966578601882388
    endloop
  endfacet
  facet normal -0.43046606383497443 -0.43144234230560113 0.7928155353878228
    outer loop
      vertex 59.81334847423835 3.0073592299159095 14.343925109399589
      vertex 60.640885680745626 3.325878449210181 14.966578601882388
      vertex 59.91579033125059 4.049333034900995 14.966578601882388
    endloop
  endfacet
  facet normal -0.5592195426933165 -0.4136648394397932 0.718439213629885
    outer loop
      vertex 61.218133080536994 2.5455171611456677 14.966578601882388
      vertex 61.943228430032036 2.7457467129953375 15.646267858685993
      vertex 61.32057493754923 3.587490966130753 15.646267858685993
    endloop
  endfacet
  facet normal -0.5592195426933191 -0.4136648394397922 0.7184392136298839
    outer loop
      vertex 60.640885680745626 3.325878449210181 14.966578601882388
      vertex 61.218133080536994 2.5455171611456677 14.966578601882388
      vertex 61.32057493754923 3.587490966130753 15.646267858685993
    endloop
  endfacet
  facet normal -0.6459379957576376 -0.477812052161564 0.5953652227379097
    outer loop
      vertex 61.943228430032036 2.7457467129953375 15.646267858685993
      vertex 62.49819238430548 2.898995777320848 16.37136320818103
      vertex 61.32057493754923 3.587490966130753 15.646267858685993
    endloop
  endfacet
  facet normal -0.6459379957576372 -0.4778120521615566 0.5953652227379163
    outer loop
      vertex 61.32057493754923 3.587490966130753 15.646267858685993
      vertex 62.49819238430548 2.898995777320848 16.37136320818103
      vertex 61.8407865730198 3.7877205179804228 16.37136320818103
    endloop
  endfacet
  facet normal -0.7033601014548491 -0.3581378729301337 0.6140210351889452
    outer loop
      vertex 61.943228430032036 2.7457467129953375 15.646267858685993
      vertex 62.395750527293245 1.8570219723357622 15.646267858685993
      vertex 62.97597121324689 1.9606684151578364 16.37136320818103
    endloop
  endfacet
  facet normal -0.7033601014548503 -0.3581378729301399 0.6140210351889401
    outer loop
      vertex 61.943228430032036 2.7457467129953375 15.646267858685993
      vertex 62.97597121324689 1.9606684151578364 16.37136320818103
      vertex 62.49819238430548 2.898995777320848 16.37136320818103
    endloop
  endfacet
  facet normal -0.43046606383497343 -0.43144234230560147 0.7928155353878233
    outer loop
      vertex 59.81334847423835 3.0073592299159095 14.343925109399589
      vertex 59.91579033125059 4.049333034900995 14.966578601882388
      vertex 59.15769547152839 3.6615286046923496 14.343925109399589
    endloop
  endfacet
  facet normal -0.5047603687522609 -0.5059051435027911 0.6994833492760937
    outer loop
      vertex 59.91579033125059 4.049333034900995 14.966578601882388
      vertex 60.640885680745626 3.325878449210181 14.966578601882388
      vertex 60.53844382373339 4.367852254195266 15.646267858685993
    endloop
  endfacet
  facet normal -0.5047603687522594 -0.5059051435027916 0.6994833492760946
    outer loop
      vertex 60.640885680745626 3.325878449210181 14.966578601882388
      vertex 61.32057493754923 3.587490966130753 15.646267858685993
      vertex 60.53844382373339 4.367852254195266 15.646267858685993
    endloop
  endfacet
  facet normal -0.4437157658146275 -0.5836924243173502 0.680014318203722
    outer loop
      vertex 59.055253614516154 4.703502409677435 14.966578601882388
      vertex 59.91579033125059 4.049333034900995 14.966578601882388
      vertex 59.6102175687896 5.073478379193069 15.646267858685993
    endloop
  endfacet
  facet normal -0.44371576581462646 -0.5836924243173505 0.6800143182037227
    outer loop
      vertex 59.91579033125059 4.049333034900995 14.966578601882388
      vertex 60.53844382373339 4.367852254195266 15.646267858685993
      vertex 59.6102175687896 5.073478379193069 15.646267858685993
    endloop
  endfacet
  facet normal -0.5780260116913731 -0.5793369497608012 0.5746778475372225
    outer loop
      vertex 61.32057493754923 3.587490966130753 15.646267858685993
      vertex 61.8407865730198 3.7877205179804228 16.37136320818103
      vertex 61.26361697030714 4.363584086950498 16.37136320818103
    endloop
  endfacet
  facet normal -0.5780260116913745 -0.5793369497608007 0.574677847537222
    outer loop
      vertex 60.53844382373339 4.367852254195266 15.646267858685993
      vertex 61.32057493754923 3.587490966130753 15.646267858685993
      vertex 61.26361697030714 4.363584086950498 16.37136320818103
    endloop
  endfacet
  facet normal -0.5038334017941893 -0.6627750519646153 0.5539685313533582
    outer loop
      vertex 59.6102175687896 5.073478379193069 15.646267858685993
      vertex 60.53844382373339 4.367852254195266 15.646267858685993
      vertex 60.92474033729104 4.565462747671911 16.23402758361888
    endloop
  endfacet
  facet normal -0.42650117848553226 -0.7294970785704918 0.5347249359320827
    outer loop
      vertex 59.6102175687896 5.073478379193069 15.646267858685993
      vertex 59.68175599443031 5.121170662953542 15.768391590212659
      vertex 59.33289639609538 5.23561447328799 15.646267858685993
    endloop
  endfacet
  facet normal -0.5038334017941895 -0.6627750519646137 0.5539685313533598
    outer loop
      vertex 59.6102175687896 5.073478379193069 15.646267858685993
      vertex 60.92474033729104 4.565462747671911 16.23402758361888
      vertex 59.68175599443031 5.121170662953542 15.768391590212659
    endloop
  endfacet
  facet normal -0.5780260116913731 -0.5793369497608035 0.5746778475372207
    outer loop
      vertex 60.53844382373339 4.367852254195266 15.646267858685993
      vertex 61.26361697030714 4.363584086950498 16.37136320818103
      vertex 60.92474033729104 4.565462747671911 16.23402758361888
    endloop
  endfacet
  facet normal -0.87812154290303 -0.08633269004178284 0.47058391655447723
    outer loop
      vertex 63.36316155394127 0 16.37136320818103
      vertex 63.769423364838765 0 17.12945806790323
      vertex 63.26594813161552 0.988793472811492 16.37136320818103
    endloop
  endfacet
  facet normal -0.8781215429030335 -0.08633269004179035 0.4705839165544697
    outer loop
      vertex 63.26594813161552 0.988793472811492 16.37136320818103
      vertex 63.769423364838765 0 17.12945806790323
      vertex 63.66873431640225 1.0241453442920738 17.12945806790323
    endloop
  endfacet
  facet normal -0.8493210886380289 -0.2534107026096908 0.46307310891216347
    outer loop
      vertex 62.97597121324689 1.9606684151578364 16.37136320818103
      vertex 63.26594813161552 0.988793472811492 16.37136320818103
      vertex 63.66873431640225 1.0241453442920738 17.12945806790323
    endloop
  endfacet
  facet normal -0.8493210886380264 -0.2534107026096807 0.46307310891217357
    outer loop
      vertex 62.97597121324689 1.9606684151578364 16.37136320818103
      vertex 63.66873431640225 1.0241453442920738 17.12945806790323
      vertex 63.368389988627754 2.0307672777965773 17.12945806790323
    endloop
  endfacet
  facet normal -0.9626982976029234 -0.09464787010684933 0.25348327060512327
    outer loop
      vertex 63.769423364838765 0 17.12945806790323
      vertex 63.840698382531265 0 17.400151822289406
      vertex 63.66873431640225 1.0241453442920738 17.12945806790323
    endloop
  endfacet
  facet normal -0.9626982976029214 -0.0946478701068467 0.2534832706051319
    outer loop
      vertex 63.66873431640225 1.0241453442920738 17.12945806790323
      vertex 63.840698382531265 0 17.400151822289406
      vertex 63.725611903558274 1.029137395229297 17.34733612819373
    endloop
  endfacet
  facet normal -0.9281614424066043 -0.27693418472942233 0.2486439103576474
    outer loop
      vertex 63.66873431640225 1.0241453442920738 17.12945806790323
      vertex 63.725611903558274 1.029137395229297 17.34733612819373
      vertex 63.477529761565236 1.793638241708212 17.27275613917927
    endloop
  endfacet
  facet normal -0.9281614424066132 -0.2769341847294191 0.24864391035761793
    outer loop
      vertex 63.66873431640225 1.0241453442920738 17.12945806790323
      vertex 63.477529761565236 1.793638241708212 17.27275613917927
      vertex 63.368389988627754 2.0307672777965773 17.12945806790323
    endloop
  endfacet
  facet normal -0.7960171210930933 -0.4053171028248238 0.4495272951494212
    outer loop
      vertex 62.49819238430548 2.898995777320848 16.37136320818103
      vertex 62.97597121324689 1.9606684151578364 16.37136320818103
      vertex 63.368389988627754 2.0307672777965773 17.12945806790323
    endloop
  endfacet
  facet normal -0.7960171210930934 -0.40531710282482536 0.44952729514941947
    outer loop
      vertex 62.49819238430548 2.898995777320848 16.37136320818103
      vertex 63.368389988627754 2.0307672777965773 17.12945806790323
      vertex 63.12820682812169 2.502471794158197 17.12945806790323
    endloop
  endfacet
  facet normal -0.7249642804630955 -0.5362692284196727 0.43225236460058264
    outer loop
      vertex 61.8407865730198 3.7877205179804228 16.37136320818103
      vertex 62.49819238430548 2.898995777320848 16.37136320818103
      vertex 62.8132363833351 2.98599277541573 17.007680049080328
    endloop
  endfacet
  facet normal -0.7960171210930943 -0.40531710282482 0.449527295149423
    outer loop
      vertex 62.49819238430548 2.898995777320848 16.37136320818103
      vertex 63.12820682812169 2.502471794158197 17.12945806790323
      vertex 62.8132363833351 2.98599277541573 17.007680049080328
    endloop
  endfacet
  facet normal -0.7249642804630826 -0.5362692284197833 0.43225236460046695
    outer loop
      vertex 61.8407865730198 3.7877205179804228 16.37136320818103
      vertex 62.52270832650876 3.2999191082558155 16.90988201524484
      vertex 62.48982375398919 3.335004383382067 16.898256891947295
    endloop
  endfacet
  facet normal -0.7249642804630957 -0.5362692284196763 0.4322523646005779
    outer loop
      vertex 61.8407865730198 3.7877205179804228 16.37136320818103
      vertex 62.8132363833351 2.98599277541573 17.007680049080328
      vertex 62.52270832650876 3.2999191082558155 16.90988201524484
    endloop
  endfacet
  facet normal -0.9281614424066054 -0.27693418472935305 0.24864391035772104
    outer loop
      vertex 63.368389988627754 2.0307672777965773 17.12945806790323
      vertex 63.477529761565236 1.793638241708212 17.27275613917927
      vertex 63.433098304378795 1.9300426837870268 17.258822508450685
    endloop
  endfacet
  facet normal -0.9281614424065936 -0.2769341847295025 0.24864391035759886
    outer loop
      vertex 63.368389988627754 2.0307672777965773 17.12945806790323
      vertex 63.433098304378795 1.9300426837870268 17.258822508450685
      vertex 63.3962957428366 2.0357521606662057 17.239179353705733
    endloop
  endfacet
  facet normal -0.8650786854127903 -0.4404819660229579 0.2400302182081004
    outer loop
      vertex 63.368389988627754 2.0307672777965773 17.12945806790323
      vertex 63.3962957428366 2.0357521606662057 17.239179353705733
      vertex 63.12820682812169 2.502471794158197 17.12945806790323
    endloop
  endfacet
  facet normal -0.7249642804630976 -0.5362692284196754 0.43225236460057603
    outer loop
      vertex 61.8407865730198 3.7877205179804228 16.37136320818103
      vertex 62.48982375398919 3.335004383382067 16.898256891947295
      vertex 62 3.828976864026114 16.689576751140375
    endloop
  endfacet
  facet normal -0.7249642804631168 -0.5362692284196449 0.43225236460058153
    outer loop
      vertex 61.8407865730198 3.7877205179804228 16.37136320818103
      vertex 62 3.828976864026114 16.689576751140375
      vertex 61.9851545345224 3.8432877722710126 16.682432932555404
    endloop
  endfacet
  facet normal -0.643067598671568 -0.6445260482556058 0.4135822006068392
    outer loop
      vertex 61.8407865730198 3.7877205179804228 16.37136320818103
      vertex 61.9851545345224 3.8432877722710126 16.682432932555404
      vertex 61.26361697030714 4.363584086950498 16.37136320818103
    endloop
  endfacet
endsolid OpenSCAD_Model
